iteration_id,solution_id,agv_count,running_times_seconds,energy_consumptions_joules,max_running_time_seconds,total_energy_consumption_joules
1,1,5,"[1053,1072,1046,930,917]","[3096000,3195000,3079000,2751000,2678000]",1072,14799000
1,2,5,"[1026,1020,1109,850,968]","[3016000,3036000,3250000,2408000,2780000]",1109,14490000
1,3,5,"[963,1014,1045,1048,1041]","[2790000,3025000,3183000,2985000,3096000]",1048,15079000
1,4,5,"[954,1014,1041,1057,1050]","[2765000,3043000,3160000,3046000,3142000]",1057,15156000
1,5,5,"[976,990,1120,937,966]","[2714000,2959000,3300000,2770000,2783000]",1120,14526000
1,6,5,"[1021,1016,1101,927,1011]","[3004000,3042000,3242000,2745000,2901000]",1101,14934000
1,7,5,"[954,1015,1051,1056,1043]","[2769000,3027000,3192000,3046000,3133000]",1056,15167000
1,8,5,"[1044,1069,1077,937,956]","[3058000,3185000,3174000,2766000,2774000]",1077,14957000
1,9,5,"[977,987,1119,930,968]","[2716000,2958000,3298000,2750000,2805000]",1119,14527000
1,10,5,"[992,987,1112,962,994]","[2845000,2967000,3253000,2763000,2908000]",1112,14736000
1,11,5,"[1024,966,1103,930,1046]","[3009000,2917000,3239000,2731000,3008000]",1103,14904000
1,12,5,"[1065,1020,1084,912,985]","[3123000,3057000,3183000,2697000,2875000]",1084,14935000
1,13,5,"[995,1009,1112,965,974]","[2851000,3032000,3253000,2778000,2859000]",1112,14773000
1,14,5,"[972,1006,1125,924,1009]","[2784000,3023000,3312000,2642000,2938000]",1125,14699000
1,15,5,"[1044,1066,1084,913,977]","[3066000,3174000,3189000,2692000,2846000]",1084,14967000
1,16,5,"[1003,1037,1134,922,961]","[2841000,3072000,3321000,2729000,2724000]",1134,14687000
1,17,5,"[962,1020,1061,1048,1048]","[2768000,3042000,3228000,3002000,3149000]",1061,15189000
1,18,5,"[1088,1069,1025,936,956]","[3192000,3185000,3028000,2760000,2783000]",1088,14948000
1,19,5,"[972,1011,1119,916,1013]","[2782000,3029000,3310000,2634000,2944000]",1119,14699000
1,20,5,"[1024,1065,1053,926,1060]","[3007000,3176000,3127000,2735000,3199000]",1065,15244000
1,21,5,"[1142,974,1130,952,915]","[3197000,2904000,3324000,2770000,2670000]",1142,14865000
1,22,5,"[1138,1017,1117,974,918]","[3313000,3020000,3283000,2863000,2683000]",1138,15162000
1,23,5,"[1028,1016,1109,847,1031]","[2958000,3040000,3241000,2408000,2995000]",1109,14642000
1,24,5,"[1070,1143,1108,925,1003]","[3075000,3344000,3247000,2730000,2892000]",1143,15288000
1,25,5,"[1001,1050,1100,961,955]","[2861000,3117000,3235000,2765000,2814000]",1100,14792000
1,26,5,"[950,977,1136,947,998]","[2676000,2938000,3339000,2765000,2868000]",1136,14586000
1,27,5,"[1053,961,1105,929,940]","[3087000,2913000,3241000,2750000,2726000]",1105,14717000
1,28,5,"[1024,1021,1051,929,1041]","[3009000,3069000,3117000,2742000,2984000]",1051,14921000
1,29,5,"[980,981,1125,872,1073]","[2720000,2950000,3309000,2556000,3073000]",1125,14608000
1,30,5,"[1002,1011,1099,996,1044]","[2896000,3025000,3260000,2786000,3036000]",1099,15003000
1,31,5,"[1156,1016,1139,979,1037]","[3194000,3015000,3264000,2779000,3091000]",1156,15343000
1,32,5,"[980,990,1287,930,969]","[2729000,2958000,3844000,2742000,2692000]",1287,14965000
1,33,5,"[1060,1021,1113,944,1041]","[2988000,3071000,3279000,2695000,2964000]",1113,14997000
1,34,5,"[1019,1198,1215,934,952]","[2981000,3509000,3585000,2756000,2784000]",1215,15615000
1,35,5,"[1128,1036,1157,950,953]","[3276000,3083000,3387000,2754000,2767000]",1157,15267000
1,36,5,"[1063,1075,1097,926,973]","[3031000,3138000,3243000,2659000,2839000]",1097,14910000
1,37,5,"[1153,1011,1110,856,1034]","[3338000,3030000,3249000,2414000,3038000]",1153,15069000
1,38,5,"[958,1017,1035,977,1079]","[2773000,3045000,3151000,2809000,3228000]",1079,15006000
1,39,5,"[1098,1014,1066,958,924]","[3052000,3040000,3107000,2802000,2711000]",1098,14712000
1,40,5,"[1025,1019,1106,853,1131]","[3011000,3037000,3248000,2410000,3335000]",1131,15041000
1,41,5,"[992,1046,1043,959,996]","[2841000,3108000,3095000,2752000,2910000]",1046,14706000
1,42,5,"[1081,1022,1188,947,990]","[3162000,3050000,3486000,2763000,2858000]",1188,15319000
1,43,5,"[1022,1034,1111,911,1031]","[3007000,3082000,3299000,2565000,2944000]",1111,14897000
1,44,5,"[1011,1067,1046,886,1175]","[2976000,3191000,3103000,2594000,3510000]",1175,15374000
1,45,5,"[966,1013,1043,974,1087]","[2788000,3023000,3176000,2787000,3270000]",1087,15044000
1,46,5,"[1053,1048,1038,952,921]","[3086000,3128000,3064000,2823000,2693000]",1053,14794000
1,47,5,"[1097,1017,1109,848,959]","[3157000,3048000,3248000,2405000,2735000]",1109,14593000
1,48,5,"[970,1011,1044,1047,1056]","[2795000,3025000,3175000,2990000,3119000]",1056,15104000
1,49,5,"[958,1009,1053,1058,1049]","[2793000,3032000,3183000,3043000,3140000]",1058,15191000
1,50,5,"[982,979,1120,940,972]","[2721000,2929000,3300000,2795000,2791000]",1120,14536000
1,51,5,"[1025,1061,1104,929,1016]","[3013000,3157000,3264000,2756000,2915000]",1104,15105000
1,52,5,"[959,1013,1048,1036,1037]","[2803000,3029000,3191000,2983000,3099000]",1048,15105000
1,53,5,"[1040,1071,1081,940,960]","[3044000,3185000,3188000,2785000,2781000]",1081,14983000
1,54,5,"[978,1045,1123,887,969]","[2718000,3129000,3306000,2610000,2789000]",1123,14552000
1,55,5,"[1045,961,1111,963,997]","[2977000,2877000,3251000,2771000,2914000]",1111,14790000
1,56,5,"[1023,937,1103,943,1044]","[2994000,2845000,3239000,2803000,2998000]",1103,14879000
1,57,5,"[1062,1021,1067,911,985]","[3117000,3069000,3151000,2687000,2877000]",1067,14901000
1,58,5,"[999,1011,1113,991,977]","[2867000,3045000,3251000,2831000,2874000]",1113,14868000
1,59,5,"[972,974,1171,928,1009]","[2787000,2923000,3438000,2650000,2938000]",1171,14736000
1,60,5,"[1044,1041,1080,944,980]","[3060000,3102000,3183000,2771000,2869000]",1080,14985000
1,61,5,"[1037,1033,1079,936,955]","[2928000,3043000,3168000,2756000,2715000]",1079,14610000
1,62,5,"[956,1008,1063,1064,1042]","[2757000,3030000,3228000,3045000,3114000]",1064,15174000
1,63,5,"[1119,1062,1027,928,968]","[3264000,3174000,3016000,2745000,2836000]",1119,15035000
1,64,5,"[971,1009,1146,926,1009]","[2782000,3021000,3369000,2668000,2953000]",1146,14793000
1,65,5,"[1028,1065,1053,926,1060]","[3027000,3176000,3127000,2735000,3199000]",1065,15264000
2,1,5,"[920,1043,1046,935,1015]","[2683000,3058000,3057000,2758000,3020000]",1046,14576000
2,2,5,"[918,1031,1015,1018,998]","[2683000,3014000,2963000,2984000,2968000]",1031,14612000
2,3,5,"[917,1031,1048,955,974]","[2684000,3011000,3063000,2830000,2902000]",1048,14490000
2,4,5,"[845,792,1156,1155,1002]","[2363000,2310000,3446000,3345000,2938000]",1156,14402000
2,5,5,"[922,1049,1050,924,992]","[2681000,3053000,3065000,2736000,2947000]",1050,14482000
2,6,5,"[928,1034,1064,1017,931]","[2614000,2980000,3082000,2980000,2764000]",1064,14420000
2,7,5,"[921,1040,1022,1002,994]","[2696000,3030000,2992000,2934000,2958000]",1040,14610000
2,8,5,"[917,1036,1065,1013,965]","[2575000,2988000,3077000,2972000,2844000]",1065,14456000
2,9,5,"[847,801,1157,1156,1002]","[2377000,2321000,3450000,3350000,2939000]",1157,14437000
2,10,5,"[924,1060,1051,941,960]","[2700000,3095000,3067000,2765000,2863000]",1060,14490000
2,11,5,"[923,1038,1013,1012,1013]","[2692000,3039000,2949000,2952000,3001000]",1038,14633000
2,12,5,"[996,1037,1014,1024,979]","[2832000,3027000,2961000,2998000,2924000]",1037,14742000
2,13,5,"[985,1034,1006,1012,1029]","[2820000,3054000,2936000,2975000,2992000]",1034,14777000
2,14,5,"[914,1054,1044,950,971]","[2672000,3074000,3057000,2817000,2893000]",1054,14513000
2,15,5,"[928,1041,1048,1001,958]","[2715000,3051000,3065000,2950000,2827000]",1048,14608000
2,16,5,"[808,834,1158,1157,1007]","[2253000,2433000,3448000,3352000,2949000]",1158,14435000
2,17,5,"[917,1031,1057,955,970]","[2684000,3011000,3090000,2830000,2885000]",1057,14500000
2,18,5,"[920,1059,1052,922,988]","[2691000,3093000,3069000,2679000,2963000]",1059,14495000
2,19,5,"[692,787,1108,1277,1013]","[2061000,2276000,3385000,3722000,2984000]",1277,14428000
2,20,5,"[913,1051,1052,950,992]","[2670000,3065000,3071000,2814000,2931000]",1052,14551000
2,21,5,"[889,984,1112,1002,982]","[2510000,2827000,3209000,2923000,2919000]",1112,14388000
2,22,5,"[927,1141,1017,944,980]","[2685000,3305000,2957000,2793000,2899000]",1141,14639000
2,23,5,"[918,1158,1131,1102,1065]","[2619000,3363000,3228000,3191000,3151000]",1158,15552000
2,24,5,"[915,1051,1052,985,937]","[2671000,3056000,3072000,2918000,2766000]",1052,14483000
2,25,5,"[812,1035,1003,1010,1018]","[2417000,3059000,2936000,2954000,2921000]",1035,14287000
2,26,5,"[1157,1114,1256,995,1130]","[3400000,3110000,3795000,2875000,3283000]",1256,16463000
2,27,5,"[691,792,1117,1258,1081]","[2067000,2301000,3413000,3686000,3153000]",1258,14620000
2,28,5,"[952,992,1094,1134,1000]","[2605000,2869000,3116000,3325000,2988000]",1134,14903000
2,29,5,"[1018,824,1249,1072,1037]","[2825000,2388000,3733000,3057000,2966000]",1249,14969000
2,30,5,"[866,1078,1013,1064,944]","[2539000,3164000,2962000,3119000,2789000]",1078,14573000
2,31,5,"[970,1078,1035,1166,981]","[2879000,3085000,2971000,3385000,2935000]",1166,15255000
2,32,5,"[1060,853,1254,994,1084]","[3003000,2449000,3790000,2880000,3127000]",1254,15249000
2,33,5,"[875,959,1080,1182,1121]","[2531000,2745000,3143000,3447000,3235000]",1182,15101000
2,34,5,"[824,1080,1109,1169,1091]","[2446000,3089000,3166000,3383000,3185000]",1169,15269000
2,35,5,"[918,1046,956,1077,998]","[2676000,3051000,2790000,3148000,2969000]",1077,14634000
2,36,5,"[922,1163,940,1103,999]","[2757000,3403000,2756000,3229000,2898000]",1163,15043000
2,37,5,"[1074,998,1033,1053,1016]","[3140000,2904000,2962000,3039000,3068000]",1074,15113000
2,38,5,"[1000,843,1214,1132,1043]","[2852000,2480000,3394000,3322000,3141000]",1214,15189000
2,39,5,"[812,1179,1054,952,1071]","[2368000,3392000,3023000,2754000,3156000]",1179,14693000
2,40,5,"[858,1130,962,1129,958]","[2513000,3254000,2818000,3300000,2849000]",1130,14734000
2,41,5,"[821,1089,1316,1119,1010]","[2415000,3117000,3852000,3222000,2955000]",1316,15561000
2,42,5,"[938,1079,1019,1026,979]","[2676000,3156000,2979000,3025000,2920000]",1079,14756000
2,43,5,"[921,1141,1016,938,962]","[2697000,3304000,2955000,2775000,2868000]",1141,14599000
2,44,5,"[716,758,1243,1073,1083]","[2111000,2179000,3800000,3085000,3185000]",1243,14360000
2,45,5,"[764,786,1253,1072,1083]","[2206000,2262000,3827000,3085000,3178000]",1253,14558000
2,46,5,"[918,1056,1051,936,1014]","[2673000,3085000,3081000,2758000,3007000]",1056,14604000
2,47,5,"[921,1037,1072,1008,1003]","[2695000,3041000,3080000,2961000,2990000]",1072,14767000
2,48,5,"[942,1031,1048,955,974]","[2744000,3011000,3063000,2830000,2902000]",1048,14550000
2,49,5,"[848,792,1147,1153,971]","[2379000,2312000,3437000,3340000,2899000]",1153,14367000
2,50,5,"[920,1054,1047,939,993]","[2681000,3066000,3069000,2764000,2943000]",1054,14523000
2,51,5,"[935,973,1062,1064,931]","[2634000,2793000,3078000,3134000,2764000]",1064,14403000
2,52,5,"[921,969,1025,1043,998]","[2692000,2834000,3007000,3073000,2978000]",1043,14584000
2,53,5,"[921,1035,1062,1012,964]","[2591000,2988000,3075000,2965000,2864000]",1062,14483000
2,54,5,"[848,811,1149,1154,973]","[2384000,2362000,3447000,3340000,2896000]",1154,14429000
2,55,5,"[920,1062,1047,943,957]","[2694000,3099000,3063000,2774000,2847000]",1062,14477000
2,56,5,"[927,1001,1013,1004,1070]","[2699000,2919000,2949000,2937000,3167000]",1070,14671000
2,57,5,"[990,1036,1067,1023,976]","[2822000,3031000,3072000,3011000,2909000]",1067,14845000
2,58,5,"[982,1036,1041,1011,1034]","[2818000,3051000,2986000,2995000,2996000]",1041,14846000
2,59,5,"[947,1054,1039,949,971]","[2740000,3074000,3044000,2812000,2893000]",1054,14563000
2,60,5,"[925,977,1050,1047,953]","[2703000,2869000,3068000,3087000,2821000]",1050,14548000
2,61,5,"[810,837,1147,1152,1000]","[2283000,2429000,3417000,3338000,2930000]",1152,14397000
2,62,5,"[970,1031,1058,958,933]","[2835000,3011000,3094000,2839000,2771000]",1058,14550000
2,63,5,"[926,1063,1052,942,993]","[2718000,3103000,3069000,2743000,2973000]",1063,14606000
2,64,5,"[688,790,1109,1192,1044]","[2065000,2291000,3384000,3477000,3082000]",1192,14299000
2,65,5,"[909,1043,1057,954,981]","[2660000,3026000,3107000,2834000,2913000]",1057,14540000
3,1,5,"[969,1041,968,1041,966]","[2851000,3075000,2853000,3147000,2843000]",1041,14769000
3,2,5,"[1002,1060,943,1043,931]","[2943000,3083000,2748000,3153000,2800000]",1060,14727000
3,3,5,"[1102,1007,1069,936,889]","[3221000,2922000,3176000,2870000,2592000]",1102,14781000
3,4,5,"[1051,1038,971,1006,1005]","[3053000,3010000,2844000,3021000,2982000]",1051,14910000
3,5,5,"[1028,1041,976,1024,1003]","[2988000,3019000,2859000,3073000,2985000]",1041,14924000
3,6,5,"[1102,1007,1069,936,889]","[3221000,2919000,3176000,2870000,2595000]",1102,14781000
3,7,5,"[1062,1040,853,1011,1046]","[3095000,3082000,2495000,3084000,3052000]",1062,14808000
3,8,5,"[1054,1037,973,1009,966]","[3073000,3052000,2852000,3044000,2853000]",1054,14874000
3,9,5,"[1061,1021,1058,902,947]","[3088000,3014000,3151000,2782000,2786000]",1061,14821000
3,10,5,"[1028,1060,903,1056,993]","[2984000,3087000,2624000,3172000,2959000]",1060,14826000
3,11,5,"[1061,1026,932,1007,988]","[3082000,2988000,2744000,3034000,2973000]",1061,14821000
3,12,5,"[1051,1038,971,1006,1005]","[3050000,3010000,2844000,3024000,2982000]",1051,14910000
3,13,5,"[1059,1029,903,1049,1003]","[3085000,2995000,2635000,3163000,2977000]",1059,14855000
3,14,5,"[1105,973,1078,939,895]","[3243000,2855000,3202000,2871000,2590000]",1105,14761000
3,15,5,"[992,1059,942,1045,1001]","[2902000,3083000,2755000,3165000,2957000]",1059,14862000
3,16,5,"[1062,1042,853,1017,1042]","[3097000,3101000,2495000,3092000,3041000]",1062,14826000
3,17,5,"[1054,1037,974,1007,988]","[3073000,3052000,2854000,3037000,2897000]",1054,14913000
3,18,5,"[1104,1005,1072,939,893]","[3234000,2905000,3181000,2872000,2599000]",1104,14791000
3,19,5,"[1016,1053,1027,1037,1001]","[2946000,3076000,2987000,3125000,2906000]",1053,15040000
3,20,5,"[1015,1050,985,1016,1045]","[2957000,3082000,2852000,3096000,3059000]",1050,15046000
3,21,5,"[1008,1139,973,1014,994]","[2955000,3315000,2862000,3057000,2922000]",1139,15111000
3,22,5,"[1063,1052,935,1017,993]","[3088000,3055000,2745000,3053000,2966000]",1063,14907000
3,23,5,"[1008,1057,892,1023,1038]","[2917000,3081000,2607000,3108000,3120000]",1057,14833000
3,24,5,"[1053,999,959,1010,990]","[3073000,2916000,2821000,3034000,2971000]",1053,14815000
3,25,5,"[1011,1051,1026,1041,1004]","[2940000,3131000,2985000,3148000,2912000]",1051,15116000
3,26,5,"[1015,1052,1037,1034,988]","[2961000,3084000,3005000,3125000,2869000]",1052,15044000
3,27,5,"[1042,1100,936,1007,951]","[3043000,3201000,2750000,3035000,2814000]",1100,14843000
3,28,5,"[1011,1061,1033,1027,1002]","[2924000,3181000,2995000,3098000,2910000]",1061,15108000
3,29,5,"[1056,1030,903,1041,994]","[3079000,3003000,2635000,3138000,2966000]",1056,14821000
3,30,5,"[955,1070,935,1042,985]","[2785000,3126000,2747000,3153000,2965000]",1070,14776000
3,31,5,"[1008,1040,973,991,977]","[2951000,3020000,2848000,2996000,2962000]",1040,14777000
3,32,5,"[967,1060,931,1041,998]","[2840000,3070000,2721000,3148000,2982000]",1060,14761000
3,33,5,"[1063,1092,998,1111,1003]","[3090000,3117000,2877000,3323000,2920000]",1111,15327000
3,34,5,"[969,1123,929,1026,974]","[2822000,3245000,2725000,3113000,2934000]",1123,14839000
3,35,5,"[961,1062,932,1023,983]","[2801000,3105000,2726000,3094000,2964000]",1062,14690000
3,36,5,"[1024,1067,941,1050,986]","[2975000,3114000,2758000,3184000,2958000]",1067,14989000
3,37,5,"[1002,1064,937,993,986]","[2949000,3114000,2769000,2994000,2964000]",1064,14790000
3,38,5,"[1051,1038,971,1006,1005]","[3053000,3007000,2844000,3021000,2985000]",1051,14910000
3,39,5,"[997,1068,929,1041,1006]","[2910000,3111000,2724000,3136000,2959000]",1068,14840000
3,40,5,"[972,1107,907,1022,1014]","[2868000,3234000,2659000,3096000,2996000]",1107,14853000
3,41,5,"[1069,1033,1014,992,1033]","[3095000,3010000,2972000,2973000,3027000]",1069,15077000
3,42,5,"[976,1121,925,1059,1009]","[2845000,3220000,2711000,3167000,2992000]",1121,14935000
3,43,5,"[1007,1054,889,1027,1051]","[2917000,3072000,2592000,3125000,3142000]",1054,14848000
3,44,5,"[998,1119,935,1024,991]","[2940000,3219000,2741000,3119000,2898000]",1119,14917000
3,45,5,"[1110,1038,1062,1009,990]","[3227000,3017000,3093000,3029000,2891000]",1110,15257000
3,46,5,"[973,1189,972,1045,888]","[2864000,3473000,2855000,3153000,2600000]",1189,14945000
3,47,5,"[1006,1113,951,988,927]","[2954000,3250000,2783000,3011000,2794000]",1113,14792000
3,48,5,"[1102,1034,1069,936,889]","[3221000,2980000,3179000,2870000,2592000]",1102,14842000
3,49,5,"[990,1035,975,1041,1003]","[2897000,2999000,2857000,3148000,2956000]",1041,14857000
3,50,5,"[1028,993,974,1058,1007]","[2997000,2868000,2849000,3198000,2997000]",1058,14909000
3,51,5,"[1100,1010,1127,934,889]","[3215000,2918000,3350000,2863000,2540000]",1127,14886000
3,52,5,"[1063,1067,853,1011,1051]","[3096000,3139000,2495000,3079000,3071000]",1067,14880000
3,53,5,"[1083,1039,971,997,968]","[3154000,3056000,2847000,3002000,2857000]",1083,14916000
3,54,5,"[1059,1065,1058,919,956]","[3083000,3105000,3131000,2813000,2805000]",1065,14937000
3,55,5,"[1030,1067,902,1048,1006]","[2999000,3099000,2638000,3157000,2983000]",1067,14876000
3,56,5,"[1076,1004,932,1011,994]","[3165000,2947000,2738000,3033000,3002000]",1076,14885000
3,57,5,"[1046,1006,970,1012,1004]","[3057000,2960000,2848000,3074000,2987000]",1046,14926000
3,58,5,"[1136,1019,902,1050,1005]","[3316000,2925000,2645000,3169000,2979000]",1136,15034000
3,59,5,"[1136,969,1070,938,891]","[3337000,2838000,3149000,2877000,2602000]",1136,14803000
3,60,5,"[992,1034,992,1045,1002]","[2902000,3009000,2879000,3165000,2963000]",1045,14918000
3,61,5,"[1065,1098,857,1013,1042]","[3099000,3211000,2496000,3084000,3039000]",1098,14929000
3,62,5,"[1057,1036,972,1063,987]","[3079000,3047000,2850000,3143000,2895000]",1063,15014000
3,63,5,"[1109,1000,1080,941,892]","[3234000,2900000,3208000,2882000,2599000]",1109,14823000
3,64,5,"[1016,1055,1030,1037,1022]","[2946000,3077000,3002000,3125000,2948000]",1055,15098000
3,65,5,"[1015,1052,1016,1008,1045]","[2956000,3082000,2932000,3070000,3059000]",1052,15099000
4,1,5,"[1074,712,1072,988,1039]","[3158000,2025000,3182000,2946000,3062000]",1074,14373000
4,2,5,"[1104,773,1028,990,967]","[3229000,2232000,3040000,2947000,2852000]",1104,14300000
4,3,5,"[1101,774,1025,999,967]","[3220000,2241000,3034000,2980000,2858000]",1101,14333000
4,4,5,"[1060,778,1012,1031,1053]","[3079000,2232000,2996000,3091000,3099000]",1060,14497000
4,5,5,"[1040,915,1046,996,1024]","[3022000,2624000,3089000,2971000,2957000]",1046,14663000
4,6,5,"[1060,778,1018,1042,1053]","[3079000,2232000,3019000,3119000,3077000]",1060,14526000
4,7,5,"[1108,824,967,962,1005]","[3241000,2341000,2903000,2871000,2988000]",1108,14344000
4,8,5,"[1076,713,1074,991,1042]","[3162000,2027000,3182000,2961000,3067000]",1076,14399000
4,9,5,"[1073,840,1053,996,984]","[3106000,2400000,3123000,2986000,2895000]",1073,14510000
4,10,5,"[1072,809,1105,992,927]","[3093000,2291000,3281000,2947000,2741000]",1105,14353000
4,11,5,"[1109,778,1032,1009,952]","[3230000,2238000,3037000,2989000,2840000]",1109,14334000
4,12,5,"[1074,712,1075,993,1044]","[3165000,2025000,3177000,2955000,3078000]",1075,14400000
4,13,5,"[1098,734,1049,997,1008]","[3207000,2113000,3109000,2990000,2977000]",1098,14396000
4,14,5,"[1101,716,1076,992,1009]","[3216000,2060000,3186000,2969000,2975000]",1101,14406000
4,15,5,"[1111,690,1111,935,1023]","[3232000,1999000,3336000,2786000,3033000]",1111,14386000
4,16,5,"[1112,698,1129,980,974]","[3222000,1973000,3364000,2926000,2874000]",1129,14359000
4,17,5,"[1115,727,1052,1024,976]","[3281000,2089000,3109000,3054000,2828000]",1115,14361000
4,18,5,"[1075,727,1073,990,1031]","[3142000,2083000,3174000,2965000,3055000]",1075,14419000
4,19,5,"[1064,796,1086,1024,953]","[3098000,2203000,3276000,3075000,2829000]",1086,14481000
4,20,5,"[1085,877,1054,992,1020]","[3135000,2519000,3124000,2962000,2946000]",1085,14686000
4,21,5,"[1115,833,1024,984,1051]","[3221000,2380000,3030000,2936000,3087000]",1115,14654000
4,22,5,"[1054,799,1078,1060,1096]","[3027000,2282000,3206000,3122000,3155000]",1096,14792000
4,23,5,"[1116,688,1104,1078,949]","[3270000,1992000,3308000,3168000,2802000]",1116,14540000
4,24,5,"[1146,780,964,998,1002]","[3318000,2246000,2894000,2977000,2967000]",1146,14402000
4,25,5,"[1078,771,1026,1000,940]","[3178000,2223000,3036000,2978000,2771000]",1078,14186000
4,26,5,"[1118,833,1023,998,1051]","[3224000,2374000,3026000,2973000,3090000]",1118,14687000
4,27,5,"[1114,801,1032,1080,977]","[3263000,2268000,3044000,3207000,2874000]",1114,14656000
4,28,5,"[1070,882,1055,1027,1002]","[3086000,2526000,3129000,3047000,2903000]",1070,14691000
4,29,5,"[1080,884,973,991,1105]","[3108000,2536000,2929000,2961000,3192000]",1105,14726000
4,30,5,"[1164,708,1074,1124,941]","[3360000,2029000,3191000,3370000,2803000]",1164,14753000
4,31,5,"[1140,781,1152,999,1017]","[3321000,2159000,3433000,2982000,2963000]",1152,14858000
4,32,5,"[1079,800,1002,936,1008]","[3169000,2305000,2979000,2790000,2994000]",1079,14237000
4,33,5,"[1067,796,1090,1060,958]","[3099000,2203000,3287000,3148000,2839000]",1090,14576000
4,34,5,"[1158,823,1028,995,999]","[3362000,2324000,3057000,2915000,2923000]",1158,14581000
4,35,5,"[1110,698,1130,1018,970]","[3219000,1984000,3368000,3029000,2873000]",1130,14473000
4,36,5,"[1082,877,1054,992,1020]","[3129000,2519000,3124000,2962000,2946000]",1082,14680000
4,37,5,"[1156,988,1009,994,1007]","[3347000,2866000,3014000,2984000,2976000]",1156,15187000
4,38,5,"[1107,766,1021,994,1013]","[3223000,2200000,3043000,2970000,2984000]",1107,14420000
4,39,5,"[1085,800,1082,1087,1103]","[3113000,2287000,3221000,3216000,3162000]",1103,14999000
4,40,5,"[1164,719,1050,1023,974]","[3399000,2038000,3107000,3047000,2828000]",1164,14419000
4,41,5,"[1120,683,1102,1001,958]","[3273000,1973000,3304000,2972000,2857000]",1120,14379000
4,42,5,"[1112,713,1110,1006,951]","[3244000,2035000,3304000,2990000,2790000]",1112,14363000
4,43,5,"[1090,817,1048,984,1019]","[3155000,2334000,3100000,2976000,2998000]",1090,14563000
4,44,5,"[1150,804,1027,999,953]","[3338000,2299000,3028000,2976000,2832000]",1150,14473000
4,45,5,"[1163,829,1026,993,993]","[3376000,2336000,3048000,2966000,2905000]",1163,14631000
4,46,5,"[1074,716,1072,987,1048]","[3159000,2044000,3182000,2946000,3080000]",1074,14411000
4,47,5,"[1103,773,1033,988,957]","[3220000,2232000,3047000,2951000,2847000]",1103,14297000
4,48,5,"[1105,784,1022,1001,971]","[3211000,2264000,3025000,3000000,2870000]",1105,14370000
4,49,5,"[1060,744,1061,1031,1054]","[3079000,2122000,3136000,3091000,3101000]",1061,14529000
4,50,5,"[1037,908,1055,991,1024]","[3023000,2602000,3126000,2972000,2944000]",1055,14667000
4,51,5,"[1060,778,1012,990,1091]","[3069000,2241000,2996000,2954000,3235000]",1091,14495000
4,52,5,"[1060,824,969,1009,1005]","[3082000,2341000,2903000,3013000,2988000]",1060,14327000
4,53,5,"[1076,738,1056,987,1037]","[3155000,2107000,3132000,2947000,3057000]",1076,14398000
4,54,5,"[1002,841,1054,1042,975]","[2902000,2405000,3123000,3132000,2877000]",1054,14439000
4,55,5,"[1015,807,1109,1045,926]","[2917000,2287000,3285000,3123000,2742000]",1109,14354000
4,56,5,"[1058,773,1033,1058,947]","[3072000,2232000,3056000,3144000,2821000]",1058,14325000
4,57,5,"[1073,711,1094,992,1043]","[3160000,2026000,3236000,2945000,3073000]",1094,14440000
4,58,5,"[1102,733,1055,989,1008]","[3221000,2105000,3127000,2960000,2977000]",1102,14390000
4,59,5,"[1103,716,1078,990,1011]","[3220000,2060000,3186000,2962000,2982000]",1103,14410000
4,60,5,"[1102,690,1110,937,1026]","[3212000,1999000,3336000,2794000,3048000]",1110,14389000
4,61,5,"[1115,690,1135,983,975]","[3236000,1963000,3388000,2930000,2877000]",1135,14394000
4,62,5,"[1120,731,1094,1015,1011]","[3300000,2092000,3206000,3041000,2907000]",1120,14546000
4,63,5,"[1069,727,1072,992,1035]","[3135000,2090000,3164000,2969000,3069000]",1072,14427000
4,64,5,"[1071,686,1084,1024,969]","[3136000,1997000,3266000,3077000,2846000]",1084,14322000
4,65,5,"[1043,892,1058,994,1022]","[3035000,2550000,3125000,2976000,2936000]",1058,14622000
5,1,5,"[734,1093,1028,989,1035]","[2168000,3148000,3085000,2921000,2934000]",1093,14256000
5,2,5,"[901,1072,1013,1004,1019]","[2680000,3094000,3043000,2966000,2919000]",1072,14702000
5,3,5,"[1044,965,1070,958,1039]","[3013000,2741000,3175000,2815000,2984000]",1070,14728000
5,4,5,"[766,1090,1040,969,1015]","[2259000,3170000,3105000,2871000,2902000]",1090,14307000
5,5,5,"[729,1094,1029,990,1036]","[2134000,3143000,3078000,2925000,2938000]",1094,14218000
5,6,5,"[1017,1020,1011,1027,1013]","[2924000,2934000,3035000,3021000,2905000]",1027,14819000
5,7,5,"[992,1067,1025,963,1033]","[2863000,3087000,3082000,2831000,2928000]",1067,14791000
5,8,5,"[839,1074,1046,888,1051]","[2469000,3261000,3053000,2582000,2985000]",1074,14350000
5,9,5,"[841,1074,997,907,1087]","[2472000,3261000,2917000,2623000,3079000]",1087,14352000
5,10,5,"[984,1067,1014,989,1020]","[2861000,3089000,3055000,2910000,2913000]",1067,14828000
5,11,5,"[1043,1017,1019,1014,1009]","[3002000,2930000,3052000,2987000,2888000]",1043,14859000
5,12,5,"[1015,1047,1013,951,1057]","[2915000,3038000,3036000,2811000,3044000]",1057,14844000
5,13,5,"[903,1075,1008,1014,1022]","[2688000,3109000,3026000,2986000,2941000]",1075,14750000
5,14,5,"[975,1073,1024,975,1026]","[2826000,3105000,3080000,2881000,2928000]",1073,14820000
5,15,5,"[761,1076,1032,1005,1053]","[2200000,3178000,3046000,2979000,2969000]",1076,14372000
5,16,5,"[903,1074,1024,1009,1020]","[2697000,3094000,3061000,2978000,2924000]",1074,14754000
5,17,5,"[759,1118,1038,944,1021]","[2250000,3312000,2993000,2806000,2888000]",1118,14249000
5,18,5,"[844,1031,997,971,1084]","[2487000,3127000,2917000,2799000,3073000]",1084,14403000
5,19,5,"[1015,1046,1014,1012,1013]","[2915000,3027000,3036000,2993000,2902000]",1046,14873000
5,20,5,"[1017,1071,1025,968,1014]","[2933000,3105000,3054000,2842000,2906000]",1071,14840000
5,21,5,"[766,1199,1081,951,1134]","[2256000,3492000,3109000,2802000,3175000]",1199,14834000
5,22,5,"[986,1065,1076,965,1030]","[2866000,3065000,3184000,2860000,2941000]",1076,14916000
5,23,5,"[731,1146,1078,965,1035]","[2161000,3274000,3180000,2851000,2936000]",1146,14402000
5,24,5,"[995,1110,1081,984,1037]","[2920000,3118000,3195000,2928000,2940000]",1110,15101000
5,25,5,"[875,1221,1027,1041,1042]","[2611000,3567000,2979000,3101000,2978000]",1221,15236000
5,26,5,"[927,1129,1050,970,1044]","[2652000,3319000,3010000,2887000,2965000]",1129,14833000
5,27,5,"[961,1125,1049,982,1015]","[2832000,3367000,3066000,2803000,2909000]",1125,14977000
5,28,5,"[1016,1016,1075,988,1011]","[2924000,2944000,3177000,2927000,2880000]",1075,14852000
5,29,5,"[837,1133,1024,893,1037]","[2468000,3417000,2998000,2596000,2950000]",1133,14429000
5,30,5,"[1037,901,1032,998,1028]","[2986000,2592000,3092000,2921000,2951000]",1037,14542000
5,31,5,"[997,1157,1033,975,997]","[2898000,3453000,2981000,2814000,2833000]",1157,14979000
5,32,5,"[863,1020,1077,962,1015]","[2491000,2920000,3186000,2860000,2900000]",1077,14357000
5,33,5,"[991,939,1119,1055,1011]","[2831000,2731000,3330000,3091000,2904000]",1119,14887000
5,34,5,"[731,1144,1078,965,1035]","[2167000,3264000,3180000,2851000,2936000]",1144,14398000
5,35,5,"[895,1093,1089,1005,1039]","[2685000,3126000,3213000,2915000,2990000]",1093,14929000
5,36,5,"[952,1006,1088,996,1077]","[2781000,2905000,3216000,2946000,2996000]",1088,14844000
5,37,5,"[894,988,1119,1019,1008]","[2646000,2845000,3337000,3017000,2889000]",1119,14734000
5,38,5,"[1030,1058,1079,1014,1088]","[2963000,3042000,3185000,2991000,3048000]",1088,15229000
5,39,5,"[774,1156,1056,1090,1000]","[2283000,3404000,3033000,3128000,2855000]",1156,14703000
5,40,5,"[909,1186,1040,954,1051]","[2719000,3574000,2993000,2741000,2951000]",1186,14978000
5,41,5,"[914,1162,1073,972,1057]","[2692000,3308000,3129000,2900000,2944000]",1162,14973000
5,42,5,"[1015,1052,1077,967,1053]","[2908000,3058000,3185000,2831000,3020000]",1077,15002000
5,43,5,"[942,983,1170,993,1026]","[2815000,2842000,3462000,2949000,2932000]",1170,15000000
5,44,5,"[987,936,1105,1048,1152]","[2850000,2703000,3198000,3037000,3188000]",1152,14976000
5,45,5,"[760,1081,1025,998,1065]","[2197000,3197000,3037000,2947000,3024000]",1081,14402000
5,46,5,"[743,1100,1022,997,1034]","[2176000,3168000,3044000,2948000,2944000]",1100,14280000
5,47,5,"[899,1217,932,1007,1020]","[2680000,3465000,2779000,2971000,2922000]",1217,14817000
5,48,5,"[1011,956,1072,980,1050]","[2921000,2733000,3165000,2880000,3000000]",1072,14699000
5,49,5,"[763,1091,1038,976,1012]","[2250000,3163000,3103000,2891000,2903000]",1091,14310000
5,50,5,"[736,1100,1031,940,1125]","[2145000,3160000,3080000,2763000,3169000]",1125,14317000
5,51,5,"[1009,1005,1014,1035,1020]","[2918000,2909000,3040000,3045000,2917000]",1035,14829000
5,52,5,"[984,1034,1057,962,1027]","[2848000,2987000,3194000,2844000,2954000]",1057,14827000
5,53,5,"[867,1079,1050,892,1045]","[2541000,3277000,3041000,2588000,2960000]",1079,14407000
5,54,5,"[840,1074,997,907,1085]","[2482000,3261000,2921000,2623000,3074000]",1085,14361000
5,55,5,"[985,1066,1026,990,1056]","[2866000,3089000,3049000,2912000,3020000]",1066,14936000
5,56,5,"[1062,1004,1015,1007,1017]","[3052000,2895000,3050000,2962000,2906000]",1062,14865000
5,57,5,"[1011,1041,1010,955,1057]","[2895000,3010000,3030000,2828000,3029000]",1057,14792000
5,58,5,"[942,1077,1016,975,1024]","[2829000,3113000,3056000,2870000,2946000]",1077,14814000
5,59,5,"[984,1077,1031,989,1021]","[2847000,3116000,3095000,2904000,2918000]",1077,14880000
5,60,5,"[763,1072,1028,1003,1077]","[2204000,3166000,3047000,2954000,3020000]",1077,14391000
5,61,5,"[905,1071,1027,956,1059]","[2709000,3098000,3063000,2827000,3043000]",1071,14740000
5,62,5,"[759,1118,1043,941,1023]","[2244000,3312000,3010000,2800000,2901000]",1118,14267000
5,63,5,"[844,1082,997,971,1027]","[2487000,3283000,2917000,2799000,2905000]",1082,14391000
5,64,5,"[1019,1052,1012,999,1021]","[2943000,3057000,3034000,2952000,2923000]",1052,14909000
5,65,5,"[1013,1059,1028,968,1024]","[2945000,3063000,3069000,2841000,2920000]",1059,14838000
6,1,5,"[799,1068,1064,1012,1089]","[2280000,3140000,3250000,2944000,3213000]",1089,14827000
6,2,5,"[810,1110,1099,958,992]","[2322000,3262000,3343000,2777000,2899000]",1110,14603000
6,3,5,"[814,1067,1064,958,1091]","[2345000,3137000,3257000,2782000,3212000]",1091,14733000
6,4,5,"[754,1151,1032,1061,966]","[2168000,3417000,3114000,3066000,2816000]",1151,14581000
6,5,5,"[782,1047,1082,1102,1054]","[2166000,3075000,3310000,3081000,3052000]",1102,14684000
6,6,5,"[807,1153,1078,980,979]","[2301000,3404000,3247000,2813000,2870000]",1153,14635000
6,7,5,"[794,1069,1067,1002,1093]","[2270000,3136000,3263000,2923000,3230000]",1093,14822000
6,8,5,"[814,1080,1100,911,1093]","[2349000,3191000,3328000,2653000,3219000]",1100,14740000
6,9,5,"[828,1085,1043,990,1089]","[2398000,3214000,3167000,2868000,3222000]",1089,14869000
6,10,5,"[804,1084,1123,985,1060]","[2205000,3212000,3320000,2814000,3099000]",1123,14650000
6,11,5,"[810,1150,1045,992,993]","[2297000,3401000,3156000,2851000,2935000]",1150,14640000
6,12,5,"[813,1079,1101,909,1091]","[2349000,3193000,3333000,2646000,3219000]",1101,14740000
6,13,5,"[796,1121,1030,964,1105]","[2328000,3331000,3134000,2769000,3247000]",1121,14809000
6,14,5,"[773,1100,1011,1003,1110]","[2272000,3262000,3087000,2912000,3280000]",1110,14813000
6,15,5,"[816,1088,976,1040,1096]","[2355000,3226000,2977000,3027000,3248000]",1096,14833000
6,16,5,"[791,1074,1079,958,1105]","[2330000,3183000,3283000,2768000,3269000]",1105,14833000
6,17,5,"[816,1088,962,1041,1108]","[2355000,3225000,2939000,3022000,3278000]",1108,14819000
6,18,5,"[810,1119,1129,979,980]","[2302000,3277000,3395000,2814000,2866000]",1129,14654000
6,19,5,"[754,1160,1181,958,953]","[2144000,3441000,3518000,2758000,2788000]",1181,14649000
6,20,5,"[784,1063,1123,1057,1048]","[2172000,3112000,3429000,2962000,3041000]",1123,14716000
6,21,5,"[853,1026,1130,1141,1180]","[2428000,3023000,3429000,3199000,3441000]",1180,15520000
6,22,5,"[813,1114,1171,959,1096]","[2289000,3269000,3518000,2773000,3241000]",1171,15090000
6,23,5,"[888,1074,1160,913,1097]","[2616000,3170000,3497000,2660000,3198000]",1160,15141000
6,24,5,"[797,1071,1133,952,1086]","[2292000,3142000,3433000,2763000,3195000]",1133,14825000
6,25,5,"[798,1103,1127,1025,1038]","[2203000,3275000,3335000,2886000,3014000]",1127,14713000
6,26,5,"[845,1045,1100,1006,1095]","[2432000,3072000,3320000,2899000,3235000]",1100,14958000
6,27,5,"[754,1151,1098,1008,963]","[2166000,3425000,3300000,2922000,2828000]",1151,14641000
6,28,5,"[861,1080,1071,1042,1053]","[2574000,3207000,3265000,2981000,3134000]",1080,15161000
6,29,5,"[840,1057,1161,1020,1058]","[2481000,3121000,3507000,2906000,3074000]",1161,15089000
6,30,5,"[814,1088,1088,942,1107]","[2351000,3216000,3283000,2741000,3276000]",1107,14867000
6,31,5,"[723,1106,1155,1002,1039]","[2055000,3277000,3489000,2805000,3005000]",1155,14631000
6,32,5,"[776,1129,1154,992,968]","[2218000,3332000,3485000,2837000,2833000]",1154,14705000
6,33,5,"[806,1150,1107,966,1112]","[2302000,3398000,3346000,2787000,3268000]",1150,15101000
6,34,5,"[815,1067,999,1053,1093]","[2347000,3134000,3088000,3024000,3210000]",1093,14803000
6,35,5,"[836,1112,1148,934,1025]","[2379000,3261000,3455000,2684000,2999000]",1148,14778000
6,36,5,"[754,1097,1144,1010,965]","[2170000,3263000,3443000,2918000,2834000]",1144,14628000
6,37,5,"[823,1066,1081,1036,1098]","[2354000,3145000,3273000,2942000,3246000]",1098,14960000
6,38,5,"[814,1084,1108,956,991]","[2313000,3203000,3395000,2776000,2913000]",1108,14600000
6,39,5,"[839,1112,1130,963,974]","[2350000,3269000,3411000,2772000,2845000]",1130,14647000
6,40,5,"[750,1153,1141,994,986]","[2153000,3431000,3458000,2809000,2905000]",1153,14756000
6,41,5,"[772,1094,1094,1025,1085]","[2202000,3189000,3322000,2946000,3230000]",1094,14889000
6,42,5,"[783,1059,1123,1003,1054]","[2161000,3111000,3431000,2820000,3056000]",1123,14579000
6,43,5,"[773,1096,1138,992,1091]","[2125000,3174000,3463000,2896000,3220000]",1138,14878000
6,44,5,"[710,1160,1181,959,952]","[2066000,3440000,3536000,2758000,2790000]",1181,14590000
6,45,5,"[746,1109,1096,967,1048]","[2091000,3252000,3341000,2767000,3036000]",1109,14487000
6,46,5,"[814,1066,1062,961,1092]","[2345000,3139000,3246000,2797000,3214000]",1092,14741000
6,47,5,"[829,1108,1065,947,991]","[2371000,3258000,3244000,2746000,2911000]",1108,14530000
6,48,5,"[830,1067,1064,970,1093]","[2394000,3136000,3253000,2800000,3219000]",1093,14802000
6,49,5,"[751,1148,1030,1058,972]","[2162000,3417000,3094000,3060000,2834000]",1148,14567000
6,50,5,"[809,1019,1082,1098,1050]","[2246000,3001000,3316000,3107000,3063000]",1098,14733000
6,51,5,"[815,1151,1081,1007,979]","[2326000,3403000,3253000,2874000,2870000]",1151,14726000
6,52,5,"[792,1098,1065,1000,1091]","[2270000,3200000,3248000,2913000,3220000]",1098,14851000
6,53,5,"[815,1118,1099,844,1097]","[2353000,3328000,3326000,2462000,3223000]",1118,14692000
6,54,5,"[844,1088,1039,942,1107]","[2453000,3216000,3158000,2744000,3276000]",1107,14847000
6,55,5,"[788,1093,1124,925,1059]","[2173000,3226000,3320000,2671000,3080000]",1124,14470000
6,56,5,"[813,1154,1050,1021,955]","[2297000,3402000,3171000,2951000,2810000]",1154,14631000
6,57,5,"[818,1077,1018,955,1095]","[2354000,3185000,3103000,2802000,3230000]",1095,14674000
6,58,5,"[845,1085,1030,965,1105]","[2459000,3223000,3146000,2769000,3240000]",1105,14837000
6,59,5,"[768,1114,1015,1001,1104]","[2259000,3289000,3110000,2903000,3254000]",1114,14815000
6,60,5,"[818,1112,978,1042,1093]","[2355000,3280000,2985000,3032000,3242000]",1112,14894000
6,61,5,"[785,1080,1086,945,1118]","[2311000,3202000,3299000,2759000,3306000]",1118,14877000
6,62,5,"[830,1093,944,1043,1099]","[2398000,3228000,2894000,3016000,3251000]",1099,14787000
6,63,5,"[840,1111,1131,971,982]","[2420000,3260000,3410000,2794000,2856000]",1131,14740000
6,64,5,"[751,1156,1083,1005,951]","[2142000,3431000,3272000,2921000,2786000]",1156,14552000
6,65,5,"[779,1032,1129,1087,1061]","[2157000,3023000,3434000,3045000,3062000]",1129,14721000
7,1,5,"[702,1003,1099,1004,1104]","[2081000,2821000,3270000,2964000,3354000]",1104,14490000
7,2,5,"[689,1000,1127,964,1127]","[2036000,2809000,3397000,2836000,3405000]",1127,14483000
7,3,5,"[790,1010,1049,1040,1087]","[2316000,2842000,3148000,3103000,3295000]",1087,14704000
7,4,5,"[794,942,1048,1007,1098]","[2377000,2667000,3138000,3014000,3344000]",1098,14540000
7,5,5,"[712,997,1131,955,1100]","[2096000,2803000,3404000,2803000,3345000]",1131,14451000
7,6,5,"[858,880,1102,992,1048]","[2553000,2491000,3326000,2936000,3195000]",1102,14501000
7,7,5,"[770,941,1100,988,1085]","[2308000,2663000,3322000,2913000,3298000]",1100,14504000
7,8,5,"[746,923,1128,944,1129]","[2234000,2640000,3399000,2786000,3418000]",1129,14477000
7,9,5,"[779,998,1092,1021,1088]","[2336000,2834000,3291000,2968000,3291000]",1092,14720000
7,10,5,"[779,924,1103,996,1073]","[2344000,2633000,3328000,2948000,3257000]",1103,14510000
7,11,5,"[689,1000,1131,955,1129]","[2036000,2807000,3401000,2800000,3418000]",1131,14462000
7,12,5,"[702,1003,1057,1041,1104]","[2071000,2821000,3158000,3096000,3360000]",1104,14506000
7,13,5,"[774,921,1099,1017,1089]","[2306000,2632000,3320000,2985000,3306000]",1099,14549000
7,14,5,"[727,924,1157,983,1099]","[2159000,2632000,3478000,2877000,3314000]",1157,14460000
7,15,5,"[780,997,1065,1058,1087]","[2336000,2843000,3197000,3072000,3284000]",1087,14732000
7,16,5,"[702,1046,1054,1005,1105]","[2081000,2953000,3138000,2972000,3357000]",1105,14501000
7,17,5,"[785,1073,1031,1026,1102]","[2311000,3019000,3074000,3011000,3352000]",1102,14767000
7,18,5,"[793,1010,1055,1069,1092]","[2325000,2836000,3151000,3176000,3309000]",1092,14797000
7,19,5,"[801,924,1103,1001,1043]","[2402000,2631000,3328000,2973000,3187000]",1103,14521000
7,20,5,"[791,1013,1047,1063,1096]","[2321000,2838000,3135000,3158000,3317000]",1096,14769000
7,21,5,"[771,939,1157,945,1085]","[2313000,2663000,3478000,2789000,3297000]",1157,14540000
7,22,5,"[848,968,1053,1069,1094]","[2483000,2714000,3156000,3180000,3307000]",1094,14840000
7,23,5,"[790,1021,1079,1022,1149]","[2321000,2863000,3232000,2992000,3512000]",1149,14920000
7,24,5,"[704,1017,1078,1012,1124]","[2101000,2876000,3224000,2996000,3415000]",1124,14612000
7,25,5,"[799,1043,1084,983,1134]","[2346000,2929000,3225000,2908000,3480000]",1134,14888000
7,26,5,"[756,968,1050,1023,1180]","[2259000,2746000,3159000,2998000,3537000]",1180,14699000
7,27,5,"[827,912,1163,955,1191]","[2442000,2607000,3494000,2861000,3549000]",1191,14953000
7,28,5,"[718,1021,1103,995,1126]","[2131000,2882000,3267000,2957000,3434000]",1126,14671000
7,29,5,"[790,1045,1118,1017,1159]","[2314000,2929000,3337000,2956000,3540000]",1159,15076000
7,30,5,"[714,1039,1083,1001,1094]","[2130000,2932000,3235000,2974000,3346000]",1094,14617000
7,31,5,"[725,924,1157,1035,1108]","[2155000,2632000,3478000,2987000,3346000]",1157,14598000
7,32,5,"[714,1038,1115,1030,1095]","[2130000,2930000,3307000,3017000,3347000]",1115,14731000
7,33,5,"[746,924,1131,962,1131]","[2234000,2640000,3408000,2838000,3409000]",1131,14529000
7,34,5,"[786,1063,1068,1031,1104]","[2314000,2983000,3174000,3022000,3357000]",1104,14850000
7,35,5,"[693,1047,1122,927,1211]","[2067000,2941000,3387000,2725000,3640000]",1211,14760000
7,36,5,"[725,974,1094,1042,1102]","[2160000,2774000,3283000,3047000,3318000]",1102,14582000
7,37,5,"[848,950,1052,1063,1090]","[2465000,2697000,3159000,3137000,3307000]",1090,14765000
7,38,5,"[774,947,1107,1047,1090]","[2304000,2705000,3291000,3075000,3305000]",1107,14680000
7,39,5,"[790,1051,1049,1067,1110]","[2321000,2932000,3130000,3133000,3351000]",1110,14867000
7,40,5,"[698,994,1086,1000,1102]","[2063000,2796000,3250000,2977000,3356000]",1102,14442000
7,41,5,"[707,1004,1136,970,1102]","[2103000,2819000,3422000,2847000,3350000]",1136,14541000
7,42,5,"[781,1004,1110,971,1177]","[2321000,2827000,3306000,2857000,3537000]",1177,14848000
7,43,5,"[715,1023,1072,951,1228]","[2115000,2916000,3204000,2809000,3732000]",1228,14776000
7,44,5,"[772,1034,1128,951,1146]","[2293000,2918000,3407000,2774000,3426000]",1146,14818000
7,45,5,"[698,1025,1070,1003,1110]","[2071000,2899000,3193000,2972000,3364000]",1110,14499000
7,46,5,"[696,1025,1094,1001,1101]","[2037000,2898000,3259000,2964000,3348000]",1101,14506000
7,47,5,"[688,998,1115,1038,1125]","[2031000,2805000,3322000,3046000,3397000]",1125,14601000
7,48,5,"[790,1025,1048,1046,1091]","[2316000,2881000,3143000,3115000,3306000]",1091,14761000
7,49,5,"[800,960,1051,1007,1093]","[2400000,2720000,3151000,3001000,3328000]",1093,14600000
7,50,5,"[696,1052,1131,945,1101]","[2030000,2953000,3403000,2787000,3363000]",1131,14536000
7,51,5,"[858,997,1055,991,1046]","[2553000,2787000,3178000,2936000,3193000]",1055,14647000
7,52,5,"[770,937,1102,986,1085]","[2308000,2659000,3322000,2917000,3290000]",1102,14496000
7,53,5,"[856,867,1128,949,1133]","[2538000,2445000,3399000,2796000,3424000]",1133,14602000
7,54,5,"[777,998,1092,1022,1087]","[2332000,2834000,3291000,2970000,3286000]",1092,14713000
7,55,5,"[779,921,1118,996,1076]","[2350000,2627000,3350000,2950000,3276000]",1118,14553000
7,56,5,"[689,999,1127,972,1109]","[2036000,2807000,3397000,2877000,3353000]",1127,14470000
7,57,5,"[695,1024,1060,1040,1102]","[2047000,2876000,3176000,3090000,3359000]",1102,14548000
7,58,5,"[773,926,1078,1050,1095]","[2301000,2644000,3234000,3068000,3321000]",1095,14568000
7,59,5,"[725,891,1154,1023,1098]","[2155000,2541000,3472000,2982000,3317000]",1154,14467000
7,60,5,"[781,993,1068,1026,1086]","[2336000,2832000,3203000,3008000,3280000]",1086,14659000
7,61,5,"[706,1044,1048,1008,1113]","[2101000,2960000,3128000,2992000,3391000]",1113,14572000
7,62,5,"[793,1118,1026,1024,1108]","[2309000,3127000,3067000,3007000,3380000]",1118,14890000
7,63,5,"[801,1010,1049,1066,1090]","[2338000,2831000,3139000,3164000,3305000]",1090,14777000
7,64,5,"[801,924,1104,1078,994]","[2402000,2627000,3327000,3179000,3026000]",1104,14561000
7,65,5,"[792,1011,1053,1059,1091]","[2343000,2849000,3161000,3130000,3303000]",1091,14786000
8,1,5,"[922,924,1051,1030,937]","[2709000,2681000,3172000,3118000,2809000]",1051,14489000
8,2,5,"[913,921,1053,1165,842]","[2629000,2672000,3180000,3431000,2471000]",1165,14383000
8,3,5,"[966,926,1012,1043,1003]","[2769000,2686000,3057000,3162000,2980000]",1043,14654000
8,4,5,"[971,931,1049,1027,934]","[2791000,2695000,3175000,3118000,2790000]",1049,14569000
8,5,5,"[971,931,1049,1027,934]","[2791000,2695000,3175000,3118000,2790000]",1049,14569000
8,6,5,"[899,936,1059,1042,899]","[2660000,2719000,3199000,3159000,2689000]",1059,14426000
8,7,5,"[914,916,1009,1091,926]","[2681000,2652000,3038000,3301000,2768000]",1091,14440000
8,8,5,"[857,1002,1052,1032,1049]","[2541000,2870000,3181000,3153000,2984000]",1052,14729000
8,9,5,"[937,900,1056,1032,947]","[2739000,2618000,3192000,3124000,2826000]",1056,14499000
8,10,5,"[891,936,1054,1033,1038]","[2638000,2715000,3185000,3135000,2967000]",1054,14640000
8,11,5,"[859,1004,1061,1040,897]","[2543000,2883000,3202000,3172000,2683000]",1061,14483000
8,12,5,"[891,936,1055,1033,1038]","[2638000,2715000,3186000,3139000,2967000]",1055,14645000
8,13,5,"[914,916,1008,1092,945]","[2684000,2657000,3047000,3306000,2828000]",1092,14522000
8,14,5,"[891,936,1055,1033,1038]","[2638000,2715000,3186000,3139000,2967000]",1055,14645000
8,15,5,"[944,923,1052,1031,1049]","[2757000,2677000,3181000,3139000,2997000]",1052,14751000
8,16,5,"[921,917,1009,1101,935]","[2698000,2652000,3037000,3339000,2794000]",1101,14520000
8,17,5,"[919,921,1069,1043,934]","[2700000,2671000,3207000,3163000,2782000]",1069,14523000
8,18,5,"[944,923,1052,1031,1049]","[2757000,2677000,3181000,3139000,2997000]",1052,14751000
8,19,5,"[970,931,1056,1027,934]","[2786000,2696000,3184000,3118000,2787000]",1056,14571000
8,20,5,"[925,921,1052,1085,936]","[2714000,2676000,3177000,3237000,2804000]",1085,14608000
8,21,5,"[869,1013,1066,1151,1049]","[2517000,2889000,3150000,3483000,2989000]",1151,15028000
8,22,5,"[869,961,1059,1155,1058]","[2535000,2740000,3184000,3494000,3036000]",1155,14989000
8,23,5,"[817,981,1057,1154,1045]","[2410000,2796000,3181000,3471000,2981000]",1154,14839000
8,24,5,"[913,915,1012,1095,941]","[2685000,2658000,3036000,3304000,2832000]",1095,14515000
8,25,5,"[930,909,1088,1158,894]","[2731000,2638000,3295000,3398000,2659000]",1158,14721000
8,26,5,"[928,910,1012,1121,1027]","[2730000,2647000,3055000,3385000,2895000]",1121,14712000
8,27,5,"[839,955,1057,1276,833]","[2380000,2729000,3175000,3733000,2449000]",1276,14466000
8,28,5,"[993,847,1020,1213,948]","[2821000,2446000,3055000,3658000,2855000]",1213,14835000
8,29,5,"[992,929,1054,1115,900]","[2886000,2693000,3188000,3333000,2679000]",1115,14779000
8,30,5,"[949,847,1050,1169,1049]","[2776000,2447000,3183000,3487000,2984000]",1169,14877000
8,31,5,"[854,959,988,1275,940]","[2491000,2737000,2952000,3819000,2806000]",1275,14805000
8,32,5,"[893,847,1065,1150,1051]","[2633000,2441000,3213000,3459000,2988000]",1150,14734000
8,33,5,"[871,1006,1060,1093,1055]","[2520000,2885000,3187000,3305000,3002000]",1093,14899000
8,34,5,"[823,978,1068,1153,1054]","[2419000,2791000,3217000,3473000,3015000]",1153,14915000
8,35,5,"[867,912,1060,1157,899]","[2549000,2614000,3197000,3477000,2681000]",1157,14518000
8,36,5,"[915,917,1026,1175,900]","[2685000,2651000,3067000,3500000,2709000]",1175,14612000
8,37,5,"[921,1008,1050,1104,1029]","[2681000,2877000,3186000,3297000,2961000]",1104,15002000
8,38,5,"[876,963,1077,1083,1046]","[2537000,2743000,3262000,3284000,2985000]",1083,14811000
8,39,5,"[867,951,1063,1160,940]","[2505000,2719000,3196000,3487000,2784000]",1160,14691000
8,40,5,"[895,845,988,1225,893]","[2659000,2455000,2970000,3712000,2662000]",1225,14458000
8,41,5,"[940,900,1058,1116,901]","[2735000,2605000,3193000,3337000,2706000]",1116,14576000
8,42,5,"[962,848,1016,1237,969]","[2753000,2452000,3046000,3675000,2868000]",1237,14794000
8,43,5,"[901,910,995,1275,850]","[2586000,2637000,2987000,3749000,2484000]",1275,14443000
8,44,5,"[877,1049,1055,1034,1048]","[2533000,3013000,3172000,3149000,2979000]",1055,14846000
8,45,5,"[972,843,987,1279,965]","[2789000,2443000,2961000,3769000,2887000]",1279,14849000
8,46,5,"[925,921,1051,1031,942]","[2710000,2676000,3172000,3124000,2824000]",1051,14506000
8,47,5,"[905,925,1058,1163,844]","[2598000,2678000,3186000,3425000,2488000]",1163,14375000
8,48,5,"[975,931,1053,967,1004]","[2785000,2705000,3180000,2956000,2970000]",1053,14596000
8,49,5,"[971,933,1057,1029,936]","[2787000,2696000,3189000,3118000,2797000]",1057,14587000
8,50,5,"[866,936,1049,1030,933]","[2568000,2727000,3177000,3133000,2787000]",1049,14392000
8,51,5,"[893,932,1059,986,985]","[2649000,2717000,3187000,2974000,2941000]",1059,14468000
8,52,5,"[920,922,1065,1046,934]","[2700000,2671000,3219000,3160000,2782000]",1065,14532000
8,53,5,"[808,1001,1055,1033,1077]","[2392000,2868000,3187000,3148000,3090000]",1077,14685000
8,54,5,"[875,939,1054,1031,936]","[2595000,2724000,3177000,3120000,2799000]",1054,14415000
8,55,5,"[823,937,1147,1029,1042]","[2422000,2717000,3458000,3135000,2970000]",1147,14702000
8,56,5,"[862,1051,1062,1042,899]","[2561000,2981000,3205000,3177000,2678000]",1062,14602000
8,57,5,"[895,933,1066,1051,1045]","[2647000,2705000,3208000,3171000,2981000]",1066,14712000
8,58,5,"[975,911,1016,1087,944]","[2869000,2657000,3044000,3221000,2830000]",1087,14621000
8,59,5,"[947,930,1052,1012,1047]","[2787000,2700000,3181000,3074000,2997000]",1052,14739000
8,60,5,"[944,930,1054,1084,1049]","[2757000,2693000,3185000,3233000,3000000]",1084,14868000
8,61,5,"[919,921,1064,1045,933]","[2695000,2666000,3218000,3158000,2777000]",1064,14514000
8,62,5,"[930,902,1062,1042,931]","[2712000,2620000,3227000,3155000,2769000]",1062,14483000
8,63,5,"[944,912,1060,1039,896]","[2755000,2642000,3191000,3154000,2682000]",1060,14424000
8,64,5,"[970,931,1056,1027,934]","[2786000,2696000,3184000,3118000,2787000]",1056,14571000
8,65,5,"[870,931,1054,1085,934]","[2578000,2718000,3182000,3237000,2792000]",1085,14507000
9,1,5,"[1034,1091,1056,852,912]","[2970000,3146000,3054000,2451000,2675000]",1091,14296000
9,2,5,"[1034,953,1034,932,931]","[3143000,2818000,3000000,2771000,2721000]",1034,14453000
9,3,5,"[1016,1015,1017,848,1047]","[2938000,2961000,2984000,2445000,3027000]",1047,14355000
9,4,5,"[1046,1018,1047,846,980]","[3110000,2940000,3050000,2441000,2821000]",1047,14362000
9,5,5,"[1014,1028,1045,1023,1002]","[3065000,2995000,3048000,3021000,2840000]",1045,14969000
9,6,5,"[1043,977,1046,970,910]","[3145000,2908000,3034000,2909000,2674000]",1046,14670000
9,7,5,"[960,1095,1023,908,938]","[2753000,3197000,3015000,2623000,2769000]",1095,14357000
9,8,5,"[1048,971,1025,979,906]","[3156000,2881000,2987000,2939000,2647000]",1048,14610000
9,9,5,"[1031,1034,1050,842,986]","[2978000,3004000,3060000,2429000,2913000]",1050,14384000
9,10,5,"[1013,1036,1050,842,1044]","[2935000,3002000,3052000,2434000,3027000]",1050,14450000
9,11,5,"[1024,986,1005,885,1068]","[2945000,2884000,2912000,2556000,3105000]",1068,14402000
9,12,5,"[1040,1048,1004,936,917]","[3108000,3148000,2915000,2787000,2693000]",1048,14651000
9,13,5,"[1013,1049,1004,938,915]","[3059000,3158000,2924000,2785000,2686000]",1049,14612000
9,14,5,"[1050,1058,1032,891,898]","[3156000,3146000,3005000,2648000,2622000]",1058,14577000
9,15,5,"[1023,1049,997,931,989]","[3083000,3163000,2874000,2774000,2885000]",1049,14779000
9,16,5,"[1048,1050,1027,889,911]","[3160000,3140000,2987000,2646000,2664000]",1050,14597000
9,17,5,"[1051,1053,983,908,937]","[3162000,3142000,2846000,2692000,2746000]",1053,14588000
9,18,5,"[1034,1076,1007,892,900]","[3138000,3158000,2933000,2579000,2633000]",1076,14441000
9,19,5,"[963,1088,1039,842,1048]","[2763000,3154000,3040000,2434000,3033000]",1088,14424000
9,20,5,"[1013,997,997,885,1082]","[2926000,2899000,2903000,2556000,3151000]",1082,14435000
9,21,5,"[1043,962,1055,960,908]","[3149000,2848000,3067000,2821000,2661000]",1055,14546000
9,22,5,"[1035,1049,1078,972,895]","[3106000,3148000,3101000,2857000,2635000]",1078,14847000
9,23,5,"[1033,1040,1024,866,953]","[3101000,2996000,3004000,2464000,2729000]",1040,14294000
9,24,5,"[1018,1004,993,885,1080]","[2931000,2918000,2904000,2556000,3144000]",1080,14453000
9,25,5,"[1026,1022,995,1041,906]","[3079000,3008000,2915000,3053000,2608000]",1041,14663000
9,26,5,"[1025,1036,1005,887,977]","[2976000,2995000,2943000,2561000,2859000]",1036,14334000
9,27,5,"[1026,1038,1094,858,1043]","[2953000,3016000,3165000,2470000,3025000]",1094,14629000
9,28,5,"[959,1096,1134,958,1011]","[2743000,3202000,3236000,2818000,2926000]",1134,14925000
9,29,5,"[1028,1030,1090,845,942]","[2983000,2989000,3180000,2440000,2769000]",1090,14361000
9,30,5,"[962,1095,1025,1051,940]","[2760000,3188000,3022000,3065000,2773000]",1095,14808000
9,31,5,"[979,1086,1124,900,936]","[2956000,3201000,3215000,2691000,2758000]",1124,14821000
9,32,5,"[942,1090,1067,1020,1003]","[2829000,3179000,3092000,3012000,2842000]",1090,14954000
9,33,5,"[1036,1007,1133,936,925]","[3155000,2962000,3264000,2780000,2745000]",1133,14906000
9,34,5,"[1054,1089,1032,1104,991]","[3176000,3210000,3012000,3185000,2932000]",1104,15515000
9,35,5,"[1032,1018,1052,958,1107]","[2983000,2996000,3037000,2808000,3208000]",1107,15032000
9,36,5,"[967,1091,1198,965,971]","[2926000,3178000,3392000,2838000,2825000]",1198,15159000
9,37,5,"[967,1102,1027,891,938]","[2920000,3174000,3038000,2570000,2708000]",1102,14410000
9,38,5,"[971,1098,1049,976,895]","[2927000,3218000,3041000,2931000,2632000]",1098,14749000
9,39,5,"[959,1088,1038,842,1032]","[2746000,3156000,3032000,2434000,3022000]",1088,14390000
9,40,5,"[983,1073,1066,873,925]","[2898000,3108000,3091000,2535000,2690000]",1073,14322000
9,41,5,"[1026,1047,1055,919,1021]","[3095000,3052000,3072000,2721000,2999000]",1055,14939000
9,42,5,"[1046,1092,1081,970,1017]","[3130000,3228000,3077000,2841000,2895000]",1092,15171000
9,43,5,"[1070,958,1088,962,941]","[3224000,2826000,3119000,2831000,2742000]",1088,14742000
9,44,5,"[1033,964,1110,1039,965]","[3103000,2794000,3151000,3043000,2841000]",1110,14932000
9,45,5,"[1030,1087,1061,890,938]","[3076000,3126000,3097000,2575000,2736000]",1087,14610000
9,46,5,"[1033,1103,1067,853,918]","[2982000,3172000,3078000,2453000,2685000]",1103,14370000
9,47,5,"[1041,903,1041,952,935]","[3162000,2684000,3051000,2834000,2724000]",1041,14455000
9,48,5,"[1031,1007,1009,844,1050]","[2962000,2942000,2961000,2444000,3041000]",1050,14350000
9,49,5,"[1048,1020,1049,847,980]","[3108000,2942000,3055000,2449000,2819000]",1049,14373000
9,50,5,"[1006,1028,1036,1024,1018]","[3033000,2985000,3012000,3032000,2902000]",1036,14964000
9,51,5,"[1067,972,1051,976,895]","[3191000,2900000,3060000,2945000,2622000]",1067,14718000
9,52,5,"[962,1097,1025,910,940]","[2774000,3198000,3028000,2627000,2779000]",1097,14406000
9,53,5,"[1048,971,1030,973,902]","[3156000,2881000,2992000,2917000,2622000]",1048,14568000
9,54,5,"[1020,1032,1058,846,993]","[2954000,3000000,3071000,2448000,2933000]",1058,14406000
9,55,5,"[1037,1033,1016,845,1053]","[2995000,2991000,2965000,2439000,3053000]",1053,14443000
9,56,5,"[1017,999,1001,895,1084]","[2946000,2907000,2914000,2583000,3139000]",1084,14489000
9,57,5,"[1034,1047,1005,932,915]","[3100000,3148000,2923000,2774000,2687000]",1047,14632000
9,58,5,"[1012,1057,999,941,919]","[3057000,3184000,2902000,2788000,2706000]",1057,14637000
9,59,5,"[1048,1057,1034,885,900]","[3156000,3149000,3010000,2637000,2622000]",1057,14574000
9,60,5,"[1019,1059,982,932,986]","[3074000,3165000,2836000,2782000,2866000]",1059,14723000
9,61,5,"[1023,1063,1022,954,898]","[3071000,3178000,2966000,2819000,2620000]",1063,14654000
9,62,5,"[1049,1057,987,899,937]","[3162000,3158000,2857000,2668000,2746000]",1057,14591000
9,63,5,"[1034,1023,1011,940,896]","[3135000,3000000,2946000,2726000,2625000]",1034,14432000
9,64,5,"[968,1082,1024,845,1055]","[2771000,3154000,3014000,2449000,3068000]",1082,14456000
9,65,5,"[1012,995,1044,831,1080]","[2921000,2897000,3032000,2414000,3144000]",1080,14408000
10,1,5,"[1037,1065,960,1022,894]","[3036000,3231000,2880000,2973000,2596000]",1065,14716000
10,2,5,"[980,1021,1005,1032,942]","[2784000,3103000,3083000,3002000,2757000]",1032,14729000
10,3,5,"[1048,1066,946,1050,855]","[3069000,3233000,2834000,3040000,2506000]",1066,14682000
10,4,5,"[963,1027,1031,1031,1008]","[2798000,3128000,3100000,2983000,2862000]",1031,14871000
10,5,5,"[905,1020,1000,1028,1033]","[2653000,3108000,3070000,2984000,2930000]",1033,14745000
10,6,5,"[1044,1025,960,1018,944]","[3050000,3097000,2875000,2958000,2750000]",1044,14730000
10,7,5,"[1060,1069,914,1003,917]","[3105000,3233000,2771000,2928000,2673000]",1069,14710000
10,8,5,"[978,1019,1034,1029,945]","[2784000,3097000,3130000,2984000,2772000]",1034,14767000
10,9,5,"[963,1033,1025,1033,1012]","[2798000,3146000,3083000,2985000,2879000]",1033,14891000
10,10,5,"[1047,1032,950,1035,906]","[3078000,3153000,2835000,3019000,2667000]",1047,14752000
10,11,5,"[995,1020,1000,1031,1034]","[2841000,3108000,3070000,2999000,2934000]",1034,14952000
10,12,5,"[1078,1024,921,1030,942]","[3097000,3109000,2804000,2996000,2757000]",1078,14763000
10,13,5,"[1057,1067,962,991,919]","[3097000,3236000,2880000,2894000,2673000]",1067,14780000
10,14,5,"[959,1130,938,1030,915]","[2798000,3433000,2842000,3004000,2684000]",1130,14761000
10,15,5,"[1046,1033,957,1032,939]","[3075000,3152000,2859000,2991000,2712000]",1046,14789000
10,16,5,"[977,1037,1019,1034,936]","[2853000,3166000,3068000,3000000,2719000]",1037,14806000
10,17,5,"[973,1134,939,1024,903]","[2824000,3441000,2844000,2986000,2663000]",1134,14758000
10,18,5,"[1038,1032,956,1031,1009]","[3041000,3144000,2852000,2985000,2867000]",1038,14889000
10,19,5,"[1053,1035,950,1034,936]","[3098000,3162000,2837000,3000000,2719000]",1053,14816000
10,20,5,"[1054,1032,951,1064,891]","[3080000,3143000,2835000,3109000,2627000]",1064,14794000
10,21,5,"[971,1136,941,1170,897]","[2817000,3441000,2848000,3375000,2633000]",1170,15114000
10,22,5,"[962,1063,1018,1033,1009]","[2797000,3223000,3052000,2989000,2864000]",1063,14925000
10,23,5,"[1053,1037,963,1034,936]","[3095000,3163000,2865000,3003000,2719000]",1053,14845000
10,24,5,"[875,1102,1031,1038,1004]","[2551000,3348000,3098000,2994000,2845000]",1102,14836000
10,25,5,"[989,1068,953,1030,943]","[2825000,3257000,2917000,2985000,2759000]",1068,14743000
10,26,5,"[960,1066,1019,1033,1013]","[2793000,3230000,3052000,2989000,2880000]",1066,14944000
10,27,5,"[1043,1004,960,1143,930]","[3063000,3031000,2892000,3345000,2709000]",1143,15040000
10,28,5,"[1050,1032,949,1045,892]","[3075000,3153000,2837000,3053000,2633000]",1050,14751000
10,29,5,"[1036,1062,968,1021,893]","[3038000,3217000,2889000,2974000,2594000]",1062,14712000
10,30,5,"[978,1150,940,1064,888]","[2843000,3491000,2810000,3066000,2623000]",1150,14833000
10,31,5,"[988,1129,867,1115,931]","[2866000,3429000,2599000,3214000,2716000]",1129,14824000
10,32,5,"[1039,1065,952,1020,983]","[3043000,3229000,2863000,2969000,2776000]",1065,14880000
10,33,5,"[927,1103,1020,1039,917]","[2662000,3352000,3072000,3001000,2680000]",1103,14767000
10,34,5,"[962,1063,1027,1018,983]","[2795000,3227000,3104000,2966000,2776000]",1063,14868000
10,35,5,"[1033,1050,981,1011,923]","[3039000,3169000,2925000,2955000,2697000]",1050,14785000
10,36,5,"[987,1072,1054,1033,923]","[2811000,3262000,3142000,2994000,2685000]",1072,14894000
10,37,5,"[983,1142,939,1004,918]","[2864000,3453000,2850000,2924000,2684000]",1142,14775000
10,38,5,"[899,1071,1023,1031,1005]","[2626000,3270000,3081000,2983000,2851000]",1071,14811000
10,39,5,"[1034,1075,1037,1036,920]","[2944000,3256000,3093000,2999000,2676000]",1075,14968000
10,40,5,"[988,1071,954,1031,943]","[2811000,3272000,2922000,2985000,2759000]",1071,14749000
10,41,5,"[1051,1072,957,1024,945]","[3067000,3247000,2872000,2979000,2769000]",1072,14934000
10,42,5,"[962,1066,1030,1052,855]","[2795000,3233000,3113000,3040000,2506000]",1066,14687000
10,43,5,"[967,1132,974,1001,916]","[2822000,3435000,2911000,2941000,2690000]",1132,14799000
10,44,5,"[1002,1113,866,1097,937]","[2884000,3402000,2599000,3172000,2736000]",1113,14793000
10,45,5,"[972,1137,973,1024,844]","[2838000,3441000,2907000,2985000,2463000]",1137,14634000
10,46,5,"[1037,1065,960,1022,901]","[3036000,3231000,2880000,2973000,2606000]",1065,14726000
10,47,5,"[981,1026,996,1097,870]","[2790000,3115000,3060000,3183000,2553000]",1097,14701000
10,48,5,"[1046,1065,945,1102,874]","[3063000,3231000,2829000,3176000,2508000]",1102,14807000
10,49,5,"[970,1031,1031,1030,1035]","[2815000,3148000,3079000,2987000,2928000]",1035,14957000
10,50,5,"[906,1021,999,1007,1032]","[2655000,3110000,3069000,2952000,2932000]",1032,14718000
10,51,5,"[1044,1025,960,1018,944]","[3050000,3097000,2875000,2958000,2750000]",1044,14730000
10,52,5,"[1062,998,916,1161,919]","[3110000,2995000,2776000,3321000,2677000]",1161,14879000
10,53,5,"[978,1015,1041,1028,950]","[2784000,3085000,3161000,2984000,2785000]",1041,14799000
10,54,5,"[962,1032,1024,1050,1014]","[2796000,3144000,3078000,3038000,2886000]",1050,14942000
10,55,5,"[1041,1028,957,1032,911]","[3059000,3133000,2857000,3019000,2678000]",1041,14746000
10,56,5,"[980,1019,1005,1032,942]","[2784000,3099000,3083000,3002000,2757000]",1032,14725000
10,57,5,"[1080,1018,963,1035,923]","[3087000,3099000,2914000,2999000,2681000]",1080,14780000
10,58,5,"[1060,1071,966,979,917]","[3106000,3231000,2884000,2857000,2673000]",1071,14751000
10,59,5,"[965,1131,938,1028,912]","[2823000,3433000,2835000,3002000,2679000]",1131,14772000
10,60,5,"[1055,1033,945,1032,939]","[3102000,3152000,2826000,2991000,2712000]",1055,14783000
10,61,5,"[977,1037,1019,1034,936]","[2853000,3166000,3068000,3000000,2724000]",1037,14811000
10,62,5,"[973,1134,942,1024,861]","[2825000,3441000,2868000,2973000,2564000]",1134,14671000
10,63,5,"[1038,1034,983,1121,1011]","[3041000,3144000,2827000,3247000,2864000]",1121,15123000
10,64,5,"[977,1035,1021,1034,936]","[2853000,3162000,3068000,3000000,2719000]",1035,14802000
10,65,5,"[1054,1039,895,1065,957]","[3083000,3178000,2666000,3094000,2832000]",1065,14853000
11,1,5,"[765,1052,1084,1075,1028]","[2316000,3124000,3160000,3157000,3108000]",1084,14865000
11,2,5,"[754,1046,1044,1098,1033]","[2279000,3121000,3054000,3238000,3114000]",1098,14806000
11,3,5,"[766,1086,1055,1088,1011]","[2314000,3262000,3075000,3181000,3018000]",1088,14850000
11,4,5,"[755,1040,1023,1100,1035]","[2273000,3096000,3037000,3233000,3109000]",1100,14748000
11,5,5,"[767,1049,1090,1071,1014]","[2329000,3151000,3157000,3159000,3021000]",1090,14817000
11,6,5,"[765,1057,935,1150,1026]","[2309000,3149000,2755000,3410000,3102000]",1150,14725000
11,7,5,"[754,1124,940,1102,1036]","[2279000,3357000,2781000,3229000,3114000]",1124,14760000
11,8,5,"[757,1084,988,1101,1036]","[2285000,3225000,2923000,3228000,3119000]",1101,14780000
11,9,5,"[768,1083,1082,1086,1000]","[2314000,3194000,3191000,3165000,3025000]",1086,14889000
11,10,5,"[761,1088,983,1102,1030]","[2308000,3232000,2895000,3225000,3108000]",1102,14768000
11,11,5,"[763,1063,1056,1100,1019]","[2309000,3170000,3048000,3241000,3042000]",1100,14810000
11,12,5,"[761,1081,1064,1090,1014]","[2289000,3222000,3104000,3186000,3026000]",1090,14827000
11,13,5,"[761,1009,1092,1093,1036]","[2293000,3007000,3194000,3225000,3119000]",1093,14838000
11,14,5,"[761,1090,1055,1057,1029]","[2305000,3250000,3113000,3071000,3110000]",1090,14849000
11,15,5,"[759,1094,991,1103,1031]","[2292000,3263000,2915000,3231000,3113000]",1103,14814000
11,16,5,"[767,1022,1084,1101,1017]","[2317000,3067000,3146000,3255000,3036000]",1101,14821000
11,17,5,"[757,1055,986,1134,1036]","[2285000,3135000,2919000,3323000,3119000]",1134,14781000
11,18,5,"[758,1052,1019,1111,1031]","[2290000,3133000,2994000,3245000,3123000]",1111,14785000
11,19,5,"[917,1084,1073,1089,1005]","[2605000,3199000,3183000,3170000,3027000]",1089,15184000
11,20,5,"[758,1096,1039,1079,1030]","[2294000,3271000,3044000,3161000,3108000]",1096,14878000
11,21,5,"[762,1084,1136,1063,1000]","[2307000,3183000,3323000,3104000,3014000]",1136,14931000
11,22,5,"[766,1084,1092,1092,1014]","[2314000,3252000,3188000,3165000,3026000]",1092,14945000
11,23,5,"[758,1044,1044,1173,1002]","[2274000,3117000,3063000,3405000,3026000]",1173,14885000
11,24,5,"[981,1084,1123,1073,1081]","[2731000,3200000,3310000,3128000,3216000]",1123,15585000
11,25,5,"[765,1099,1046,1102,1045]","[2316000,3274000,3076000,3228000,3102000]",1102,14996000
11,26,5,"[758,1040,1014,1102,1030]","[2293000,3114000,3009000,3233000,3108000]",1102,14757000
11,27,5,"[759,1046,1017,1103,1038]","[2290000,3107000,3020000,3248000,3130000]",1103,14795000
11,28,5,"[775,1050,1138,1142,987]","[2327000,3140000,3295000,3278000,2951000]",1142,14991000
11,29,5,"[754,1056,1021,1108,1036]","[2279000,3138000,2989000,3241000,3131000]",1108,14778000
11,30,5,"[763,1051,1139,1142,997]","[2285000,3128000,3317000,3272000,2964000]",1142,14966000
11,31,5,"[760,1106,1063,1088,1022]","[2295000,3287000,3098000,3171000,3026000]",1106,14877000
11,32,5,"[767,1009,1152,1071,1018]","[2317000,3002000,3338000,3174000,3050000]",1152,14881000
11,33,5,"[758,1003,1103,1096,1013]","[2287000,2989000,3202000,3245000,3021000]",1103,14744000
11,34,5,"[761,1080,981,1098,1032]","[2308000,3216000,2891000,3225000,3108000]",1098,14748000
11,35,5,"[769,1051,1148,1114,1017]","[2324000,3113000,3332000,3227000,3036000]",1148,15032000
11,36,5,"[766,1014,1037,1137,1033]","[2311000,3015000,3036000,3372000,3113000]",1137,14847000
11,37,5,"[768,1047,1105,1094,1018]","[2325000,3132000,3209000,3181000,3034000]",1105,14881000
11,38,5,"[763,1052,1093,1148,1026]","[2295000,3126000,3198000,3316000,3025000]",1148,14960000
11,39,5,"[768,1080,1140,1111,1012]","[2302000,3188000,3333000,3215000,3049000]",1140,15087000
11,40,5,"[763,1002,1087,1134,1016]","[2309000,3000000,3152000,3345000,3025000]",1134,14831000
11,41,5,"[758,1046,1043,1111,1031]","[2290000,3121000,3066000,3245000,3123000]",1111,14845000
11,42,5,"[758,1095,993,1122,1030]","[2287000,3267000,2915000,3282000,3118000]",1122,14869000
11,43,5,"[767,999,1090,1096,1011]","[2323000,2973000,3161000,3237000,3020000]",1096,14714000
11,44,5,"[760,1022,1084,1139,1017]","[2294000,3057000,3146000,3360000,3033000]",1139,14890000
11,45,5,"[758,1053,1043,1111,1031]","[2290000,3130000,3066000,3245000,3123000]",1111,14854000
11,46,5,"[765,1045,1084,1096,1030]","[2316000,3095000,3160000,3205000,3108000]",1096,14884000
11,47,5,"[763,1049,1033,1092,1026]","[2309000,3142000,3014000,3225000,3102000]",1092,14792000
11,48,5,"[817,1057,1050,1094,1013]","[2462000,3149000,3069000,3202000,3036000]",1094,14918000
11,49,5,"[754,1027,1026,1101,1040]","[2266000,3053000,3038000,3244000,3125000]",1101,14726000
11,50,5,"[765,1052,989,1124,1016]","[2313000,3157000,2893000,3325000,3025000]",1124,14713000
11,51,5,"[756,1050,943,1157,1033]","[2279000,3143000,2787000,3422000,3114000]",1157,14745000
11,52,5,"[766,1131,936,1097,1031]","[2324000,3384000,2756000,3223000,3107000]",1131,14794000
11,53,5,"[758,1086,990,1072,1131]","[2290000,3228000,2934000,3142000,3355000]",1131,14949000
11,54,5,"[762,1089,1064,1094,1029]","[2307000,3208000,3154000,3177000,3101000]",1094,14947000
11,55,5,"[742,1087,1046,1107,1031]","[2246000,3224000,3058000,3238000,3112000]",1107,14878000
11,56,5,"[765,1061,1062,1099,1012]","[2316000,3170000,3059000,3239000,3029000]",1099,14813000
11,57,5,"[775,1093,1051,1093,1014]","[2331000,3292000,3071000,3194000,3031000]",1093,14919000
11,58,5,"[754,1003,1095,1107,1026]","[2279000,2984000,3199000,3259000,3107000]",1107,14828000
11,59,5,"[761,1021,1054,1116,1036]","[2308000,3030000,3128000,3288000,3126000]",1116,14880000
11,60,5,"[760,1093,1026,1104,1032]","[2294000,3259000,2990000,3227000,3115000]",1104,14885000
11,61,5,"[819,1033,1085,1102,1020]","[2411000,3086000,3148000,3252000,3042000]",1102,14939000
11,62,5,"[757,1077,988,1099,1036]","[2285000,3213000,2923000,3228000,3119000]",1099,14768000
11,63,5,"[760,1084,1020,1071,1031]","[2291000,3233000,2996000,3143000,3123000]",1084,14786000
11,64,5,"[916,1116,1077,1057,1007]","[2603000,3288000,3191000,3073000,3027000]",1116,15182000
11,65,5,"[756,1087,1037,1077,1026]","[2289000,3253000,3034000,3161000,3107000]",1087,14844000
12,1,5,"[907,884,1073,1067,1056]","[2572000,2583000,3316000,3141000,3210000]",1073,14822000
12,2,5,"[984,1010,1054,999,1062]","[2773000,2974000,3149000,2919000,3148000]",1062,14963000
12,3,5,"[881,915,1088,963,1075]","[2475000,2633000,3330000,2801000,3263000]",1088,14502000
12,4,5,"[973,1000,1060,1008,1071]","[2742000,2934000,3152000,2950000,3173000]",1071,14951000
12,5,5,"[946,1000,1057,1008,1077]","[2676000,2938000,3158000,2941000,3202000]",1077,14915000
12,6,5,"[826,934,1006,1094,1104]","[2415000,2762000,3001000,3214000,3266000]",1104,14658000
12,7,5,"[896,953,998,1076,1096]","[2598000,2816000,2968000,3156000,3268000]",1096,14806000
12,8,5,"[984,1010,1054,999,1062]","[2773000,2974000,3154000,2919000,3148000]",1062,14968000
12,9,5,"[751,925,1143,1066,1103]","[2168000,2664000,3500000,3101000,3267000]",1143,14700000
12,10,5,"[895,957,1002,1100,1100]","[2598000,2813000,2984000,3218000,3259000]",1100,14872000
12,11,5,"[899,1013,1053,1062,1081]","[2609000,2950000,3168000,3114000,3155000]",1081,14996000
12,12,5,"[977,854,1094,1082,1049]","[2769000,2504000,3313000,3175000,3196000]",1094,14957000
12,13,5,"[896,955,1044,1041,1102]","[2608000,2815000,3126000,3041000,3279000]",1102,14869000
12,14,5,"[924,962,1007,1099,1069]","[2649000,2824000,2998000,3256000,3182000]",1099,14909000
12,15,5,"[903,883,1120,1077,1005]","[2562000,2578000,3464000,3172000,3055000]",1120,14831000
12,16,5,"[722,1001,1135,1068,1109]","[2092000,2813000,3473000,3101000,3291000]",1135,14770000
12,17,5,"[767,1008,1138,1069,1098]","[2207000,2825000,3485000,3105000,3258000]",1138,14880000
12,18,5,"[899,948,1045,1102,1044]","[2611000,2794000,3126000,3240000,3112000]",1102,14883000
12,19,5,"[924,957,1048,1049,1100]","[2656000,2836000,3136000,3101000,3259000]",1100,14988000
12,20,5,"[857,1010,1049,1049,1101]","[2451000,2980000,3136000,3094000,3261000]",1101,14922000
12,21,5,"[941,882,1120,1064,1120]","[2674000,2568000,3302000,3145000,3327000]",1120,15016000
12,22,5,"[930,1023,1023,1050,1099]","[2671000,3012000,3062000,3103000,3252000]",1099,15100000
12,23,5,"[924,911,1094,1084,1097]","[2632000,2618000,3331000,3182000,3270000]",1097,15033000
12,24,5,"[850,931,1108,1093,1103]","[2373000,2703000,3273000,3199000,3276000]",1108,14824000
12,25,5,"[1072,1101,1089,1032,1107]","[3074000,3228000,3204000,2995000,3271000]",1107,15772000
12,26,5,"[897,943,1034,1053,1175]","[2607000,2783000,3010000,3102000,3518000]",1175,15020000
12,27,5,"[722,995,1162,1110,1110]","[2087000,2811000,3476000,3252000,3302000]",1162,14928000
12,28,5,"[922,951,990,1090,1100]","[2642000,2798000,2963000,3214000,3262000]",1100,14879000
12,29,5,"[957,959,1101,1025,1114]","[2728000,2814000,3238000,3002000,3320000]",1114,15102000
12,30,5,"[906,886,1077,1038,1141]","[2567000,2579000,3320000,3059000,3416000]",1141,14941000
12,31,5,"[922,938,1141,1021,1094]","[2630000,2723000,3497000,2965000,3271000]",1141,15086000
12,32,5,"[919,948,1048,1111,1004]","[2632000,2796000,3071000,3307000,3048000]",1111,14854000
12,33,5,"[914,885,1120,995,1139]","[2588000,2579000,3457000,2905000,3409000]",1139,14938000
12,34,5,"[847,1005,1141,1017,1128]","[2436000,2826000,3494000,2967000,3358000]",1141,15081000
12,35,5,"[798,814,1109,1067,1180]","[2285000,2339000,3268000,3145000,3500000]",1180,14537000
12,36,5,"[818,924,1119,1103,1170]","[2328000,2627000,3295000,3220000,3471000]",1170,14941000
12,37,5,"[879,914,1114,1076,1106]","[2550000,2647000,3287000,3172000,3278000]",1114,14934000
12,38,5,"[929,952,1019,1117,1079]","[2683000,2793000,3042000,3282000,3208000]",1117,15008000
12,39,5,"[800,938,1018,1120,1116]","[2335000,2774000,3064000,3310000,3312000]",1120,14795000
12,40,5,"[926,956,1094,1105,1091]","[2666000,2818000,3190000,3262000,3221000]",1105,15157000
12,41,5,"[879,872,1116,1098,1047]","[2523000,2541000,3445000,3219000,3122000]",1116,14850000
12,42,5,"[1036,958,1090,1039,1150]","[2903000,2810000,3230000,3005000,3427000]",1150,15375000
12,43,5,"[724,997,1185,1105,1108]","[2094000,2813000,3552000,3233000,3292000]",1185,14984000
12,44,5,"[880,950,1067,1110,1066]","[2462000,2651000,3295000,3246000,3236000]",1110,14890000
12,45,5,"[836,993,1130,1113,1175]","[2386000,2819000,3329000,3247000,3482000]",1175,15263000
12,46,5,"[867,883,1119,1066,1053]","[2454000,2568000,3450000,3141000,3207000]",1119,14820000
12,47,5,"[983,1011,1044,1026,1069]","[2744000,2975000,3110000,2999000,3167000]",1069,14995000
12,48,5,"[928,880,1088,966,1058]","[2630000,2539000,3320000,2832000,3199000]",1088,14520000
12,49,5,"[970,1002,1100,1008,1015]","[2743000,2938000,3298000,2953000,3007000]",1100,14939000
12,50,5,"[944,1000,1057,1008,1075]","[2674000,2942000,3157000,2943000,3181000]",1075,14897000
12,51,5,"[826,871,1003,1194,1101]","[2415000,2552000,2986000,3514000,3264000]",1194,14731000
12,52,5,"[896,953,998,1076,1096]","[2598000,2816000,2968000,3156000,3268000]",1096,14806000
12,53,5,"[992,1006,1054,994,1059]","[2819000,2956000,3152000,2908000,3141000]",1059,14976000
12,54,5,"[762,925,1084,1076,1103]","[2190000,2665000,3347000,3120000,3274000]",1103,14596000
12,55,5,"[894,958,1005,1084,1103]","[2598000,2837000,2996000,3213000,3271000]",1103,14915000
12,56,5,"[899,1014,1100,1026,1089]","[2609000,2956000,3314000,2984000,3183000]",1100,15046000
12,57,5,"[1066,855,1053,1083,1050]","[3000000,2525000,3166000,3182000,3198000]",1083,15071000
12,58,5,"[897,948,1044,1024,1130]","[2604000,2796000,3129000,2978000,3387000]",1130,14894000
12,59,5,"[952,961,1012,1053,1074]","[2733000,2826000,3011000,3138000,3192000]",1074,14900000
12,60,5,"[936,890,1117,1072,1030]","[2632000,2582000,3455000,3145000,3101000]",1117,14915000
12,61,5,"[725,991,1137,1064,1113]","[2098000,2797000,3483000,3095000,3297000]",1137,14770000
12,62,5,"[759,1005,1175,1075,1141]","[2185000,2809000,3517000,3114000,3386000]",1175,15011000
12,63,5,"[899,948,1045,1104,1044]","[2611000,2794000,3126000,3250000,3106000]",1104,14887000
12,64,5,"[925,957,1054,1044,1100]","[2648000,2812000,3146000,3071000,3256000]",1100,14933000
12,65,5,"[885,1011,1053,1015,1105]","[2541000,2967000,3147000,2984000,3276000]",1105,14915000
13,1,5,"[991,992,1059,983,995]","[2922000,2973000,3139000,2955000,2794000]",1059,14783000
13,2,5,"[988,987,1082,955,982]","[2906000,2961000,3187000,2911000,2741000]",1082,14706000
13,3,5,"[967,993,1056,1011,988]","[2822000,2984000,3150000,3048000,2798000]",1056,14802000
13,4,5,"[987,971,1074,994,976]","[2901000,2907000,3112000,3055000,2739000]",1074,14714000
13,5,5,"[1002,987,1051,1055,990]","[2961000,2963000,3132000,3103000,2789000]",1055,14948000
13,6,5,"[1004,982,1094,1049,851]","[2944000,2957000,3214000,3100000,2506000]",1094,14721000
13,7,5,"[992,989,1112,929,981]","[2918000,2971000,3287000,2782000,2750000]",1112,14708000
13,8,5,"[1004,984,1065,1083,854]","[2961000,2961000,3127000,3199000,2523000]",1083,14771000
13,9,5,"[956,982,1091,982,977]","[2808000,2961000,3202000,3019000,2742000]",1091,14732000
13,10,5,"[992,955,1065,1064,980]","[2932000,2865000,3041000,3199000,2755000]",1065,14792000
13,11,5,"[991,952,1065,1025,984]","[2908000,2861000,3163000,3076000,2784000]",1065,14792000
13,12,5,"[992,987,1068,994,980]","[2926000,2963000,3108000,3054000,2758000]",1068,14809000
13,13,5,"[959,987,1082,1087,905]","[2809000,2972000,3205000,3243000,2559000]",1087,14788000
13,14,5,"[1004,996,1095,1028,853]","[2953000,3003000,3224000,3027000,2524000]",1095,14731000
13,15,5,"[990,973,1075,995,980]","[2916000,2933000,3140000,3054000,2758000]",1075,14801000
13,16,5,"[993,981,1144,877,997]","[2919000,2955000,3384000,2638000,2815000]",1144,14711000
13,17,5,"[959,984,1097,911,1072]","[2830000,2968000,3186000,2775000,3025000]",1097,14784000
13,18,5,"[997,952,1122,944,984]","[2952000,2897000,3274000,2874000,2759000]",1122,14756000
13,19,5,"[960,983,1089,909,1073]","[2818000,2966000,3195000,2783000,3029000]",1089,14791000
13,20,5,"[992,974,1071,1064,980]","[2932000,2923000,3134000,3208000,2755000]",1071,14952000
13,21,5,"[954,986,1030,961,1066]","[2800000,2969000,3020000,2926000,3017000]",1066,14732000
13,22,5,"[990,965,1067,988,979]","[2910000,2921000,3121000,3020000,2744000]",1067,14716000
13,23,5,"[985,989,1109,1030,982]","[2897000,2967000,3188000,3117000,2732000]",1109,14901000
13,24,5,"[953,978,1028,961,1066]","[2797000,2945000,3010000,2926000,3017000]",1066,14695000
13,25,5,"[994,986,1066,1092,979]","[2936000,2965000,3102000,3278000,2782000]",1092,15063000
13,26,5,"[998,993,1062,1080,852]","[2942000,2997000,3119000,3184000,2510000]",1080,14752000
13,27,5,"[961,988,1050,970,1037]","[2837000,2979000,3087000,2891000,2920000]",1050,14714000
13,28,5,"[954,985,1007,962,1067]","[2802000,2967000,2985000,2936000,3012000]",1067,14702000
13,29,5,"[960,995,1099,1074,861]","[2832000,3007000,3219000,3157000,2530000]",1099,14745000
13,30,5,"[960,987,1033,930,1083]","[2807000,2980000,3053000,2836000,3024000]",1083,14700000
13,31,5,"[993,999,1049,1067,1019]","[2920000,2996000,3043000,3231000,2873000]",1067,15063000
13,32,5,"[992,987,1068,994,980]","[2926000,2963000,3111000,3060000,2758000]",1068,14818000
13,33,5,"[994,993,1059,1026,952]","[2925000,2975000,3148000,3059000,2698000]",1059,14805000
13,34,5,"[955,986,1095,922,995]","[2791000,2969000,3258000,2764000,2796000]",1095,14578000
13,35,5,"[996,1001,1117,1000,975]","[2940000,3007000,3295000,3034000,2738000]",1117,15014000
13,36,5,"[966,944,1198,983,980]","[2845000,2842000,3452000,3015000,2746000]",1198,14900000
13,37,5,"[954,988,995,961,1068]","[2791000,2973000,2924000,2934000,3021000]",1068,14643000
13,38,5,"[994,977,1139,941,990]","[2908000,2932000,3408000,2780000,2805000]",1139,14833000
13,39,5,"[991,993,1051,981,978]","[2927000,2988000,3071000,3016000,2744000]",1051,14746000
13,40,5,"[991,956,1158,1001,1028]","[2903000,2863000,3315000,3066000,2878000]",1158,15025000
13,41,5,"[967,990,1058,1090,995]","[2839000,2971000,3137000,3227000,2789000]",1090,14963000
13,42,5,"[960,996,1089,1072,974]","[2827000,3007000,3193000,3162000,2736000]",1089,14925000
13,43,5,"[961,970,1023,969,1079]","[2824000,2911000,2986000,2976000,3045000]",1079,14742000
13,44,5,"[953,985,1124,1000,1094]","[2797000,2967000,3247000,2954000,3057000]",1124,15022000
13,45,5,"[956,988,1097,923,1025]","[2797000,2971000,3258000,2779000,2904000]",1097,14709000
13,46,5,"[996,997,1054,977,988]","[2929000,3005000,3143000,2922000,2782000]",1054,14781000
13,47,5,"[988,977,1082,955,982]","[2906000,2933000,3181000,2911000,2741000]",1082,14672000
13,48,5,"[967,993,1061,1070,972]","[2834000,2977000,3169000,3181000,2744000]",1070,14905000
13,49,5,"[992,995,1069,994,1030]","[2926000,2923000,3101000,3057000,2888000]",1069,14895000
13,50,5,"[1002,988,1074,1053,991]","[2930000,2961000,3184000,3104000,2784000]",1074,14963000
13,51,5,"[1004,983,1095,1046,858]","[2945000,2957000,3214000,3107000,2515000]",1095,14738000
13,52,5,"[995,989,1112,933,970]","[2927000,2963000,3297000,2792000,2716000]",1112,14695000
13,53,5,"[1000,994,1021,1084,884]","[2953000,2977000,3035000,3209000,2575000]",1084,14749000
13,54,5,"[962,985,1089,982,972]","[2829000,2967000,3193000,3026000,2736000]",1089,14751000
13,55,5,"[997,1050,1071,1007,979]","[2936000,3116000,3041000,3039000,2748000]",1071,14880000
13,56,5,"[992,953,1054,1018,991]","[2926000,2863000,3130000,3065000,2797000]",1054,14781000
13,57,5,"[991,990,1067,989,983]","[2930000,2973000,3117000,3036000,2767000]",1067,14823000
13,58,5,"[957,985,1078,1099,911]","[2799000,2969000,3179000,3267000,2569000]",1099,14783000
13,59,5,"[1004,998,1096,1052,840]","[2945000,3005000,3219000,3115000,2450000]",1096,14734000
13,60,5,"[995,999,1064,1002,978]","[2928000,3014000,3091000,3034000,2757000]",1064,14824000
13,61,5,"[1003,982,1157,880,990]","[2933000,2957000,3411000,2666000,2796000]",1157,14763000
13,62,5,"[979,1021,1095,907,1067]","[2876000,3028000,3186000,2773000,3015000]",1095,14878000
13,63,5,"[1030,957,1121,946,980]","[2995000,2907000,3278000,2876000,2759000]",1121,14815000
13,64,5,"[951,989,1130,911,1067]","[2793000,2987000,3256000,2787000,3015000]",1130,14838000
13,65,5,"[989,967,1128,1015,983]","[2911000,2903000,3281000,3048000,2766000]",1128,14909000
14,1,5,"[984,1099,879,897,1079]","[2895000,3271000,2685000,2735000,3231000]",1099,14817000
14,2,5,"[1049,1084,922,972,1087]","[2934000,3227000,2836000,2953000,3128000]",1087,15078000
14,3,5,"[1002,1113,884,950,970]","[2830000,3276000,2693000,2923000,2858000]",1113,14580000
14,4,5,"[1025,1107,889,955,1081]","[2843000,3294000,2721000,2935000,3144000]",1107,14937000
14,5,5,"[1047,1101,956,1053,899]","[3079000,3273000,2850000,3231000,2628000]",1101,15061000
14,6,5,"[1047,1088,994,1089,994]","[3129000,3244000,2886000,3239000,2885000]",1089,15383000
14,7,5,"[1002,1115,886,951,1030]","[2827000,3274000,2705000,2924000,2981000]",1115,14711000
14,8,5,"[1024,1109,918,965,1029]","[2840000,3291000,2829000,2960000,2974000]",1109,14894000
14,9,5,"[854,1162,881,982,1068]","[2453000,3437000,2699000,3035000,3079000]",1162,14703000
14,10,5,"[1043,1091,1068,993,987]","[2917000,3208000,3164000,3011000,2851000]",1091,15151000
14,11,5,"[1025,1102,976,896,1075]","[2843000,3278000,2968000,2745000,3123000]",1102,14957000
14,12,5,"[1024,1111,921,971,1023]","[2835000,3283000,2830000,2967000,2967000]",1111,14882000
14,13,5,"[1088,1145,881,949,973]","[3153000,3407000,2705000,2920000,2809000]",1145,14994000
14,14,5,"[1007,1160,804,1017,1000]","[2944000,3455000,2442000,3058000,3002000]",1160,14901000
14,15,5,"[1056,1101,895,1057,941]","[3093000,3275000,2680000,3251000,2766000]",1101,15065000
14,16,5,"[987,1261,864,878,925]","[2907000,3776000,2649000,2682000,2755000]",1261,14769000
14,17,5,"[1021,1106,934,1055,944]","[2995000,3270000,2767000,3236000,2792000]",1106,15060000
14,18,5,"[954,1177,799,1022,1008]","[2805000,3521000,2417000,3068000,3036000]",1177,14847000
14,19,5,"[1073,1093,1036,1016,901]","[3149000,3242000,3046000,3097000,2634000]",1093,15168000
14,20,5,"[1057,1082,990,1091,949]","[3158000,3221000,2890000,3247000,2793000]",1091,15309000
14,21,5,"[1022,1077,890,1040,1224]","[2833000,3201000,2698000,3093000,3478000]",1224,15303000
14,22,5,"[1087,1145,882,948,1052]","[3157000,3407000,2710000,2919000,3070000]",1145,15263000
14,23,5,"[1094,1091,885,1025,1148]","[3040000,3218000,2694000,3071000,3257000]",1148,15280000
14,24,5,"[989,1135,855,1073,1126]","[2784000,3363000,2602000,3212000,3313000]",1135,15274000
14,25,5,"[1066,1112,1021,1049,998]","[3155000,3320000,2972000,3138000,2883000]",1112,15468000
14,26,5,"[1012,1106,931,1114,1041]","[2987000,3264000,2831000,3365000,2979000]",1114,15426000
14,27,5,"[915,1164,930,907,1058]","[2619000,3478000,2824000,2779000,3191000]",1164,14891000
14,28,5,"[1015,1103,874,1035,1072]","[2825000,3291000,2638000,3110000,3110000]",1103,14974000
14,29,5,"[861,1133,1082,1142,935]","[2466000,3346000,3151000,3509000,2780000]",1142,15252000
14,30,5,"[1024,1105,973,986,1029]","[2850000,3281000,2956000,2969000,2982000]",1105,15038000
14,31,5,"[961,1222,848,957,1014]","[2825000,3650000,2581000,2870000,3038000]",1222,14964000
14,32,5,"[987,1075,911,898,1075]","[2908000,3192000,2794000,2750000,3208000]",1075,14852000
14,33,5,"[1020,1093,897,1104,1030]","[2997000,3247000,2650000,3333000,3005000]",1104,15232000
14,34,5,"[1093,1143,887,952,1076]","[2973000,3359000,2704000,2923000,3118000]",1143,15077000
14,35,5,"[953,1069,1022,1070,1005]","[2803000,3171000,2985000,3278000,2940000]",1070,15177000
14,36,5,"[1112,1135,882,955,961]","[3222000,3375000,2705000,2934000,2768000]",1135,15004000
14,37,5,"[1007,1171,977,1078,937]","[2955000,3482000,2934000,3209000,2716000]",1171,15296000
14,38,5,"[849,1173,778,1027,1190]","[2433000,3489000,2363000,3112000,3514000]",1190,14911000
14,39,5,"[989,1202,871,1106,941]","[2875000,3559000,2612000,3230000,2721000]",1202,14997000
14,40,5,"[963,1139,778,1026,1074]","[2822000,3400000,2359000,3098000,3205000]",1139,14884000
14,41,5,"[949,1159,901,959,1053]","[2678000,3462000,2707000,2938000,3233000]",1159,15018000
14,42,5,"[1076,1109,1047,987,965]","[3150000,3308000,3004000,2988000,2839000]",1109,15289000
14,43,5,"[1002,1124,780,1044,1073]","[2922000,3347000,2364000,3139000,3201000]",1124,14973000
14,44,5,"[962,1158,923,1209,943]","[2853000,3450000,2690000,3588000,2791000]",1209,15372000
14,45,5,"[1044,1066,956,1210,946]","[3079000,3192000,2757000,3596000,2792000]",1210,15416000
14,46,5,"[995,1110,829,993,1079]","[2911000,3294000,2527000,2998000,3203000]",1110,14933000
14,47,5,"[1063,1073,920,962,1085]","[2967000,3185000,2836000,2903000,3120000]",1085,15011000
14,48,5,"[1003,1117,882,958,972]","[2838000,3285000,2694000,2940000,2860000]",1117,14617000
14,49,5,"[1051,1085,877,960,1086]","[2936000,3222000,2691000,2947000,3154000]",1086,14950000
14,50,5,"[1080,1102,956,1031,897]","[3184000,3275000,2845000,3130000,2628000]",1102,15062000
14,51,5,"[1046,1091,999,1090,996]","[3114000,3226000,2920000,3248000,2901000]",1091,15409000
14,52,5,"[1014,1112,874,950,1027]","[2852000,3258000,2682000,2916000,2970000]",1112,14678000
14,53,5,"[986,1169,923,969,1018]","[2735000,3442000,2835000,2968000,2954000]",1169,14934000
14,54,5,"[852,1154,885,984,1082]","[2445000,3427000,2707000,3035000,3118000]",1154,14732000
14,55,5,"[1047,1077,1066,1002,982]","[2922000,3184000,3167000,3011000,2841000]",1077,15125000
14,56,5,"[1016,1111,970,927,1074]","[2827000,3325000,2943000,2813000,3116000]",1111,15024000
14,57,5,"[1054,1081,920,962,1032]","[2947000,3207000,2844000,2945000,2995000]",1081,14938000
14,58,5,"[1086,1155,881,979,971]","[3155000,3417000,2700000,2990000,2796000]",1155,15058000
14,59,5,"[1007,1168,800,1019,1007]","[2944000,3471000,2422000,3058000,3027000]",1168,14922000
14,60,5,"[1052,1104,893,1079,939]","[3085000,3282000,2667000,3288000,2766000]",1104,15088000
14,61,5,"[989,1266,877,884,924]","[2911000,3791000,2696000,2702000,2746000]",1266,14846000
14,62,5,"[1020,1109,926,1060,941]","[3001000,3276000,2746000,3245000,2776000]",1109,15044000
14,63,5,"[954,1179,814,1024,994]","[2811000,3517000,2467000,3071000,2978000]",1179,14844000
14,64,5,"[1068,1086,1041,1019,906]","[3134000,3229000,3055000,3102000,2644000]",1086,15164000
14,65,5,"[1046,1080,1004,1094,952]","[3127000,3211000,2922000,3256000,2800000]",1094,15316000
15,1,5,"[1075,844,1061,847,1011]","[3163000,2449000,3256000,2426000,2979000]",1075,14273000
15,2,5,"[1091,851,1028,796,1066]","[3183000,2451000,3166000,2306000,3147000]",1091,14253000
15,3,5,"[1062,850,1030,850,1065]","[3133000,2446000,3170000,2412000,3149000]",1065,14310000
15,4,5,"[1092,823,1068,840,1012]","[3204000,2398000,3279000,2427000,2972000]",1092,14280000
15,5,5,"[1066,875,1059,951,1039]","[3143000,2518000,3272000,2715000,3011000]",1066,14659000
15,6,5,"[1068,875,1061,930,1020]","[3149000,2532000,3274000,2658000,2995000]",1068,14608000
15,7,5,"[1069,801,1034,930,1023]","[3123000,2330000,3190000,2682000,2996000]",1069,14321000
15,8,5,"[1069,968,1060,865,1017]","[3156000,2779000,3270000,2475000,2976000]",1069,14656000
15,9,5,"[1093,835,1028,803,1072]","[3199000,2443000,3179000,2318000,3159000]",1093,14298000
15,10,5,"[1084,842,1026,851,1063]","[3182000,2449000,3168000,2412000,3121000]",1084,14332000
15,11,5,"[1075,848,1066,892,1011]","[3165000,2469000,3267000,2540000,2958000]",1075,14399000
15,12,5,"[1062,965,1067,864,1026]","[3141000,2761000,3306000,2475000,3007000]",1067,14690000
15,13,5,"[1060,922,1070,920,967]","[3140000,2676000,3298000,2628000,2834000]",1070,14576000
15,14,5,"[1070,888,1058,864,1063]","[3157000,2562000,3276000,2475000,3133000]",1070,14603000
15,15,5,"[1085,830,1027,851,1071]","[3181000,2418000,3170000,2422000,3142000]",1085,14333000
15,16,5,"[1072,881,1062,867,1067]","[3154000,2536000,3295000,2481000,3118000]",1072,14584000
15,17,5,"[1096,849,1082,867,985]","[3205000,2481000,3290000,2467000,2865000]",1096,14308000
15,18,5,"[1063,875,1055,872,1086]","[3141000,2523000,3261000,2488000,3167000]",1086,14580000
15,19,5,"[1144,842,1083,825,988]","[3369000,2458000,3290000,2323000,2880000]",1144,14320000
15,20,5,"[1088,849,1035,852,1059]","[3187000,2454000,3195000,2412000,3118000]",1088,14366000
15,21,5,"[1125,875,1112,920,965]","[3302000,2524000,3432000,2628000,2832000]",1125,14718000
15,22,5,"[1076,888,1059,864,1046]","[3175000,2565000,3281000,2475000,3097000]",1076,14593000
15,23,5,"[1073,882,1104,922,1041]","[3159000,2543000,3374000,2633000,3008000]",1104,14717000
15,24,5,"[1057,879,1139,854,1008]","[3126000,2547000,3517000,2433000,2966000]",1139,14589000
15,25,5,"[1062,882,1128,849,1018]","[3138000,2531000,3500000,2424000,2984000]",1128,14577000
15,26,5,"[1078,848,1074,892,1008]","[3167000,2469000,3284000,2540000,2963000]",1078,14423000
15,27,5,"[1066,839,1178,887,930]","[3143000,2452000,3506000,2533000,2719000]",1178,14353000
15,28,5,"[1103,828,1058,845,986]","[3206000,2420000,3246000,2387000,2877000]",1103,14136000
15,29,5,"[1112,826,1125,826,991]","[3283000,2390000,3417000,2336000,2883000]",1125,14309000
15,30,5,"[1133,851,1033,933,1006]","[3277000,2460000,3176000,2634000,2959000]",1133,14506000
15,31,5,"[1096,847,1115,838,985]","[3216000,2464000,3374000,2385000,2865000]",1115,14304000
15,32,5,"[1072,853,1015,895,1028]","[3132000,2492000,3109000,2583000,3013000]",1072,14329000
15,33,5,"[1065,912,1117,927,972]","[3149000,2583000,3435000,2631000,2841000]",1117,14639000
15,34,5,"[1132,854,1122,899,968]","[3283000,2500000,3386000,2557000,2820000]",1132,14546000
15,35,5,"[1062,873,1117,837,1079]","[3140000,2520000,3447000,2385000,3152000]",1117,14644000
15,36,5,"[1101,864,1088,886,974]","[3239000,2494000,3322000,2492000,2835000]",1101,14382000
15,37,5,"[1067,889,1100,976,1015]","[3149000,2504000,3415000,2768000,2968000]",1100,14804000
15,38,5,"[1062,882,1124,936,994]","[3151000,2533000,3408000,2663000,2921000]",1124,14676000
15,39,5,"[1090,843,1026,808,1060]","[3182000,2449000,3168000,2333000,3129000]",1090,14261000
15,40,5,"[1073,869,1054,948,1057]","[3190000,2546000,3259000,2699000,3075000]",1073,14769000
15,41,5,"[1093,849,1130,867,988]","[3209000,2481000,3398000,2467000,2875000]",1130,14430000
15,42,5,"[1071,880,1062,927,1020]","[3162000,2537000,3287000,2661000,2977000]",1071,14624000
15,43,5,"[1236,836,1129,860,983]","[3585000,2433000,3440000,2450000,2872000]",1236,14780000
15,44,5,"[1083,842,1027,919,1098]","[3176000,2449000,3170000,2620000,3210000]",1098,14625000
15,45,5,"[1099,852,1012,914,988]","[3207000,2508000,3080000,2548000,2884000]",1099,14227000
15,46,5,"[995,840,1060,892,1010]","[2943000,2444000,3256000,2568000,2967000]",1060,14178000
15,47,5,"[1092,846,993,843,1054]","[3203000,2461000,3052000,2430000,3105000]",1092,14251000
15,48,5,"[1063,846,1027,849,1053]","[3135000,2451000,3170000,2413000,3099000]",1063,14268000
15,49,5,"[1095,828,1011,890,1016]","[3207000,2423000,3102000,2587000,2986000]",1095,14305000
15,50,5,"[1098,874,1063,944,1041]","[3241000,2518000,3276000,2676000,3025000]",1098,14736000
15,51,5,"[1067,914,1068,975,1019]","[3148000,2608000,3286000,2766000,2988000]",1068,14796000
15,52,5,"[1060,798,1037,930,1020]","[3108000,2330000,3194000,2672000,3003000]",1060,14307000
15,53,5,"[1061,971,1064,879,1018]","[3141000,2772000,3293000,2495000,2982000]",1064,14683000
15,54,5,"[1097,821,1047,794,1069]","[3215000,2391000,3240000,2293000,3154000]",1097,14293000
15,55,5,"[1086,842,1032,851,1083]","[3178000,2453000,3168000,2412000,3156000]",1086,14367000
15,56,5,"[1080,847,1058,892,1008]","[3174000,2453000,3251000,2543000,2955000]",1080,14376000
15,57,5,"[1058,971,1063,878,1018]","[3129000,2782000,3296000,2495000,2982000]",1063,14684000
15,58,5,"[1073,921,1072,924,959]","[3181000,2675000,3299000,2645000,2820000]",1073,14620000
15,59,5,"[1092,882,1061,851,1073]","[3223000,2558000,3270000,2423000,3160000]",1092,14634000
15,60,5,"[1087,830,1023,885,1029]","[3193000,2423000,3162000,2532000,3014000]",1087,14324000
15,61,5,"[1065,866,1060,869,1067]","[3146000,2515000,3287000,2497000,3140000]",1067,14585000
15,62,5,"[1087,855,1083,866,985]","[3191000,2499000,3288000,2457000,2857000]",1087,14292000
15,63,5,"[1060,872,1052,869,1083]","[3136000,2526000,3259000,2482000,3162000]",1083,14565000
15,64,5,"[1139,838,1084,800,995]","[3348000,2448000,3294000,2275000,2904000]",1139,14269000
15,65,5,"[1112,853,1025,848,1067]","[3263000,2454000,3160000,2408000,3153000]",1112,14438000
16,1,5,"[1158,1155,967,995,931]","[3504000,3386000,2865000,2877000,2697000]",1158,15329000
16,2,5,"[1113,1042,1041,1128,930]","[3358000,3044000,3084000,3216000,2704000]",1128,15406000
16,3,5,"[1157,1076,1060,996,933]","[3503000,3136000,3137000,2870000,2708000]",1157,15354000
16,4,5,"[1099,1036,1067,1093,1066]","[3140000,3041000,3265000,3044000,3050000]",1099,15540000
16,5,5,"[1161,1148,959,998,931]","[3519000,3387000,2841000,2878000,2698000]",1161,15323000
16,6,5,"[1109,972,1065,975,1140]","[3166000,2869000,3273000,2813000,3263000]",1140,15384000
16,7,5,"[1101,1095,1087,1070,961]","[3131000,3217000,3316000,2942000,2880000]",1101,15486000
16,8,5,"[1118,1041,1123,959,1055]","[3375000,3028000,3335000,2792000,2989000]",1123,15519000
16,9,5,"[1101,1092,1082,1068,1103]","[3134000,3221000,3298000,2938000,3144000]",1103,15735000
16,10,5,"[1159,1155,965,1018,928]","[3504000,3408000,2853000,2929000,2692000]",1159,15386000
16,11,5,"[1116,1039,1040,1129,931]","[3370000,3049000,3082000,3218000,2706000]",1129,15425000
16,12,5,"[1120,1046,1125,940,1057]","[3377000,3048000,3360000,2738000,2991000]",1125,15514000
16,13,5,"[1161,1158,959,1017,922]","[3519000,3417000,2840000,2930000,2678000]",1161,15384000
16,14,5,"[1102,973,1066,978,1146]","[3152000,2874000,3269000,2819000,3274000]",1146,15388000
16,15,5,"[1107,1065,1079,1110,966]","[3159000,3146000,3292000,3063000,2883000]",1110,15543000
16,16,5,"[1106,1055,1085,1114,1102]","[3153000,3099000,3310000,3071000,3156000]",1114,15789000
16,17,5,"[1077,1129,1042,1132,931]","[3247000,3247000,3089000,3238000,2709000]",1132,15530000
16,18,5,"[1155,1074,1070,1012,940]","[3504000,3132000,3159000,2903000,2740000]",1155,15438000
16,19,5,"[1101,1026,1069,1127,1059]","[3150000,3031000,3263000,3138000,3028000]",1127,15610000
16,20,5,"[1114,1043,1117,1012,1069]","[3354000,3043000,3324000,2867000,3022000]",1117,15610000
16,21,5,"[1105,1037,1134,1072,964]","[3145000,3050000,3456000,2948000,2890000]",1134,15489000
16,22,5,"[1237,1377,963,989,1084]","[3534000,3982000,2847000,2849000,3085000]",1377,16297000
16,23,5,"[1136,999,1236,993,1045]","[3439000,2878000,3732000,2769000,2934000]",1236,15752000
16,24,5,"[1345,981,1090,1105,1141]","[3984000,2892000,3168000,3185000,3259000]",1345,16488000
16,25,5,"[1120,975,1141,1009,1106]","[3186000,2885000,3439000,2908000,3161000]",1141,15579000
16,26,5,"[1114,1033,1046,1147,996]","[3360000,3019000,3106000,3272000,2776000]",1147,15533000
16,27,5,"[1146,1178,1042,1126,936]","[3383000,3386000,3087000,3221000,2718000]",1178,15795000
16,28,5,"[1118,1038,1124,1049,1038]","[3359000,3028000,3364000,2986000,2943000]",1124,15680000
16,29,5,"[1292,1360,1053,938,1049]","[3630000,3919000,3116000,2740000,2947000]",1360,16352000
16,30,5,"[1151,1045,1128,1109,1070]","[3289000,3012000,3346000,3121000,3088000]",1151,15856000
16,31,5,"[1118,1099,1176,1018,936]","[3371000,3166000,3471000,2851000,2727000]",1176,15586000
16,32,5,"[1183,1134,1107,1069,1049]","[3366000,3386000,3216000,3109000,3025000]",1183,16102000
16,33,5,"[1130,1071,1071,1063,971]","[3368000,3126000,3266000,2933000,2813000]",1130,15506000
16,34,5,"[1098,1217,985,1206,936]","[3259000,3502000,2895000,3392000,2730000]",1217,15778000
16,35,5,"[1109,1122,1146,1027,1200]","[3283000,3181000,3513000,2852000,3402000]",1200,16231000
16,36,5,"[1119,1292,960,1042,1121]","[3205000,3745000,2836000,2942000,3176000]",1292,15904000
16,37,5,"[1113,1046,1113,949,994]","[3360000,3040000,3321000,2764000,2831000]",1113,15316000
16,38,5,"[1081,1123,1044,1138,934]","[3264000,3230000,3096000,3242000,2707000]",1138,15539000
16,39,5,"[1139,1131,1219,1058,957]","[3294000,3330000,3680000,2932000,2733000]",1219,15969000
16,40,5,"[1391,989,1089,1087,1132]","[4113000,2910000,3126000,3198000,3251000]",1391,16598000
16,41,5,"[1123,1217,964,1235,954]","[3308000,3510000,2800000,3513000,2757000]",1235,15888000
16,42,5,"[1119,1121,1042,1138,968]","[3368000,3224000,3076000,3242000,2810000]",1138,15720000
16,43,5,"[1142,1106,1102,953,987]","[3379000,3215000,3331000,2679000,2863000]",1142,15467000
16,44,5,"[1163,1167,962,1057,1016]","[3392000,3346000,2857000,2987000,3011000]",1167,15593000
16,45,5,"[1077,1129,1043,1169,948]","[3247000,3247000,3091000,3279000,2758000]",1169,15622000
16,46,5,"[1157,1144,956,994,948]","[3504000,3358000,2830000,2865000,2760000]",1157,15317000
16,47,5,"[1113,1042,1042,1081,976]","[3358000,3044000,3083000,3095000,2841000]",1113,15421000
16,48,5,"[1159,1078,1018,1022,941]","[3504000,3143000,3019000,2940000,2739000]",1159,15345000
16,49,5,"[1105,1029,1105,1095,1069]","[3164000,3035000,3342000,3044000,3062000]",1105,15647000
16,50,5,"[1167,1123,960,1033,934]","[3530000,3311000,2837000,2971000,2708000]",1167,15357000
16,51,5,"[1111,1039,1065,975,1070]","[3170000,3085000,3267000,2813000,3048000]",1111,15383000
16,52,5,"[1102,1093,1080,1094,945]","[3139000,3222000,3288000,3016000,2819000]",1102,15484000
16,53,5,"[1132,1048,1112,946,938]","[3403000,3057000,3316000,2758000,2740000]",1132,15274000
16,54,5,"[1100,1093,1081,1068,1102]","[3132000,3226000,3303000,2951000,3144000]",1102,15756000
16,55,5,"[1166,1126,958,1032,935]","[3539000,3308000,2837000,2983000,2717000]",1166,15384000
16,56,5,"[1121,1027,986,1187,943]","[3380000,3011000,2901000,3397000,2735000]",1187,15424000
16,57,5,"[1117,1053,1126,955,1045]","[3381000,3077000,3346000,2814000,2948000]",1126,15566000
16,58,5,"[1098,1298,962,1008,929]","[3311000,3776000,2851000,2901000,2697000]",1298,15536000
16,59,5,"[1012,975,1070,976,1138]","[2961000,2885000,3293000,2815000,3258000]",1138,15212000
16,60,5,"[1105,1064,1073,1130,957]","[3158000,3131000,3280000,3122000,2844000]",1130,15535000
16,61,5,"[1101,1059,1074,1127,1092]","[3146000,3120000,3282000,3117000,3110000]",1127,15775000
16,62,5,"[1087,1131,1044,1087,931]","[3271000,3264000,3108000,3154000,2711000]",1131,15508000
16,63,5,"[1167,1051,1060,1031,934]","[3541000,3063000,3137000,2968000,2712000]",1167,15421000
16,64,5,"[1107,1078,1070,1122,1046]","[3167000,3178000,3270000,3126000,2976000]",1122,15717000
16,65,5,"[1116,1043,1118,1014,1069]","[3362000,3041000,3322000,2864000,3035000]",1118,15624000
17,1,5,"[908,1029,1000,1064,1063]","[2669000,3010000,2870000,3085000,3032000]",1064,14666000
17,2,5,"[976,1021,869,1160,888]","[2891000,3029000,2529000,3361000,2578000]",1160,14388000
17,3,5,"[982,1051,906,1059,1062]","[2842000,3108000,2641000,3079000,3024000]",1062,14694000
17,4,5,"[1013,1056,911,1058,1055]","[2943000,3095000,2633000,3072000,3009000]",1058,14752000
17,5,5,"[1019,994,864,1159,886]","[3013000,2964000,2505000,3375000,2580000]",1159,14437000
17,6,5,"[934,1017,1007,1061,1059]","[2744000,2967000,2876000,3082000,3029000]",1061,14698000
17,7,5,"[988,1028,866,1091,1013]","[2932000,3049000,2506000,3150000,2900000]",1091,14537000
17,8,5,"[913,1020,939,1106,1062]","[2679000,2970000,2686000,3222000,3018000]",1106,14575000
17,9,5,"[908,1029,1004,1064,1062]","[2669000,3008000,2878000,3084000,3034000]",1064,14673000
17,10,5,"[978,1023,872,1161,882]","[2891000,3045000,2536000,3357000,2568000]",1161,14397000
17,11,5,"[907,1026,999,1093,1037]","[2669000,3002000,2868000,3159000,2965000]",1093,14663000
17,12,5,"[979,1013,862,1223,892]","[2896000,3007000,2497000,3509000,2583000]",1223,14492000
17,13,5,"[979,998,873,1228,885]","[2891000,2941000,2541000,3520000,2563000]",1228,14456000
17,14,5,"[912,1009,1005,1097,1044]","[2690000,2937000,2883000,3172000,2991000]",1097,14673000
17,15,5,"[941,1026,964,1067,1068]","[2770000,2999000,2777000,3099000,3037000]",1068,14682000
17,16,5,"[947,1019,971,1125,956]","[2784000,2977000,2800000,3250000,2773000]",1125,14584000
17,17,5,"[940,1044,959,1064,1062]","[2777000,3052000,2761000,3084000,3024000]",1064,14698000
17,18,5,"[983,1033,901,1095,1046]","[2848000,3035000,2611000,3173000,3010000]",1095,14677000
17,19,5,"[974,1012,863,1224,891]","[2877000,3002000,2514000,3502000,2579000]",1224,14474000
17,20,5,"[990,1008,865,1208,906]","[2928000,3002000,2514000,3487000,2620000]",1208,14551000
17,21,5,"[942,1178,872,1115,1040]","[2742000,3375000,2524000,3256000,3001000]",1178,14898000
17,22,5,"[936,1026,929,1124,1055]","[2754000,3021000,2664000,3288000,3021000]",1124,14748000
17,23,5,"[978,1065,942,1094,1040]","[2838000,3049000,2730000,3154000,2980000]",1094,14751000
17,24,5,"[931,1024,934,1078,1066]","[2736000,2997000,2674000,3162000,3052000]",1078,14621000
17,25,5,"[902,1046,943,1150,1029]","[2642000,3067000,2763000,3332000,2921000]",1150,14725000
17,26,5,"[967,997,937,1253,1045]","[2804000,2879000,2740000,3622000,3057000]",1253,15102000
17,27,5,"[909,1037,875,1185,1027]","[2670000,3020000,2564000,3471000,2945000]",1185,14670000
17,28,5,"[859,1022,921,1188,1023]","[2491000,2976000,2705000,3461000,2937000]",1188,14570000
17,29,5,"[940,1028,965,1097,1043]","[2766000,3013000,2766000,3179000,2981000]",1097,14705000
17,30,5,"[974,1129,999,1173,1085]","[2821000,3248000,2875000,3406000,3173000]",1173,15523000
17,31,5,"[1013,1061,858,1090,1041]","[2940000,3101000,2485000,3161000,2974000]",1090,14661000
17,32,5,"[907,1026,999,1063,1056]","[2667000,3003000,2868000,3084000,3006000]",1063,14628000
17,33,5,"[905,1026,972,1080,1059]","[2663000,2984000,2786000,3161000,3018000]",1080,14612000
17,34,5,"[903,1031,939,1106,1043]","[2644000,2985000,2752000,3242000,2990000]",1106,14613000
17,35,5,"[907,1033,875,1185,1031]","[2666000,3005000,2564000,3474000,2953000]",1185,14662000
17,36,5,"[903,1031,939,1106,1043]","[2644000,2985000,2752000,3242000,2990000]",1106,14613000
17,37,5,"[985,1019,866,1161,1004]","[2904000,3024000,2513000,3324000,2878000]",1161,14643000
17,38,5,"[944,1052,867,1108,969]","[2788000,3081000,2513000,3167000,2796000]",1108,14345000
17,39,5,"[987,1034,910,1063,1057]","[2852000,3049000,2643000,3098000,3019000]",1063,14661000
17,40,5,"[925,1037,948,1140,1021]","[2729000,2991000,2792000,3334000,2920000]",1140,14766000
17,41,5,"[936,1083,894,1068,1038]","[2755000,3171000,2595000,3072000,2973000]",1083,14566000
17,42,5,"[972,1034,914,1100,1044]","[2844000,2918000,2692000,3177000,3018000]",1100,14649000
17,43,5,"[983,1022,869,1090,1019]","[2898000,3027000,2516000,3165000,2922000]",1090,14528000
17,44,5,"[940,1042,957,1094,1046]","[2768000,3028000,2760000,3158000,2981000]",1094,14695000
17,45,5,"[990,972,882,1138,1014]","[2935000,2862000,2587000,3332000,2907000]",1138,14623000
17,46,5,"[1045,1027,1004,1062,980]","[3024000,3006000,2874000,3094000,2776000]",1062,14774000
17,47,5,"[986,1025,869,1143,881]","[2930000,3064000,2520000,3317000,2563000]",1143,14394000
17,48,5,"[1005,1052,890,1030,1065]","[2913000,3089000,2577000,3003000,3042000]",1065,14624000
17,49,5,"[1012,1060,942,1068,1045]","[2939000,3099000,2681000,3070000,2976000]",1068,14765000
17,50,5,"[1019,1045,865,1115,886]","[3013000,3117000,2509000,3223000,2580000]",1115,14442000
17,51,5,"[931,1028,995,1057,1006]","[2734000,3011000,2860000,3066000,2930000]",1057,14601000
17,52,5,"[994,1039,881,1087,1016]","[2944000,3104000,2535000,3162000,2900000]",1087,14645000
17,53,5,"[913,1030,938,1128,1072]","[2677000,3009000,2683000,3284000,3083000]",1128,14736000
17,54,5,"[915,1014,1006,1074,1037]","[2678000,2956000,2886000,3125000,3004000]",1074,14649000
17,55,5,"[988,1074,869,1171,883]","[2914000,3115000,2523000,3380000,2573000]",1171,14505000
17,56,5,"[912,1024,1004,1114,1038]","[2691000,3005000,2877000,3209000,2963000]",1114,14745000
17,57,5,"[979,1015,900,1227,876]","[2896000,3005000,2606000,3520000,2517000]",1227,14544000
17,58,5,"[991,995,871,1190,929]","[2947000,2953000,2553000,3411000,2697000]",1190,14561000
17,59,5,"[957,1020,1002,1095,1009]","[2796000,2976000,2874000,3172000,2884000]",1095,14702000
17,60,5,"[944,1017,970,1079,1064]","[2768000,2967000,2786000,3139000,3020000]",1079,14680000
17,61,5,"[938,1018,970,1124,956]","[2764000,2972000,2798000,3248000,2778000]",1124,14560000
17,62,5,"[935,1041,960,1033,1093]","[2764000,3037000,2760000,2985000,3134000]",1093,14680000
17,63,5,"[982,1046,899,1064,1080]","[2846000,3076000,2596000,3075000,3106000]",1080,14699000
17,64,5,"[974,1062,865,1180,889]","[2877000,3150000,2524000,3354000,2575000]",1180,14480000
17,65,5,"[984,1020,871,1199,904]","[2913000,3033000,2547000,3430000,2611000]",1199,14534000
18,1,5,"[1011,1026,1023,1040,948]","[3051000,3009000,3054000,3078000,2737000]",1040,14929000
18,2,5,"[1041,1030,1029,1012,948]","[3138000,3019000,3054000,2979000,2727000]",1041,14917000
18,3,5,"[1074,1054,698,1049,925]","[3244000,3020000,2007000,3091000,2688000]",1074,14050000
18,4,5,"[1045,1036,1022,1014,934]","[3148000,3041000,3042000,2986000,2693000]",1045,14910000
18,5,5,"[1106,1006,698,1053,911]","[3308000,2943000,1989000,3099000,2664000]",1106,14003000
18,6,5,"[1110,1050,701,1003,945]","[3313000,3021000,2015000,2947000,2773000]",1110,14069000
18,7,5,"[1060,1039,1052,991,1008]","[3184000,2966000,3074000,2928000,2911000]",1060,15063000
18,8,5,"[1078,1055,701,1052,945]","[3269000,3027000,2022000,3100000,2756000]",1078,14174000
18,9,5,"[1059,1080,1056,1035,884]","[3181000,3116000,3070000,3062000,2593000]",1080,15022000
18,10,5,"[1063,1082,1017,1042,896]","[3196000,3109000,3001000,3076000,2638000]",1082,15020000
18,11,5,"[1101,1098,750,1064,887]","[3276000,3174000,2172000,3201000,2660000]",1101,14483000
18,12,5,"[1110,1057,716,1053,907]","[3313000,3038000,2032000,3087000,2651000]",1110,14121000
18,13,5,"[1111,1058,637,1098,918]","[3314000,3032000,1832000,3243000,2684000]",1111,14105000
18,14,5,"[1012,1084,1010,1052,946]","[3051000,3141000,2984000,3093000,2706000]",1084,14975000
18,15,5,"[1108,1065,649,1105,968]","[3299000,3150000,1867000,3269000,2841000]",1108,14426000
18,16,5,"[1104,1049,752,1072,888]","[3282000,3076000,2174000,3231000,2672000]",1104,14435000
18,17,5,"[1062,1040,1052,1037,985]","[3188000,2972000,3074000,3059000,2840000]",1062,15133000
18,18,5,"[992,1034,1047,1092,902]","[3000000,3032000,3120000,3222000,2572000]",1092,14946000
18,19,5,"[1115,1047,639,1102,918]","[3337000,3003000,1832000,3250000,2679000]",1115,14101000
18,20,5,"[1105,1068,681,1102,967]","[3293000,3142000,1935000,3269000,2838000]",1105,14477000
18,21,5,"[1108,1032,887,1059,1010]","[3293000,3049000,2409000,3148000,2927000]",1108,14826000
18,22,5,"[1109,1031,829,1067,940]","[3290000,2974000,2371000,3207000,2810000]",1109,14652000
18,23,5,"[968,1101,1046,1146,938]","[2917000,3178000,3061000,3351000,2700000]",1146,15207000
18,24,5,"[1000,1180,1124,1135,951]","[2985000,3354000,3264000,3281000,2717000]",1180,15601000
18,25,5,"[1018,1163,1047,1012,940]","[3057000,3311000,3043000,3007000,2711000]",1163,15129000
18,26,5,"[1025,1135,1046,1014,944]","[3077000,3274000,3043000,3010000,2718000]",1135,15122000
18,27,5,"[1104,1065,748,1099,917]","[3273000,3151000,2105000,3266000,2704000]",1104,14499000
18,28,5,"[1081,1085,906,1072,977]","[3181000,3151000,2600000,3152000,2854000]",1085,14938000
18,29,5,"[1102,1072,748,1067,967]","[3279000,3158000,2102000,3171000,2838000]",1102,14548000
18,30,5,"[962,1165,1021,1013,932]","[2893000,3374000,3034000,2997000,2682000]",1165,14980000
18,31,5,"[1074,1061,687,1003,966]","[3252000,3079000,1948000,2962000,2808000]",1074,14049000
18,32,5,"[1008,1133,684,1055,971]","[3019000,3238000,1961000,3111000,2826000]",1133,14155000
18,33,5,"[981,1186,1048,1122,941]","[2920000,3375000,3059000,3272000,2698000]",1186,15324000
18,34,5,"[1113,1090,723,959,947]","[3332000,3128000,2052000,2829000,2781000]",1113,14122000
18,35,5,"[1076,981,1013,1119,924]","[3205000,2813000,3016000,3195000,2573000]",1119,14802000
18,36,5,"[977,1208,1053,1079,947]","[2926000,3445000,3077000,3155000,2703000]",1208,15306000
18,37,5,"[1039,1030,1018,949,1059]","[3134000,3014000,3044000,2777000,3027000]",1059,14996000
18,38,5,"[1079,1049,693,1112,959]","[3245000,3028000,1998000,3303000,2840000]",1112,14414000
18,39,5,"[1170,1019,1054,1106,984]","[3465000,2931000,3028000,3229000,2789000]",1170,15442000
18,40,5,"[1028,1079,777,1047,946]","[3053000,3089000,2212000,3081000,2772000]",1079,14207000
18,41,5,"[1024,1222,701,999,874]","[3068000,3571000,2018000,2955000,2592000]",1222,14204000
18,42,5,"[978,1273,1028,1160,948]","[2929000,3593000,2920000,3325000,2764000]",1273,15531000
18,43,5,"[1141,1061,716,1056,1216]","[3442000,3039000,2032000,3148000,3635000]",1216,15296000
18,44,5,"[989,1094,1032,1005,943]","[3004000,3165000,3075000,2998000,2723000]",1094,14965000
18,45,5,"[1106,1053,756,1137,881]","[3292000,3084000,2189000,3364000,2643000]",1137,14572000
18,46,5,"[1024,1026,953,1183,943]","[3075000,3009000,2811000,3469000,2718000]",1183,15082000
18,47,5,"[1054,993,1021,1009,991]","[3194000,2889000,3053000,2978000,2846000]",1054,14960000
18,48,5,"[999,1124,696,1052,921]","[2995000,3257000,1997000,3093000,2683000]",1124,14025000
18,49,5,"[1065,1037,1024,1013,938]","[3218000,3042000,3047000,2979000,2725000]",1065,15011000
18,50,5,"[1107,1006,699,1054,930]","[3311000,2941000,1993000,3099000,2697000]",1107,14041000
18,51,5,"[1111,1044,725,1004,945]","[3313000,2994000,2073000,2959000,2767000]",1111,14106000
18,52,5,"[1060,1052,1073,998,996]","[3203000,3009000,3128000,2939000,2879000]",1073,15158000
18,53,5,"[1091,1055,698,1067,941]","[3283000,3027000,1997000,3145000,2725000]",1091,14177000
18,54,5,"[1057,1080,1069,992,919]","[3188000,3106000,3103000,2927000,2688000]",1080,15012000
18,55,5,"[1064,1078,1018,984,923]","[3205000,3101000,3002000,2909000,2713000]",1078,14930000
18,56,5,"[1088,1103,780,1072,878]","[3218000,3186000,2247000,3248000,2637000]",1103,14536000
18,57,5,"[1110,1093,715,972,907]","[3314000,3152000,2032000,2885000,2651000]",1110,14034000
18,58,5,"[1105,1007,650,1100,913]","[3306000,2938000,1860000,3248000,2674000]",1105,14026000
18,59,5,"[1039,1084,1010,1017,943]","[3143000,3141000,2984000,2987000,2700000]",1084,14955000
18,60,5,"[1113,1071,650,1101,975]","[3312000,3160000,1867000,3260000,2867000]",1113,14466000
18,61,5,"[1110,1049,705,1157,886]","[3312000,3076000,2020000,3464000,2668000]",1157,14540000
18,62,5,"[1060,1039,1052,991,1008]","[3184000,2966000,3074000,2928000,2911000]",1060,15063000
18,63,5,"[998,1022,1048,1096,923]","[3028000,2972000,3099000,3237000,2646000]",1096,14982000
18,64,5,"[1119,1052,640,1106,941]","[3352000,3017000,1847000,3273000,2713000]",1119,14202000
18,65,5,"[1102,1006,681,1106,1030]","[3278000,2963000,1935000,3274000,3027000]",1106,14477000
19,1,5,"[938,1088,815,1110,911]","[2788000,3224000,2479000,3464000,2701000]",1110,14656000
19,2,5,"[955,1070,827,1075,992]","[2759000,3155000,2527000,3359000,2962000]",1075,14762000
19,3,5,"[857,1572,771,788,832]","[2351000,4683000,2407000,2380000,2501000]",1572,14322000
19,4,5,"[936,1051,782,1161,909]","[2776000,3108000,2398000,3626000,2699000]",1161,14607000
19,5,5,"[942,1070,833,1078,946]","[2780000,3163000,2537000,3365000,2830000]",1078,14675000
19,6,5,"[922,1048,950,1047,941]","[2694000,3117000,2905000,3261000,2812000]",1048,14789000
19,7,5,"[1012,1075,833,1076,952]","[2910000,3181000,2549000,3364000,2838000]",1076,14842000
19,8,5,"[922,1050,950,1050,993]","[2696000,3122000,2905000,3276000,2912000]",1050,14911000
19,9,5,"[955,1077,827,1080,1013]","[2767000,3180000,2532000,3354000,3007000]",1080,14840000
19,10,5,"[869,1083,832,1076,1053]","[2560000,3197000,2535000,3354000,3121000]",1083,14767000
19,11,5,"[760,1341,828,1078,921]","[2153000,4002000,2513000,3236000,2760000]",1341,14664000
19,12,5,"[921,1028,830,1117,1012]","[2665000,3073000,2533000,3487000,2998000]",1117,14756000
19,13,5,"[936,1048,784,1217,907]","[2776000,3102000,2402000,3751000,2699000]",1217,14730000
19,14,5,"[891,1049,944,1052,1002]","[2643000,3110000,2881000,3264000,2958000]",1052,14856000
19,15,5,"[869,1082,832,1079,1047]","[2560000,3203000,2535000,3359000,3114000]",1082,14771000
19,16,5,"[732,2320,612,613,556]","[2019000,7061000,1864000,1750000,1657000]",2320,14351000
19,17,5,"[852,1577,863,875,727]","[2340000,4674000,2687000,2612000,2174000]",1577,14487000
19,18,5,"[891,1049,956,1052,1002]","[2643000,3101000,2899000,3264000,2958000]",1052,14865000
19,19,5,"[740,2317,611,653,574]","[2034000,7055000,1862000,1871000,1669000]",2317,14491000
19,20,5,"[678,1718,811,867,741]","[2016000,5180000,2517000,2603000,2234000]",1718,14550000
19,21,5,"[948,1077,948,1096,984]","[2788000,3188000,2829000,3402000,2961000]",1096,15168000
19,22,5,"[881,1075,890,1149,1013]","[2597000,3163000,2725000,3544000,2971000]",1149,15000000
19,23,5,"[818,1372,910,927,927]","[2413000,4011000,2810000,2762000,2698000]",1372,14694000
19,24,5,"[906,1249,803,1052,913]","[2493000,3713000,2421000,3195000,2723000]",1249,14545000
19,25,5,"[881,1078,937,1082,1017]","[2591000,3171000,2842000,3361000,3005000]",1082,14970000
19,26,5,"[856,1630,867,852,854]","[2346000,4805000,2697000,2502000,2472000]",1630,14822000
19,27,5,"[818,1342,800,1091,830]","[2409000,4025000,2465000,3310000,2474000]",1342,14683000
19,28,5,"[868,1366,800,1091,837]","[2525000,4082000,2476000,3314000,2492000]",1366,14889000
19,29,5,"[858,1743,788,862,783]","[2367000,5164000,2479000,2629000,2175000]",1743,14814000
19,30,5,"[904,1007,939,1116,950]","[2681000,2996000,2817000,3499000,2840000]",1116,14833000
19,31,5,"[902,961,952,1064,1049]","[2649000,2881000,2884000,3307000,3105000]",1064,14826000
19,32,5,"[895,1323,820,1047,994]","[2493000,3951000,2525000,3189000,2843000]",1323,15001000
19,33,5,"[815,1306,796,1089,921]","[2405000,3903000,2456000,3319000,2719000]",1306,14802000
19,34,5,"[925,1020,831,1117,1042]","[2700000,3058000,2540000,3500000,3067000]",1117,14865000
19,35,5,"[980,1008,867,1069,1050]","[2806000,2983000,2625000,3322000,3123000]",1069,14859000
19,36,5,"[850,1087,1000,1076,992]","[2505000,3220000,3042000,3284000,2906000]",1087,14957000
19,37,5,"[947,1615,773,854,808]","[2600000,4901000,2411000,2590000,2372000]",1615,14874000
19,38,5,"[855,1344,941,983,806]","[2556000,3975000,2929000,2948000,2417000]",1344,14825000
19,39,5,"[930,1745,873,847,830]","[2562000,5181000,2707000,2460000,2282000]",1745,15192000
19,40,5,"[954,1073,791,1116,985]","[2754000,3172000,2412000,3492000,2951000]",1116,14781000
19,41,5,"[867,1272,877,1029,911]","[2544000,3797000,2663000,3144000,2737000]",1272,14885000
19,42,5,"[825,1918,776,814,741]","[2257000,5668000,2386000,2412000,2144000]",1918,14867000
19,43,5,"[835,1054,829,1116,971]","[2453000,3148000,2531000,3485000,2862000]",1116,14479000
19,44,5,"[1034,1185,826,1105,1057]","[2893000,3515000,2493000,3326000,3142000]",1185,15369000
19,45,5,"[947,1448,784,1033,769]","[2620000,4346000,2483000,3035000,2327000]",1448,14811000
19,46,5,"[936,1087,814,1113,925]","[2784000,3228000,2474000,3473000,2725000]",1113,14684000
19,47,5,"[954,1071,855,1076,993]","[2757000,3170000,2584000,3364000,2964000]",1076,14839000
19,48,5,"[857,1574,771,788,834]","[2357000,4687000,2407000,2377000,2505000]",1574,14333000
19,49,5,"[952,1047,782,1163,916]","[2805000,3105000,2398000,3646000,2745000]",1163,14699000
19,50,5,"[937,1111,833,1079,944]","[2780000,3267000,2537000,3365000,2806000]",1111,14755000
19,51,5,"[923,1049,1051,1004,938]","[2698000,3113000,3148000,3114000,2802000]",1051,14875000
19,52,5,"[1012,1103,833,1107,952]","[2910000,3270000,2549000,3391000,2838000]",1107,14958000
19,53,5,"[922,1074,950,1050,993]","[2696000,3187000,2905000,3276000,2912000]",1074,14976000
19,54,5,"[975,1076,827,1079,1010]","[2792000,3185000,2532000,3354000,2998000]",1079,14861000
19,55,5,"[878,1069,833,1079,1018]","[2563000,3159000,2537000,3370000,3059000]",1079,14688000
19,56,5,"[760,1341,828,1078,921]","[2153000,4002000,2513000,3236000,2760000]",1341,14664000
19,57,5,"[922,1073,796,1117,1012]","[2671000,3209000,2423000,3487000,2998000]",1117,14788000
19,58,5,"[994,1045,797,1213,919]","[2906000,3101000,2398000,3740000,2737000]",1213,14882000
19,59,5,"[897,1045,945,1050,1052]","[2656000,3091000,2883000,3249000,3049000]",1052,14928000
19,60,5,"[976,1072,830,1078,1019]","[2798000,3163000,2535000,3354000,3034000]",1078,14884000
19,61,5,"[733,2315,641,615,557]","[2017000,7054000,1926000,1754000,1671000]",2315,14422000
19,62,5,"[855,1616,940,876,720]","[2338000,4749000,2858000,2622000,2142000]",1616,14709000
19,63,5,"[806,1053,949,1058,1091]","[2407000,3110000,2900000,3278000,3200000]",1091,14895000
19,64,5,"[749,2321,612,605,572]","[2054000,7057000,1875000,1777000,1654000]",2321,14417000
19,65,5,"[678,1665,811,993,741]","[2016000,5008000,2517000,2924000,2234000]",1665,14699000
20,1,5,"[864,930,901,1168,1129]","[2593000,2760000,2687000,3483000,3492000]",1168,15015000
20,2,5,"[865,1034,984,1052,1133]","[2603000,3013000,2928000,3060000,3505000]",1133,15109000
20,3,5,"[864,955,902,1167,1127]","[2593000,2799000,2689000,3483000,3488000]",1167,15052000
20,4,5,"[853,1053,1029,1115,1118]","[2580000,3079000,2949000,3325000,3438000]",1118,15371000
20,5,5,"[858,962,941,1138,1126]","[2583000,2817000,2791000,3409000,3489000]",1138,15089000
20,6,5,"[862,995,939,1137,1124]","[2598000,2888000,2789000,3412000,3481000]",1137,15168000
20,7,5,"[847,1053,1035,1130,1120]","[2555000,3079000,2960000,3362000,3434000]",1130,15390000
20,8,5,"[854,917,989,1155,1163]","[2556000,2703000,2932000,3429000,3538000]",1163,15158000
20,9,5,"[970,1123,980,1121,1121]","[2885000,3297000,2837000,3284000,3205000]",1123,15508000
20,10,5,"[851,1052,1034,1129,1115]","[2552000,3079000,2962000,3358000,3444000]",1129,15395000
20,11,5,"[865,950,949,1168,1115]","[2591000,2793000,2803000,3484000,3407000]",1168,15078000
20,12,5,"[850,876,944,1179,1160]","[2552000,2605000,2794000,3510000,3571000]",1179,15032000
20,13,5,"[967,1085,1109,1125,1121]","[2871000,3194000,3138000,3246000,3205000]",1125,15654000
20,14,5,"[969,1127,1068,1106,1116]","[2884000,3313000,3009000,3235000,3178000]",1127,15619000
20,15,5,"[852,1057,1030,1129,1121]","[2570000,3084000,2959000,3354000,3454000]",1129,15421000
20,16,5,"[851,1052,1034,1131,1115]","[2557000,3079000,2962000,3362000,3444000]",1131,15404000
20,17,5,"[853,917,1001,1147,1163]","[2554000,2703000,2970000,3408000,3538000]",1163,15173000
20,18,5,"[862,996,940,1139,1127]","[2598000,2893000,2785000,3412000,3496000]",1139,15184000
20,19,5,"[850,876,944,1181,1160]","[2552000,2605000,2794000,3514000,3571000]",1181,15036000
20,20,5,"[864,963,937,1165,1125]","[2593000,2839000,2774000,3475000,3478000]",1165,15159000
20,21,5,"[865,915,911,1153,1134]","[2601000,2724000,2723000,3444000,3504000]",1153,14996000
20,22,5,"[870,940,902,1171,1130]","[2611000,2753000,2692000,3494000,3494000]",1171,15044000
20,23,5,"[1160,1050,1131,1094,1103]","[3372000,3047000,3287000,3149000,3205000]",1160,16060000
20,24,5,"[856,998,918,1171,1133]","[2573000,2880000,2732000,3487000,3500000]",1171,15172000
20,25,5,"[858,1056,1030,1169,1118]","[2592000,3094000,2954000,3374000,3431000]",1169,15445000
20,26,5,"[849,1034,901,1130,1127]","[2565000,3035000,2688000,3353000,3447000]",1130,15088000
20,27,5,"[868,1052,952,1189,1086]","[2604000,3022000,2818000,3555000,3352000]",1189,15351000
20,28,5,"[864,1034,940,1086,1128]","[2603000,3015000,2789000,3182000,3492000]",1128,15081000
20,29,5,"[859,935,901,1162,1123]","[2587000,2785000,2687000,3470000,3436000]",1162,14965000
20,30,5,"[1095,1099,1129,1211,1081]","[3153000,3201000,3233000,3396000,3275000]",1211,16258000
20,31,5,"[967,1137,988,1131,1199]","[2833000,3239000,2849000,3357000,3599000]",1199,15877000
20,32,5,"[964,1053,1025,1174,1108]","[2830000,3055000,3010000,3398000,3305000]",1174,15598000
20,33,5,"[858,1029,971,1136,1126]","[2571000,3015000,2849000,3384000,3451000]",1136,15270000
20,34,5,"[851,1046,1022,1131,1108]","[2552000,3073000,2978000,3365000,3394000]",1131,15362000
20,35,5,"[858,949,904,1139,1127]","[2586000,2803000,2703000,3415000,3487000]",1139,14994000
20,36,5,"[1211,1149,967,1149,1081]","[3457000,3272000,2833000,3418000,3201000]",1211,16181000
20,37,5,"[876,1109,998,1324,1186]","[2621000,3213000,2941000,3795000,3435000]",1324,16005000
20,38,5,"[1033,1017,1196,1055,1117]","[2937000,2985000,3591000,3054000,3245000]",1196,15812000
20,39,5,"[1005,1172,1010,1324,1047]","[2915000,3412000,2876000,3904000,2949000]",1324,16056000
20,40,5,"[934,1182,1133,1170,1187]","[2700000,3373000,3239000,3358000,3419000]",1187,16089000
20,41,5,"[1079,1064,1129,1162,1124]","[3067000,3084000,3247000,3388000,3270000]",1162,16056000
20,42,5,"[864,931,897,1168,1127]","[2592000,2762000,2685000,3481000,3482000]",1168,15002000
20,43,5,"[853,1003,968,1143,1139]","[2552000,2970000,2841000,3404000,3484000]",1143,15251000
20,44,5,"[1074,1051,1138,1341,1206]","[3105000,3071000,3227000,3747000,3474000]",1341,16624000
20,45,5,"[860,933,961,1164,1115]","[2592000,2775000,2836000,3476000,3410000]",1164,15089000
20,46,5,"[855,929,900,1169,1128]","[2557000,2758000,2700000,3486000,3483000]",1169,14984000
20,47,5,"[865,1034,986,1052,1133]","[2603000,3013000,2929000,3060000,3499000]",1133,15104000
20,48,5,"[868,955,899,1172,1126]","[2601000,2806000,2676000,3498000,3483000]",1172,15064000
20,49,5,"[853,1111,1030,1119,1116]","[2580000,3209000,2958000,3331000,3431000]",1119,15509000
20,50,5,"[813,1054,939,1136,1130]","[2436000,3056000,2790000,3409000,3493000]",1136,15184000
20,51,5,"[865,994,942,1138,1132]","[2608000,2877000,2788000,3421000,3502000]",1138,15196000
20,52,5,"[912,1055,1037,1141,1122]","[2706000,3084000,2978000,3381000,3440000]",1141,15589000
20,53,5,"[854,917,989,1216,1163]","[2556000,2703000,2932000,3553000,3538000]",1216,15282000
20,54,5,"[1007,1128,980,1087,1118]","[3004000,3322000,2833000,3166000,3195000]",1128,15520000
20,55,5,"[901,1052,1034,1129,1125]","[2685000,3079000,2962000,3358000,3431000]",1129,15515000
20,56,5,"[862,951,953,1118,1174]","[2606000,2796000,2798000,3307000,3595000]",1174,15102000
20,57,5,"[904,876,998,1178,1161]","[2695000,2608000,2872000,3500000,3580000]",1178,15255000
20,58,5,"[1011,1086,1112,1060,1119]","[3002000,3199000,3144000,3080000,3207000]",1119,15632000
20,59,5,"[1019,1137,1080,1102,1048]","[3030000,3344000,3048000,3227000,2999000]",1137,15648000
20,60,5,"[852,1056,1028,1048,1187]","[2570000,3084000,2954000,3101000,3676000]",1187,15385000
20,61,5,"[853,1053,1035,1139,1120]","[2557000,3079000,2965000,3383000,3433000]",1139,15417000
20,62,5,"[867,922,996,1124,1158]","[2598000,2723000,2958000,3356000,3528000]",1158,15163000
20,63,5,"[861,998,942,1128,1195]","[2593000,2903000,2808000,3389000,3641000]",1195,15334000
20,64,5,"[854,870,977,1180,1176]","[2557000,2587000,2856000,3509000,3615000]",1180,15124000
20,65,5,"[864,913,937,1222,1125]","[2593000,2685000,2774000,3647000,3478000]",1222,15177000
21,1,5,"[781,1056,867,1145,947]","[2288000,3107000,2538000,3270000,2648000]",1145,13851000
21,2,5,"[801,1140,978,1083,913]","[2280000,3231000,2773000,3051000,2518000]",1140,13853000
21,3,5,"[820,1041,856,1055,1054]","[2315000,3060000,2539000,3020000,2987000]",1055,13921000
21,4,5,"[825,1053,854,1038,1090]","[2327000,3080000,2518000,2976000,3041000]",1090,13942000
21,5,5,"[710,1069,849,1134,1059]","[2088000,3123000,2523000,3207000,2981000]",1134,13922000
21,6,5,"[827,1006,898,1043,1099]","[2317000,2919000,2645000,2969000,3087000]",1099,13937000
21,7,5,"[863,1066,945,1052,1035]","[2425000,3017000,2731000,3008000,2994000]",1066,14175000
21,8,5,"[824,1055,859,1039,1086]","[2320000,3085000,2533000,2972000,3036000]",1086,13946000
21,9,5,"[785,1055,865,1149,949]","[2311000,3111000,2543000,3275000,2650000]",1149,13890000
21,10,5,"[969,895,922,1059,1052]","[2715000,2655000,2774000,3145000,3057000]",1059,14346000
21,11,5,"[750,1066,870,1147,978]","[2196000,3117000,2545000,3286000,2747000]",1147,13891000
21,12,5,"[864,1067,946,1053,1036]","[2433000,3019000,2736000,3007000,3009000]",1067,14204000
21,13,5,"[816,1053,849,1100,1082]","[2288000,3063000,2504000,3115000,3065000]",1100,14035000
21,14,5,"[826,1060,871,1047,1094]","[2335000,3089000,2544000,2989000,3082000]",1094,14039000
21,15,5,"[707,1079,853,1102,1087]","[2058000,3194000,2486000,3113000,3093000]",1102,13944000
21,16,5,"[860,1068,1003,1044,1022]","[2417000,3017000,2863000,2967000,2983000]",1068,14247000
21,17,5,"[826,1050,878,1105,1054]","[2320000,3106000,2596000,3103000,2958000]",1105,14083000
21,18,5,"[825,1006,833,1086,1131]","[2309000,2929000,2455000,3087000,3177000]",1131,13957000
21,19,5,"[1063,957,971,1067,1052]","[2999000,2808000,2795000,3052000,3070000]",1067,14724000
21,20,5,"[885,889,929,1102,1058]","[2535000,2617000,2769000,3233000,3119000]",1102,14273000
21,21,5,"[862,1136,990,1030,1023]","[2430000,3217000,2787000,2945000,2977000]",1136,14356000
21,22,5,"[792,1058,911,1041,1095]","[2211000,3064000,2687000,2961000,3037000]",1095,13960000
21,23,5,"[735,1049,859,1087,1086]","[2148000,3074000,2510000,3092000,3080000]",1087,13904000
21,24,5,"[1572,1176,859,1030,1101]","[4961000,3609000,2522000,2942000,3074000]",1572,17108000
21,25,5,"[856,1065,880,1103,1078]","[2535000,3112000,2612000,3107000,3059000]",1103,14425000
21,26,5,"[826,1047,847,1015,1084]","[2307000,3081000,2519000,2892000,3083000]",1084,13882000
21,27,5,"[704,1025,834,1176,1098]","[2064000,2978000,2443000,3360000,3116000]",1176,13961000
21,28,5,"[805,1025,1021,1059,1029]","[2264000,2973000,2874000,3009000,2924000]",1059,14044000
21,29,5,"[1065,1012,936,1065,1054]","[3000000,2981000,2673000,3041000,3074000]",1065,14769000
21,30,5,"[744,1057,864,1046,1091]","[2160000,3078000,2528000,2994000,3074000]",1091,13834000
21,31,5,"[882,887,932,1149,1054]","[2552000,2617000,2766000,3346000,3111000]",1149,14392000
21,32,5,"[819,997,821,1148,1082]","[2296000,2915000,2424000,3263000,3073000]",1148,13971000
21,33,5,"[771,1077,856,1090,1151]","[2312000,3247000,2514000,3112000,3268000]",1151,14453000
21,34,5,"[834,1055,871,1099,1013]","[2374000,3083000,2553000,3163000,2857000]",1099,14030000
21,35,5,"[819,1084,852,1103,1083]","[2296000,3099000,2516000,3110000,3070000]",1103,14091000
21,36,5,"[907,1070,865,1043,1081]","[2612000,3193000,2542000,2958000,3056000]",1081,14361000
21,37,5,"[816,1051,873,1050,1079]","[2292000,3125000,2586000,2965000,3056000]",1079,14024000
21,38,5,"[825,1010,896,1041,1086]","[2321000,2933000,2641000,2966000,3036000]",1086,13897000
21,39,5,"[825,1053,854,1038,1156]","[2327000,3080000,2518000,2976000,3236000]",1156,14137000
21,40,5,"[868,1133,949,1036,1016]","[2436000,3207000,2694000,2962000,2949000]",1133,14248000
21,41,5,"[879,1144,981,1028,1029]","[2489000,3187000,2802000,2922000,2993000]",1144,14393000
21,42,5,"[917,1048,1109,1084,1040]","[2669000,2968000,3161000,3172000,3089000]",1109,15059000
21,43,5,"[826,1003,853,1078,1100]","[2314000,2995000,2494000,3031000,3097000]",1100,13931000
21,44,5,"[872,1131,953,1038,1018]","[2454000,3207000,2700000,2972000,2966000]",1131,14299000
21,45,5,"[1649,1152,947,1034,1182]","[5176000,3489000,2803000,2955000,3288000]",1649,17711000
21,46,5,"[783,1056,862,1150,947]","[2292000,3093000,2529000,3299000,2651000]",1150,13864000
21,47,5,"[805,1145,982,1076,906]","[2289000,3243000,2783000,3039000,2507000]",1145,13861000
21,48,5,"[820,1041,856,1055,1054]","[2315000,3060000,2539000,3017000,2979000]",1055,13910000
21,49,5,"[823,1057,862,1042,967]","[2325000,3085000,2522000,2972000,2793000]",1057,13697000
21,50,5,"[717,1064,811,1205,1052]","[2098000,3140000,2391000,3375000,2959000]",1205,13963000
21,51,5,"[827,1055,905,1044,1064]","[2331000,3065000,2656000,2973000,2985000]",1064,14010000
21,52,5,"[872,1068,942,1061,1031]","[2451000,3013000,2717000,3027000,2986000]",1068,14194000
21,53,5,"[819,1058,869,1048,1097]","[2301000,3082000,2550000,2999000,3062000]",1097,13994000
21,54,5,"[775,1055,864,1149,950]","[2275000,3106000,2556000,3295000,2667000]",1149,13899000
21,55,5,"[978,883,924,1061,1035]","[2800000,2574000,2747000,3138000,3027000]",1061,14286000
21,56,5,"[753,1064,867,1142,979]","[2201000,3109000,2541000,3268000,2751000]",1142,13870000
21,57,5,"[864,1067,942,1053,1036]","[2433000,3019000,2722000,3007000,3012000]",1067,14193000
21,58,5,"[819,1055,851,1048,1122]","[2307000,3069000,2516000,2975000,3190000]",1122,14057000
21,59,5,"[851,1048,873,1012,1093]","[2413000,3065000,2573000,2884000,3077000]",1093,14012000
21,60,5,"[704,1064,847,1032,1096]","[2039000,3130000,2497000,2960000,3109000]",1096,13735000
21,61,5,"[860,1074,1002,1042,1013]","[2417000,3034000,2863000,2969000,2962000]",1074,14245000
21,62,5,"[814,1050,868,1106,1055]","[2287000,3102000,2556000,3122000,2970000]",1106,14037000
21,63,5,"[846,1008,850,1081,1099]","[2386000,2933000,2484000,3083000,3075000]",1099,13961000
21,64,5,"[1070,974,973,1041,1066]","[3031000,2840000,2812000,2993000,3095000]",1070,14771000
21,65,5,"[885,933,865,1108,1055]","[2550000,2751000,2583000,3237000,3115000]",1108,14236000
22,1,5,"[964,998,1011,900,993]","[2821000,2903000,2930000,2566000,2897000]",1011,14117000
22,2,5,"[802,1111,1010,842,938]","[2345000,3263000,2928000,2476000,2763000]",1111,13775000
22,3,5,"[975,1005,979,957,978]","[2776000,2864000,2843000,2802000,2867000]",1005,14152000
22,4,5,"[793,1066,1010,890,961]","[2300000,3130000,2925000,2615000,2833000]",1066,13803000
22,5,5,"[801,1027,1013,902,983]","[2325000,3023000,2946000,2659000,2887000]",1027,13840000
22,6,5,"[915,1024,1009,912,976]","[2656000,2944000,2926000,2676000,2885000]",1024,14087000
22,7,5,"[1006,1015,1007,1016,953]","[2853000,2922000,2920000,2894000,2867000]",1016,14456000
22,8,5,"[965,1023,1014,897,973]","[2757000,2954000,2935000,2637000,2866000]",1023,14149000
22,9,5,"[1011,1021,1014,903,994]","[2980000,2931000,2922000,2549000,2908000]",1021,14290000
22,10,5,"[800,1064,1010,896,971]","[2312000,3128000,2921000,2635000,2862000]",1064,13858000
22,11,5,"[1015,1020,972,972,996]","[2977000,2937000,2804000,2727000,2907000]",1020,14352000
22,12,5,"[798,1056,1030,955,1001]","[2305000,3099000,2946000,2655000,2916000]",1056,13921000
22,13,5,"[827,1062,1006,899,947]","[2410000,3107000,2908000,2656000,2795000]",1062,13876000
22,14,5,"[875,989,1034,922,975]","[2544000,2936000,2937000,2624000,2928000]",1034,13969000
22,15,5,"[798,1056,1030,960,1007]","[2297000,3111000,2946000,2667000,2927000]",1056,13948000
22,16,5,"[800,1062,1010,896,969]","[2327000,3121000,2921000,2650000,2866000]",1062,13885000
22,17,5,"[968,1024,1011,894,978]","[2777000,2953000,2931000,2637000,2885000]",1024,14183000
22,18,5,"[1015,1022,1014,901,996]","[3002000,2939000,2929000,2542000,2931000]",1022,14343000
22,19,5,"[925,1025,1014,946,977]","[2619000,2953000,2926000,2786000,2882000]",1025,14166000
22,20,5,"[1004,1016,1015,1002,958]","[2858000,2924000,2951000,2849000,2878000]",1016,14460000
22,21,5,"[795,1123,1073,989,917]","[2300000,3246000,3084000,2818000,2671000]",1123,14119000
22,22,5,"[1043,1020,1033,929,984]","[3055000,2944000,2962000,2623000,2876000]",1043,14460000
22,23,5,"[1121,969,1042,959,940]","[3150000,2810000,2979000,2804000,2791000]",1121,14534000
22,24,5,"[1015,1023,972,1011,987]","[2988000,2946000,2813000,2844000,2893000]",1023,14484000
22,25,5,"[975,1005,1045,931,973]","[2760000,2872000,3013000,2739000,2868000]",1045,14252000
22,26,5,"[967,1007,1016,928,1001]","[2765000,2884000,2937000,2655000,2937000]",1016,14178000
22,27,5,"[801,1171,1112,926,1038]","[2325000,3343000,3113000,2646000,3042000]",1171,14469000
22,28,5,"[873,983,1056,902,969]","[2544000,2923000,3006000,2563000,2919000]",1056,13955000
22,29,5,"[888,1069,1035,920,963]","[2598000,3050000,2959000,2683000,2864000]",1069,14154000
22,30,5,"[886,1055,1045,953,927]","[2551000,3074000,3002000,2797000,2745000]",1055,14169000
22,31,5,"[893,1106,1042,859,924]","[2560000,3241000,2996000,2511000,2726000]",1106,14034000
22,32,5,"[989,1028,1001,974,998]","[2886000,2956000,2917000,2759000,2926000]",1028,14444000
22,33,5,"[1035,1031,983,974,980]","[2994000,2958000,2847000,2766000,2872000]",1035,14437000
22,34,5,"[797,1064,1044,958,942]","[2293000,3121000,3004000,2810000,2794000]",1064,14022000
22,35,5,"[798,1047,1010,893,969]","[2320000,3041000,2923000,2635000,2865000]",1047,13784000
22,36,5,"[973,1024,1013,945,958]","[2788000,2970000,2935000,2766000,2833000]",1024,14292000
22,37,5,"[778,1080,1043,923,969]","[2236000,3153000,3003000,2715000,2863000]",1080,13970000
22,38,5,"[1060,1017,1008,897,959]","[3054000,2924000,2898000,2637000,2862000]",1060,14375000
22,39,5,"[803,1066,1036,897,973]","[2318000,3133000,2973000,2645000,2861000]",1066,13930000
22,40,5,"[742,1182,999,1014,1090]","[2138000,3423000,2887000,2948000,3185000]",1182,14581000
22,41,5,"[795,1061,1011,892,980]","[2310000,3119000,2925000,2537000,2852000]",1061,13743000
22,42,5,"[993,997,1006,897,965]","[2855000,2870000,2933000,2610000,2855000]",1006,14123000
22,43,5,"[1045,1122,998,1027,1000]","[2977000,3225000,2847000,2869000,2942000]",1122,14860000
22,44,5,"[799,1060,1056,959,941]","[2296000,3117000,3007000,2812000,2799000]",1060,14031000
22,45,5,"[953,1058,1013,1078,996]","[2884000,3108000,2886000,3085000,2986000]",1078,14949000
22,46,5,"[959,1002,1013,844,993]","[2805000,2901000,2945000,2441000,2893000]",1013,13985000
22,47,5,"[802,1113,1010,842,938]","[2345000,3270000,2928000,2478000,2763000]",1113,13784000
22,48,5,"[973,950,978,953,958]","[2775000,2774000,2846000,2809000,2837000]",978,14041000
22,49,5,"[787,1067,1011,965,960]","[2274000,3134000,2927000,2811000,2842000]",1067,13988000
22,50,5,"[880,1030,1008,902,993]","[2469000,3034000,2921000,2671000,2925000]",1030,14020000
22,51,5,"[924,1001,1014,919,975]","[2684000,2929000,2936000,2690000,2890000]",1014,14129000
22,52,5,"[1001,1011,1015,1018,953]","[2857000,2912000,2958000,2900000,2875000]",1018,14502000
22,53,5,"[961,1017,1137,798,973]","[2733000,2929000,3276000,2349000,2853000]",1137,14140000
22,54,5,"[1057,1021,1009,878,982]","[3089000,2951000,2914000,2472000,2882000]",1057,14308000
22,55,5,"[788,1063,1008,896,1003]","[2262000,3125000,2919000,2635000,2973000]",1063,13914000
22,56,5,"[1015,1020,951,984,989]","[2976000,2931000,2737000,2772000,2885000]",1020,14301000
22,57,5,"[800,1062,1001,950,1011]","[2315000,3116000,2860000,2645000,2963000]",1062,13899000
22,58,5,"[832,1067,1016,900,952]","[2418000,3128000,2932000,2646000,2806000]",1067,13930000
22,59,5,"[873,987,1032,932,983]","[2539000,2933000,2934000,2666000,2949000]",1032,14021000
22,60,5,"[813,1047,1033,852,1000]","[2321000,3075000,2950000,2460000,2892000]",1047,13698000
22,61,5,"[805,1039,1012,897,962]","[2344000,3081000,2931000,2643000,2845000]",1039,13844000
22,62,5,"[961,1025,1012,895,979]","[2739000,2954000,2939000,2617000,2913000]",1025,14162000
22,63,5,"[1020,987,1013,907,995]","[3024000,2899000,2927000,2582000,2909000]",1020,14341000
22,64,5,"[921,1015,1012,945,971]","[2600000,2932000,2938000,2788000,2860000]",1015,14118000
22,65,5,"[1003,979,1016,1001,963]","[2852000,2856000,2937000,2851000,2870000]",1016,14366000
23,1,5,"[865,992,1070,1144,883]","[2455000,2933000,3200000,3396000,2555000]",1144,14539000
23,2,5,"[923,957,1111,981,1034]","[2629000,2856000,3289000,2879000,2976000]",1111,14629000
23,3,5,"[867,989,1107,1120,883]","[2452000,2932000,3300000,3322000,2560000]",1120,14566000
23,4,5,"[871,988,1119,1105,883]","[2456000,2925000,3348000,3295000,2555000]",1119,14579000
23,5,5,"[951,990,1100,974,976]","[2706000,2938000,3337000,2860000,2866000]",1100,14707000
23,6,5,"[992,1002,1003,1043,1056]","[2787000,2978000,3008000,3074000,3012000]",1056,14859000
23,7,5,"[936,1044,1066,1043,993]","[2581000,3087000,3208000,3083000,2859000]",1066,14818000
23,8,5,"[1012,1046,1055,950,1050]","[2850000,3098000,3190000,2777000,3015000]",1055,14930000
23,9,5,"[1038,1044,1044,1006,1052]","[2941000,2998000,3138000,2999000,3049000]",1052,15125000
23,10,5,"[986,995,1101,980,969]","[2788000,2936000,3339000,2868000,2840000]",1101,14771000
23,11,5,"[994,949,1059,1044,1054]","[2801000,2821000,3169000,3084000,3018000]",1059,14893000
23,12,5,"[996,999,1102,974,960]","[2835000,2950000,3332000,2850000,2774000]",1102,14741000
23,13,5,"[1007,990,1105,977,960]","[2818000,2931000,3344000,2856000,2779000]",1105,14728000
23,14,5,"[987,992,1108,910,1060]","[2768000,2930000,3349000,2639000,3023000]",1108,14709000
23,15,5,"[1049,1011,1053,1047,1046]","[2984000,2902000,3151000,3089000,3052000]",1053,15178000
23,16,5,"[998,997,1104,974,968]","[2820000,2935000,3330000,2846000,2807000]",1104,14738000
23,17,5,"[860,1002,1090,1142,880]","[2436000,2959000,3247000,3394000,2549000]",1142,14585000
23,18,5,"[947,1053,1052,1117,876]","[2594000,3108000,3130000,3318000,2550000]",1117,14700000
23,19,5,"[957,960,1082,1052,1048]","[2714000,2839000,3210000,3102000,3002000]",1082,14867000
23,20,5,"[945,1002,1119,1092,884]","[2594000,2958000,3351000,3252000,2558000]",1119,14713000
23,21,5,"[935,962,1168,1040,994]","[2579000,2854000,3479000,3078000,2858000]",1168,14848000
23,22,5,"[920,1023,1098,1031,1079]","[2649000,2898000,3303000,3069000,3092000]",1098,15011000
23,23,5,"[944,1049,1098,1114,888]","[2587000,3100000,3267000,3276000,2586000]",1114,14816000
23,24,5,"[1012,989,1126,1024,1060]","[2828000,2930000,3333000,3013000,3042000]",1126,15146000
23,25,5,"[1002,1080,1126,1094,945]","[2849000,3102000,3362000,3250000,2765000]",1126,15328000
23,26,5,"[988,1007,1051,1024,1052]","[2778000,2990000,3118000,3012000,3015000]",1052,14913000
23,27,5,"[990,1092,1061,1034,1042]","[2820000,3106000,3166000,3033000,3028000]",1092,15153000
23,28,5,"[955,995,1139,1046,1052]","[2694000,2907000,3400000,3070000,3007000]",1139,15078000
23,29,5,"[989,1083,1064,1055,1046]","[2818000,3090000,3174000,3114000,3055000]",1083,15251000
23,30,5,"[967,988,1101,976,994]","[2714000,2927000,3342000,2865000,2937000]",1101,14785000
23,31,5,"[1020,951,1112,1026,1056]","[2834000,2827000,3295000,3018000,3039000]",1112,15013000
23,32,5,"[1001,990,1120,969,897]","[2838000,2921000,3380000,2897000,2641000]",1120,14677000
23,33,5,"[994,958,1105,1024,1075]","[2796000,2836000,3281000,3018000,3055000]",1105,14986000
23,34,5,"[908,962,1127,1166,1154]","[2567000,2837000,3325000,3522000,3340000]",1166,15591000
23,35,5,"[934,1083,1068,1042,997]","[2669000,3083000,3173000,3075000,2871000]",1083,14871000
23,36,5,"[1050,1046,1104,1016,1031]","[2949000,2973000,3305000,3030000,3067000]",1104,15324000
23,37,5,"[995,990,1123,1024,976]","[2814000,2931000,3370000,2976000,2860000]",1123,14951000
23,38,5,"[1019,996,1102,974,998]","[2843000,2964000,3322000,2857000,2867000]",1102,14853000
23,39,5,"[1039,988,1100,974,982]","[2909000,2928000,3322000,2850000,2859000]",1100,14868000
23,40,5,"[911,989,1103,1117,1044]","[2551000,2930000,3286000,3322000,2962000]",1117,15051000
23,41,5,"[966,996,1071,1140,893]","[2615000,2947000,3208000,3367000,2599000]",1140,14736000
23,42,5,"[981,1054,1099,1011,1048]","[2793000,3011000,3314000,3014000,3032000]",1099,15164000
23,43,5,"[1004,989,1126,974,982]","[2849000,2919000,3386000,2852000,2872000]",1126,14878000
23,44,5,"[970,1112,1124,1096,875]","[2721000,3145000,3372000,3268000,2532000]",1124,15038000
23,45,5,"[957,1000,1089,1045,1027]","[2679000,2978000,3255000,3076000,2990000]",1089,14978000
23,46,5,"[862,1049,1018,1142,880]","[2437000,3104000,3045000,3394000,2549000]",1142,14529000
23,47,5,"[925,1010,1053,978,1030]","[2630000,3013000,3131000,2874000,2960000]",1053,14608000
23,48,5,"[864,1000,1122,1118,880]","[2446000,2957000,3327000,3318000,2554000]",1122,14602000
23,49,5,"[866,988,1118,1097,922]","[2444000,2927000,3340000,3258000,2646000]",1118,14615000
23,50,5,"[980,989,1105,959,982]","[2785000,2929000,3350000,2798000,2895000]",1105,14757000
23,51,5,"[1015,1011,1006,1027,1053]","[2856000,2992000,3010000,3020000,3015000]",1053,14893000
23,52,5,"[937,1048,1067,1010,1059]","[2583000,3098000,3208000,2995000,3020000]",1067,14904000
23,53,5,"[1010,1035,1054,953,1062]","[2836000,3079000,3192000,2783000,3026000]",1062,14916000
23,54,5,"[1066,999,1049,1018,1045]","[3036000,2867000,3157000,3025000,3018000]",1066,15103000
23,55,5,"[987,990,1103,989,976]","[2781000,2931000,3339000,2887000,2860000]",1103,14798000
23,56,5,"[958,992,1055,1046,1056]","[2687000,2934000,3159000,3094000,3018000]",1056,14892000
23,57,5,"[996,1047,1048,970,962]","[2826000,3097000,3173000,2839000,2778000]",1048,14713000
23,58,5,"[1018,988,1101,977,960]","[2842000,2915000,3327000,2855000,2782000]",1101,14721000
23,59,5,"[951,994,1106,916,1055]","[2691000,2943000,3341000,2680000,3031000]",1106,14686000
23,60,5,"[1050,1018,1063,1048,1049]","[2983000,2913000,3162000,3089000,3062000]",1063,15209000
23,61,5,"[1000,930,1100,978,1021]","[2833000,2743000,3322000,2853000,2967000]",1100,14718000
23,62,5,"[851,1004,1094,1145,883]","[2400000,2977000,3265000,3402000,2585000]",1145,14629000
23,63,5,"[942,1051,1049,1108,900]","[2583000,3108000,3128000,3289000,2613000]",1108,14721000
23,64,5,"[957,1003,1011,1055,1056]","[2729000,2982000,3014000,3108000,3027000]",1056,14860000
23,65,5,"[947,1002,1120,1094,886]","[2605000,2952000,3351000,3254000,2562000]",1120,14724000
24,1,5,"[517,1129,1482,1211,827]","[1496000,3419000,4433000,3495000,2359000]",1482,15202000
24,2,5,"[518,1131,1483,1211,828]","[1496000,3419000,4431000,3493000,2352000]",1483,15191000
24,3,5,"[1084,1085,1127,1047,836]","[3226000,3162000,3396000,3050000,2377000]",1127,15211000
24,4,5,"[516,1127,1478,1213,831]","[1498000,3411000,4438000,3499000,2361000]",1478,15207000
24,5,5,"[1083,1076,1092,1075,862]","[3231000,3136000,3315000,3101000,2459000]",1092,15242000
24,6,5,"[1088,1087,1126,1081,798]","[3233000,3188000,3411000,3118000,2286000]",1126,15236000
24,7,5,"[1082,1086,1125,1065,836]","[3226000,3179000,3388000,3080000,2377000]",1125,15250000
24,8,5,"[839,1078,1288,1137,864]","[2398000,3256000,3875000,3255000,2461000]",1288,15245000
24,9,5,"[547,1100,1481,1216,828]","[1582000,3331000,4441000,3509000,2350000]",1481,15213000
24,10,5,"[1093,1084,1086,1105,835]","[3238000,3160000,3270000,3227000,2371000]",1105,15266000
24,11,5,"[1092,1083,1108,1075,834]","[3261000,3154000,3352000,3103000,2382000]",1108,15252000
24,12,5,"[1096,1085,1109,1063,836]","[3267000,3174000,3359000,3076000,2377000]",1109,15253000
24,13,5,"[1079,1108,1091,1107,832]","[3214000,3242000,3307000,3172000,2367000]",1108,15302000
24,14,5,"[528,1087,1484,1212,867]","[1528000,3303000,4446000,3487000,2464000]",1484,15228000
24,15,5,"[1084,1083,1060,1106,937]","[3228000,3154000,3195000,3176000,2654000]",1106,15407000
24,16,5,"[547,1100,1481,1216,834]","[1592000,3331000,4441000,3515000,2359000]",1481,15238000
24,17,5,"[1084,1084,1060,1106,938]","[3230000,3156000,3189000,3180000,2654000]",1106,15409000
24,18,5,"[1091,1051,1122,1076,868]","[3234000,3062000,3400000,3108000,2463000]",1122,15267000
24,19,5,"[1085,1112,1097,1075,836]","[3241000,3245000,3323000,3103000,2382000]",1112,15294000
24,20,5,"[1094,1105,1091,1108,832]","[3263000,3230000,3310000,3178000,2379000]",1108,15360000
24,21,5,"[583,1114,1471,1248,833]","[1645000,3358000,4447000,3615000,2362000]",1471,15427000
24,22,5,"[791,1078,1390,1173,841]","[2255000,3228000,4181000,3335000,2385000]",1390,15384000
24,23,5,"[903,1206,1171,1100,951]","[2682000,3498000,3491000,3175000,2688000]",1206,15534000
24,24,5,"[1092,1137,1136,1103,826]","[3256000,3285000,3434000,3172000,2360000]",1137,15507000
24,25,5,"[786,1142,1295,1100,969]","[2278000,3366000,3904000,3162000,2736000]",1295,15446000
24,26,5,"[932,1172,1144,1112,859]","[2650000,3541000,3470000,3181000,2448000]",1172,15290000
24,27,5,"[808,1074,1301,1124,961]","[2317000,3268000,3904000,3214000,2710000]",1301,15413000
24,28,5,"[830,1183,1262,1154,964]","[2387000,3429000,3842000,3283000,2733000]",1262,15674000
24,29,5,"[852,1095,1245,1186,1024]","[2511000,3341000,3776000,3369000,2881000]",1245,15878000
24,30,5,"[1085,1128,1088,1108,839]","[3229000,3295000,3271000,3175000,2379000]",1128,15349000
24,31,5,"[811,1068,1290,1156,939]","[2284000,3264000,3872000,3336000,2642000]",1290,15398000
24,32,5,"[786,1164,1290,1124,969]","[2278000,3422000,3874000,3227000,2732000]",1290,15533000
24,33,5,"[735,1270,1294,1046,965]","[2136000,3770000,3891000,2957000,2726000]",1294,15480000
24,34,5,"[976,1087,1269,1184,895]","[2753000,3172000,3840000,3414000,2557000]",1269,15736000
24,35,5,"[1078,1142,1101,1090,838]","[3212000,3322000,3351000,3100000,2388000]",1142,15373000
24,36,5,"[742,1186,1286,1109,970]","[2162000,3503000,3871000,3184000,2745000]",1286,15465000
24,37,5,"[949,1211,1158,1068,862]","[2781000,3523000,3523000,3075000,2428000]",1211,15330000
24,38,5,"[1133,1117,1107,1073,832]","[3297000,3271000,3367000,3096000,2378000]",1133,15409000
24,39,5,"[1092,1114,1091,1105,832]","[3259000,3248000,3310000,3172000,2379000]",1114,15368000
24,40,5,"[1087,1083,1079,1151,916]","[3231000,3156000,3185000,3334000,2597000]",1151,15503000
24,41,5,"[952,1167,1163,1079,862]","[2696000,3515000,3554000,3160000,2460000]",1167,15385000
24,42,5,"[1088,1088,1089,1151,918]","[3230000,3186000,3260000,3264000,2598000]",1151,15538000
24,43,5,"[771,1100,1292,1130,961]","[2165000,3368000,3892000,3242000,2729000]",1292,15396000
24,44,5,"[722,1102,1391,1172,837]","[2080000,3318000,4189000,3319000,2391000]",1391,15297000
24,45,5,"[908,1133,1294,1105,959]","[2566000,3343000,3894000,3182000,2703000]",1294,15688000
24,46,5,"[517,1242,1433,1208,827]","[1496000,3694000,4294000,3489000,2359000]",1433,15332000
24,47,5,"[518,1133,1481,1211,861]","[1496000,3423000,4427000,3493000,2418000]",1481,15257000
24,48,5,"[1091,1093,1132,1055,843]","[3232000,3170000,3420000,3078000,2415000]",1132,15315000
24,49,5,"[519,1127,1478,1208,829]","[1505000,3409000,4438000,3493000,2357000]",1478,15202000
24,50,5,"[1089,1085,1092,1066,876]","[3246000,3165000,3315000,3089000,2489000]",1092,15304000
24,51,5,"[1096,1091,1131,1120,779]","[3248000,3196000,3420000,3235000,2223000]",1131,15322000
24,52,5,"[1086,1087,1121,1061,881]","[3233000,3174000,3388000,3072000,2472000]",1121,15339000
24,53,5,"[835,1081,1291,1136,868]","[2391000,3255000,3880000,3255000,2463000]",1291,15244000
24,54,5,"[547,1169,1481,1129,828]","[1582000,3562000,4441000,3245000,2350000]",1481,15180000
24,55,5,"[1098,1087,1079,1108,830]","[3267000,3179000,3254000,3233000,2355000]",1108,15288000
24,56,5,"[1097,1086,1113,1075,828]","[3274000,3170000,3384000,3099000,2370000]",1113,15297000
24,57,5,"[1094,1091,1111,1063,851]","[3261000,3180000,3366000,3082000,2437000]",1111,15326000
24,58,5,"[1082,1109,1092,1126,881]","[3219000,3242000,3309000,3167000,2512000]",1126,15449000
24,59,5,"[525,1017,1595,1215,865]","[1522000,3065000,4767000,3506000,2458000]",1595,15318000
24,60,5,"[1094,1056,1062,1105,970]","[3266000,3070000,3199000,3185000,2750000]",1105,15470000
24,61,5,"[544,1099,1444,1256,834]","[1581000,3331000,4314000,3644000,2359000]",1444,15229000
24,62,5,"[1096,1065,1062,1100,977]","[3252000,3094000,3199000,3163000,2773000]",1100,15481000
24,63,5,"[1097,1053,1114,1076,868]","[3262000,3066000,3388000,3108000,2463000]",1114,15287000
24,64,5,"[1085,1105,1099,1094,835]","[3231000,3230000,3329000,3150000,2380000]",1105,15320000
24,65,5,"[1097,1105,1087,1112,832]","[3261000,3224000,3292000,3190000,2375000]",1112,15342000
25,1,5,"[1078,1010,1001,1169,901]","[3170000,2963000,2956000,3355000,2783000]",1169,15227000
25,2,5,"[1071,1020,1062,1125,895]","[3132000,3021000,3150000,3275000,2744000]",1125,15322000
25,3,5,"[1070,1016,1050,1098,958]","[3132000,2981000,3110000,3174000,2931000]",1098,15328000
25,4,5,"[1097,1026,1068,1065,1008]","[3206000,3024000,3194000,3047000,3064000]",1097,15535000
25,5,5,"[1079,1010,1001,1167,946]","[3176000,2966000,2973000,3346000,2854000]",1167,15315000
25,6,5,"[1042,1080,1105,1086,955]","[3015000,3178000,3264000,3141000,2918000]",1105,15516000
25,7,5,"[1123,1035,1009,1123,954]","[3272000,3067000,2988000,3254000,2901000]",1123,15482000
25,8,5,"[1096,1025,1062,1132,894]","[3204000,3031000,3162000,3275000,2738000]",1132,15410000
25,9,5,"[1211,960,1106,1135,793]","[3515000,2832000,3250000,3281000,2429000]",1211,15307000
25,10,5,"[1226,904,1070,1258,757]","[3569000,2642000,3173000,3585000,2315000]",1258,15284000
25,11,5,"[1117,1071,1061,1057,953]","[3250000,3149000,3178000,3023000,2886000]",1117,15486000
25,12,5,"[1072,1025,1079,1133,892]","[3131000,3027000,3168000,3307000,2738000]",1133,15371000
25,13,5,"[1206,962,1204,1132,715]","[3505000,2832000,3561000,3275000,2180000]",1206,15353000
25,14,5,"[1268,775,1279,1357,440]","[3716000,2309000,3845000,4019000,1358000]",1357,15247000
25,15,5,"[1090,1043,1105,1122,894]","[3193000,3042000,3282000,3250000,2742000]",1122,15509000
25,16,5,"[1260,778,1269,1394,440]","[3693000,2309000,3833000,4082000,1360000]",1394,15277000
25,17,5,"[1304,795,1248,1353,450]","[3820000,2352000,3752000,3999000,1381000]",1353,15304000
25,18,5,"[1084,1055,1109,1121,895]","[3182000,3059000,3298000,3251000,2744000]",1121,15534000
25,19,5,"[1041,1079,1106,1091,959]","[3008000,3176000,3266000,3154000,2935000]",1106,15539000
25,20,5,"[1065,1021,1056,1173,897]","[3123000,3006000,3126000,3357000,2763000]",1173,15375000
25,21,5,"[1074,1012,1082,1083,958]","[3161000,2958000,3191000,3130000,2935000]",1083,15375000
25,22,5,"[1179,960,1061,1132,894]","[3414000,2832000,3159000,3270000,2738000]",1179,15413000
25,23,5,"[1120,876,1212,1247,828]","[3271000,2585000,3580000,3595000,2529000]",1247,15560000
25,24,5,"[1076,1024,988,1168,1016]","[3140000,3019000,2928000,3335000,3090000]",1168,15512000
25,25,5,"[1137,1042,1055,1210,984]","[3303000,3070000,3069000,3487000,2950000]",1210,15879000
25,26,5,"[1161,938,1162,1218,842]","[3376000,2779000,3460000,3479000,2572000]",1218,15666000
25,27,5,"[1210,877,1208,1181,754]","[3520000,2570000,3564000,3424000,2300000]",1210,15378000
25,28,5,"[1158,949,995,1269,819]","[3384000,2786000,2927000,3624000,2531000]",1269,15252000
25,29,5,"[1067,1016,1045,1155,987]","[3134000,2977000,3096000,3303000,2957000]",1155,15467000
25,30,5,"[1082,1047,1113,1143,967]","[3168000,3050000,3305000,3243000,2918000]",1143,15684000
25,31,5,"[1077,996,1098,1091,960]","[3150000,2959000,3227000,3147000,2916000]",1098,15399000
25,32,5,"[1151,870,1110,1338,778]","[3369000,2532000,3281000,3813000,2392000]",1338,15387000
25,33,5,"[1076,1110,1072,1117,960]","[3152000,3308000,3191000,3113000,2899000]",1117,15663000
25,34,5,"[1174,945,993,1238,827]","[3413000,2774000,2936000,3554000,2540000]",1238,15217000
25,35,5,"[1040,1080,1102,1042,1010]","[3023000,3176000,3287000,2978000,3079000]",1102,15543000
25,36,5,"[1297,911,1063,1322,760]","[3750000,2653000,3161000,3751000,2320000]",1322,15635000
25,37,5,"[1263,920,1167,1163,702]","[3682000,2693000,3479000,3353000,2125000]",1263,15332000
25,38,5,"[1189,945,993,1201,901]","[3442000,2778000,2923000,3416000,2767000]",1201,15326000
25,39,5,"[1178,889,1095,1232,824]","[3414000,2651000,3264000,3565000,2508000]",1232,15402000
25,40,5,"[1177,947,1010,1098,843]","[3436000,2781000,2991000,3217000,2555000]",1177,14980000
25,41,5,"[1132,1019,1114,1088,846]","[3319000,3009000,3287000,3165000,2559000]",1132,15339000
25,42,5,"[1181,945,993,1193,864]","[3421000,2778000,2940000,3424000,2658000]",1193,15221000
25,43,5,"[1078,1027,1070,1053,1008]","[3155000,3022000,3207000,3040000,3069000]",1078,15493000
25,44,5,"[1177,948,996,1267,826]","[3427000,2789000,2943000,3624000,2537000]",1267,15320000
25,45,5,"[1167,871,1135,1245,827]","[3385000,2615000,3364000,3597000,2523000]",1245,15484000
25,46,5,"[1102,1007,1006,1137,898]","[3235000,2962000,2965000,3251000,2758000]",1137,15171000
25,47,5,"[1112,1023,1064,1089,892]","[3267000,3033000,3182000,3150000,2738000]",1112,15370000
25,48,5,"[1073,1014,1050,1079,958]","[3172000,2988000,3114000,3137000,2924000]",1079,15335000
25,49,5,"[1089,1032,1041,1064,1009]","[3188000,3036000,3088000,3039000,3069000]",1089,15420000
25,50,5,"[1079,1010,1001,1167,946]","[3176000,2966000,2973000,3346000,2854000]",1167,15315000
25,51,5,"[1046,1078,1117,1090,955]","[3036000,3174000,3297000,3149000,2918000]",1117,15574000
25,52,5,"[1124,1030,1010,1124,997]","[3272000,3053000,2989000,3259000,2991000]",1124,15564000
25,53,5,"[1100,1018,1060,1121,895]","[3220000,3015000,3169000,3249000,2744000]",1121,15397000
25,54,5,"[1220,960,1106,1142,795]","[3532000,2839000,3272000,3295000,2435000]",1220,15373000
25,55,5,"[1226,904,1070,1258,757]","[3569000,2642000,3168000,3590000,2315000]",1258,15284000
25,56,5,"[1117,1132,1009,1053,955]","[3254000,3345000,3005000,3019000,2886000]",1132,15509000
25,57,5,"[1072,1025,1079,1133,893]","[3129000,3029000,3166000,3313000,2738000]",1133,15375000
25,58,5,"[1206,960,1204,1132,715]","[3505000,2828000,3561000,3275000,2180000]",1206,15349000
25,59,5,"[1268,775,1279,1357,440]","[3723000,2309000,3845000,4008000,1358000]",1357,15243000
25,60,5,"[1090,1043,1105,1122,894]","[3193000,3042000,3293000,3241000,2742000]",1122,15511000
25,61,5,"[1260,778,1270,1457,395]","[3693000,2309000,3835000,4268000,1219000]",1457,15324000
25,62,5,"[1304,795,1248,1403,491]","[3814000,2352000,3752000,4083000,1490000]",1403,15491000
25,63,5,"[1090,1059,1113,1123,941]","[3201000,3077000,3308000,3263000,2832000]",1123,15681000
25,64,5,"[1044,1039,1111,1092,959]","[3021000,3098000,3288000,3153000,2923000]",1111,15483000
25,65,5,"[1068,1017,1057,1174,940]","[3126000,3004000,3130000,3356000,2828000]",1174,15444000
26,1,5,"[914,1147,1095,899,824]","[2656000,3490000,3303000,2659000,2411000]",1147,14519000
26,2,5,"[880,1093,1077,1034,930]","[2554000,3359000,3217000,3014000,2615000]",1093,14759000
26,3,5,"[882,1095,1075,1015,844]","[2558000,3366000,3205000,2981000,2431000]",1095,14541000
26,4,5,"[913,1153,1100,885,835]","[2654000,3495000,3310000,2606000,2436000]",1153,14501000
26,5,5,"[914,1136,1101,900,931]","[2663000,3460000,3321000,2656000,2627000]",1136,14727000
26,6,5,"[858,1141,1128,881,961]","[2521000,3473000,3419000,2577000,2709000]",1141,14699000
26,7,5,"[902,1132,1068,1061,970]","[2613000,3456000,3219000,3087000,2747000]",1132,15122000
26,8,5,"[966,1134,1055,992,916]","[2806000,3458000,3191000,2894000,2669000]",1134,15018000
26,9,5,"[830,1180,1156,905,822]","[2422000,3577000,3458000,2674000,2399000]",1180,14530000
26,10,5,"[855,1136,1143,870,953]","[2520000,3465000,3478000,2534000,2681000]",1143,14678000
26,11,5,"[921,1141,1146,905,829]","[2644000,3478000,3399000,2667000,2406000]",1146,14594000
26,12,5,"[955,1132,1070,1063,971]","[2719000,3456000,3220000,3082000,2752000]",1132,15229000
26,13,5,"[1002,1134,1053,948,915]","[2929000,3458000,3187000,2779000,2669000]",1134,15022000
26,14,5,"[887,1175,1155,904,826]","[2580000,3575000,3409000,2669000,2413000]",1175,14646000
26,15,5,"[900,1132,1144,882,931]","[2617000,3454000,3485000,2568000,2626000]",1144,14750000
26,16,5,"[901,1138,1117,875,956]","[2613000,3466000,3393000,2561000,2717000]",1138,14750000
26,17,5,"[913,1152,1099,880,923]","[2659000,3495000,3311000,2588000,2596000]",1152,14649000
26,18,5,"[975,1136,1051,963,918]","[2812000,3452000,3181000,2822000,2679000]",1136,14946000
26,19,5,"[822,1206,1110,880,933]","[2405000,3641000,3375000,2571000,2616000]",1206,14608000
26,20,5,"[907,1139,1137,878,953]","[2636000,3442000,3494000,2574000,2698000]",1139,14844000
26,21,5,"[882,1187,1108,909,930]","[2564000,3588000,3322000,2694000,2620000]",1187,14788000
26,22,5,"[796,1264,1148,879,956]","[2337000,3797000,3480000,2573000,2716000]",1264,14903000
26,23,5,"[927,1152,1137,959,940]","[2677000,3503000,3399000,2796000,2720000]",1152,15095000
26,24,5,"[962,1136,1160,950,911]","[2799000,3460000,3424000,2798000,2648000]",1160,15129000
26,25,5,"[905,1192,1135,957,918]","[2620000,3624000,3379000,2791000,2673000]",1192,15087000
26,26,5,"[913,1206,1099,880,923]","[2659000,3607000,3311000,2588000,2596000]",1206,14761000
26,27,5,"[915,1116,1088,1017,963]","[2654000,3409000,3295000,2949000,2745000]",1116,15052000
26,28,5,"[902,1139,1099,900,953]","[2676000,3462000,3315000,2655000,2687000]",1139,14795000
26,29,5,"[884,1139,1099,900,953]","[2567000,3466000,3315000,2655000,2687000]",1139,14690000
26,30,5,"[881,1095,1080,1037,842]","[2556000,3356000,3219000,3016000,2433000]",1095,14580000
26,31,5,"[852,1138,1151,890,835]","[2492000,3462000,3460000,2607000,2430000]",1151,14451000
26,32,5,"[934,1157,1123,916,964]","[2707000,3508000,3411000,2699000,2739000]",1157,15064000
26,33,5,"[795,1268,1129,888,924]","[2338000,3805000,3424000,2590000,2661000]",1268,14818000
26,34,5,"[977,1138,1159,900,916]","[2842000,3473000,3454000,2628000,2672000]",1159,15069000
26,35,5,"[800,1215,1156,934,953]","[2336000,3635000,3519000,2722000,2696000]",1215,14908000
26,36,5,"[815,1116,1168,975,828]","[2374000,3386000,3521000,2842000,2418000]",1168,14541000
26,37,5,"[881,1186,1096,918,823]","[2552000,3583000,3303000,2673000,2390000]",1186,14501000
26,38,5,"[936,1205,1142,882,929]","[2713000,3639000,3389000,2570000,2613000]",1205,14924000
26,39,5,"[815,1113,1155,916,896]","[2378000,3385000,3500000,2703000,2563000]",1155,14529000
26,40,5,"[944,1216,1191,893,855]","[2758000,3617000,3467000,2626000,2502000]",1216,14970000
26,41,5,"[911,1184,1094,916,839]","[2661000,3593000,3299000,2663000,2461000]",1184,14677000
26,42,5,"[800,1265,1131,884,928]","[2337000,3802000,3458000,2595000,2617000]",1265,14809000
26,43,5,"[841,1306,1083,880,953]","[2496000,3912000,3210000,2567000,2689000]",1306,14874000
26,44,5,"[905,1135,1346,964,950]","[2621000,3471000,3892000,2801000,2800000]",1346,15585000
26,45,5,"[890,1175,1156,903,826]","[2592000,3563000,3419000,2651000,2423000]",1175,14648000
26,46,5,"[950,1142,1101,904,824]","[2749000,3472000,3294000,2684000,2411000]",1142,14610000
26,47,5,"[880,1042,1126,1030,926]","[2554000,3197000,3375000,2999000,2602000]",1126,14727000
26,48,5,"[882,1098,1079,1015,844]","[2558000,3381000,3219000,2971000,2431000]",1098,14560000
26,49,5,"[913,1153,1100,885,835]","[2654000,3495000,3310000,2606000,2436000]",1153,14501000
26,50,5,"[934,1112,1104,907,923]","[2720000,3383000,3311000,2666000,2596000]",1112,14676000
26,51,5,"[868,1139,1104,877,954]","[2555000,3475000,3375000,2569000,2698000]",1139,14672000
26,52,5,"[900,1135,1070,1059,968]","[2609000,3462000,3217000,3077000,2747000]",1135,15112000
26,53,5,"[903,1135,1122,990,921]","[2614000,3456000,3395000,2890000,2694000]",1135,15049000
26,54,5,"[822,1171,1129,896,835]","[2383000,3547000,3412000,2640000,2440000]",1171,14422000
26,55,5,"[867,1134,1145,869,868]","[2552000,3459000,3483000,2530000,2552000]",1145,14576000
26,56,5,"[920,1088,1213,906,829]","[2644000,3316000,3587000,2677000,2406000]",1213,14630000
26,57,5,"[954,1082,1116,1066,968]","[2717000,3299000,3370000,3097000,2747000]",1116,15230000
26,58,5,"[1006,1136,1049,952,923]","[2930000,3458000,3181000,2796000,2682000]",1136,15047000
26,59,5,"[883,1172,1212,890,977]","[2554000,3557000,3446000,2604000,2796000]",1212,14957000
26,60,5,"[920,1128,1147,880,927]","[2676000,3448000,3467000,2576000,2604000]",1147,14771000
26,61,5,"[900,1154,1117,866,948]","[2620000,3501000,3391000,2534000,2693000]",1154,14739000
26,62,5,"[913,1176,1099,898,931]","[2654000,3527000,3309000,2647000,2627000]",1176,14764000
26,63,5,"[969,1137,1014,1007,920]","[2812000,3458000,3063000,2982000,2684000]",1137,14999000
26,64,5,"[819,1203,1123,880,926]","[2403000,3642000,3403000,2575000,2603000]",1203,14626000
26,65,5,"[902,1141,1141,884,884]","[2622000,3446000,3508000,2591000,2546000]",1141,14713000
27,1,5,"[992,959,974,787,902]","[2980000,2832000,2929000,2274000,2627000]",992,13642000
27,2,5,"[968,979,994,857,783]","[2932000,2912000,2945000,2526000,2316000]",994,13631000
27,3,5,"[1035,894,945,897,776]","[3143000,2640000,2819000,2649000,2247000]",1035,13498000
27,4,5,"[990,934,971,827,903]","[2962000,2741000,2930000,2379000,2630000]",990,13642000
27,5,5,"[988,963,966,905,919]","[2961000,2907000,2907000,2624000,2659000]",988,14058000
27,6,5,"[992,947,969,817,901]","[2968000,2791000,2925000,2340000,2630000]",992,13654000
27,7,5,"[931,1012,989,843,847]","[2774000,2954000,2971000,2464000,2472000]",1012,13635000
27,8,5,"[991,959,972,800,898]","[2975000,2831000,2931000,2314000,2625000]",991,13676000
27,9,5,"[1038,975,920,852,783]","[3150000,2888000,2739000,2495000,2287000]",1038,13559000
27,10,5,"[980,1003,954,895,778]","[2985000,2931000,2810000,2648000,2263000]",1003,13637000
27,11,5,"[991,960,974,812,902]","[2966000,2822000,2927000,2332000,2638000]",991,13685000
27,12,5,"[1038,975,953,854,783]","[3150000,2888000,2805000,2505000,2287000]",1038,13635000
27,13,5,"[1036,1001,953,852,778]","[3148000,2927000,2808000,2505000,2263000]",1036,13651000
27,14,5,"[992,936,973,826,900]","[2968000,2762000,2932000,2376000,2634000]",992,13672000
27,15,5,"[967,980,1007,858,778]","[2924000,2920000,2977000,2524000,2310000]",1007,13655000
27,16,5,"[994,935,968,825,904]","[2967000,2757000,2923000,2370000,2644000]",994,13661000
27,17,5,"[1060,933,971,833,779]","[3239000,2743000,2925000,2398000,2338000]",1060,13643000
27,18,5,"[1037,1012,907,885,805]","[3135000,2951000,2723000,2552000,2294000]",1037,13655000
27,19,5,"[995,1013,970,800,851]","[2980000,2932000,2929000,2322000,2496000]",1013,13659000
27,20,5,"[992,957,971,838,899]","[2977000,2816000,2925000,2389000,2621000]",992,13728000
27,21,5,"[1106,986,1000,848,911]","[3310000,2920000,2943000,2405000,2672000]",1106,14250000
27,22,5,"[1040,899,1021,848,771]","[3172000,2668000,3022000,2502000,2234000]",1040,13598000
27,23,5,"[999,948,1116,787,901]","[2985000,2793000,3266000,2241000,2645000]",1116,13930000
27,24,5,"[982,1009,993,863,781]","[2983000,2953000,2913000,2555000,2294000]",1009,13698000
27,25,5,"[978,996,1031,803,800]","[2991000,2939000,3104000,2332000,2283000]",1031,13649000
27,26,5,"[1037,900,1021,864,771]","[3172000,2663000,3025000,2520000,2234000]",1037,13614000
27,27,5,"[1033,1008,948,852,779]","[3148000,2942000,2799000,2505000,2265000]",1033,13659000
27,28,5,"[1004,960,965,846,779]","[3001000,2888000,2881000,2486000,2281000]",1004,13537000
27,29,5,"[996,1044,971,855,816]","[2988000,3039000,2923000,2438000,2424000]",1044,13812000
27,30,5,"[982,998,1024,899,846]","[2967000,2922000,3028000,2575000,2448000]",1024,13940000
27,31,5,"[968,988,1018,859,833]","[2920000,2941000,2967000,2519000,2461000]",1018,13808000
27,32,5,"[1034,989,968,806,777]","[3138000,2905000,2922000,2314000,2254000]",1034,13533000
27,33,5,"[1036,1011,1005,826,775]","[3130000,2991000,2959000,2316000,2317000]",1036,13713000
27,34,5,"[938,974,1063,841,842]","[2804000,2846000,3149000,2457000,2449000]",1063,13705000
27,35,5,"[982,995,1001,818,854]","[2984000,2914000,2951000,2364000,2482000]",1001,13695000
27,36,5,"[998,934,1003,881,898]","[2986000,2750000,2985000,2530000,2587000]",1003,13838000
27,37,5,"[952,951,1004,931,935]","[2846000,2786000,2961000,2687000,2695000]",1004,13975000
27,38,5,"[969,981,1007,839,783]","[2928000,2898000,2966000,2486000,2340000]",1007,13618000
27,39,5,"[996,895,1035,800,895]","[2979000,2647000,3117000,2313000,2633000]",1035,13689000
27,40,5,"[1028,1009,972,800,846]","[3097000,2927000,2929000,2322000,2426000]",1028,13701000
27,41,5,"[1089,917,1034,889,901]","[3270000,2697000,3099000,2493000,2640000]",1089,14199000
27,42,5,"[933,1016,1027,801,849]","[2784000,2963000,3098000,2327000,2487000]",1027,13659000
27,43,5,"[997,935,1025,781,904]","[2987000,2758000,3091000,2232000,2647000]",1025,13715000
27,44,5,"[939,1047,1030,859,811]","[2792000,3066000,3094000,2446000,2399000]",1047,13797000
27,45,5,"[937,1008,1028,796,893]","[2796000,2940000,3093000,2310000,2615000]",1028,13754000
27,46,5,"[993,953,924,788,956]","[2980000,2807000,2782000,2279000,2795000]",993,13643000
27,47,5,"[973,981,995,855,783]","[2948000,2919000,2945000,2519000,2316000]",995,13647000
27,48,5,"[1038,891,955,902,778]","[3153000,2628000,2838000,2656000,2245000]",1038,13520000
27,49,5,"[991,909,1016,830,903]","[2964000,2674000,3046000,2384000,2627000]",1016,13695000
27,50,5,"[987,999,940,891,922]","[2956000,3007000,2843000,2603000,2681000]",999,14090000
27,51,5,"[1060,929,969,815,906]","[3146000,2741000,2925000,2336000,2652000]",1060,13800000
27,52,5,"[935,983,992,849,851]","[2781000,2903000,2975000,2487000,2491000]",992,13637000
27,53,5,"[994,938,1029,800,896]","[2980000,2765000,3069000,2314000,2625000]",1029,13753000
27,54,5,"[1044,977,920,850,783]","[3161000,2892000,2739000,2488000,2287000]",1044,13567000
27,55,5,"[982,1001,931,900,771]","[2982000,2921000,2768000,2656000,2246000]",1001,13573000
27,56,5,"[991,956,971,858,899]","[2972000,2816000,2923000,2434000,2621000]",991,13766000
27,57,5,"[987,971,955,900,784]","[2997000,2865000,2809000,2663000,2287000]",987,13621000
27,58,5,"[1038,999,952,850,778]","[3159000,2922000,2806000,2498000,2263000]",1038,13648000
27,59,5,"[968,936,974,826,901]","[2924000,2756000,2934000,2382000,2642000]",974,13638000
27,60,5,"[915,982,1006,899,780]","[2759000,2927000,2976000,2667000,2314000]",1006,13643000
27,61,5,"[994,932,963,823,901]","[2971000,2749000,2907000,2370000,2631000]",994,13628000
27,62,5,"[1056,931,970,839,782]","[3225000,2739000,2927000,2414000,2365000]",1056,13670000
27,63,5,"[1033,1012,912,883,818]","[3134000,2938000,2729000,2558000,2338000]",1033,13697000
27,64,5,"[1000,1018,972,803,856]","[2990000,2936000,2932000,2328000,2494000]",1018,13680000
27,65,5,"[996,1080,912,835,900]","[2983000,3129000,2734000,2392000,2640000]",1080,13878000
28,1,5,"[947,939,1013,1066,1069]","[2783000,2732000,2965000,3124000,3077000]",1069,14681000
28,2,5,"[590,1064,1318,1118,895]","[1722000,3097000,4014000,3124000,2563000]",1318,14520000
28,3,5,"[874,910,1107,1068,1070]","[2571000,2607000,3156000,3175000,3035000]",1107,14544000
28,4,5,"[956,945,1025,1075,999]","[2796000,2749000,2994000,3151000,2922000]",1075,14612000
28,5,5,"[904,825,1073,1182,1053]","[2653000,2408000,3084000,3383000,3055000]",1182,14583000
28,6,5,"[907,826,1055,1192,1056]","[2659000,2410000,3030000,3418000,3065000]",1192,14582000
28,7,5,"[854,850,1120,1168,1055]","[2510000,2472000,3211000,3353000,3049000]",1168,14595000
28,8,5,"[879,909,1100,1087,1081]","[2585000,2607000,3133000,3225000,3084000]",1100,14634000
28,9,5,"[853,888,1074,1178,1051]","[2504000,2589000,3073000,3374000,3043000]",1178,14583000
28,10,5,"[985,1017,1065,1069,942]","[2850000,2914000,3027000,3185000,2762000]",1069,14738000
28,11,5,"[1034,948,1070,1068,941]","[3000000,2714000,3037000,3177000,2757000]",1070,14685000
28,12,5,"[888,912,1026,1202,1040]","[2553000,2646000,2938000,3425000,3009000]",1202,14571000
28,13,5,"[852,890,1017,1176,1110]","[2484000,2589000,2914000,3375000,3228000]",1176,14590000
28,14,5,"[901,942,1028,1125,1054]","[2626000,2741000,2942000,3235000,3079000]",1125,14623000
28,15,5,"[951,951,1024,1070,1045]","[2797000,2768000,3006000,3133000,3001000]",1070,14705000
28,16,5,"[853,891,1053,1192,1054]","[2504000,2595000,3019000,3422000,3049000]",1192,14589000
28,17,5,"[907,852,1021,1197,1059]","[2663000,2502000,2923000,3438000,3062000]",1197,14588000
28,18,5,"[842,1124,1076,1085,944]","[2329000,3304000,3108000,3178000,2717000]",1124,14636000
28,19,5,"[958,825,1054,1174,1047]","[2803000,2408000,3000000,3364000,3042000]",1174,14617000
28,20,5,"[1003,943,956,1073,1062]","[2953000,2734000,2805000,3134000,3063000]",1073,14689000
28,21,5,"[894,941,1110,1190,1054]","[2590000,2736000,3119000,3420000,3055000]",1190,14920000
28,22,5,"[1004,942,1029,1078,1007]","[2953000,2763000,3007000,3160000,2940000]",1078,14823000
28,23,5,"[862,964,1077,1065,1089]","[2517000,2759000,3053000,3184000,3101000]",1089,14614000
28,24,5,"[987,1078,1016,1079,1079]","[2854000,3068000,2958000,3149000,3096000]",1079,15125000
28,25,5,"[848,889,1124,1209,1019]","[2480000,2591000,3211000,3450000,2952000]",1209,14684000
28,26,5,"[936,892,1059,1148,981]","[2780000,2594000,3046000,3334000,2879000]",1148,14633000
28,27,5,"[874,948,1061,1077,1121]","[2509000,2745000,3025000,3142000,3202000]",1121,14623000
28,28,5,"[848,858,1103,1175,1062]","[2476000,2522000,3181000,3358000,3090000]",1175,14627000
28,29,5,"[906,845,1095,1210,1129]","[2649000,2468000,3117000,3469000,3208000]",1210,14911000
28,30,5,"[955,1039,1066,1118,1118]","[2780000,3004000,3010000,3227000,3240000]",1118,15261000
28,31,5,"[1010,1008,1085,1155,1147]","[2889000,2867000,3060000,3439000,3316000]",1155,15571000
28,32,5,"[892,848,1055,1197,1053]","[2608000,2438000,3026000,3424000,3056000]",1197,14552000
28,33,5,"[1035,976,1028,1152,1071]","[3002000,2807000,2954000,3362000,3119000]",1152,15244000
28,34,5,"[847,896,1005,1169,1097]","[2472000,2611000,2872000,3366000,3169000]",1169,14490000
28,35,5,"[904,803,1057,1192,1054]","[2659000,2368000,3030000,3425000,3050000]",1192,14532000
28,36,5,"[612,981,1147,1237,1101]","[1815000,2815000,3273000,3550000,3176000]",1237,14629000
28,37,5,"[843,910,1087,1186,1097]","[2472000,2635000,3104000,3382000,3208000]",1186,14801000
28,38,5,"[1052,1057,1118,1134,993]","[3039000,2969000,3160000,3197000,2898000]",1134,15263000
28,39,5,"[840,1004,1062,1175,1021]","[2453000,2874000,3061000,3379000,2951000]",1175,14718000
28,40,5,"[592,1018,1297,1161,890]","[1729000,2959000,3968000,3251000,2566000]",1297,14473000
28,41,5,"[960,1072,1316,1036,980]","[2787000,3117000,3879000,2985000,2795000]",1316,15563000
28,42,5,"[984,960,1068,1163,1114]","[2877000,2741000,3069000,3340000,3193000]",1163,15220000
28,43,5,"[1004,931,1274,1122,860]","[2956000,2687000,3793000,3135000,2505000]",1274,15076000
28,44,5,"[935,958,1061,1124,1045]","[2701000,2727000,3050000,3247000,3035000]",1124,14760000
28,45,5,"[1084,948,1150,1066,1048]","[3100000,2731000,3291000,3114000,3018000]",1150,15254000
28,46,5,"[984,941,1015,1070,1124]","[2833000,2736000,2962000,3144000,3201000]",1124,14876000
28,47,5,"[590,1096,1256,1117,895]","[1722000,3206000,3838000,3122000,2574000]",1256,14462000
28,48,5,"[865,913,1125,1071,1091]","[2532000,2618000,3198000,3188000,3095000]",1125,14631000
28,49,5,"[956,944,1017,1071,1013]","[2796000,2748000,2950000,3145000,2977000]",1071,14616000
28,50,5,"[909,825,1077,1091,1053]","[2665000,2408000,3105000,3197000,3040000]",1091,14415000
28,51,5,"[907,842,1057,1192,1057]","[2650000,2446000,3031000,3426000,3063000]",1192,14616000
28,52,5,"[854,897,1057,1171,1050]","[2508000,2633000,3028000,3365000,3058000]",1171,14592000
28,53,5,"[893,879,1105,1084,1082]","[2635000,2521000,3152000,3216000,3071000]",1105,14595000
28,54,5,"[840,891,1070,1178,1065]","[2450000,2595000,3074000,3375000,3093000]",1178,14587000
28,55,5,"[983,1025,1074,1048,975]","[2846000,2922000,3045000,3116000,2848000]",1074,14777000
28,56,5,"[1031,918,1072,1063,938]","[2985000,2652000,3033000,3172000,2753000]",1072,14595000
28,57,5,"[886,919,1028,1186,1048]","[2557000,2663000,2942000,3392000,3036000]",1186,14590000
28,58,5,"[884,888,982,1177,1098]","[2586000,2589000,2804000,3377000,3205000]",1177,14561000
28,59,5,"[881,942,1027,1125,1065]","[2569000,2741000,2938000,3243000,3088000]",1125,14579000
28,60,5,"[943,940,1010,1098,1047]","[2758000,2732000,2949000,3217000,3026000]",1098,14682000
28,61,5,"[855,900,1097,1201,1063]","[2506000,2614000,3109000,3452000,3081000]",1201,14762000
28,62,5,"[905,883,1023,1198,1060]","[2646000,2585000,2931000,3447000,3078000]",1198,14687000
28,63,5,"[837,1134,1051,1082,950]","[2324000,3326000,3071000,3176000,2731000]",1134,14628000
28,64,5,"[942,825,1053,1188,1050]","[2759000,2408000,3000000,3414000,3051000]",1188,14632000
28,65,5,"[980,944,977,1068,1068]","[2873000,2745000,2856000,3131000,3080000]",1068,14685000
29,1,5,"[935,1055,917,1077,976]","[2782000,3180000,2566000,3183000,2802000]",1077,14513000
29,2,5,"[960,1062,917,1059,970]","[2849000,3194000,2572000,3126000,2780000]",1062,14521000
29,3,5,"[955,1127,921,1073,868]","[2822000,3388000,2572000,3138000,2493000]",1127,14413000
29,4,5,"[957,1060,921,1058,970]","[2843000,3190000,2592000,3124000,2780000]",1060,14529000
29,5,5,"[917,1066,868,1103,979]","[2720000,3206000,2452000,3271000,2784000]",1103,14433000
29,6,5,"[910,1117,867,1099,956]","[2704000,3344000,2463000,3217000,2740000]",1117,14468000
29,7,5,"[843,1115,918,1101,990]","[2505000,3367000,2577000,3246000,2779000]",1115,14474000
29,8,5,"[937,1057,923,1071,975]","[2786000,3184000,2578000,3186000,2795000]",1071,14529000
29,9,5,"[994,1107,866,1040,932]","[2960000,3332000,2453000,3049000,2689000]",1107,14483000
29,10,5,"[1052,1005,900,1063,922]","[3141000,3057000,2588000,3143000,2708000]",1063,14637000
29,11,5,"[939,1110,864,1100,932]","[2796000,3338000,2451000,3235000,2672000]",1110,14492000
29,12,5,"[1051,1004,965,1068,913]","[3147000,3044000,2694000,3146000,2666000]",1068,14697000
29,13,5,"[945,1077,1009,1082,919]","[2790000,3177000,2824000,3182000,2646000]",1082,14619000
29,14,5,"[946,1079,958,1076,955]","[2803000,3182000,2678000,3180000,2776000]",1079,14619000
29,15,5,"[950,1071,1001,1076,936]","[2797000,3165000,2796000,3174000,2714000]",1076,14646000
29,16,5,"[898,1052,953,1117,922]","[2673000,3178000,2683000,3294000,2659000]",1117,14487000
29,17,5,"[928,1070,873,1093,1069]","[2759000,3198000,2473000,3201000,2946000]",1093,14577000
29,18,5,"[969,1111,866,1041,970]","[2880000,3340000,2461000,3044000,2765000]",1111,14490000
29,19,5,"[1056,1011,948,1064,935]","[3151000,3069000,2638000,3140000,2736000]",1064,14734000
29,20,5,"[897,1067,984,1067,1019]","[2675000,3211000,2789000,3152000,2884000]",1067,14711000
29,21,5,"[838,1180,873,1104,980]","[2475000,3513000,2474000,3273000,2789000]",1180,14524000
29,22,5,"[958,1113,866,1072,931]","[2849000,3344000,2449000,3148000,2682000]",1113,14472000
29,23,5,"[873,1110,982,1086,925]","[2594000,3354000,2734000,3192000,2673000]",1110,14547000
29,24,5,"[927,1066,905,1070,852]","[2736000,3194000,2528000,3142000,2457000]",1070,14057000
29,25,5,"[1001,1063,867,1078,934]","[2996000,3203000,2443000,3165000,2706000]",1078,14513000
29,26,5,"[966,1063,869,1086,991]","[2864000,3190000,2441000,3182000,2752000]",1086,14429000
29,27,5,"[966,1066,1033,1060,923]","[2881000,3161000,2927000,3128000,2674000]",1066,14771000
29,28,5,"[996,1055,1086,1072,1108]","[2999000,3121000,3036000,3158000,3100000]",1108,15414000
29,29,5,"[885,1068,922,1070,953]","[2635000,3209000,2651000,3147000,2714000]",1070,14356000
29,30,5,"[905,1112,865,1079,894]","[2761000,3342000,2448000,3170000,2582000]",1112,14303000
29,31,5,"[969,1075,998,1087,949]","[2829000,3191000,2792000,3203000,2736000]",1087,14751000
29,32,5,"[1062,1067,875,1119,945]","[3163000,3196000,2469000,3285000,2640000]",1119,14753000
29,33,5,"[909,1112,917,1063,975]","[2696000,3355000,2572000,3143000,2790000]",1112,14556000
29,34,5,"[925,1110,928,1082,956]","[2772000,3351000,2580000,3150000,2764000]",1110,14617000
29,35,5,"[929,1119,927,1069,926]","[2775000,3378000,2594000,3130000,2670000]",1119,14547000
29,36,5,"[1004,1066,854,1065,996]","[3000000,3192000,2450000,3138000,2786000]",1066,14566000
29,37,5,"[928,1113,925,1069,926]","[2786000,3357000,2588000,3134000,2680000]",1113,14545000
29,38,5,"[862,1068,1146,1097,1021]","[2557000,3157000,3171000,3231000,2871000]",1146,14987000
29,39,5,"[970,1067,1043,1070,925]","[2890000,3207000,2922000,3155000,2605000]",1070,14779000
29,40,5,"[862,1119,885,1100,993]","[2547000,3362000,2505000,3261000,2783000]",1119,14458000
29,41,5,"[957,1111,871,1082,970]","[2836000,3343000,2474000,3151000,2786000]",1111,14590000
29,42,5,"[986,1065,873,1085,929]","[2952000,3197000,2462000,3198000,2697000]",1085,14506000
29,43,5,"[874,1205,965,1077,930]","[2581000,3558000,2713000,3186000,2617000]",1205,14655000
29,44,5,"[911,1116,868,1118,954]","[2709000,3340000,2461000,3264000,2736000]",1118,14510000
29,45,5,"[971,1065,1065,1034,1081]","[2892000,3153000,2963000,3016000,3083000]",1081,15107000
29,46,5,"[988,1057,927,1032,981]","[2942000,3184000,2591000,3032000,2817000]",1057,14566000
29,47,5,"[988,1057,927,1032,981]","[2942000,3184000,2591000,3032000,2817000]",1057,14566000
29,48,5,"[942,1121,926,1067,867]","[2812000,3358000,2598000,3130000,2515000]",1121,14413000
29,49,5,"[951,1009,922,1059,1079]","[2822000,3030000,2592000,3129000,3054000]",1079,14627000
29,50,5,"[920,1065,827,1102,978]","[2739000,3204000,2364000,3269000,2785000]",1102,14361000
29,51,5,"[906,1112,911,1095,964]","[2697000,3338000,2544000,3198000,2770000]",1112,14547000
29,52,5,"[964,1115,918,1024,990]","[2843000,3367000,2577000,2996000,2779000]",1115,14562000
29,53,5,"[965,1060,914,1074,956]","[2860000,3190000,2556000,3174000,2748000]",1074,14528000
29,54,5,"[1032,1056,869,1047,932]","[3073000,3182000,2456000,3060000,2676000]",1056,14447000
29,55,5,"[1052,1005,900,1063,924]","[3143000,3057000,2594000,3143000,2690000]",1063,14627000
29,56,5,"[941,1106,868,1075,934]","[2787000,3330000,2448000,3191000,2687000]",1106,14443000
29,57,5,"[1061,1003,1012,1090,918]","[3161000,3044000,2787000,3179000,2671000]",1090,14842000
29,58,5,"[945,1077,1010,1082,905]","[2790000,3177000,2822000,3182000,2624000]",1082,14595000
29,59,5,"[946,1079,1007,1076,953]","[2803000,3182000,2805000,3180000,2742000]",1079,14712000
29,60,5,"[947,1079,957,1074,964]","[2809000,3173000,2674000,3174000,2810000]",1079,14640000
29,61,5,"[956,1058,963,1075,916]","[2830000,3190000,2696000,3146000,2638000]",1075,14500000
29,62,5,"[934,1068,886,1091,1053]","[2777000,3214000,2499000,3204000,2914000]",1091,14608000
29,63,5,"[996,1065,864,1052,954]","[2990000,3196000,2451000,3080000,2746000]",1065,14463000
29,64,5,"[1052,1010,876,1063,929]","[3144000,3079000,2492000,3133000,2699000]",1063,14547000
29,65,5,"[900,1066,994,1062,1049]","[2660000,3213000,2811000,3147000,2971000]",1066,14802000
30,1,5,"[718,1055,1096,1103,905]","[2074000,3106000,3230000,3217000,2650000]",1103,14277000
30,2,5,"[687,1086,1095,1064,985]","[1993000,3221000,3209000,3154000,2803000]",1095,14380000
30,3,5,"[961,1056,1061,1046,1070]","[2804000,3098000,3113000,3019000,3207000]",1070,15241000
30,4,5,"[987,979,1053,1047,1073]","[2854000,2898000,3072000,3047000,3222000]",1073,15093000
30,5,5,"[690,1013,1109,1156,872]","[1992000,3012000,3275000,3437000,2545000]",1156,14261000
30,6,5,"[961,1018,1087,1034,1071]","[2784000,2993000,3147000,3004000,3210000]",1087,15138000
30,7,5,"[985,1021,1054,1037,1077]","[2861000,2984000,3062000,3015000,3227000]",1077,15149000
30,8,5,"[965,1044,1057,1050,1071]","[2824000,3087000,3098000,3024000,3209000]",1071,15242000
30,9,5,"[652,1038,1102,1143,907]","[1903000,3054000,3283000,3392000,2646000]",1143,14278000
30,10,5,"[885,1098,1089,1022,1004]","[2592000,3230000,3258000,2970000,2899000]",1098,14949000
30,11,5,"[954,986,1088,1071,1067]","[2761000,2888000,3166000,3099000,3197000]",1088,15111000
30,12,5,"[718,1053,1094,1105,907]","[2074000,3106000,3223000,3230000,2657000]",1105,14290000
30,13,5,"[652,1048,1104,1050,1038]","[1906000,3094000,3298000,3126000,2994000]",1104,14418000
30,14,5,"[954,982,1090,1059,1069]","[2761000,2882000,3166000,3092000,3212000]",1090,15113000
30,15,5,"[693,1095,1126,1114,862]","[2014000,3231000,3317000,3290000,2522000]",1126,14374000
30,16,5,"[958,1076,1059,1047,1069]","[2798000,3132000,3099000,3024000,3209000]",1076,15262000
30,17,5,"[957,1070,1088,1009,1068]","[2765000,3113000,3166000,2927000,3197000]",1088,15168000
30,18,5,"[720,1057,1108,1105,908]","[2079000,3103000,3274000,3266000,2662000]",1108,14384000
30,19,5,"[957,1041,1065,1072,1070]","[2799000,3074000,3104000,3098000,3200000]",1072,15275000
30,20,5,"[920,1077,1072,1076,1068]","[2680000,3130000,3122000,3116000,3197000]",1077,15245000
30,21,5,"[956,1019,1113,1040,1069]","[2761000,2992000,3213000,3019000,3203000]",1113,15188000
30,22,5,"[945,1058,1052,1035,1080]","[2733000,3087000,3061000,3018000,3246000]",1080,15145000
30,23,5,"[1016,1027,1146,1049,1067]","[2968000,2993000,3288000,3032000,3196000]",1146,15477000
30,24,5,"[706,1034,1095,1143,904]","[2048000,3049000,3211000,3391000,2641000]",1143,14340000
30,25,5,"[774,1134,1116,1036,1050]","[2239000,3284000,3297000,2982000,3069000]",1134,14871000
30,26,5,"[932,1078,1077,1072,1066]","[2715000,3139000,3115000,3104000,3197000]",1078,15270000
30,27,5,"[1030,1145,1062,1056,1065]","[2966000,3277000,3113000,3067000,3191000]",1145,15614000
30,28,5,"[964,1106,1069,1038,1070]","[2818000,3220000,3128000,2994000,3207000]",1106,15367000
30,29,5,"[696,1005,1113,1078,940]","[2016000,2999000,3292000,3209000,2746000]",1113,14262000
30,30,5,"[778,1116,1127,1159,1158]","[2212000,3257000,3321000,3409000,3245000]",1159,15444000
30,31,5,"[954,1018,1087,1051,1069]","[2763000,2993000,3147000,3037000,3212000]",1087,15152000
30,32,5,"[893,1100,1085,981,1048]","[2613000,3242000,3235000,2836000,3032000]",1100,14958000
30,33,5,"[957,1057,1064,1029,1139]","[2733000,3086000,3065000,3026000,3367000]",1139,15277000
30,34,5,"[1150,1113,1076,1010,1012]","[3338000,3279000,3143000,2940000,2924000]",1150,15624000
30,35,5,"[962,1111,1058,1043,1067]","[2819000,3259000,3094000,3005000,3205000]",1111,15382000
30,36,5,"[1079,1205,1078,1203,870]","[3116000,3418000,3084000,3521000,2528000]",1205,15667000
30,37,5,"[964,1100,1108,1003,1062]","[2781000,3214000,3205000,2885000,3166000]",1108,15251000
30,38,5,"[974,1160,1030,1054,977]","[2791000,3379000,3028000,3084000,2830000]",1160,15112000
30,39,5,"[1172,1154,1191,1025,972]","[3426000,3377000,3427000,2963000,2777000]",1191,15970000
30,40,5,"[947,1106,1199,1043,1066]","[2759000,3207000,3517000,3006000,3140000]",1199,15629000
30,41,5,"[807,1148,1234,1096,982]","[2372000,3341000,3629000,3163000,2852000]",1234,15357000
30,42,5,"[1012,1083,1002,1131,1025]","[2862000,3121000,2917000,3374000,3086000]",1131,15360000
30,43,5,"[651,1071,1116,1041,1044]","[1889000,3106000,3336000,3056000,3009000]",1116,14396000
30,44,5,"[691,958,1105,1222,883]","[2016000,2846000,3283000,3612000,2582000]",1222,14339000
30,45,5,"[1070,1021,1065,1168,1157]","[3019000,2954000,3015000,3434000,3375000]",1168,15797000
30,46,5,"[713,1061,1071,1106,910]","[2073000,3135000,3180000,3230000,2650000]",1106,14268000
30,47,5,"[687,1086,1042,1115,985]","[1993000,3221000,3040000,3323000,2803000]",1115,14380000
30,48,5,"[962,1057,1060,1067,1065]","[2796000,3091000,3103000,3099000,3201000]",1067,15290000
30,49,5,"[932,978,1050,1037,1074]","[2767000,2898000,3057000,3000000,3224000]",1074,14946000
30,50,5,"[690,1011,1135,1170,871]","[1992000,3008000,3298000,3492000,2543000]",1170,14333000
30,51,5,"[961,1018,1096,1034,1071]","[2771000,2987000,3172000,3004000,3210000]",1096,15144000
30,52,5,"[1104,1019,1058,1034,993]","[3207000,2984000,3070000,3013000,2959000]",1104,15233000
30,53,5,"[956,1048,1120,1059,978]","[2802000,3086000,3290000,3072000,2937000]",1120,15187000
30,54,5,"[654,1008,1106,1140,943]","[1893000,2960000,3282000,3387000,2767000]",1140,14289000
30,55,5,"[881,1102,1089,1015,1003]","[2575000,3248000,3258000,2947000,2897000]",1102,14925000
30,56,5,"[954,988,1096,1071,1067]","[2761000,2884000,3180000,3099000,3197000]",1096,15121000
30,57,5,"[724,1053,1094,1101,895]","[2101000,3102000,3223000,3213000,2618000]",1101,14257000
30,58,5,"[650,1049,1053,1045,1103]","[1891000,3095000,3118000,3101000,3184000]",1103,14389000
30,59,5,"[911,978,1090,1061,1077]","[2704000,2871000,3170000,3103000,3238000]",1090,15086000
30,60,5,"[693,1093,1073,1168,862]","[2014000,3230000,3148000,3463000,2517000]",1168,14372000
30,61,5,"[957,1074,1059,1068,1066]","[2790000,3132000,3099000,3074000,3203000]",1074,15298000
30,62,5,"[955,1074,1088,1013,1070]","[2761000,3129000,3166000,2931000,3195000]",1088,15182000
30,63,5,"[717,1057,1104,1113,947]","[2076000,3104000,3264000,3271000,2743000]",1113,14458000
30,64,5,"[949,1035,1062,1064,1061]","[2786000,3065000,3095000,3075000,3195000]",1064,15216000
30,65,5,"[904,1079,1087,1076,1066]","[2641000,3146000,3155000,3115000,3201000]",1087,15258000
