iteration_id,solution_id,agv_count,running_times_seconds,energy_consumptions_joules,max_running_time_seconds,total_energy_consumption_joules
1,1,5,"[340,386,336,320,370]","[1032000,1172000,1044000,955000,1082000]",386,5285000
1,2,5,"[340,388,336,320,370]","[1032000,1172000,1044000,955000,1082000]",388,5285000
1,3,5,"[340,386,336,320,370]","[1032000,1172000,1044000,955000,1082000]",386,5285000
1,4,5,"[339,385,339,320,373]","[1032000,1168000,1050000,955000,1084000]",385,5289000
1,5,5,"[340,387,336,320,370]","[1032000,1172000,1044000,955000,1082000]",387,5285000
1,6,5,"[341,383,339,320,371]","[1032000,1168000,1050000,955000,1084000]",383,5289000
1,7,5,"[339,429,287,320,371]","[1032000,1317000,892000,955000,1084000]",429,5280000
1,8,5,"[377,379,359,281,372]","[1155000,1151000,1093000,826000,1088000]",379,5313000
1,9,5,"[340,362,336,361,370]","[1032000,1093000,1044000,1064000,1082000]",370,5315000
1,10,5,"[339,386,337,320,370]","[1032000,1172000,1044000,955000,1082000]",386,5285000
1,11,5,"[340,362,377,320,370]","[1032000,1093000,1153000,955000,1082000]",377,5315000
1,12,5,"[376,377,349,345,326]","[1148000,1144000,1073000,1017000,943000]",377,5325000
1,13,5,"[339,387,341,320,370]","[1032000,1174000,1044000,955000,1082000]",387,5287000
1,14,5,"[339,386,339,320,370]","[1032000,1172000,1048000,955000,1082000]",386,5289000
1,15,5,"[339,385,345,320,373]","[1032000,1168000,1062000,955000,1082000]",385,5299000
1,16,5,"[307,429,287,348,373]","[950000,1312000,892000,1041000,1088000]",429,5283000
1,17,5,"[377,379,367,281,366]","[1153000,1151000,1115000,826000,1070000]",379,5315000
1,18,5,"[374,377,410,281,315]","[1153000,1147000,1247000,826000,913000]",410,5286000
1,19,5,"[344,360,343,361,370]","[1037000,1093000,1054000,1064000,1082000]",370,5330000
1,20,5,"[341,357,343,364,370]","[1032000,1089000,1050000,1079000,1082000]",370,5332000
1,21,5,"[374,379,388,281,332]","[1153000,1154000,1190000,826000,964000]",388,5287000
1,22,5,"[336,425,416,317,350]","[1014000,1273000,1252000,924000,1016000]",425,5479000
1,23,5,"[342,386,412,417,311]","[1038000,1170000,1240000,1167000,898000]",417,5513000
1,24,5,"[344,360,405,328,370]","[1037000,1093000,1220000,952000,1082000]",405,5384000
1,25,5,"[471,377,441,313,343]","[1377000,1144000,1307000,879000,999000]",471,5706000
1,26,5,"[375,380,392,281,355]","[1155000,1156000,1186000,826000,1037000]",392,5360000
1,27,5,"[375,386,412,319,396]","[1073000,1173000,1244000,934000,1140000]",412,5564000
1,28,5,"[341,357,375,323,370]","[1032000,1089000,1145000,970000,1082000]",375,5318000
1,29,5,"[268,404,366,481,372]","[800000,1233000,1077000,1367000,1086000]",481,5563000
1,30,5,"[454,381,397,304,337]","[1343000,1154000,1185000,864000,976000]",454,5522000
1,31,5,"[385,419,378,295,348]","[1170000,1273000,1116000,872000,1013000]",419,5444000
1,32,5,"[475,405,408,297,411]","[1387000,1215000,1214000,882000,1119000]",475,5817000
1,33,5,"[440,380,472,367,290]","[1305000,1153000,1400000,997000,829000]",472,5684000
1,34,5,"[375,380,365,306,374]","[1143000,1156000,1096000,900000,1090000]",380,5385000
1,35,5,"[407,401,403,333,348]","[1231000,1157000,1211000,956000,1014000]",407,5569000
1,36,5,"[436,401,413,271,389]","[1312000,1192000,1249000,785000,1066000]",436,5604000
1,37,5,"[341,383,356,320,370]","[1032000,1168000,1084000,955000,1082000]",383,5321000
1,38,5,"[386,380,367,267,366]","[1195000,1153000,1116000,780000,1070000]",386,5314000
1,39,5,"[389,376,413,357,362]","[1177000,1115000,1198000,1033000,1054000]",413,5577000
1,40,5,"[469,438,398,294,364]","[1343000,1287000,1171000,848000,1054000]",469,5703000
1,41,5,"[339,359,386,344,375]","[1032000,1089000,1174000,1009000,1084000]",386,5388000
1,42,5,"[459,379,366,298,372]","[1349000,1151000,1080000,866000,1088000]",459,5534000
1,43,5,"[474,403,408,395,325]","[1389000,1202000,1208000,1093000,914000]",474,5806000
1,44,5,"[375,383,396,320,374]","[1146000,1155000,1131000,955000,1088000]",396,5475000
1,45,5,"[324,446,425,316,376]","[965000,1335000,1252000,923000,1078000]",446,5553000
1,46,5,"[339,386,350,435,370]","[1032000,1172000,1015000,1251000,1082000]",435,5552000
1,47,5,"[341,396,337,320,370]","[1032000,1194000,1049000,955000,1082000]",396,5312000
1,48,5,"[340,383,364,323,370]","[1037000,1168000,1115000,970000,1066000]",383,5356000
1,49,5,"[339,385,342,362,373]","[1032000,1168000,1056000,1039000,1087000]",385,5382000
1,50,5,"[341,387,337,390,370]","[1032000,1172000,1046000,1093000,1082000]",390,5425000
1,51,5,"[323,384,340,322,448]","[934000,1170000,1055000,959000,1304000]",448,5422000
1,52,5,"[358,429,287,322,383]","[1077000,1317000,892000,965000,1105000]",429,5356000
1,53,5,"[381,388,361,333,375]","[1157000,1120000,1093000,975000,1088000]",388,5433000
1,54,5,"[340,323,336,418,370]","[1032000,979000,1044000,1233000,1082000]",418,5370000
1,55,5,"[385,386,337,320,377]","[1146000,1172000,1044000,955000,1073000]",386,5390000
1,56,5,"[340,362,377,391,370]","[1032000,1093000,1153000,1093000,1082000]",391,5453000
1,57,5,"[365,411,349,345,326]","[1093000,1245000,1073000,1017000,943000]",411,5371000
1,58,5,"[341,405,336,320,405]","[1042000,1209000,1044000,955000,1153000]",405,5403000
1,59,5,"[339,386,339,387,370]","[1032000,1172000,1048000,1088000,1082000]",387,5422000
1,60,5,"[339,386,345,387,374]","[1032000,1174000,1062000,1088000,1084000]",387,5440000
1,61,5,"[304,430,287,388,371]","[929000,1317000,892000,1142000,1084000]",430,5364000
1,62,5,"[376,379,367,281,386]","[1163000,1151000,1115000,826000,1106000]",386,5361000
1,63,5,"[376,379,409,293,348]","[1157000,1147000,1249000,838000,996000]",409,5387000
1,64,5,"[344,360,343,361,370]","[1037000,1093000,1054000,1064000,1082000]",370,5330000
1,65,5,"[302,357,344,362,448]","[910000,1089000,1056000,1069000,1286000]",448,5410000
2,1,5,"[359,346,335,359,352]","[1109000,1055000,970000,1102000,1043000]",359,5279000
2,2,5,"[374,371,335,363,303]","[1165000,1122000,970000,1098000,900000]",374,5255000
2,3,5,"[375,368,335,358,303]","[1165000,1114000,970000,1093000,900000]",375,5242000
2,4,5,"[342,360,337,359,346]","[1054000,1100000,980000,1102000,1031000]",360,5267000
2,5,5,"[366,359,336,359,318]","[1137000,1100000,976000,1102000,942000]",366,5257000
2,6,5,"[342,360,337,359,346]","[1054000,1100000,980000,1102000,1031000]",360,5267000
2,7,5,"[342,358,345,359,346]","[1054000,1100000,992000,1102000,1031000]",359,5279000
2,8,5,"[375,350,340,408,254]","[1167000,1075000,980000,1260000,751000]",408,5233000
2,9,5,"[364,360,335,359,320]","[1130000,1103000,980000,1102000,946000]",364,5261000
2,10,5,"[366,359,336,359,318]","[1137000,1100000,976000,1102000,942000]",366,5257000
2,11,5,"[375,350,338,408,254]","[1167000,1075000,980000,1260000,751000]",408,5233000
2,12,5,"[375,368,335,358,303]","[1165000,1114000,970000,1093000,900000]",375,5242000
2,13,5,"[374,309,335,410,303]","[1165000,942000,974000,1264000,900000]",410,5245000
2,14,5,"[374,371,335,363,303]","[1165000,1122000,974000,1098000,900000]",374,5259000
2,15,5,"[374,371,335,363,303]","[1165000,1122000,974000,1098000,900000]",374,5259000
2,16,5,"[375,368,335,358,303]","[1165000,1114000,974000,1093000,900000]",375,5246000
2,17,5,"[340,360,335,359,352]","[1050000,1100000,974000,1102000,1043000]",360,5269000
2,18,5,"[342,358,345,359,346]","[1054000,1100000,995000,1102000,1031000]",359,5282000
2,19,5,"[366,360,337,359,320]","[1137000,1100000,974000,1102000,946000]",366,5259000
2,20,5,"[366,360,337,359,320]","[1137000,1100000,974000,1102000,946000]",366,5259000
2,21,5,"[421,362,339,392,311]","[1262000,1114000,986000,1154000,919000]",421,5435000
2,22,5,"[385,364,373,399,315]","[1202000,1079000,1082000,1168000,924000]",399,5455000
2,23,5,"[370,357,369,379,318]","[1157000,1096000,1086000,1109000,942000]",379,5390000
2,24,5,"[447,344,368,395,368]","[1365000,1012000,1075000,1161000,1021000]",447,5634000
2,25,5,"[377,424,342,397,376]","[1171000,1232000,997000,1168000,1048000]",424,5616000
2,26,5,"[360,353,345,360,348]","[1109000,1073000,992000,1107000,1031000]",360,5312000
2,27,5,"[364,364,335,363,322]","[1130000,1115000,980000,1109000,956000]",364,5290000
2,28,5,"[432,347,359,360,303]","[1308000,1023000,1055000,1093000,900000]",432,5379000
2,29,5,"[425,362,371,395,312]","[1273000,1076000,1079000,1154000,919000]",425,5501000
2,30,5,"[411,361,359,392,311]","[1241000,1091000,1042000,1154000,919000]",411,5447000
2,31,5,"[412,368,383,430,325]","[1245000,1084000,1108000,1210000,968000]",430,5615000
2,32,5,"[376,358,336,359,318]","[1154000,1100000,976000,1102000,942000]",376,5274000
2,33,5,"[413,397,336,383,315]","[1252000,1191000,975000,1126000,927000]",413,5471000
2,34,5,"[374,367,370,366,303]","[1165000,1077000,1080000,1125000,900000]",374,5347000
2,35,5,"[374,362,371,395,318]","[1165000,1081000,1085000,1159000,936000]",395,5426000
2,36,5,"[375,376,335,358,303]","[1165000,1132000,970000,1093000,900000]",376,5260000
2,37,5,"[374,350,367,375,303]","[1165000,1040000,1072000,1149000,900000]",375,5326000
2,38,5,"[407,366,341,396,314]","[1224000,1114000,980000,1168000,919000]",407,5405000
2,39,5,"[399,348,411,360,320]","[1194000,1025000,1191000,1104000,952000]",411,5466000
2,40,5,"[413,365,378,395,311]","[1241000,1080000,1104000,1159000,919000]",413,5503000
2,41,5,"[446,364,369,397,298]","[1360000,1082000,1070000,1164000,848000]",446,5524000
2,42,5,"[381,363,370,387,318]","[1137000,1080000,1084000,1185000,942000]",387,5428000
2,43,5,"[438,357,370,366,278]","[1332000,1059000,1084000,1122000,815000]",438,5412000
2,44,5,"[430,351,369,393,320]","[1307000,1035000,1083000,1149000,952000]",430,5526000
2,45,5,"[376,358,370,396,318]","[1159000,1101000,1079000,1163000,929000]",396,5431000
2,46,5,"[368,348,336,359,353]","[1123000,1055000,972000,1102000,1045000]",368,5297000
2,47,5,"[380,374,389,358,288]","[1177000,1128000,1102000,1093000,846000]",389,5346000
2,48,5,"[375,368,357,358,303]","[1139000,1119000,1042000,1093000,900000]",375,5293000
2,49,5,"[402,360,336,360,347]","[1176000,1100000,978000,1107000,1036000]",402,5397000
2,50,5,"[366,359,336,359,338]","[1137000,1100000,976000,1102000,982000]",366,5297000
2,51,5,"[339,305,426,359,346]","[1048000,918000,1230000,1102000,1031000]",426,5329000
2,52,5,"[342,358,345,312,424]","[1054000,1100000,992000,951000,1244000]",424,5341000
2,53,5,"[376,353,367,411,254]","[1167000,1081000,1038000,1262000,751000]",411,5299000
2,54,5,"[385,358,382,360,320]","[1163000,1103000,1077000,1104000,952000]",385,5399000
2,55,5,"[366,400,316,361,318]","[1137000,1207000,914000,1106000,942000]",400,5306000
2,56,5,"[339,353,343,408,297]","[1046000,1077000,1001000,1260000,882000]",408,5266000
2,57,5,"[375,368,335,358,325]","[1165000,1114000,970000,1093000,944000]",375,5286000
2,58,5,"[374,385,335,410,303]","[1165000,1086000,974000,1264000,900000]",410,5389000
2,59,5,"[443,314,338,359,303]","[1375000,940000,976000,1093000,900000]",443,5284000
2,60,5,"[377,371,392,360,282]","[1165000,1122000,1119000,1093000,828000]",392,5327000
2,61,5,"[374,424,341,356,303]","[1165000,1234000,985000,1088000,900000]",424,5372000
2,62,5,"[341,317,336,361,422]","[1046000,967000,984000,1102000,1234000]",422,5333000
2,63,5,"[342,357,345,381,349]","[1062000,1098000,994000,1146000,1046000]",381,5346000
2,64,5,"[445,361,339,360,320]","[1294000,1100000,976000,1102000,946000]",445,5418000
2,65,5,"[430,358,315,359,318]","[1292000,1100000,909000,1102000,942000]",430,5345000
3,1,5,"[364,360,331,356,357]","[1097000,1099000,977000,1066000,1074000]",364,5313000
3,2,5,"[364,360,333,358,357]","[1097000,1099000,977000,1066000,1074000]",364,5313000
3,3,5,"[385,360,331,330,357]","[1160000,1099000,977000,993000,1074000]",385,5303000
3,4,5,"[385,360,331,330,357]","[1160000,1099000,977000,993000,1074000]",385,5303000
3,5,5,"[363,362,350,348,358]","[1093000,1099000,1028000,1031000,1074000]",363,5325000
3,6,5,"[381,363,351,321,358]","[1152000,1103000,1028000,956000,1074000]",381,5313000
3,7,5,"[363,362,350,349,358]","[1093000,1099000,1028000,1035000,1074000]",363,5329000
3,8,5,"[365,360,325,363,359]","[1093000,1099000,947000,1098000,1078000]",365,5315000
3,9,5,"[363,360,325,364,359]","[1093000,1099000,947000,1098000,1078000]",364,5315000
3,10,5,"[386,360,332,330,359]","[1162000,1099000,977000,991000,1078000]",386,5307000
3,11,5,"[386,360,332,330,359]","[1162000,1099000,977000,991000,1078000]",386,5307000
3,12,5,"[364,363,332,355,357]","[1097000,1103000,977000,1064000,1074000]",364,5315000
3,13,5,"[382,362,320,345,362]","[1152000,1099000,942000,1041000,1080000]",382,5314000
3,14,5,"[381,363,351,321,358]","[1152000,1104000,1028000,956000,1074000]",381,5314000
3,15,5,"[363,362,350,348,358]","[1093000,1103000,1028000,1031000,1074000]",363,5329000
3,16,5,"[388,360,331,330,357]","[1166000,1099000,977000,993000,1074000]",388,5309000
3,17,5,"[388,360,331,331,357]","[1166000,1099000,977000,993000,1074000]",388,5309000
3,18,5,"[382,363,339,346,346]","[1154000,1099000,996000,1030000,1037000]",382,5316000
3,19,5,"[364,360,333,358,359]","[1097000,1099000,977000,1066000,1078000]",364,5317000
3,20,5,"[386,362,332,330,357]","[1162000,1103000,977000,993000,1074000]",386,5309000
3,21,5,"[365,361,349,348,358]","[1102000,1099000,1028000,1031000,1074000]",365,5334000
3,22,5,"[385,361,325,349,359]","[1161000,1099000,947000,1048000,1078000]",385,5333000
3,23,5,"[367,367,369,342,364]","[1097000,1105000,1076000,1007000,1086000]",369,5371000
3,24,5,"[384,361,318,344,360]","[1158000,1101000,951000,1032000,1080000]",384,5322000
3,25,5,"[365,364,342,353,364]","[1100000,1103000,1001000,1050000,1084000]",365,5338000
3,26,5,"[385,362,321,348,362]","[1158000,1103000,942000,1045000,1082000]",385,5330000
3,27,5,"[382,361,318,351,360]","[1152000,1099000,942000,1052000,1080000]",382,5325000
3,28,5,"[365,362,332,357,357]","[1102000,1103000,977000,1064000,1074000]",365,5320000
3,29,5,"[367,367,355,352,363]","[1093000,1105000,1035000,1034000,1080000]",367,5347000
3,30,5,"[366,364,352,352,361]","[1097000,1109000,1033000,1040000,1080000]",366,5359000
3,31,5,"[386,362,322,349,362]","[1158000,1099000,942000,1045000,1089000]",386,5333000
3,32,5,"[364,362,325,366,361]","[1093000,1103000,947000,1098000,1091000]",366,5332000
3,33,5,"[368,363,332,360,369]","[1117000,1099000,979000,1074000,1098000]",369,5367000
3,34,5,"[364,450,330,321,357]","[1097000,1311000,979000,966000,1074000]",450,5427000
3,35,5,"[384,359,368,331,357]","[1158000,1097000,1055000,998000,1074000]",384,5382000
3,36,5,"[383,426,276,332,358]","[1156000,1292000,813000,997000,1074000]",426,5332000
3,37,5,"[363,362,350,424,358]","[1093000,1099000,1028000,1187000,1079000]",424,5486000
3,38,5,"[383,399,359,325,340]","[1152000,1198000,1078000,962000,1011000]",399,5401000
3,39,5,"[365,360,354,418,358]","[1099000,1099000,1038000,1175000,1079000]",418,5490000
3,40,5,"[366,362,356,371,361]","[1099000,1103000,1023000,1102000,1088000]",371,5415000
3,41,5,"[363,449,323,365,359]","[1093000,1334000,943000,1098000,1021000]",449,5489000
3,42,5,"[384,361,359,333,362]","[1158000,1101000,1038000,998000,1084000]",384,5379000
3,43,5,"[388,364,332,331,399]","[1166000,1109000,979000,993000,1167000]",399,5414000
3,44,5,"[333,364,388,360,358]","[999000,1103000,1142000,1064000,1074000]",388,5382000
3,45,5,"[381,360,317,350,411]","[1152000,1099000,934000,1056000,1194000]",411,5435000
3,46,5,"[381,378,351,321,358]","[1152000,1144000,1028000,956000,1065000]",381,5345000
3,47,5,"[367,364,386,320,359]","[1098000,1113000,1151000,945000,1074000]",386,5381000
3,48,5,"[390,360,331,355,357]","[1170000,1099000,977000,1043000,1074000]",390,5363000
3,49,5,"[387,360,331,330,357]","[1164000,1099000,977000,993000,1074000]",387,5307000
3,50,5,"[383,361,333,345,355]","[1156000,1099000,984000,1030000,1055000]",383,5324000
3,51,5,"[364,444,334,415,359]","[1097000,1282000,988000,1169000,1078000]",444,5614000
3,52,5,"[383,467,275,330,357]","[1156000,1373000,803000,993000,1074000]",467,5399000
4,1,5,"[335,373,354,359,379]","[970000,1112000,1013000,1102000,1178000]",379,5375000
4,2,5,"[368,370,261,388,376]","[1061000,1098000,771000,1208000,1160000]",388,5298000
4,3,5,"[349,366,261,390,378]","[1032000,1098000,771000,1208000,1160000]",390,5269000
4,4,5,"[349,366,261,390,386]","[1028000,1098000,771000,1208000,1180000]",390,5285000
4,5,5,"[352,368,317,381,385]","[1019000,1098000,910000,1176000,1183000]",385,5386000
4,6,5,"[335,373,360,359,379]","[970000,1112000,1029000,1102000,1178000]",379,5391000
4,7,5,"[367,366,261,388,381]","[1064000,1098000,771000,1208000,1164000]",388,5305000
4,8,5,"[353,393,240,390,378]","[1028000,1165000,704000,1208000,1165000]",393,5270000
4,9,5,"[350,406,226,390,377]","[1028000,1215000,659000,1208000,1165000]",406,5275000
4,10,5,"[353,393,242,390,378]","[1028000,1165000,712000,1208000,1165000]",393,5278000
4,11,5,"[353,393,242,390,378]","[1028000,1165000,712000,1208000,1165000]",393,5278000
4,12,5,"[368,370,265,388,376]","[1061000,1098000,779000,1208000,1160000]",388,5306000
4,13,5,"[360,369,323,372,383]","[1047000,1094000,949000,1097000,1210000]",383,5397000
4,14,5,"[360,369,323,372,383]","[1047000,1094000,949000,1097000,1210000]",383,5397000
4,15,5,"[355,368,317,381,385]","[1025000,1098000,910000,1176000,1183000]",385,5392000
4,16,5,"[346,374,354,360,380]","[988000,1114000,1013000,1108000,1178000]",380,5401000
4,17,5,"[352,368,317,382,386]","[1019000,1098000,910000,1178000,1183000]",386,5388000
4,18,5,"[351,366,261,425,337]","[1038000,1098000,771000,1327000,1037000]",425,5271000
4,19,5,"[349,366,275,390,378]","[1032000,1098000,795000,1208000,1160000]",390,5293000
4,20,5,"[352,367,261,426,339]","[1033000,1098000,771000,1329000,1041000]",426,5272000
4,21,5,"[326,390,362,390,451]","[953000,1088000,1022000,1209000,1351000]",451,5623000
4,22,5,"[365,413,322,407,340]","[1062000,1221000,944000,1211000,1043000]",413,5481000
4,23,5,"[350,367,326,416,391]","[1015000,1098000,910000,1267000,1188000]",416,5478000
4,24,5,"[349,354,356,435,384]","[1013000,1054000,1019000,1269000,1185000]",435,5540000
4,25,5,"[358,369,261,465,342]","[1048000,1102000,771000,1408000,1047000]",465,5376000
4,26,5,"[332,378,336,450,365]","[972000,1123000,958000,1380000,1078000]",450,5511000
4,27,5,"[349,366,261,422,378]","[1022000,1098000,771000,1288000,1144000]",422,5323000
4,28,5,"[310,327,362,420,439]","[890000,960000,1024000,1305000,1321000]",439,5500000
4,29,5,"[408,366,261,452,337]","[1191000,1098000,771000,1384000,1003000]",452,5447000
4,30,5,"[354,369,261,448,342]","[1045000,1098000,771000,1376000,1050000]",448,5340000
4,31,5,"[327,431,365,391,401]","[955000,1219000,1030000,1201000,1200000]",431,5605000
4,32,5,"[360,372,323,379,374]","[1047000,1099000,949000,1136000,1167000]",379,5398000
4,33,5,"[382,370,265,388,380]","[1094000,1106000,779000,1208000,1164000]",388,5351000
4,34,5,"[360,365,363,433,364]","[1034000,1060000,1008000,1352000,1101000]",433,5555000
4,35,5,"[354,368,261,448,337]","[1027000,1098000,771000,1376000,1030000]",448,5302000
4,36,5,"[305,370,363,427,492]","[889000,1052000,1008000,1263000,1497000]",492,5709000
4,37,5,"[358,372,291,459,385]","[1026000,1117000,806000,1380000,1187000]",459,5516000
4,38,5,"[383,366,261,390,383]","[1094000,1098000,771000,1208000,1166000]",390,5337000
4,39,5,"[358,329,361,422,420]","[1001000,979000,1022000,1305000,1281000]",422,5588000
4,40,5,"[280,463,361,352,490]","[797000,1299000,1022000,1043000,1517000]",490,5678000
4,41,5,"[356,410,323,429,342]","[1039000,1207000,949000,1275000,1035000]",429,5505000
4,42,5,"[329,462,328,453,336]","[961000,1319000,899000,1376000,1036000]",462,5591000
4,43,5,"[305,446,321,386,437]","[868000,1290000,916000,1191000,1300000]",446,5565000
4,44,5,"[351,372,319,367,460]","[1020000,1102000,920000,1097000,1385000]",460,5524000
4,45,5,"[349,366,312,377,405]","[1026000,1098000,906000,1106000,1260000]",405,5396000
4,46,5,"[340,379,354,357,379]","[988000,1117000,1013000,1102000,1178000]",379,5398000
4,47,5,"[432,371,261,347,377]","[1250000,1100000,771000,1075000,1160000]",432,5356000
4,48,5,"[351,348,261,412,378]","[1042000,1038000,771000,1280000,1160000]",412,5291000
4,49,5,"[403,368,261,390,377]","[1177000,1098000,771000,1208000,1117000]",403,5371000
4,50,5,"[355,330,317,381,496]","[1024000,975000,910000,1176000,1453000]",496,5538000
4,51,5,"[335,496,360,359,382]","[970000,1366000,1029000,1102000,1193000]",496,5660000
4,52,5,"[441,366,261,323,380]","[1295000,1098000,771000,997000,1164000]",441,5325000
4,53,5,"[353,393,240,399,378]","[1028000,1165000,704000,1228000,1160000]",399,5285000
4,54,5,"[351,432,292,391,376]","[1032000,1263000,800000,1210000,1160000]",432,5465000
4,55,5,"[352,391,301,390,342]","[1034000,1165000,875000,1208000,1041000]",391,5323000
4,56,5,"[441,363,242,390,380]","[1264000,1045000,712000,1208000,1180000]",441,5409000
4,57,5,"[364,369,265,390,412]","[1057000,1104000,779000,1212000,1228000]",412,5380000
4,58,5,"[331,374,323,371,436]","[962000,1099000,949000,1097000,1343000]",436,5450000
4,59,5,"[360,369,445,372,315]","[1047000,1094000,1282000,1097000,979000]",445,5499000
4,60,5,"[355,367,317,398,383]","[1025000,1098000,910000,1208000,1183000]",398,5424000
4,61,5,"[346,344,354,360,444]","[988000,1020000,1013000,1108000,1340000]",444,5469000
4,62,5,"[352,367,317,398,383]","[1017000,1098000,910000,1208000,1178000]",398,5411000
4,63,5,"[350,367,261,423,356]","[1032000,1100000,771000,1308000,1088000]",423,5299000
4,64,5,"[322,366,316,390,378]","[957000,1098000,898000,1208000,1160000]",390,5321000
4,65,5,"[353,418,263,427,340]","[1035000,1200000,781000,1331000,1046000]",427,5393000
5,1,5,"[363,326,366,356,353]","[1104000,989000,1092000,1034000,1083000]",366,5302000
5,2,5,"[356,361,347,355,354]","[1072000,1098000,1029000,1037000,1098000]",361,5334000
5,3,5,"[356,363,343,352,354]","[1072000,1098000,1025000,1031000,1098000]",363,5324000
5,4,5,"[359,322,369,348,356]","[1102000,981000,1101000,1015000,1097000]",369,5296000
5,5,5,"[363,326,368,352,353]","[1104000,989000,1092000,1029000,1083000]",368,5297000
5,6,5,"[388,324,341,351,352]","[1189000,981000,997000,1029000,1088000]",388,5284000
5,7,5,"[359,364,344,349,357]","[1084000,1098000,1025000,1015000,1094000]",364,5316000
5,8,5,"[381,322,317,384,353]","[1161000,981000,936000,1128000,1087000]",384,5293000
5,9,5,"[386,322,341,355,356]","[1189000,981000,1004000,1029000,1092000]",386,5295000
5,10,5,"[359,326,368,348,356]","[1102000,989000,1096000,1015000,1097000]",368,5299000
5,11,5,"[381,326,343,353,354]","[1161000,981000,1025000,1033000,1098000]",381,5298000
5,12,5,"[363,322,369,353,355]","[1110000,981000,1101000,1020000,1087000]",369,5299000
5,13,5,"[355,361,362,352,351]","[1070000,1098000,1059000,1029000,1083000]",362,5339000
5,14,5,"[357,364,344,353,354]","[1077000,1103000,1024000,1033000,1093000]",364,5330000
5,15,5,"[365,326,366,356,351]","[1108000,989000,1092000,1034000,1083000]",366,5306000
5,16,5,"[363,324,337,384,353]","[1104000,981000,999000,1128000,1083000]",384,5295000
5,17,5,"[417,324,317,351,353]","[1268000,981000,936000,1020000,1087000]",417,5292000
5,18,5,"[388,326,341,351,352]","[1189000,989000,997000,1029000,1088000]",388,5292000
5,19,5,"[388,322,341,355,353]","[1193000,981000,1004000,1029000,1087000]",388,5294000
5,20,5,"[386,326,341,354,356]","[1189000,989000,1004000,1024000,1092000]",386,5298000
5,21,5,"[431,390,361,356,358]","[1192000,1188000,1066000,1048000,1112000]",431,5606000
5,22,5,"[390,383,347,354,362]","[1108000,1170000,1032000,1044000,1127000]",390,5481000
5,23,5,"[435,345,320,384,362]","[1283000,1020000,938000,1137000,1122000]",435,5500000
5,24,5,"[431,345,359,352,360]","[1276000,1020000,1061000,1028000,1122000]",431,5507000
5,25,5,"[382,345,317,361,353]","[1161000,1045000,936000,1064000,1087000]",382,5293000
5,26,5,"[409,366,346,354,356]","[1174000,1103000,1030000,1029000,1098000]",409,5434000
5,27,5,"[404,383,371,360,354]","[1143000,1129000,1111000,1053000,1092000]",404,5528000
5,28,5,"[397,347,456,354,354]","[1121000,1020000,1320000,1044000,1092000]",456,5597000
5,29,5,"[390,386,350,354,362]","[1110000,1180000,1049000,1044000,1122000]",390,5505000
5,30,5,"[459,359,318,354,362]","[1365000,1051000,942000,1038000,1098000]",459,5494000
5,31,5,"[456,346,320,353,361]","[1358000,1022000,944000,1032000,1101000]",456,5457000
5,32,5,"[373,351,317,384,353]","[1118000,1066000,936000,1128000,1087000]",384,5335000
5,33,5,"[392,383,349,354,362]","[1115000,1170000,1033000,1044000,1127000]",392,5489000
5,34,5,"[446,328,317,354,356]","[1369000,957000,934000,1034000,1092000]",446,5386000
5,35,5,"[370,364,344,349,357]","[1109000,1103000,1024000,1019000,1094000]",370,5349000
5,36,5,"[361,327,366,356,372]","[1100000,989000,1092000,1033000,1129000]",372,5343000
5,37,5,"[356,361,345,401,354]","[1072000,1094000,1029000,1149000,1077000]",401,5421000
5,38,5,"[354,363,343,437,311]","[1066000,1100000,1025000,1261000,955000]",437,5407000
5,39,5,"[451,326,366,350,315]","[1341000,987000,1088000,1030000,961000]",451,5407000
5,40,5,"[363,384,368,352,353]","[1104000,1097000,1092000,1029000,1083000]",384,5405000
5,41,5,"[386,401,279,354,356]","[1189000,1223000,803000,1034000,1098000]",401,5347000
5,42,5,"[359,415,343,358,379]","[1084000,1245000,1025000,1055000,1106000]",415,5515000
5,43,5,"[383,322,369,384,373]","[1165000,981000,1081000,1128000,1105000]",384,5460000
5,44,5,"[386,363,338,354,356]","[1189000,1065000,999000,1025000,1092000]",386,5370000
5,45,5,"[358,322,410,352,360]","[1100000,957000,1204000,1034000,1118000]",410,5413000
5,46,5,"[383,324,343,377,353]","[1165000,981000,1025000,1096000,1079000]",383,5346000
5,47,5,"[362,325,366,350,381]","[1106000,985000,1088000,1030000,1146000]",381,5355000
5,48,5,"[356,361,359,377,354]","[1072000,1094000,1053000,1096000,1066000]",377,5381000
5,49,5,"[378,366,347,354,403]","[1098000,1103000,1030000,1034000,1217000]",403,5482000
5,50,5,"[302,456,368,358,351]","[901000,1330000,1092000,1038000,1083000]",456,5444000
5,51,5,"[370,422,342,386,355]","[1111000,1235000,955000,1132000,1085000]",422,5518000
5,52,5,"[491,323,317,351,353]","[1420000,981000,938000,1020000,1087000]",491,5446000
5,53,5,"[388,326,341,439,352]","[1189000,989000,999000,1208000,1088000]",439,5473000
5,54,5,"[447,324,337,352,354]","[1313000,996000,999000,1030000,1089000]",447,5427000
5,55,5,"[392,327,395,351,352]","[1210000,989000,1146000,1029000,1052000]",395,5426000
6,1,5,"[344,379,289,364,378]","[1018000,1148000,845000,1125000,1131000]",379,5267000
6,2,5,"[341,371,305,362,376]","[1018000,1117000,890000,1125000,1131000]",376,5281000
6,3,5,"[349,371,301,364,372]","[1034000,1117000,884000,1133000,1131000]",372,5299000
6,4,5,"[367,361,358,368,338]","[1083000,1077000,1059000,1153000,1009000]",368,5381000
6,5,5,"[340,371,354,363,341]","[1016000,1117000,1044000,1140000,1015000]",371,5332000
6,6,5,"[341,371,305,365,373]","[1018000,1117000,890000,1133000,1131000]",373,5289000
6,7,5,"[349,371,301,360,374]","[1034000,1117000,884000,1125000,1131000]",374,5291000
6,8,5,"[361,372,287,362,376]","[1069000,1120000,844000,1125000,1131000]",376,5289000
6,9,5,"[344,379,289,367,375]","[1018000,1148000,845000,1133000,1131000]",379,5275000
6,10,5,"[349,371,303,364,372]","[1034000,1117000,888000,1133000,1131000]",372,5303000
6,11,5,"[362,371,340,363,338]","[1068000,1120000,1001000,1140000,1009000]",371,5338000
6,12,5,"[359,358,359,368,338]","[1087000,1079000,1060000,1153000,1009000]",368,5388000
6,13,5,"[361,358,362,368,338]","[1087000,1077000,1070000,1153000,1009000]",368,5396000
6,14,5,"[359,371,341,366,338]","[1077000,1120000,1003000,1140000,1009000]",371,5349000
6,15,5,"[354,359,307,366,374]","[1059000,1077000,894000,1133000,1131000]",374,5294000
6,16,5,"[360,372,287,371,373]","[1069000,1120000,844000,1145000,1131000]",373,5309000
6,17,5,"[361,372,287,362,376]","[1070000,1120000,844000,1125000,1131000]",376,5290000
6,18,5,"[349,379,286,361,375]","[1034000,1148000,839000,1125000,1131000]",379,5277000
6,19,5,"[362,371,340,369,338]","[1068000,1120000,999000,1153000,1009000]",371,5349000
6,20,5,"[349,371,302,372,372]","[1034000,1117000,884000,1145000,1131000]",372,5311000
6,21,5,"[341,371,306,365,373]","[1018000,1117000,894000,1133000,1131000]",373,5293000
6,22,5,"[342,371,356,367,341]","[1016000,1117000,1046000,1148000,1015000]",371,5342000
6,23,5,"[348,371,306,371,373]","[1038000,1117000,890000,1145000,1131000]",373,5321000
6,24,5,"[365,359,358,365,338]","[1083000,1077000,1059000,1140000,1009000]",365,5368000
6,25,5,"[362,362,302,372,374]","[1075000,1083000,889000,1145000,1131000]",374,5323000
6,26,5,"[350,373,355,367,338]","[1032000,1119000,1044000,1148000,1009000]",373,5352000
6,27,5,"[362,361,302,360,374]","[1075000,1083000,889000,1125000,1131000]",374,5303000
6,28,5,"[365,359,362,365,338]","[1083000,1077000,1065000,1140000,1009000]",365,5374000
6,29,5,"[361,358,362,368,338]","[1087000,1077000,1070000,1140000,1009000]",368,5383000
6,30,5,"[364,358,362,365,338]","[1092000,1077000,1065000,1140000,1009000]",365,5383000
6,31,5,"[349,371,303,360,374]","[1034000,1117000,888000,1125000,1131000]",374,5295000
6,32,5,"[347,388,287,314,482]","[1041000,1174000,841000,973000,1405000]",482,5434000
6,33,5,"[341,371,328,362,376]","[1018000,1117000,937000,1125000,1131000]",376,5328000
6,34,5,"[349,375,380,337,372]","[1034000,1125000,1108000,1016000,1131000]",380,5414000
6,35,5,"[339,357,409,364,338]","[1005000,1077000,1187000,1133000,1009000]",409,5411000
6,36,5,"[341,371,272,366,399]","[1018000,1117000,805000,1145000,1218000]",399,5303000
6,37,5,"[341,372,323,365,373]","[1018000,1117000,928000,1133000,1131000]",373,5327000
6,38,5,"[343,372,307,360,374]","[1022000,1119000,896000,1125000,1131000]",374,5293000
6,39,5,"[353,376,293,362,386]","[1057000,1126000,861000,1125000,1159000]",386,5328000
6,40,5,"[345,379,374,304,374]","[1025000,1148000,1091000,939000,1136000]",379,5339000
6,41,5,"[364,371,310,366,374]","[1083000,1092000,901000,1137000,1141000]",374,5354000
6,42,5,"[365,374,361,361,329]","[1070000,1125000,1046000,1130000,982000]",374,5353000
6,43,5,"[355,363,371,368,328]","[1067000,1083000,1086000,1153000,977000]",371,5366000
6,44,5,"[359,375,430,369,338]","[1077000,1086000,1226000,1140000,1009000]",430,5538000
6,45,5,"[354,372,253,366,400]","[1062000,1120000,746000,1145000,1223000]",400,5296000
6,46,5,"[355,320,363,371,373]","[1054000,949000,1049000,1138000,1131000]",373,5321000
6,47,5,"[392,371,290,370,378]","[1144000,1120000,851000,1145000,1131000]",392,5391000
6,48,5,"[368,379,284,360,374]","[1081000,1139000,835000,1125000,1131000]",379,5311000
6,49,5,"[351,380,225,362,501]","[1037000,1153000,648000,1125000,1458000]",501,5421000
6,50,5,"[366,374,359,367,329]","[1070000,1125000,1050000,1143000,982000]",374,5370000
6,51,5,"[433,371,302,372,354]","[1232000,1117000,886000,1145000,1070000]",433,5450000
7,1,5,"[328,399,277,354,385]","[954000,1213000,804000,1104000,1172000]",399,5247000
7,2,5,"[342,379,341,340,371]","[999000,1141000,1001000,1040000,1126000]",379,5307000
7,3,5,"[332,350,351,373,373]","[973000,1058000,1044000,1125000,1126000]",373,5326000
7,4,5,"[323,363,343,359,383]","[952000,1089000,1005000,1094000,1161000]",383,5301000
7,5,5,"[328,376,318,354,385]","[954000,1128000,930000,1104000,1172000]",385,5288000
7,6,5,"[326,375,317,362,384]","[952000,1123000,930000,1122000,1173000]",384,5300000
7,7,5,"[340,379,339,340,371]","[1001000,1141000,1001000,1040000,1124000]",379,5307000
7,8,5,"[321,376,278,389,385]","[951000,1141000,813000,1198000,1165000]",389,5268000
7,9,5,"[338,335,364,362,374]","[997000,1010000,1083000,1094000,1126000]",374,5310000
7,10,5,"[323,375,273,391,385]","[951000,1136000,804000,1205000,1165000]",391,5261000
7,11,5,"[338,353,363,362,363]","[997000,1064000,1083000,1098000,1086000]",363,5328000
7,12,5,"[365,372,341,334,371]","[1075000,1119000,1009000,1006000,1126000]",372,5335000
7,13,5,"[369,363,347,332,371]","[1085000,1089000,1033000,1006000,1126000]",371,5339000
7,14,5,"[369,363,347,332,371]","[1085000,1089000,1033000,1006000,1126000]",371,5339000
7,15,5,"[369,363,347,332,371]","[1085000,1089000,1033000,1006000,1126000]",371,5339000
7,16,5,"[363,361,345,366,355]","[1070000,1089000,1019000,1102000,1070000]",366,5350000
7,17,5,"[329,377,280,389,387]","[962000,1136000,817000,1198000,1172000]",389,5285000
7,18,5,"[329,377,280,389,387]","[962000,1136000,817000,1198000,1172000]",389,5285000
7,19,5,"[338,366,346,362,374]","[997000,1089000,1011000,1094000,1126000]",374,5317000
7,20,5,"[344,376,337,340,370]","[1016000,1137000,1001000,1040000,1119000]",376,5313000
7,21,5,"[313,364,284,508,376]","[903000,1095000,833000,1499000,1135000]",508,5465000
7,22,5,"[397,313,349,493,380]","[1178000,918000,992000,1454000,1132000]",493,5674000
7,23,5,"[340,425,339,370,364]","[997000,1235000,990000,1125000,1098000]",425,5445000
7,24,5,"[323,383,273,391,382]","[961000,1150000,804000,1205000,1169000]",391,5289000
7,25,5,"[326,379,274,435,390]","[964000,1144000,804000,1293000,1181000]",435,5386000
7,26,5,"[346,364,342,360,383]","[1001000,1089000,1005000,1094000,1161000]",383,5350000
7,27,5,"[338,408,342,365,374]","[997000,1192000,1005000,1100000,1126000]",408,5420000
7,28,5,"[398,362,344,333,371]","[1149000,1091000,1014000,1008000,1126000]",398,5388000
7,29,5,"[341,378,318,483,370]","[1003000,1141000,902000,1425000,1100000]",483,5571000
7,30,5,"[328,395,279,399,385]","[964000,1176000,813000,1214000,1172000]",399,5339000
7,31,5,"[338,407,343,362,374]","[1006000,1181000,1011000,1094000,1119000]",407,5411000
7,32,5,"[338,425,345,362,363]","[997000,1235000,1011000,1098000,1086000]",425,5427000
7,33,5,"[377,361,357,332,372]","[1103000,1089000,1048000,1006000,1126000]",377,5372000
7,34,5,"[323,363,343,359,383]","[961000,1089000,1011000,1094000,1156000]",383,5311000
7,35,5,"[369,363,276,460,374]","[1090000,1089000,813000,1334000,1138000]",460,5464000
7,36,5,"[353,367,343,360,372]","[1036000,1093000,1015000,1094000,1119000]",372,5357000
7,37,5,"[370,308,344,483,393]","[1079000,906000,982000,1458000,1155000]",483,5580000
7,38,5,"[352,427,341,361,363]","[1021000,1235000,1013000,1098000,1090000]",427,5457000
7,39,5,"[367,377,279,451,375]","[1075000,1127000,813000,1321000,1146000]",451,5482000
7,40,5,"[324,374,346,360,382]","[954000,1136000,1024000,1094000,1138000]",382,5346000
7,41,5,"[338,376,344,348,387]","[997000,1125000,1005000,1065000,1172000]",387,5364000
7,42,5,"[321,334,387,408,385]","[951000,982000,1104000,1227000,1165000]",408,5429000
7,43,5,"[333,328,383,467,376]","[951000,978000,1098000,1396000,1134000]",467,5557000
7,44,5,"[300,348,344,482,375]","[879000,1024000,982000,1449000,1133000]",482,5467000
7,45,5,"[368,364,328,384,373]","[1087000,1092000,948000,1155000,1136000]",384,5418000
7,46,5,"[393,400,273,356,393]","[1129000,1215000,804000,1104000,1152000]",400,5404000
7,47,5,"[338,382,340,391,374]","[997000,1145000,1011000,1151000,1131000]",391,5435000
7,48,5,"[294,352,350,371,456]","[849000,1062000,1042000,1125000,1336000]",456,5414000
7,49,5,"[390,361,343,382,388]","[1104000,1089000,1005000,1113000,1171000]",390,5482000
7,50,5,"[327,382,427,283,385]","[952000,1139000,1244000,872000,1172000]",427,5379000
7,51,5,"[353,381,314,403,384]","[1024000,1138000,930000,1205000,1160000]",403,5457000
7,52,5,"[364,380,337,342,370]","[1072000,1145000,977000,1044000,1119000]",380,5357000
7,53,5,"[321,460,278,389,301]","[951000,1401000,813000,1198000,898000]",460,5261000
7,54,5,"[338,418,363,362,290]","[997000,1275000,1083000,1098000,859000]",418,5312000
7,55,5,"[376,376,274,391,386]","[1066000,1138000,804000,1205000,1169000]",391,5382000
7,56,5,"[340,357,362,359,401]","[997000,1074000,1078000,1094000,1168000]",401,5411000
7,57,5,"[366,436,342,273,373]","[1075000,1320000,1011000,819000,1126000]",436,5351000
7,58,5,"[348,363,349,334,434]","[1016000,1089000,1033000,1010000,1272000]",434,5420000
7,59,5,"[364,339,416,332,373]","[1079000,1018000,1194000,1006000,1130000]",416,5427000
7,60,5,"[367,312,347,334,431]","[1075000,929000,1033000,1006000,1306000]",431,5349000
7,61,5,"[360,362,345,358,405]","[1065000,1089000,1022000,1094000,1170000]",405,5440000
7,62,5,"[323,377,421,391,303]","[952000,1138000,1208000,1198000,905000]",421,5401000
7,63,5,"[324,375,280,392,407]","[954000,1136000,823000,1203000,1228000]",407,5344000
7,64,5,"[390,363,300,365,374]","[1146000,1088000,882000,1099000,1126000]",390,5341000
7,65,5,"[340,379,314,388,371]","[1003000,1152000,921000,1166000,1124000]",388,5366000
8,1,5,"[362,376,369,366,373]","[1061000,1119000,1078000,1071000,1142000]",376,5471000
8,2,5,"[216,567,529,192,242]","[636000,1764000,1596000,570000,708000]",567,5274000
8,3,5,"[220,554,541,192,242]","[644000,1711000,1647000,570000,708000]",554,5280000
8,4,5,"[384,385,356,305,375]","[1118000,1157000,1042000,925000,1146000]",385,5388000
8,5,5,"[165,520,481,268,335]","[483000,1595000,1435000,801000,1002000]",520,5316000
8,6,5,"[210,502,484,287,287]","[630000,1535000,1436000,868000,853000]",502,5322000
8,7,5,"[384,385,356,305,375]","[1118000,1157000,1042000,925000,1146000]",385,5388000
8,8,5,"[210,446,449,409,292]","[624000,1348000,1348000,1205000,860000]",449,5385000
8,9,5,"[358,375,371,371,375]","[1057000,1119000,1084000,1080000,1142000]",375,5482000
8,10,5,"[210,479,476,289,324]","[624000,1458000,1432000,868000,957000]",479,5339000
8,11,5,"[379,380,324,348,371]","[1118000,1129000,951000,1056000,1138000]",380,5392000
8,12,5,"[210,499,476,292,292]","[624000,1526000,1432000,881000,866000]",499,5329000
8,13,5,"[255,527,475,192,305]","[762000,1633000,1413000,570000,906000]",527,5284000
8,14,5,"[379,376,322,359,374]","[1118000,1121000,947000,1079000,1144000]",379,5409000
8,15,5,"[259,464,473,191,402]","[770000,1411000,1410000,565000,1194000]",473,5350000
8,16,5,"[210,437,451,409,291]","[624000,1342000,1348000,1205000,860000]",451,5379000
8,17,5,"[350,376,369,363,378]","[1039000,1119000,1084000,1059000,1150000]",378,5451000
8,18,5,"[365,376,369,359,378]","[1063000,1121000,1084000,1050000,1152000]",378,5470000
8,19,5,"[365,376,369,359,378]","[1063000,1121000,1084000,1050000,1152000]",378,5470000
8,20,5,"[259,466,475,192,404]","[770000,1416000,1415000,570000,1194000]",475,5365000
8,21,5,"[282,390,485,330,457]","[768000,1122000,1441000,999000,1352000]",485,5682000
8,22,5,"[381,375,373,312,454]","[1097000,1119000,1100000,900000,1363000]",454,5579000
8,23,5,"[259,498,402,368,308]","[770000,1520000,1183000,1081000,895000]",498,5449000
8,24,5,"[352,401,458,312,358]","[1022000,1157000,1354000,939000,1080000]",458,5552000
8,25,5,"[335,448,545,263,332]","[907000,1310000,1624000,793000,1000000]",545,5634000
8,26,5,"[426,313,457,375,376]","[1188000,911000,1336000,1092000,1146000]",457,5673000
8,27,5,"[331,521,397,351,320]","[961000,1502000,1169000,1050000,934000]",521,5616000
8,28,5,"[364,417,475,372,342]","[1027000,1231000,1403000,1086000,987000]",475,5734000
8,29,5,"[326,424,493,360,364]","[916000,1225000,1437000,1059000,1081000]",493,5718000
8,30,5,"[358,416,426,306,379]","[1049000,1207000,1226000,918000,1159000]",426,5559000
8,31,5,"[259,461,479,255,337]","[770000,1411000,1427000,762000,995000]",479,5365000
8,32,5,"[355,320,426,375,512]","[1022000,913000,1271000,1110000,1456000]",512,5772000
8,33,5,"[323,395,406,362,376]","[943000,1147000,1199000,1080000,1144000]",406,5513000
8,34,5,"[259,452,445,377,410]","[770000,1297000,1284000,1135000,1198000]",452,5684000
8,35,5,"[340,492,380,311,489]","[920000,1488000,1106000,900000,1407000]",492,5821000
8,36,5,"[210,503,537,258,291]","[630000,1553000,1577000,759000,864000]",537,5383000
8,37,5,"[301,453,379,359,446]","[859000,1361000,1115000,1054000,1288000]",453,5677000
8,38,5,"[342,331,462,310,481]","[986000,953000,1383000,912000,1403000]",481,5637000
8,39,5,"[320,380,391,350,371]","[928000,1129000,1157000,1056000,1138000]",391,5408000
8,40,5,"[365,460,345,307,448]","[1053000,1388000,997000,889000,1307000]",460,5634000
8,41,5,"[358,378,407,351,372]","[1055000,1125000,1138000,1062000,1138000]",407,5518000
8,42,5,"[359,311,452,313,452]","[1057000,907000,1326000,900000,1363000]",452,5553000
8,43,5,"[322,463,381,402,380]","[935000,1392000,1117000,1181000,1060000]",463,5685000
8,44,5,"[210,490,545,333,292]","[624000,1469000,1615000,951000,866000]",545,5525000
8,45,5,"[301,444,524,334,290]","[859000,1319000,1555000,956000,870000]",524,5559000
8,46,5,"[372,379,362,367,375]","[1090000,1119000,1049000,1073000,1146000]",379,5477000
8,47,5,"[305,569,529,192,193]","[877000,1764000,1596000,570000,547000]",569,5354000
8,48,5,"[220,554,541,194,262]","[644000,1711000,1647000,553000,766000]",554,5321000
8,49,5,"[321,391,359,306,496]","[930000,1165000,1052000,925000,1460000]",496,5532000
8,50,5,"[144,520,483,333,333]","[420000,1595000,1439000,966000,1002000]",520,5422000
8,51,5,"[210,504,484,295,289]","[630000,1535000,1432000,877000,853000]",504,5327000
8,52,5,"[381,499,356,305,304]","[1120000,1481000,1042000,925000,911000]",499,5479000
8,53,5,"[210,440,483,411,339]","[624000,1348000,1370000,1209000,1005000]",483,5556000
8,54,5,"[357,375,380,371,375]","[1058000,1119000,1105000,1090000,1142000]",380,5514000
8,55,5,"[210,479,417,354,324]","[624000,1458000,1241000,1067000,957000]",479,5347000
8,56,5,"[379,380,328,348,375]","[1118000,1129000,958000,1056000,1146000]",380,5407000
8,57,5,"[264,501,510,294,294]","[750000,1526000,1489000,885000,866000]",510,5516000
8,58,5,"[255,574,472,191,303]","[762000,1727000,1410000,565000,906000]",574,5370000
8,59,5,"[379,377,379,362,423]","[1118000,1123000,1056000,1093000,1245000]",423,5635000
8,60,5,"[259,449,471,223,406]","[770000,1362000,1405000,650000,1199000]",471,5386000
8,61,5,"[179,438,536,414,289]","[529000,1342000,1555000,1230000,860000]",536,5516000
8,62,5,"[357,379,373,363,380]","[1055000,1123000,1099000,1062000,1152000]",380,5491000
8,63,5,"[360,409,376,353,381]","[1059000,1187000,1121000,1039000,1153000]",409,5559000
8,64,5,"[363,422,352,353,375]","[1057000,1230000,1019000,1039000,1146000]",422,5491000
8,65,5,"[259,520,426,192,405]","[770000,1583000,1267000,570000,1194000]",520,5384000
9,1,5,"[366,329,356,360,358]","[1110000,983000,1062000,1119000,1040000]",366,5314000
9,2,5,"[361,359,356,360,358]","[1080000,1069000,1062000,1119000,1040000]",361,5370000
9,3,5,"[368,366,357,369,312]","[1108000,1109000,1067000,1146000,883000]",369,5313000
9,4,5,"[366,378,356,360,294]","[1110000,1137000,1062000,1119000,864000]",378,5292000
9,5,5,"[367,328,354,387,330]","[1108000,983000,1062000,1191000,963000]",387,5307000
9,6,5,"[366,383,356,360,294]","[1110000,1156000,1062000,1119000,864000]",383,5311000
9,7,5,"[370,325,358,387,327]","[1113000,983000,1062000,1191000,958000]",387,5307000
9,8,5,"[391,330,357,361,326]","[1174000,988000,1062000,1121000,958000]",391,5303000
9,9,5,"[361,359,356,360,360]","[1082000,1069000,1062000,1119000,1044000]",361,5376000
9,10,5,"[367,376,354,366,309]","[1108000,1139000,1062000,1128000,879000]",376,5316000
9,11,5,"[366,329,356,360,358]","[1110000,987000,1062000,1119000,1040000]",366,5318000
9,12,5,"[366,329,356,360,358]","[1110000,987000,1062000,1119000,1040000]",366,5318000
9,13,5,"[366,330,357,361,361]","[1110000,983000,1062000,1119000,1044000]",366,5318000
9,14,5,"[395,330,357,361,327]","[1178000,987000,1062000,1121000,958000]",395,5306000
9,15,5,"[367,328,354,387,330]","[1108000,987000,1062000,1191000,963000]",387,5311000
9,16,5,"[381,329,356,388,311]","[1161000,987000,1062000,1193000,905000]",388,5308000
9,17,5,"[381,328,359,388,311]","[1161000,987000,1062000,1193000,905000]",388,5308000
9,18,5,"[381,328,359,388,310]","[1161000,987000,1062000,1193000,905000]",388,5308000
9,19,5,"[381,328,359,388,311]","[1161000,987000,1062000,1193000,905000]",388,5308000
9,20,5,"[381,329,356,388,311]","[1161000,987000,1062000,1193000,905000]",388,5308000
9,21,5,"[366,329,357,428,333]","[1110000,987000,1067000,1281000,963000]",428,5408000
9,22,5,"[361,359,358,477,298]","[1082000,1069000,1062000,1397000,870000]",477,5480000
9,23,5,"[366,332,408,413,299]","[1110000,984000,1205000,1245000,866000]",413,5410000
9,24,5,"[365,330,403,450,288]","[1108000,981000,1195000,1377000,797000]",450,5458000
9,25,5,"[365,327,354,386,342]","[1108000,983000,1062000,1189000,986000]",386,5328000
9,26,5,"[370,333,354,545,300]","[1110000,987000,1032000,1612000,855000]",545,5596000
9,27,5,"[366,329,356,425,309]","[1110000,983000,1062000,1312000,877000]",425,5344000
9,28,5,"[384,333,378,512,262]","[1167000,1007000,1095000,1522000,755000]",512,5546000
9,29,5,"[367,393,354,366,309]","[1108000,1176000,1062000,1128000,879000]",393,5353000
9,30,5,"[405,327,354,383,311]","[1228000,983000,1062000,1169000,905000]",405,5347000
9,31,5,"[367,328,354,438,316]","[1108000,983000,1062000,1331000,888000]",438,5372000
9,32,5,"[363,329,363,361,368]","[1085000,987000,1071000,1121000,1075000]",368,5339000
9,33,5,"[370,332,357,517,313]","[1107000,997000,1037000,1538000,896000]",517,5575000
9,34,5,"[368,343,380,493,280]","[1108000,1028000,1093000,1478000,812000]",493,5519000
9,35,5,"[375,327,354,423,309]","[1140000,987000,1062000,1296000,877000]",423,5362000
9,36,5,"[370,349,356,498,305]","[1114000,1019000,1042000,1497000,880000]",498,5552000
9,37,5,"[374,333,356,495,300]","[1123000,983000,1036000,1488000,882000]",495,5512000
9,38,5,"[392,329,356,386,327]","[1158000,993000,1066000,1189000,960000]",392,5366000
9,39,5,"[373,357,358,502,314]","[1114000,1037000,1042000,1514000,895000]",502,5602000
9,40,5,"[389,329,358,532,306]","[1156000,991000,1042000,1547000,882000]",532,5618000
9,41,5,"[393,329,356,360,342]","[1188000,983000,1062000,1119000,984000]",393,5336000
9,42,5,"[434,331,357,495,282]","[1297000,989000,1037000,1458000,816000]",495,5597000
9,43,5,"[369,334,340,515,310]","[1116000,1012000,995000,1537000,890000]",515,5550000
9,44,5,"[401,362,357,361,327]","[1176000,1069000,1062000,1121000,958000]",401,5386000
9,45,5,"[357,334,358,488,354]","[1068000,967000,1042000,1462000,1028000]",488,5567000
9,46,5,"[365,329,336,365,419]","[1108000,983000,1004000,1125000,1180000]",419,5400000
9,47,5,"[405,360,357,325,362]","[1213000,1071000,1072000,1002000,1046000]",405,5404000
9,48,5,"[404,369,360,370,313]","[1182000,1129000,1079000,1144000,893000]",404,5427000
9,49,5,"[412,378,356,325,299]","[1243000,1137000,1062000,1002000,870000]",412,5314000
9,50,5,"[366,328,364,386,329]","[1110000,998000,1078000,1189000,963000]",386,5338000
9,51,5,"[366,383,354,385,294]","[1110000,1156000,1062000,1178000,864000]",385,5370000
9,52,5,"[370,286,422,387,329]","[1114000,857000,1255000,1191000,962000]",422,5379000
9,53,5,"[362,368,358,362,327]","[1073000,1108000,1062000,1119000,960000]",368,5322000
9,54,5,"[361,445,355,283,360]","[1082000,1340000,1062000,866000,1044000]",445,5394000
9,55,5,"[367,416,354,366,309]","[1108000,1219000,1062000,1128000,879000]",416,5396000
9,56,5,"[366,331,357,370,361]","[1110000,994000,1068000,1119000,1058000]",370,5349000
9,57,5,"[366,378,337,360,358]","[1110000,1119000,999000,1119000,1040000]",378,5387000
9,58,5,"[312,327,354,419,361]","[930000,983000,1062000,1309000,1044000]",419,5328000
9,59,5,"[395,330,357,361,350]","[1178000,987000,1062000,1121000,1002000]",395,5350000
9,60,5,"[367,287,354,387,408]","[1108000,856000,1062000,1191000,1167000]",408,5384000
9,61,5,"[381,329,358,429,313]","[1161000,987000,1062000,1275000,905000]",429,5390000
9,62,5,"[480,327,354,319,313]","[1428000,983000,1062000,986000,914000]",480,5373000
9,63,5,"[430,326,339,388,312]","[1283000,983000,1009000,1193000,909000]",430,5377000
9,64,5,"[381,328,335,389,363]","[1161000,983000,1009000,1195000,1039000]",389,5387000
9,65,5,"[381,329,466,317,311]","[1161000,987000,1377000,958000,905000]",466,5388000
10,1,5,"[380,295,352,406,310]","[1169000,872000,1024000,1247000,950000]",406,5262000
10,2,5,"[380,295,344,376,345]","[1169000,872000,1006000,1166000,1053000]",380,5266000
10,3,5,"[380,295,352,373,345]","[1169000,872000,1024000,1148000,1053000]",380,5266000
10,4,5,"[380,295,352,373,347]","[1169000,872000,1024000,1148000,1053000]",380,5266000
10,5,5,"[370,295,362,371,345]","[1137000,872000,1056000,1148000,1053000]",371,5266000
10,6,5,"[365,308,366,356,365]","[1116000,910000,1057000,1096000,1117000]",366,5296000
10,7,5,"[365,308,366,366,355]","[1116000,910000,1057000,1128000,1085000]",366,5296000
10,8,5,"[361,311,362,356,365]","[1115000,916000,1056000,1096000,1117000]",365,5300000
10,9,5,"[370,295,362,370,347]","[1137000,872000,1056000,1149000,1054000]",370,5268000
10,10,5,"[369,295,361,369,352]","[1137000,872000,1057000,1149000,1062000]",369,5277000
10,11,5,"[369,295,361,369,354]","[1137000,872000,1057000,1149000,1067000]",369,5282000
10,12,5,"[365,308,366,366,355]","[1116000,910000,1061000,1128000,1085000]",366,5300000
10,13,5,"[365,308,366,356,365]","[1116000,910000,1061000,1096000,1117000]",366,5300000
10,14,5,"[361,311,362,366,355]","[1115000,916000,1056000,1128000,1085000]",366,5300000
10,15,5,"[380,295,344,376,346]","[1169000,872000,1006000,1166000,1055000]",380,5268000
10,16,5,"[380,295,352,374,347]","[1169000,872000,1024000,1149000,1054000]",380,5268000
10,17,5,"[361,346,362,356,365]","[1115000,986000,1056000,1096000,1117000]",365,5370000
10,18,5,"[370,295,362,370,349]","[1137000,872000,1056000,1149000,1058000]",370,5272000
10,19,5,"[370,295,361,369,349]","[1137000,872000,1057000,1149000,1058000]",370,5273000
10,20,5,"[361,346,362,356,365]","[1115000,986000,1057000,1096000,1117000]",365,5371000
10,21,5,"[380,295,358,374,354]","[1157000,872000,1052000,1153000,1068000]",380,5302000
10,22,5,"[362,346,363,371,345]","[1115000,986000,1056000,1153000,1053000]",371,5363000
10,23,5,"[396,311,352,371,351]","[1218000,895000,1024000,1150000,1061000]",396,5348000
10,24,5,"[361,346,362,366,355]","[1115000,986000,1057000,1128000,1085000]",366,5371000
10,25,5,"[401,297,351,366,358]","[1227000,863000,1024000,1128000,1091000]",401,5333000
10,26,5,"[375,308,351,370,346]","[1148000,910000,1020000,1148000,1053000]",375,5279000
10,27,5,"[386,346,361,369,350]","[1160000,986000,1056000,1149000,1060000]",386,5411000
10,28,5,"[365,308,366,356,380]","[1116000,910000,1057000,1096000,1147000]",380,5326000
10,29,5,"[381,295,345,376,348]","[1174000,872000,1011000,1166000,1059000]",381,5282000
10,30,5,"[380,295,353,359,381]","[1169000,872000,1029000,1096000,1149000]",381,5315000
10,31,5,"[383,311,361,369,351]","[1155000,916000,1056000,1149000,1062000]",383,5338000
10,32,5,"[380,295,344,375,349]","[1169000,872000,1006000,1167000,1058000]",380,5272000
10,33,5,"[419,311,362,357,365]","[1234000,907000,1057000,1098000,1117000]",419,5413000
10,34,5,"[386,311,361,369,350]","[1160000,916000,1056000,1149000,1060000]",386,5341000
10,35,5,"[365,308,366,356,380]","[1116000,910000,1061000,1096000,1147000]",380,5330000
10,36,5,"[363,346,364,358,365]","[1119000,986000,1061000,1096000,1117000]",365,5379000
10,37,5,"[369,295,362,369,347]","[1137000,872000,1057000,1149000,1054000]",369,5269000
10,38,5,"[381,295,353,360,390]","[1179000,872000,1030000,1100000,1163000]",390,5344000
10,39,5,"[369,295,361,367,366]","[1137000,872000,1057000,1133000,1105000]",369,5304000
10,40,5,"[370,295,362,367,367]","[1137000,872000,1056000,1128000,1109000]",370,5302000
10,41,5,"[383,321,363,358,365]","[1137000,945000,1058000,1100000,1117000]",383,5357000
10,42,5,"[365,308,366,356,365]","[1116000,910000,1061000,1096000,1117000]",366,5300000
10,43,5,"[377,325,351,356,366]","[1148000,944000,1024000,1096000,1117000]",377,5329000
10,44,5,"[365,308,366,357,369]","[1116000,910000,1061000,1101000,1125000]",369,5313000
10,45,5,"[380,305,352,374,347]","[1169000,892000,1024000,1149000,1054000]",380,5288000
10,46,5,"[380,295,352,406,310]","[1169000,872000,1024000,1247000,950000]",406,5262000
10,47,5,"[381,334,344,377,366]","[1171000,956000,1006000,1166000,1081000]",381,5380000
10,48,5,"[380,295,319,373,392]","[1169000,872000,926000,1148000,1183000]",392,5298000
10,49,5,"[379,295,364,405,373]","[1169000,872000,1057000,1212000,1115000]",405,5425000
10,50,5,"[365,308,366,371,345]","[1116000,910000,1061000,1153000,1053000]",371,5293000
10,51,5,"[288,308,364,356,460]","[863000,910000,1057000,1096000,1406000]",460,5332000
10,52,5,"[336,348,363,366,358]","[1032000,1017000,1072000,1128000,1091000]",366,5340000
10,53,5,"[364,307,384,360,367]","[1114000,878000,1136000,1096000,1117000]",384,5341000
10,54,5,"[370,301,362,370,347]","[1137000,884000,1056000,1151000,1054000]",370,5282000
10,55,5,"[370,346,362,373,353]","[1142000,974000,1064000,1151000,1062000]",373,5393000
10,56,5,"[369,254,361,369,444]","[1137000,739000,1057000,1149000,1299000]",444,5381000
10,57,5,"[366,303,367,366,355]","[1119000,900000,1061000,1128000,1085000]",367,5293000
10,58,5,"[346,308,387,356,365]","[1045000,910000,1147000,1096000,1117000]",387,5315000
10,59,5,"[361,311,378,369,355]","[1109000,916000,1094000,1125000,1085000]",378,5329000
10,60,5,"[448,295,344,376,290]","[1377000,872000,1006000,1166000,871000]",448,5292000
10,61,5,"[381,295,414,375,300]","[1169000,872000,1209000,1149000,903000]",414,5302000
10,62,5,"[361,346,380,357,365]","[1112000,986000,1089000,1096000,1117000]",380,5400000
10,63,5,"[365,308,366,369,353]","[1116000,910000,1061000,1149000,1058000]",369,5294000
10,64,5,"[374,295,375,373,351]","[1159000,872000,1084000,1151000,1062000]",375,5328000
10,65,5,"[363,346,364,418,418]","[1125000,986000,1052000,1224000,1214000]",418,5601000
11,1,5,"[274,384,375,379,377]","[818000,1149000,1090000,1152000,1132000]",384,5341000
11,2,5,"[274,384,345,370,389]","[818000,1145000,1006000,1140000,1180000]",389,5289000
11,3,5,"[232,433,411,399,264]","[683000,1349000,1215000,1245000,769000]",433,5261000
11,4,5,"[232,413,413,424,264]","[683000,1276000,1215000,1322000,769000]",424,5265000
11,5,5,"[249,422,413,399,268]","[738000,1304000,1213000,1243000,782000]",422,5280000
11,6,5,"[274,384,364,387,377]","[818000,1149000,1058000,1184000,1132000]",387,5341000
11,7,5,"[368,362,370,371,332]","[1087000,1082000,1085000,1139000,991000]",371,5384000
11,8,5,"[356,365,372,370,333]","[1063000,1086000,1085000,1139000,991000]",372,5364000
11,9,5,"[356,356,373,373,335]","[1063000,1064000,1087000,1148000,1006000]",373,5368000
11,10,5,"[368,354,372,370,332]","[1099000,1054000,1085000,1139000,991000]",372,5368000
11,11,5,"[249,422,413,399,268]","[738000,1306000,1215000,1245000,779000]",422,5283000
11,12,5,"[234,413,413,424,264]","[687000,1276000,1215000,1322000,769000]",424,5269000
11,13,5,"[234,433,411,399,264]","[687000,1349000,1215000,1245000,769000]",433,5265000
11,14,5,"[275,384,345,370,389]","[820000,1145000,1006000,1140000,1180000]",389,5291000
11,15,5,"[232,434,410,399,267]","[683000,1351000,1208000,1243000,780000]",434,5265000
11,16,5,"[274,384,375,379,377]","[818000,1149000,1090000,1156000,1132000]",384,5345000
11,17,5,"[232,495,411,340,264]","[683000,1541000,1215000,1055000,769000]",495,5263000
11,18,5,"[232,493,410,340,268]","[683000,1541000,1208000,1053000,780000]",493,5265000
11,19,5,"[359,362,372,370,332]","[1073000,1082000,1085000,1139000,991000]",372,5370000
11,20,5,"[249,422,413,401,268]","[738000,1304000,1213000,1247000,782000]",422,5284000
11,21,5,"[286,494,374,387,329]","[840000,1432000,1091000,1194000,976000]",494,5533000
11,22,5,"[234,436,374,489,273]","[687000,1350000,1096000,1467000,791000]",489,5391000
11,23,5,"[274,384,364,466,304]","[818000,1149000,1058000,1432000,896000]",466,5353000
11,24,5,"[289,483,365,467,370]","[854000,1401000,1066000,1339000,1083000]",483,5743000
11,25,5,"[232,410,471,431,333]","[683000,1240000,1341000,1295000,977000]",471,5536000
11,26,5,"[234,433,364,469,264]","[687000,1349000,1064000,1442000,769000]",469,5311000
11,27,5,"[286,494,373,416,317]","[842000,1429000,1093000,1243000,932000]",494,5539000
11,28,5,"[287,489,395,503,271]","[844000,1381000,1152000,1498000,785000]",503,5660000
11,29,5,"[232,391,518,424,263]","[683000,1173000,1492000,1322000,769000]",518,5439000
11,30,5,"[310,388,370,371,349]","[923000,1167000,1085000,1136000,1040000]",388,5351000
11,31,5,"[292,479,364,529,289]","[846000,1360000,1064000,1579000,841000]",529,5690000
11,32,5,"[286,492,374,370,333]","[842000,1425000,1095000,1136000,991000]",492,5489000
11,33,5,"[232,422,467,436,314]","[683000,1306000,1327000,1267000,943000]",467,5526000
11,34,5,"[274,382,362,479,361]","[818000,1155000,1051000,1396000,1082000]",479,5502000
11,35,5,"[234,430,347,412,412]","[687000,1334000,1017000,1239000,1174000]",430,5451000
11,36,5,"[232,410,481,421,333]","[683000,1240000,1373000,1263000,977000]",481,5536000
11,37,5,"[282,382,349,415,403]","[834000,1145000,1011000,1251000,1186000]",415,5427000
11,38,5,"[274,410,375,417,351]","[818000,1246000,1090000,1253000,1014000]",417,5421000
11,39,5,"[293,487,365,502,284]","[855000,1416000,1066000,1502000,806000]",502,5645000
11,40,5,"[285,489,373,373,335]","[840000,1414000,1093000,1148000,1006000]",489,5501000
11,41,5,"[232,432,377,421,333]","[683000,1347000,1098000,1263000,972000]",432,5363000
11,42,5,"[232,407,346,415,418]","[683000,1250000,1012000,1254000,1217000]",418,5416000
11,43,5,"[239,409,364,524,270]","[696000,1270000,1064000,1579000,781000]",524,5390000
11,44,5,"[232,405,344,516,290]","[683000,1244000,1012000,1571000,853000]",516,5363000
11,45,5,"[283,493,371,368,356]","[836000,1427000,1093000,1130000,1039000]",493,5525000
11,46,5,"[274,385,351,427,379]","[818000,1154000,1020000,1285000,1136000]",427,5413000
11,47,5,"[274,435,308,372,391]","[818000,1292000,887000,1140000,1180000]",435,5317000
11,48,5,"[288,433,415,398,268]","[795000,1349000,1223000,1243000,775000]",433,5385000
11,49,5,"[232,470,412,374,264]","[683000,1451000,1217000,1162000,769000]",470,5282000
11,50,5,"[250,394,414,454,270]","[743000,1219000,1213000,1373000,782000]",454,5330000
11,51,5,"[274,446,367,328,377]","[818000,1345000,1060000,998000,1132000]",446,5353000
11,52,5,"[368,362,386,376,332]","[1087000,1082000,1141000,1124000,991000]",386,5425000
11,53,5,"[368,356,372,370,333]","[1099000,1058000,1085000,1139000,991000]",372,5372000
11,54,5,"[357,433,373,302,335]","[1063000,1302000,1087000,922000,1006000]",433,5380000
11,55,5,"[368,356,372,390,333]","[1099000,1059000,1085000,1174000,991000]",390,5408000
11,56,5,"[249,421,412,399,283]","[738000,1304000,1215000,1245000,808000]",421,5310000
11,57,5,"[282,407,421,432,271]","[816000,1270000,1237000,1297000,774000]",432,5394000
11,58,5,"[219,498,416,396,263]","[626000,1502000,1230000,1239000,769000]",498,5366000
11,59,5,"[244,383,421,370,389]","[719000,1147000,1204000,1140000,1180000]",421,5390000
11,60,5,"[329,436,470,397,267]","[894000,1355000,1312000,1239000,780000]",470,5580000
11,61,5,"[392,381,379,393,380]","[1117000,1145000,1102000,1131000,1137000]",393,5632000
11,62,5,"[232,495,413,340,269]","[683000,1541000,1222000,1055000,781000]",495,5282000
11,63,5,"[234,493,409,380,269]","[693000,1541000,1208000,1133000,784000]",493,5359000
11,64,5,"[363,366,401,372,335]","[1078000,1093000,1184000,1107000,1003000]",401,5465000
11,65,5,"[249,421,389,401,296]","[738000,1304000,1147000,1249000,865000]",421,5303000
12,1,5,"[355,369,363,369,330]","[1052000,1088000,1066000,1135000,997000]",369,5338000
12,2,5,"[355,329,353,373,361]","[1052000,972000,1041000,1146000,1101000]",373,5312000
12,3,5,"[286,323,343,404,387]","[836000,968000,1007000,1261000,1189000]",404,5261000
12,4,5,"[284,383,355,346,384]","[844000,1148000,1052000,1067000,1183000]",384,5294000
12,5,5,"[285,323,313,404,414]","[840000,968000,917000,1261000,1273000]",414,5259000
12,6,5,"[283,324,392,367,386]","[836000,968000,1150000,1142000,1189000]",392,5285000
12,7,5,"[358,363,358,357,356]","[1057000,1083000,1056000,1081000,1081000]",363,5358000
12,8,5,"[286,325,356,395,383]","[836000,968000,1054000,1223000,1183000]",395,5264000
12,9,5,"[288,324,386,367,386]","[855000,968000,1139000,1142000,1189000]",386,5293000
12,10,5,"[267,323,360,407,387]","[777000,968000,1058000,1267000,1189000]",407,5259000
12,11,5,"[285,326,357,394,392]","[836000,972000,1054000,1223000,1187000]",394,5272000
12,12,5,"[355,327,361,370,361]","[1052000,972000,1061000,1131000,1098000]",370,5314000
12,13,5,"[343,321,361,374,363]","[1016000,954000,1061000,1159000,1108000]",374,5298000
12,14,5,"[343,321,361,374,365]","[1016000,954000,1056000,1159000,1114000]",374,5299000
12,15,5,"[288,325,356,395,383]","[840000,968000,1054000,1223000,1183000]",395,5268000
12,16,5,"[356,363,359,361,356]","[1052000,1083000,1056000,1089000,1081000]",363,5361000
12,17,5,"[285,325,312,404,414]","[840000,972000,915000,1261000,1273000]",414,5261000
12,18,5,"[264,327,357,411,384]","[777000,972000,1052000,1274000,1188000]",411,5263000
12,19,5,"[284,383,355,346,385]","[844000,1148000,1052000,1067000,1187000]",385,5298000
12,20,5,"[288,323,343,404,387]","[840000,968000,1007000,1261000,1189000]",404,5265000
12,21,5,"[349,304,429,371,492]","[1017000,863000,1257000,1075000,1461000]",492,5673000
12,22,5,"[264,327,359,407,384]","[777000,972000,1056000,1267000,1183000]",407,5255000
12,23,5,"[288,326,351,445,390]","[848000,968000,1032000,1328000,1200000]",445,5376000
12,24,5,"[269,376,386,405,443]","[796000,1055000,1107000,1261000,1333000]",443,5552000
12,25,5,"[286,325,392,459,387]","[842000,968000,1135000,1352000,1194000]",459,5491000
12,26,5,"[267,397,434,367,488]","[782000,1127000,1264000,1060000,1456000]",488,5689000
12,27,5,"[314,274,446,445,389]","[891000,790000,1318000,1327000,1194000]",446,5520000
12,28,5,"[286,327,370,424,391]","[851000,988000,1109000,1251000,1198000]",424,5397000
12,29,5,"[358,289,435,367,418]","[1057000,845000,1271000,1073000,1280000]",435,5526000
12,30,5,"[355,334,360,369,373]","[1052000,982000,1060000,1135000,1122000]",373,5351000
12,31,5,"[286,421,352,460,518]","[838000,1214000,1039000,1301000,1471000]",518,5863000
12,32,5,"[268,442,363,298,496]","[786000,1280000,1066000,869000,1509000]",496,5510000
12,33,5,"[269,323,361,411,496]","[781000,968000,1056000,1215000,1469000]",496,5489000
12,34,5,"[268,380,353,428,361]","[777000,1142000,1045000,1284000,1102000]",428,5350000
12,35,5,"[272,329,434,445,387]","[790000,946000,1262000,1323000,1194000]",445,5515000
12,36,5,"[284,327,412,384,490]","[836000,968000,1197000,1108000,1454000]",490,5563000
12,37,5,"[290,325,356,397,389]","[844000,968000,1054000,1223000,1191000]",397,5280000
12,38,5,"[350,293,435,357,487]","[1024000,818000,1276000,1020000,1497000]",487,5635000
12,39,5,"[355,327,360,369,364]","[1052000,972000,1060000,1135000,1105000]",369,5324000
12,40,5,"[326,320,422,365,417]","[928000,956000,1243000,1060000,1287000]",422,5474000
12,41,5,"[290,324,353,394,400]","[845000,968000,1048000,1223000,1217000]",400,5301000
12,42,5,"[362,292,439,370,372]","[1067000,849000,1274000,1130000,1129000]",439,5449000
12,43,5,"[287,323,314,397,480]","[850000,968000,917000,1220000,1441000]",480,5396000
12,44,5,"[285,341,348,442,392]","[846000,1022000,1032000,1325000,1208000]",442,5433000
12,45,5,"[285,323,313,411,472]","[840000,968000,917000,1239000,1427000]",472,5391000
12,46,5,"[355,363,361,369,331]","[1052000,1083000,1061000,1135000,1007000]",369,5338000
12,47,5,"[357,327,378,373,361]","[1052000,972000,1091000,1146000,1101000]",378,5362000
12,48,5,"[340,379,344,405,386]","[955000,1073000,1005000,1266000,1183000]",405,5482000
12,49,5,"[286,383,355,381,384]","[844000,1148000,1051000,1137000,1183000]",384,5363000
12,50,5,"[356,325,312,404,372]","[1034000,968000,915000,1261000,1140000]",404,5318000
12,51,5,"[287,328,385,323,455]","[851000,983000,1139000,990000,1387000]",455,5350000
12,52,5,"[367,372,361,355,359]","[1088000,1102000,1062000,1077000,1086000]",372,5415000
12,53,5,"[283,323,356,413,387]","[836000,968000,1054000,1261000,1191000]",413,5310000
12,54,5,"[285,324,401,367,386]","[840000,968000,1171000,1142000,1189000]",401,5310000
12,55,5,"[285,323,360,404,387]","[817000,968000,1062000,1261000,1189000]",404,5297000
12,56,5,"[283,387,355,396,385]","[836000,1117000,1052000,1227000,1187000]",396,5419000
12,57,5,"[355,327,396,369,361]","[1052000,972000,1135000,1140000,1098000]",396,5397000
12,58,5,"[411,318,358,374,360]","[1152000,954000,1056000,1159000,1104000]",411,5425000
12,59,5,"[343,392,365,374,385]","[1016000,1126000,1067000,1159000,1129000]",392,5497000
12,60,5,"[289,329,357,396,386]","[848000,989000,1053000,1214000,1195000]",396,5299000
12,61,5,"[358,366,392,365,359]","[1067000,1089000,1129000,1102000,1088000]",392,5475000
12,62,5,"[288,325,344,412,416]","[842000,972000,1003000,1253000,1273000]",416,5343000
12,63,5,"[268,311,354,409,417]","[787000,923000,1043000,1274000,1270000]",417,5297000
12,64,5,"[330,383,334,351,391]","[961000,1142000,963000,1076000,1205000]",391,5347000
12,65,5,"[298,324,341,409,388]","[868000,970000,1003000,1271000,1191000]",409,5303000
13,1,5,"[286,328,373,392,349]","[839000,940000,1157000,1228000,1071000]",392,5235000
13,2,5,"[342,329,373,340,350]","[1003000,944000,1157000,1070000,1075000]",373,5249000
13,3,5,"[341,350,364,342,349]","[1003000,1010000,1113000,1070000,1076000]",364,5272000
13,4,5,"[318,352,374,341,350]","[928000,1017000,1159000,1070000,1075000]",374,5249000
13,5,5,"[341,351,363,342,349]","[1003000,1012000,1113000,1070000,1076000]",363,5274000
13,6,5,"[318,365,363,342,350]","[935000,1058000,1113000,1070000,1075000]",365,5251000
13,7,5,"[318,347,377,340,350]","[937000,993000,1168000,1070000,1075000]",377,5243000
13,8,5,"[311,353,377,340,350]","[914000,1016000,1168000,1070000,1075000]",377,5243000
13,9,5,"[286,328,373,392,349]","[839000,940000,1157000,1228000,1071000]",392,5235000
13,10,5,"[311,352,379,340,349]","[914000,1012000,1178000,1070000,1071000]",379,5245000
13,11,5,"[344,345,370,340,348]","[1008000,989000,1134000,1070000,1071000]",370,5272000
13,12,5,"[317,371,363,342,349]","[937000,1070000,1113000,1070000,1076000]",371,5266000
13,13,5,"[311,372,369,340,349]","[914000,1072000,1134000,1070000,1071000]",372,5261000
13,14,5,"[344,329,376,340,350]","[1018000,940000,1157000,1070000,1071000]",376,5256000
13,15,5,"[365,331,377,343,323]","[1081000,945000,1157000,1076000,991000]",377,5250000
13,16,5,"[286,328,373,392,349]","[839000,940000,1157000,1228000,1073000]",392,5237000
13,17,5,"[342,353,363,342,350]","[1001000,1016000,1113000,1070000,1075000]",363,5275000
13,18,5,"[312,364,374,340,350]","[918000,1039000,1162000,1070000,1071000]",374,5260000
13,19,5,"[290,331,376,391,352]","[846000,946000,1157000,1226000,1075000]",391,5250000
13,20,5,"[342,346,372,340,350]","[1003000,993000,1134000,1070000,1075000]",372,5275000
13,21,5,"[298,443,388,456,346]","[869000,1211000,1115000,1380000,1067000]",456,5642000
13,22,5,"[418,425,400,450,323]","[1189000,1165000,1163000,1306000,997000]",450,5820000
13,23,5,"[290,483,407,394,342]","[850000,1307000,1240000,1202000,1017000]",483,5616000
13,24,5,"[317,363,363,342,349]","[937000,1054000,1113000,1070000,1076000]",363,5250000
13,25,5,"[298,444,388,457,346]","[869000,1211000,1115000,1380000,1067000]",457,5642000
13,26,5,"[263,452,376,393,350]","[763000,1222000,1166000,1230000,1078000]",452,5459000
13,27,5,"[313,372,373,401,321]","[926000,1057000,1157000,1223000,984000]",401,5347000
13,28,5,"[308,472,407,392,321]","[887000,1286000,1240000,1198000,984000]",472,5595000
13,29,5,"[270,404,375,395,349]","[786000,1115000,1162000,1234000,1071000]",404,5368000
13,30,5,"[290,348,377,392,352]","[844000,980000,1157000,1226000,1082000]",392,5289000
13,31,5,"[293,431,354,455,349]","[850000,1189000,1061000,1380000,1073000]",455,5553000
13,32,5,"[263,446,376,393,350]","[763000,1210000,1166000,1230000,1078000]",446,5447000
13,33,5,"[341,347,381,454,324]","[1003000,993000,1108000,1380000,992000]",454,5476000
13,34,5,"[364,426,429,406,317]","[1040000,1167000,1257000,1238000,974000]",429,5676000
13,35,5,"[266,447,398,457,346]","[768000,1228000,1159000,1384000,1067000]",457,5606000
13,36,5,"[368,431,409,396,318]","[1033000,1171000,1240000,1218000,978000]",431,5640000
13,37,5,"[341,350,364,402,322]","[1003000,1010000,1113000,1223000,985000]",402,5334000
13,38,5,"[318,349,373,340,350]","[937000,1002000,1157000,1070000,1075000]",373,5241000
13,39,5,"[285,357,395,454,349]","[837000,1018000,1153000,1385000,1069000]",454,5462000
13,40,5,"[323,328,373,392,349]","[913000,940000,1157000,1228000,1071000]",392,5309000
13,41,5,"[296,378,410,456,347]","[865000,1071000,1180000,1380000,1069000]",456,5565000
13,42,5,"[311,351,377,340,349]","[914000,1010000,1168000,1070000,1071000]",377,5233000
13,43,5,"[298,459,390,457,347]","[869000,1251000,1115000,1380000,1069000]",459,5684000
13,44,5,"[287,351,400,454,348]","[837000,1001000,1164000,1385000,1069000]",454,5456000
13,45,5,"[364,424,428,407,323]","[1040000,1157000,1254000,1240000,997000]",428,5688000
13,46,5,"[278,341,373,392,349]","[808000,979000,1157000,1228000,1071000]",392,5243000
13,47,5,"[340,330,376,291,411]","[1001000,946000,1163000,909000,1260000]",411,5279000
13,48,5,"[514,350,364,265,348]","[1457000,1010000,1113000,822000,1071000]",514,5473000
13,49,5,"[321,429,374,319,350]","[928000,1242000,1159000,962000,1075000]",429,5366000
13,50,5,"[340,374,363,344,354]","[1001000,1066000,1113000,1070000,1075000]",374,5325000
13,51,5,"[433,368,367,340,385]","[1228000,1073000,1121000,1070000,1094000]",433,5586000
13,52,5,"[316,376,379,340,354]","[935000,1079000,1142000,1070000,1086000]",379,5312000
13,53,5,"[312,353,381,340,376]","[914000,1012000,1185000,1070000,1127000]",381,5308000
13,54,5,"[286,331,373,401,352]","[839000,955000,1157000,1246000,1081000]",401,5278000
13,55,5,"[311,352,375,340,349]","[914000,1012000,1164000,1070000,1071000]",375,5231000
13,56,5,"[344,345,451,340,279]","[1008000,989000,1386000,1070000,843000]",451,5296000
13,57,5,"[317,378,385,338,348]","[937000,1080000,1175000,1051000,1071000]",385,5314000
13,58,5,"[391,373,372,340,348]","[1070000,1072000,1149000,1070000,1071000]",391,5432000
13,59,5,"[317,413,376,340,348]","[928000,1137000,1163000,1070000,1071000]",413,5369000
13,60,5,"[368,333,407,340,332]","[1086000,946000,1233000,1070000,996000]",407,5331000
13,61,5,"[286,315,373,392,390]","[839000,886000,1157000,1228000,1175000]",392,5285000
13,62,5,"[302,399,367,340,353]","[882000,1155000,1119000,1070000,1081000]",399,5307000
13,63,5,"[292,446,373,340,349]","[846000,1229000,1157000,1070000,1071000]",446,5373000
13,64,5,"[292,331,416,393,317]","[842000,942000,1282000,1226000,970000]",416,5262000
13,65,5,"[344,326,376,340,391]","[1021000,929000,1146000,1070000,1181000]",391,5347000
14,1,5,"[366,349,359,357,367]","[1107000,1039000,1051000,1095000,1089000]",367,5381000
14,2,5,"[366,354,359,359,366]","[1107000,1046000,1051000,1099000,1089000]",366,5392000
14,3,5,"[376,358,289,376,370]","[1141000,1072000,837000,1160000,1103000]",376,5313000
14,4,5,"[374,344,342,371,360]","[1141000,1025000,1011000,1124000,1067000]",374,5368000
14,5,5,"[376,358,289,376,370]","[1141000,1072000,837000,1160000,1103000]",376,5313000
14,6,5,"[374,322,312,381,374]","[1141000,978000,907000,1170000,1103000]",381,5299000
14,7,5,"[375,370,302,369,371]","[1143000,1096000,889000,1135000,1100000]",375,5363000
14,8,5,"[368,342,362,361,366]","[1111000,1007000,1051000,1115000,1089000]",368,5373000
14,9,5,"[375,375,303,368,374]","[1130000,1108000,889000,1123000,1117000]",375,5367000
14,10,5,"[371,341,361,357,366]","[1132000,1008000,1051000,1095000,1089000]",371,5375000
14,11,5,"[369,337,368,364,363]","[1113000,996000,1067000,1119000,1086000]",369,5381000
14,12,5,"[374,348,341,354,371]","[1141000,1038000,1002000,1089000,1100000]",374,5370000
14,13,5,"[375,354,309,376,374]","[1130000,1042000,895000,1160000,1117000]",376,5344000
14,14,5,"[366,348,364,362,366]","[1107000,1035000,1064000,1105000,1089000]",366,5400000
14,15,5,"[368,362,349,365,368]","[1111000,1072000,1004000,1119000,1093000]",368,5399000
14,16,5,"[374,322,318,377,370]","[1141000,980000,927000,1165000,1103000]",377,5316000
14,17,5,"[375,374,303,369,374]","[1130000,1106000,889000,1125000,1117000]",375,5367000
14,18,5,"[373,332,365,365,368]","[1118000,991000,1059000,1119000,1094000]",373,5381000
14,19,5,"[369,342,364,366,366]","[1113000,1009000,1056000,1123000,1089000]",369,5390000
14,20,5,"[374,342,306,377,374]","[1141000,1023000,895000,1165000,1106000]",377,5330000
14,21,5,"[371,345,369,361,371]","[1132000,1028000,1070000,1103000,1084000]",371,5417000
14,22,5,"[373,406,273,377,379]","[1132000,1198000,785000,1165000,1122000]",406,5402000
14,23,5,"[374,405,327,343,370]","[1141000,1193000,931000,1038000,1103000]",405,5406000
14,24,5,"[379,347,305,391,359]","[1145000,1029000,895000,1202000,1073000]",391,5344000
14,25,5,"[372,406,327,357,378]","[1111000,1198000,943000,1083000,1122000]",406,5457000
14,26,5,"[372,385,304,381,372]","[1115000,1141000,893000,1171000,1101000]",385,5421000
14,27,5,"[375,347,367,363,369]","[1143000,1036000,1066000,1107000,1074000]",375,5426000
14,28,5,"[369,345,335,402,366]","[1111000,1012000,976000,1224000,1089000]",402,5412000
14,29,5,"[383,367,292,376,375]","[1149000,1088000,843000,1160000,1119000]",383,5359000
14,30,5,"[366,349,360,358,367]","[1107000,1039000,1053000,1097000,1089000]",367,5385000
14,31,5,"[391,369,310,368,367]","[1175000,1096000,913000,1132000,1094000]",391,5410000
14,32,5,"[366,349,331,399,381]","[1107000,1035000,962000,1204000,1123000]",399,5431000
14,33,5,"[374,402,309,373,370]","[1141000,1178000,886000,1135000,1103000]",402,5443000
14,34,5,"[366,354,359,357,366]","[1107000,1046000,1051000,1095000,1089000]",366,5388000
14,35,5,"[376,361,295,380,373]","[1141000,1077000,860000,1168000,1108000]",380,5354000
14,36,5,"[376,359,316,383,358]","[1145000,1074000,915000,1170000,1053000]",383,5357000
14,37,5,"[369,337,302,414,366]","[1113000,997000,889000,1263000,1092000]",414,5354000
14,38,5,"[378,358,292,376,370]","[1145000,1072000,843000,1160000,1103000]",378,5323000
14,39,5,"[371,405,333,346,381]","[1132000,1192000,951000,1048000,1137000]",405,5460000
14,40,5,"[385,373,309,368,369]","[1166000,1111000,910000,1132000,1091000]",385,5410000
14,41,5,"[386,348,310,378,374]","[1157000,1034000,904000,1164000,1117000]",386,5376000
14,42,5,"[373,406,327,341,379]","[1132000,1198000,946000,1031000,1122000]",406,5429000
14,43,5,"[376,347,343,396,367]","[1146000,1034000,991000,1200000,1070000]",396,5441000
14,44,5,"[376,361,348,363,361]","[1141000,1082000,1012000,1119000,1070000]",376,5424000
14,45,5,"[374,353,368,363,373]","[1141000,1054000,1039000,1125000,1105000]",374,5464000
14,46,5,"[404,354,363,360,366]","[1178000,1051000,1056000,1101000,1089000]",404,5475000
14,47,5,"[368,345,359,381,370]","[1107000,994000,1051000,1172000,1089000]",381,5413000
14,48,5,"[374,359,363,377,370]","[1086000,1087000,1042000,1162000,1103000]",377,5480000
14,49,5,"[334,405,339,370,357]","[1007000,1200000,986000,1130000,1063000]",405,5386000
14,50,5,"[376,358,289,379,394]","[1141000,1072000,801000,1165000,1181000]",394,5360000
14,51,5,"[374,321,312,421,372]","[1141000,978000,909000,1247000,1103000]",421,5378000
14,52,5,"[376,384,303,361,371]","[1141000,1140000,894000,1113000,1100000]",384,5388000
14,53,5,"[368,338,359,387,364]","[1111000,1003000,1051000,1163000,1082000]",387,5410000
14,54,5,"[375,374,302,404,374]","[1130000,1106000,889000,1195000,1117000]",404,5437000
14,55,5,"[375,341,441,332,366]","[1139000,1003000,1241000,1021000,1089000]",441,5493000
14,56,5,"[368,353,368,367,363]","[1111000,1024000,1072000,1123000,1086000]",368,5416000
14,57,5,"[374,346,364,357,371]","[1141000,1034000,1046000,1098000,1100000]",374,5419000
14,58,5,"[444,348,307,377,375]","[1272000,1034000,895000,1160000,1117000]",444,5478000
14,59,5,"[366,353,362,316,429]","[1102000,1040000,1058000,962000,1267000]",429,5429000
14,60,5,"[442,359,349,363,367]","[1259000,1069000,1001000,1119000,1091000]",442,5539000
14,61,5,"[376,309,349,378,376]","[1141000,924000,1013000,1164000,1120000]",378,5362000
14,62,5,"[378,374,302,403,374]","[1130000,1106000,889000,1191000,1117000]",403,5433000
14,63,5,"[442,332,365,365,368]","[1252000,991000,1059000,1119000,1094000]",442,5515000
14,64,5,"[370,346,433,366,348]","[1113000,1017000,1218000,1119000,1032000]",433,5499000
14,65,5,"[445,322,306,376,376]","[1307000,968000,895000,1160000,1110000]",445,5440000
15,1,5,"[233,589,247,223,453]","[709000,1818000,725000,621000,1388000]",589,5261000
15,2,5,"[330,382,370,357,382]","[957000,1160000,1085000,1044000,1163000]",382,5409000
15,3,5,"[273,393,370,354,384]","[816000,1201000,1106000,1026000,1170000]",393,5319000
15,4,5,"[273,409,400,285,405]","[816000,1257000,1194000,818000,1230000]",409,5315000
15,5,5,"[330,379,370,357,385]","[957000,1160000,1085000,1044000,1163000]",385,5409000
15,6,5,"[273,432,364,286,402]","[816000,1335000,1094000,825000,1230000]",432,5300000
15,7,5,"[273,390,388,365,372]","[816000,1201000,1172000,1034000,1134000]",390,5357000
15,8,5,"[273,389,386,362,375]","[816000,1201000,1168000,1034000,1138000]",389,5357000
15,9,5,"[330,376,343,385,385]","[957000,1131000,1028000,1130000,1163000]",385,5409000
15,10,5,"[265,404,371,299,425]","[782000,1244000,1118000,865000,1303000]",425,5312000
15,11,5,"[233,589,247,223,453]","[709000,1818000,725000,621000,1388000]",589,5261000
15,12,5,"[266,501,300,223,453]","[814000,1549000,885000,623000,1392000]",501,5263000
15,13,5,"[273,393,368,287,439]","[816000,1201000,1096000,820000,1352000]",439,5285000
15,14,5,"[273,408,344,309,427]","[816000,1257000,1018000,903000,1310000]",427,5304000
15,15,5,"[273,391,389,352,373]","[816000,1201000,1167000,1013000,1134000]",391,5331000
15,16,5,"[342,362,322,386,386]","[996000,1109000,965000,1134000,1169000]",386,5373000
15,17,5,"[380,377,358,374,360]","[1108000,1153000,1077000,1073000,1080000]",380,5491000
15,18,5,"[380,366,368,371,359]","[1108000,1116000,1115000,1068000,1085000]",380,5492000
15,19,5,"[380,366,368,371,359]","[1108000,1116000,1115000,1068000,1085000]",380,5492000
15,20,5,"[348,362,322,386,386]","[1008000,1109000,965000,1134000,1169000]",386,5385000
15,21,5,"[330,366,402,350,433]","[957000,1076000,1175000,1018000,1311000]",433,5537000
15,22,5,"[307,365,359,353,404]","[917000,1116000,1064000,1021000,1234000]",404,5352000
15,23,5,"[273,365,395,281,461]","[816000,1120000,1186000,809000,1417000]",461,5348000
15,24,5,"[273,510,330,330,389]","[816000,1530000,959000,961000,1176000]",510,5442000
15,25,5,"[330,434,347,312,412]","[957000,1342000,1017000,889000,1259000]",434,5464000
15,26,5,"[327,369,388,365,378]","[957000,1122000,1169000,1036000,1149000]",388,5433000
15,27,5,"[348,362,324,417,385]","[1008000,1109000,965000,1192000,1167000]",417,5441000
15,28,5,"[325,471,380,321,415]","[899000,1417000,1095000,933000,1249000]",471,5593000
15,29,5,"[376,394,382,228,462]","[1094000,1195000,1133000,657000,1407000]",462,5486000
15,30,5,"[273,389,396,359,429]","[816000,1201000,1194000,1021000,1260000]",429,5492000
15,31,5,"[273,389,376,290,464]","[816000,1201000,1133000,847000,1389000]",464,5386000
15,32,5,"[315,417,434,334,361]","[933000,1282000,1231000,955000,1097000]",434,5498000
15,33,5,"[363,343,438,358,374]","[1041000,1038000,1289000,1026000,1134000]",438,5528000
15,34,5,"[266,565,247,223,453]","[814000,1731000,725000,621000,1392000]",565,5283000
15,35,5,"[330,427,348,401,396]","[957000,1277000,1016000,1139000,1199000]",427,5588000
15,36,5,"[293,346,393,337,481]","[859000,1038000,1126000,982000,1470000]",481,5475000
15,37,5,"[272,404,388,351,372]","[799000,1244000,1162000,1012000,1134000]",404,5351000
15,38,5,"[273,393,390,287,431]","[816000,1201000,1175000,820000,1312000]",431,5324000
15,39,5,"[301,484,360,284,397]","[899000,1475000,1043000,819000,1201000]",484,5437000
15,40,5,"[349,399,371,304,405]","[998000,1209000,1121000,875000,1236000]",405,5439000
15,41,5,"[349,366,391,364,405]","[998000,1119000,1164000,1013000,1234000]",405,5528000
15,42,5,"[273,505,339,263,442]","[816000,1527000,959000,757000,1354000]",505,5413000
15,43,5,"[277,454,351,306,404]","[812000,1390000,1051000,880000,1234000]",454,5367000
15,44,5,"[331,477,347,303,381]","[961000,1465000,1006000,875000,1164000]",477,5471000
15,45,5,"[421,362,394,306,405]","[1201000,1078000,1172000,877000,1236000]",421,5564000
15,46,5,"[305,542,247,223,453]","[912000,1664000,725000,621000,1388000]",542,5310000
15,47,5,"[330,382,385,357,388]","[957000,1175000,1121000,1044000,1174000]",388,5471000
15,48,5,"[273,393,378,351,384]","[816000,1201000,1122000,1020000,1170000]",393,5329000
15,49,5,"[273,411,463,268,406]","[816000,1263000,1355000,763000,1234000]",463,5431000
15,50,5,"[431,334,370,362,382]","[1215000,1002000,1100000,1066000,1163000]",431,5546000
15,51,5,"[273,459,365,305,404]","[816000,1399000,1094000,863000,1230000]",459,5402000
15,52,5,"[273,413,376,366,372]","[816000,1270000,1114000,1036000,1134000]",413,5370000
15,53,5,"[284,389,386,362,375]","[838000,1201000,1168000,1034000,1138000]",389,5379000
15,54,5,"[330,376,348,432,384]","[957000,1131000,998000,1258000,1163000]",432,5507000
15,55,5,"[372,404,374,299,389]","[1041000,1244000,1123000,865000,1186000]",404,5459000
15,56,5,"[192,589,311,224,453]","[576000,1818000,904000,621000,1388000]",589,5307000
15,57,5,"[266,501,302,223,455]","[814000,1549000,885000,627000,1388000]",501,5263000
15,58,5,"[273,403,363,290,440]","[816000,1241000,1088000,824000,1352000]",440,5321000
15,59,5,"[273,416,355,311,427]","[816000,1276000,1038000,907000,1310000]",427,5347000
15,60,5,"[273,415,389,353,373]","[816000,1245000,1156000,1014000,1139000]",415,5370000
15,61,5,"[324,385,322,388,382]","[945000,1160000,965000,1134000,1163000]",388,5367000
15,62,5,"[380,372,358,342,435]","[1108000,1134000,1079000,991000,1255000]",435,5567000
15,63,5,"[515,366,368,371,289]","[1468000,1116000,1115000,1068000,852000]",515,5619000
15,64,5,"[380,366,389,369,361]","[1108000,1116000,1147000,1064000,1084000]",389,5519000
15,65,5,"[348,361,338,387,387]","[1008000,1109000,997000,1136000,1170000]",387,5420000
16,1,5,"[324,309,443,393,281]","[951000,869000,1384000,1221000,853000]",443,5278000
16,2,5,"[377,309,431,409,229]","[1119000,869000,1331000,1274000,695000]",431,5288000
16,3,5,"[377,309,416,427,229]","[1119000,869000,1282000,1328000,695000]",427,5293000
16,4,5,"[345,305,384,375,372]","[1032000,865000,1181000,1141000,1113000]",384,5332000
16,5,5,"[326,309,342,393,395]","[957000,869000,1044000,1221000,1219000]",395,5310000
16,6,5,"[345,305,388,361,375]","[1032000,865000,1214000,1098000,1117000]",388,5326000
16,7,5,"[323,309,429,409,287]","[951000,869000,1327000,1274000,871000]",429,5292000
16,8,5,"[346,365,338,359,376]","[1034000,1042000,1066000,1098000,1123000]",376,5363000
16,9,5,"[348,309,422,423,262]","[1038000,869000,1295000,1310000,788000]",423,5300000
16,10,5,"[325,309,390,405,333]","[959000,869000,1214000,1243000,1016000]",405,5301000
16,11,5,"[324,309,345,393,399]","[951000,869000,1046000,1221000,1223000]",399,5310000
16,12,5,"[377,309,416,427,229]","[1119000,869000,1282000,1328000,695000]",427,5293000
16,13,5,"[349,334,383,365,348]","[1052000,946000,1186000,1131000,1031000]",383,5346000
16,14,5,"[349,307,383,366,377]","[1052000,865000,1186000,1133000,1112000]",383,5348000
16,15,5,"[323,309,422,423,287]","[951000,869000,1300000,1310000,871000]",423,5301000
16,16,5,"[327,309,345,393,395]","[959000,869000,1046000,1221000,1219000]",395,5314000
16,17,5,"[323,309,429,409,287]","[951000,869000,1329000,1274000,871000]",429,5294000
16,18,5,"[377,307,431,409,233]","[1119000,865000,1331000,1274000,703000]",431,5292000
16,19,5,"[347,309,377,377,374]","[1036000,880000,1164000,1171000,1114000]",377,5365000
16,20,5,"[324,309,443,446,229]","[951000,869000,1384000,1381000,695000]",446,5280000
16,21,5,"[326,363,451,448,232]","[956000,1009000,1415000,1364000,701000]",451,5445000
16,22,5,"[347,309,379,442,396]","[1036000,880000,1126000,1355000,1146000]",442,5543000
16,23,5,"[349,307,383,428,350]","[1052000,865000,1186000,1308000,1024000]",428,5435000
16,24,5,"[379,307,354,410,390]","[1117000,866000,1060000,1253000,1159000]",410,5455000
16,25,5,"[349,308,426,439,304]","[1043000,864000,1299000,1334000,896000]",439,5436000
16,26,5,"[349,308,441,418,376]","[1052000,880000,1348000,1229000,1086000]",441,5595000
16,27,5,"[353,308,395,512,237]","[1060000,880000,1198000,1591000,695000]",512,5424000
16,28,5,"[325,307,443,401,314]","[951000,865000,1384000,1237000,916000]",443,5353000
16,29,5,"[323,309,431,423,287]","[951000,869000,1317000,1320000,871000]",431,5328000
16,30,5,"[327,305,398,423,359]","[957000,865000,1203000,1279000,1093000]",423,5397000
16,31,5,"[345,305,427,452,336]","[1032000,865000,1261000,1375000,1002000]",452,5535000
16,32,5,"[330,305,355,455,412]","[962000,865000,1078000,1347000,1232000]",455,5484000
16,33,5,"[333,381,399,438,335]","[961000,1050000,1204000,1311000,1021000]",438,5547000
16,34,5,"[348,335,348,444,338]","[1038000,941000,1044000,1392000,1000000]",444,5415000
16,35,5,"[347,343,380,379,377]","[1036000,962000,1153000,1171000,1120000]",380,5442000
16,36,5,"[323,345,435,465,239]","[951000,976000,1331000,1416000,715000]",465,5389000
16,37,5,"[325,308,487,436,330]","[955000,867000,1436000,1328000,957000]",487,5543000
16,38,5,"[324,309,342,393,399]","[951000,869000,1044000,1221000,1223000]",399,5308000
16,39,5,"[349,378,413,369,334]","[1036000,1074000,1271000,1101000,983000]",413,5465000
16,40,5,"[324,339,389,427,359]","[956000,950000,1198000,1296000,1067000]",427,5467000
16,41,5,"[329,374,380,446,331]","[963000,1045000,1146000,1339000,1004000]",446,5497000
16,42,5,"[327,305,355,441,404]","[956000,865000,1078000,1352000,1183000]",441,5434000
16,43,5,"[323,309,425,430,287]","[951000,869000,1325000,1328000,871000]",430,5344000
16,44,5,"[373,306,386,409,364]","[1109000,865000,1181000,1218000,1079000]",409,5452000
16,45,5,"[345,336,384,375,372]","[1032000,945000,1165000,1141000,1113000]",384,5396000
16,46,5,"[378,311,443,372,281]","[1122000,886000,1384000,1122000,853000]",443,5367000
16,47,5,"[454,309,431,409,229]","[1271000,869000,1331000,1274000,695000]",454,5440000
16,48,5,"[375,309,430,429,229]","[1119000,869000,1311000,1338000,695000]",430,5332000
16,49,5,"[361,305,384,381,379]","[1079000,865000,1181000,1143000,1125000]",384,5393000
16,50,5,"[323,307,344,416,450]","[951000,865000,1048000,1246000,1357000]",450,5467000
16,51,5,"[345,305,319,359,485]","[1032000,865000,983000,1098000,1432000]",485,5410000
16,52,5,"[324,309,429,403,311]","[953000,869000,1327000,1238000,943000]",429,5330000
16,53,5,"[337,412,339,361,376]","[976000,1178000,1066000,1098000,1120000]",412,5438000
16,54,5,"[348,266,492,423,262]","[1038000,742000,1488000,1310000,788000]",492,5366000
16,55,5,"[325,309,391,400,330]","[955000,869000,1219000,1236000,1011000]",400,5290000
16,56,5,"[323,309,396,349,397]","[951000,869000,1203000,1082000,1223000]",397,5328000
16,57,5,"[349,309,457,427,231]","[1040000,869000,1390000,1328000,695000]",457,5322000
16,58,5,"[425,332,383,365,350]","[1192000,946000,1186000,1135000,1041000]",425,5500000
16,59,5,"[349,308,386,367,387]","[1052000,870000,1180000,1135000,1151000]",387,5388000
16,60,5,"[292,307,419,429,339]","[860000,865000,1295000,1318000,1004000]",429,5342000
16,61,5,"[326,393,359,395,397]","[957000,1103000,1030000,1221000,1219000]",397,5530000
16,62,5,"[326,353,441,411,290]","[967000,1006000,1320000,1274000,877000]",441,5444000
16,63,5,"[377,307,433,426,233]","[1119000,865000,1331000,1306000,703000]",433,5324000
16,64,5,"[347,288,375,487,374]","[1036000,817000,1164000,1408000,1114000]",487,5539000
16,65,5,"[326,327,446,445,230]","[956000,908000,1396000,1375000,697000]",446,5332000
17,1,5,"[348,358,361,365,365]","[1038000,1056000,1097000,1081000,1114000]",365,5386000
17,2,5,"[369,336,354,366,343]","[1096000,1008000,1059000,1081000,1073000]",369,5317000
17,3,5,"[372,291,347,377,371]","[1113000,839000,1057000,1132000,1150000]",377,5291000
17,4,5,"[364,320,364,367,361]","[1076000,961000,1103000,1077000,1118000]",367,5335000
17,5,5,"[374,274,327,397,380]","[1113000,787000,996000,1187000,1190000]",397,5273000
17,6,5,"[375,302,347,363,375]","[1118000,901000,1057000,1077000,1150000]",375,5303000
17,7,5,"[372,301,347,363,376]","[1113000,899000,1057000,1077000,1154000]",376,5300000
17,8,5,"[373,274,327,441,334]","[1113000,787000,996000,1327000,1042000]",441,5265000
17,9,5,"[374,273,343,389,380]","[1113000,787000,1040000,1159000,1190000]",389,5289000
17,10,5,"[372,301,369,363,355]","[1113000,898000,1119000,1077000,1100000]",372,5307000
17,11,5,"[372,301,364,363,361]","[1113000,898000,1103000,1077000,1118000]",372,5309000
17,12,5,"[364,321,364,367,361]","[1076000,961000,1103000,1081000,1118000]",367,5339000
17,13,5,"[376,293,327,379,389]","[1118000,843000,996000,1132000,1203000]",389,5292000
17,14,5,"[369,336,354,366,346]","[1096000,1008000,1068000,1081000,1066000]",369,5319000
17,15,5,"[354,365,361,366,365]","[1058000,1064000,1097000,1077000,1110000]",366,5406000
17,16,5,"[374,291,347,379,371]","[1117000,839000,1057000,1132000,1150000]",379,5295000
17,17,5,"[373,274,327,397,383]","[1113000,787000,996000,1187000,1194000]",397,5277000
17,18,5,"[374,305,347,363,375]","[1117000,906000,1057000,1077000,1150000]",375,5307000
17,19,5,"[375,289,347,377,373]","[1118000,839000,1057000,1132000,1154000]",377,5300000
17,20,5,"[373,289,347,377,377]","[1113000,839000,1057000,1132000,1162000]",377,5303000
17,21,5,"[377,304,349,369,375]","[1118000,905000,1057000,1091000,1154000]",377,5325000
17,22,5,"[288,378,486,367,361]","[840000,1071000,1435000,1085000,1118000]",486,5549000
17,23,5,"[372,367,344,363,453]","[1102000,1056000,1045000,1050000,1337000]",453,5590000
17,24,5,"[371,307,357,385,407]","[1111000,912000,1032000,1136000,1253000]",407,5444000
17,25,5,"[376,301,347,363,375]","[1117000,899000,1057000,1077000,1154000]",376,5304000
17,26,5,"[373,284,365,397,362]","[1113000,835000,1103000,1180000,1123000]",397,5354000
17,27,5,"[376,364,380,448,372]","[1127000,1028000,1090000,1274000,1155000]",448,5674000
17,28,5,"[371,324,335,359,480]","[1096000,954000,1007000,1033000,1431000]",480,5521000
17,29,5,"[349,357,361,363,365]","[1043000,1056000,1097000,1073000,1114000]",365,5383000
17,30,5,"[320,384,484,367,362]","[916000,1065000,1435000,1085000,1120000]",484,5621000
17,31,5,"[372,276,346,368,462]","[1113000,817000,1047000,1099000,1357000]",462,5433000
17,32,5,"[372,303,369,363,355]","[1113000,902000,1119000,1077000,1100000]",372,5311000
17,33,5,"[368,353,364,365,353]","[1096000,1053000,1103000,1081000,1057000]",368,5390000
17,34,5,"[373,275,420,381,480]","[1102000,793000,1178000,1124000,1431000]",480,5628000
17,35,5,"[376,271,327,391,409]","[1123000,787000,996000,1160000,1265000]",409,5331000
17,36,5,"[350,360,337,345,489]","[1048000,1054000,1008000,1004000,1428000]",489,5542000
17,37,5,"[406,285,481,367,352]","[1188000,810000,1427000,1082000,1045000]",481,5552000
17,38,5,"[300,465,365,364,365]","[876000,1338000,1103000,1082000,1114000]",465,5513000
17,39,5,"[380,275,394,355,467]","[1117000,793000,1147000,1059000,1396000]",467,5512000
17,40,5,"[370,303,370,405,480]","[1100000,906000,1073000,1149000,1420000]",480,5648000
17,41,5,"[349,384,452,366,379]","[1040000,1089000,1293000,1083000,1156000]",452,5661000
17,42,5,"[346,286,482,365,361]","[1025000,818000,1435000,1079000,1114000]",482,5471000
17,43,5,"[352,272,476,365,380]","[1058000,790000,1396000,1077000,1170000]",476,5491000
17,44,5,"[373,284,372,378,355]","[1113000,835000,1124000,1137000,1100000]",378,5309000
17,45,5,"[373,273,335,369,467]","[1113000,787000,1008000,1099000,1396000]",467,5403000
17,46,5,"[312,441,362,365,364]","[911000,1264000,1099000,1081000,1112000]",441,5467000
17,47,5,"[369,339,406,365,343]","[1101000,1014000,1157000,1081000,1073000]",406,5426000
17,48,5,"[372,224,416,378,371]","[1113000,640000,1260000,1137000,1150000]",416,5300000
17,49,5,"[303,320,364,363,438]","[885000,961000,1103000,1077000,1341000]",438,5367000
17,50,5,"[373,273,413,401,380]","[1113000,791000,1160000,1198000,1195000]",413,5457000
17,51,5,"[372,320,349,351,371]","[1113000,957000,1061000,1035000,1150000]",372,5316000
17,52,5,"[375,304,418,366,324]","[1128000,898000,1259000,1082000,999000]",418,5366000
17,53,5,"[378,276,329,446,378]","[1118000,797000,1006000,1331000,1134000]",446,5386000
17,54,5,"[374,273,343,389,380]","[1113000,799000,1040000,1153000,1190000]",389,5295000
17,55,5,"[376,299,288,363,441]","[1128000,898000,856000,1077000,1370000]",441,5329000
17,56,5,"[372,371,364,365,361]","[1113000,1034000,1106000,1081000,1118000]",372,5452000
17,57,5,"[367,321,293,370,436]","[1091000,961000,856000,1086000,1361000]",436,5355000
17,58,5,"[428,294,327,354,391]","[1251000,843000,996000,1065000,1203000]",428,5358000
17,59,5,"[418,339,353,365,345]","[1199000,1006000,1066000,1081000,1062000]",418,5414000
17,60,5,"[351,371,363,366,367]","[1043000,1073000,1098000,1079000,1120000]",371,5413000
17,61,5,"[376,289,364,379,361]","[1117000,839000,1103000,1132000,1118000]",379,5309000
17,62,5,"[484,272,327,397,378]","[1408000,789000,996000,1187000,1111000]",484,5491000
17,63,5,"[377,308,352,395,376]","[1123000,921000,1065000,1135000,1159000]",395,5403000
17,64,5,"[377,326,351,381,375]","[1128000,931000,1068000,1138000,1164000]",381,5429000
17,65,5,"[422,267,351,382,377]","[1241000,786000,1061000,1138000,1162000]",422,5388000
18,1,5,"[319,372,360,370,368]","[912000,1131000,1084000,1107000,1113000]",372,5347000
18,2,5,"[321,376,372,340,368]","[917000,1154000,1130000,1031000,1113000]",376,5345000
18,3,5,"[318,380,370,406,286]","[912000,1171000,1121000,1242000,860000]",406,5306000
18,4,5,"[317,380,359,342,367]","[908000,1171000,1084000,1035000,1113000]",380,5311000
18,5,5,"[318,379,360,343,372]","[910000,1156000,1089000,1037000,1131000]",379,5323000
18,6,5,"[323,378,375,340,357]","[923000,1158000,1137000,1031000,1083000]",378,5332000
18,7,5,"[321,376,372,342,368]","[917000,1154000,1130000,1031000,1113000]",376,5345000
18,8,5,"[326,377,375,340,357]","[929000,1156000,1137000,1031000,1081000]",377,5334000
18,9,5,"[355,370,360,369,367]","[1012000,1101000,1084000,1107000,1113000]",370,5417000
18,10,5,"[323,378,375,342,357]","[923000,1158000,1137000,1031000,1083000]",378,5332000
18,11,5,"[318,379,360,345,372]","[908000,1158000,1089000,1037000,1131000]",379,5323000
18,12,5,"[322,377,360,345,372]","[925000,1156000,1089000,1037000,1131000]",377,5338000
18,13,5,"[319,372,360,370,368]","[913000,1131000,1084000,1107000,1113000]",372,5348000
18,14,5,"[318,380,371,406,287]","[912000,1171000,1121000,1244000,860000]",406,5308000
18,15,5,"[318,379,360,343,372]","[912000,1158000,1089000,1037000,1131000]",379,5327000
18,16,5,"[319,380,360,343,368]","[914000,1171000,1084000,1037000,1113000]",380,5319000
18,17,5,"[319,380,371,340,356]","[914000,1171000,1126000,1031000,1081000]",380,5323000
18,18,5,"[319,380,371,342,356]","[914000,1171000,1126000,1031000,1081000]",380,5323000
18,19,5,"[319,380,371,340,356]","[914000,1171000,1126000,1031000,1081000]",380,5323000
18,20,5,"[319,380,371,342,356]","[914000,1171000,1126000,1031000,1081000]",380,5323000
18,21,5,"[322,391,353,343,375]","[920000,1215000,1066000,1031000,1146000]",391,5378000
18,22,5,"[323,378,375,340,357]","[923000,1158000,1137000,1031000,1083000]",378,5332000
18,23,5,"[321,382,370,406,294]","[921000,1171000,1121000,1242000,885000]",406,5340000
18,24,5,"[321,382,363,418,337]","[908000,1171000,1104000,1225000,1011000]",418,5419000
18,25,5,"[318,372,364,441,335]","[918000,1131000,1094000,1299000,1016000]",441,5458000
18,26,5,"[318,380,370,406,302]","[912000,1171000,1118000,1244000,892000]",406,5337000
18,27,5,"[318,379,360,343,372]","[908000,1158000,1089000,1037000,1131000]",379,5323000
18,28,5,"[318,379,358,464,336]","[912000,1156000,1088000,1327000,1020000]",464,5503000
18,29,5,"[321,376,373,342,366]","[919000,1154000,1129000,1031000,1113000]",376,5346000
18,30,5,"[352,370,359,369,367]","[1004000,1091000,1084000,1107000,1113000]",370,5399000
18,31,5,"[321,382,363,418,337]","[914000,1171000,1099000,1229000,1020000]",418,5433000
18,32,5,"[321,376,359,420,339]","[923000,1154000,1093000,1239000,1019000]",420,5428000
18,33,5,"[317,378,367,360,369]","[913000,1135000,1110000,1084000,1113000]",378,5355000
18,34,5,"[356,388,373,344,359]","[1007000,1163000,1127000,1035000,1096000]",388,5428000
18,35,5,"[356,364,361,376,370]","[1014000,1091000,1089000,1119000,1113000]",376,5426000
18,36,5,"[354,374,377,342,357]","[1008000,1126000,1141000,1035000,1083000]",377,5393000
18,37,5,"[321,382,363,418,337]","[914000,1171000,1099000,1229000,1016000]",418,5429000
18,38,5,"[324,375,319,434,371]","[924000,1137000,932000,1318000,1119000]",434,5430000
18,39,5,"[323,378,318,341,435]","[921000,1158000,951000,1031000,1311000]",435,5372000
18,40,5,"[316,363,401,405,286]","[908000,1104000,1213000,1242000,860000]",405,5327000
18,41,5,"[351,381,360,345,368]","[976000,1171000,1084000,1041000,1118000]",381,5390000
18,42,5,"[319,404,360,343,372]","[908000,1208000,1089000,1037000,1131000]",404,5373000
18,43,5,"[323,407,376,340,358]","[918000,1212000,1137000,1031000,1083000]",407,5381000
18,44,5,"[319,409,372,342,368]","[917000,1211000,1130000,1031000,1113000]",409,5402000
18,45,5,"[348,377,376,343,358]","[972000,1154000,1137000,1037000,1088000]",377,5388000
18,46,5,"[418,368,359,367,400]","[1150000,1098000,1084000,1109000,1163000]",418,5604000
18,47,5,"[366,378,351,342,357]","[1035000,1158000,1062000,1031000,1083000]",378,5369000
18,48,5,"[320,448,362,286,374]","[910000,1363000,1093000,846000,1141000]",448,5353000
18,49,5,"[321,433,336,345,372]","[920000,1291000,1014000,1037000,1131000]",433,5393000
18,50,5,"[319,336,361,417,368]","[913000,1021000,1086000,1245000,1113000]",417,5378000
18,51,5,"[321,419,340,407,287]","[924000,1289000,1025000,1244000,860000]",419,5342000
18,52,5,"[320,329,362,406,373]","[912000,1000000,1099000,1221000,1136000]",406,5368000
18,53,5,"[320,437,362,345,340]","[914000,1333000,1099000,1040000,1028000]",437,5414000
18,54,5,"[384,382,372,349,411]","[1050000,1171000,1128000,1061000,1184000]",411,5594000
18,55,5,"[319,380,350,342,408]","[914000,1171000,1054000,1031000,1215000]",408,5385000
18,56,5,"[319,381,369,410,310]","[912000,1173000,1116000,1229000,932000]",410,5362000
18,57,5,"[318,380,370,425,286]","[912000,1171000,1116000,1282000,860000]",425,5341000
19,1,5,"[341,367,351,336,369]","[1028000,1146000,1025000,961000,1137000]",369,5297000
19,2,5,"[276,428,357,266,411]","[815000,1349000,1059000,756000,1275000]",428,5254000
19,3,5,"[272,430,357,266,408]","[811000,1349000,1059000,756000,1269000]",430,5244000
19,4,5,"[359,360,351,355,360]","[1082000,1096000,1022000,1000000,1107000]",360,5307000
19,5,5,"[341,368,289,391,369]","[1028000,1146000,835000,1145000,1137000]",391,5291000
19,6,5,"[358,359,342,356,359]","[1082000,1096000,1014000,1009000,1107000]",359,5308000
19,7,5,"[274,428,357,266,411]","[815000,1349000,1059000,756000,1275000]",428,5254000
19,8,5,"[294,422,357,266,411]","[874000,1316000,1059000,756000,1275000]",422,5280000
19,9,5,"[296,424,357,266,408]","[880000,1316000,1059000,756000,1269000]",424,5280000
19,10,5,"[336,367,350,333,379]","[1014000,1146000,1022000,959000,1153000]",379,5294000
19,11,5,"[294,427,359,266,408]","[874000,1322000,1059000,756000,1269000]",427,5280000
19,12,5,"[349,369,364,266,408]","[1042000,1146000,1068000,756000,1269000]",408,5281000
19,13,5,"[314,406,359,266,408]","[934000,1262000,1063000,756000,1269000]",408,5284000
19,14,5,"[295,427,359,266,408]","[878000,1322000,1059000,756000,1269000]",427,5284000
19,15,5,"[358,359,346,356,359]","[1082000,1101000,1018000,1009000,1107000]",359,5317000
19,16,5,"[342,367,351,336,369]","[1030000,1146000,1022000,964000,1137000]",369,5299000
19,17,5,"[276,428,357,266,411]","[816000,1349000,1059000,756000,1275000]",428,5255000
19,18,5,"[272,430,359,266,408]","[811000,1349000,1063000,756000,1269000]",430,5248000
19,19,5,"[359,360,351,355,360]","[1082000,1096000,1022000,1004000,1107000]",360,5311000
19,20,5,"[338,367,350,333,379]","[1018000,1146000,1022000,959000,1153000]",379,5298000
19,21,5,"[293,427,357,266,408]","[874000,1331000,1059000,756000,1269000]",427,5289000
19,22,5,"[358,411,382,285,367]","[1082000,1226000,1111000,822000,1133000]",411,5374000
19,23,5,"[361,354,345,353,376]","[1086000,1096000,1016000,1005000,1148000]",376,5351000
19,24,5,"[345,419,311,371,369]","[1038000,1271000,889000,1076000,1137000]",419,5411000
19,25,5,"[272,499,350,284,424]","[811000,1493000,1032000,820000,1301000]",499,5457000
19,26,5,"[352,420,369,308,386]","[1062000,1276000,1075000,889000,1168000]",420,5470000
19,27,5,"[279,502,356,263,449]","[828000,1497000,1057000,750000,1348000]",502,5480000
19,28,5,"[349,419,369,308,369]","[1042000,1271000,1074000,892000,1135000]",419,5414000
19,29,5,"[343,425,312,389,357]","[1034000,1275000,897000,1121000,1107000]",425,5434000
19,30,5,"[289,423,350,286,417]","[860000,1321000,1024000,820000,1289000]",423,5314000
19,31,5,"[274,480,357,264,409]","[815000,1470000,1059000,755000,1269000]",480,5368000
19,32,5,"[277,496,357,264,412]","[821000,1485000,1059000,750000,1276000]",496,5391000
19,33,5,"[272,503,356,268,449]","[811000,1499000,1057000,760000,1348000]",503,5475000
19,34,5,"[275,499,289,342,418]","[817000,1500000,835000,996000,1288000]",499,5436000
19,35,5,"[348,420,380,285,370]","[1042000,1271000,1111000,822000,1136000]",420,5382000
19,36,5,"[273,495,349,281,420]","[795000,1493000,1024000,805000,1295000]",495,5412000
19,37,5,"[336,369,349,334,377]","[1014000,1146000,1025000,961000,1155000]",377,5301000
19,38,5,"[273,496,358,268,417]","[807000,1485000,1061000,759000,1289000]",496,5401000
19,39,5,"[358,353,356,336,384]","[1082000,1096000,1033000,964000,1167000]",384,5342000
19,40,5,"[277,434,345,285,476]","[813000,1349000,1016000,812000,1391000]",476,5381000
19,41,5,"[275,496,356,263,449]","[817000,1485000,1057000,750000,1348000]",496,5457000
19,42,5,"[296,424,357,266,410]","[880000,1316000,1059000,756000,1273000]",424,5284000
19,43,5,"[293,428,363,266,449]","[874000,1328000,1077000,756000,1348000]",449,5383000
19,44,5,"[286,499,359,264,410]","[830000,1502000,1063000,755000,1273000]",499,5423000
19,45,5,"[293,425,358,268,417]","[864000,1331000,1061000,760000,1289000]",425,5305000
19,46,5,"[340,391,353,394,368]","[1028000,1187000,1029000,1093000,1138000]",394,5475000
19,47,5,"[274,442,357,266,413]","[815000,1380000,1059000,756000,1276000]",442,5286000
19,48,5,"[249,522,358,266,409]","[735000,1567000,1061000,765000,1269000]",522,5397000
19,49,5,"[376,351,351,351,362]","[1118000,1101000,1027000,1000000,1112000]",376,5358000
19,50,5,"[340,368,289,394,405]","[1028000,1146000,835000,1160000,1209000]",405,5378000
19,51,5,"[362,355,346,353,412]","[1086000,1096000,1018000,1005000,1204000]",412,5409000
19,52,5,"[329,427,357,265,410]","[925000,1349000,1059000,754000,1273000]",427,5360000
19,53,5,"[294,422,365,267,437]","[876000,1316000,1072000,761000,1327000]",437,5352000
19,54,5,"[297,425,356,266,428]","[880000,1331000,1057000,756000,1306000]",428,5330000
19,55,5,"[336,369,349,350,377]","[1014000,1146000,1022000,994000,1155000]",377,5331000
19,56,5,"[305,419,357,266,408]","[910000,1294000,1059000,756000,1269000]",419,5288000
19,57,5,"[347,373,362,285,410]","[1042000,1152000,1063000,793000,1273000]",410,5323000
19,58,5,"[317,410,359,283,413]","[936000,1268000,1063000,793000,1282000]",413,5342000
19,59,5,"[297,430,362,283,412]","[878000,1328000,1068000,793000,1277000]",430,5344000
19,60,5,"[358,353,422,353,319]","[1082000,1096000,1225000,1005000,980000]",422,5388000
19,61,5,"[340,367,350,312,405]","[1028000,1146000,1022000,887000,1238000]",405,5321000
19,62,5,"[276,509,358,266,350]","[816000,1595000,1061000,756000,1065000]",509,5293000
19,63,5,"[338,425,364,266,408]","[1003000,1279000,1068000,756000,1269000]",425,5375000
19,64,5,"[358,353,374,354,356]","[1082000,1106000,1095000,1019000,1082000]",374,5384000
19,65,5,"[357,352,355,333,379]","[1072000,1101000,1022000,959000,1153000]",379,5307000
20,1,5,"[370,356,349,371,358]","[1094000,1059000,1033000,1122000,1070000]",371,5378000
20,2,5,"[367,367,349,368,355]","[1076000,1096000,1042000,1120000,1064000]",368,5398000
20,3,5,"[366,362,359,369,355]","[1074000,1074000,1068000,1118000,1064000]",369,5398000
20,4,5,"[372,318,378,375,358]","[1094000,948000,1134000,1126000,1070000]",378,5372000
20,5,5,"[367,367,349,368,355]","[1076000,1096000,1042000,1120000,1064000]",368,5398000
20,6,5,"[285,369,324,403,401]","[820000,1099000,988000,1230000,1205000]",403,5342000
20,7,5,"[311,373,326,379,400]","[890000,1105000,990000,1153000,1205000]",400,5343000
20,8,5,"[285,369,324,403,401]","[820000,1099000,988000,1230000,1205000]",403,5342000
20,9,5,"[370,356,349,371,358]","[1094000,1059000,1033000,1122000,1070000]",371,5378000
20,10,5,"[366,362,344,370,356]","[1074000,1089000,1033000,1124000,1064000]",370,5384000
20,11,5,"[370,362,344,369,358]","[1094000,1067000,1033000,1122000,1068000]",370,5384000
20,12,5,"[309,330,311,400,412]","[906000,994000,946000,1223000,1247000]",412,5316000
20,13,5,"[263,375,325,415,401]","[767000,1109000,992000,1259000,1200000]",415,5327000
20,14,5,"[312,329,315,400,412]","[905000,994000,963000,1223000,1247000]",412,5332000
20,15,5,"[368,362,344,370,356]","[1078000,1089000,1033000,1124000,1064000]",370,5388000
20,16,5,"[284,375,324,400,400]","[825000,1105000,990000,1223000,1205000]",400,5348000
20,17,5,"[372,318,380,375,358]","[1094000,948000,1138000,1128000,1070000]",380,5378000
20,18,5,"[369,367,349,368,355]","[1080000,1096000,1042000,1120000,1064000]",369,5402000
20,19,5,"[378,353,349,369,355]","[1110000,1051000,1038000,1118000,1064000]",378,5381000
20,20,5,"[372,356,349,371,358]","[1098000,1057000,1038000,1122000,1070000]",372,5385000
20,21,5,"[314,392,383,440,355]","[925000,1149000,1111000,1321000,1064000]",440,5570000
20,22,5,"[332,391,385,453,355]","[953000,1145000,1096000,1365000,1064000]",453,5623000
20,23,5,"[321,386,333,445,355]","[919000,1159000,993000,1331000,1064000]",445,5466000
20,24,5,"[356,350,378,442,357]","[1024000,1028000,1104000,1321000,1064000]",442,5541000
20,25,5,"[346,389,331,457,355]","[990000,1143000,995000,1364000,1064000]",457,5556000
20,26,5,"[337,368,380,442,357]","[959000,1092000,1104000,1321000,1064000]",442,5540000
20,27,5,"[308,384,375,444,371]","[896000,1133000,1052000,1343000,1105000]",444,5529000
20,28,5,"[320,391,443,448,368]","[925000,1136000,1242000,1300000,1105000]",448,5708000
20,29,5,"[281,372,324,400,403]","[814000,1099000,988000,1223000,1211000]",403,5335000
20,30,5,"[368,372,387,371,356]","[1078000,1090000,1142000,1129000,1064000]",387,5503000
20,31,5,"[366,363,347,446,374]","[1059000,1076000,1000000,1318000,1109000]",446,5562000
20,32,5,"[351,372,356,440,372]","[1029000,1095000,1021000,1321000,1109000]",440,5575000
20,33,5,"[345,347,383,478,358]","[1008000,1021000,1112000,1424000,1064000]",478,5629000
20,34,5,"[351,372,363,441,373]","[1029000,1095000,1075000,1275000,1109000]",441,5583000
20,35,5,"[324,354,393,448,368]","[939000,1048000,1146000,1324000,1105000]",448,5562000
20,36,5,"[283,390,315,400,412]","[833000,1145000,966000,1223000,1247000]",412,5414000
20,37,5,"[313,365,316,446,356]","[923000,1079000,952000,1360000,1069000]",446,5383000
20,38,5,"[353,368,350,443,375]","[1020000,1099000,994000,1318000,1107000]",443,5538000
20,39,5,"[312,388,354,450,382]","[903000,1163000,1049000,1310000,1145000]",450,5570000
20,40,5,"[352,373,331,477,350]","[1031000,1097000,996000,1410000,1032000]",477,5566000
20,41,5,"[315,393,385,440,355]","[909000,1165000,1121000,1321000,1064000]",440,5580000
20,42,5,"[310,370,325,445,428]","[887000,1099000,990000,1318000,1225000]",445,5519000
20,43,5,"[357,390,390,446,372]","[1037000,1134000,1086000,1318000,1109000]",446,5684000
20,44,5,"[314,370,378,461,358]","[928000,1105000,1104000,1350000,1076000]",461,5563000
20,45,5,"[336,350,380,434,401]","[979000,1033000,1108000,1260000,1201000]",434,5581000
20,46,5,"[375,424,288,370,355]","[1109000,1298000,849000,1124000,1064000]",424,5444000
20,47,5,"[371,381,344,384,358]","[1080000,1143000,1033000,1134000,1070000]",384,5460000
20,48,5,"[369,364,358,368,358]","[1080000,1082000,1066000,1120000,1070000]",369,5418000
20,49,5,"[371,322,450,372,319]","[1094000,960000,1325000,1128000,947000]",450,5454000
20,50,5,"[370,370,333,396,355]","[1076000,1101000,984000,1212000,1064000]",396,5437000
20,51,5,"[384,372,323,413,403]","[1087000,1114000,988000,1187000,1205000]",413,5581000
20,52,5,"[311,328,381,379,400]","[890000,964000,1161000,1153000,1205000]",400,5373000
20,53,5,"[325,373,323,375,400]","[936000,1110000,988000,1146000,1205000]",400,5385000
20,54,5,"[416,354,344,370,358]","[1231000,1056000,1033000,1089000,1070000]",416,5479000
20,55,5,"[366,360,344,370,421]","[1074000,1079000,1033000,1124000,1193000]",421,5503000
20,56,5,"[372,401,329,371,358]","[1094000,1195000,972000,1126000,1070000]",401,5457000
20,57,5,"[309,349,317,403,412]","[903000,1032000,967000,1228000,1247000]",412,5377000
20,58,5,"[268,430,323,379,399]","[788000,1268000,988000,1150000,1200000]",430,5394000
20,59,5,"[312,329,359,403,412]","[905000,994000,1042000,1228000,1247000]",412,5416000
20,60,5,"[368,363,344,370,368]","[1078000,1084000,1033000,1122000,1088000]",370,5405000
20,61,5,"[329,369,324,403,401]","[913000,1099000,988000,1223000,1205000]",403,5428000
20,62,5,"[373,357,381,374,353]","[1104000,1062000,1140000,1126000,1024000]",381,5456000
20,63,5,"[409,368,364,369,355]","[1169000,1093000,1064000,1122000,1064000]",409,5512000
20,64,5,"[455,357,349,367,355]","[1327000,1076000,1038000,1118000,1001000]",455,5560000
20,65,5,"[523,352,285,367,355]","[1467000,1055000,842000,1118000,1064000]",523,5546000
21,1,5,"[281,400,419,238,399]","[838000,1204000,1288000,693000,1230000]",419,5253000
21,2,5,"[345,358,372,361,350]","[1026000,1052000,1128000,1069000,1078000]",372,5353000
21,3,5,"[351,373,343,328,372]","[1043000,1130000,1043000,959000,1140000]",373,5315000
21,4,5,"[281,400,419,238,399]","[844000,1204000,1282000,693000,1230000]",419,5253000
21,5,5,"[374,374,372,272,361]","[1102000,1130000,1149000,802000,1115000]",374,5298000
21,6,5,"[352,376,374,272,361]","[1058000,1130000,1158000,802000,1115000]",376,5263000
21,7,5,"[366,359,365,368,359]","[1074000,1050000,1096000,1091000,1097000]",368,5408000
21,8,5,"[350,373,401,270,339]","[1048000,1130000,1242000,790000,1044000]",401,5254000
21,9,5,"[281,411,412,238,399]","[844000,1245000,1251000,689000,1230000]",412,5259000
21,10,5,"[351,375,324,329,381]","[1043000,1130000,989000,954000,1174000]",381,5290000
21,11,5,"[368,358,364,371,352]","[1082000,1052000,1096000,1101000,1082000]",371,5413000
21,12,5,"[314,402,381,292,350]","[924000,1218000,1188000,860000,1078000]",402,5268000
21,13,5,"[377,373,367,271,361]","[1117000,1130000,1130000,800000,1115000]",377,5292000
21,14,5,"[349,373,401,270,352]","[1043000,1130000,1242000,790000,1064000]",401,5269000
21,15,5,"[349,375,342,329,368]","[1043000,1130000,1043000,954000,1132000]",375,5302000
21,16,5,"[346,358,372,367,350]","[1031000,1052000,1128000,1083000,1078000]",372,5372000
21,17,5,"[281,402,419,238,397]","[844000,1218000,1282000,693000,1220000]",419,5257000
21,18,5,"[351,373,355,327,372]","[1043000,1130000,1069000,954000,1140000]",373,5336000
21,19,5,"[309,410,401,270,352]","[927000,1237000,1242000,790000,1064000]",410,5260000
21,20,5,"[281,411,412,238,399]","[844000,1245000,1251000,693000,1230000]",412,5263000
21,21,5,"[269,390,528,236,419]","[802000,1162000,1590000,691000,1227000]",528,5472000
21,22,5,"[331,414,392,283,350]","[980000,1210000,1234000,828000,1078000]",414,5330000
21,23,5,"[351,416,391,362,351]","[1050000,1196000,1203000,1056000,1023000]",416,5528000
21,24,5,"[309,438,420,292,337]","[927000,1290000,1285000,860000,1020000]",438,5382000
21,25,5,"[351,374,347,327,376]","[1043000,1130000,1056000,954000,1160000]",376,5343000
21,26,5,"[425,438,484,231,352]","[1219000,1248000,1454000,669000,1076000]",484,5666000
21,27,5,"[359,366,400,351,401]","[1075000,1071000,1199000,993000,1203000]",401,5541000
21,28,5,"[311,393,416,352,375]","[937000,1114000,1255000,1049000,1149000]",416,5504000
21,29,5,"[345,396,421,256,459]","[1029000,1160000,1292000,724000,1336000]",459,5541000
21,30,5,"[312,440,413,290,352]","[918000,1292000,1275000,850000,1063000]",440,5398000
21,31,5,"[336,430,410,246,403]","[1005000,1277000,1203000,718000,1230000]",430,5433000
21,32,5,"[331,434,448,257,381]","[980000,1288000,1361000,736000,1152000]",448,5517000
21,33,5,"[349,373,402,271,364]","[1043000,1130000,1242000,795000,1091000]",402,5301000
21,34,5,"[331,434,385,288,352]","[980000,1288000,1195000,833000,1078000]",434,5374000
21,35,5,"[371,444,413,307,338]","[1063000,1309000,1275000,886000,1018000]",444,5551000
21,36,5,"[433,409,460,247,363]","[1235000,1165000,1400000,701000,1128000]",460,5629000
21,37,5,"[349,375,410,288,369]","[1043000,1130000,1234000,816000,1134000]",410,5357000
21,38,5,"[398,417,459,250,367]","[1171000,1185000,1392000,713000,1130000]",459,5591000
21,39,5,"[309,434,426,289,376]","[927000,1288000,1266000,833000,1144000]",434,5458000
21,40,5,"[373,464,410,287,403]","[1070000,1324000,1197000,820000,1239000]",464,5650000
21,41,5,"[412,413,457,282,335]","[1196000,1190000,1388000,820000,983000]",457,5577000
21,42,5,"[391,387,480,240,398]","[1103000,1134000,1465000,706000,1176000]",480,5584000
21,43,5,"[374,452,419,299,410]","[1080000,1272000,1282000,880000,1179000]",452,5693000
21,44,5,"[341,446,371,291,350]","[991000,1320000,1153000,850000,1078000]",446,5392000
21,45,5,"[371,379,373,305,367]","[1096000,1139000,1151000,873000,1118000]",379,5377000
21,46,5,"[363,401,419,238,400]","[1002000,1204000,1288000,693000,1235000]",419,5422000
21,47,5,"[348,359,373,282,437]","[1041000,1054000,1128000,819000,1342000]",437,5384000
21,48,5,"[349,370,340,353,378]","[1043000,1106000,1043000,1015000,1150000]",378,5357000
21,49,5,"[281,399,419,286,398]","[844000,1204000,1282000,797000,1231000]",419,5358000
21,50,5,"[371,373,371,298,363]","[1096000,1130000,1143000,851000,1125000]",373,5345000
21,51,5,"[349,373,391,272,349]","[1043000,1130000,1214000,802000,1073000]",391,5262000
21,52,5,"[367,360,364,441,358]","[1074000,1055000,1096000,1239000,1101000]",441,5565000
21,53,5,"[351,373,403,300,339]","[1047000,1130000,1242000,843000,1044000]",403,5306000
21,54,5,"[251,415,421,297,403]","[745000,1250000,1271000,850000,1238000]",421,5354000
21,55,5,"[328,380,325,355,380]","[980000,1135000,989000,1037000,1174000]",380,5315000
21,56,5,"[374,325,366,491,357]","[1096000,937000,1102000,1393000,1094000]",491,5622000
21,57,5,"[312,368,460,292,350]","[924000,1103000,1397000,860000,1078000]",460,5362000
21,58,5,"[380,373,381,271,349]","[1122000,1130000,1176000,800000,1073000]",381,5301000
21,59,5,"[350,408,406,275,350]","[1045000,1198000,1257000,805000,1069000]",408,5374000
21,60,5,"[425,375,342,329,414]","[1231000,1130000,1043000,964000,1210000]",425,5578000
21,61,5,"[357,359,372,374,373]","[1054000,1054000,1128000,1087000,1118000]",374,5441000
21,62,5,"[281,436,419,238,412]","[844000,1288000,1282000,693000,1244000]",436,5351000
21,63,5,"[437,373,358,327,366]","[1276000,1130000,1084000,954000,1071000]",437,5515000
21,64,5,"[309,412,401,269,375]","[927000,1242000,1208000,790000,1141000]",412,5308000
21,65,5,"[281,411,412,241,421]","[844000,1245000,1251000,693000,1270000]",421,5303000
22,1,5,"[308,366,381,382,357]","[894000,1116000,1136000,1161000,1054000]",382,5361000
22,2,5,"[322,380,380,375,356]","[934000,1174000,1105000,1137000,1054000]",380,5404000
22,3,5,"[322,368,381,376,356]","[934000,1116000,1136000,1137000,1054000]",381,5377000
22,4,5,"[313,412,387,372,283]","[910000,1271000,1169000,1125000,832000]",412,5307000
22,5,5,"[381,357,387,371,271]","[1127000,1080000,1169000,1123000,818000]",387,5317000
22,6,5,"[313,412,387,372,283]","[910000,1271000,1169000,1125000,832000]",412,5307000
22,7,5,"[319,411,386,373,282]","[922000,1264000,1169000,1121000,832000]",411,5308000
22,8,5,"[319,413,382,373,268]","[923000,1268000,1165000,1121000,809000]",413,5286000
22,9,5,"[296,416,402,370,267]","[852000,1275000,1217000,1121000,804000]",416,5269000
22,10,5,"[313,412,387,372,283]","[910000,1271000,1169000,1125000,832000]",412,5307000
22,11,5,"[296,416,404,370,267]","[852000,1275000,1219000,1121000,804000]",416,5271000
22,12,5,"[319,413,382,373,270]","[923000,1268000,1165000,1121000,813000]",413,5290000
22,13,5,"[320,411,384,375,282]","[924000,1264000,1169000,1123000,832000]",411,5312000
22,14,5,"[381,354,387,372,281]","[1127000,1072000,1169000,1125000,832000]",387,5325000
22,15,5,"[318,379,379,380,360]","[930000,1169000,1105000,1142000,1062000]",380,5408000
22,16,5,"[324,368,381,376,356]","[938000,1116000,1136000,1137000,1054000]",381,5381000
22,17,5,"[314,412,388,372,284]","[910000,1271000,1169000,1125000,834000]",412,5309000
22,18,5,"[314,412,388,372,284]","[910000,1271000,1169000,1125000,834000]",412,5309000
22,19,5,"[308,366,381,382,357]","[894000,1117000,1136000,1161000,1054000]",382,5362000
22,20,5,"[306,414,402,370,267]","[875000,1268000,1219000,1121000,804000]",414,5287000
22,21,5,"[374,417,332,456,315]","[1058000,1236000,994000,1362000,921000]",456,5571000
22,22,5,"[317,377,431,457,288]","[922000,1148000,1244000,1385000,839000]",457,5538000
22,23,5,"[310,408,464,463,281]","[906000,1164000,1334000,1393000,832000]",464,5629000
22,24,5,"[363,338,436,455,320]","[1045000,1024000,1253000,1360000,934000]",455,5616000
22,25,5,"[373,419,332,452,342]","[1029000,1249000,994000,1378000,973000]",452,5623000
22,26,5,"[317,408,465,469,335]","[910000,1164000,1336000,1388000,973000]",469,5771000
22,27,5,"[306,340,474,457,269]","[879000,1025000,1378000,1385000,808000]",474,5475000
22,28,5,"[402,410,335,440,314]","[1142000,1204000,999000,1323000,910000]",440,5578000
22,29,5,"[347,424,367,462,320]","[950000,1246000,1094000,1405000,937000]",462,5632000
22,30,5,"[388,410,333,459,328]","[1104000,1204000,994000,1350000,969000]",459,5621000
22,31,5,"[372,426,336,451,288]","[1087000,1247000,1009000,1376000,843000]",451,5562000
22,32,5,"[401,410,332,435,328]","[1144000,1204000,994000,1280000,969000]",435,5591000
22,33,5,"[313,414,387,371,271]","[910000,1275000,1169000,1123000,819000]",414,5296000
22,34,5,"[362,385,448,442,326]","[1001000,1129000,1301000,1303000,970000]",448,5704000
22,35,5,"[363,367,414,457,355]","[1035000,1061000,1230000,1356000,1013000]",457,5695000
22,36,5,"[399,424,421,454,281]","[1137000,1249000,1193000,1329000,832000]",454,5740000
22,37,5,"[319,411,384,371,282]","[923000,1264000,1169000,1121000,833000]",411,5310000
22,38,5,"[372,412,347,471,311]","[1047000,1204000,1037000,1391000,922000]",471,5601000
22,39,5,"[362,347,435,449,313]","[1068000,1048000,1257000,1332000,896000]",449,5601000
22,40,5,"[351,321,446,454,318]","[1031000,966000,1285000,1356000,927000]",454,5565000
22,41,5,"[331,481,364,459,317]","[971000,1361000,1092000,1364000,896000]",481,5684000
22,42,5,"[312,415,382,373,268]","[906000,1275000,1165000,1123000,809000]",415,5278000
22,43,5,"[310,391,449,461,281]","[903000,1126000,1311000,1393000,832000]",461,5565000
22,44,5,"[319,423,463,462,338]","[864000,1212000,1330000,1389000,988000]",463,5783000
22,45,5,"[389,423,336,452,322]","[1092000,1263000,993000,1340000,941000]",452,5629000
22,46,5,"[307,366,381,402,358]","[896000,1116000,1136000,1203000,1061000]",402,5412000
22,47,5,"[377,379,379,380,320]","[1093000,1169000,1105000,1145000,935000]",380,5447000
22,48,5,"[322,428,382,377,356]","[934000,1238000,1142000,1137000,1054000]",428,5505000
22,49,5,"[369,369,387,372,281]","[1076000,1131000,1169000,1125000,832000]",387,5333000
22,50,5,"[380,357,414,371,269]","[1127000,1080000,1221000,1123000,808000]",414,5359000
22,51,5,"[306,412,388,372,308]","[871000,1271000,1169000,1125000,904000]",412,5340000
22,52,5,"[282,474,387,378,284]","[822000,1420000,1171000,1130000,838000]",474,5381000
22,53,5,"[319,413,380,311,347]","[923000,1268000,1165000,934000,1036000]",413,5326000
22,54,5,"[312,414,400,370,269]","[884000,1275000,1217000,1121000,808000]",414,5305000
22,55,5,"[286,488,388,372,281]","[832000,1456000,1169000,1125000,832000]",488,5414000
22,56,5,"[299,495,405,323,276]","[858000,1503000,1228000,970000,839000]",495,5398000
22,57,5,"[320,494,380,321,273]","[923000,1487000,1165000,966000,828000]",494,5369000
22,58,5,"[322,411,411,408,282]","[927000,1264000,1227000,1181000,832000]",411,5431000
22,59,5,"[381,358,387,312,390]","[1127000,1082000,1169000,933000,1128000]",390,5439000
22,60,5,"[318,379,379,380,386]","[930000,1169000,1105000,1142000,1123000]",386,5469000
22,61,5,"[386,368,381,337,356]","[1109000,1116000,1136000,1014000,1054000]",386,5429000
22,62,5,"[292,491,387,372,281]","[857000,1453000,1169000,1125000,832000]",491,5436000
22,63,5,"[317,467,388,373,282]","[915000,1375000,1175000,1127000,837000]",467,5429000
22,64,5,"[308,364,417,381,357]","[894000,1110000,1210000,1161000,1054000]",417,5429000
22,65,5,"[306,413,456,370,267]","[873000,1270000,1331000,1121000,804000]",456,5399000
23,1,5,"[344,384,321,363,382]","[1008000,1164000,922000,1092000,1172000]",384,5358000
23,2,5,"[343,384,191,359,503]","[997000,1173000,540000,1078000,1549000]",503,5337000
23,3,5,"[342,319,322,365,443]","[995000,962000,924000,1099000,1366000]",443,5346000
23,4,5,"[331,388,321,363,387]","[955000,1184000,922000,1092000,1194000]",388,5347000
23,5,5,"[331,388,321,363,387]","[955000,1184000,922000,1092000,1194000]",388,5347000
23,6,5,"[331,384,321,363,391]","[955000,1164000,922000,1092000,1214000]",391,5347000
23,7,5,"[331,450,321,363,322]","[955000,1378000,924000,1092000,992000]",450,5341000
23,8,5,"[342,319,310,375,443]","[995000,962000,892000,1131000,1366000]",443,5346000
23,9,5,"[351,383,370,321,371]","[1013000,1159000,1084000,959000,1144000]",383,5359000
23,10,5,"[336,384,326,368,379]","[987000,1164000,941000,1094000,1172000]",384,5358000
23,11,5,"[343,369,342,366,371]","[1012000,1098000,1016000,1094000,1144000]",371,5364000
23,12,5,"[331,369,344,364,387]","[955000,1098000,1016000,1092000,1194000]",387,5355000
23,13,5,"[344,379,331,363,382]","[1008000,1139000,961000,1092000,1172000]",382,5372000
23,14,5,"[357,369,342,365,371]","[1023000,1098000,1016000,1092000,1144000]",371,5373000
23,15,5,"[351,383,331,365,371]","[1013000,1159000,961000,1092000,1144000]",383,5369000
23,16,5,"[340,384,264,360,442]","[992000,1173000,755000,1073000,1358000]",442,5351000
23,17,5,"[341,388,319,362,384]","[997000,1184000,922000,1073000,1177000]",388,5353000
23,18,5,"[340,436,319,270,427]","[992000,1340000,922000,799000,1300000]",436,5353000
23,19,5,"[331,383,333,363,387]","[955000,1159000,961000,1092000,1194000]",387,5361000
23,20,5,"[341,388,321,364,383]","[993000,1172000,922000,1094000,1172000]",388,5353000
23,21,5,"[361,369,342,364,387]","[1027000,1098000,1016000,1092000,1194000]",387,5427000
23,22,5,"[343,369,341,401,374]","[1000000,1098000,1014000,1172000,1150000]",401,5434000
23,23,5,"[342,385,257,363,487]","[995000,1178000,720000,1096000,1455000]",487,5444000
23,24,5,"[329,395,388,388,387]","[955000,1141000,1081000,1178000,1194000]",395,5549000
23,25,5,"[348,385,325,367,379]","[1007000,1164000,936000,1094000,1172000]",385,5373000
23,26,5,"[343,388,285,363,485]","[1003000,1127000,815000,1082000,1477000]",485,5504000
23,27,5,"[332,430,397,452,396]","[963000,1235000,1113000,1278000,1215000]",452,5804000
23,28,5,"[344,384,325,362,393]","[1017000,1164000,936000,1075000,1209000]",393,5401000
23,29,5,"[357,383,336,436,372]","[1028000,1159000,970000,1244000,1145000]",436,5546000
23,30,5,"[352,384,335,369,372]","[1013000,1159000,975000,1094000,1149000]",384,5390000
23,31,5,"[353,384,326,368,379]","[1017000,1164000,941000,1096000,1172000]",384,5390000
23,32,5,"[360,384,333,365,396]","[1015000,1164000,965000,1096000,1209000]",396,5449000
23,33,5,"[341,369,342,362,384]","[997000,1098000,1016000,1073000,1177000]",384,5361000
23,34,5,"[340,385,351,393,418]","[992000,1178000,977000,1127000,1280000]",418,5554000
23,35,5,"[347,390,257,342,481]","[1004000,1185000,720000,1029000,1471000]",481,5409000
23,36,5,"[342,371,323,369,431]","[1008000,1117000,936000,1063000,1329000]",431,5453000
23,37,5,"[357,449,322,319,409]","[1011000,1378000,924000,959000,1208000]",449,5480000
23,38,5,"[348,384,257,467,444]","[1018000,1173000,720000,1354000,1322000]",467,5587000
23,39,5,"[383,383,331,374,407]","[1098000,1159000,961000,1105000,1207000]",407,5530000
23,40,5,"[367,359,272,447,480]","[1061000,1032000,786000,1287000,1469000]",480,5635000
23,41,5,"[340,373,342,347,438]","[992000,1106000,1016000,1020000,1320000]",438,5454000
23,42,5,"[352,392,264,447,465]","[1015000,1185000,758000,1278000,1395000]",465,5631000
23,43,5,"[328,386,434,450,406]","[953000,1164000,1181000,1284000,1205000]",450,5787000
23,44,5,"[364,388,322,366,379]","[1039000,1172000,922000,1092000,1172000]",388,5397000
23,45,5,"[331,357,344,393,387]","[955000,1077000,993000,1176000,1194000]",393,5395000
23,46,5,"[348,385,321,363,385]","[1028000,1164000,922000,1092000,1184000]",385,5390000
23,47,5,"[455,313,191,359,503]","[1308000,941000,540000,1078000,1549000]",503,5416000
23,48,5,"[339,319,354,367,442]","[991000,962000,992000,1108000,1366000]",442,5419000
23,49,5,"[331,455,264,363,387]","[955000,1375000,755000,1092000,1194000]",455,5371000
23,50,5,"[407,390,322,374,387]","[1147000,1184000,937000,1088000,1194000]",407,5550000
23,51,5,"[333,411,323,365,393]","[965000,1220000,936000,1103000,1218000]",411,5442000
23,52,5,"[359,451,345,364,323]","[1016000,1378000,971000,1097000,992000]",451,5454000
23,53,5,"[343,327,416,374,443]","[999000,921000,1161000,1126000,1375000]",443,5582000
23,54,5,"[355,386,370,321,371]","[1033000,1168000,1084000,959000,1144000]",386,5388000
23,55,5,"[344,384,325,368,381]","[1011000,1164000,936000,1094000,1172000]",384,5377000
23,56,5,"[343,392,334,366,371]","[1013000,1155000,981000,1094000,1144000]",392,5387000
23,57,5,"[341,393,332,364,387]","[989000,1161000,981000,1094000,1194000]",393,5419000
23,58,5,"[336,379,383,374,378]","[987000,1139000,1119000,1116000,1114000]",383,5475000
23,59,5,"[357,369,279,444,371]","[1023000,1098000,806000,1334000,1144000]",444,5405000
23,60,5,"[352,395,331,367,373]","[1028000,1174000,965000,1100000,1146000]",395,5413000
23,61,5,"[346,384,407,360,471]","[1013000,1173000,1125000,1077000,1334000]",471,5722000
23,62,5,"[340,390,378,361,384]","[995000,1184000,1043000,1078000,1177000]",390,5477000
23,63,5,"[351,441,319,270,425]","[1013000,1350000,922000,799000,1300000]",441,5384000
23,64,5,"[334,448,340,369,391]","[980000,1283000,998000,1110000,1198000]",448,5569000
23,65,5,"[338,388,344,366,379]","[991000,1172000,976000,1088000,1172000]",388,5399000
24,1,5,"[286,400,381,343,394]","[830000,1229000,1158000,987000,1183000]",400,5387000
24,2,5,"[343,388,404,246,405]","[1003000,1187000,1221000,697000,1242000]",405,5350000
24,3,5,"[355,381,381,347,381]","[1034000,1170000,1158000,986000,1127000]",381,5475000
24,4,5,"[285,391,382,369,392]","[828000,1186000,1140000,1074000,1181000]",392,5409000
24,5,5,"[288,390,399,341,396]","[834000,1186000,1211000,985000,1187000]",399,5403000
24,6,5,"[341,391,402,268,398]","[1003000,1190000,1221000,764000,1207000]",402,5385000
24,7,5,"[348,384,384,344,372]","[1011000,1170000,1158000,974000,1114000]",384,5427000
24,8,5,"[285,391,382,369,392]","[828000,1186000,1140000,1074000,1181000]",392,5409000
24,9,5,"[347,383,382,353,371]","[1011000,1170000,1158000,982000,1112000]",383,5433000
24,10,5,"[348,382,382,375,344]","[1015000,1170000,1158000,1059000,1036000]",382,5438000
24,11,5,"[343,388,404,268,398]","[1003000,1187000,1221000,764000,1207000]",404,5382000
24,12,5,"[347,383,382,353,371]","[1011000,1170000,1158000,982000,1112000]",383,5433000
24,13,5,"[284,376,460,246,410]","[826000,1141000,1415000,697000,1248000]",460,5327000
24,14,5,"[262,393,395,364,395]","[763000,1194000,1207000,1055000,1187000]",395,5406000
24,15,5,"[292,284,457,315,435]","[838000,837000,1412000,899000,1356000]",457,5342000
24,16,5,"[290,393,395,341,395]","[834000,1194000,1207000,985000,1187000]",395,5407000
24,17,5,"[292,285,457,315,435]","[838000,839000,1412000,899000,1356000]",457,5344000
24,18,5,"[287,297,459,245,484]","[832000,884000,1416000,697000,1499000]",484,5328000
24,19,5,"[285,366,470,245,408]","[828000,1109000,1447000,697000,1248000]",470,5329000
24,20,5,"[286,391,382,369,392]","[830000,1186000,1140000,1074000,1181000]",392,5411000
24,21,5,"[288,332,462,349,393]","[834000,1003000,1409000,1015000,1183000]",462,5444000
24,22,5,"[285,390,448,313,392]","[828000,1186000,1343000,889000,1181000]",448,5427000
24,23,5,"[341,352,491,245,411]","[988000,1067000,1462000,697000,1256000]",491,5470000
24,24,5,"[346,347,471,274,435]","[1004000,1015000,1385000,770000,1359000]",471,5533000
24,25,5,"[314,365,474,347,401]","[898000,1063000,1455000,994000,1185000]",474,5595000
24,26,5,"[286,390,443,337,404]","[828000,1188000,1312000,947000,1240000]",443,5515000
24,27,5,"[346,358,470,286,420]","[1011000,1071000,1443000,806000,1208000]",470,5539000
24,28,5,"[288,402,389,345,393]","[834000,1234000,1170000,1005000,1183000]",402,5426000
24,29,5,"[286,319,463,371,392]","[830000,956000,1398000,1078000,1181000]",463,5443000
24,30,5,"[286,392,446,327,394]","[828000,1192000,1311000,951000,1181000]",446,5463000
24,31,5,"[312,378,457,316,432]","[890000,1029000,1415000,901000,1332000]",457,5567000
24,32,5,"[345,331,461,352,369]","[999000,998000,1403000,992000,1110000]",461,5502000
24,33,5,"[359,381,446,263,426]","[1038000,1170000,1336000,744000,1248000]",446,5536000
24,34,5,"[302,374,471,371,375]","[865000,1136000,1397000,1058000,1116000]",471,5572000
24,35,5,"[285,406,470,268,401]","[828000,1193000,1447000,764000,1211000]",470,5443000
24,36,5,"[310,319,485,369,393]","[886000,956000,1475000,1044000,1182000]",485,5543000
24,37,5,"[317,495,408,324,395]","[923000,1444000,1176000,936000,1189000]",495,5668000
24,38,5,"[337,411,461,359,460]","[952000,1191000,1404000,1021000,1277000]",461,5845000
24,39,5,"[343,325,476,410,374]","[988000,974000,1403000,1144000,1116000]",476,5625000
24,40,5,"[293,286,456,346,426]","[851000,841000,1410000,1003000,1299000]",456,5404000
24,41,5,"[366,320,471,266,402]","[1072000,956000,1448000,760000,1196000]",471,5432000
24,42,5,"[345,382,470,305,401]","[983000,1133000,1399000,874000,1199000]",470,5588000
24,43,5,"[284,399,456,347,394]","[823000,1137000,1397000,1012000,1187000]",456,5556000
24,44,5,"[297,385,463,342,392]","[864000,1148000,1383000,963000,1179000]",463,5537000
24,45,5,"[288,393,473,304,398]","[834000,1194000,1403000,866000,1195000]",473,5492000
24,46,5,"[288,402,399,343,396]","[834000,1236000,1194000,987000,1181000]",402,5432000
24,47,5,"[343,388,404,251,406]","[1003000,1187000,1221000,709000,1244000]",406,5364000
24,48,5,"[356,347,384,401,379]","[1036000,1054000,1160000,1144000,1127000]",401,5521000
24,49,5,"[285,448,345,369,392]","[828000,1345000,1025000,1074000,1181000]",448,5453000
24,50,5,"[287,390,399,372,392]","[838000,1186000,1211000,1070000,1157000]",399,5462000
24,51,5,"[341,391,375,347,398]","[1003000,1190000,1110000,979000,1207000]",398,5489000
24,52,5,"[368,387,383,368,372]","[1049000,1176000,1160000,1033000,1114000]",387,5532000
24,53,5,"[263,442,384,370,394]","[763000,1309000,1149000,1079000,1187000]",442,5487000
24,54,5,"[346,382,442,352,326]","[1011000,1170000,1343000,987000,971000]",442,5482000
24,55,5,"[348,382,382,375,344]","[1015000,1170000,1158000,1059000,1036000]",382,5438000
24,56,5,"[298,461,404,268,398]","[869000,1381000,1222000,764000,1207000]",461,5443000
24,57,5,"[347,382,384,353,382]","[1011000,1170000,1164000,992000,1132000]",384,5469000
24,58,5,"[284,376,460,289,410]","[826000,1141000,1415000,781000,1251000]",460,5414000
24,59,5,"[261,393,395,417,394]","[758000,1194000,1207000,1164000,1188000]",417,5511000
24,60,5,"[292,287,459,321,436]","[842000,846000,1416000,910000,1358000]",459,5372000
24,61,5,"[290,393,409,341,395]","[834000,1194000,1235000,985000,1187000]",409,5435000
24,62,5,"[302,285,457,315,435]","[858000,839000,1412000,899000,1356000]",457,5364000
24,63,5,"[284,294,459,245,519]","[826000,879000,1415000,697000,1578000]",519,5395000
24,64,5,"[286,366,470,245,408]","[830000,1109000,1447000,697000,1248000]",470,5331000
24,65,5,"[287,393,394,371,392]","[828000,1186000,1172000,1074000,1181000]",394,5441000
25,1,5,"[295,253,413,377,394]","[862000,768000,1264000,1157000,1186000]",413,5237000
25,2,5,"[300,252,413,425,338]","[871000,768000,1264000,1312000,1017000]",425,5232000
25,3,5,"[324,327,367,348,371]","[954000,997000,1110000,1059000,1131000]",371,5251000
25,4,5,"[297,351,368,353,369]","[870000,1077000,1106000,1068000,1131000]",369,5252000
25,5,5,"[345,361,357,362,333]","[1013000,1088000,1091000,1087000,1011000]",362,5290000
25,6,5,"[297,361,366,350,367]","[876000,1100000,1106000,1059000,1124000]",367,5265000
25,7,5,"[342,353,363,356,334]","[1008000,1087000,1119000,1058000,1009000]",363,5281000
25,8,5,"[323,363,366,361,336]","[944000,1113000,1106000,1085000,1017000]",366,5265000
25,9,5,"[331,357,364,361,333]","[975000,1092000,1106000,1083000,1009000]",364,5265000
25,10,5,"[342,361,361,356,335]","[1008000,1106000,1112000,1058000,1014000]",361,5298000
25,11,5,"[295,253,413,426,332]","[862000,768000,1264000,1312000,1005000]",426,5211000
25,12,5,"[295,253,413,426,332]","[866000,768000,1264000,1312000,1005000]",426,5215000
25,13,5,"[343,361,361,356,343]","[1010000,1100000,1112000,1060000,1026000]",361,5308000
25,14,5,"[343,361,361,356,343]","[1010000,1100000,1112000,1060000,1026000]",361,5308000
25,15,5,"[325,363,366,363,332]","[954000,1113000,1106000,1087000,1009000]",366,5269000
25,16,5,"[331,363,364,354,336]","[975000,1110000,1106000,1063000,1017000]",364,5271000
25,17,5,"[345,353,363,355,341]","[1012000,1077000,1119000,1058000,1021000]",363,5287000
25,18,5,"[344,362,362,356,336]","[1012000,1108000,1112000,1058000,1016000]",362,5306000
25,19,5,"[300,345,365,358,369]","[875000,1059000,1106000,1085000,1131000]",369,5256000
25,20,5,"[272,365,364,380,361]","[789000,1120000,1106000,1155000,1084000]",380,5254000
25,21,5,"[324,367,439,382,332]","[957000,1068000,1319000,1117000,1009000]",439,5470000
25,22,5,"[334,356,502,356,336]","[959000,1017000,1467000,1081000,1013000]",502,5537000
25,23,5,"[345,361,356,360,336]","[1013000,1088000,1091000,1085000,1020000]",361,5297000
25,24,5,"[381,347,474,354,332]","[1098000,999000,1446000,1023000,1005000]",474,5571000
25,25,5,"[339,344,487,368,332]","[978000,982000,1466000,1083000,1005000]",487,5514000
25,26,5,"[297,401,410,366,334]","[870000,1177000,1251000,1090000,1013000]",410,5401000
25,27,5,"[295,315,441,376,332]","[862000,959000,1323000,1151000,1009000]",441,5304000
25,28,5,"[323,340,455,350,342]","[949000,961000,1399000,1061000,1028000]",455,5398000
25,29,5,"[338,368,438,346,330]","[976000,1099000,1323000,1025000,1005000]",438,5428000
25,30,5,"[318,379,361,359,343]","[942000,1150000,1112000,1064000,1024000]",379,5292000
25,31,5,"[313,319,455,360,338]","[902000,950000,1391000,1086000,1013000]",455,5342000
25,32,5,"[328,315,436,379,333]","[954000,921000,1325000,1157000,1010000]",436,5367000
25,33,5,"[321,343,481,355,336]","[938000,980000,1458000,1058000,1011000]",481,5445000
25,34,5,"[307,355,500,361,332]","[905000,1013000,1471000,1083000,1005000]",500,5477000
25,35,5,"[322,417,401,368,341]","[952000,1236000,1204000,1073000,1034000]",417,5499000
25,36,5,"[297,320,455,348,341]","[872000,955000,1399000,1059000,1024000]",455,5309000
25,37,5,"[309,376,437,376,335]","[909000,1045000,1327000,1151000,1014000]",437,5446000
25,38,5,"[349,363,500,348,332]","[1022000,1038000,1471000,1025000,1005000]",500,5561000
25,39,5,"[323,357,437,367,372]","[944000,995000,1325000,1110000,1110000]",437,5484000
25,40,5,"[323,346,484,355,339]","[944000,989000,1460000,1058000,1018000]",484,5469000
25,41,5,"[297,320,364,377,418]","[876000,955000,1118000,1157000,1240000]",418,5346000
25,42,5,"[351,382,436,346,332]","[1047000,1067000,1340000,1025000,1010000]",436,5489000
25,43,5,"[323,404,442,377,338]","[952000,1171000,1325000,1080000,1021000]",442,5549000
25,44,5,"[323,372,365,358,339]","[951000,1136000,1119000,1064000,1017000]",372,5287000
25,45,5,"[323,359,510,361,330]","[955000,1009000,1506000,1079000,1005000]",510,5554000
25,46,5,"[300,252,417,377,410]","[882000,768000,1264000,1157000,1222000]",417,5293000
25,47,5,"[298,278,413,428,369]","[868000,801000,1264000,1312000,1092000]",428,5337000
25,48,5,"[350,327,367,348,376]","[1011000,997000,1110000,1059000,1141000]",376,5318000
25,49,5,"[299,354,364,348,399]","[880000,1087000,1106000,1059000,1200000]",399,5332000
25,50,5,"[379,364,359,358,305]","[1115000,1093000,1091000,1085000,928000]",379,5312000
25,51,5,"[298,402,365,348,334]","[871000,1227000,1108000,1059000,1013000]",402,5278000
25,52,5,"[342,353,308,425,334]","[1008000,1087000,937000,1268000,1009000]",425,5309000
25,53,5,"[320,373,366,356,336]","[952000,1141000,1106000,1073000,1017000]",373,5289000
25,54,5,"[330,360,396,380,332]","[975000,1098000,1155000,1134000,1009000]",396,5371000
25,55,5,"[345,270,362,436,336]","[1020000,825000,1112000,1315000,1016000]",436,5288000
25,56,5,"[300,252,415,425,348]","[882000,768000,1264000,1312000,1041000]",425,5267000
25,57,5,"[443,254,416,462,334]","[1234000,768000,1270000,1308000,1007000]",462,5587000
25,58,5,"[345,433,364,361,342]","[1012000,1293000,1127000,1028000,1024000]",433,5484000
25,59,5,"[346,458,366,359,285]","[1023000,1350000,1121000,1060000,855000]",458,5409000
25,60,5,"[328,363,318,423,335]","[971000,1113000,952000,1271000,1024000]",423,5331000
25,61,5,"[330,363,373,352,348]","[975000,1110000,1122000,1063000,1041000]",373,5311000
25,62,5,"[346,388,364,355,339]","[1016000,1162000,1119000,1058000,1021000]",388,5376000
25,63,5,"[344,395,363,355,337]","[1012000,1181000,1116000,1058000,1003000]",395,5370000
25,64,5,"[273,412,365,358,369]","[792000,1219000,1106000,1085000,1131000]",412,5333000
25,65,5,"[252,365,364,380,391]","[738000,1120000,1106000,1155000,1174000]",391,5293000
26,1,5,"[358,362,333,364,357]","[1082000,1108000,973000,1097000,1066000]",364,5326000
26,2,5,"[360,352,333,364,367]","[1082000,1076000,973000,1097000,1094000]",367,5322000
26,3,5,"[360,352,333,364,367]","[1082000,1076000,973000,1097000,1094000]",367,5322000
26,4,5,"[360,352,332,364,367]","[1082000,1076000,973000,1097000,1094000]",367,5322000
26,5,5,"[361,350,365,368,329]","[1082000,1076000,1071000,1101000,988000]",368,5318000
26,6,5,"[358,344,333,364,371]","[1082000,1048000,973000,1097000,1118000]",371,5318000
26,7,5,"[358,341,332,364,372]","[1082000,1033000,973000,1097000,1131000]",372,5316000
26,8,5,"[358,341,333,364,372]","[1082000,1033000,973000,1097000,1131000]",372,5316000
26,9,5,"[305,388,309,374,374]","[916000,1191000,895000,1141000,1129000]",388,5272000
26,10,5,"[358,344,332,364,371]","[1082000,1048000,973000,1097000,1118000]",371,5318000
26,11,5,"[313,384,309,374,374]","[934000,1177000,895000,1141000,1129000]",384,5276000
26,12,5,"[321,374,316,374,374]","[969000,1142000,906000,1141000,1129000]",374,5287000
26,13,5,"[313,387,279,396,366]","[934000,1192000,811000,1209000,1116000]",396,5262000
26,14,5,"[305,399,279,396,359]","[916000,1234000,811000,1209000,1088000]",399,5258000
26,15,5,"[313,395,279,396,359]","[934000,1220000,811000,1209000,1088000]",396,5262000
26,16,5,"[305,391,279,397,370]","[916000,1206000,811000,1211000,1116000]",397,5260000
26,17,5,"[305,399,281,396,362]","[916000,1234000,813000,1209000,1088000]",399,5260000
26,18,5,"[314,388,279,397,370]","[939000,1194000,811000,1211000,1116000]",397,5271000
26,19,5,"[321,374,316,374,374]","[969000,1142000,907000,1141000,1129000]",374,5288000
26,20,5,"[313,387,309,376,370]","[934000,1192000,895000,1141000,1116000]",387,5278000
26,21,5,"[311,397,355,367,355]","[934000,1220000,1021000,1097000,1061000]",397,5333000
26,22,5,"[305,470,279,396,359]","[916000,1378000,811000,1209000,1088000]",470,5402000
26,23,5,"[311,395,335,364,364]","[934000,1220000,980000,1097000,1094000]",395,5325000
26,24,5,"[313,395,279,396,366]","[934000,1220000,811000,1209000,1092000]",396,5266000
26,25,5,"[311,389,336,364,384]","[934000,1199000,973000,1097000,1146000]",389,5349000
26,26,5,"[358,380,337,353,416]","[1082000,1141000,987000,1005000,1249000]",416,5464000
26,27,5,"[305,444,335,367,361]","[916000,1336000,978000,1097000,1072000]",444,5399000
26,28,5,"[311,399,340,364,364]","[934000,1240000,981000,1097000,1094000]",399,5346000
26,29,5,"[311,390,350,369,363]","[934000,1207000,1016000,1099000,1089000]",390,5345000
26,30,5,"[305,435,285,401,372]","[916000,1293000,834000,1215000,1133000]",435,5391000
26,31,5,"[305,391,291,397,370]","[916000,1206000,837000,1211000,1118000]",397,5288000
26,32,5,"[305,388,279,397,370]","[916000,1191000,811000,1211000,1133000]",397,5262000
26,33,5,"[306,398,318,375,388]","[916000,1207000,917000,1146000,1163000]",398,5349000
26,34,5,"[359,386,335,364,358]","[1082000,1160000,979000,1097000,1070000]",386,5388000
26,35,5,"[362,344,372,364,369]","[1097000,1025000,1092000,1097000,1113000]",372,5424000
26,36,5,"[358,352,334,367,390]","[1072000,1086000,975000,1112000,1155000]",390,5400000
26,37,5,"[361,422,337,366,366]","[1088000,1222000,988000,1097000,1096000]",422,5491000
26,38,5,"[358,398,368,366,327]","[1082000,1172000,1077000,1107000,984000]",398,5422000
26,39,5,"[358,430,333,404,374]","[1082000,1276000,973000,1132000,1132000]",430,5595000
26,40,5,"[358,338,335,364,403]","[1082000,997000,978000,1097000,1229000]",403,5383000
26,41,5,"[398,341,333,364,372]","[1162000,1033000,973000,1097000,1131000]",398,5396000
26,42,5,"[306,386,310,433,368]","[921000,1148000,900000,1296000,1129000]",433,5394000
26,43,5,"[361,357,332,364,373]","[1084000,1076000,973000,1097000,1118000]",373,5348000
26,44,5,"[313,454,309,379,373]","[934000,1325000,900000,1145000,1131000]",454,5435000
26,45,5,"[288,372,314,378,480]","[867000,1138000,901000,1152000,1386000]",480,5444000
26,46,5,"[305,393,279,396,366]","[916000,1216000,811000,1209000,1116000]",396,5268000
26,47,5,"[305,399,248,396,408]","[916000,1234000,710000,1209000,1221000]",408,5290000
26,48,5,"[313,395,315,396,361]","[934000,1220000,879000,1209000,1098000]",396,5340000
26,49,5,"[305,458,280,401,371]","[916000,1342000,818000,1217000,1118000]",458,5411000
26,50,5,"[307,400,305,403,364]","[918000,1234000,861000,1222000,1096000]",403,5331000
26,51,5,"[380,388,280,397,410]","[1087000,1194000,813000,1214000,1181000]",410,5489000
26,52,5,"[323,379,315,484,292]","[969000,1164000,909000,1451000,884000]",484,5377000
26,53,5,"[311,387,356,375,328]","[934000,1192000,1040000,1146000,990000]",387,5302000
27,1,5,"[378,262,387,388,372]","[1134000,752000,1190000,1172000,1102000]",388,5350000
27,2,5,"[375,338,371,354,364]","[1131000,1010000,1118000,1033000,1087000]",375,5379000
27,3,5,"[378,262,415,350,369]","[1136000,752000,1282000,1058000,1098000]",415,5326000
27,4,5,"[376,331,379,353,351]","[1122000,990000,1162000,1027000,1053000]",379,5354000
27,5,5,"[375,338,371,354,364]","[1131000,1010000,1118000,1033000,1087000]",375,5379000
27,6,5,"[379,268,452,310,360]","[1138000,773000,1401000,933000,1059000]",452,5304000
27,7,5,"[385,263,389,376,370]","[1159000,752000,1190000,1139000,1100000]",389,5340000
27,8,5,"[375,329,377,351,361]","[1131000,977000,1141000,1027000,1082000]",377,5358000
27,9,5,"[376,340,375,356,351]","[1122000,1023000,1139000,1033000,1051000]",376,5368000
27,10,5,"[376,331,379,353,351]","[1122000,990000,1162000,1027000,1053000]",379,5354000
27,11,5,"[379,268,452,310,360]","[1138000,773000,1401000,933000,1059000]",452,5304000
27,12,5,"[375,329,377,351,361]","[1131000,977000,1141000,1027000,1082000]",377,5358000
27,13,5,"[379,263,416,352,362]","[1136000,752000,1284000,1058000,1078000]",416,5308000
27,14,5,"[393,262,387,383,360]","[1165000,752000,1185000,1157000,1080000]",393,5339000
27,15,5,"[376,340,375,356,351]","[1122000,1023000,1139000,1033000,1053000]",376,5370000
27,16,5,"[376,340,375,356,351]","[1122000,1023000,1139000,1033000,1053000]",376,5370000
27,17,5,"[379,268,452,310,360]","[1138000,773000,1401000,933000,1064000]",452,5309000
27,18,5,"[375,329,377,351,361]","[1131000,977000,1145000,1027000,1082000]",377,5362000
27,19,5,"[385,263,389,376,371]","[1159000,752000,1190000,1139000,1102000]",389,5342000
27,20,5,"[379,263,416,356,362]","[1136000,752000,1284000,1066000,1078000]",416,5316000
27,21,5,"[387,265,418,365,361]","[1159000,757000,1288000,1079000,1080000]",418,5363000
27,22,5,"[383,330,434,310,351]","[1125000,979000,1302000,933000,1051000]",434,5390000
27,23,5,"[377,263,452,311,371]","[1134000,752000,1401000,935000,1102000]",452,5324000
27,24,5,"[390,262,425,380,363]","[1165000,752000,1271000,1145000,1095000]",425,5428000
27,25,5,"[376,264,455,344,365]","[1134000,756000,1381000,1030000,1086000]",455,5387000
27,26,5,"[376,330,433,323,351]","[1131000,979000,1298000,941000,1053000]",433,5402000
27,27,5,"[385,263,459,309,366]","[1142000,752000,1411000,933000,1097000]",459,5335000
27,28,5,"[389,267,383,401,377]","[1167000,752000,1166000,1190000,1122000]",401,5397000
27,29,5,"[383,310,379,351,390]","[1146000,900000,1162000,1029000,1185000]",390,5422000
27,30,5,"[375,334,373,384,360]","[1122000,1005000,1099000,1146000,1071000]",384,5443000
27,31,5,"[385,328,449,322,358]","[1163000,962000,1355000,935000,1063000]",449,5478000
27,32,5,"[385,268,454,316,358]","[1159000,773000,1401000,937000,1059000]",454,5329000
27,33,5,"[375,340,371,356,364]","[1122000,1023000,1118000,1038000,1087000]",375,5388000
27,34,5,"[380,290,380,351,422]","[1140000,850000,1149000,1029000,1267000]",422,5435000
27,35,5,"[387,334,380,353,358]","[1126000,993000,1162000,1040000,1070000]",387,5391000
27,36,5,"[378,262,415,354,369]","[1136000,752000,1282000,1066000,1098000]",415,5334000
27,37,5,"[375,338,371,354,364]","[1131000,1010000,1118000,1033000,1087000]",375,5379000
27,38,5,"[378,262,387,398,367]","[1134000,752000,1190000,1190000,1097000]",398,5363000
27,39,5,"[377,262,452,311,368]","[1134000,752000,1401000,935000,1091000]",452,5313000
27,40,5,"[365,262,414,387,364]","[1095000,752000,1256000,1162000,1091000]",414,5356000
27,41,5,"[379,268,452,310,360]","[1138000,773000,1401000,933000,1074000]",452,5319000
27,42,5,"[375,331,377,353,361]","[1122000,990000,1141000,1032000,1082000]",377,5367000
27,43,5,"[380,339,376,350,363]","[1132000,1013000,1146000,1027000,1082000]",380,5400000
27,44,5,"[379,285,446,363,354]","[1127000,826000,1339000,1073000,1057000]",446,5422000
27,45,5,"[387,331,382,366,361]","[1127000,987000,1153000,1073000,1078000]",387,5418000
27,46,5,"[377,239,492,388,374]","[1134000,675000,1427000,1172000,1106000]",492,5514000
27,47,5,"[401,338,371,403,364]","[1177000,1010000,1124000,1132000,1091000]",403,5534000
27,48,5,"[378,262,415,350,369]","[1136000,752000,1282000,1058000,1098000]",415,5326000
27,49,5,"[440,330,382,353,353]","[1257000,990000,1177000,1027000,1055000]",440,5506000
27,50,5,"[350,341,373,417,366]","[1048000,1030000,1126000,1187000,1091000]",417,5482000
27,51,5,"[380,269,449,334,353]","[1136000,773000,1376000,992000,1057000]",449,5334000
27,52,5,"[385,263,318,473,370]","[1159000,752000,955000,1422000,1100000]",473,5388000
27,53,5,"[439,329,315,351,361]","[1329000,977000,953000,1027000,1082000]",439,5368000
27,54,5,"[481,339,379,352,352]","[1334000,1023000,1147000,1027000,1056000]",481,5587000
27,55,5,"[377,333,379,307,399]","[1122000,990000,1162000,892000,1192000]",399,5358000
27,56,5,"[380,250,503,314,355]","[1140000,699000,1532000,935000,1057000]",503,5363000
27,57,5,"[377,330,350,352,468]","[1135000,977000,1016000,1027000,1371000]",468,5526000
27,58,5,"[425,263,416,350,360]","[1230000,752000,1284000,1060000,1076000]",425,5402000
27,59,5,"[394,290,381,386,363]","[1189000,831000,1145000,1163000,1095000]",394,5423000
27,60,5,"[375,340,380,353,363]","[1122000,1023000,1149000,1032000,1075000]",380,5401000
27,61,5,"[377,340,375,384,351]","[1114000,1023000,1139000,1101000,1053000]",384,5430000
27,62,5,"[377,268,454,310,406]","[1134000,773000,1403000,933000,1163000]",454,5406000
27,63,5,"[375,329,373,405,361]","[1131000,977000,1085000,1183000,1082000]",405,5458000
27,64,5,"[383,263,387,407,371]","[1159000,752000,1190000,1198000,1102000]",407,5401000
27,65,5,"[379,373,416,356,373]","[1136000,1015000,1284000,1069000,1058000]",416,5562000
28,1,5,"[373,349,340,357,353]","[1115000,1049000,1000000,1065000,1092000]",373,5321000
28,2,5,"[373,348,326,354,371]","[1115000,1047000,954000,1059000,1146000]",373,5321000
28,3,5,"[373,349,340,357,353]","[1115000,1049000,1000000,1065000,1092000]",373,5321000
28,4,5,"[373,272,268,348,471]","[1115000,820000,782000,1050000,1488000]",471,5255000
28,5,5,"[374,364,303,342,374]","[1115000,1086000,893000,1020000,1177000]",374,5291000
28,6,5,"[375,346,306,348,375]","[1115000,1036000,897000,1043000,1182000]",375,5273000
28,7,5,"[375,302,306,380,375]","[1115000,912000,898000,1148000,1182000]",380,5255000
28,8,5,"[376,307,304,380,374]","[1120000,928000,893000,1148000,1177000]",380,5266000
28,9,5,"[375,302,306,382,374]","[1115000,919000,897000,1148000,1177000]",382,5256000
28,10,5,"[375,344,304,348,375]","[1115000,1036000,898000,1045000,1182000]",375,5276000
28,11,5,"[375,346,306,348,375]","[1115000,1036000,898000,1045000,1182000]",375,5276000
28,12,5,"[373,348,343,354,353]","[1115000,1047000,1009000,1059000,1092000]",373,5322000
28,13,5,"[374,364,308,340,374]","[1115000,1086000,897000,1020000,1177000]",374,5295000
28,14,5,"[374,364,306,342,374]","[1115000,1086000,897000,1020000,1177000]",374,5295000
28,15,5,"[376,304,306,383,374]","[1120000,923000,897000,1148000,1177000]",383,5265000
28,16,5,"[373,272,270,348,471]","[1115000,820000,786000,1050000,1488000]",471,5259000
28,17,5,"[376,304,305,383,374]","[1120000,923000,897000,1148000,1177000]",383,5265000
28,18,5,"[376,346,306,348,376]","[1119000,1036000,893000,1045000,1184000]",376,5277000
28,19,5,"[375,346,306,348,374]","[1115000,1043000,897000,1045000,1177000]",375,5277000
28,20,5,"[374,349,306,357,374]","[1115000,1049000,897000,1064000,1177000]",374,5302000
28,21,5,"[375,346,306,348,375]","[1115000,1036000,897000,1043000,1182000]",375,5273000
28,22,5,"[373,302,330,472,431]","[1115000,919000,927000,1352000,1287000]",472,5600000
28,23,5,"[373,315,318,367,432]","[1115000,909000,927000,1103000,1355000]",432,5409000
28,24,5,"[375,302,306,315,495]","[1115000,919000,897000,928000,1491000]",495,5350000
28,25,5,"[375,365,345,370,353]","[1115000,1097000,1014000,1074000,1092000]",375,5392000
28,26,5,"[374,350,314,382,374]","[1115000,1043000,900000,1124000,1177000]",382,5359000
28,27,5,"[374,378,312,377,374]","[1115000,1113000,900000,1104000,1177000]",378,5409000
28,28,5,"[376,366,336,350,376]","[1120000,1068000,969000,1054000,1181000]",376,5392000
28,29,5,"[373,315,301,325,504]","[1115000,942000,883000,942000,1522000]",504,5404000
28,30,5,"[378,380,356,350,378]","[1120000,1119000,988000,1050000,1191000]",380,5468000
28,31,5,"[376,350,314,382,376]","[1119000,1041000,900000,1124000,1187000]",382,5371000
28,32,5,"[373,350,304,351,379]","[1115000,1044000,898000,1053000,1182000]",379,5292000
28,33,5,"[373,349,346,357,373]","[1115000,1049000,1019000,1064000,1136000]",373,5383000
28,34,5,"[375,339,304,354,375]","[1120000,1017000,898000,1066000,1182000]",375,5283000
28,35,5,"[378,367,336,350,378]","[1120000,1065000,969000,1050000,1191000]",378,5395000
28,36,5,"[373,337,320,412,429]","[1115000,970000,913000,1188000,1350000]",429,5536000
28,37,5,"[377,379,310,348,378]","[1119000,1136000,875000,1050000,1188000]",379,5368000
28,38,5,"[377,367,304,342,377]","[1119000,1088000,898000,1018000,1183000]",377,5306000
28,39,5,"[375,356,342,362,362]","[1115000,1063000,1010000,1073000,1114000]",375,5375000
28,40,5,"[374,364,306,367,374]","[1115000,1082000,897000,1076000,1177000]",374,5347000
28,41,5,"[373,305,327,328,491]","[1115000,925000,946000,943000,1493000]",491,5422000
28,42,5,"[376,306,304,364,455]","[1119000,917000,883000,1056000,1395000]",455,5370000
28,43,5,"[377,298,300,364,489]","[1115000,881000,866000,1084000,1495000]",489,5441000
28,44,5,"[378,364,337,348,378]","[1120000,1057000,977000,1043000,1188000]",378,5385000
28,45,5,"[375,346,306,348,402]","[1115000,1043000,897000,1045000,1227000]",402,5327000
28,46,5,"[373,347,340,380,353]","[1115000,1043000,1000000,1111000,1092000]",380,5361000
28,47,5,"[375,307,326,412,369]","[1115000,915000,954000,1224000,1146000]",412,5354000
28,48,5,"[438,349,399,359,354]","[1249000,1049000,1121000,1075000,1092000]",438,5586000
28,49,5,"[399,269,268,370,470]","[1173000,814000,782000,1088000,1483000]",470,5340000
28,50,5,"[304,363,303,417,374]","[887000,1086000,893000,1260000,1177000]",417,5303000
28,51,5,"[375,424,306,348,375]","[1117000,1196000,897000,1043000,1182000]",424,5435000
28,52,5,"[373,306,304,418,379]","[1115000,918000,898000,1223000,1187000]",418,5341000
28,53,5,"[383,340,303,380,374]","[1121000,991000,893000,1143000,1177000]",383,5325000
28,54,5,"[377,304,404,382,327]","[1120000,919000,1159000,1163000,1023000]",404,5384000
28,55,5,"[377,344,304,363,377]","[1115000,1036000,898000,1071000,1182000]",377,5302000
28,56,5,"[376,313,303,389,376]","[1115000,914000,898000,1183000,1187000]",389,5297000
28,57,5,"[373,346,374,395,353]","[1115000,1043000,1065000,1144000,1092000]",395,5459000
28,58,5,"[374,421,306,340,360]","[1115000,1256000,897000,1020000,1095000]",421,5383000
28,59,5,"[374,367,306,377,374]","[1115000,1084000,897000,1090000,1175000]",377,5361000
28,60,5,"[377,306,308,385,377]","[1115000,923000,907000,1150000,1183000]",385,5278000
28,61,5,"[399,269,270,370,470]","[1173000,814000,786000,1088000,1483000]",470,5344000
28,62,5,"[392,307,304,380,373]","[1151000,928000,892000,1143000,1175000]",392,5289000
28,63,5,"[447,348,302,348,380]","[1320000,1043000,883000,1045000,1140000]",447,5431000
28,64,5,"[375,372,306,391,375]","[1115000,1068000,897000,1161000,1182000]",391,5423000
28,65,5,"[378,352,309,421,378]","[1120000,1055000,912000,1233000,1139000]",421,5459000
29,1,5,"[323,371,372,371,371]","[970000,1098000,1109000,1102000,1097000]",372,5376000
29,2,5,"[359,370,350,371,369]","[1066000,1112000,1033000,1104000,1099000]",371,5414000
29,3,5,"[323,373,365,370,373]","[970000,1098000,1096000,1102000,1097000]",373,5363000
29,4,5,"[296,348,381,381,371]","[892000,1030000,1137000,1153000,1110000]",381,5322000
29,5,5,"[296,346,379,379,378]","[892000,1020000,1135000,1153000,1124000]",379,5324000
29,6,5,"[309,295,326,417,422]","[930000,846000,982000,1275000,1278000]",422,5311000
29,7,5,"[296,346,379,379,378]","[892000,1020000,1135000,1153000,1124000]",379,5324000
29,8,5,"[298,346,379,379,378]","[896000,1020000,1135000,1153000,1124000]",379,5328000
29,9,5,"[308,352,364,383,369]","[922000,1044000,1097000,1153000,1110000]",383,5326000
29,10,5,"[298,348,381,381,371]","[896000,1030000,1137000,1153000,1110000]",381,5326000
29,11,5,"[323,373,365,370,373]","[970000,1102000,1096000,1102000,1099000]",373,5369000
29,12,5,"[328,371,372,371,371]","[977000,1098000,1109000,1102000,1097000]",372,5383000
29,13,5,"[309,293,331,416,425]","[930000,843000,990000,1281000,1278000]",425,5322000
29,14,5,"[309,267,333,415,456]","[930000,763000,990000,1271000,1371000]",456,5325000
29,15,5,"[301,346,379,379,378]","[902000,1020000,1135000,1153000,1124000]",379,5334000
29,16,5,"[309,270,358,412,430]","[930000,761000,1071000,1271000,1294000]",430,5327000
29,17,5,"[328,373,365,370,373]","[977000,1098000,1096000,1102000,1097000]",373,5370000
29,18,5,"[299,348,381,381,371]","[895000,1030000,1140000,1153000,1110000]",381,5328000
29,19,5,"[346,351,380,334,369]","[1037000,1030000,1137000,1018000,1110000]",380,5332000
29,20,5,"[306,350,368,382,372]","[924000,1027000,1108000,1153000,1117000]",382,5329000
29,21,5,"[316,348,381,381,371]","[932000,1030000,1137000,1153000,1110000]",381,5362000
29,22,5,"[322,334,408,406,412]","[965000,971000,1197000,1196000,1226000]",412,5555000
29,23,5,"[312,350,368,382,372]","[936000,1027000,1108000,1153000,1117000]",382,5341000
29,24,5,"[308,357,384,384,374]","[898000,1062000,1145000,1168000,1124000]",384,5397000
29,25,5,"[308,330,364,432,376]","[922000,944000,1095000,1304000,1130000]",432,5395000
29,26,5,"[296,296,403,423,437]","[892000,845000,1187000,1250000,1315000]",437,5489000
29,27,5,"[322,295,408,432,405]","[965000,853000,1197000,1269000,1217000]",432,5501000
29,28,5,"[301,348,381,381,371]","[899000,1030000,1140000,1153000,1110000]",381,5332000
29,29,5,"[310,289,415,430,381]","[926000,834000,1226000,1294000,1152000]",430,5432000
29,30,5,"[311,345,369,387,404]","[925000,1000000,1113000,1152000,1203000]",404,5393000
29,31,5,"[427,296,407,402,430]","[1253000,857000,1197000,1179000,1232000]",430,5718000
29,32,5,"[308,357,364,384,374]","[922000,1046000,1100000,1158000,1124000]",384,5350000
29,33,5,"[323,295,386,429,374]","[970000,848000,1139000,1307000,1126000]",429,5390000
29,34,5,"[352,352,350,424,375]","[1034000,1044000,1006000,1283000,1110000]",424,5477000
29,35,5,"[314,298,383,438,381]","[934000,861000,1131000,1342000,1135000]",438,5403000
29,36,5,"[323,352,361,381,371]","[970000,1037000,1095000,1132000,1117000]",381,5351000
29,37,5,"[402,334,353,451,411]","[1176000,960000,1039000,1304000,1198000]",451,5677000
29,38,5,"[292,318,421,431,371]","[878000,924000,1234000,1297000,1110000]",431,5443000
29,39,5,"[309,341,327,412,481]","[930000,979000,958000,1224000,1430000]",481,5521000
29,40,5,"[328,341,353,439,371]","[989000,988000,1040000,1322000,1117000]",439,5456000
29,41,5,"[298,360,414,448,378]","[896000,1042000,1212000,1301000,1130000]",448,5581000
29,42,5,"[296,338,449,377,370]","[892000,998000,1329000,1118000,1110000]",449,5447000
29,43,5,"[291,377,380,386,371]","[864000,1114000,1141000,1162000,1110000]",386,5391000
29,44,5,"[312,341,409,438,405]","[935000,1000000,1197000,1237000,1221000]",438,5590000
29,45,5,"[365,389,409,413,376]","[1084000,1102000,1195000,1186000,1110000]",413,5677000
29,46,5,"[324,367,375,389,367]","[975000,1098000,1115000,1135000,1097000]",389,5420000
29,47,5,"[361,371,354,324,446]","[1066000,1120000,1050000,948000,1315000]",446,5499000
29,48,5,"[368,375,368,384,376]","[1087000,1102000,1102000,1100000,1103000]",384,5494000
29,49,5,"[314,350,379,413,369]","[922000,1030000,1137000,1236000,1110000]",413,5435000
29,50,5,"[269,347,377,492,377]","[811000,1022000,1135000,1406000,1124000]",492,5498000
29,51,5,"[334,295,340,415,424]","[957000,846000,1027000,1286000,1278000]",424,5394000
29,52,5,"[296,430,382,382,366]","[892000,1251000,1150000,1159000,1047000]",430,5499000
29,53,5,"[327,346,368,379,377]","[987000,1020000,1104000,1148000,1124000]",379,5383000
29,54,5,"[308,352,379,385,369]","[922000,1044000,1127000,1153000,1110000]",385,5356000
29,55,5,"[357,348,378,416,369]","[1029000,1030000,1137000,1211000,1110000]",416,5517000
29,56,5,"[322,369,367,391,372]","[965000,1102000,1096000,1145000,1099000]",391,5407000
29,57,5,"[330,373,371,404,376]","[987000,1098000,1104000,1170000,1097000]",404,5456000
29,58,5,"[309,291,371,418,425]","[930000,838000,1115000,1281000,1228000]",425,5392000
29,59,5,"[405,264,335,416,413]","[1180000,757000,1010000,1271000,1229000]",416,5447000
29,60,5,"[301,402,384,376,374]","[902000,1132000,1145000,1148000,1124000]",402,5451000
29,61,5,"[309,270,364,412,430]","[930000,761000,1079000,1271000,1294000]",430,5335000
29,62,5,"[473,372,370,376,303]","[1351000,1100000,1101000,1123000,879000]",473,5554000
29,63,5,"[299,348,381,381,371]","[895000,1030000,1137000,1153000,1110000]",381,5325000
29,64,5,"[346,273,380,335,484]","[1037000,773000,1139000,1018000,1439000]",484,5406000
29,65,5,"[275,352,419,382,372]","[829000,1027000,1252000,1153000,1117000]",419,5378000
30,1,5,"[365,367,384,424,320]","[1015000,1109000,1191000,1232000,948000]",424,5495000
30,2,5,"[363,396,384,399,315]","[1013000,1188000,1191000,1161000,942000]",399,5495000
30,3,5,"[366,368,385,361,386]","[1018000,1114000,1193000,1037000,1145000]",386,5507000
30,4,5,"[355,367,384,429,320]","[990000,1109000,1191000,1251000,948000]",429,5489000
30,5,5,"[316,406,441,370,317]","[878000,1235000,1361000,1057000,946000]",441,5477000
30,6,5,"[238,293,323,486,491]","[681000,879000,904000,1446000,1529000]",491,5439000
30,7,5,"[365,367,384,424,320]","[1015000,1109000,1191000,1232000,948000]",424,5495000
30,8,5,"[302,293,320,410,493]","[878000,879000,898000,1213000,1546000]",493,5414000
30,9,5,"[299,291,346,485,420]","[870000,879000,965000,1441000,1302000]",485,5457000
30,10,5,"[363,396,384,399,315]","[1013000,1194000,1191000,1155000,942000]",399,5495000
30,11,5,"[314,400,439,384,315]","[874000,1198000,1361000,1106000,942000]",439,5481000
30,12,5,"[299,291,346,396,492]","[870000,879000,965000,1170000,1541000]",492,5425000
30,13,5,"[304,293,282,381,532]","[876000,879000,795000,1128000,1673000]",532,5351000
30,14,5,"[378,396,384,388,315]","[1055000,1188000,1191000,1130000,942000]",396,5506000
30,15,5,"[378,396,384,388,315]","[1055000,1194000,1191000,1124000,942000]",396,5506000
30,16,5,"[173,322,221,489,598]","[487000,964000,613000,1446000,1867000]",598,5377000
30,17,5,"[318,396,439,384,315]","[882000,1188000,1361000,1114000,942000]",439,5487000
30,18,5,"[238,293,323,413,552]","[681000,879000,904000,1219000,1732000]",552,5415000
30,19,5,"[316,398,441,383,315]","[874000,1188000,1361000,1114000,942000]",441,5479000
30,20,5,"[367,367,437,422,267]","[1021000,1109000,1351000,1228000,786000]",437,5495000
30,21,5,"[378,287,321,403,511]","[1083000,843000,888000,1196000,1586000]",511,5596000
30,22,5,"[337,323,502,389,399]","[938000,958000,1523000,1147000,1145000]",502,5711000
30,23,5,"[572,294,301,408,490]","[1723000,866000,829000,1209000,1287000]",572,5914000
30,24,5,"[365,367,449,399,318]","[1015000,1109000,1342000,1161000,948000]",449,5575000
30,25,5,"[399,255,488,400,449]","[1076000,753000,1441000,1181000,1321000]",488,5772000
30,26,5,"[313,406,503,393,394]","[872000,1137000,1522000,1155000,1127000]",503,5813000
30,27,5,"[293,345,337,377,549]","[829000,1014000,950000,1073000,1709000]",549,5575000
30,28,5,"[600,288,301,385,441]","[1782000,850000,825000,1083000,1266000]",600,5806000
30,29,5,"[509,292,296,499,481]","[1504000,841000,821000,1433000,1345000]",509,5944000
30,30,5,"[346,250,517,489,378]","[965000,740000,1565000,1391000,1076000]",517,5737000
30,31,5,"[318,326,503,377,422]","[888000,964000,1522000,1087000,1219000]",503,5680000
30,32,5,"[364,392,451,401,314]","[1015000,1159000,1347000,1165000,940000]",451,5626000
30,33,5,"[336,387,501,461,392]","[889000,1105000,1518000,1289000,1120000]",501,5921000
30,34,5,"[427,280,516,480,356]","[1211000,784000,1563000,1332000,1009000]",516,5899000
30,35,5,"[521,276,330,451,520]","[1468000,816000,905000,1342000,1451000]",521,5982000
30,36,5,"[368,368,355,513,318]","[1033000,1111000,1076000,1465000,944000]",513,5629000
30,37,5,"[354,353,501,384,314]","[984000,1045000,1518000,1113000,940000]",501,5600000
30,38,5,"[397,252,475,444,474]","[1063000,744000,1358000,1326000,1395000]",475,5886000
30,39,5,"[437,257,506,429,397]","[1234000,736000,1534000,1212000,1148000]",506,5864000
30,40,5,"[496,259,405,486,393]","[1424000,755000,1188000,1386000,1125000]",496,5878000
30,41,5,"[321,365,281,476,462]","[898000,1047000,799000,1410000,1447000]",476,5601000
30,42,5,"[314,406,449,408,315]","[874000,1235000,1348000,1170000,940000]",449,5567000
30,43,5,"[330,329,512,449,427]","[913000,970000,1517000,1270000,1208000]",512,5878000
30,44,5,"[314,398,497,383,315]","[870000,1192000,1477000,1114000,945000]",497,5598000
30,45,5,"[500,289,297,443,499]","[1386000,843000,825000,1327000,1454000]",500,5835000
30,46,5,"[424,368,385,422,277]","[1193000,1114000,1193000,1228000,818000]",424,5546000
30,47,5,"[374,396,384,362,411]","[1043000,1188000,1191000,1056000,1160000]",411,5638000
30,48,5,"[368,370,387,385,394]","[1019000,1118000,1206000,1118000,1135000]",394,5596000
30,49,5,"[357,369,384,427,358]","[992000,1109000,1191000,1247000,1028000]",427,5567000
30,50,5,"[317,406,442,328,388]","[880000,1235000,1376000,932000,1129000]",442,5552000
30,51,5,"[238,303,348,485,490]","[683000,884000,969000,1444000,1529000]",490,5509000
30,52,5,"[347,418,384,434,316]","[952000,1235000,1191000,1248000,944000]",434,5570000
30,53,5,"[305,320,321,409,492]","[892000,925000,898000,1212000,1541000]",492,5468000
30,54,5,"[297,295,346,509,421]","[870000,889000,965000,1490000,1306000]",509,5520000
30,55,5,"[363,396,398,399,315]","[1013000,1194000,1219000,1155000,942000]",399,5523000
30,56,5,"[425,360,441,383,316]","[1175000,1047000,1361000,1100000,944000]",441,5627000
30,57,5,"[301,307,344,397,491]","[875000,914000,961000,1170000,1546000]",491,5466000
30,58,5,"[304,293,255,384,609]","[876000,879000,719000,1133000,1848000]",609,5455000
30,59,5,"[376,368,386,415,316]","[1055000,1114000,1193000,1202000,944000]",415,5508000
30,60,5,"[377,397,385,442,316]","[1066000,1199000,1193000,1225000,947000]",442,5630000
30,61,5,"[173,322,221,487,600]","[487000,964000,613000,1446000,1875000]",600,5385000
30,62,5,"[318,378,441,411,317]","[882000,1134000,1361000,1187000,952000]",441,5516000
30,63,5,"[200,371,323,413,552]","[562000,1080000,904000,1219000,1732000]",552,5497000
30,64,5,"[318,384,439,390,318]","[881000,1149000,1361000,1143000,948000]",439,5482000
30,65,5,"[365,367,448,425,265]","[1020000,1109000,1379000,1234000,782000]",448,5524000
