iteration_id,solution_id,agv_count,running_times_seconds,energy_consumptions_joules,max_running_time_seconds,total_energy_consumption_joules
1,1,5,"[682,702,693,702,696]","[2039000,2103000,2024000,2076000,2008000]",702,10250000
1,2,5,"[703,717,700,697,611]","[2042000,2158000,2030000,2056000,1747000]",717,10033000
1,3,5,"[694,714,703,696,613]","[2048000,2154000,2036000,2047000,1754000]",714,10039000
1,4,5,"[657,717,718,699,610]","[1926000,2167000,2088000,2064000,1746000]",718,9991000
1,5,5,"[641,745,613,742,580]","[1894000,2246000,1770000,2189000,1664000]",745,9763000
1,6,5,"[699,697,699,698,697]","[2075000,2093000,2040000,2074000,1996000]",699,10278000
1,7,5,"[709,746,617,745,561]","[2063000,2242000,1760000,2195000,1614000]",746,9874000
1,8,5,"[697,716,657,703,693]","[2075000,2173000,1921000,2078000,1989000]",716,10236000
1,9,5,"[684,717,656,702,690]","[2041000,2181000,1921000,2076000,1969000]",717,10188000
1,10,5,"[698,702,693,698,696]","[2080000,2103000,2024000,2071000,2007000]",702,10285000
1,11,5,"[634,755,650,715,606]","[1916000,2254000,1855000,2108000,1709000]",755,9842000
1,12,5,"[640,792,636,741,562]","[1829000,2396000,1810000,2187000,1605000]",792,9827000
1,13,5,"[682,699,699,704,696]","[2039000,2095000,2040000,2084000,1995000]",704,10253000
1,14,5,"[718,713,678,695,613]","[2102000,2152000,1965000,2045000,1754000]",718,10018000
1,15,5,"[641,778,671,710,566]","[1897000,2333000,1921000,2092000,1622000]",778,9865000
1,16,5,"[649,782,627,744,562]","[1918000,2348000,1784000,2185000,1619000]",782,9854000
1,17,5,"[695,718,658,688,691]","[2069000,2162000,1921000,2047000,1985000]",718,10184000
1,18,5,"[691,730,725,710,597]","[2040000,2191000,2090000,2094000,1734000]",730,10149000
1,19,5,"[712,747,615,744,564]","[2060000,2262000,1772000,2192000,1620000]",747,9906000
1,20,5,"[685,735,689,732,614]","[2022000,2189000,2006000,2157000,1732000]",735,10106000
1,21,5,"[775,770,673,673,564]","[2229000,2320000,1953000,1978000,1619000]",775,10099000
1,22,5,"[647,744,666,698,857]","[1927000,2233000,1927000,2031000,2437000]",857,10555000
1,23,5,"[655,816,634,699,696]","[1936000,2451000,1851000,2069000,2000000]",816,10307000
1,24,5,"[648,798,664,692,614]","[1889000,2418000,1936000,2050000,1782000]",798,10075000
1,25,5,"[773,888,606,722,610]","[2230000,2595000,1722000,2134000,1713000]",888,10394000
1,26,5,"[707,751,668,713,558]","[2066000,2262000,1896000,2098000,1599000]",751,9921000
1,27,5,"[699,759,673,746,556]","[2066000,2295000,1969000,2184000,1609000]",759,10123000
1,28,5,"[657,825,634,732,691]","[1937000,2446000,1851000,2150000,1985000]",825,10369000
1,29,5,"[654,750,692,697,616]","[1928000,2256000,2010000,2059000,1759000]",750,10012000
1,30,5,"[636,776,699,691,610]","[1894000,2341000,2028000,2048000,1746000]",776,10057000
1,31,5,"[654,818,697,699,672]","[1941000,2451000,2011000,2054000,1923000]",818,10380000
1,32,5,"[650,803,635,699,691]","[1921000,2429000,1851000,2082000,1985000]",803,10268000
1,33,5,"[718,687,682,691,613]","[2120000,2061000,1992000,2048000,1762000]",718,9983000
1,34,5,"[612,750,649,732,608]","[1848000,2243000,1853000,2140000,1716000]",750,9800000
1,35,5,"[641,772,639,737,562]","[1894000,2324000,1833000,2161000,1619000]",772,9831000
1,36,5,"[664,804,661,756,561]","[1916000,2423000,1889000,2184000,1604000]",804,10016000
1,37,5,"[705,731,673,713,579]","[2106000,2174000,1918000,2102000,1659000]",731,9959000
1,38,5,"[646,794,642,688,772]","[1905000,2404000,1875000,2046000,2210000]",794,10440000
1,39,5,"[602,793,640,719,600]","[1756000,2396000,1826000,2124000,1677000]",793,9779000
1,40,5,"[659,779,682,692,612]","[1936000,2309000,1992000,2053000,1757000]",779,10047000
1,41,5,"[640,775,656,703,693]","[1901000,2358000,1921000,2085000,1986000]",775,10251000
1,42,5,"[681,791,636,697,613]","[1985000,2395000,1867000,2064000,1782000]",791,10093000
1,43,5,"[639,790,690,737,623]","[1868000,2375000,2008000,2165000,1771000]",790,10187000
1,44,5,"[688,778,704,689,617]","[2030000,2309000,2029000,2020000,1747000]",778,10135000
1,45,5,"[624,727,671,712,610]","[1883000,2182000,1921000,2102000,1720000]",727,9808000
1,46,5,"[684,704,693,706,698]","[2046000,2107000,2024000,2106000,2008000]",706,10291000
1,47,5,"[660,716,699,745,610]","[1896000,2160000,2028000,2213000,1747000]",745,10044000
1,48,5,"[689,717,700,692,605]","[2019000,2164000,2030000,2037000,1747000]",717,9997000
1,49,5,"[678,724,696,694,613]","[1988000,2189000,2025000,2054000,1746000]",724,10002000
1,50,5,"[640,748,614,737,580]","[1892000,2250000,1770000,2178000,1670000]",748,9760000
1,51,5,"[641,699,699,740,696]","[1915000,2097000,2040000,2208000,1994000]",740,10254000
1,52,5,"[709,742,617,745,561]","[2063000,2234000,1760000,2195000,1614000]",745,9866000
1,53,5,"[697,770,661,701,695]","[2075000,2326000,1878000,2074000,1993000]",770,10346000
1,54,5,"[685,791,656,667,691]","[2041000,2364000,1921000,1961000,1977000]",791,10264000
1,55,5,"[695,703,690,699,703]","[2074000,2105000,2018000,2062000,2027000]",703,10286000
1,56,5,"[643,752,652,685,636]","[1952000,2235000,1863000,2024000,1815000]",752,9889000
1,57,5,"[640,761,663,743,560]","[1829000,2314000,1896000,2187000,1599000]",761,9825000
1,58,5,"[682,701,699,704,694]","[2039000,2113000,2040000,2084000,1979000]",704,10255000
1,59,5,"[720,716,679,703,608]","[2102000,2167000,1966000,2060000,1750000]",720,10045000
1,60,5,"[641,782,671,700,568]","[1892000,2341000,1921000,2084000,1637000]",782,9875000
1,61,5,"[653,748,626,745,581]","[1924000,2252000,1780000,2196000,1660000]",748,9812000
1,62,5,"[685,716,659,711,693]","[2037000,2162000,1926000,2111000,1991000]",716,10227000
1,63,5,"[689,734,723,686,618]","[2036000,2199000,2086000,2012000,1792000]",734,10125000
1,64,5,"[695,751,613,748,566]","[2041000,2272000,1770000,2200000,1627000]",751,9910000
1,65,5,"[682,687,688,733,652]","[2016000,2057000,2006000,2168000,1851000]",733,10098000
2,1,5,"[579,613,643,716,679]","[1722000,1793000,1959000,2170000,2047000]",716,9691000
2,2,5,"[602,672,697,699,647]","[1785000,1941000,2043000,2114000,1962000]",699,9845000
2,3,5,"[605,697,694,699,689]","[1784000,2038000,2035000,2115000,2087000]",699,10059000
2,4,5,"[576,670,695,704,691]","[1707000,1940000,2057000,2123000,2074000]",704,9901000
2,5,5,"[580,679,695,702,686]","[1711000,1956000,2053000,2120000,2068000]",702,9908000
2,6,5,"[602,664,644,710,672]","[1808000,1941000,1944000,2155000,2020000]",710,9868000
2,7,5,"[579,677,696,700,695]","[1711000,1950000,2055000,2116000,2088000]",700,9920000
2,8,5,"[602,657,643,716,677]","[1808000,1922000,1939000,2170000,2032000]",716,9871000
2,9,5,"[608,697,691,702,693]","[1786000,2038000,2038000,2126000,2096000]",702,10084000
2,10,5,"[612,686,701,688,712]","[1785000,2007000,2074000,2054000,2138000]",712,10058000
2,11,5,"[628,702,684,703,689]","[1834000,2071000,1977000,2109000,2077000]",703,10068000
2,12,5,"[582,668,693,719,688]","[1737000,1910000,2055000,2176000,2068000]",719,9946000
2,13,5,"[622,695,695,722,605]","[1820000,2017000,2036000,2184000,1827000]",722,9884000
2,14,5,"[636,689,680,713,691]","[1869000,2047000,1975000,2126000,2073000]",713,10090000
2,15,5,"[658,675,691,703,684]","[1928000,1950000,2036000,2125000,2052000]",703,10091000
2,16,5,"[623,651,695,722,646]","[1825000,1875000,2040000,2184000,1960000]",722,9884000
2,17,5,"[603,690,706,703,717]","[1761000,1951000,2085000,2108000,2179000]",717,10084000
2,18,5,"[608,700,694,709,693]","[1793000,2043000,2049000,2131000,2091000]",709,10107000
2,19,5,"[582,668,695,719,688]","[1737000,1910000,2062000,2171000,2068000]",719,9948000
2,20,5,"[628,635,702,722,646]","[1850000,1844000,2050000,2184000,1960000]",722,9888000
2,21,5,"[603,621,650,814,658]","[1786000,1821000,1913000,2426000,1985000]",814,9931000
2,22,5,"[577,622,689,720,683]","[1712000,1815000,2045000,2178000,2056000]",720,9806000
2,23,5,"[636,689,680,709,691]","[1869000,2047000,1970000,2109000,2073000]",709,10068000
2,24,5,"[620,643,699,802,713]","[1832000,1878000,2040000,2363000,2167000]",802,10280000
2,25,5,"[636,674,689,704,688]","[1869000,1940000,2041000,2126000,2063000]",704,10039000
2,26,5,"[586,607,601,811,686]","[1743000,1780000,1826000,2420000,2059000]",811,9828000
2,27,5,"[619,680,671,815,685]","[1870000,1969000,1989000,2431000,2059000]",815,10318000
2,28,5,"[623,624,711,791,667]","[1825000,1794000,2085000,2331000,2036000]",791,10071000
2,29,5,"[608,688,689,688,714]","[1773000,2006000,2024000,2054000,2151000]",714,10008000
2,30,5,"[613,690,701,794,711]","[1783000,1945000,2048000,2341000,2172000]",794,10289000
2,31,5,"[551,686,652,815,654]","[1618000,1995000,1930000,2431000,1977000]",815,9951000
2,32,5,"[604,658,644,793,705]","[1760000,1889000,1900000,2345000,2139000]",793,10033000
2,33,5,"[611,696,685,832,647]","[1804000,2040000,2014000,2459000,1970000]",832,10287000
2,34,5,"[609,686,704,739,646]","[1775000,1995000,2077000,2219000,1940000]",739,10006000
2,35,5,"[637,619,649,819,690]","[1895000,1833000,1913000,2430000,2100000]",819,10171000
2,36,5,"[580,659,677,823,687]","[1703000,1884000,1980000,2438000,2076000]",823,10081000
2,37,5,"[657,697,693,701,698]","[1908000,2038000,2044000,2117000,2076000]",701,10183000
2,38,5,"[633,616,650,714,678]","[1881000,1795000,1957000,2159000,2039000]",714,9831000
2,39,5,"[548,631,678,801,703]","[1633000,1847000,1965000,2375000,2147000]",801,9967000
2,40,5,"[718,673,642,815,683]","[2046000,1916000,1889000,2420000,2052000]",815,10323000
2,41,5,"[606,719,660,790,666]","[1794000,2071000,1956000,2340000,2010000]",790,10171000
2,42,5,"[602,659,675,728,670]","[1818000,1924000,1981000,2215000,2020000]",728,9958000
2,43,5,"[620,616,726,766,720]","[1819000,1742000,2132000,2264000,2194000]",766,10151000
2,44,5,"[611,578,834,702,697]","[1785000,1640000,2433000,2096000,2093000]",834,10047000
2,45,5,"[546,691,694,747,645]","[1629000,1971000,2042000,2228000,1962000]",747,9832000
2,46,5,"[589,610,600,757,680]","[1741000,1787000,1811000,2303000,2049000]",757,9691000
2,47,5,"[602,672,697,699,647]","[1785000,1941000,2046000,2115000,1962000]",699,9849000
2,48,5,"[608,698,749,673,693]","[1791000,2038000,2212000,2020000,2084000]",749,10145000
2,49,5,"[572,670,689,704,684]","[1707000,1936000,2032000,2123000,2064000]",704,9862000
2,50,5,"[579,675,694,702,685]","[1711000,1950000,2047000,2117000,2061000]",702,9886000
2,51,5,"[602,664,644,710,672]","[1808000,1941000,1944000,2155000,2014000]",710,9862000
2,52,5,"[583,682,705,742,688]","[1723000,1958000,2082000,2202000,2069000]",742,10034000
2,53,5,"[599,672,645,723,672]","[1816000,1956000,1958000,2179000,2020000]",723,9929000
2,54,5,"[605,731,688,699,653]","[1786000,2136000,2026000,2121000,1980000]",731,10049000
2,55,5,"[609,707,707,689,700]","[1776000,2058000,2084000,2054000,2100000]",707,10072000
2,56,5,"[611,689,690,705,689]","[1798000,2036000,2017000,2100000,2081000]",705,10032000
2,57,5,"[582,668,693,719,688]","[1737000,1910000,2055000,2176000,2068000]",719,9946000
2,58,5,"[622,744,692,726,605]","[1820000,2157000,2036000,2159000,1827000]",744,9999000
2,59,5,"[627,694,656,771,692]","[1830000,2056000,1902000,2258000,2085000]",771,10131000
2,60,5,"[650,681,690,704,725]","[1904000,1962000,2034000,2127000,2137000]",725,10164000
2,61,5,"[601,648,694,722,647]","[1787000,1870000,2038000,2184000,1962000]",722,9841000
2,62,5,"[603,682,719,704,716]","[1761000,1935000,2126000,2110000,2180000]",719,10112000
2,63,5,"[605,697,696,697,722]","[1786000,2038000,2039000,2114000,2171000]",722,10148000
2,64,5,"[584,669,664,721,720]","[1747000,1908000,1964000,2177000,2164000]",721,9960000
2,65,5,"[626,672,697,699,647]","[1840000,1941000,2040000,2114000,1960000]",699,9895000
3,1,5,"[748,552,619,755,759]","[2176000,1617000,1863000,2293000,2257000]",759,10206000
3,2,5,"[730,555,618,811,721]","[2122000,1623000,1863000,2462000,2129000]",811,10199000
3,3,5,"[657,737,670,746,716]","[1883000,2125000,2024000,2265000,2122000]",746,10419000
3,4,5,"[718,564,624,756,756]","[2122000,1659000,1877000,2298000,2253000]",756,10209000
3,5,5,"[728,701,731,732,726]","[2051000,2000000,2197000,2215000,2163000]",732,10626000
3,6,5,"[728,701,731,732,733]","[2051000,2000000,2197000,2215000,2177000]",733,10640000
3,7,5,"[656,754,669,741,715]","[1881000,2167000,2024000,2247000,2126000]",754,10445000
3,8,5,"[654,675,707,750,753]","[1875000,1962000,2100000,2273000,2244000]",753,10454000
3,9,5,"[648,714,733,747,720]","[1842000,2076000,2201000,2271000,2123000]",747,10513000
3,10,5,"[748,552,619,755,759]","[2176000,1611000,1863000,2293000,2265000]",759,10208000
3,11,5,"[745,514,595,826,759]","[2159000,1499000,1755000,2529000,2265000]",826,10207000
3,12,5,"[663,739,738,746,711]","[1872000,2129000,2223000,2268000,2109000]",746,10601000
3,13,5,"[728,701,731,732,736]","[2051000,2000000,2197000,2220000,2183000]",736,10651000
3,14,5,"[729,694,731,735,732]","[2058000,2003000,2197000,2223000,2175000]",735,10656000
3,15,5,"[654,678,707,752,753]","[1875000,1962000,2100000,2277000,2244000]",753,10458000
3,16,5,"[750,554,618,754,764]","[2186000,1617000,1863000,2285000,2274000]",764,10225000
3,17,5,"[660,696,672,733,759]","[1894000,2010000,2039000,2237000,2259000]",759,10439000
3,18,5,"[757,581,618,760,756]","[2193000,1681000,1863000,2299000,2253000]",760,10289000
3,19,5,"[648,736,733,747,720]","[1842000,2116000,2201000,2271000,2123000]",747,10553000
3,20,5,"[742,554,620,804,723]","[2156000,1617000,1863000,2451000,2133000]",804,10220000
3,21,5,"[748,552,619,830,709]","[2186000,1617000,1863000,2482000,2119000]",830,10267000
3,22,5,"[659,696,569,861,767]","[1895000,2010000,1735000,2579000,2271000]",861,10490000
3,23,5,"[750,553,620,804,723]","[2177000,1622000,1863000,2451000,2139000]",804,10252000
3,24,5,"[669,714,694,833,727]","[1862000,2061000,2072000,2524000,2167000]",833,10686000
3,25,5,"[726,660,650,853,808]","[2065000,1875000,1921000,2596000,2354000]",853,10811000
3,26,5,"[685,715,696,852,750]","[1893000,2056000,2076000,2577000,2198000]",852,10800000
3,27,5,"[679,618,688,820,732]","[1953000,1814000,2052000,2501000,2150000]",820,10470000
3,28,5,"[705,617,625,809,703]","[1998000,1804000,1895000,2476000,2087000]",809,10260000
3,29,5,"[730,771,648,821,886]","[2078000,2263000,1912000,2489000,2523000]",886,11265000
3,30,5,"[727,602,626,830,714]","[2090000,1768000,1888000,2472000,2139000]",830,10357000
3,31,5,"[714,573,595,868,763]","[2057000,1692000,1752000,2599000,2269000]",868,10369000
3,32,5,"[703,664,700,823,724]","[2021000,1865000,2082000,2451000,2171000]",823,10590000
3,33,5,"[755,560,565,834,734]","[2209000,1638000,1709000,2541000,2176000]",834,10273000
3,34,5,"[717,681,618,836,712]","[2092000,1925000,1863000,2482000,2131000]",836,10493000
3,35,5,"[677,643,654,843,813]","[1961000,1823000,1945000,2547000,2415000]",843,10691000
3,36,5,"[680,722,735,746,712]","[1921000,2090000,2217000,2278000,2111000]",746,10617000
3,37,5,"[705,679,621,861,714]","[2023000,1952000,1869000,2562000,2124000]",861,10530000
3,38,5,"[655,695,566,832,795]","[1895000,2004000,1720000,2525000,2331000]",832,10475000
3,39,5,"[738,688,626,838,743]","[2071000,1967000,1870000,2552000,2158000]",838,10618000
3,40,5,"[777,555,602,869,713]","[2256000,1619000,1789000,2582000,2130000]",869,10376000
3,41,5,"[654,604,605,840,755]","[1909000,1767000,1775000,2547000,2243000]",840,10241000
3,42,5,"[737,597,600,811,862]","[2110000,1719000,1773000,2431000,2537000]",862,10570000
3,43,5,"[649,849,661,736,719]","[1817000,2402000,1994000,2244000,2117000]",849,10574000
3,44,5,"[769,667,698,836,738]","[2141000,1889000,2086000,2527000,2183000]",836,10826000
3,45,5,"[656,732,566,888,718]","[1896000,2115000,1720000,2649000,2123000]",888,10503000
3,46,5,"[750,557,618,811,755]","[2176000,1627000,1863000,2403000,2251000]",811,10320000
3,47,5,"[730,555,621,770,780]","[2128000,1623000,1878000,2344000,2298000]",780,10271000
3,48,5,"[715,703,673,741,712]","[2058000,2030000,2043000,2255000,2111000]",741,10497000
3,49,5,"[715,561,621,693,832]","[2117000,1644000,1865000,2097000,2492000]",832,10215000
3,50,5,"[727,771,688,732,726]","[2049000,2196000,2057000,2217000,2163000]",771,10682000
3,51,5,"[733,698,732,736,741]","[2070000,1996000,2199000,2225000,2211000]",741,10701000
3,52,5,"[655,754,654,757,715]","[1881000,2167000,1983000,2294000,2126000]",757,10451000
3,53,5,"[654,675,771,711,753]","[1885000,1962000,2279000,2144000,2244000]",771,10514000
3,54,5,"[648,743,733,750,723]","[1842000,2134000,2201000,2277000,2128000]",750,10582000
3,55,5,"[758,583,619,755,762]","[2200000,1682000,1863000,2293000,2271000]",762,10309000
3,56,5,"[718,524,599,832,761]","[2104000,1524000,1776000,2541000,2267000]",832,10212000
3,57,5,"[722,735,735,746,652]","[2056000,2125000,2205000,2269000,1925000]",746,10580000
3,58,5,"[726,699,734,739,736]","[2046000,1996000,2206000,2237000,2182000]",739,10667000
3,59,5,"[736,701,734,729,733]","[2081000,2017000,2197000,2202000,2175000]",736,10672000
3,60,5,"[713,678,706,752,806]","[2012000,1960000,2100000,2277000,2342000]",806,10691000
3,61,5,"[749,558,621,753,783]","[2179000,1647000,1869000,2283000,2312000]",783,10290000
3,62,5,"[657,697,702,731,757]","[1885000,2008000,2090000,2225000,2246000]",757,10454000
3,63,5,"[753,581,618,760,755]","[2187000,1690000,1863000,2299000,2248000]",760,10287000
3,64,5,"[646,734,733,758,722]","[1838000,2115000,2201000,2302000,2123000]",758,10579000
3,65,5,"[742,554,620,849,723]","[2156000,1617000,1863000,2549000,2133000]",849,10318000
4,1,5,"[715,766,764,756,757]","[2099000,2253000,2217000,2246000,2260000]",766,11075000
4,2,5,"[816,769,607,842,484]","[2407000,2263000,1774000,2569000,1436000]",842,10449000
4,3,5,"[757,741,676,768,710]","[2199000,2166000,1975000,2337000,2076000]",768,10753000
4,4,5,"[793,751,660,792,555]","[2345000,2209000,1964000,2373000,1627000]",793,10518000
4,5,5,"[768,691,762,770,636]","[2207000,1999000,2255000,2339000,1866000]",770,10666000
4,6,5,"[793,751,660,792,555]","[2345000,2209000,1961000,2373000,1630000]",793,10518000
4,7,5,"[760,696,762,769,642]","[2201000,2019000,2256000,2339000,1881000]",769,10696000
4,8,5,"[789,734,719,763,617]","[2317000,2142000,2117000,2282000,1777000]",789,10635000
4,9,5,"[814,767,603,844,485]","[2407000,2263000,1756000,2566000,1434000]",844,10426000
4,10,5,"[757,766,682,767,712]","[2199000,2213000,1995000,2333000,2080000]",767,10820000
4,11,5,"[799,734,632,796,567]","[2369000,2156000,1850000,2422000,1659000]",799,10456000
4,12,5,"[792,713,717,766,620]","[2332000,2087000,2113000,2289000,1789000]",792,10610000
4,13,5,"[802,737,566,890,533]","[2375000,2158000,1641000,2705000,1570000]",890,10449000
4,14,5,"[799,734,663,795,557]","[2369000,2157000,1948000,2382000,1657000]",799,10513000
4,15,5,"[812,739,563,881,532]","[2405000,2162000,1636000,2681000,1565000]",881,10449000
4,16,5,"[767,761,742,755,675]","[2192000,2237000,2206000,2266000,1953000]",767,10854000
4,17,5,"[799,734,663,795,557]","[2369000,2157000,1945000,2382000,1660000]",799,10513000
4,18,5,"[760,696,762,769,650]","[2201000,2019000,2253000,2339000,1898000]",769,10710000
4,19,5,"[768,691,762,770,638]","[2207000,1999000,2252000,2339000,1873000]",770,10670000
4,20,5,"[803,710,694,793,548]","[2377000,2068000,2056000,2378000,1612000]",803,10491000
4,21,5,"[846,729,712,761,676]","[2436000,2125000,2112000,2278000,1979000]",846,10930000
4,22,5,"[811,714,749,727,659]","[2350000,2068000,2233000,2204000,1940000]",811,10795000
4,23,5,"[799,727,735,773,599]","[2343000,2111000,2183000,2277000,1747000]",799,10661000
4,24,5,"[799,734,707,815,555]","[2369000,2157000,2062000,2411000,1650000]",815,10649000
4,25,5,"[798,715,749,846,546]","[2354000,2023000,2228000,2519000,1590000]",846,10714000
4,26,5,"[822,755,769,712,625]","[2389000,2188000,2300000,2133000,1825000]",822,10835000
4,27,5,"[821,750,746,870,670]","[2365000,2173000,2170000,2523000,1937000]",870,11168000
4,28,5,"[799,734,598,815,568]","[2369000,2156000,1757000,2489000,1664000]",815,10435000
4,29,5,"[868,721,569,815,569]","[2572000,2114000,1646000,2491000,1669000]",868,10492000
4,30,5,"[799,734,563,894,622]","[2369000,2156000,1637000,2680000,1801000]",894,10643000
4,31,5,"[817,727,695,756,764]","[2367000,2133000,2047000,2274000,2208000]",817,11029000
4,32,5,"[758,725,729,768,651]","[2203000,2110000,2142000,2337000,1907000]",768,10699000
4,33,5,"[752,830,823,778,809]","[2092000,2314000,2396000,2321000,2395000]",830,11518000
4,34,5,"[817,660,734,833,582]","[2413000,1920000,2148000,2479000,1682000]",833,10642000
4,35,5,"[807,777,749,758,629]","[2346000,2192000,2218000,2276000,1858000]",807,10890000
4,36,5,"[760,742,727,792,671]","[2207000,2140000,2144000,2394000,1947000]",792,10832000
4,37,5,"[826,753,667,891,527]","[2395000,2208000,1972000,2613000,1539000]",891,10727000
4,38,5,"[805,733,665,797,557]","[2381000,2152000,1949000,2382000,1660000]",805,10524000
4,39,5,"[837,709,744,754,613]","[2410000,2057000,2206000,2273000,1799000]",837,10745000
4,40,5,"[840,782,678,774,558]","[2453000,2284000,1992000,2317000,1653000]",840,10699000
4,41,5,"[821,713,752,762,674]","[2358000,2084000,2214000,2291000,1951000]",821,10898000
4,42,5,"[805,706,597,885,532]","[2375000,2068000,1733000,2700000,1564000]",885,10440000
4,43,5,"[811,718,749,758,618]","[2354000,2080000,2233000,2278000,1815000]",811,10760000
4,44,5,"[817,729,612,817,570]","[2415000,2146000,1775000,2489000,1671000]",817,10496000
4,45,5,"[793,723,698,792,548]","[2345000,2123000,2084000,2373000,1602000]",793,10527000
4,46,5,"[722,766,752,769,759]","[2114000,2253000,2193000,2274000,2242000]",769,11076000
4,47,5,"[817,765,608,843,484]","[2417000,2257000,1779000,2565000,1436000]",843,10454000
4,48,5,"[825,741,687,771,705]","[2333000,2166000,2015000,2338000,2055000]",825,10907000
4,49,5,"[807,756,656,795,555]","[2388000,2214000,1944000,2373000,1627000]",807,10546000
4,50,5,"[757,693,768,769,641]","[2199000,2014000,2267000,2339000,1886000]",769,10705000
4,51,5,"[766,749,690,797,555]","[2255000,2194000,2059000,2379000,1630000]",797,10517000
4,52,5,"[757,721,793,772,649]","[2199000,2066000,2320000,2339000,1904000]",793,10828000
4,53,5,"[789,734,716,776,617]","[2317000,2142000,2112000,2320000,1777000]",789,10668000
4,54,5,"[799,770,601,856,488]","[2369000,2268000,1756000,2608000,1449000]",856,10450000
4,55,5,"[764,766,682,768,712]","[2225000,2213000,1995000,2337000,2065000]",768,10835000
4,56,5,"[777,785,632,800,572]","[2284000,2295000,1856000,2426000,1675000]",800,10536000
4,57,5,"[791,712,690,771,617]","[2340000,2087000,2070000,2314000,1777000]",791,10588000
4,58,5,"[803,738,564,833,615]","[2369000,2158000,1641000,2529000,1806000]",833,10503000
4,59,5,"[800,737,698,800,526]","[2371000,2155000,2047000,2385000,1541000]",800,10499000
4,60,5,"[816,737,561,875,540]","[2413000,2162000,1631000,2668000,1599000]",875,10473000
4,61,5,"[771,758,745,754,699]","[2206000,2232000,2206000,2268000,2022000]",771,10934000
4,62,5,"[851,734,657,796,556]","[2475000,2165000,1934000,2377000,1649000]",851,10600000
4,63,5,"[762,695,763,793,686]","[2219000,2014000,2258000,2378000,1984000]",793,10853000
4,64,5,"[728,697,763,769,711]","[2096000,2019000,2252000,2339000,2054000]",769,10760000
4,65,5,"[817,710,685,793,548]","[2417000,2066000,2028000,2378000,1612000]",817,10501000
5,1,5,"[708,680,680,695,677]","[2121000,2028000,1980000,2097000,2020000]",708,10246000
5,2,5,"[713,681,676,681,688]","[2131000,2029000,1970000,2063000,2042000]",713,10235000
5,3,5,"[567,681,670,746,707]","[1775000,2038000,1928000,2242000,2134000]",746,10117000
5,4,5,"[625,719,679,700,677]","[1904000,2170000,1985000,2105000,2020000]",719,10184000
5,5,5,"[665,714,709,616,712]","[1992000,2141000,2050000,1872000,2132000]",714,10187000
5,6,5,"[713,682,676,681,688]","[2131000,2031000,1970000,2064000,2039000]",713,10235000
5,7,5,"[668,714,703,667,673]","[1997000,2141000,2035000,2022000,2006000]",714,10201000
5,8,5,"[713,681,681,696,674]","[2134000,2030000,1985000,2099000,2011000]",713,10259000
5,9,5,"[581,694,672,748,705]","[1805000,2074000,1932000,2247000,2133000]",748,10191000
5,10,5,"[665,684,666,686,719]","[1998000,2043000,1926000,2068000,2164000]",719,10199000
5,11,5,"[567,729,660,755,672]","[1775000,2181000,1926000,2246000,2009000]",755,10137000
5,12,5,"[611,687,664,684,752]","[1875000,2055000,1926000,2064000,2253000]",752,10173000
5,13,5,"[710,682,682,697,675]","[2128000,2037000,1985000,2101000,2016000]",710,10267000
5,14,5,"[581,706,667,736,702]","[1805000,2120000,1941000,2207000,2118000]",736,10191000
5,15,5,"[659,735,675,630,719]","[1981000,2184000,1965000,1906000,2155000]",735,10191000
5,16,5,"[550,687,664,748,754]","[1697000,2046000,1930000,2239000,2268000]",754,10180000
5,17,5,"[541,686,670,746,753]","[1694000,2046000,1933000,2242000,2268000]",753,10183000
5,18,5,"[670,716,704,669,678]","[2006000,2134000,2038000,2029000,2028000]",716,10235000
5,19,5,"[664,718,703,670,673]","[1987000,2162000,2036000,2028000,2006000]",718,10219000
5,20,5,"[614,680,665,735,735]","[1846000,2039000,1926000,2208000,2184000]",735,10203000
5,21,5,"[600,772,697,728,750]","[1812000,2282000,2009000,2179000,2228000]",772,10510000
5,22,5,"[538,720,645,777,753]","[1679000,2140000,1860000,2316000,2260000]",777,10255000
5,23,5,"[666,735,641,689,710]","[2006000,2173000,1853000,2079000,2125000]",735,10236000
5,24,5,"[636,732,631,663,790]","[1980000,2176000,1844000,1974000,2327000]",790,10301000
5,25,5,"[708,682,678,699,676]","[2130000,2035000,1975000,2101000,2015000]",708,10256000
5,26,5,"[618,680,685,788,775]","[1856000,2022000,1976000,2329000,2276000]",788,10459000
5,27,5,"[631,669,683,694,810]","[1964000,2010000,1966000,2034000,2394000]",810,10368000
5,28,5,"[613,695,660,669,841]","[1843000,2066000,1923000,1982000,2485000]",841,10299000
5,29,5,"[585,690,671,665,839]","[1813000,2053000,1927000,1974000,2485000]",839,10252000
5,30,5,"[659,736,633,667,812]","[1996000,2182000,1844000,1978000,2380000]",812,10380000
5,31,5,"[601,653,684,714,818]","[1858000,1963000,1967000,2127000,2419000]",818,10334000
5,32,5,"[615,751,622,758,720]","[1846000,2204000,1802000,2263000,2169000]",758,10284000
5,33,5,"[667,684,666,686,766]","[2001000,2043000,1926000,2068000,2255000]",766,10293000
5,34,5,"[561,780,668,763,808]","[1688000,2318000,1921000,2211000,2381000]",808,10519000
5,35,5,"[668,716,699,678,680]","[2007000,2124000,2031000,2052000,2029000]",716,10243000
5,36,5,"[547,779,623,749,808]","[1697000,2308000,1817000,2204000,2375000]",808,10401000
5,37,5,"[650,675,676,672,844]","[1951000,2019000,1974000,2004000,2468000]",844,10416000
5,38,5,"[655,753,683,716,669]","[1970000,2239000,1999000,2142000,1983000]",753,10333000
5,39,5,"[558,686,670,746,750]","[1718000,2046000,1933000,2242000,2253000]",750,10192000
5,40,5,"[630,725,647,653,797]","[1961000,2190000,1881000,1939000,2335000]",797,10306000
5,41,5,"[741,731,617,679,740]","[2181000,2169000,1792000,2066000,2161000]",741,10369000
5,42,5,"[581,684,661,664,841]","[1807000,2033000,1926000,1974000,2491000]",841,10231000
5,43,5,"[665,681,666,669,802]","[2020000,2034000,1931000,1982000,2354000]",802,10321000
5,44,5,"[611,734,646,665,836]","[1835000,2176000,1886000,1974000,2479000]",836,10350000
5,45,5,"[662,739,637,667,829]","[2002000,2199000,1841000,1961000,2431000]",829,10434000
5,46,5,"[708,680,680,695,673]","[2121000,2027000,1980000,2097000,2006000]",708,10231000
5,47,5,"[712,683,685,676,683]","[2129000,2038000,1996000,2050000,2035000]",712,10248000
5,48,5,"[567,696,667,735,704]","[1775000,2084000,1942000,2202000,2119000]",735,10122000
5,49,5,"[626,713,676,633,737]","[1906000,2146000,1970000,1922000,2187000]",737,10131000
5,50,5,"[661,711,689,622,715]","[1985000,2139000,2007000,1894000,2134000]",715,10159000
5,51,5,"[626,713,677,684,690]","[1906000,2146000,1972000,2074000,2039000]",713,10137000
5,52,5,"[667,654,706,672,813]","[2014000,1948000,2040000,2030000,2361000]",813,10393000
5,53,5,"[716,679,679,694,673]","[2140000,2032000,1975000,2095000,2006000]",716,10248000
5,54,5,"[581,693,674,736,722]","[1805000,2059000,1941000,2206000,2173000]",736,10184000
5,55,5,"[662,684,665,686,763]","[1988000,2052000,1926000,2062000,2242000]",763,10270000
5,56,5,"[567,735,660,753,669]","[1775000,2193000,1923000,2239000,2004000]",753,10134000
5,57,5,"[611,697,668,684,752]","[1875000,2074000,1940000,2064000,2253000]",752,10206000
5,58,5,"[714,682,686,800,616]","[2141000,2036000,1996000,2391000,1829000]",800,10393000
5,59,5,"[581,731,665,736,702]","[1805000,2160000,1931000,2207000,2118000]",736,10221000
5,60,5,"[739,739,679,632,678]","[2173000,2190000,1972000,1904000,2037000]",739,10276000
5,61,5,"[550,681,663,769,754]","[1697000,2052000,1926000,2283000,2263000]",769,10221000
5,62,5,"[538,687,666,765,753]","[1679000,2048000,1930000,2277000,2268000]",765,10202000
5,63,5,"[675,719,700,682,677]","[2021000,2159000,2032000,2064000,2016000]",719,10292000
5,64,5,"[654,718,689,670,674]","[1968000,2165000,2007000,2029000,2008000]",718,10177000
5,65,5,"[614,689,666,735,735]","[1846000,2058000,1928000,2208000,2184000]",735,10224000
6,1,5,"[556,616,655,657,489]","[1652000,1851000,1904000,1854000,1429000]",657,8690000
6,2,5,"[620,647,652,652,513]","[1790000,1996000,1901000,1857000,1493000]",652,9037000
6,3,5,"[545,642,652,654,497]","[1609000,1980000,1897000,1855000,1451000]",654,8792000
6,4,5,"[605,594,656,651,488]","[1771000,1827000,1915000,1845000,1424000]",656,8782000
6,5,5,"[631,653,654,627,488]","[1817000,1970000,1905000,1776000,1424000]",654,8892000
6,6,5,"[625,597,656,653,492]","[1811000,1833000,1905000,1855000,1432000]",656,8836000
6,7,5,"[574,652,657,625,490]","[1667000,2003000,1910000,1759000,1429000]",657,8768000
6,8,5,"[553,578,692,657,490]","[1640000,1772000,1993000,1864000,1439000]",692,8708000
6,9,5,"[530,664,657,656,488]","[1555000,1998000,1917000,1867000,1424000]",664,8761000
6,10,5,"[538,617,657,688,491]","[1579000,1855000,1908000,1936000,1439000]",688,8717000
6,11,5,"[540,640,654,661,496]","[1599000,1970000,1908000,1863000,1449000]",661,8789000
6,12,5,"[552,634,658,655,491]","[1614000,1973000,1920000,1865000,1430000]",658,8802000
6,13,5,"[559,681,655,623,488]","[1625000,2056000,1907000,1759000,1424000]",681,8771000
6,14,5,"[634,649,655,627,488]","[1835000,1964000,1900000,1776000,1424000]",655,8899000
6,15,5,"[626,654,651,574,581]","[1801000,1972000,1899000,1643000,1640000]",654,8955000
6,16,5,"[626,654,655,576,572]","[1801000,1972000,1919000,1643000,1631000]",655,8966000
6,17,5,"[540,640,654,661,496]","[1599000,1970000,1908000,1876000,1447000]",661,8800000
6,18,5,"[541,681,649,621,498]","[1599000,2100000,1889000,1755000,1444000]",681,8787000
6,19,5,"[543,658,656,655,490]","[1610000,2002000,1915000,1865000,1424000]",658,8816000
6,20,5,"[543,658,658,655,489]","[1605000,2015000,1928000,1865000,1429000]",658,8842000
6,21,5,"[606,709,656,678,487]","[1737000,2138000,1913000,1920000,1424000]",709,9132000
6,22,5,"[589,680,639,642,490]","[1719000,1999000,1866000,1790000,1439000]",680,8813000
6,23,5,"[545,658,654,658,490]","[1614000,2004000,1905000,1871000,1424000]",658,8818000
6,24,5,"[565,631,730,671,494]","[1641000,1862000,2106000,1895000,1434000]",730,8938000
6,25,5,"[634,605,720,608,579]","[1813000,1818000,2051000,1750000,1656000]",720,9088000
6,26,5,"[628,658,649,624,498]","[1801000,1981000,1889000,1761000,1444000]",658,8876000
6,27,5,"[632,604,666,693,494]","[1809000,1823000,1912000,2001000,1450000]",693,8995000
6,28,5,"[583,626,687,638,501]","[1715000,1855000,2016000,1774000,1463000]",687,8823000
6,29,5,"[634,619,696,647,580]","[1813000,1828000,2005000,1828000,1649000]",696,9123000
6,30,5,"[634,599,695,605,575]","[1813000,1807000,1999000,1732000,1639000]",695,8990000
6,31,5,"[543,670,657,657,489]","[1605000,2030000,1923000,1861000,1429000]",670,8848000
6,32,5,"[561,622,658,653,489]","[1629000,1844000,1928000,1852000,1429000]",658,8682000
6,33,5,"[536,620,721,665,497]","[1576000,1843000,2084000,1869000,1456000]",721,8828000
6,34,5,"[547,601,750,659,488]","[1623000,1838000,2160000,1875000,1424000]",750,8920000
6,35,5,"[544,598,728,657,503]","[1605000,1811000,2137000,1874000,1464000]",728,8891000
6,36,5,"[519,662,658,657,491]","[1560000,2014000,1925000,1865000,1426000]",662,8790000
6,37,5,"[546,659,648,656,488]","[1620000,2015000,1884000,1867000,1424000]",659,8810000
6,38,5,"[543,660,658,655,489]","[1605000,2019000,1928000,1865000,1429000]",660,8846000
6,39,5,"[549,657,692,659,492]","[1626000,1985000,1990000,1869000,1443000]",692,8913000
6,40,5,"[628,658,649,624,498]","[1801000,1981000,1889000,1761000,1444000]",658,8876000
6,41,5,"[543,640,655,660,496]","[1615000,1970000,1910000,1875000,1447000]",660,8817000
6,42,5,"[628,683,650,618,500]","[1805000,2065000,1891000,1749000,1444000]",683,8954000
6,43,5,"[552,593,696,658,490]","[1632000,1822000,2004000,1863000,1439000]",696,8760000
6,44,5,"[541,594,656,651,488]","[1599000,1824000,1915000,1845000,1424000]",656,8607000
6,45,5,"[606,668,651,574,581]","[1746000,2011000,1899000,1643000,1640000]",668,8939000
6,46,5,"[572,618,651,659,505]","[1657000,1857000,1893000,1863000,1538000]",659,8808000
6,47,5,"[607,642,649,656,511]","[1772000,1974000,1889000,1853000,1483000]",656,8971000
6,48,5,"[543,644,652,656,493]","[1605000,1984000,1897000,1867000,1442000]",656,8795000
6,49,5,"[611,628,658,615,493]","[1792000,1935000,1913000,1733000,1437000]",658,8810000
6,50,5,"[634,649,658,619,492]","[1822000,1964000,1929000,1749000,1437000]",658,8901000
6,51,5,"[630,599,664,656,498]","[1824000,1843000,1937000,1861000,1437000]",664,8902000
6,52,5,"[584,682,656,624,489]","[1681000,2069000,1912000,1759000,1429000]",682,8850000
6,53,5,"[562,580,695,659,490]","[1652000,1772000,1998000,1874000,1439000]",695,8735000
6,54,5,"[537,664,657,672,489]","[1568000,2009000,1906000,1898000,1426000]",672,8807000
6,55,5,"[541,617,656,652,515]","[1585000,1855000,1899000,1844000,1508000]",656,8691000
6,56,5,"[541,687,655,612,491]","[1604000,2104000,1905000,1728000,1430000]",687,8771000
6,57,5,"[552,634,659,659,491]","[1612000,1973000,1918000,1882000,1428000]",659,8813000
6,58,5,"[574,681,653,621,507]","[1648000,2058000,1897000,1755000,1542000]",681,8900000
6,59,5,"[634,626,656,627,488]","[1835000,1921000,1915000,1776000,1424000]",656,8871000
6,60,5,"[658,648,657,572,595]","[1885000,1962000,1929000,1636000,1673000]",658,9085000
6,61,5,"[609,651,663,617,574]","[1742000,1971000,1919000,1747000,1635000]",663,9014000
6,62,5,"[540,640,662,664,495]","[1597000,1970000,1919000,1894000,1447000]",664,8827000
6,63,5,"[590,681,649,624,510]","[1720000,2100000,1889000,1770000,1474000]",681,8953000
6,64,5,"[542,668,658,671,491]","[1609000,2029000,1912000,1890000,1429000]",671,8869000
6,65,5,"[605,658,589,655,492]","[1778000,2000000,1720000,1865000,1438000]",658,8801000
7,1,5,"[644,698,710,639,706]","[1965000,2092000,2055000,1842000,2126000]",710,10080000
7,2,5,"[582,720,675,616,733]","[1755000,2175000,1964000,1794000,2214000]",733,9902000
7,3,5,"[467,817,623,660,731]","[1443000,2471000,1817000,1926000,2215000]",817,9872000
7,4,5,"[594,758,633,605,734]","[1800000,2274000,1857000,1749000,2214000]",758,9894000
7,5,5,"[467,818,623,660,727]","[1443000,2473000,1817000,1926000,2207000]",818,9866000
7,6,5,"[586,722,706,653,721]","[1765000,2179000,2048000,1887000,2173000]",722,10052000
7,7,5,"[587,723,707,654,718]","[1769000,2181000,2056000,1887000,2170000]",723,10063000
7,8,5,"[644,698,710,639,710]","[1965000,2092000,2055000,1842000,2134000]",710,10088000
7,9,5,"[573,734,660,643,736]","[1773000,2190000,1913000,1877000,2221000]",736,9974000
7,10,5,"[589,723,659,650,740]","[1772000,2181000,1928000,1861000,2230000]",740,9972000
7,11,5,"[582,723,675,615,742]","[1755000,2181000,1964000,1794000,2234000]",742,9928000
7,12,5,"[585,758,643,617,740]","[1764000,2275000,1871000,1789000,2228000]",758,9927000
7,13,5,"[564,778,623,601,769]","[1692000,2343000,1819000,1730000,2319000]",778,9903000
7,14,5,"[582,723,658,637,742]","[1755000,2181000,1929000,1835000,2234000]",742,9934000
7,15,5,"[583,722,701,618,737]","[1766000,2179000,2022000,1795000,2220000]",737,9982000
7,16,5,"[588,731,697,637,736]","[1776000,2197000,2026000,1850000,2222000]",736,10071000
7,17,5,"[587,723,707,654,722]","[1769000,2181000,2056000,1887000,2178000]",723,10071000
7,18,5,"[651,700,714,634,708]","[1987000,2099000,2087000,1829000,2130000]",714,10132000
7,19,5,"[587,722,708,695,717]","[1765000,2179000,2054000,1978000,2153000]",722,10129000
7,20,5,"[583,725,699,636,738]","[1757000,2197000,2019000,1833000,2226000]",738,10032000
7,21,5,"[588,722,660,611,735]","[1776000,2180000,1932000,1760000,2225000]",735,9873000
7,22,5,"[565,748,649,675,765]","[1708000,2258000,1864000,1913000,2310000]",765,10053000
7,23,5,"[582,723,658,637,738]","[1755000,2181000,1929000,1835000,2226000]",738,9926000
7,24,5,"[586,725,709,584,806]","[1760000,2184000,2051000,1683000,2399000]",806,10077000
7,25,5,"[587,722,706,622,799]","[1768000,2179000,2038000,1769000,2390000]",799,10144000
7,26,5,"[559,801,647,672,763]","[1702000,2361000,1861000,1911000,2308000]",801,10143000
7,27,5,"[569,774,631,639,732]","[1718000,2341000,1853000,1842000,2214000]",774,9968000
7,28,5,"[585,758,643,617,736]","[1764000,2275000,1871000,1789000,2220000]",758,9919000
7,29,5,"[575,732,653,635,807]","[1776000,2187000,1896000,1819000,2401000]",807,10079000
7,30,5,"[579,724,688,594,805]","[1749000,2179000,1983000,1733000,2394000]",805,10038000
7,31,5,"[583,758,694,637,738]","[1757000,2284000,1994000,1835000,2226000]",758,10096000
7,32,5,"[578,770,645,677,803]","[1761000,2301000,1856000,1917000,2381000]",803,10216000
7,33,5,"[582,770,670,616,846]","[1768000,2302000,1923000,1796000,2479000]",846,10268000
7,34,5,"[589,721,636,667,762]","[1775000,2180000,1860000,1881000,2300000]",762,9996000
7,35,5,"[564,751,671,602,772]","[1690000,2256000,1945000,1728000,2323000]",772,9942000
7,36,5,"[568,775,634,664,742]","[1709000,2351000,1837000,1893000,2234000]",775,10024000
7,37,5,"[582,723,641,637,752]","[1755000,2181000,1882000,1835000,2269000]",752,9922000
7,38,5,"[566,784,630,582,799]","[1723000,2360000,1826000,1691000,2399000]",799,9999000
7,39,5,"[585,726,709,652,745]","[1760000,2187000,2069000,1868000,2240000]",745,10124000
7,40,5,"[573,785,623,636,734]","[1776000,2324000,1801000,1857000,2220000]",785,9978000
7,41,5,"[588,731,697,633,736]","[1776000,2197000,2026000,1842000,2222000]",736,10063000
7,42,5,"[587,723,709,651,718]","[1769000,2181000,2056000,1880000,2170000]",723,10056000
7,43,5,"[585,786,612,609,753]","[1767000,2373000,1785000,1745000,2287000]",786,9957000
7,44,5,"[588,730,703,647,807]","[1767000,2204000,2012000,1843000,2407000]",807,10233000
7,45,5,"[589,759,740,610,743]","[1772000,2280000,2095000,1763000,2236000]",759,10146000
7,46,5,"[686,698,710,637,706]","[2049000,2092000,2055000,1835000,2126000]",710,10157000
7,47,5,"[582,789,675,620,802]","[1755000,2313000,1959000,1796000,2359000]",802,10182000
7,48,5,"[467,817,636,660,731]","[1443000,2471000,1843000,1926000,2215000]",817,9898000
7,49,5,"[594,756,630,633,734]","[1794000,2274000,1842000,1805000,2214000]",756,9929000
7,50,5,"[466,829,624,659,726]","[1442000,2504000,1821000,1924000,2202000]",829,9893000
7,51,5,"[587,739,703,654,717]","[1767000,2214000,2033000,1892000,2165000]",739,10071000
7,52,5,"[554,720,740,652,717]","[1699000,2175000,2144000,1885000,2169000]",740,10072000
7,53,5,"[640,703,707,642,764]","[1961000,2101000,2059000,1843000,2241000]",764,10205000
7,54,5,"[561,732,662,644,742]","[1749000,2185000,1917000,1879000,2224000]",742,9954000
7,55,5,"[601,723,659,650,740]","[1795000,2175000,1928000,1861000,2230000]",740,9989000
7,56,5,"[585,733,671,624,747]","[1754000,2203000,1957000,1818000,2254000]",747,9986000
7,57,5,"[633,726,649,620,735]","[1889000,2181000,1883000,1795000,2216000]",735,9964000
7,58,5,"[565,787,623,601,766]","[1697000,2373000,1819000,1730000,2313000]",787,9932000
7,59,5,"[582,725,657,622,801]","[1755000,2180000,1929000,1796000,2365000]",801,10025000
7,60,5,"[580,732,700,624,739]","[1748000,2200000,2020000,1795000,2227000]",739,9990000
7,61,5,"[589,735,699,637,746]","[1775000,2208000,2028000,1846000,2241000]",746,10098000
7,62,5,"[588,726,709,730,717]","[1766000,2187000,2047000,2090000,2111000]",730,10201000
7,63,5,"[651,698,714,634,709]","[1987000,2092000,2087000,1829000,2147000]",714,10142000
7,64,5,"[587,726,709,693,710]","[1765000,2196000,2057000,1977000,2139000]",726,10134000
7,65,5,"[584,731,699,638,740]","[1756000,2198000,2019000,1833000,2226000]",740,10032000
8,1,5,"[707,673,695,707,675]","[2061000,1990000,2094000,2029000,2056000]",707,10230000
8,2,5,"[469,683,756,671,685]","[1400000,2009000,2302000,1923000,2078000]",756,9712000
8,3,5,"[578,714,677,691,707]","[1688000,2075000,1996000,2030000,2138000]",714,9927000
8,4,5,"[578,711,677,691,711]","[1688000,2066000,1996000,2030000,2149000]",711,9929000
8,5,5,"[519,703,737,711,634]","[1524000,2067000,2248000,2052000,1898000]",737,9789000
8,6,5,"[566,674,690,712,703]","[1686000,1978000,2091000,2054000,2126000]",712,9935000
8,7,5,"[469,740,739,684,688]","[1391000,2175000,2237000,1994000,2058000]",740,9855000
8,8,5,"[595,711,675,697,711]","[1722000,2070000,1992000,2051000,2149000]",711,9984000
8,9,5,"[462,732,739,682,726]","[1374000,2114000,2239000,1991000,2173000]",739,9891000
8,10,5,"[686,677,690,710,710]","[1995000,1984000,2081000,2047000,2143000]",710,10250000
8,11,5,"[469,740,739,680,688]","[1391000,2175000,2244000,1974000,2071000]",740,9855000
8,12,5,"[468,701,763,675,684]","[1386000,2045000,2316000,1944000,2079000]",763,9770000
8,13,5,"[686,677,687,711,699]","[1984000,1988000,2074000,2049000,2106000]",711,10201000
8,14,5,"[465,726,717,731,721]","[1380000,2107000,2187000,2091000,2173000]",731,9938000
8,15,5,"[519,715,749,723,631]","[1527000,2103000,2263000,2084000,1886000]",749,9863000
8,16,5,"[469,681,756,671,738]","[1400000,2005000,2302000,1923000,2228000]",756,9858000
8,17,5,"[565,691,684,712,704]","[1686000,2023000,2064000,2054000,2141000]",712,9968000
8,18,5,"[589,659,725,687,706]","[1710000,1919000,2161000,2025000,2138000]",725,9953000
8,19,5,"[540,684,730,693,713]","[1578000,1992000,2177000,2040000,2153000]",730,9940000
8,20,5,"[464,716,731,684,741]","[1378000,2073000,2227000,1996000,2215000]",741,9889000
8,21,5,"[589,659,725,681,706]","[1710000,1921000,2161000,2006000,2138000]",725,9936000
8,22,5,"[540,699,722,701,709]","[1574000,2046000,2103000,2086000,2148000]",722,9957000
8,23,5,"[538,682,727,690,709]","[1572000,1986000,2156000,2031000,2145000]",727,9890000
8,24,5,"[887,660,764,675,736]","[2750000,1940000,2317000,1935000,2207000]",887,11149000
8,25,5,"[467,729,737,710,631]","[1399000,2128000,2231000,2050000,1889000]",737,9697000
8,26,5,"[539,732,751,692,712]","[1579000,2109000,2237000,1992000,2144000]",751,10061000
8,27,5,"[512,712,821,711,631]","[1508000,2051000,2458000,2036000,1889000]",821,9942000
8,28,5,"[544,741,733,719,745]","[1589000,2129000,2186000,2068000,2290000]",745,10262000
8,29,5,"[725,766,659,696,720]","[2155000,2228000,1919000,2016000,2194000]",766,10512000
8,30,5,"[467,731,777,665,724]","[1384000,2128000,2353000,1945000,2179000]",777,9989000
8,31,5,"[467,719,871,676,740]","[1380000,2101000,2551000,1949000,2213000]",871,10194000
8,32,5,"[590,652,787,691,709]","[1706000,1896000,2356000,2037000,2153000]",787,10148000
8,33,5,"[496,657,779,685,741]","[1471000,1923000,2356000,1975000,2292000]",779,10017000
8,34,5,"[518,706,740,682,725]","[1512000,2050000,2254000,1984000,2170000]",740,9970000
8,35,5,"[638,661,731,686,711]","[1808000,1936000,2179000,2019000,2144000]",731,10086000
8,36,5,"[579,638,752,691,700]","[1688000,1828000,2245000,2036000,2131000]",752,9928000
8,37,5,"[623,681,784,713,800]","[1808000,1977000,2282000,2062000,2332000]",800,10461000
8,38,5,"[733,705,742,714,712]","[2218000,2072000,2249000,2054000,2093000]",742,10686000
8,39,5,"[468,736,769,677,713]","[1386000,2165000,2340000,1941000,2143000]",769,9975000
8,40,5,"[548,724,737,684,768]","[1606000,2135000,2227000,2000000,2211000]",768,10179000
8,41,5,"[663,658,733,712,732]","[1902000,1930000,2162000,2063000,2259000]",733,10316000
8,42,5,"[592,671,745,678,710]","[1729000,1944000,2209000,1981000,2128000]",745,9991000
8,43,5,"[518,713,741,724,656]","[1540000,2045000,2266000,2092000,1960000]",741,9903000
8,44,5,"[524,742,731,695,713]","[1516000,2161000,2167000,2047000,2170000]",742,10061000
8,45,5,"[465,726,751,686,726]","[1379000,2111000,2274000,1990000,2181000]",751,9935000
8,46,5,"[705,668,691,715,678]","[2045000,1974000,2081000,2048000,2073000]",715,10221000
8,47,5,"[567,684,786,672,686]","[1632000,2013000,2320000,1926000,2078000]",786,9969000
8,48,5,"[578,647,728,691,708]","[1688000,1872000,2167000,2030000,2140000]",728,9897000
8,49,5,"[578,685,683,689,711]","[1687000,2004000,2019000,2038000,2151000]",711,9899000
8,50,5,"[515,701,746,717,640]","[1504000,2060000,2253000,2062000,1929000]",746,9808000
8,51,5,"[544,674,691,713,774]","[1617000,1978000,2084000,2056000,2301000]",774,10036000
8,52,5,"[462,755,740,682,688]","[1374000,2212000,2245000,1985000,2058000]",755,9874000
8,53,5,"[590,737,671,694,764]","[1711000,2112000,1984000,2035000,2266000]",764,10108000
8,54,5,"[462,741,742,682,725]","[1374000,2138000,2249000,1991000,2168000]",742,9920000
8,55,5,"[683,694,684,710,711]","[1990000,2023000,2054000,2047000,2140000]",711,10254000
8,56,5,"[485,765,736,676,690]","[1402000,2255000,2242000,1967000,2087000]",765,9953000
8,57,5,"[468,701,814,671,652]","[1385000,2040000,2474000,1930000,1964000]",814,9793000
8,58,5,"[634,680,690,824,701]","[1829000,1988000,2087000,2331000,2104000]",824,10339000
8,59,5,"[465,725,787,829,721]","[1380000,2109000,2311000,2306000,2173000]",829,10279000
8,60,5,"[519,715,749,664,692]","[1527000,2103000,2263000,1903000,2074000]",749,9870000
8,61,5,"[472,703,761,674,737]","[1382000,2090000,2308000,1929000,2229000]",761,9938000
8,62,5,"[566,607,753,712,699]","[1686000,1775000,2286000,2054000,2116000]",753,9917000
8,63,5,"[592,656,722,705,709]","[1719000,1906000,2133000,2082000,2144000]",722,9984000
8,64,5,"[541,687,730,695,730]","[1578000,2007000,2177000,2032000,2189000]",730,9983000
8,65,5,"[462,766,732,684,691]","[1374000,2224000,2229000,1991000,2073000]",766,9891000
9,1,5,"[643,601,604,665,549]","[1996000,1727000,1770000,1978000,1641000]",665,9112000
9,2,5,"[643,608,610,585,616]","[1996000,1743000,1784000,1748000,1841000]",643,9112000
9,3,5,"[604,624,612,639,619]","[1825000,1797000,1788000,1902000,1866000]",639,9178000
9,4,5,"[558,623,615,709,564]","[1684000,1787000,1805000,2066000,1682000]",709,9024000
9,5,5,"[643,594,607,668,549]","[1996000,1712000,1784000,1993000,1625000]",668,9110000
9,6,5,"[641,631,613,633,570]","[1996000,1795000,1778000,1890000,1704000]",641,9163000
9,7,5,"[643,601,606,665,549]","[1996000,1727000,1774000,1978000,1641000]",665,9116000
9,8,5,"[641,633,628,632,618]","[1996000,1803000,1815000,1874000,1828000]",641,9316000
9,9,5,"[643,608,613,634,569]","[1996000,1735000,1811000,1892000,1692000]",643,9126000
9,10,5,"[605,627,584,645,633]","[1810000,1793000,1694000,1916000,1904000]",645,9117000
9,11,5,"[643,611,613,613,594]","[1996000,1739000,1795000,1828000,1779000]",643,9137000
9,12,5,"[643,608,610,666,549]","[1996000,1733000,1790000,1983000,1628000]",666,9130000
9,13,5,"[643,608,611,613,594]","[1996000,1740000,1794000,1828000,1779000]",643,9137000
9,14,5,"[643,529,609,671,614]","[1996000,1538000,1779000,1998000,1807000]",671,9118000
9,15,5,"[642,630,623,638,615]","[1996000,1799000,1808000,1890000,1828000]",642,9321000
9,16,5,"[587,616,596,625,658]","[1771000,1770000,1735000,1889000,1970000]",658,9135000
9,17,5,"[643,586,612,665,571]","[1996000,1681000,1789000,1978000,1693000]",665,9137000
9,18,5,"[643,584,609,634,599]","[1996000,1680000,1789000,1892000,1782000]",643,9139000
9,19,5,"[643,608,610,666,549]","[1996000,1740000,1790000,1983000,1625000]",666,9134000
9,20,5,"[581,617,598,626,657]","[1759000,1772000,1745000,1903000,1961000]",657,9140000
9,21,5,"[644,610,612,672,549]","[1998000,1740000,1800000,1998000,1632000]",672,9168000
9,22,5,"[601,672,586,656,574]","[1814000,1913000,1703000,1942000,1715000]",672,9087000
9,23,5,"[641,628,619,634,566]","[1996000,1804000,1799000,1895000,1696000]",641,9190000
9,24,5,"[558,624,616,671,563]","[1684000,1789000,1810000,1996000,1680000]",671,8959000
9,25,5,"[557,625,617,657,603]","[1679000,1790000,1815000,1929000,1796000]",657,9009000
9,26,5,"[641,622,628,634,582]","[1996000,1781000,1830000,1883000,1745000]",641,9235000
9,27,5,"[604,628,554,677,619]","[1820000,1793000,1621000,2026000,1858000]",677,9118000
9,28,5,"[600,680,593,683,656]","[1757000,1942000,1723000,2029000,1995000]",683,9446000
9,29,5,"[643,673,614,601,572]","[1996000,1921000,1800000,1781000,1702000]",673,9200000
9,30,5,"[580,620,595,686,619]","[1752000,1774000,1733000,2047000,1857000]",686,9163000
9,31,5,"[619,603,610,677,606]","[1884000,1731000,1769000,2026000,1827000]",677,9237000
9,32,5,"[642,635,623,638,615]","[1996000,1803000,1808000,1890000,1828000]",642,9325000
9,33,5,"[643,571,620,634,640]","[2006000,1655000,1813000,1892000,1900000]",643,9266000
9,34,5,"[642,640,629,659,601]","[2001000,1833000,1818000,1952000,1776000]",659,9380000
9,35,5,"[643,594,610,616,594]","[1996000,1712000,1789000,1843000,1776000]",643,9116000
9,36,5,"[643,642,606,679,700]","[1996000,1847000,1774000,1994000,2037000]",700,9648000
9,37,5,"[644,603,608,655,613]","[1996000,1740000,1774000,1936000,1802000]",655,9248000
9,38,5,"[641,571,618,638,615]","[1996000,1655000,1797000,1910000,1809000]",641,9167000
9,39,5,"[647,629,613,643,620]","[2026000,1799000,1776000,1932000,1858000]",647,9391000
9,40,5,"[641,630,628,635,583]","[1996000,1797000,1828000,1885000,1743000]",641,9249000
9,41,5,"[641,625,622,633,576]","[1996000,1785000,1808000,1879000,1723000]",641,9191000
9,42,5,"[641,571,617,640,700]","[1996000,1655000,1787000,1922000,2105000]",700,9465000
9,43,5,"[641,624,618,636,582]","[1996000,1781000,1797000,1882000,1736000]",641,9192000
9,44,5,"[645,639,618,637,630]","[1996000,1823000,1788000,1877000,1835000]",645,9319000
9,45,5,"[579,607,618,679,619]","[1747000,1731000,1805000,2034000,1855000]",679,9172000
9,46,5,"[584,601,606,739,549]","[1824000,1736000,1780000,2183000,1633000]",739,9156000
9,47,5,"[643,609,706,516,613]","[1996000,1739000,2051000,1535000,1826000]",706,9147000
9,48,5,"[645,604,616,639,621]","[1911000,1742000,1802000,1902000,1861000]",645,9218000
9,49,5,"[556,596,618,710,574]","[1674000,1703000,1817000,2064000,1714000]",710,8972000
9,50,5,"[643,571,614,667,573]","[1996000,1642000,1809000,1985000,1701000]",667,9133000
9,51,5,"[641,632,580,636,585]","[1996000,1797000,1687000,1905000,1746000]",641,9131000
9,52,5,"[635,602,608,666,580]","[1965000,1727000,1778000,1978000,1708000]",666,9156000
9,53,5,"[642,626,623,657,622]","[1996000,1787000,1808000,1934000,1859000]",657,9384000
9,54,5,"[643,590,608,637,588]","[1996000,1676000,1789000,1907000,1764000]",643,9132000
9,55,5,"[608,598,582,645,707]","[1847000,1694000,1696000,1926000,2091000]",707,9254000
9,56,5,"[643,589,607,613,612]","[1996000,1674000,1774000,1830000,1821000]",643,9095000
9,57,5,"[643,661,577,670,547]","[1996000,1876000,1688000,1991000,1624000]",670,9175000
9,58,5,"[694,605,611,613,594]","[2098000,1735000,1782000,1828000,1779000]",694,9222000
9,59,5,"[695,529,609,671,614]","[2106000,1538000,1779000,1998000,1807000]",695,9228000
9,60,5,"[641,631,628,643,627]","[1996000,1802000,1819000,1904000,1871000]",643,9392000
9,61,5,"[587,619,597,645,660]","[1771000,1787000,1743000,1923000,1977000]",660,9201000
9,62,5,"[643,584,610,663,569]","[1996000,1678000,1789000,1971000,1696000]",663,9130000
9,63,5,"[646,560,640,635,596]","[2011000,1610000,1862000,1890000,1768000]",646,9141000
9,64,5,"[752,588,606,674,548]","[2257000,1667000,1779000,1996000,1627000]",752,9326000
9,65,5,"[589,622,642,629,712]","[1771000,1782000,1839000,1900000,2080000]",712,9372000
10,1,5,"[629,624,666,575,641]","[1819000,1844000,1944000,1627000,1900000]",666,9134000
10,2,5,"[516,624,696,511,683]","[1555000,1837000,1972000,1496000,2035000]",696,8895000
10,3,5,"[644,658,580,652,620]","[1887000,1920000,1713000,1913000,1858000]",658,9291000
10,4,5,"[644,629,661,590,642]","[1855000,1861000,1922000,1639000,1900000]",661,9177000
10,5,5,"[610,621,638,529,673]","[1849000,1838000,1846000,1528000,2021000]",673,9082000
10,6,5,"[635,659,583,631,642]","[1882000,1927000,1722000,1847000,1908000]",659,9286000
10,7,5,"[627,622,625,550,693]","[1818000,1841000,1825000,1550000,2052000]",693,9086000
10,8,5,"[608,622,643,528,686]","[1838000,1844000,1856000,1523000,2041000]",686,9102000
10,9,5,"[642,631,644,536,681]","[1875000,1856000,1873000,1548000,2031000]",681,9183000
10,10,5,"[531,624,651,544,711]","[1585000,1835000,1853000,1556000,2127000]",711,8956000
10,11,5,"[629,621,676,595,641]","[1819000,1838000,1944000,1694000,1900000]",676,9195000
10,12,5,"[626,622,625,550,691]","[1813000,1841000,1824000,1550000,2063000]",691,9091000
10,13,5,"[518,626,713,513,683]","[1555000,1847000,2010000,1500000,2035000]",713,8947000
10,14,5,"[612,625,599,577,683]","[1856000,1837000,1735000,1648000,2035000]",683,9111000
10,15,5,"[648,659,602,580,661]","[1894000,1931000,1750000,1674000,1964000]",661,9213000
10,16,5,"[645,638,648,535,682]","[1885000,1866000,1870000,1520000,2033000]",682,9174000
10,17,5,"[529,631,652,549,710]","[1579000,1847000,1892000,1579000,2120000]",710,9017000
10,18,5,"[654,664,634,574,650]","[1902000,1917000,1840000,1639000,1927000]",664,9225000
10,19,5,"[610,619,643,527,687]","[1859000,1830000,1856000,1523000,2043000]",687,9111000
10,20,5,"[629,627,604,601,683]","[1816000,1843000,1751000,1730000,2005000]",683,9145000
10,21,5,"[634,658,554,582,764]","[1880000,1919000,1625000,1658000,2259000]",764,9341000
10,22,5,"[604,653,671,536,683]","[1763000,1918000,1931000,1500000,2005000]",683,9117000
10,23,5,"[588,655,665,540,697]","[1737000,1926000,1926000,1561000,2063000]",697,9213000
10,24,5,"[518,627,716,514,714]","[1550000,1850000,2024000,1502000,2127000]",716,9053000
10,25,5,"[630,627,606,621,683]","[1818000,1843000,1728000,1797000,2005000]",683,9191000
10,26,5,"[653,625,669,533,677]","[1882000,1844000,1951000,1532000,2027000]",677,9236000
10,27,5,"[630,627,639,602,712]","[1821000,1851000,1834000,1713000,2077000]",712,9296000
10,28,5,"[532,670,690,525,683]","[1573000,1943000,1978000,1518000,2044000]",690,9056000
10,29,5,"[539,633,694,528,706]","[1581000,1865000,1974000,1511000,2075000]",706,9006000
10,30,5,"[634,656,553,631,703]","[1880000,1912000,1623000,1817000,2081000]",703,9313000
10,31,5,"[611,678,702,535,683]","[1882000,1990000,2022000,1554000,2035000]",702,9483000
10,32,5,"[647,619,660,554,689]","[1870000,1834000,1923000,1549000,2026000]",689,9202000
10,33,5,"[617,678,648,610,729]","[1779000,1969000,1878000,1759000,2181000]",729,9566000
10,34,5,"[630,623,665,552,708]","[1821000,1839000,1927000,1550000,2067000]",708,9204000
10,35,5,"[529,634,699,540,684]","[1581000,1853000,1978000,1556000,2046000]",699,9014000
10,36,5,"[626,623,624,580,691]","[1813000,1846000,1822000,1653000,2063000]",691,9197000
10,37,5,"[648,622,663,570,690]","[1872000,1837000,1929000,1591000,2058000]",690,9287000
10,38,5,"[630,622,674,556,693]","[1814000,1836000,1939000,1595000,2025000]",693,9209000
10,39,5,"[625,624,662,534,694]","[1796000,1859000,1924000,1527000,2027000]",694,9133000
10,40,5,"[632,631,613,575,697]","[1829000,1853000,1803000,1594000,2060000]",697,9139000
10,41,5,"[605,661,607,583,674]","[1748000,1910000,1755000,1672000,1993000]",674,9078000
10,42,5,"[654,656,638,534,665]","[1917000,1927000,1846000,1533000,1972000]",665,9195000
10,43,5,"[633,619,671,510,708]","[1824000,1825000,1952000,1451000,2088000]",708,9140000
10,44,5,"[631,659,554,597,721]","[1865000,1920000,1624000,1743000,2138000]",721,9290000
10,45,5,"[630,619,622,584,687]","[1820000,1826000,1831000,1657000,2049000]",687,9183000
10,46,5,"[628,671,664,574,639]","[1812000,1948000,1940000,1631000,1884000]",671,9215000
10,47,5,"[517,631,695,514,753]","[1555000,1854000,1974000,1487000,2171000]",753,9041000
10,48,5,"[684,659,583,653,620]","[1989000,1922000,1711000,1913000,1858000]",684,9393000
10,49,5,"[699,604,667,590,645]","[1994000,1778000,1958000,1648000,1905000]",699,9283000
10,50,5,"[601,626,603,574,671]","[1826000,1864000,1742000,1658000,2011000]",671,9101000
10,51,5,"[636,658,582,604,680]","[1887000,1914000,1720000,1764000,2018000]",680,9303000
10,52,5,"[626,621,622,494,731]","[1813000,1839000,1821000,1402000,2158000]",731,9033000
10,53,5,"[603,631,605,571,684]","[1829000,1876000,1746000,1641000,2040000]",684,9132000
10,54,5,"[650,614,645,534,688]","[1899000,1816000,1860000,1545000,2041000]",688,9161000
10,55,5,"[538,610,651,544,710]","[1604000,1814000,1853000,1556000,2125000]",710,8952000
10,56,5,"[646,619,667,594,644]","[1850000,1829000,1903000,1689000,1915000]",667,9186000
10,57,5,"[625,620,636,551,691]","[1820000,1833000,1868000,1545000,2045000]",691,9111000
10,58,5,"[520,628,715,515,684]","[1559000,1854000,2014000,1500000,2035000]",715,8962000
10,59,5,"[633,625,599,547,683]","[1925000,1837000,1735000,1553000,2035000]",683,9085000
10,60,5,"[657,660,597,580,678]","[1923000,1933000,1731000,1673000,1976000]",678,9236000
10,61,5,"[644,638,605,573,679]","[1875000,1885000,1740000,1663000,2027000]",679,9190000
10,62,5,"[540,641,644,553,706]","[1589000,1877000,1878000,1596000,2114000]",706,9054000
10,63,5,"[701,668,678,575,651]","[2015000,1925000,1928000,1654000,1922000]",701,9444000
10,64,5,"[611,620,640,527,673]","[1864000,1826000,1846000,1523000,2021000]",673,9080000
10,65,5,"[633,625,604,601,717]","[1824000,1833000,1751000,1730000,2073000]",717,9211000
11,1,5,"[669,687,688,700,690]","[1953000,2064000,2065000,2084000,2117000]",700,10283000
11,2,5,"[669,696,694,696,688]","[1953000,2069000,2091000,2088000,2108000]",696,10309000
11,3,5,"[659,685,692,727,623]","[1884000,2047000,2071000,2172000,1897000]",727,10071000
11,4,5,"[588,699,688,703,697]","[1686000,2109000,2065000,2090000,2141000]",703,10091000
11,5,5,"[600,696,690,702,709]","[1704000,2112000,2069000,2088000,2170000]",709,10143000
11,6,5,"[622,718,639,721,709]","[1784000,2135000,1910000,2132000,2151000]",721,10112000
11,7,5,"[651,687,694,727,626]","[1868000,2057000,2085000,2172000,1901000]",727,10083000
11,8,5,"[650,690,692,700,706]","[1825000,2062000,2085000,2084000,2164000]",706,10220000
11,9,5,"[679,689,688,700,686]","[1973000,2062000,2068000,2084000,2101000]",700,10288000
11,10,5,"[659,681,643,732,675]","[1882000,2045000,1916000,2178000,2061000]",732,10082000
11,11,5,"[593,697,690,726,687]","[1694000,2099000,2058000,2163000,2090000]",726,10104000
11,12,5,"[649,692,693,695,703]","[1829000,2062000,2097000,2086000,2147000]",703,10221000
11,13,5,"[601,700,693,705,708]","[1706000,2113000,2078000,2094000,2169000]",708,10160000
11,14,5,"[680,689,689,696,692]","[1984000,2065000,2072000,2083000,2111000]",696,10315000
11,15,5,"[679,688,695,696,690]","[1969000,2066000,2107000,2084000,2109000]",696,10335000
11,16,5,"[671,698,690,692,690]","[1963000,2081000,2085000,2080000,2112000]",698,10321000
11,17,5,"[650,717,644,722,679]","[1882000,2135000,1925000,2137000,2065000]",722,10144000
11,18,5,"[669,696,689,703,688]","[1953000,2069000,2076000,2088000,2108000]",703,10294000
11,19,5,"[659,686,690,728,629]","[1882000,2061000,2065000,2174000,1918000]",728,10100000
11,20,5,"[650,688,640,739,678]","[1877000,2041000,1907000,2202000,2060000]",739,10087000
11,21,5,"[672,735,738,718,689]","[1968000,2182000,2161000,2126000,2082000]",738,10519000
11,22,5,"[728,689,689,702,708]","[2092000,2062000,2065000,2088000,2118000]",728,10425000
11,23,5,"[606,700,692,775,713]","[1734000,2120000,2062000,2252000,2178000]",775,10346000
11,24,5,"[606,700,765,725,679]","[1717000,2091000,2256000,2160000,2071000]",765,10295000
11,25,5,"[651,693,693,709,707]","[1825000,2068000,2080000,2123000,2163000]",709,10259000
11,26,5,"[692,677,695,729,702]","[2009000,2038000,2074000,2165000,2091000]",729,10377000
11,27,5,"[676,710,695,703,670]","[1895000,2152000,2075000,2093000,2020000]",710,10235000
11,28,5,"[601,707,695,703,706]","[1706000,2126000,2084000,2090000,2165000]",707,10171000
11,29,5,"[600,696,692,696,751]","[1709000,2072000,2092000,2088000,2263000]",751,10224000
11,30,5,"[680,698,693,696,692]","[1984000,2074000,2080000,2083000,2111000]",698,10332000
11,31,5,"[646,683,695,736,683]","[1832000,2041000,2088000,2196000,2066000]",736,10223000
11,32,5,"[675,701,688,702,699]","[1950000,2092000,2065000,2088000,2145000]",702,10340000
11,33,5,"[597,760,759,708,723]","[1713000,2219000,2232000,2104000,2160000]",760,10428000
11,34,5,"[608,675,782,790,724]","[1723000,1998000,2317000,2300000,2168000]",790,10506000
11,35,5,"[659,683,640,731,683]","[1882000,2041000,1910000,2189000,2074000]",731,10096000
11,36,5,"[612,700,697,707,765]","[1737000,2087000,2112000,2116000,2262000]",765,10314000
11,37,5,"[650,690,692,728,706]","[1825000,2062000,2085000,2174000,2164000]",728,10310000
11,38,5,"[655,692,697,698,716]","[1855000,2072000,2107000,2091000,2140000]",716,10265000
11,39,5,"[595,720,786,727,729]","[1698000,2105000,2290000,2134000,2172000]",786,10399000
11,40,5,"[598,770,781,705,725]","[1713000,2241000,2309000,2100000,2157000]",781,10520000
11,41,5,"[605,701,687,708,758]","[1717000,2094000,2067000,2114000,2250000]",758,10242000
11,42,5,"[672,695,686,706,694]","[1959000,2082000,2061000,2108000,2125000]",706,10335000
11,43,5,"[605,668,766,731,676]","[1717000,1989000,2260000,2184000,2066000]",766,10216000
11,44,5,"[602,744,688,723,680]","[1723000,2238000,2047000,2148000,2068000]",744,10224000
11,45,5,"[684,689,688,698,686]","[2016000,2059000,2068000,2083000,2098000]",698,10324000
11,46,5,"[669,736,688,669,687]","[1953000,2201000,2069000,1976000,2106000]",736,10305000
11,47,5,"[672,700,640,695,737]","[1959000,2080000,1916000,2072000,2269000]",737,10296000
11,48,5,"[659,684,646,732,675]","[1884000,2037000,1922000,2182000,2058000]",732,10083000
11,49,5,"[621,696,691,704,699]","[1744000,2107000,2071000,2092000,2145000]",704,10159000
11,50,5,"[600,695,692,704,709]","[1731000,2095000,2065000,2092000,2170000]",709,10153000
11,51,5,"[620,732,647,723,708]","[1776000,2170000,1939000,2132000,2151000]",732,10168000
11,52,5,"[657,686,641,728,682]","[1896000,2052000,1910000,2188000,2074000]",728,10120000
11,53,5,"[650,689,713,699,705]","[1832000,2052000,2128000,2082000,2158000]",713,10252000
11,54,5,"[678,683,689,703,759]","[1971000,2041000,2073000,2097000,2252000]",759,10434000
11,55,5,"[660,682,703,730,633]","[1888000,2057000,2081000,2190000,1937000]",730,10153000
11,56,5,"[593,700,693,723,727]","[1689000,2103000,2064000,2157000,2166000]",727,10179000
11,57,5,"[649,692,693,695,703]","[1829000,2062000,2100000,2086000,2153000]",703,10230000
11,58,5,"[632,702,691,705,700]","[1764000,2127000,2074000,2094000,2141000]",705,10200000
11,59,5,"[680,689,689,668,740]","[1984000,2065000,2072000,1993000,2237000]",740,10351000
11,60,5,"[687,690,695,697,687]","[2005000,2073000,2086000,2093000,2098000]",697,10355000
11,61,5,"[671,698,654,692,764]","[1963000,2081000,1972000,2080000,2299000]",764,10395000
11,62,5,"[649,735,652,726,675]","[1877000,2190000,1942000,2138000,2056000]",735,10203000
11,63,5,"[792,696,690,644,688]","[2280000,2069000,2078000,1897000,2108000]",792,10432000
11,64,5,"[639,684,688,797,628]","[1820000,2057000,2065000,2343000,1916000]",797,10201000
11,65,5,"[654,684,639,737,687]","[1876000,2037000,1922000,2198000,2078000]",737,10111000
12,1,5,"[678,728,736,658,700]","[2004000,2141000,2193000,1955000,2148000]",736,10441000
12,2,5,"[678,720,741,660,700]","[2004000,2119000,2211000,1959000,2148000]",741,10441000
12,3,5,"[675,725,731,664,728]","[2004000,2112000,2185000,1975000,2220000]",731,10496000
12,4,5,"[673,719,722,660,734]","[1994000,2100000,2164000,1960000,2231000]",734,10449000
12,5,5,"[673,722,727,658,735]","[1994000,2108000,2183000,1950000,2241000]",735,10476000
12,6,5,"[681,719,721,665,734]","[2019000,2101000,2162000,1957000,2241000]",734,10480000
12,7,5,"[675,731,731,668,731]","[2004000,2128000,2185000,1981000,2225000]",731,10523000
12,8,5,"[679,725,737,654,699]","[2006000,2128000,2193000,1972000,2151000]",737,10450000
12,9,5,"[690,731,724,717,708]","[2023000,2128000,2151000,2143000,2163000]",731,10608000
12,10,5,"[681,730,739,671,702]","[2019000,2141000,2193000,1971000,2156000]",739,10480000
12,11,5,"[602,719,734,661,801]","[1780000,2092000,2192000,1961000,2440000]",801,10465000
12,12,5,"[673,698,733,670,734]","[1994000,2066000,2201000,1980000,2241000]",734,10482000
12,13,5,"[679,718,733,692,714]","[2009000,2108000,2195000,2041000,2194000]",733,10547000
12,14,5,"[681,722,742,668,702]","[2019000,2119000,2213000,1965000,2156000]",742,10472000
12,15,5,"[680,731,732,669,733]","[2023000,2118000,2193000,1988000,2240000]",733,10562000
12,16,5,"[673,731,726,731,717]","[1994000,2128000,2163000,2169000,2163000]",731,10617000
12,17,5,"[678,710,741,657,733]","[2004000,2081000,2211000,1944000,2246000]",741,10486000
12,18,5,"[681,719,721,665,734]","[2022000,2104000,2162000,1957000,2241000]",734,10486000
12,19,5,"[602,726,731,663,798]","[1780000,2112000,2184000,1971000,2439000]",798,10486000
12,20,5,"[675,711,732,664,734]","[2004000,2078000,2192000,1980000,2241000]",734,10495000
12,21,5,"[687,713,752,700,721]","[2031000,2083000,2233000,2061000,2201000]",752,10609000
12,22,5,"[684,733,777,694,713]","[2037000,2135000,2314000,2051000,2158000]",777,10695000
12,23,5,"[675,702,737,740,768]","[2004000,2074000,2215000,2143000,2328000]",768,10764000
12,24,5,"[683,743,731,668,717]","[2032000,2194000,2170000,1992000,2183000]",743,10571000
12,25,5,"[681,721,731,657,733]","[2019000,2109000,2188000,1953000,2246000]",733,10515000
12,26,5,"[705,721,746,661,701]","[2058000,2118000,2236000,1965000,2156000]",746,10533000
12,27,5,"[745,737,751,682,706]","[2145000,2138000,2248000,2037000,2158000]",751,10726000
12,28,5,"[678,731,743,673,733]","[2013000,2128000,2227000,2001000,2231000]",743,10600000
12,29,5,"[705,706,786,687,739]","[2064000,2072000,2321000,2003000,2247000]",786,10707000
12,30,5,"[646,724,808,686,765]","[1892000,2115000,2360000,2017000,2331000]",808,10715000
12,31,5,"[699,721,732,660,734]","[2052000,2106000,2193000,1968000,2248000]",734,10567000
12,32,5,"[762,736,754,699,781]","[2134000,2141000,2249000,2057000,2337000]",781,10918000
12,33,5,"[675,726,774,699,724]","[2004000,2110000,2298000,2051000,2192000]",774,10655000
12,34,5,"[674,725,765,691,697]","[1996000,2122000,2268000,2045000,2119000]",765,10550000
12,35,5,"[673,745,766,676,707]","[1994000,2154000,2312000,2007000,2154000]",766,10621000
12,36,5,"[736,726,738,654,727]","[2123000,2114000,2199000,1934000,2219000]",738,10589000
12,37,5,"[683,721,743,665,701]","[2014000,2118000,2221000,1985000,2158000]",743,10496000
12,38,5,"[673,697,740,669,734]","[1994000,2059000,2218000,1986000,2241000]",740,10498000
12,39,5,"[677,751,760,693,741]","[1994000,2171000,2250000,2054000,2247000]",760,10716000
12,40,5,"[676,692,775,700,694]","[2009000,2044000,2300000,2053000,2118000]",775,10524000
12,41,5,"[652,722,766,692,763]","[1909000,2110000,2258000,2032000,2321000]",766,10630000
12,42,5,"[676,752,757,708,765]","[2000000,2179000,2253000,2121000,2302000]",765,10855000
12,43,5,"[682,724,741,677,726]","[2019000,2124000,2211000,1988000,2189000]",741,10531000
12,44,5,"[676,731,722,729,716]","[2009000,2128000,2164000,2172000,2161000]",731,10634000
12,45,5,"[673,731,732,664,731]","[1994000,2128000,2190000,1961000,2225000]",732,10498000
12,46,5,"[680,773,738,658,700]","[1978000,2264000,2193000,1955000,2146000]",773,10536000
12,47,5,"[681,738,742,662,702]","[2009000,2155000,2211000,1966000,2151000]",742,10492000
12,48,5,"[689,724,736,656,735]","[2030000,2114000,2200000,1936000,2236000]",736,10516000
12,49,5,"[673,719,725,662,734]","[1994000,2096000,2164000,1965000,2241000]",734,10460000
12,50,5,"[673,803,725,661,733]","[1994000,2273000,2173000,1956000,2245000]",803,10641000
12,51,5,"[678,718,724,702,733]","[2025000,2101000,2169000,2036000,2240000]",733,10571000
12,52,5,"[673,726,739,664,731]","[1994000,2112000,2207000,1961000,2225000]",739,10499000
12,53,5,"[676,722,736,656,698]","[1998000,2118000,2193000,1974000,2146000]",736,10429000
12,54,5,"[696,731,714,738,708]","[2037000,2128000,2136000,2224000,2163000]",738,10688000
12,55,5,"[681,729,739,656,725]","[2019000,2139000,2193000,1926000,2224000]",739,10501000
12,56,5,"[602,792,734,602,801]","[1780000,2298000,2192000,1780000,2460000]",801,10510000
12,57,5,"[677,694,735,674,750]","[2014000,2046000,2193000,1997000,2269000]",750,10519000
12,58,5,"[683,715,729,699,714]","[2029000,2094000,2187000,2061000,2189000]",729,10560000
12,59,5,"[681,721,750,671,701]","[2019000,2112000,2227000,1973000,2156000]",750,10487000
12,60,5,"[683,735,735,677,751]","[2028000,2130000,2199000,2002000,2273000]",751,10632000
12,61,5,"[673,725,733,730,720]","[1994000,2110000,2183000,2167000,2178000]",733,10632000
12,62,5,"[678,710,756,654,733]","[2004000,2081000,2241000,1938000,2246000]",756,10510000
12,63,5,"[687,718,727,666,749]","[2039000,2095000,2164000,1970000,2265000]",749,10533000
12,64,5,"[604,723,734,657,801]","[1784000,2104000,2185000,1950000,2436000]",801,10459000
12,65,5,"[675,711,729,655,748]","[2004000,2078000,2187000,1934000,2274000]",748,10477000
13,1,5,"[553,689,622,702,718]","[1591000,2041000,1858000,2079000,2114000]",718,9683000
13,2,5,"[527,597,662,720,718]","[1568000,1745000,1984000,2133000,2103000]",720,9533000
13,3,5,"[534,629,656,719,712]","[1560000,1858000,1964000,2131000,2088000]",719,9601000
13,4,5,"[570,681,659,704,698]","[1629000,2025000,1975000,2089000,2023000]",704,9741000
13,5,5,"[634,686,667,698,670]","[1862000,1997000,2024000,2071000,1967000]",698,9921000
13,6,5,"[527,596,638,732,718]","[1568000,1748000,1921000,2172000,2121000]",732,9530000
13,7,5,"[686,599,667,681,708]","[1939000,1749000,2006000,2007000,2082000]",708,9783000
13,8,5,"[597,629,656,719,712]","[1692000,1853000,1965000,2131000,2088000]",719,9729000
13,9,5,"[573,690,619,703,718]","[1635000,2058000,1859000,2081000,2105000]",718,9738000
13,10,5,"[530,603,665,720,717]","[1573000,1751000,1989000,2133000,2115000]",720,9561000
13,11,5,"[539,626,654,721,714]","[1574000,1842000,1970000,2136000,2088000]",721,9610000
13,12,5,"[534,630,629,731,720]","[1560000,1858000,1891000,2179000,2118000]",731,9606000
13,13,5,"[638,692,669,667,709]","[1870000,2026000,2031000,1961000,2081000]",709,9969000
13,14,5,"[570,689,650,694,719]","[1629000,2059000,1942000,2042000,2119000]",719,9791000
13,15,5,"[596,645,658,718,712]","[1690000,1899000,1985000,2129000,2096000]",718,9799000
13,16,5,"[494,685,666,720,717]","[1486000,1997000,1992000,2129000,2109000]",720,9713000
13,17,5,"[685,598,666,684,711]","[1934000,1742000,2016000,2013000,2094000]",711,9799000
13,18,5,"[582,600,667,721,708]","[1680000,1754000,2009000,2138000,2082000]",721,9663000
13,19,5,"[662,689,711,708,704]","[1961000,1989000,2123000,2053000,2065000]",711,10191000
13,20,5,"[666,598,667,718,708]","[1881000,1746000,2006000,2111000,2082000]",718,9826000
13,21,5,"[683,747,674,701,673]","[1998000,2189000,2050000,2058000,1972000]",747,10267000
13,22,5,"[570,625,645,776,701]","[1629000,1850000,1946000,2296000,2041000]",776,9762000
13,23,5,"[494,763,688,738,686]","[1486000,2210000,2039000,2165000,2019000]",763,9919000
13,24,5,"[561,679,762,721,748]","[1662000,1967000,2157000,2131000,2211000]",762,10128000
13,25,5,"[536,700,635,741,683]","[1567000,2044000,1896000,2176000,2020000]",741,9703000
13,26,5,"[694,544,683,764,707]","[1952000,1584000,2049000,2248000,2067000]",764,9900000
13,27,5,"[487,642,712,742,750]","[1434000,1863000,2113000,2204000,2217000]",750,9831000
13,28,5,"[540,644,649,775,705]","[1578000,1875000,1953000,2294000,2052000]",775,9752000
13,29,5,"[494,685,718,726,734]","[1486000,1979000,2114000,2141000,2166000]",734,9886000
13,30,5,"[575,650,652,742,692]","[1687000,1875000,1948000,2183000,2037000]",742,9730000
13,31,5,"[537,811,595,751,684]","[1567000,2353000,1770000,2201000,2025000]",811,9916000
13,32,5,"[591,658,628,748,689]","[1688000,1952000,1869000,2195000,2019000]",748,9723000
13,33,5,"[592,740,668,702,676]","[1727000,2164000,2019000,2067000,1981000]",740,9958000
13,34,5,"[590,655,664,745,678]","[1688000,1937000,1977000,2189000,1963000]",745,9754000
13,35,5,"[540,609,651,719,721]","[1557000,1813000,1946000,2134000,2114000]",721,9564000
13,36,5,"[660,546,723,782,754]","[1858000,1590000,2114000,2262000,2234000]",782,10058000
13,37,5,"[635,566,710,730,717]","[1847000,1640000,2104000,2153000,2093000]",730,9837000
13,38,5,"[563,626,658,721,712]","[1654000,1852000,1975000,2133000,2088000]",721,9702000
13,39,5,"[598,674,698,772,701]","[1775000,1951000,2088000,2243000,2062000]",772,10119000
13,40,5,"[534,626,613,778,711]","[1560000,1847000,1863000,2276000,2083000]",778,9629000
13,41,5,"[594,703,661,716,747]","[1731000,2039000,1975000,2113000,2169000]",747,10027000
13,42,5,"[666,547,704,735,718]","[1875000,1595000,2077000,2187000,2112000]",735,9846000
13,43,5,"[581,583,657,724,715]","[1693000,1721000,1979000,2150000,2108000]",724,9651000
13,44,5,"[596,660,695,775,714]","[1704000,1946000,2070000,2249000,2094000]",775,10063000
13,45,5,"[576,671,663,700,674]","[1692000,1936000,2001000,2054000,1975000]",700,9658000
13,46,5,"[553,685,622,739,718]","[1591000,2033000,1858000,2153000,2114000]",739,9749000
13,47,5,"[528,607,663,718,719]","[1572000,1762000,1995000,2129000,2100000]",719,9558000
13,48,5,"[537,589,742,724,714]","[1562000,1749000,2153000,2156000,2094000]",742,9714000
13,49,5,"[571,687,687,692,707]","[1631000,2039000,2046000,2042000,2047000]",707,9805000
13,50,5,"[634,689,647,700,692]","[1860000,2005000,1953000,2064000,2035000]",700,9917000
13,51,5,"[527,596,718,778,725]","[1568000,1747000,2093000,2263000,2135000]",778,9806000
13,52,5,"[691,596,661,683,712]","[1954000,1750000,1985000,2007000,2096000]",712,9792000
13,53,5,"[599,662,648,725,720]","[1696000,1911000,1944000,2149000,2109000]",725,9809000
13,54,5,"[572,683,620,706,722]","[1633000,2026000,1861000,2093000,2107000]",722,9720000
13,55,5,"[529,607,664,718,716]","[1574000,1772000,1981000,2129000,2101000]",718,9557000
13,56,5,"[540,626,653,722,712]","[1574000,1842000,1987000,2137000,2093000]",722,9633000
13,57,5,"[575,630,627,740,716]","[1641000,1860000,1886000,2204000,2094000]",740,9685000
13,58,5,"[626,690,670,670,715]","[1846000,2020000,2039000,1961000,2093000]",715,9959000
13,59,5,"[570,692,651,697,734]","[1629000,2058000,1934000,2048000,2146000]",734,9815000
13,60,5,"[597,641,628,728,717]","[1692000,1887000,1901000,2164000,2116000]",728,9760000
13,61,5,"[534,693,669,722,710]","[1578000,2008000,2013000,2139000,2081000]",722,9819000
13,62,5,"[690,596,640,698,713]","[1939000,1748000,1928000,2056000,2089000]",713,9760000
13,63,5,"[585,600,669,782,708]","[1685000,1759000,2019000,2257000,2082000]",782,9802000
13,64,5,"[663,695,682,746,703]","[1966000,2000000,2030000,2158000,2074000]",746,10228000
13,65,5,"[664,594,670,726,721]","[1871000,1746000,1994000,2127000,2105000]",726,9843000
14,1,5,"[546,673,593,720,756]","[1635000,2014000,1712000,2151000,2292000]",756,9804000
14,2,5,"[613,697,635,701,724]","[1806000,2078000,1822000,2084000,2189000]",724,9979000
14,3,5,"[524,699,569,723,757]","[1561000,2041000,1633000,2181000,2292000]",757,9708000
14,4,5,"[631,671,588,725,723]","[1852000,2007000,1704000,2158000,2187000]",725,9908000
14,5,5,"[633,713,588,719,723]","[1907000,2094000,1697000,2138000,2187000]",723,10023000
14,6,5,"[563,697,564,751,727]","[1683000,2078000,1612000,2264000,2192000]",751,9829000
14,7,5,"[638,654,565,734,728]","[1906000,1953000,1610000,2197000,2192000]",734,9858000
14,8,5,"[650,666,592,733,727]","[1962000,1970000,1675000,2189000,2191000]",733,9987000
14,9,5,"[637,710,586,726,725]","[1922000,2094000,1694000,2158000,2191000]",726,10059000
14,10,5,"[641,659,564,734,728]","[1926000,1956000,1608000,2197000,2196000]",734,9883000
14,11,5,"[686,664,586,725,725]","[2009000,1994000,1697000,2174000,2191000]",725,10065000
14,12,5,"[562,696,567,711,756]","[1675000,2076000,1617000,2145000,2292000]",756,9805000
14,13,5,"[633,714,615,723,723]","[1914000,2093000,1751000,2158000,2187000]",723,10103000
14,14,5,"[722,686,578,697,723]","[2142000,2044000,1658000,2080000,2187000]",723,10111000
14,15,5,"[662,662,566,736,730]","[1993000,1962000,1612000,2197000,2196000]",736,9960000
14,16,5,"[638,710,588,727,724]","[1921000,2104000,1699000,2163000,2187000]",727,10074000
14,17,5,"[638,682,577,733,725]","[1914000,2051000,1651000,2187000,2191000]",733,9994000
14,18,5,"[643,722,550,734,727]","[1889000,2149000,1571000,2191000,2193000]",734,9993000
14,19,5,"[638,662,590,739,725]","[1877000,1982000,1675000,2207000,2191000]",739,9932000
14,20,5,"[596,701,568,755,725]","[1753000,2087000,1617000,2269000,2187000]",755,9913000
14,21,5,"[705,711,584,759,728]","[2074000,2096000,1690000,2226000,2206000]",759,10292000
14,22,5,"[885,707,569,731,730]","[2652000,2100000,1622000,2158000,2197000]",885,10729000
14,23,5,"[638,710,586,734,726]","[1921000,2104000,1691000,2193000,2192000]",734,10101000
14,24,5,"[634,691,593,736,726]","[1861000,2060000,1681000,2189000,2193000]",736,9984000
14,25,5,"[636,660,591,739,725]","[1873000,1978000,1677000,2207000,2191000]",739,9926000
14,26,5,"[779,698,572,771,760]","[2382000,2042000,1641000,2256000,2303000]",779,10624000
14,27,5,"[615,702,570,733,756]","[1833000,2060000,1644000,2225000,2292000]",756,10054000
14,28,5,"[580,699,565,751,727]","[1734000,2082000,1623000,2264000,2192000]",751,9895000
14,29,5,"[651,712,588,723,723]","[1891000,2129000,1664000,2158000,2187000]",723,10029000
14,30,5,"[665,763,564,737,728]","[1971000,2209000,1608000,2203000,2192000]",763,10183000
14,31,5,"[637,714,572,732,726]","[1906000,2075000,1626000,2193000,2192000]",732,9992000
14,32,5,"[604,712,616,723,726]","[1777000,2129000,1756000,2158000,2191000]",726,10011000
14,33,5,"[666,662,547,734,728]","[2013000,1962000,1556000,2193000,2196000]",734,9920000
14,34,5,"[641,711,628,738,724]","[1932000,2100000,1809000,2163000,2187000]",738,10191000
14,35,5,"[644,662,604,745,728]","[1900000,1968000,1706000,2239000,2192000]",745,10005000
14,36,5,"[991,699,572,775,760]","[3101000,2037000,1633000,2343000,2297000]",991,11411000
14,37,5,"[643,661,565,744,728]","[1879000,1948000,1613000,2238000,2192000]",744,9870000
14,38,5,"[712,733,568,738,731]","[2090000,2150000,1608000,2197000,2198000]",738,10243000
14,39,5,"[649,667,601,726,728]","[1968000,1994000,1750000,2164000,2203000]",728,10079000
14,40,5,"[635,692,595,729,728]","[1872000,2065000,1697000,2158000,2196000]",729,9988000
14,41,5,"[689,702,619,758,726]","[1992000,2089000,1782000,2231000,2192000]",758,10286000
14,42,5,"[648,669,564,746,759]","[1918000,1980000,1632000,2238000,2294000]",759,10062000
14,43,5,"[685,721,614,726,726]","[2015000,2084000,1773000,2174000,2193000]",726,10239000
14,44,5,"[621,765,563,754,724]","[1871000,2229000,1618000,2266000,2189000]",765,10173000
14,45,5,"[524,699,632,732,765]","[1561000,2045000,1816000,2166000,2307000]",765,9895000
14,46,5,"[546,673,593,720,779]","[1635000,1987000,1712000,2151000,2365000]",779,9850000
14,47,5,"[608,692,637,702,724]","[1801000,2065000,1829000,2084000,2189000]",724,9968000
14,48,5,"[526,648,623,730,757]","[1570000,1887000,1798000,2193000,2292000]",757,9740000
14,49,5,"[634,697,556,725,724]","[1855000,2084000,1604000,2162000,2192000]",725,9897000
14,50,5,"[630,668,585,719,726]","[1885000,2002000,1695000,2138000,2202000]",726,9922000
14,51,5,"[563,710,564,751,730]","[1683000,2119000,1612000,2264000,2182000]",751,9860000
14,52,5,"[636,652,606,720,729]","[1905000,1946000,1737000,2124000,2196000]",729,9908000
14,53,5,"[650,718,567,735,727]","[1960000,2098000,1605000,2193000,2191000]",735,10047000
14,54,5,"[636,673,595,724,726]","[1905000,2007000,1739000,2158000,2193000]",726,10002000
14,55,5,"[639,659,566,759,728]","[1921000,1956000,1618000,2265000,2209000]",759,9969000
14,56,5,"[686,664,585,725,755]","[2009000,1994000,1695000,2174000,2251000]",755,10123000
14,57,5,"[560,696,567,673,799]","[1680000,2076000,1617000,2025000,2422000]",799,9820000
14,58,5,"[632,711,610,725,724]","[1906000,2084000,1745000,2162000,2187000]",725,10084000
14,59,5,"[722,686,578,774,674]","[2142000,2044000,1658000,2300000,2029000]",774,10173000
14,60,5,"[619,690,566,740,730]","[1873000,2040000,1612000,2217000,2196000]",740,9938000
14,61,5,"[698,711,594,716,727]","[2068000,2104000,1713000,2107000,2195000]",727,10187000
14,62,5,"[649,772,519,740,725]","[1969000,2261000,1473000,2212000,2192000]",772,10107000
14,63,5,"[636,714,583,743,726]","[1869000,2104000,1673000,2211000,2193000]",743,10050000
14,64,5,"[639,642,592,742,725]","[1890000,1928000,1675000,2206000,2194000]",742,9893000
14,65,5,"[596,702,566,755,725]","[1753000,2091000,1613000,2269000,2187000]",755,9913000
15,1,5,"[552,745,565,733,705]","[1605000,2297000,1634000,2184000,2091000]",745,9811000
15,2,5,"[495,731,691,744,704]","[1488000,2214000,2002000,2169000,1999000]",744,9872000
15,3,5,"[586,736,641,731,649]","[1687000,2234000,1888000,2178000,1910000]",736,9897000
15,4,5,"[632,724,580,734,690]","[1806000,2219000,1682000,2173000,2091000]",734,9971000
15,5,5,"[592,729,689,705,699]","[1690000,2211000,1992000,2097000,2060000]",729,10050000
15,6,5,"[586,731,699,739,656]","[1678000,2211000,2014000,2204000,1943000]",739,10050000
15,7,5,"[553,735,694,730,737]","[1601000,2265000,2003000,2207000,2152000]",737,10228000
15,8,5,"[592,729,691,735,731]","[1694000,2207000,2003000,2196000,2191000]",735,10291000
15,9,5,"[617,734,648,736,726]","[1768000,2216000,1891000,2179000,2183000]",736,10237000
15,10,5,"[614,744,576,682,751]","[1750000,2292000,1642000,2009000,2227000]",751,9920000
15,11,5,"[583,733,692,740,649]","[1676000,2211000,1993000,2205000,1916000]",740,10001000
15,12,5,"[482,709,699,723,741]","[1408000,2178000,2004000,2175000,2155000]",741,9920000
15,13,5,"[476,735,694,730,742]","[1396000,2231000,1995000,2197000,2159000]",742,9978000
15,14,5,"[616,746,579,738,711]","[1754000,2299000,1658000,2141000,2094000]",746,9946000
15,15,5,"[587,713,697,727,739]","[1665000,2184000,2021000,2186000,2144000]",739,10200000
15,16,5,"[563,730,702,729,737]","[1631000,2246000,2004000,2196000,2152000]",737,10229000
15,17,5,"[513,738,673,727,740]","[1500000,2241000,1930000,2183000,2155000]",740,10009000
15,18,5,"[549,731,702,738,737]","[1590000,2251000,2004000,2232000,2152000]",738,10229000
15,19,5,"[478,734,691,731,742]","[1400000,2231000,1989000,2212000,2159000]",742,9991000
15,20,5,"[553,738,693,731,739]","[1601000,2272000,1987000,2193000,2156000]",739,10209000
15,21,5,"[616,767,588,787,740]","[1748000,2366000,1707000,2310000,2158000]",787,10289000
15,22,5,"[671,755,624,741,796]","[1893000,2307000,1786000,2160000,2327000]",796,10473000
15,23,5,"[569,735,680,760,684]","[1654000,2190000,1951000,2246000,2010000]",760,10051000
15,24,5,"[527,789,664,765,723]","[1576000,2359000,1913000,2247000,2083000]",789,10178000
15,25,5,"[612,745,590,679,747]","[1746000,2297000,1692000,1994000,2216000]",747,9945000
15,26,5,"[588,792,697,745,674]","[1765000,2375000,1997000,2212000,1984000]",792,10333000
15,27,5,"[590,779,572,686,746]","[1716000,2391000,1636000,2001000,2209000]",779,9953000
15,28,5,"[618,763,677,806,743]","[1767000,2306000,1954000,2351000,2164000]",806,10542000
15,29,5,"[717,728,744,740,728]","[2010000,2209000,2117000,2207000,2203000]",744,10746000
15,30,5,"[588,740,645,809,786]","[1703000,2248000,1898000,2343000,2259000]",809,10451000
15,31,5,"[558,742,560,743,711]","[1610000,2288000,1609000,2212000,2099000]",743,9818000
15,32,5,"[556,747,560,733,739]","[1616000,2292000,1605000,2203000,2153000]",747,9869000
15,33,5,"[652,733,674,741,753]","[1885000,2178000,1959000,2229000,2231000]",753,10482000
15,34,5,"[589,734,719,739,649]","[1696000,2213000,2061000,2200000,1911000]",739,10081000
15,35,5,"[610,804,670,731,737]","[1745000,2385000,1923000,2206000,2152000]",804,10411000
15,36,5,"[617,771,591,747,744]","[1751000,2371000,1708000,2239000,2165000]",771,10234000
15,37,5,"[517,730,693,784,799]","[1513000,2222000,2002000,2291000,2282000]",799,10310000
15,38,5,"[557,748,573,734,729]","[1614000,2292000,1668000,2200000,2105000]",748,9879000
15,39,5,"[513,737,664,748,802]","[1494000,2242000,1916000,2211000,2306000]",802,10169000
15,40,5,"[656,723,580,743,748]","[1879000,2188000,1674000,2221000,2231000]",748,10193000
15,41,5,"[672,799,627,747,621]","[1893000,2404000,1786000,2231000,1849000]",799,10163000
15,42,5,"[638,764,574,806,644]","[1810000,2366000,1661000,2331000,1929000]",806,10097000
15,43,5,"[531,730,693,818,799]","[1550000,2213000,1994000,2351000,2275000]",818,10383000
15,44,5,"[517,733,678,757,647]","[1511000,2199000,1939000,2258000,1939000]",757,9846000
15,45,5,"[534,731,648,740,723]","[1506000,2211000,1890000,2206000,2154000]",740,9967000
15,46,5,"[606,749,538,735,701]","[1743000,2301000,1551000,2189000,2074000]",749,9858000
15,47,5,"[495,734,696,745,709]","[1488000,2231000,2015000,2180000,2005000]",745,9919000
15,48,5,"[586,742,638,695,692]","[1687000,2255000,1873000,2066000,2044000]",742,9925000
15,49,5,"[628,692,579,734,727]","[1801000,2117000,1659000,2185000,2192000]",734,9954000
15,50,5,"[601,730,642,704,684]","[1741000,2213000,1884000,2095000,2018000]",730,9951000
15,51,5,"[570,732,695,739,650]","[1645000,2213000,2026000,2204000,1907000]",739,9995000
15,52,5,"[556,733,688,737,740]","[1607000,2261000,1980000,2218000,2167000]",740,10233000
15,53,5,"[591,737,694,746,729]","[1697000,2238000,2015000,2229000,2208000]",746,10387000
15,54,5,"[619,734,649,797,679]","[1780000,2213000,1901000,2361000,2029000]",797,10284000
15,55,5,"[618,684,581,685,788]","[1764000,2117000,1672000,1999000,2349000]",788,9901000
15,56,5,"[569,730,689,743,646]","[1639000,2213000,1987000,2213000,1885000]",743,9937000
15,57,5,"[518,711,670,723,741]","[1502000,2180000,1925000,2175000,2155000]",741,9937000
15,58,5,"[493,735,705,730,742]","[1440000,2232000,2019000,2186000,2159000]",742,10036000
15,59,5,"[618,744,575,680,771]","[1763000,2292000,1651000,1969000,2299000]",771,9974000
15,60,5,"[587,694,784,729,739]","[1665000,2090000,2246000,2190000,2144000]",784,10335000
15,61,5,"[562,733,701,789,614]","[1631000,2252000,2004000,2394000,1815000]",789,10096000
15,62,5,"[520,738,673,727,740]","[1515000,2241000,1930000,2183000,2155000]",740,10024000
15,63,5,"[551,804,700,742,676]","[1597000,2457000,2019000,2230000,1962000]",804,10265000
15,64,5,"[479,734,690,730,744]","[1402000,2233000,1999000,2198000,2159000]",744,9991000
15,65,5,"[553,736,690,740,735]","[1601000,2268000,1981000,2227000,2145000]",740,10222000
16,1,5,"[554,681,690,688,680]","[1600000,2003000,2053000,2078000,1980000]",690,9714000
16,2,5,"[516,705,695,709,585]","[1533000,2048000,2090000,2122000,1707000]",709,9500000
16,3,5,"[521,699,680,735,571]","[1531000,2003000,2038000,2199000,1661000]",735,9432000
16,4,5,"[544,687,693,691,614]","[1604000,1992000,2068000,2088000,1783000]",693,9535000
16,5,5,"[519,645,683,681,691]","[1539000,1878000,2065000,2051000,2030000]",691,9563000
16,6,5,"[542,680,691,689,679]","[1591000,2001000,2055000,2083000,1975000]",691,9705000
16,7,5,"[559,643,657,697,685]","[1652000,1882000,1980000,2108000,1982000]",697,9604000
16,8,5,"[536,690,689,706,614]","[1585000,1993000,2068000,2107000,1783000]",706,9536000
16,9,5,"[520,700,732,676,588]","[1544000,2042000,2209000,2005000,1725000]",732,9525000
16,10,5,"[559,643,657,697,685]","[1652000,1882000,1980000,2108000,1982000]",697,9604000
16,11,5,"[547,676,693,661,673]","[1595000,1986000,2067000,1984000,1989000]",693,9621000
16,12,5,"[566,683,683,690,689]","[1673000,1982000,2068000,2082000,2001000]",690,9806000
16,13,5,"[520,693,690,695,679]","[1535000,2004000,2078000,2083000,1979000]",695,9679000
16,14,5,"[543,690,689,706,614]","[1600000,1993000,2068000,2107000,1783000]",706,9551000
16,15,5,"[548,683,697,653,678]","[1595000,2005000,2073000,1969000,2016000]",697,9658000
16,16,5,"[566,683,683,691,689]","[1673000,1982000,2068000,2084000,2001000]",691,9808000
16,17,5,"[533,643,702,692,686]","[1567000,1882000,2103000,2083000,1986000]",702,9621000
16,18,5,"[542,677,692,690,680]","[1591000,1992000,2060000,2088000,1980000]",692,9711000
16,19,5,"[509,626,715,713,690]","[1507000,1828000,2120000,2151000,2012000]",715,9618000
16,20,5,"[519,648,680,717,666]","[1535000,1884000,2050000,2153000,1946000]",717,9568000
16,21,5,"[537,698,679,745,661]","[1570000,1998000,2040000,2253000,1883000]",745,9744000
16,22,5,"[538,652,678,712,708]","[1577000,1892000,2039000,2150000,2060000]",712,9718000
16,23,5,"[699,645,703,709,643]","[2074000,1892000,2112000,2112000,1893000]",709,10083000
16,24,5,"[581,700,681,743,660]","[1720000,2012000,2038000,2243000,1904000]",743,9917000
16,25,5,"[550,841,700,708,643]","[1601000,2432000,2102000,2115000,1897000]",841,10147000
16,26,5,"[693,683,696,694,717]","[1985000,2006000,2069000,2085000,2087000]",717,10232000
16,27,5,"[547,676,704,704,644]","[1595000,2003000,2092000,2105000,1903000]",704,9698000
16,28,5,"[542,691,688,696,712]","[1575000,2000000,2073000,2081000,2021000]",712,9750000
16,29,5,"[531,589,785,691,674]","[1569000,1713000,2317000,2067000,1948000]",785,9614000
16,30,5,"[573,683,695,690,692]","[1644000,1996000,2053000,2069000,2005000]",695,9767000
16,31,5,"[780,640,760,699,692]","[2284000,1859000,2222000,2091000,2026000]",780,10482000
16,32,5,"[538,692,679,711,690]","[1595000,1981000,2043000,2153000,2010000]",711,9782000
16,33,5,"[519,646,682,739,694]","[1539000,1880000,2050000,2197000,2028000]",739,9694000
16,34,5,"[517,648,678,742,636]","[1533000,1882000,2040000,2240000,1842000]",742,9537000
16,35,5,"[519,699,674,730,587]","[1539000,2031000,2029000,2178000,1717000]",730,9494000
16,36,5,"[539,687,699,705,621]","[1591000,1992000,2118000,2107000,1823000]",705,9631000
16,37,5,"[558,736,682,697,730]","[1606000,2106000,2058000,2101000,2122000]",736,9993000
16,38,5,"[566,683,683,690,683]","[1673000,1982000,2068000,2082000,1965000]",690,9770000
16,39,5,"[509,689,683,703,687]","[1502000,2004000,2065000,2108000,2005000]",703,9684000
16,40,5,"[506,711,656,711,693]","[1498000,2040000,1981000,2147000,2013000]",711,9679000
16,41,5,"[534,582,804,694,685]","[1574000,1702000,2352000,2077000,1991000]",804,9696000
16,42,5,"[548,721,698,704,646]","[1588000,2069000,2113000,2108000,1909000]",721,9787000
16,43,5,"[570,589,785,691,683]","[1707000,1713000,2317000,2067000,1981000]",785,9785000
16,44,5,"[799,626,697,714,700]","[2409000,1798000,2084000,2107000,2019000]",799,10417000
16,45,5,"[519,705,698,725,590]","[1539000,2056000,2105000,2141000,1717000]",725,9558000
16,46,5,"[557,681,695,783,583]","[1605000,2007000,2072000,2349000,1700000]",783,9733000
16,47,5,"[516,675,695,709,585]","[1533000,1983000,2090000,2122000,1707000]",709,9435000
16,48,5,"[545,625,677,735,571]","[1615000,1829000,2030000,2199000,1661000]",735,9334000
16,49,5,"[544,687,693,691,612]","[1604000,1995000,2068000,2088000,1776000]",693,9531000
16,50,5,"[521,647,680,680,689]","[1546000,1882000,2045000,2044000,2016000]",689,9533000
16,51,5,"[542,683,700,688,680]","[1579000,2019000,2071000,2078000,1987000]",700,9734000
16,52,5,"[559,631,657,691,685]","[1652000,1858000,1980000,2075000,1982000]",691,9547000
16,53,5,"[543,687,693,691,614]","[1597000,1992000,2068000,2088000,1783000]",693,9528000
16,54,5,"[525,698,730,680,559]","[1563000,2029000,2204000,2015000,1655000]",730,9466000
16,55,5,"[611,623,659,693,683]","[1780000,1819000,1980000,2079000,1984000]",693,9642000
16,56,5,"[550,673,699,697,650]","[1595000,1986000,2082000,2089000,1932000]",699,9684000
16,57,5,"[567,604,714,690,686]","[1683000,1785000,2163000,2082000,1997000]",714,9710000
16,58,5,"[520,691,711,699,683]","[1535000,2003000,2115000,2106000,1994000]",711,9753000
16,59,5,"[543,690,689,706,612]","[1600000,1996000,2068000,2107000,1776000]",706,9547000
16,60,5,"[646,683,697,599,678]","[1866000,2005000,2073000,1795000,2016000]",697,9755000
16,61,5,"[566,683,683,691,687]","[1673000,1987000,2068000,2084000,1994000]",691,9806000
16,62,5,"[533,641,702,729,682]","[1567000,1882000,2103000,2160000,1972000]",729,9684000
16,63,5,"[512,677,692,690,680]","[1531000,1992000,2060000,2088000,1980000]",692,9651000
16,64,5,"[509,665,719,715,692]","[1507000,1902000,2124000,2161000,2020000]",719,9714000
16,65,5,"[519,615,732,720,666]","[1535000,1785000,2175000,2177000,1950000]",732,9622000
17,1,5,"[767,643,718,741,611]","[2292000,1969000,2123000,2160000,1777000]",767,10321000
17,2,5,"[694,675,723,711,716]","[2074000,2040000,2132000,2115000,2084000]",723,10445000
17,3,5,"[713,681,720,708,687]","[2158000,2054000,2130000,2103000,2001000]",720,10446000
17,4,5,"[700,715,701,706,717]","[2086000,2157000,2051000,2090000,2087000]",717,10471000
17,5,5,"[700,713,702,708,718]","[2086000,2150000,2053000,2092000,2090000]",718,10471000
17,6,5,"[736,644,723,715,680]","[2201000,1977000,2128000,2096000,1955000]",736,10357000
17,7,5,"[727,649,751,686,682]","[2183000,1970000,2218000,2026000,1957000]",751,10354000
17,8,5,"[721,644,718,728,701]","[2159000,1968000,2123000,2141000,2032000]",728,10423000
17,9,5,"[719,608,724,719,732]","[2161000,1869000,2137000,2119000,2136000]",732,10422000
17,10,5,"[698,706,702,715,713]","[2082000,2144000,2055000,2123000,2077000]",715,10481000
17,11,5,"[730,645,724,712,703]","[2188000,1970000,2135000,2113000,2030000]",730,10436000
17,12,5,"[724,607,723,740,693]","[2168000,1863000,2126000,2178000,2028000]",740,10363000
17,13,5,"[727,602,723,708,736]","[2180000,1848000,2132000,2106000,2156000]",736,10422000
17,14,5,"[697,712,704,713,718]","[2080000,2155000,2059000,2117000,2085000]",718,10496000
17,15,5,"[694,678,723,711,716]","[2074000,2049000,2129000,2115000,2084000]",723,10451000
17,16,5,"[738,642,718,772,607]","[2205000,1967000,2123000,2252000,1775000]",772,10322000
17,17,5,"[698,722,721,715,677]","[2089000,2179000,2132000,2127000,1956000]",722,10483000
17,18,5,"[731,645,721,739,676]","[2180000,1967000,2128000,2183000,1946000]",739,10404000
17,19,5,"[730,646,720,744,646]","[2189000,1984000,2123000,2169000,1895000]",744,10360000
17,20,5,"[739,642,701,708,713]","[2206000,1970000,2051000,2096000,2085000]",739,10408000
17,21,5,"[738,621,767,851,606]","[2208000,1901000,2223000,2482000,1767000]",851,10581000
17,22,5,"[736,647,720,639,744]","[2198000,1984000,2123000,1860000,2166000]",744,10331000
17,23,5,"[695,716,708,783,674]","[2073000,2172000,2061000,2298000,1963000]",783,10567000
17,24,5,"[739,697,755,768,643]","[2192000,2084000,2223000,2226000,1899000]",768,10624000
17,25,5,"[733,646,721,714,655]","[2195000,1987000,2123000,2112000,1893000]",733,10310000
17,26,5,"[697,676,817,738,693]","[2081000,2054000,2314000,2203000,2014000]",817,10666000
17,27,5,"[693,716,708,783,677]","[2069000,2157000,2061000,2298000,1974000]",783,10559000
17,28,5,"[720,651,754,728,707]","[2166000,1983000,2237000,2108000,2139000]",754,10633000
17,29,5,"[730,669,720,743,646]","[2189000,2036000,2123000,2154000,1895000]",743,10397000
17,30,5,"[736,646,722,804,649]","[2197000,1982000,2123000,2321000,1878000]",804,10501000
17,31,5,"[694,675,770,748,754]","[2073000,2028000,2239000,2237000,2157000]",770,10734000
17,32,5,"[737,643,721,833,602]","[2203000,1967000,2125000,2428000,1761000]",833,10484000
17,33,5,"[717,682,719,762,638]","[2161000,2057000,2125000,2238000,1879000]",762,10460000
17,34,5,"[698,717,709,712,734]","[2082000,2170000,2063000,2127000,2159000]",734,10601000
17,35,5,"[732,657,754,762,658]","[2189000,2004000,2227000,2208000,1911000]",762,10539000
17,36,5,"[693,671,763,797,686]","[2073000,2020000,2206000,2356000,2007000]",797,10662000
17,37,5,"[690,679,721,709,818]","[2058000,2057000,2128000,2104000,2335000]",818,10682000
17,38,5,"[699,710,701,776,685]","[2084000,2145000,2053000,2292000,1995000]",776,10569000
17,39,5,"[707,717,711,784,695]","[2108000,2152000,2073000,2300000,2029000]",784,10662000
17,40,5,"[689,707,722,757,698]","[2059000,2149000,2069000,2255000,2026000]",757,10558000
17,41,5,"[755,675,721,783,625]","[2241000,2040000,2132000,2307000,1826000]",783,10546000
17,42,5,"[740,643,720,785,651]","[2208000,1969000,2127000,2317000,1890000]",785,10511000
17,43,5,"[694,679,720,716,760]","[2068000,2057000,2130000,2129000,2190000]",760,10574000
17,44,5,"[730,649,752,771,650]","[2189000,1973000,2222000,2226000,1929000]",771,10539000
17,45,5,"[727,654,751,717,685]","[2183000,1989000,2222000,2106000,2023000]",751,10523000
17,46,5,"[765,642,721,713,610]","[2292000,1967000,2128000,2098000,1787000]",765,10272000
17,47,5,"[740,675,692,711,716]","[2196000,2040000,2037000,2115000,2084000]",740,10472000
17,48,5,"[713,678,720,708,687]","[2158000,2045000,2133000,2103000,2001000]",720,10440000
17,49,5,"[700,714,700,725,721]","[2084000,2157000,2051000,2122000,2098000]",725,10512000
17,50,5,"[715,713,702,708,718]","[2116000,2150000,2053000,2092000,2090000]",718,10501000
17,51,5,"[735,646,721,713,676]","[2197000,1987000,2123000,2089000,1944000]",735,10340000
17,52,5,"[685,652,755,724,669]","[2052000,1983000,2227000,2144000,1938000]",755,10344000
17,53,5,"[740,648,718,726,702]","[2223000,1991000,2123000,2141000,2034000]",740,10512000
17,54,5,"[720,635,729,726,735]","[2156000,1918000,2148000,2125000,2130000]",735,10477000
17,55,5,"[700,706,703,792,672]","[2089000,2144000,2057000,2318000,1979000]",792,10587000
17,56,5,"[730,642,724,712,703]","[2188000,1961000,2138000,2113000,2030000]",730,10430000
17,57,5,"[724,607,723,740,696]","[2168000,1867000,2126000,2178000,2034000]",740,10373000
17,58,5,"[756,602,718,711,730]","[2267000,1848000,2126000,2104000,2117000]",756,10462000
17,59,5,"[712,712,704,713,733]","[2113000,2155000,2059000,2117000,2122000]",733,10566000
17,60,5,"[695,660,723,713,767]","[2073000,1995000,2129000,2119000,2210000]",767,10526000
17,61,5,"[740,678,724,775,622]","[2206000,2040000,2138000,2260000,1819000]",775,10463000
17,62,5,"[699,678,762,716,680]","[2094000,2041000,2262000,2129000,1958000]",762,10484000
17,63,5,"[730,647,742,738,676]","[2183000,1980000,2174000,2193000,1951000]",742,10481000
17,64,5,"[730,643,720,741,646]","[2189000,1971000,2123000,2157000,1895000]",741,10335000
17,65,5,"[739,642,707,708,713]","[2206000,1970000,2063000,2096000,2085000]",739,10420000
18,1,5,"[704,707,666,626,691]","[2152000,2068000,1851000,1819000,2049000]",707,9939000
18,2,5,"[709,724,722,626,662]","[2102000,2172000,2104000,1823000,1972000]",724,10173000
18,3,5,"[664,718,716,723,674]","[2057000,2165000,2088000,2097000,2001000]",723,10408000
18,4,5,"[677,722,726,622,660]","[2025000,2167000,2121000,1811000,1941000]",726,10065000
18,5,5,"[734,718,629,627,712]","[2194000,2126000,1780000,1819000,2155000]",734,10074000
18,6,5,"[701,719,726,621,680]","[2124000,2165000,2117000,1812000,1975000]",726,10193000
18,7,5,"[725,714,627,703,714]","[2170000,2131000,1791000,2046000,2160000]",725,10298000
18,8,5,"[706,723,714,714,670]","[2091000,2175000,2083000,2079000,1992000]",723,10420000
18,9,5,"[707,672,736,662,662]","[2093000,2029000,2151000,1926000,1968000]",736,10167000
18,10,5,"[710,724,721,725,651]","[2063000,2175000,2117000,2111000,1918000]",725,10384000
18,11,5,"[666,718,716,723,721]","[2038000,2165000,2088000,2096000,2101000]",723,10488000
18,12,5,"[706,695,733,658,659]","[2093000,2077000,2145000,1915000,1966000]",733,10196000
18,13,5,"[711,724,721,718,678]","[2097000,2180000,2103000,2091000,1997000]",724,10468000
18,14,5,"[735,669,739,659,634]","[2178000,2014000,2149000,1916000,1888000]",739,10145000
18,15,5,"[713,726,726,681,615]","[2106000,2177000,2118000,1988000,1809000]",726,10198000
18,16,5,"[712,725,716,712,667]","[2093000,2185000,2092000,2074000,1977000]",725,10421000
18,17,5,"[713,725,716,712,667]","[2096000,2185000,2092000,2074000,1974000]",725,10421000
18,18,5,"[715,726,716,641,660]","[2105000,2195000,2092000,1886000,1956000]",726,10234000
18,19,5,"[709,723,714,710,714]","[2120000,2170000,2088000,2074000,2142000]",723,10594000
18,20,5,"[740,694,732,660,632]","[2194000,2072000,2145000,1925000,1885000]",740,10221000
18,21,5,"[665,718,716,723,721]","[2033000,2165000,2088000,2097000,2101000]",723,10484000
18,22,5,"[743,721,719,729,653]","[2152000,2171000,2097000,2113000,1936000]",743,10469000
18,23,5,"[715,727,723,625,660]","[2112000,2183000,2106000,1819000,1965000]",727,10185000
18,24,5,"[739,718,626,627,711]","[2208000,2126000,1781000,1821000,2145000]",739,10081000
18,25,5,"[743,750,723,626,630]","[2203000,2244000,2115000,1832000,1884000]",750,10278000
18,26,5,"[692,738,721,720,719]","[2116000,2205000,2099000,2090000,2101000]",738,10611000
18,27,5,"[792,706,658,625,671]","[2401000,2063000,1819000,1817000,2026000]",792,10126000
18,28,5,"[704,724,697,719,711]","[2016000,2175000,2011000,2086000,2166000]",724,10454000
18,29,5,"[707,719,746,678,660]","[2093000,2167000,2167000,1977000,1955000]",746,10359000
18,30,5,"[710,725,716,720,659]","[2094000,2187000,2092000,2084000,1948000]",725,10405000
18,31,5,"[716,725,716,683,657]","[2107000,2185000,2092000,1969000,1944000]",725,10297000
18,32,5,"[670,722,719,710,717]","[2009000,2170000,2095000,2074000,2148000]",722,10496000
18,33,5,"[661,722,628,626,712]","[2026000,2173000,1787000,1833000,2137000]",722,9956000
18,34,5,"[752,753,716,610,624]","[2215000,2238000,2088000,1790000,1854000]",753,10185000
18,35,5,"[796,672,736,660,662]","[2393000,2029000,2151000,1919000,1968000]",796,10460000
18,36,5,"[719,751,721,623,662]","[2125000,2243000,2102000,1817000,1963000]",751,10250000
18,37,5,"[713,724,749,683,667]","[2096000,2185000,2176000,1998000,1974000]",749,10429000
18,38,5,"[744,730,723,626,643]","[2217000,2151000,2104000,1834000,1917000]",744,10223000
18,39,5,"[738,719,638,628,739]","[2201000,2136000,1796000,1841000,2222000]",739,10196000
18,40,5,"[709,722,722,622,711]","[2116000,2170000,2104000,1809000,2128000]",722,10327000
18,41,5,"[702,725,723,765,666]","[2085000,2172000,2106000,2163000,1976000]",765,10502000
18,42,5,"[706,720,726,622,675]","[2093000,2167000,2112000,1807000,1997000]",726,10176000
18,43,5,"[708,696,739,657,675]","[2098000,2070000,2154000,1912000,1974000]",739,10208000
18,44,5,"[724,717,641,628,711]","[2176000,2136000,1827000,1832000,2156000]",724,10127000
18,45,5,"[666,719,725,621,714]","[2035000,2165000,2106000,1812000,2075000]",725,10193000
18,46,5,"[701,693,669,621,690]","[2144000,2050000,1860000,1805000,2064000]",701,9923000
18,47,5,"[709,787,723,572,662]","[2102000,2361000,2106000,1652000,1972000]",787,10193000
18,48,5,"[696,736,719,726,675]","[2103000,2197000,2098000,2121000,2008000]",736,10527000
18,49,5,"[676,748,723,618,659]","[2022000,2226000,2115000,1806000,1932000]",748,10101000
18,50,5,"[740,677,655,626,714]","[2211000,2025000,1856000,1834000,2157000]",740,10083000
18,51,5,"[697,718,725,679,651]","[2124000,2165000,2106000,1976000,1865000]",725,10236000
18,52,5,"[736,715,627,702,687]","[2201000,2123000,1789000,2055000,2095000]",736,10263000
18,53,5,"[713,722,712,727,664]","[2110000,2175000,2081000,2103000,1972000]",727,10441000
18,54,5,"[706,677,738,685,640]","[2089000,2038000,2155000,1979000,1895000]",738,10156000
18,55,5,"[667,720,720,725,680]","[1945000,2169000,2105000,2107000,2029000]",725,10355000
18,56,5,"[665,724,750,683,719]","[2033000,2177000,2192000,1969000,2079000]",750,10450000
18,57,5,"[706,692,738,688,640]","[2089000,2062000,2150000,1985000,1895000]",738,10181000
18,58,5,"[686,727,718,720,730]","[2028000,2180000,2088000,2098000,2123000]",730,10517000
18,59,5,"[699,758,740,653,634]","[2067000,2228000,2151000,1906000,1888000]",758,10240000
18,60,5,"[707,729,727,652,622]","[2089000,2204000,2126000,1929000,1837000]",729,10185000
18,61,5,"[713,749,714,715,666]","[2097000,2242000,2088000,2084000,1982000]",749,10493000
18,62,5,"[715,725,716,712,668]","[2113000,2185000,2092000,2074000,1976000]",725,10440000
18,63,5,"[711,729,712,644,662]","[2103000,2188000,2081000,1886000,1963000]",729,10221000
18,64,5,"[700,719,734,709,706]","[2085000,2165000,2155000,2078000,2118000]",734,10601000
18,65,5,"[740,694,732,660,630]","[2194000,2072000,2145000,1925000,1875000]",740,10211000
19,1,5,"[709,677,723,721,622]","[2145000,2023000,2148000,2170000,1844000]",723,10330000
19,2,5,"[694,711,713,687,664]","[2096000,2123000,2125000,2061000,1943000]",713,10348000
19,3,5,"[690,713,715,689,665]","[2074000,2123000,2132000,2071000,1945000]",715,10345000
19,4,5,"[677,709,660,732,680]","[2051000,2123000,1962000,2202000,1975000]",732,10313000
19,5,5,"[704,748,719,721,546]","[2120000,2225000,2129000,2170000,1633000]",748,10277000
19,6,5,"[706,683,723,734,626]","[2130000,2035000,2133000,2198000,1851000]",734,10347000
19,7,5,"[717,681,700,674,690]","[2181000,2043000,2091000,2029000,2010000]",717,10354000
19,8,5,"[652,708,659,729,725]","[1969000,2124000,1960000,2196000,2098000]",729,10347000
19,9,5,"[706,752,723,734,548]","[2130000,2233000,2138000,2198000,1638000]",752,10337000
19,10,5,"[697,715,715,671,689]","[2087000,2123000,2119000,2028000,1999000]",715,10356000
19,11,5,"[725,676,662,718,696]","[2177000,2021000,1965000,2164000,2021000]",725,10348000
19,12,5,"[719,677,736,721,611]","[2170000,2026000,2208000,2184000,1753000]",736,10341000
19,13,5,"[703,711,713,679,688]","[2117000,2118000,2119000,2037000,1997000]",713,10388000
19,14,5,"[721,679,714,673,687]","[2166000,2033000,2119000,2038000,1995000]",721,10351000
19,15,5,"[694,756,657,670,673]","[2095000,2262000,1956000,2025000,1979000]",756,10317000
19,16,5,"[696,713,715,681,689]","[2100000,2122000,2123000,2039000,1999000]",715,10383000
19,17,5,"[717,679,718,674,687]","[2181000,2033000,2123000,2029000,1995000]",718,10361000
19,18,5,"[720,678,662,723,690]","[2175000,2031000,1967000,2174000,2010000]",723,10357000
19,19,5,"[694,708,659,731,675]","[2095000,2124000,1960000,2200000,1970000]",731,10349000
19,20,5,"[697,709,714,678,708]","[2122000,2111000,2121000,2032000,2033000]",714,10419000
19,21,5,"[679,760,763,762,701]","[2010000,2240000,2204000,2270000,2027000]",763,10751000
19,22,5,"[724,737,729,783,614]","[2179000,2176000,2126000,2363000,1746000]",783,10590000
19,23,5,"[700,714,729,691,689]","[2120000,2136000,2160000,2056000,1997000]",729,10469000
19,24,5,"[638,797,711,695,665]","[1900000,2365000,2121000,2084000,1945000]",797,10415000
19,25,5,"[691,712,714,688,702]","[2090000,2127000,2130000,2066000,2011000]",714,10424000
19,26,5,"[712,714,733,659,667]","[2154000,2127000,2198000,1986000,1907000]",733,10372000
19,27,5,"[690,710,706,672,673]","[2072000,2117000,2108000,2025000,1979000]",710,10301000
19,28,5,"[721,665,762,791,604]","[2162000,1973000,2205000,2363000,1810000]",791,10513000
19,29,5,"[699,714,716,709,689]","[2132000,2133000,2121000,2102000,2005000]",716,10493000
19,30,5,"[701,713,714,669,687]","[2081000,2129000,2119000,2028000,1995000]",714,10352000
19,31,5,"[669,803,685,723,690]","[2006000,2319000,2035000,2177000,2007000]",803,10544000
19,32,5,"[682,764,718,696,704]","[2046000,2263000,2138000,2064000,2031000]",764,10542000
19,33,5,"[669,775,734,692,656]","[2004000,2309000,2198000,2078000,1890000]",775,10479000
19,34,5,"[711,710,714,701,710]","[2132000,2119000,2121000,2072000,2043000]",714,10487000
19,35,5,"[702,766,718,673,640]","[2117000,2273000,2128000,2031000,1853000]",766,10402000
19,36,5,"[721,681,713,673,691]","[2170000,2046000,2117000,2035000,2003000]",721,10371000
19,37,5,"[732,711,713,682,691]","[2185000,2116000,2119000,2048000,2009000]",732,10477000
19,38,5,"[661,758,769,736,650]","[1965000,2236000,2228000,2204000,1969000]",769,10602000
19,39,5,"[696,665,778,674,745]","[2091000,2008000,2279000,2027000,2126000]",778,10531000
19,40,5,"[698,712,721,692,689]","[2104000,2117000,2114000,2086000,1999000]",721,10420000
19,41,5,"[701,712,714,691,686]","[2126000,2113000,2122000,2067000,1993000]",714,10421000
19,42,5,"[695,712,713,677,689]","[2094000,2117000,2119000,2034000,1999000]",713,10363000
19,43,5,"[697,708,724,742,638]","[2095000,2119000,2120000,2249000,1834000]",742,10417000
19,44,5,"[724,751,708,725,610]","[2181000,2203000,2114000,2186000,1748000]",751,10432000
19,45,5,"[709,747,645,792,604]","[2136000,2223000,1885000,2363000,1808000]",792,10415000
19,46,5,"[774,677,685,719,627]","[2299000,2023000,2022000,2170000,1859000]",774,10373000
19,47,5,"[694,711,713,693,664]","[2096000,2123000,2125000,2069000,1943000]",713,10356000
19,48,5,"[693,707,718,687,698]","[2072000,2119000,2135000,2064000,2020000]",718,10410000
19,49,5,"[680,732,662,736,683]","[2066000,2161000,1978000,2211000,1984000]",736,10400000
19,50,5,"[704,744,820,665,547]","[2115000,2217000,2394000,1998000,1638000]",820,10362000
19,51,5,"[663,751,723,734,626]","[2002000,2222000,2133000,2198000,1851000]",751,10406000
19,52,5,"[714,643,700,726,690]","[2167000,1916000,2091000,2180000,2010000]",726,10364000
19,53,5,"[658,709,671,731,719]","[1999000,2123000,1987000,2209000,2079000]",731,10397000
19,54,5,"[705,751,724,733,635]","[2125000,2235000,2141000,2196000,1822000]",751,10519000
19,55,5,"[682,716,713,672,722]","[2051000,2129000,2117000,2043000,2088000]",722,10428000
19,56,5,"[798,676,662,704,699]","[2368000,2021000,1965000,2097000,2029000]",798,10480000
19,57,5,"[748,677,719,721,611]","[2255000,2026000,2165000,2184000,1753000]",748,10383000
19,58,5,"[698,722,681,678,740]","[2108000,2129000,2017000,2037000,2140000]",740,10431000
19,59,5,"[725,676,715,670,703]","[2167000,2021000,2122000,2023000,2047000]",725,10380000
19,60,5,"[696,711,659,714,673]","[2093000,2133000,1960000,2169000,1970000]",714,10325000
19,61,5,"[698,720,715,676,691]","[2109000,2136000,2132000,2042000,2001000]",720,10420000
19,62,5,"[718,680,710,689,688]","[2182000,2030000,2111000,2066000,1997000]",718,10386000
19,63,5,"[705,732,660,716,688]","[2114000,2163000,1963000,2164000,2000000]",732,10404000
19,64,5,"[694,714,676,751,677]","[2099000,2139000,2006000,2239000,1985000]",751,10468000
19,65,5,"[697,709,704,676,708]","[2098000,2111000,2110000,2032000,2033000]",709,10384000
20,1,5,"[662,655,613,665,652]","[1960000,1946000,1802000,1937000,1914000]",665,9559000
20,2,5,"[670,666,670,670,652]","[1940000,1988000,1949000,1954000,1937000]",670,9768000
20,3,5,"[670,636,643,676,637]","[1966000,1891000,1880000,2006000,1874000]",676,9617000
20,4,5,"[672,666,672,669,648]","[1931000,1985000,1953000,1949000,1929000]",672,9747000
20,5,5,"[659,637,645,681,630]","[1949000,1898000,1889000,2006000,1875000]",681,9617000
20,6,5,"[672,666,672,669,648]","[1931000,1985000,1953000,1949000,1929000]",672,9747000
20,7,5,"[660,660,638,682,600]","[1954000,1954000,1864000,2020000,1782000]",682,9574000
20,8,5,"[660,657,613,682,639]","[1954000,1950000,1790000,2017000,1888000]",682,9599000
20,9,5,"[668,636,607,676,679]","[1962000,1898000,1774000,2000000,1991000]",679,9625000
20,10,5,"[676,665,661,676,579]","[2009000,2009000,1939000,2000000,1703000]",676,9660000
20,11,5,"[660,682,607,682,638]","[1949000,1994000,1766000,2009000,1888000]",682,9606000
20,12,5,"[678,662,658,678,593]","[2014000,2000000,1937000,2010000,1730000]",678,9691000
20,13,5,"[679,666,629,628,652]","[2019000,2004000,1846000,1856000,1943000]",679,9668000
20,14,5,"[660,660,605,693,642]","[1954000,1954000,1786000,2008000,1899000]",693,9601000
20,15,5,"[637,658,620,680,654]","[1910000,1983000,1813000,2007000,1913000]",680,9626000
20,16,5,"[659,676,609,660,675]","[1990000,1978000,1770000,1961000,1995000]",676,9694000
20,17,5,"[660,657,613,682,645]","[1954000,1950000,1805000,2017000,1903000]",682,9629000
20,18,5,"[676,659,641,676,622]","[2009000,1988000,1891000,1994000,1822000]",676,9704000
20,19,5,"[679,670,629,636,654]","[2019000,2014000,1846000,1871000,1943000]",679,9693000
20,20,5,"[670,633,607,680,673]","[2021000,1902000,1777000,2016000,1975000]",680,9691000
20,21,5,"[671,682,606,675,656]","[2021000,2007000,1755000,1992000,1930000]",682,9705000
20,22,5,"[653,649,673,675,616]","[1929000,1957000,1946000,1992000,1814000]",675,9638000
20,23,5,"[630,634,683,669,736]","[1870000,1925000,1954000,1931000,2181000]",736,9861000
20,24,5,"[664,656,606,686,632]","[1959000,1946000,1782000,2019000,1858000]",686,9564000
20,25,5,"[674,694,628,631,667]","[2013000,2059000,1798000,1841000,1988000]",694,9699000
20,26,5,"[667,668,625,680,716]","[1925000,1995000,1812000,1978000,2125000]",716,9835000
20,27,5,"[680,691,634,630,653]","[2024000,2058000,1862000,1866000,1945000]",691,9755000
20,28,5,"[617,664,730,642,741]","[1820000,2004000,2143000,1878000,2172000]",741,10017000
20,29,5,"[691,700,648,672,637]","[2067000,2029000,1852000,2009000,1868000]",700,9825000
20,30,5,"[672,681,630,701,690]","[1979000,2009000,1823000,2098000,1968000]",701,9877000
20,31,5,"[634,642,658,668,684]","[1883000,1945000,1891000,1959000,2052000]",684,9730000
20,32,5,"[677,693,624,658,742]","[2022000,2103000,1772000,1903000,2177000]",742,9977000
20,33,5,"[699,646,692,692,714]","[2079000,1933000,1989000,2062000,2052000]",714,10115000
20,34,5,"[710,659,604,678,678]","[2162000,1939000,1754000,2013000,1991000]",710,9859000
20,35,5,"[675,707,637,635,656]","[2022000,2134000,1850000,1870000,1950000]",707,9826000
20,36,5,"[716,721,645,674,693]","[2087000,2172000,1866000,2004000,2002000]",721,10131000
20,37,5,"[637,622,665,688,658]","[1883000,1876000,1911000,2006000,1965000]",688,9641000
20,38,5,"[666,689,629,727,639]","[1968000,2033000,1839000,2105000,1860000]",727,9805000
20,39,5,"[734,652,694,675,640]","[2135000,1942000,2008000,2025000,1868000]",734,9978000
20,40,5,"[634,635,731,692,638]","[1891000,1889000,2134000,2012000,1897000]",731,9823000
20,41,5,"[632,642,654,671,671]","[1878000,1930000,1884000,1964000,2023000]",671,9679000
20,42,5,"[638,624,675,695,649]","[1883000,1887000,1941000,2014000,1916000]",695,9641000
20,43,5,"[706,604,653,665,672]","[2074000,1810000,1891000,1953000,2025000]",706,9753000
20,44,5,"[661,662,598,696,663]","[1964000,1956000,1733000,2034000,1986000]",696,9673000
20,45,5,"[678,661,600,639,741]","[2014000,1998000,1751000,1866000,2172000]",741,9801000
20,46,5,"[661,658,641,666,611]","[1958000,1952000,1879000,1942000,1797000]",666,9528000
20,47,5,"[670,666,670,670,652]","[1940000,1988000,1949000,1954000,1937000]",670,9768000
20,48,5,"[661,633,642,678,641]","[1955000,1884000,1862000,1994000,1884000]",678,9579000
20,49,5,"[676,663,668,717,623]","[1939000,1983000,1934000,2105000,1837000]",717,9798000
20,50,5,"[659,637,614,681,656]","[1949000,1894000,1791000,2006000,1942000]",681,9582000
20,51,5,"[674,666,683,676,658]","[1944000,1985000,1978000,1955000,1937000]",683,9799000
20,52,5,"[662,650,612,682,622]","[1951000,1940000,1780000,2006000,1850000]",682,9527000
20,53,5,"[660,659,648,682,599]","[1954000,1950000,1893000,2017000,1780000]",682,9594000
20,54,5,"[702,640,580,681,683]","[2059000,1910000,1697000,2015000,2013000]",702,9694000
20,55,5,"[676,672,661,676,571]","[2009000,2018000,1939000,2000000,1691000]",676,9657000
20,56,5,"[664,671,612,682,656]","[1954000,1978000,1778000,2013000,1919000]",682,9642000
20,57,5,"[678,590,772,678,589]","[2014000,1774000,2252000,2002000,1726000]",772,9768000
20,58,5,"[677,705,629,628,652]","[1991000,2108000,1846000,1856000,1943000]",705,9744000
20,59,5,"[662,668,611,687,644]","[1949000,1975000,1783000,1986000,1903000]",687,9596000
20,60,5,"[636,658,626,683,643]","[1910000,1983000,1828000,2022000,1888000]",683,9631000
20,61,5,"[686,677,614,663,641]","[2068000,1989000,1785000,1976000,1894000]",686,9712000
20,62,5,"[659,655,613,681,652]","[1954000,1946000,1802000,2008000,1915000]",681,9625000
20,63,5,"[682,661,637,702,622]","[2006000,1988000,1874000,2061000,1822000]",702,9751000
20,64,5,"[675,670,658,636,654]","[1999000,2014000,1919000,1871000,1943000]",675,9746000
20,65,5,"[672,644,606,715,672]","[2028000,1898000,1774000,2105000,1980000]",715,9785000
21,1,5,"[716,712,669,725,653]","[2127000,2107000,1983000,2107000,1959000]",725,10283000
21,2,5,"[678,724,745,678,608]","[2013000,2155000,2207000,1980000,1834000]",745,10189000
21,3,5,"[676,698,730,719,620]","[2003000,2060000,2139000,2131000,1858000]",730,10191000
21,4,5,"[716,712,669,725,653]","[2127000,2107000,1983000,2107000,1959000]",725,10283000
21,5,5,"[677,711,704,726,655]","[1996000,2106000,2090000,2098000,1956000]",726,10246000
21,6,5,"[674,722,756,660,619]","[2006000,2158000,2239000,1932000,1845000]",756,10180000
21,7,5,"[678,700,729,721,620]","[2013000,2065000,2136000,2133000,1855000]",729,10202000
21,8,5,"[700,715,682,716,680]","[2073000,2095000,2001000,2092000,2031000]",716,10292000
21,9,5,"[695,713,721,714,644]","[2062000,2102000,2099000,2090000,1945000]",721,10298000
21,10,5,"[677,711,708,726,655]","[1996000,2106000,2107000,2098000,1959000]",726,10266000
21,11,5,"[677,712,747,726,608]","[2012000,2094000,2214000,2094000,1824000]",747,10238000
21,12,5,"[677,763,696,713,609]","[2014000,2250000,2033000,2075000,1823000]",763,10195000
21,13,5,"[675,716,745,714,609]","[2013000,2107000,2207000,2074000,1839000]",745,10240000
21,14,5,"[678,701,748,725,612]","[2023000,2064000,2213000,2089000,1836000]",748,10225000
21,15,5,"[668,711,705,732,653]","[1987000,2101000,2093000,2124000,1957000]",732,10262000
21,16,5,"[675,757,698,709,615]","[2002000,2242000,2044000,2065000,1848000]",757,10201000
21,17,5,"[696,717,724,718,649]","[2072000,2110000,2123000,2109000,1949000]",724,10363000
21,18,5,"[677,711,753,711,607]","[2006000,2103000,2214000,2075000,1829000]",753,10227000
21,19,5,"[677,720,746,723,605]","[2018000,2115000,2209000,2085000,1816000]",746,10243000
21,20,5,"[677,705,757,704,616]","[2016000,2076000,2224000,2060000,1849000]",757,10225000
21,21,5,"[693,710,720,735,640]","[2051000,2090000,2110000,2130000,1919000]",735,10300000
21,22,5,"[669,706,754,739,636]","[1996000,2091000,2249000,2114000,1893000]",754,10343000
21,23,5,"[698,715,747,709,612]","[2087000,2105000,2207000,2052000,1854000]",747,10305000
21,24,5,"[696,714,677,717,670]","[2077000,2107000,1993000,2100000,1996000]",717,10273000
21,25,5,"[670,715,749,739,608]","[1998000,2105000,2211000,2122000,1829000]",749,10265000
21,26,5,"[675,682,816,712,607]","[2002000,2002000,2388000,2082000,1829000]",816,10303000
21,27,5,"[690,707,726,729,753]","[2043000,2096000,2107000,2081000,2217000]",753,10544000
21,28,5,"[694,715,742,715,628]","[2057000,2105000,2153000,2123000,1877000]",742,10315000
21,29,5,"[693,684,822,724,639]","[2077000,1994000,2415000,2073000,1904000]",822,10463000
21,30,5,"[679,700,722,722,616]","[2013000,2065000,2116000,2135000,1849000]",722,10178000
21,31,5,"[675,704,766,708,614]","[2016000,2074000,2246000,2070000,1849000]",766,10255000
21,32,5,"[686,705,727,769,617]","[2052000,2081000,2126000,2230000,1870000]",769,10359000
21,33,5,"[665,707,743,748,615]","[1981000,2091000,2207000,2145000,1860000]",748,10284000
21,34,5,"[677,705,757,704,616]","[2016000,2076000,2224000,2060000,1849000]",757,10225000
21,35,5,"[676,704,742,725,612]","[2001000,2081000,2204000,2107000,1848000]",742,10241000
21,36,5,"[672,708,746,738,627]","[1997000,2091000,2221000,2121000,1872000]",746,10302000
21,37,5,"[693,701,733,735,674]","[2051000,2064000,2151000,2124000,1971000]",735,10361000
21,38,5,"[701,712,731,723,647]","[2081000,2091000,2132000,2144000,1923000]",731,10371000
21,39,5,"[682,717,748,751,639]","[2026000,2109000,2213000,2138000,1907000]",751,10393000
21,40,5,"[680,708,740,736,635]","[2024000,2087000,2197000,2114000,1890000]",740,10312000
21,41,5,"[678,701,748,751,612]","[2023000,2064000,2213000,2141000,1836000]",751,10277000
21,42,5,"[690,704,718,760,638]","[2054000,2079000,2108000,2164000,1921000]",760,10326000
21,43,5,"[684,723,745,700,671]","[2034000,2143000,2207000,2017000,1985000]",745,10386000
21,44,5,"[680,676,745,697,620]","[2026000,2024000,2207000,2044000,1863000]",745,10164000
21,45,5,"[697,721,753,711,614]","[2052000,2120000,2231000,2040000,1839000]",753,10282000
21,46,5,"[716,700,745,725,653]","[2127000,2032000,2186000,2107000,1959000]",745,10411000
21,47,5,"[676,720,745,675,606]","[2006000,2138000,2210000,1974000,1824000]",745,10152000
21,48,5,"[668,698,730,723,620]","[1999000,2060000,2141000,2145000,1858000]",730,10203000
21,49,5,"[722,709,670,728,699]","[2118000,2098000,1985000,2112000,2067000]",728,10380000
21,50,5,"[674,716,702,736,661]","[1998000,2108000,2088000,2117000,1976000]",736,10287000
21,51,5,"[682,723,752,667,621]","[2039000,2163000,2230000,1941000,1860000]",752,10233000
21,52,5,"[681,707,798,724,579]","[2022000,2070000,2321000,2139000,1718000]",798,10270000
21,53,5,"[700,715,684,716,680]","[2073000,2095000,2008000,2092000,2026000]",716,10294000
21,54,5,"[698,716,782,717,647]","[2073000,2114000,2219000,2106000,1930000]",782,10442000
21,55,5,"[676,710,763,729,654]","[1998000,2116000,2213000,2109000,1954000]",763,10390000
21,56,5,"[678,714,813,727,610]","[2012000,2098000,2346000,2099000,1828000]",813,10383000
21,57,5,"[676,764,696,712,608]","[2012000,2252000,2035000,2069000,1818000]",764,10186000
21,58,5,"[675,716,747,714,609]","[2006000,2107000,2210000,2074000,1839000]",747,10236000
21,59,5,"[680,700,749,723,615]","[2021000,2064000,2218000,2085000,1851000]",749,10239000
21,60,5,"[666,710,769,728,654]","[1982000,2116000,2234000,2110000,1964000]",769,10406000
21,61,5,"[677,757,702,754,587]","[2008000,2242000,2052000,2189000,1755000]",757,10246000
21,62,5,"[700,711,719,656,738]","[2082000,2089000,2107000,1900000,2201000]",738,10379000
21,63,5,"[755,666,754,711,607]","[2240000,1947000,2216000,2075000,1829000]",755,10307000
21,64,5,"[677,720,708,771,607]","[2018000,2115000,2074000,2238000,1826000]",771,10271000
21,65,5,"[674,704,752,703,615]","[2006000,2074000,2218000,2060000,1832000]",752,10190000
22,1,5,"[678,610,713,585,664]","[2061000,1874000,2149000,1678000,1942000]",713,9704000
22,2,5,"[681,613,714,586,662]","[2067000,1880000,2149000,1672000,1923000]",714,9691000
22,3,5,"[678,639,666,602,667]","[2061000,1964000,2013000,1722000,1955000]",678,9715000
22,4,5,"[678,612,715,585,663]","[2061000,1877000,2149000,1672000,1925000]",715,9684000
22,5,5,"[686,681,678,651,633]","[2073000,2079000,2048000,1859000,1848000]",686,9907000
22,6,5,"[680,680,677,647,683]","[2031000,2069000,2044000,1855000,1989000]",683,9988000
22,7,5,"[678,641,715,552,664]","[2061000,1969000,2153000,1573000,1942000]",715,9698000
22,8,5,"[681,613,713,587,688]","[2067000,1880000,2149000,1674000,1975000]",713,9745000
22,9,5,"[678,703,666,552,671]","[2061000,2150000,2007000,1573000,1968000]",703,9759000
22,10,5,"[647,659,701,605,658]","[1964000,2022000,2128000,1727000,1925000]",701,9766000
22,11,5,"[686,678,705,554,663]","[2075000,2073000,2118000,1573000,1942000]",705,9781000
22,12,5,"[684,681,676,678,655]","[2069000,2079000,2029000,1925000,1892000]",684,9994000
22,13,5,"[680,610,713,587,690]","[2061000,1869000,2149000,1688000,1994000]",713,9761000
22,14,5,"[634,641,744,586,670]","[1918000,1977000,2191000,1684000,1961000]",744,9731000
22,15,5,"[685,618,717,588,665]","[2073000,1899000,2149000,1678000,1932000]",717,9731000
22,16,5,"[682,686,679,656,633]","[2067000,2104000,2045000,1875000,1848000]",686,9939000
22,17,5,"[688,681,670,650,658]","[2077000,2079000,2017000,1854000,1913000]",688,9940000
22,18,5,"[682,706,666,557,671]","[2072000,2171000,2007000,1583000,1969000]",706,9802000
22,19,5,"[682,686,670,652,657]","[2067000,2104000,2017000,1850000,1908000]",686,9946000
22,20,5,"[684,681,675,682,656]","[2069000,2079000,2027000,1936000,1894000]",684,10005000
22,21,5,"[692,618,776,562,662]","[2103000,1901000,2293000,1605000,1925000]",776,9827000
22,22,5,"[686,626,777,683,658]","[2075000,1900000,2310000,1914000,1910000]",777,10109000
22,23,5,"[634,645,769,621,650]","[1922000,1983000,2288000,1750000,1909000]",769,9852000
22,24,5,"[678,586,715,602,663]","[2061000,1816000,2156000,1722000,1947000]",715,9702000
22,25,5,"[683,662,717,557,669]","[2071000,2037000,2142000,1578000,1960000]",717,9788000
22,26,5,"[643,667,774,567,688]","[1948000,2069000,2291000,1618000,1991000]",774,9917000
22,27,5,"[686,682,678,651,633]","[2073000,2081000,2048000,1859000,1848000]",686,9909000
22,28,5,"[639,739,704,660,658]","[1925000,2218000,2127000,1871000,1901000]",739,10042000
22,29,5,"[629,647,781,554,667]","[1903000,1996000,2349000,1583000,1947000]",781,9778000
22,30,5,"[691,659,742,560,661]","[2099000,2020000,2192000,1598000,1925000]",742,9834000
22,31,5,"[683,651,716,562,666]","[2071000,2013000,2144000,1592000,1953000]",716,9773000
22,32,5,"[631,643,754,638,660]","[1913000,1987000,2220000,1843000,1912000]",754,9875000
22,33,5,"[628,647,714,603,662]","[1904000,2018000,2151000,1719000,1945000]",714,9737000
22,34,5,"[631,667,837,651,654]","[1910000,2039000,2448000,1848000,1883000]",837,10128000
22,35,5,"[676,625,784,649,684]","[2018000,1897000,2327000,1852000,1991000]",784,10085000
22,36,5,"[680,611,718,647,664]","[2063000,1863000,2155000,1842000,1922000]",718,9845000
22,37,5,"[682,674,704,591,642]","[2069000,2059000,2116000,1683000,1863000]",704,9790000
22,38,5,"[681,613,714,607,662]","[2070000,1879000,2147000,1744000,1918000]",714,9758000
22,39,5,"[631,704,775,653,659]","[1909000,2086000,2303000,1860000,1915000]",775,10073000
22,40,5,"[683,711,732,613,627]","[2067000,2153000,2178000,1734000,1836000]",732,9968000
22,41,5,"[677,658,735,625,666]","[2059000,2023000,2157000,1776000,1940000]",735,9955000
22,42,5,"[685,729,675,651,657]","[2075000,2169000,2017000,1850000,1908000]",729,10019000
22,43,5,"[688,720,732,625,665]","[2079000,2186000,2161000,1787000,1916000]",732,10129000
22,44,5,"[679,634,717,604,665]","[2061000,1970000,2159000,1719000,1925000]",717,9834000
22,45,5,"[632,642,789,553,673]","[1918000,1981000,2385000,1573000,1978000]",789,9835000
22,46,5,"[678,654,716,636,664]","[2061000,1929000,2161000,1807000,1942000]",716,9900000
22,47,5,"[682,699,714,584,598]","[2067000,2130000,2154000,1668000,1748000]",714,9767000
22,48,5,"[678,640,627,599,718]","[2061000,1969000,1887000,1716000,2105000]",718,9738000
22,49,5,"[681,611,729,590,659]","[2073000,1879000,2183000,1688000,1926000]",729,9749000
22,50,5,"[692,676,673,625,654]","[2083000,2056000,2034000,1779000,1914000]",692,9866000
22,51,5,"[680,682,780,592,688]","[2032000,2079000,2297000,1691000,1995000]",780,10094000
22,52,5,"[677,640,714,551,662]","[2059000,1969000,2151000,1573000,1923000]",714,9675000
22,53,5,"[708,615,718,585,689]","[2121000,1890000,2159000,1672000,1977000]",718,9819000
22,54,5,"[697,703,661,552,675]","[2114000,2139000,1985000,1573000,1985000]",703,9796000
22,55,5,"[649,668,717,608,657]","[1970000,2035000,2155000,1728000,1929000]",717,9817000
22,56,5,"[682,711,722,554,662]","[2069000,2150000,2142000,1577000,1926000]",722,9864000
22,57,5,"[681,683,677,685,656]","[2068000,2098000,2035000,1946000,1891000]",685,10038000
22,58,5,"[683,612,745,593,693]","[2073000,1885000,2221000,1703000,1999000]",745,9881000
22,59,5,"[632,644,773,576,669]","[1909000,1971000,2266000,1665000,1946000]",773,9757000
22,60,5,"[678,633,716,585,666]","[2061000,1949000,2159000,1668000,1956000]",716,9793000
22,61,5,"[680,712,676,653,638]","[2065000,2126000,2039000,1857000,1861000]",712,9948000
22,62,5,"[683,625,716,652,660]","[2069000,1919000,2160000,1854000,1913000]",716,9915000
22,63,5,"[680,702,669,567,674]","[2065000,2151000,2013000,1609000,1966000]",702,9804000
22,64,5,"[682,686,668,652,657]","[2067000,2104000,2010000,1855000,1908000]",686,9944000
22,65,5,"[686,684,675,679,662]","[2071000,2097000,2022000,1924000,1906000]",686,10020000
23,1,5,"[678,686,684,681,685]","[1977000,1970000,2055000,1937000,2015000]",686,9954000
23,2,5,"[689,669,683,563,692]","[2020000,1979000,2060000,1639000,2041000]",692,9739000
23,3,5,"[632,702,683,564,701]","[1853000,2044000,2063000,1647000,2053000]",702,9660000
23,4,5,"[606,689,659,588,716]","[1820000,1972000,1993000,1683000,2116000]",716,9584000
23,5,5,"[645,665,684,600,696]","[1889000,1967000,2055000,1751000,2047000]",696,9709000
23,6,5,"[658,665,681,568,701]","[1981000,1940000,2050000,1642000,2053000]",701,9666000
23,7,5,"[664,678,661,674,688]","[1959000,1935000,1981000,1963000,2020000]",688,9858000
23,8,5,"[650,701,681,569,701]","[1893000,2033000,2048000,1653000,2053000]",701,9680000
23,9,5,"[654,700,652,554,721]","[1949000,1992000,1959000,1579000,2138000]",721,9617000
23,10,5,"[687,700,681,561,690]","[2008000,2038000,2050000,1632000,2037000]",700,9765000
23,11,5,"[686,678,686,683,687]","[1992000,1956000,2057000,1945000,2019000]",687,9969000
23,12,5,"[681,687,691,665,686]","[2002000,1975000,2078000,1893000,2017000]",691,9965000
23,13,5,"[688,647,689,619,692]","[2010000,1876000,2051000,1829000,2038000]",692,9804000
23,14,5,"[659,680,690,640,694]","[1947000,1937000,2069000,1866000,2040000]",694,9859000
23,15,5,"[651,694,681,565,706]","[1964000,1998000,2046000,1633000,2090000]",706,9731000
23,16,5,"[663,699,679,573,705]","[1969000,2017000,2043000,1656000,2068000]",705,9753000
23,17,5,"[698,686,628,654,695]","[2053000,1950000,1886000,1914000,2034000]",698,9837000
23,18,5,"[690,679,684,690,689]","[2003000,1955000,2055000,1940000,2023000]",690,9976000
23,19,5,"[696,615,661,553,775]","[2034000,1806000,1985000,1552000,2249000]",775,9626000
23,20,5,"[664,682,692,672,689]","[1945000,1953000,2063000,1924000,2029000]",692,9914000
23,21,5,"[629,672,688,594,752]","[1865000,1953000,2047000,1740000,2215000]",752,9820000
23,22,5,"[692,649,689,601,739]","[2010000,1882000,2047000,1750000,2161000]",739,9850000
23,23,5,"[681,668,660,570,772]","[2013000,1930000,1980000,1617000,2243000]",772,9783000
23,24,5,"[649,641,766,613,720]","[1928000,1812000,2267000,1784000,2116000]",766,9907000
23,25,5,"[645,699,685,658,720]","[1905000,1994000,2064000,1857000,2115000]",720,9935000
23,26,5,"[584,804,685,578,766]","[1681000,2290000,2054000,1678000,2226000]",804,9929000
23,27,5,"[643,691,688,596,760]","[1932000,1977000,2058000,1722000,2235000]",760,9924000
23,28,5,"[689,626,794,602,747]","[2025000,1804000,2354000,1713000,2163000]",794,10059000
23,29,5,"[560,738,686,711,763]","[1663000,2086000,2037000,2022000,2235000]",763,10043000
23,30,5,"[643,630,653,647,743]","[1881000,1857000,1972000,1883000,2177000]",743,9770000
23,31,5,"[655,689,689,614,728]","[1932000,1953000,2060000,1780000,2142000]",728,9867000
23,32,5,"[649,719,653,611,741]","[1936000,2007000,1963000,1758000,2190000]",741,9854000
23,33,5,"[572,784,656,611,728]","[1687000,2193000,1962000,1746000,2145000]",784,9733000
23,34,5,"[649,645,685,596,764]","[1884000,1871000,2043000,1737000,2221000]",764,9756000
23,35,5,"[638,665,703,638,737]","[1881000,1898000,2069000,1863000,2154000]",737,9865000
23,36,5,"[621,748,694,685,688]","[1809000,2120000,2105000,1988000,2021000]",748,10043000
23,37,5,"[676,667,679,607,760]","[1965000,1927000,2015000,1770000,2213000]",760,9890000
23,38,5,"[546,734,706,639,757]","[1579000,2104000,2090000,1869000,2196000]",757,9838000
23,39,5,"[684,678,681,642,752]","[2001000,1934000,2049000,1817000,2188000]",752,9989000
23,40,5,"[631,645,685,595,758]","[1843000,1852000,2043000,1742000,2209000]",758,9689000
23,41,5,"[618,741,689,603,718]","[1816000,2112000,2072000,1713000,2116000]",741,9829000
23,42,5,"[645,674,685,575,745]","[1892000,1996000,2053000,1671000,2179000]",745,9791000
23,43,5,"[659,683,691,617,744]","[1953000,1953000,2067000,1794000,2168000]",744,9935000
23,44,5,"[669,682,720,626,690]","[1991000,1955000,2155000,1795000,2027000]",720,9923000
23,45,5,"[664,686,685,661,730]","[1950000,1960000,2053000,1880000,2141000]",730,9984000
23,46,5,"[675,652,704,684,690]","[1982000,1871000,2122000,1960000,2034000]",704,9969000
23,47,5,"[665,676,683,564,694]","[1989000,1988000,2050000,1641000,2051000]",694,9719000
23,48,5,"[630,687,680,565,725]","[1844000,2008000,2042000,1632000,2120000]",725,9646000
23,49,5,"[611,689,659,585,733]","[1833000,1972000,1993000,1668000,2150000]",733,9616000
23,50,5,"[645,667,689,601,694]","[1889000,1967000,2065000,1756000,2037000]",694,9714000
23,51,5,"[652,649,681,605,711]","[1936000,1918000,2061000,1732000,2070000]",711,9717000
23,52,5,"[666,665,666,676,712]","[1963000,1902000,1993000,1967000,2086000]",712,9911000
23,53,5,"[605,696,683,611,712]","[1767000,2022000,2056000,1776000,2085000]",712,9706000
23,54,5,"[683,636,653,555,731]","[2039000,1847000,1966000,1575000,2165000]",731,9592000
23,55,5,"[689,653,679,563,738]","[2012000,1892000,2046000,1642000,2181000]",738,9773000
23,56,5,"[684,676,684,688,685]","[1992000,1955000,2055000,1934000,2015000]",688,9951000
23,57,5,"[681,688,692,665,693]","[1999000,1977000,2076000,1897000,2037000]",693,9986000
23,58,5,"[693,677,689,620,665]","[2027000,1987000,2048000,1815000,1954000]",693,9831000
23,59,5,"[658,679,689,639,705]","[1945000,1935000,2073000,1864000,2061000]",705,9878000
23,60,5,"[651,694,682,567,723]","[1970000,2002000,2043000,1641000,2128000]",723,9784000
23,61,5,"[657,704,714,569,704]","[1942000,2033000,2128000,1652000,2068000]",714,9823000
23,62,5,"[658,681,633,684,691]","[1934000,1947000,1892000,2000000,2026000]",691,9799000
23,63,5,"[684,714,682,690,622]","[1992000,2052000,2049000,1945000,1858000]",714,9896000
23,64,5,"[647,615,661,589,776]","[1903000,1811000,1985000,1666000,2253000]",776,9618000
23,65,5,"[662,680,692,672,696]","[1949000,1945000,2069000,1931000,2051000]",696,9945000
24,1,5,"[550,695,674,723,638]","[1594000,2036000,1928000,2127000,1827000]",723,9512000
24,2,5,"[586,682,706,704,690]","[1724000,2012000,2076000,2038000,2070000]",706,9920000
24,3,5,"[614,706,711,635,665]","[1757000,2066000,2055000,1844000,1906000]",711,9628000
24,4,5,"[561,687,713,708,695]","[1627000,2017000,2142000,2010000,1957000]",713,9753000
24,5,5,"[574,681,707,706,703]","[1688000,2004000,2076000,2048000,2105000]",707,9921000
24,6,5,"[588,687,637,756,632]","[1719000,1999000,1823000,2209000,1812000]",756,9562000
24,7,5,"[604,660,671,729,636]","[1770000,1920000,1924000,2147000,1813000]",729,9574000
24,8,5,"[560,726,714,704,649]","[1628000,2139000,2142000,2011000,1829000]",726,9749000
24,9,5,"[555,689,715,707,693]","[1611000,2032000,2152000,2008000,1953000]",715,9756000
24,10,5,"[583,720,731,707,634]","[1713000,2073000,2066000,2069000,1824000]",731,9745000
24,11,5,"[560,687,714,709,695]","[1628000,2014000,2142000,2015000,1957000]",714,9756000
24,12,5,"[611,658,674,732,643]","[1780000,1920000,1930000,2153000,1846000]",732,9629000
24,13,5,"[594,675,613,757,636]","[1745000,1974000,1801000,2219000,1825000]",757,9564000
24,14,5,"[585,675,653,757,635]","[1713000,1971000,1876000,2219000,1815000]",757,9594000
24,15,5,"[561,697,714,706,692]","[1627000,2037000,2157000,2006000,1951000]",714,9778000
24,16,5,"[560,700,716,706,693]","[1628000,2036000,2152000,2009000,1951000]",716,9776000
24,17,5,"[582,684,732,703,636]","[1701000,1998000,2069000,2054000,1832000]",732,9654000
24,18,5,"[583,685,644,764,636]","[1703000,1996000,1829000,2232000,1829000]",764,9589000
24,19,5,"[612,700,746,635,667]","[1762000,2034000,2111000,1855000,1913000]",746,9675000
24,20,5,"[624,692,732,707,628]","[1816000,2029000,2110000,2016000,1792000]",732,9763000
24,21,5,"[589,766,674,731,638]","[1730000,2252000,1930000,2152000,1828000]",766,9892000
24,22,5,"[581,695,753,760,739]","[1676000,2020000,2214000,2192000,2095000]",760,10197000
24,23,5,"[559,673,759,738,701]","[1617000,1924000,2241000,2136000,1993000]",759,9911000
24,24,5,"[576,626,754,757,760]","[1666000,1858000,2209000,2171000,2175000]",760,10079000
24,25,5,"[593,674,786,744,842]","[1695000,1973000,2315000,2124000,2384000]",842,10491000
24,26,5,"[592,676,789,748,744]","[1718000,1983000,2307000,2136000,2108000]",789,10252000
24,27,5,"[584,682,753,672,690]","[1714000,2012000,2202000,1938000,2070000]",753,9936000
24,28,5,"[588,735,760,794,727]","[1722000,2109000,2168000,2278000,2090000]",794,10367000
24,29,5,"[561,636,700,812,799]","[1628000,1858000,2018000,2339000,2268000]",812,10111000
24,30,5,"[567,748,775,708,694]","[1626000,2218000,2182000,2039000,1972000]",775,10037000
24,31,5,"[596,714,765,696,645]","[1720000,2054000,2187000,2009000,1853000]",765,9823000
24,32,5,"[562,645,719,700,728]","[1616000,1902000,2056000,2051000,2065000]",728,9690000
24,33,5,"[541,701,671,687,678]","[1589000,2045000,1924000,2008000,1938000]",701,9504000
24,34,5,"[619,753,782,754,711]","[1787000,2167000,2308000,2160000,2016000]",782,10438000
24,35,5,"[557,696,675,721,638]","[1617000,2036000,1930000,2123000,1827000]",721,9533000
24,36,5,"[596,673,764,752,648]","[1726000,1960000,2193000,2191000,1841000]",764,9911000
24,37,5,"[607,694,679,727,639]","[1743000,2036000,1939000,2135000,1829000]",727,9682000
24,38,5,"[557,632,814,745,682]","[1610000,1852000,2390000,2155000,1919000]",814,9926000
24,39,5,"[649,727,715,669,631]","[1899000,2137000,2144000,1906000,1788000]",727,9874000
24,40,5,"[598,746,752,663,669]","[1742000,2167000,2196000,1911000,2004000]",752,10020000
24,41,5,"[584,698,717,801,641]","[1720000,2029000,2001000,2315000,1858000]",801,9923000
24,42,5,"[576,740,749,692,602]","[1679000,2132000,2138000,1993000,1726000]",749,9668000
24,43,5,"[593,681,752,687,693]","[1750000,1992000,2183000,1956000,2075000]",752,9956000
24,44,5,"[622,711,769,753,561]","[1796000,2092000,2229000,2126000,1603000]",769,9846000
24,45,5,"[720,652,787,715,632]","[2141000,1910000,2205000,2085000,1809000]",787,10150000
24,46,5,"[543,698,677,722,633]","[1588000,2034000,1937000,2125000,1809000]",722,9493000
24,47,5,"[593,685,705,699,693]","[1736000,2021000,2076000,2018000,2076000]",705,9927000
24,48,5,"[611,681,730,633,666]","[1747000,2001000,2095000,1840000,1914000]",730,9597000
24,49,5,"[556,690,676,739,687]","[1608000,2021000,2039000,2103000,1939000]",739,9710000
24,50,5,"[580,682,681,698,728]","[1700000,2006000,1981000,2015000,2185000]",728,9887000
24,51,5,"[590,688,639,757,633]","[1717000,1995000,1827000,2213000,1814000]",757,9566000
24,52,5,"[609,650,672,730,618]","[1789000,1907000,1929000,2144000,1807000]",730,9576000
24,53,5,"[562,726,714,655,697]","[1628000,2139000,2142000,1855000,1957000]",726,9721000
24,54,5,"[554,693,679,737,685]","[1606000,2049000,2041000,2101000,1937000]",737,9734000
24,55,5,"[584,710,731,716,637]","[1723000,2053000,2075000,2088000,1825000]",731,9764000
24,56,5,"[556,684,679,741,690]","[1608000,2006000,2045000,2112000,1946000]",741,9717000
24,57,5,"[612,661,659,731,640]","[1779000,1925000,1888000,2150000,1836000]",731,9578000
24,58,5,"[592,678,607,756,637]","[1732000,1983000,1769000,2217000,1829000]",756,9530000
24,59,5,"[586,674,653,686,666]","[1724000,1965000,1865000,2042000,1922000]",686,9518000
24,60,5,"[560,631,743,705,692]","[1625000,1863000,2242000,2004000,1951000]",743,9685000
24,61,5,"[579,700,716,706,697]","[1670000,2039000,2152000,2009000,1961000]",716,9831000
24,62,5,"[603,684,733,670,630]","[1757000,1995000,2069000,1970000,1812000]",733,9603000
24,63,5,"[589,679,627,766,679]","[1709000,1997000,1781000,2236000,1928000]",766,9651000
24,64,5,"[609,698,744,664,665]","[1747000,2024000,2105000,1903000,1910000]",744,9689000
24,65,5,"[575,702,739,772,624]","[1673000,2052000,2144000,2188000,1778000]",772,9835000
25,1,5,"[680,685,681,692,688]","[2113000,2045000,2020000,2064000,2004000]",692,10246000
25,2,5,"[666,665,702,699,683]","[2036000,1976000,2101000,2039000,2018000]",702,10170000
25,3,5,"[688,687,685,695,670]","[2126000,2031000,2009000,2067000,1950000]",695,10183000
25,4,5,"[579,710,691,706,691]","[1733000,2102000,2050000,2058000,2001000]",710,9944000
25,5,5,"[662,663,699,704,684]","[2019000,1970000,2077000,2059000,2021000]",704,10146000
25,6,5,"[563,697,647,713,738]","[1705000,2055000,1921000,2069000,2157000]",738,9907000
25,7,5,"[574,656,682,707,751]","[1728000,1921000,2027000,2060000,2192000]",751,9928000
25,8,5,"[601,729,700,697,674]","[1819000,2175000,2066000,2042000,1969000]",729,10071000
25,9,5,"[629,684,714,697,670]","[1960000,2018000,2105000,2081000,1960000]",714,10124000
25,10,5,"[577,659,689,700,747]","[1743000,1933000,2044000,2041000,2184000]",747,9945000
25,11,5,"[687,688,684,695,669]","[2115000,2034000,2010000,2083000,1952000]",695,10194000
25,12,5,"[477,741,697,707,741]","[1441000,2182000,2075000,2099000,2154000]",741,9951000
25,13,5,"[682,674,678,705,703]","[2117000,1992000,2007000,2057000,2015000]",705,10188000
25,14,5,"[601,684,736,695,672]","[1819000,2031000,2186000,2042000,1959000]",736,10037000
25,15,5,"[584,695,723,704,704]","[1789000,2047000,2157000,2053000,2065000]",723,10111000
25,16,5,"[563,686,649,695,762]","[1705000,2020000,1941000,2041000,2220000]",762,9927000
25,17,5,"[542,705,689,705,738]","[1639000,2060000,2051000,2072000,2157000]",738,9979000
25,18,5,"[587,696,683,702,740]","[1804000,2047000,2016000,2048000,2157000]",740,10072000
25,19,5,"[563,684,652,703,756]","[1705000,2020000,1944000,2066000,2200000]",756,9935000
25,20,5,"[628,685,711,715,697]","[1889000,2032000,2105000,2105000,2059000]",715,10190000
25,21,5,"[686,683,699,696,694]","[2092000,2038000,2049000,2031000,1954000]",699,10164000
25,22,5,"[593,698,683,706,734]","[1819000,2070000,2015000,2064000,2143000]",734,10111000
25,23,5,"[598,756,689,722,742]","[1820000,2199000,2032000,2118000,2117000]",756,10286000
25,24,5,"[526,787,699,697,712]","[1560000,2307000,2103000,2039000,2057000]",787,10066000
25,25,5,"[683,675,681,711,691]","[2122000,1992000,2016000,2070000,2033000]",711,10233000
25,26,5,"[505,728,714,731,775]","[1532000,2137000,2117000,2109000,2249000]",775,10144000
25,27,5,"[599,729,691,698,714]","[1815000,2181000,2049000,2059000,2044000]",729,10148000
25,28,5,"[676,698,683,698,646]","[2105000,2052000,2005000,2085000,1884000]",698,10131000
25,29,5,"[546,695,685,694,727]","[1611000,2067000,2041000,2055000,2125000]",727,9899000
25,30,5,"[590,692,679,692,806]","[1767000,2041000,1989000,1995000,2375000]",806,10167000
25,31,5,"[587,748,745,701,682]","[1804000,2198000,2156000,2048000,2007000]",748,10213000
25,32,5,"[690,729,691,711,647]","[2115000,2153000,2024000,2101000,1893000]",729,10286000
25,33,5,"[578,747,685,704,752]","[1735000,2179000,2023000,2054000,2192000]",752,10183000
25,34,5,"[499,748,700,803,666]","[1530000,2222000,2091000,2317000,1935000]",803,10095000
25,35,5,"[586,744,691,694,727]","[1799000,2195000,2056000,1999000,2115000]",744,10164000
25,36,5,"[680,733,705,687,674]","[2122000,2169000,2090000,1976000,1959000]",733,10316000
25,37,5,"[586,682,686,693,671]","[1770000,2020000,2015000,2074000,1968000]",693,9847000
25,38,5,"[554,684,746,709,729]","[1643000,2029000,2196000,2072000,2136000]",746,10076000
25,39,5,"[639,727,707,719,708]","[1920000,2151000,2010000,2104000,2081000]",727,10266000
25,40,5,"[502,779,700,692,727]","[1517000,2276000,2087000,2005000,2118000]",779,10003000
25,41,5,"[591,746,685,698,759]","[1818000,2192000,2017000,2035000,2163000]",759,10225000
25,42,5,"[560,734,699,668,802]","[1657000,2139000,2055000,1936000,2360000]",802,10147000
25,43,5,"[690,730,694,714,648]","[2126000,2153000,2023000,2116000,1893000]",730,10311000
25,44,5,"[679,725,703,696,664]","[2110000,2150000,2076000,2038000,1926000]",725,10300000
25,45,5,"[714,686,676,722,662]","[2169000,2034000,2002000,2123000,1945000]",722,10273000
25,46,5,"[676,648,721,699,687]","[2105000,1921000,2150000,2078000,2000000]",721,10254000
25,47,5,"[642,673,699,704,679]","[1986000,1992000,2086000,2051000,2006000]",704,10121000
25,48,5,"[690,683,687,684,688]","[2130000,2027000,2013000,2038000,1998000]",690,10206000
25,49,5,"[569,717,731,698,683]","[1696000,2116000,2180000,2046000,1987000]",731,10025000
25,50,5,"[662,667,698,705,683]","[2019000,1976000,2080000,2065000,2012000]",705,10152000
25,51,5,"[598,668,646,718,740]","[1808000,1961000,1928000,2092000,2173000]",740,9962000
25,52,5,"[566,651,679,703,748]","[1720000,1919000,2021000,2058000,2186000]",748,9904000
25,53,5,"[601,724,699,693,679]","[1819000,2153000,2067000,2036000,1988000]",724,10063000
25,54,5,"[629,744,714,699,678]","[1960000,2144000,2116000,2094000,1980000]",744,10294000
25,55,5,"[577,648,701,700,745]","[1743000,1911000,2075000,2041000,2180000]",745,9950000
25,56,5,"[687,687,684,681,675]","[2115000,2031000,2011000,2048000,1970000]",687,10175000
25,57,5,"[485,745,699,709,731]","[1469000,2196000,2085000,2109000,2128000]",745,9987000
25,58,5,"[684,680,678,705,702]","[2118000,2017000,2000000,2057000,2015000]",705,10207000
25,59,5,"[601,684,734,694,674]","[1820000,2031000,2180000,2030000,1953000]",734,10014000
25,60,5,"[585,695,725,708,691]","[1791000,2061000,2161000,2067000,2045000]",725,10125000
25,61,5,"[566,686,692,697,724]","[1711000,2024000,2047000,2041000,2114000]",724,9937000
25,62,5,"[542,704,716,699,735]","[1639000,2051000,2094000,2066000,2142000]",735,9992000
25,63,5,"[587,744,690,705,692]","[1804000,2207000,2044000,2049000,2014000]",744,10118000
25,64,5,"[566,689,654,695,748]","[1720000,2040000,1957000,2040000,2195000]",748,9952000
25,65,5,"[630,752,755,716,695]","[1879000,2152000,2210000,2107000,2050000]",755,10398000
26,1,5,"[489,709,735,669,575]","[1447000,2121000,2217000,1986000,1711000]",735,9482000
26,2,5,"[541,693,673,661,612]","[1558000,2106000,2047000,1967000,1818000]",693,9496000
26,3,5,"[513,692,713,662,613]","[1482000,2104000,2151000,1963000,1820000]",713,9520000
26,4,5,"[540,702,685,670,607]","[1556000,2132000,2071000,1982000,1796000]",702,9537000
26,5,5,"[541,703,686,662,596]","[1570000,2137000,2076000,1975000,1770000]",703,9528000
26,6,5,"[553,693,685,695,609]","[1594000,2109000,2071000,2041000,1807000]",695,9622000
26,7,5,"[544,692,673,697,611]","[1567000,2104000,2047000,2044000,1806000]",697,9568000
26,8,5,"[536,693,685,697,611]","[1548000,2106000,2071000,2044000,1813000]",697,9582000
26,9,5,"[543,693,685,698,598]","[1573000,2106000,2071000,2050000,1778000]",698,9578000
26,10,5,"[536,693,685,697,611]","[1548000,2106000,2071000,2041000,1816000]",697,9582000
26,11,5,"[511,692,718,666,607]","[1478000,2104000,2164000,1978000,1802000]",718,9526000
26,12,5,"[517,692,713,660,611]","[1509000,2104000,2151000,1959000,1819000]",713,9542000
26,13,5,"[549,711,690,666,603]","[1590000,2133000,2085000,1969000,1791000]",711,9568000
26,14,5,"[539,715,684,668,606]","[1556000,2150000,2073000,1976000,1797000]",715,9552000
26,15,5,"[585,678,705,694,600]","[1710000,2031000,2130000,2053000,1760000]",705,9684000
26,16,5,"[585,678,704,701,602]","[1713000,2031000,2122000,2079000,1777000]",704,9722000
26,17,5,"[538,714,692,700,607]","[1554000,2148000,2085000,2032000,1798000]",714,9617000
26,18,5,"[539,715,684,668,606]","[1556000,2150000,2073000,1979000,1794000]",715,9552000
26,19,5,"[541,718,687,662,596]","[1560000,2162000,2079000,1969000,1777000]",718,9547000
26,20,5,"[545,716,684,663,600]","[1576000,2155000,2073000,1963000,1785000]",716,9552000
26,21,5,"[555,663,804,695,581]","[1616000,1980000,2394000,2039000,1741000]",804,9770000
26,22,5,"[510,721,793,696,608]","[1467000,2106000,2376000,2024000,1799000]",793,9772000
26,23,5,"[584,680,793,688,590]","[1702000,2018000,2372000,2018000,1738000]",793,9848000
26,24,5,"[534,757,740,690,620]","[1534000,2213000,2230000,2006000,1831000]",757,9814000
26,25,5,"[580,734,727,692,593]","[1698000,2188000,2188000,2028000,1759000]",734,9861000
26,26,5,"[511,685,816,663,597]","[1476000,2063000,2418000,1968000,1779000]",816,9704000
26,27,5,"[638,692,717,660,611]","[1847000,2104000,2159000,1959000,1819000]",717,9888000
26,28,5,"[539,715,679,668,606]","[1556000,2150000,2063000,1979000,1794000]",715,9542000
26,29,5,"[512,700,790,694,608]","[1467000,2071000,2366000,2039000,1796000]",790,9739000
26,30,5,"[509,726,802,675,605]","[1462000,2112000,2390000,1997000,1792000]",802,9753000
26,31,5,"[536,693,673,697,611]","[1548000,2106000,2047000,2044000,1813000]",697,9558000
26,32,5,"[584,680,805,688,590]","[1702000,2018000,2396000,2020000,1752000]",805,9888000
26,33,5,"[566,749,745,672,617]","[1669000,2204000,2216000,1982000,1824000]",749,9895000
26,34,5,"[547,693,673,695,615]","[1577000,2109000,2047000,2044000,1816000]",695,9593000
26,35,5,"[536,702,685,663,630]","[1551000,2132000,2071000,1968000,1842000]",702,9564000
26,36,5,"[502,724,810,661,602]","[1446000,2112000,2391000,1967000,1795000]",810,9711000
26,37,5,"[506,708,744,694,606]","[1456000,2121000,2244000,2024000,1799000]",744,9644000
26,38,5,"[514,693,716,695,609]","[1480000,2109000,2166000,2041000,1807000]",716,9603000
26,39,5,"[539,693,685,670,596]","[1560000,2106000,2071000,1989000,1783000]",693,9509000
26,40,5,"[636,751,731,679,635]","[1810000,2214000,2218000,1991000,1825000]",751,10058000
26,41,5,"[569,692,685,668,609]","[1636000,2104000,2071000,1971000,1799000]",692,9581000
26,42,5,"[509,685,797,650,647]","[1475000,2069000,2351000,1885000,1930000]",797,9710000
26,43,5,"[527,695,725,683,586]","[1518000,2110000,2183000,2004000,1719000]",725,9534000
26,44,5,"[574,749,747,668,587]","[1701000,2203000,2243000,1977000,1714000]",749,9838000
26,45,5,"[513,692,716,682,594]","[1491000,2104000,2166000,2030000,1766000]",716,9557000
26,46,5,"[488,707,715,668,574]","[1447000,2110000,2179000,1991000,1709000]",715,9436000
26,47,5,"[540,702,673,670,607]","[1556000,2132000,2047000,1982000,1796000]",702,9513000
26,48,5,"[513,692,716,676,613]","[1482000,2104000,2157000,2000000,1810000]",716,9553000
26,49,5,"[541,693,685,661,612]","[1558000,2106000,2071000,1967000,1818000]",693,9520000
26,50,5,"[539,693,685,661,594]","[1560000,2106000,2071000,1967000,1773000]",693,9477000
26,51,5,"[543,828,690,620,610]","[1566000,2450000,2084000,1796000,1818000]",828,9714000
26,52,5,"[542,693,670,695,642]","[1563000,2109000,2026000,2044000,1883000]",695,9625000
26,53,5,"[535,720,686,697,611]","[1550000,2154000,2073000,2030000,1803000]",720,9610000
26,54,5,"[543,693,673,698,598]","[1573000,2106000,2047000,2050000,1778000]",698,9554000
26,55,5,"[536,693,685,733,550]","[1546000,2106000,2071000,2154000,1651000]",733,9528000
26,56,5,"[510,693,805,592,602]","[1476000,2109000,2422000,1744000,1792000]",805,9543000
26,57,5,"[519,704,713,667,605]","[1509000,2142000,2151000,1974000,1795000]",713,9571000
26,58,5,"[549,711,690,666,603]","[1590000,2133000,2085000,1972000,1788000]",711,9568000
26,59,5,"[539,715,684,683,606]","[1552000,2150000,2073000,2003000,1797000]",715,9575000
26,60,5,"[585,678,705,727,609]","[1728000,2031000,2130000,2141000,1760000]",727,9790000
26,61,5,"[591,682,699,724,609]","[1743000,2046000,2118000,2129000,1791000]",724,9827000
26,62,5,"[540,717,692,697,611]","[1558000,2154000,2089000,2028000,1809000]",717,9638000
26,63,5,"[545,718,687,704,612]","[1570000,2139000,2061000,2067000,1809000]",718,9646000
26,64,5,"[541,718,790,593,596]","[1560000,2162000,2366000,1750000,1777000]",790,9615000
26,65,5,"[541,715,692,665,641]","[1572000,2150000,2080000,1973000,1888000]",715,9663000
27,1,5,"[667,688,651,694,645]","[1973000,2003000,1962000,2073000,1901000]",694,9912000
27,2,5,"[598,672,695,691,642]","[1784000,1938000,2086000,2084000,1881000]",695,9773000
27,3,5,"[537,657,706,691,639]","[1599000,1873000,2093000,2066000,1868000]",706,9499000
27,4,5,"[561,656,683,696,695]","[1631000,1905000,2040000,2072000,2028000]",696,9676000
27,5,5,"[591,663,701,664,637]","[1772000,1950000,2100000,1955000,1883000]",701,9660000
27,6,5,"[537,702,704,698,636]","[1599000,2035000,2089000,2089000,1863000]",704,9675000
27,7,5,"[544,690,704,695,635]","[1615000,2043000,2101000,2037000,1879000]",704,9675000
27,8,5,"[583,654,696,694,686]","[1672000,1899000,2071000,2069000,2005000]",696,9716000
27,9,5,"[531,655,717,686,652]","[1555000,1909000,2134000,2057000,1915000]",717,9570000
27,10,5,"[561,649,687,697,698]","[1631000,1895000,2040000,2078000,2041000]",698,9685000
27,11,5,"[611,688,695,694,651]","[1813000,2003000,2086000,2070000,1914000]",695,9886000
27,12,5,"[539,697,706,693,616]","[1599000,2051000,2094000,2035000,1816000]",706,9595000
27,13,5,"[537,599,706,697,713]","[1599000,1742000,2099000,2096000,2104000]",713,9640000
27,14,5,"[583,654,696,694,686]","[1677000,1899000,2071000,2069000,2005000]",696,9721000
27,15,5,"[604,665,704,665,638]","[1804000,1952000,2105000,1957000,1885000]",704,9703000
27,16,5,"[537,702,705,698,637]","[1599000,2038000,2091000,2087000,1863000]",705,9678000
27,17,5,"[604,665,704,665,638]","[1804000,1952000,2105000,1957000,1885000]",704,9703000
27,18,5,"[692,693,647,695,657]","[2046000,2019000,1948000,2074000,1910000]",695,9997000
27,19,5,"[544,601,703,696,711]","[1625000,1744000,2090000,2085000,2101000]",711,9645000
27,20,5,"[551,655,716,690,649]","[1595000,1909000,2134000,2076000,1900000]",716,9614000
27,21,5,"[591,638,750,699,635]","[1686000,1867000,2206000,2077000,1830000]",750,9666000
27,22,5,"[541,663,723,799,635]","[1613000,1981000,2140000,2294000,1881000]",799,9909000
27,23,5,"[543,650,706,720,718]","[1617000,1873000,2079000,2130000,2095000]",720,9794000
27,24,5,"[619,652,719,691,644]","[1864000,1901000,2136000,2066000,1906000]",719,9873000
27,25,5,"[537,702,704,698,636]","[1599000,2035000,2089000,2089000,1863000]",704,9675000
27,26,5,"[674,682,736,699,652]","[1989000,1979000,2166000,2085000,1909000]",736,10128000
27,27,5,"[658,647,708,755,654]","[1936000,1897000,2104000,2205000,1911000]",755,10053000
27,28,5,"[644,754,703,703,636]","[1880000,2163000,2087000,2094000,1861000]",754,10085000
27,29,5,"[548,653,711,716,681]","[1636000,1879000,2087000,2137000,2016000]",716,9755000
27,30,5,"[593,671,733,729,650]","[1754000,1950000,2183000,2178000,1890000]",733,9955000
27,31,5,"[582,671,706,691,684]","[1667000,1935000,2093000,2069000,1985000]",706,9749000
27,32,5,"[538,734,697,688,642]","[1601000,2146000,2090000,2067000,1871000]",734,9775000
27,33,5,"[561,656,722,723,648]","[1634000,1912000,2132000,2127000,1930000]",723,9735000
27,34,5,"[531,658,720,695,643]","[1555000,1918000,2138000,2089000,1890000]",720,9590000
27,35,5,"[587,604,709,747,639]","[1758000,1771000,2134000,2211000,1904000]",747,9778000
27,36,5,"[537,655,705,698,640]","[1599000,1891000,2091000,2087000,1869000]",705,9537000
27,37,5,"[544,692,701,683,635]","[1615000,2071000,2095000,1996000,1877000]",701,9654000
27,38,5,"[538,760,709,682,628]","[1599000,2216000,2108000,2032000,1822000]",760,9777000
27,39,5,"[519,681,719,712,674]","[1578000,1992000,2130000,2120000,1993000]",719,9813000
27,40,5,"[530,662,708,738,634]","[1583000,1981000,2134000,2144000,1874000]",738,9716000
27,41,5,"[700,699,756,690,643]","[2158000,2033000,2220000,2064000,1895000]",756,10370000
27,42,5,"[525,696,708,716,681]","[1572000,1978000,2092000,2133000,1994000]",716,9769000
27,43,5,"[545,584,695,693,721]","[1630000,1667000,2061000,2049000,2114000]",721,9521000
27,44,5,"[585,652,742,782,677]","[1671000,1901000,2169000,2236000,2011000]",782,9988000
27,45,5,"[544,700,734,716,666]","[1615000,2019000,2155000,2131000,1941000]",734,9861000
27,46,5,"[666,700,651,694,645]","[1965000,2020000,1965000,2073000,1901000]",700,9924000
27,47,5,"[601,670,696,691,627]","[1792000,1934000,2088000,2087000,1863000]",696,9764000
27,48,5,"[570,602,704,691,644]","[1704000,1713000,2098000,2066000,1888000]",704,9469000
27,49,5,"[561,700,682,696,695]","[1631000,2030000,2006000,2072000,2028000]",700,9767000
27,50,5,"[561,663,701,664,637]","[1710000,1950000,2100000,1955000,1883000]",701,9598000
27,51,5,"[539,727,704,690,639]","[1599000,2097000,2077000,2064000,1869000]",727,9706000
27,52,5,"[544,709,706,697,634]","[1612000,2084000,2104000,2042000,1877000]",709,9719000
27,53,5,"[583,654,698,669,734]","[1672000,1899000,2069000,1997000,2116000]",734,9753000
27,54,5,"[533,635,815,689,644]","[1560000,1861000,2356000,2065000,1885000]",815,9727000
27,55,5,"[561,652,688,718,698]","[1633000,1901000,2042000,2126000,2041000]",718,9743000
27,56,5,"[615,688,695,694,651]","[1821000,2003000,2086000,2070000,1914000]",695,9894000
27,57,5,"[539,699,708,695,617]","[1599000,2045000,2096000,2039000,1819000]",708,9598000
27,58,5,"[537,671,661,697,722]","[1599000,1920000,1954000,2087000,2137000]",722,9697000
27,59,5,"[582,659,695,678,701]","[1677000,1930000,2066000,2028000,2055000]",701,9756000
27,60,5,"[573,663,701,666,637]","[1730000,1948000,2110000,1959000,1881000]",701,9628000
27,61,5,"[595,711,709,694,639]","[1736000,2058000,2082000,2081000,1868000]",711,9825000
27,62,5,"[688,665,790,666,638]","[1984000,1952000,2271000,1959000,1885000]",790,10051000
27,63,5,"[691,688,651,694,645]","[2027000,2003000,1965000,2073000,1892000]",694,9960000
27,64,5,"[542,599,704,697,712]","[1615000,1729000,2092000,2087000,2102000]",712,9625000
27,65,5,"[571,647,720,689,640]","[1626000,1895000,2138000,2062000,1874000]",720,9595000
28,1,5,"[716,675,701,637,713]","[2086000,1943000,2131000,1881000,2058000]",716,10099000
28,2,5,"[718,606,669,610,719]","[2075000,1791000,2029000,1805000,2076000]",719,9776000
28,3,5,"[707,688,665,709,685]","[2031000,1975000,2029000,2114000,1964000]",709,10113000
28,4,5,"[720,671,698,636,713]","[2097000,1932000,2116000,1879000,2058000]",720,10082000
28,5,5,"[727,650,673,609,676]","[2131000,1894000,2033000,1824000,1968000]",727,9850000
28,6,5,"[728,603,668,602,728]","[2129000,1779000,2029000,1792000,2105000]",728,9834000
28,7,5,"[692,654,645,664,723]","[1980000,1886000,1935000,1977000,2100000]",723,9878000
28,8,5,"[726,650,699,608,675]","[2129000,1894000,2079000,1822000,1946000]",726,9870000
28,9,5,"[718,668,703,639,709]","[2086000,1933000,2138000,1896000,2054000]",718,10107000
28,10,5,"[730,663,621,607,700]","[2144000,1935000,1896000,1813000,2022000]",730,9810000
28,11,5,"[700,679,644,666,725]","[2021000,1939000,1962000,1975000,2100000]",725,9997000
28,12,5,"[741,600,670,579,730]","[2178000,1775000,2039000,1718000,2113000]",741,9823000
28,13,5,"[723,690,666,637,724]","[2101000,1987000,2031000,1883000,2089000]",724,10091000
28,14,5,"[705,686,663,664,722]","[2027000,1977000,2025000,1973000,2089000]",722,10091000
28,15,5,"[720,635,686,684,717]","[2116000,1870000,2067000,1993000,2070000]",720,10116000
28,16,5,"[727,652,673,609,676]","[2131000,1898000,2033000,1824000,1968000]",727,9854000
28,17,5,"[729,609,669,608,727]","[2134000,1806000,2029000,1801000,2080000]",729,9850000
28,18,5,"[745,602,635,619,723]","[2175000,1770000,1935000,1838000,2097000]",745,9815000
28,19,5,"[745,598,672,578,726]","[2175000,1771000,2052000,1718000,2106000]",745,9822000
28,20,5,"[741,566,668,622,726]","[2170000,1671000,2037000,1862000,2103000]",741,9843000
28,21,5,"[763,774,690,686,716]","[2196000,2231000,2098000,2014000,2064000]",774,10603000
28,22,5,"[726,630,701,621,725]","[2094000,1823000,2107000,1845000,2101000]",726,9970000
28,23,5,"[734,660,745,582,730]","[2113000,1934000,2226000,1733000,2111000]",745,10117000
28,24,5,"[719,674,696,706,712]","[2062000,1960000,2070000,2069000,2022000]",719,10183000
28,25,5,"[706,687,664,669,760]","[2029000,1986000,2027000,1986000,2171000]",760,10199000
28,26,5,"[730,644,657,606,697]","[2152000,1861000,2004000,1798000,2018000]",730,9833000
28,27,5,"[726,664,707,568,728]","[2129000,1961000,2129000,1660000,2084000]",728,9963000
28,28,5,"[740,692,659,765,785]","[2104000,1990000,1955000,2241000,2203000]",785,10493000
28,29,5,"[688,679,641,720,718]","[2021000,1974000,1911000,2118000,2050000]",720,10074000
28,30,5,"[743,567,675,609,735]","[2185000,1659000,2061000,1800000,2117000]",743,9822000
28,31,5,"[745,561,694,615,729]","[2183000,1649000,2098000,1826000,2121000]",745,9877000
28,32,5,"[747,643,672,618,730]","[2185000,1903000,2038000,1836000,2069000]",747,10031000
28,33,5,"[729,667,684,621,724]","[2100000,1897000,2047000,1831000,2095000]",729,9970000
28,34,5,"[754,604,688,582,730]","[2213000,1774000,2041000,1723000,2113000]",754,9864000
28,35,5,"[745,579,672,618,726]","[2175000,1709000,2038000,1836000,2106000]",745,9864000
28,36,5,"[768,732,707,593,731]","[2307000,2107000,2125000,1741000,2104000]",768,10384000
28,37,5,"[724,650,705,561,761]","[2127000,1894000,2114000,1671000,2174000]",761,9980000
28,38,5,"[726,630,663,684,761]","[2132000,1831000,1944000,1994000,2181000]",761,10082000
28,39,5,"[773,678,648,666,735]","[2171000,1934000,1970000,1977000,2124000]",773,10176000
28,40,5,"[726,674,706,665,721]","[2129000,1960000,2134000,1909000,2063000]",726,10195000
28,41,5,"[727,644,661,607,700]","[2129000,1876000,2012000,1813000,2036000]",727,9866000
28,42,5,"[750,642,668,703,744]","[2184000,1866000,2025000,2080000,2154000]",750,10309000
28,43,5,"[706,682,664,673,724]","[2031000,1940000,2028000,1990000,2093000]",724,10082000
28,44,5,"[791,691,670,673,747]","[2239000,1988000,2040000,2006000,2154000]",791,10427000
28,45,5,"[744,587,682,700,722]","[2175000,1720000,2042000,2063000,2095000]",744,10095000
28,46,5,"[718,678,665,636,725]","[2090000,1949000,2029000,1881000,2104000]",725,10053000
28,47,5,"[719,608,669,655,721]","[2075000,1791000,2029000,1900000,2090000]",721,9885000
28,48,5,"[708,701,664,711,689]","[2033000,2013000,2023000,2106000,1984000]",711,10159000
28,49,5,"[689,672,705,639,708]","[2033000,1933000,2136000,1885000,2049000]",708,10036000
28,50,5,"[734,650,673,602,712]","[2155000,1879000,2051000,1792000,2072000]",734,9949000
28,51,5,"[732,625,671,601,679]","[2141000,1842000,2053000,1788000,1980000]",732,9804000
28,52,5,"[680,666,639,646,742]","[1957000,1919000,1919000,1917000,2168000]",742,9880000
28,53,5,"[769,631,705,608,676]","[2236000,1835000,2090000,1822000,1946000]",769,9929000
28,54,5,"[720,670,696,668,709]","[2090000,1937000,2113000,1945000,2051000]",720,10136000
28,55,5,"[729,671,622,614,701]","[2137000,1957000,1898000,1838000,2022000]",729,9852000
28,56,5,"[697,678,647,666,734]","[2030000,1935000,1978000,1986000,2124000]",734,10053000
28,57,5,"[742,650,675,578,714]","[2177000,1917000,2062000,1720000,2067000]",742,9943000
28,58,5,"[727,688,667,722,679]","[2112000,1987000,2033000,2106000,1947000]",727,10185000
28,59,5,"[706,685,719,667,721]","[2033000,1965000,2136000,1978000,2085000]",721,10197000
28,60,5,"[721,637,675,684,721]","[2116000,1880000,2045000,1993000,2076000]",721,10110000
28,61,5,"[733,654,673,652,678]","[2140000,1894000,2046000,1931000,1972000]",733,9983000
28,62,5,"[732,632,671,609,683]","[2141000,1871000,2053000,1801000,1970000]",732,9836000
28,63,5,"[747,598,642,604,725]","[2175000,1768000,1953000,1805000,2097000]",747,9798000
28,64,5,"[767,603,674,577,760]","[2201000,1781000,2055000,1718000,2207000]",767,9962000
28,65,5,"[741,566,668,652,741]","[2170000,1671000,2037000,1943000,2121000]",741,9942000
29,1,5,"[669,732,741,709,537]","[1971000,2224000,2146000,2158000,1644000]",741,10143000
29,2,5,"[658,737,747,703,537]","[1928000,2240000,2168000,2143000,1644000]",747,10123000
29,3,5,"[691,721,735,723,549]","[2027000,2177000,2171000,2144000,1665000]",735,10184000
29,4,5,"[712,682,714,718,614]","[2079000,2103000,2094000,2127000,1837000]",718,10240000
29,5,5,"[691,720,733,726,549]","[2025000,2177000,2155000,2164000,1665000]",733,10186000
29,6,5,"[691,720,770,676,549]","[2027000,2177000,2283000,2012000,1665000]",770,10164000
29,7,5,"[648,791,701,706,539]","[1890000,2362000,2068000,2156000,1654000]",791,10130000
29,8,5,"[720,724,711,726,552]","[2093000,2227000,2100000,2147000,1680000]",726,10247000
29,9,5,"[682,734,710,735,552]","[1982000,2234000,2092000,2198000,1680000]",735,10186000
29,10,5,"[640,769,756,716,539]","[1877000,2253000,2205000,2182000,1648000]",769,10165000
29,11,5,"[696,734,742,704,538]","[2000000,2228000,2159000,2142000,1649000]",742,10178000
29,12,5,"[691,677,773,711,550]","[2027000,2045000,2288000,2131000,1670000]",773,10161000
29,13,5,"[710,681,712,764,549]","[2064000,2101000,2089000,2258000,1665000]",764,10177000
29,14,5,"[721,723,733,719,549]","[2097000,2196000,2171000,2140000,1665000]",733,10269000
29,15,5,"[708,742,756,667,550]","[2053000,2275000,2231000,1959000,1670000]",756,10188000
29,16,5,"[646,717,729,719,662]","[1862000,2173000,2160000,2136000,1963000]",729,10294000
29,17,5,"[684,679,769,735,549]","[1986000,2053000,2285000,2198000,1665000]",769,10187000
29,18,5,"[622,791,743,704,537]","[1814000,2397000,2170000,2129000,1644000]",791,10154000
29,19,5,"[688,724,733,738,549]","[1990000,2183000,2161000,2205000,1665000]",738,10204000
29,20,5,"[658,792,701,708,537]","[1917000,2366000,2068000,2141000,1644000]",792,10136000
29,21,5,"[684,796,709,710,549]","[1986000,2439000,2054000,2130000,1665000]",796,10274000
29,22,5,"[623,775,757,714,539]","[1804000,2329000,2210000,2172000,1648000]",775,10163000
29,23,5,"[624,853,734,728,549]","[1807000,2523000,2157000,2174000,1665000]",853,10326000
29,24,5,"[713,723,710,731,551]","[2082000,2223000,2094000,2156000,1669000]",731,10224000
29,25,5,"[653,810,786,698,572]","[1909000,2467000,2246000,2065000,1747000]",810,10434000
29,26,5,"[711,721,738,695,573]","[2069000,2223000,2163000,2053000,1743000]",738,10251000
29,27,5,"[624,825,761,732,537]","[1814000,2462000,2211000,2186000,1644000]",825,10317000
29,28,5,"[685,830,710,711,549]","[1991000,2498000,2062000,2135000,1665000]",830,10351000
29,29,5,"[649,720,730,722,669]","[1865000,2193000,2157000,2127000,1977000]",730,10319000
29,30,5,"[614,868,746,700,540]","[1801000,2615000,2163000,2073000,1650000]",868,10302000
29,31,5,"[686,771,754,722,551]","[1997000,2335000,2185000,2146000,1675000]",771,10338000
29,32,5,"[718,724,715,722,551]","[2089000,2227000,2086000,2146000,1675000]",724,10223000
29,33,5,"[616,857,709,722,552]","[1804000,2581000,2093000,2140000,1680000]",857,10298000
29,34,5,"[645,796,744,703,537]","[1895000,2373000,2175000,2144000,1644000]",796,10231000
29,35,5,"[710,723,731,690,537]","[2064000,2227000,2130000,2069000,1644000]",731,10134000
29,36,5,"[646,788,704,709,537]","[1883000,2358000,2073000,2165000,1644000]",788,10123000
29,37,5,"[682,811,739,693,537]","[1971000,2442000,2140000,2076000,1644000]",811,10273000
29,38,5,"[706,721,742,727,549]","[2052000,2177000,2180000,2164000,1665000]",742,10238000
29,39,5,"[640,799,712,731,539]","[1868000,2448000,2060000,2200000,1648000]",799,10224000
29,40,5,"[689,728,724,728,549]","[1990000,2231000,2132000,2157000,1665000]",728,10175000
29,41,5,"[647,775,715,782,631]","[1864000,2360000,2081000,2274000,1883000]",782,10462000
29,42,5,"[617,791,732,740,647]","[1789000,2395000,2131000,2168000,1927000]",791,10410000
29,43,5,"[663,796,700,709,536]","[1914000,2374000,2066000,2151000,1639000]",796,10144000
29,44,5,"[708,740,692,719,549]","[2057000,2276000,2028000,2137000,1665000]",740,10163000
29,45,5,"[692,774,739,695,573]","[2008000,2353000,2152000,2053000,1743000]",774,10309000
29,46,5,"[620,732,741,712,599]","[1831000,2224000,2146000,2173000,1810000]",741,10184000
29,47,5,"[658,763,754,702,537]","[1928000,2286000,2184000,2138000,1644000]",763,10180000
29,48,5,"[703,720,736,716,550]","[2078000,2179000,2186000,2137000,1667000]",736,10247000
29,49,5,"[700,682,715,718,612]","[2057000,2103000,2109000,2127000,1833000]",718,10229000
29,50,5,"[689,719,731,725,562]","[2021000,2175000,2145000,2164000,1694000]",731,10199000
29,51,5,"[697,722,772,677,551]","[2042000,2189000,2303000,2010000,1675000]",772,10219000
29,52,5,"[645,791,701,704,537]","[1878000,2366000,2066000,2147000,1644000]",791,10101000
29,53,5,"[722,723,711,682,655]","[2105000,2227000,2100000,2005000,1942000]",723,10379000
29,54,5,"[689,734,712,739,552]","[1991000,2230000,2102000,2219000,1680000]",739,10222000
29,55,5,"[644,778,807,774,537]","[1883000,2289000,2288000,2310000,1644000]",807,10414000
29,56,5,"[709,736,741,699,537]","[2040000,2231000,2150000,2124000,1644000]",741,10189000
29,57,5,"[691,677,773,711,581]","[2030000,2045000,2285000,2131000,1729000]",773,10220000
29,58,5,"[708,681,712,763,549]","[2063000,2101000,2092000,2257000,1665000]",763,10178000
29,59,5,"[726,675,733,720,678]","[2101000,2040000,2168000,2145000,1980000]",733,10434000
29,60,5,"[726,739,753,666,549]","[2121000,2271000,2222000,1959000,1665000]",753,10238000
29,61,5,"[646,769,733,660,662]","[1862000,2351000,2164000,1956000,1963000]",769,10296000
29,62,5,"[685,705,772,738,550]","[1988000,2112000,2300000,2216000,1667000]",772,10283000
29,63,5,"[623,791,707,697,537]","[1815000,2392000,2088000,2121000,1644000]",791,10060000
29,64,5,"[718,722,736,717,549]","[2087000,2191000,2171000,2141000,1665000]",736,10255000
29,65,5,"[652,786,708,702,537]","[1898000,2358000,2090000,2129000,1644000]",786,10119000
30,1,5,"[657,725,563,647,681]","[1987000,2144000,1633000,1987000,2080000]",725,9831000
30,2,5,"[651,655,580,711,676]","[1971000,1954000,1678000,2156000,2076000]",711,9835000
30,3,5,"[652,656,637,656,678]","[1976000,1954000,1852000,1986000,2077000]",678,9845000
30,4,5,"[653,656,637,659,691]","[1981000,1956000,1852000,1992000,2112000]",691,9893000
30,5,5,"[659,646,659,654,683]","[1992000,1930000,1897000,1986000,2093000]",683,9898000
30,6,5,"[662,672,661,656,682]","[2011000,2025000,1916000,1986000,2093000]",682,10031000
30,7,5,"[655,689,591,685,673]","[1975000,2044000,1722000,2081000,2076000]",689,9898000
30,8,5,"[651,655,580,713,676]","[1971000,1954000,1678000,2160000,2076000]",713,9839000
30,9,5,"[651,696,618,654,681]","[1971000,2062000,1786000,1986000,2082000]",696,9887000
30,10,5,"[657,697,593,647,681]","[1987000,2071000,1720000,1987000,2098000]",697,9863000
30,11,5,"[657,723,568,647,681]","[1987000,2147000,1634000,1987000,2093000]",723,9848000
30,12,5,"[654,695,601,675,672]","[1975000,2071000,1732000,2049000,2076000]",695,9903000
30,13,5,"[654,690,630,655,674]","[1975000,2049000,1821000,1986000,2076000]",690,9907000
30,14,5,"[652,699,590,676,676]","[1974000,2067000,1710000,2054000,2078000]",699,9883000
30,15,5,"[655,685,602,683,673]","[1980000,2033000,1752000,2068000,2076000]",685,9909000
30,16,5,"[663,713,567,647,678]","[1998000,2131000,1640000,1987000,2093000]",713,9849000
30,17,5,"[654,653,634,682,684]","[1977000,1952000,1824000,2072000,2102000]",684,9927000
30,18,5,"[651,693,560,711,679]","[1971000,2056000,1610000,2160000,2084000]",711,9881000
30,19,5,"[652,699,556,711,676]","[1976000,2067000,1600000,2159000,2081000]",711,9883000
30,20,5,"[654,721,566,675,672]","[1975000,2147000,1629000,2049000,2076000]",721,9876000
30,21,5,"[652,699,629,659,676]","[1976000,2067000,1806000,1995000,2081000]",699,9925000
30,22,5,"[656,690,630,679,674]","[1975000,2049000,1821000,2045000,2076000]",690,9966000
30,23,5,"[664,717,564,654,679]","[1997000,2118000,1644000,2003000,2093000]",717,9855000
30,24,5,"[652,699,590,679,676]","[1974000,2067000,1710000,2060000,2078000]",699,9889000
30,25,5,"[658,706,615,694,676]","[1997000,2088000,1780000,2060000,2096000]",706,10021000
30,26,5,"[658,717,586,679,676]","[1987000,2148000,1703000,2057000,2086000]",717,9981000
30,27,5,"[654,723,584,688,678]","[1984000,2143000,1696000,2050000,2085000]",723,9958000
30,28,5,"[656,708,633,644,680]","[1987000,2082000,1823000,1954000,2099000]",708,9945000
30,29,5,"[654,721,566,680,672]","[1975000,2147000,1629000,2059000,2076000]",721,9886000
30,30,5,"[657,724,568,647,681]","[1987000,2149000,1634000,1987000,2093000]",724,9850000
30,31,5,"[654,720,565,681,678]","[1984000,2137000,1633000,2057000,2085000]",720,9896000
30,32,5,"[662,726,564,685,682]","[2009000,2149000,1635000,2069000,2093000]",726,9955000
30,33,5,"[656,690,600,686,674]","[1975000,2049000,1737000,2083000,2076000]",690,9920000
30,34,5,"[655,714,571,677,673]","[1977000,2114000,1659000,2056000,2076000]",714,9882000
30,35,5,"[663,671,663,656,682]","[2016000,2020000,1922000,1986000,2093000]",682,10037000
30,36,5,"[659,660,661,660,686]","[1996000,1955000,1906000,1997000,2107000]",686,9961000
30,37,5,"[654,721,565,683,678]","[1984000,2139000,1633000,2061000,2085000]",721,9902000
30,38,5,"[654,690,630,657,674]","[1975000,2049000,1821000,1992000,2076000]",690,9913000
30,39,5,"[654,701,642,681,702]","[1984000,2067000,1813000,2064000,2150000]",702,10078000
30,40,5,"[658,690,606,680,683]","[1992000,2049000,1749000,2062000,2093000]",690,9945000
30,41,5,"[651,713,608,660,678]","[1969000,2119000,1758000,2010000,2091000]",713,9947000
30,42,5,"[657,725,563,652,681]","[1987000,2144000,1633000,1997000,2080000]",725,9841000
30,43,5,"[663,764,565,652,681]","[1995000,2233000,1629000,1997000,2099000]",764,9953000
30,44,5,"[672,744,614,677,685]","[2025000,2178000,1780000,2003000,2135000]",744,10121000
30,45,5,"[653,700,591,680,684]","[1979000,2069000,1709000,2059000,2090000]",700,9906000
30,46,5,"[663,721,565,642,679]","[2000000,2139000,1636000,1975000,2082000]",721,9832000
30,47,5,"[720,655,580,711,637]","[2160000,1954000,1678000,2156000,1947000]",720,9895000
30,48,5,"[657,657,639,728,646]","[1995000,1960000,1852000,2179000,1988000]",728,9974000
30,49,5,"[653,654,656,659,691]","[1981000,1954000,1890000,1992000,2112000]",691,9929000
30,50,5,"[661,648,661,661,694]","[1997000,1940000,1907000,2000000,2136000]",694,9980000
30,51,5,"[662,621,660,729,682]","[2008000,1857000,1914000,2201000,2093000]",729,10073000
30,52,5,"[654,643,618,682,674]","[1975000,1925000,1809000,2066000,2076000]",682,9851000
30,53,5,"[655,654,569,758,675]","[1982000,1954000,1631000,2265000,2076000]",758,9908000
30,54,5,"[651,654,648,658,681]","[1971000,1954000,1876000,1994000,2082000]",681,9877000
30,55,5,"[663,659,614,647,679]","[1993000,1960000,1780000,1987000,2095000]",679,9815000
30,56,5,"[672,721,568,645,685]","[2019000,2147000,1631000,1977000,2115000]",721,9889000
30,57,5,"[655,693,589,676,673]","[1980000,2060000,1706000,2060000,2078000]",693,9884000
30,58,5,"[654,646,662,655,674]","[1975000,1930000,1905000,1986000,2076000]",674,9872000
30,59,5,"[652,651,611,678,678]","[1971000,1948000,1778000,2054000,2081000]",678,9832000
30,60,5,"[653,643,619,682,677]","[1969000,1925000,1805000,2063000,2078000]",682,9840000
30,61,5,"[662,716,569,642,676]","[1998000,2146000,1645000,1977000,2091000]",716,9857000
30,62,5,"[698,653,687,684,680]","[2065000,1952000,1939000,2076000,2082000]",698,10114000
30,63,5,"[651,651,592,713,678]","[1971000,1948000,1712000,2164000,2081000]",713,9876000
30,64,5,"[651,655,580,708,676]","[1971000,1954000,1678000,2150000,2076000]",708,9829000
30,65,5,"[655,729,633,676,673]","[1977000,2127000,1799000,2051000,2076000]",729,10030000
