iteration_id,solution_id,agv_count,running_times_seconds,energy_consumptions_joules,max_running_time_seconds,total_energy_consumption_joules
1,1,8,"[145,155,148,160,161,152,143,157]","[416000,403000,407000,447000,451000,400000,415000,410000]",161,3349000
1,2,8,"[148,153,146,160,162,159,144,134]","[411000,407000,406000,452000,451000,432000,420000,336000]",162,3315000
1,3,8,"[136,118,160,154,164,163,146,150]","[383000,316000,446000,436000,457000,429000,425000,400000]",164,3292000
1,4,8,"[129,75,166,171,139,159,188,147]","[363000,195000,456000,484000,378000,440000,560000,394000]",188,3270000
1,5,8,"[157,96,142,138,174,179,148,150]","[438000,261000,395000,364000,504000,499000,422000,401000]",179,3284000
1,6,8,"[152,152,158,161,162,164,143,132]","[445000,399000,439000,444000,435000,450000,415000,351000]",164,3378000
1,7,8,"[159,151,157,158,159,157,146,154]","[448000,389000,446000,453000,444000,427000,422000,405000]",159,3434000
1,8,8,"[136,117,164,173,161,145,145,140]","[384000,327000,466000,478000,454000,391000,420000,366000]",173,3286000
1,9,8,"[129,75,166,171,164,133,187,147]","[363000,195000,456000,486000,469000,370000,560000,394000]",187,3293000
1,10,8,"[150,149,160,158,160,155,146,153]","[425000,384000,452000,456000,449000,422000,422000,416000]",160,3426000
1,11,8,"[157,96,142,151,153,180,146,150]","[438000,261000,395000,421000,423000,499000,422000,401000]",180,3260000
1,12,8,"[151,147,147,160,162,140,144,150]","[413000,390000,399000,452000,453000,376000,420000,410000]",162,3313000
1,13,8,"[150,155,159,159,150,160,146,153]","[430000,400000,437000,442000,420000,432000,422000,407000]",160,3390000
1,14,8,"[149,144,159,160,162,159,141,135]","[399000,390000,447000,452000,451000,427000,413000,366000]",162,3345000
1,15,8,"[157,96,142,154,155,183,145,150]","[438000,261000,395000,427000,423000,507000,420000,401000]",183,3272000
1,16,8,"[149,160,159,159,161,165,143,132]","[430000,430000,447000,444000,417000,450000,415000,351000]",165,3384000
1,17,8,"[136,117,164,174,162,152,144,138]","[384000,327000,466000,482000,459000,400000,420000,362000]",174,3300000
1,18,8,"[147,160,158,160,161,164,143,132]","[415000,434000,446000,447000,435000,450000,415000,351000]",164,3393000
1,19,8,"[157,142,160,158,159,160,146,155]","[443000,371000,439000,453000,444000,433000,422000,401000]",160,3406000
1,20,8,"[136,118,160,173,161,145,145,150]","[383000,316000,446000,478000,454000,391000,420000,400000]",173,3288000
1,21,8,"[136,118,160,175,163,140,146,150]","[383000,316000,446000,495000,461000,376000,415000,400000]",175,3292000
1,22,8,"[129,75,166,189,160,129,183,147]","[363000,195000,456000,546000,449000,360000,528000,394000]",189,3291000
1,23,8,"[148,117,159,173,161,145,145,140]","[426000,316000,446000,478000,454000,391000,420000,368000]",173,3299000
1,24,8,"[160,146,159,160,162,159,144,118]","[461000,389000,441000,452000,451000,432000,420000,314000]",162,3360000
1,25,8,"[133,156,149,160,161,152,143,171]","[386000,405000,411000,447000,451000,400000,415000,447000]",171,3362000
1,26,8,"[160,160,158,159,125,165,143,132]","[453000,434000,446000,442000,337000,450000,415000,351000]",165,3328000
1,27,8,"[149,67,159,160,162,159,187,135]","[399000,182000,447000,452000,453000,427000,560000,366000]",187,3286000
1,28,8,"[129,75,166,170,158,143,188,147]","[363000,195000,456000,484000,442000,390000,560000,394000]",188,3284000
1,29,8,"[136,118,160,154,164,164,144,156]","[383000,316000,446000,438000,457000,440000,420000,412000]",164,3312000
1,30,8,"[136,118,160,154,164,163,146,156]","[383000,316000,446000,436000,457000,429000,425000,412000]",164,3304000
1,31,8,"[150,149,160,158,159,158,146,155]","[425000,384000,452000,453000,444000,432000,422000,420000]",160,3432000
1,32,8,"[149,154,159,158,160,157,144,156]","[418000,407000,447000,433000,449000,427000,415000,425000]",160,3421000
1,33,8,"[136,118,160,154,164,167,146,150]","[383000,316000,446000,436000,457000,437000,425000,400000]",167,3300000
1,34,8,"[150,155,159,158,160,155,146,150]","[430000,400000,437000,456000,449000,422000,422000,392000]",160,3408000
1,35,8,"[136,118,160,151,171,161,145,150]","[383000,316000,446000,421000,483000,429000,420000,400000]",171,3298000
1,36,8,"[123,122,164,173,161,145,145,154]","[351000,336000,466000,478000,454000,391000,420000,415000]",173,3311000
1,37,8,"[154,159,154,160,162,159,144,118]","[437000,437000,431000,452000,451000,432000,420000,314000]",162,3374000
1,38,8,"[149,67,159,164,135,186,189,135]","[399000,182000,447000,472000,372000,507000,560000,366000]",189,3305000
1,39,8,"[105,109,165,175,163,132,187,147]","[275000,304000,453000,494000,464000,365000,560000,405000]",187,3320000
1,40,8,"[137,123,165,173,161,145,185,121]","[394000,330000,468000,478000,454000,391000,512000,310000]",185,3337000
1,41,8,"[183,219,159,177,165,198,176,137]","[563000,582000,441000,497000,459000,543000,526000,348000]",219,3959000
1,42,8,"[307,261,224,156,187,191,169,168]","[948000,687000,654000,392000,500000,525000,461000,489000]",307,4656000
1,43,8,"[123,117,164,173,161,145,185,140]","[346000,327000,466000,478000,454000,391000,512000,366000]",185,3340000
1,44,8,"[159,116,164,203,175,207,148,181]","[480000,310000,454000,547000,483000,546000,417000,501000]",207,3738000
1,45,8,"[198,129,227,167,204,174,187,144]","[606000,398000,617000,430000,543000,472000,545000,375000]",227,3986000
1,46,8,"[180,97,207,203,175,136,204,160]","[555000,238000,605000,551000,473000,362000,567000,440000]",207,3791000
1,47,8,"[161,166,187,197,163,160,151,140]","[460000,463000,515000,520000,436000,440000,402000,380000]",197,3616000
1,48,8,"[128,83,183,175,209,173,207,187]","[343000,232000,489000,447000,548000,466000,603000,497000]",209,3625000
1,49,8,"[141,99,218,192,161,153,158,148]","[391000,270000,592000,504000,445000,430000,406000,379000]",218,3417000
1,50,8,"[137,154,165,160,161,152,143,185]","[376000,414000,471000,447000,451000,400000,415000,514000]",185,3488000
1,51,8,"[123,94,170,170,158,143,188,151]","[355000,254000,484000,484000,442000,390000,560000,401000]",188,3370000
1,52,8,"[128,158,144,161,162,153,196,135]","[364000,415000,400000,447000,451000,402000,548000,358000]",196,3385000
1,53,8,"[149,142,146,167,205,174,159,184]","[399000,383000,407000,428000,545000,471000,453000,491000]",205,3577000
1,54,8,"[145,131,157,202,189,177,153,147]","[416000,350000,437000,562000,531000,476000,400000,378000]",202,3550000
1,55,8,"[160,153,144,200,165,156,146,151]","[444000,397000,406000,538000,452000,432000,417000,406000]",200,3492000
1,56,8,"[125,88,220,173,190,126,199,154]","[339000,260000,596000,486000,526000,326000,554000,417000]",220,3504000
1,57,8,"[192,141,166,203,175,136,201,164]","[571000,408000,466000,551000,473000,362000,552000,451000]",203,3834000
1,58,8,"[149,182,146,211,195,146,148,151]","[420000,473000,412000,566000,548000,380000,430000,403000]",211,3632000
1,59,8,"[154,144,151,160,161,152,143,164]","[408000,378000,438000,447000,451000,400000,415000,446000]",164,3383000
1,60,8,"[141,83,157,160,162,159,187,135]","[381000,235000,437000,452000,453000,427000,560000,366000]",187,3311000
1,61,8,"[1043,1051,1010,173,168,173,187,1071]","[2592000,2389000,3202000,437000,458000,486000,560000,4984000]",1071,15108000
1,62,8,"[158,159,168,190,191,169,147,139]","[445000,449000,453000,488000,522000,458000,388000,368000]",191,3571000
1,63,8,"[125,99,187,208,167,134,178,155]","[356000,246000,527000,547000,471000,370000,518000,407000]",208,3442000
1,64,8,"[131,102,197,199,161,147,184,141]","[356000,266000,562000,513000,438000,395000,536000,350000]",199,3416000
1,65,8,"[129,85,186,176,197,146,150,151]","[357000,232000,525000,472000,560000,390000,424000,394000]",197,3354000
1,66,8,"[120,157,163,160,161,152,143,203]","[348000,416000,500000,447000,451000,400000,415000,581000]",203,3558000
1,67,8,"[148,154,146,166,165,160,143,176]","[411000,409000,406000,449000,457000,434000,415000,433000]",176,3414000
1,68,8,"[136,135,159,154,164,163,146,154]","[402000,375000,446000,436000,457000,429000,425000,397000]",164,3367000
1,69,8,"[219,75,164,174,140,161,150,148]","[579000,195000,454000,491000,377000,450000,441000,396000]",219,3383000
1,70,8,"[157,96,142,138,174,214,110,150]","[438000,261000,395000,368000,504000,607000,314000,401000]",214,3288000
1,71,8,"[152,153,158,162,174,165,144,132]","[445000,399000,439000,459000,469000,450000,415000,351000]",174,3427000
1,72,8,"[135,160,159,161,164,158,145,164]","[383000,413000,446000,468000,454000,436000,420000,443000]",164,3463000
1,73,8,"[136,117,164,173,161,143,145,140]","[384000,327000,466000,478000,454000,382000,420000,366000]",173,3277000
1,74,8,"[127,82,119,177,297,132,187,157]","[348000,201000,315000,499000,784000,355000,560000,419000]",297,3481000
1,75,8,"[169,149,154,158,160,155,146,153]","[456000,394000,428000,456000,449000,422000,422000,410000]",169,3437000
1,76,8,"[160,133,144,158,164,181,147,150]","[458000,331000,395000,456000,448000,504000,422000,391000]",181,3405000
1,77,8,"[151,147,147,163,182,140,147,150]","[413000,390000,399000,464000,492000,376000,415000,410000]",182,3359000
1,78,8,"[144,155,159,159,150,160,146,165]","[410000,400000,447000,442000,420000,432000,422000,432000]",165,3405000
1,79,8,"[164,147,162,160,162,159,138,128]","[479000,384000,452000,452000,451000,427000,408000,328000]",164,3381000
1,80,8,"[153,103,143,154,155,183,145,180]","[448000,275000,395000,427000,423000,507000,420000,469000]",183,3364000
1,81,8,"[164,155,162,161,162,164,143,119]","[474000,427000,462000,444000,419000,450000,415000,316000]",164,3407000
1,82,8,"[135,205,164,175,124,152,144,138]","[384000,544000,466000,478000,344000,400000,420000,362000]",205,3398000
1,83,8,"[212,160,154,160,161,165,157,132]","[554000,434000,431000,447000,435000,452000,423000,351000]",212,3527000
1,84,8,"[157,144,160,154,177,158,155,155]","[443000,375000,439000,428000,490000,430000,437000,401000]",177,3443000
1,85,8,"[136,118,141,177,165,213,145,151]","[383000,316000,387000,486000,465000,548000,420000,402000]",213,3407000
1,86,8,"[123,122,164,175,163,140,146,160]","[351000,336000,466000,495000,461000,376000,415000,436000]",175,3336000
1,87,8,"[129,75,166,191,161,91,227,147]","[363000,195000,456000,541000,449000,236000,661000,394000]",227,3295000
1,88,8,"[167,120,139,173,161,145,145,140]","[466000,333000,389000,478000,454000,391000,420000,359000]",173,3290000
1,89,8,"[159,146,176,160,162,159,144,118]","[454000,389000,484000,452000,451000,432000,420000,314000]",176,3396000
1,90,8,"[133,156,149,160,161,152,145,171]","[386000,405000,411000,447000,451000,400000,419000,447000]",171,3366000
2,1,8,"[155,141,153,111,134,139,151,126]","[429000,381000,438000,309000,385000,379000,443000,344000]",155,3108000
2,2,8,"[156,147,153,111,134,148,139,124]","[424000,386000,438000,309000,385000,406000,408000,339000]",156,3095000
2,3,8,"[152,164,135,109,133,138,150,125]","[414000,452000,380000,302000,389000,379000,441000,333000]",164,3090000
2,4,8,"[151,157,142,139,131,151,139,129]","[406000,427000,416000,386000,379000,406000,408000,355000]",157,3183000
2,5,8,"[159,147,135,143,134,148,148,132]","[424000,390000,379000,391000,385000,406000,410000,369000]",159,3154000
2,6,8,"[203,141,153,111,80,136,152,129]","[571000,381000,438000,309000,226000,379000,443000,364000]",203,3111000
2,7,8,"[151,157,142,141,132,151,139,129]","[406000,427000,411000,386000,381000,406000,408000,355000]",157,3180000
2,8,8,"[155,141,144,152,134,152,141,124]","[436000,387000,426000,421000,385000,424000,418000,340000]",155,3237000
2,9,8,"[152,164,134,110,134,138,150,125]","[414000,452000,375000,304000,385000,379000,441000,333000]",164,3083000
2,10,8,"[157,140,154,141,113,147,144,123]","[428000,381000,440000,393000,319000,406000,412000,339000]",157,3118000
2,11,8,"[156,141,159,110,131,148,145,124]","[424000,381000,465000,307000,379000,406000,410000,337000]",159,3109000
2,12,8,"[153,165,135,109,133,181,107,125]","[424000,452000,380000,302000,389000,506000,306000,338000]",181,3097000
2,13,8,"[153,165,134,110,134,181,107,125]","[424000,452000,375000,304000,385000,506000,306000,338000]",181,3090000
2,14,8,"[153,165,135,109,133,149,141,125]","[416000,452000,380000,302000,389000,421000,402000,338000]",165,3100000
2,15,8,"[155,164,134,110,134,137,153,123]","[418000,452000,375000,304000,385000,379000,443000,333000]",164,3089000
2,16,8,"[159,147,139,156,132,148,148,132]","[424000,390000,399000,424000,381000,406000,410000,369000]",159,3203000
2,17,8,"[156,157,142,141,132,148,139,129]","[420000,427000,411000,386000,381000,406000,410000,360000]",157,3201000
2,18,8,"[155,141,154,111,134,139,151,126]","[429000,381000,440000,309000,385000,379000,443000,344000]",155,3110000
2,19,8,"[174,163,135,109,133,181,82,132]","[482000,452000,380000,302000,389000,536000,218000,366000]",181,3125000
2,20,8,"[156,159,135,131,139,142,150,126]","[434000,433000,381000,355000,404000,385000,441000,343000]",159,3176000
2,21,8,"[158,145,154,111,134,155,146,133]","[432000,388000,440000,309000,385000,426000,424000,386000]",158,3190000
2,22,8,"[156,142,153,111,134,137,153,130]","[423000,381000,438000,309000,385000,379000,443000,363000]",156,3121000
2,23,8,"[152,164,134,140,113,138,150,125]","[414000,452000,375000,388000,319000,379000,441000,333000]",164,3101000
2,24,8,"[159,147,144,152,134,148,148,132]","[424000,390000,426000,421000,385000,406000,410000,369000]",159,3231000
2,25,8,"[155,141,159,110,131,139,151,126]","[429000,381000,465000,307000,379000,379000,443000,342000]",159,3125000
2,26,8,"[152,164,135,139,112,138,150,125]","[414000,452000,380000,386000,323000,379000,441000,333000]",164,3108000
2,27,8,"[153,165,134,110,134,149,141,125]","[416000,452000,375000,304000,385000,421000,402000,338000]",165,3093000
2,28,8,"[151,157,142,153,132,151,139,129]","[406000,427000,411000,416000,381000,406000,408000,355000]",157,3210000
2,29,8,"[157,163,134,110,134,147,144,125]","[441000,452000,375000,304000,385000,412000,416000,343000]",163,3128000
2,30,8,"[178,166,135,109,133,182,82,124]","[497000,458000,380000,302000,389000,538000,218000,328000]",182,3110000
2,31,8,"[155,141,154,141,113,139,151,126]","[429000,381000,440000,393000,319000,379000,443000,344000]",155,3128000
2,32,8,"[157,163,135,109,133,147,144,125]","[441000,452000,380000,302000,389000,412000,416000,343000]",163,3135000
2,33,8,"[156,159,142,141,132,142,150,126]","[434000,433000,411000,386000,381000,385000,441000,343000]",159,3214000
2,34,8,"[160,163,134,110,134,146,144,125]","[440000,452000,375000,304000,385000,412000,418000,343000]",163,3129000
2,35,8,"[158,163,134,110,134,150,141,126]","[441000,452000,375000,304000,385000,420000,414000,342000]",163,3133000
2,36,8,"[160,163,134,110,134,177,109,125]","[433000,452000,375000,304000,385000,506000,313000,338000]",177,3106000
2,37,8,"[155,164,135,139,112,137,153,123]","[418000,452000,380000,386000,323000,379000,443000,333000]",164,3114000
2,38,8,"[163,184,158,110,80,136,152,129]","[462000,506000,463000,304000,226000,379000,443000,360000]",184,3143000
2,39,8,"[158,164,134,110,134,145,144,129]","[434000,454000,375000,304000,385000,415000,408000,343000]",164,3118000
2,40,8,"[161,159,142,141,132,143,152,127]","[437000,429000,411000,386000,381000,406000,434000,345000]",161,3229000
2,41,8,"[160,198,154,111,134,146,146,133]","[440000,508000,428000,309000,385000,408000,418000,376000]",198,3272000
2,42,8,"[160,157,142,141,132,152,152,126]","[437000,427000,411000,386000,381000,427000,437000,348000]",160,3254000
2,43,8,"[157,163,135,109,133,146,144,128]","[436000,452000,380000,302000,389000,412000,416000,343000]",163,3130000
2,44,8,"[202,166,135,109,133,182,82,149]","[574000,458000,380000,302000,389000,538000,218000,443000]",202,3302000
2,45,8,"[170,218,259,110,149,136,152,129]","[445000,577000,680000,304000,415000,379000,445000,360000]",259,3605000
2,46,8,"[183,194,134,111,170,143,139,122]","[517000,508000,379000,309000,511000,418000,372000,334000]",194,3348000
2,47,8,"[163,201,154,111,134,146,145,129]","[455000,517000,428000,309000,385000,419000,409000,356000]",201,3278000
2,48,8,"[156,200,134,111,134,148,139,124]","[424000,513000,379000,309000,385000,406000,408000,339000]",200,3163000
2,49,8,"[151,220,221,109,132,148,141,124]","[419000,587000,599000,302000,379000,417000,402000,338000]",221,3443000
2,50,8,"[156,194,136,110,131,148,145,124]","[424000,508000,386000,307000,379000,406000,410000,337000]",194,3157000
2,51,8,"[165,194,233,111,80,136,152,129]","[462000,508000,646000,309000,226000,379000,443000,364000]",233,3337000
2,52,8,"[151,235,135,177,134,151,139,129]","[406000,596000,381000,451000,385000,406000,408000,355000]",235,3388000
2,53,8,"[165,164,134,110,134,134,158,130]","[453000,454000,375000,304000,385000,379000,450000,343000]",165,3143000
2,54,8,"[155,194,156,162,80,139,151,126]","[429000,508000,433000,456000,226000,379000,443000,344000]",194,3218000
2,55,8,"[157,191,185,117,137,143,153,127]","[436000,527000,529000,326000,391000,385000,447000,356000]",191,3397000
2,56,8,"[159,197,134,111,134,145,143,127]","[444000,512000,379000,309000,385000,410000,416000,344000]",197,3199000
2,57,8,"[188,164,135,109,133,153,137,136]","[514000,454000,380000,302000,389000,444000,385000,379000]",188,3247000
2,58,8,"[155,164,135,109,133,137,153,123]","[418000,452000,380000,302000,389000,379000,443000,333000]",164,3096000
2,59,8,"[182,165,135,109,133,144,144,118]","[517000,456000,380000,302000,389000,408000,390000,317000]",182,3159000
2,60,8,"[156,206,142,153,134,148,145,132]","[424000,523000,411000,423000,385000,406000,410000,369000]",206,3351000
2,61,8,"[157,163,134,110,134,147,140,125]","[441000,452000,375000,304000,385000,412000,408000,343000]",163,3120000
2,62,8,"[156,184,139,113,131,147,146,125]","[438000,488000,401000,322000,379000,412000,420000,343000]",184,3203000
2,63,8,"[156,169,143,115,119,143,150,129]","[434000,452000,397000,311000,323000,383000,441000,335000]",169,3076000
2,64,8,"[152,140,158,110,210,135,109,128]","[414000,381000,463000,307000,589000,379000,302000,350000]",210,3185000
2,65,8,"[156,141,182,110,148,148,145,124]","[424000,381000,514000,307000,410000,406000,410000,337000]",182,3189000
2,66,8,"[152,164,134,116,158,138,150,125]","[414000,452000,375000,313000,453000,379000,441000,333000]",164,3160000
2,67,8,"[156,159,142,139,131,95,187,126]","[434000,433000,416000,386000,379000,248000,560000,343000]",187,3199000
2,68,8,"[152,132,135,143,134,153,140,156]","[408000,356000,379000,391000,385000,414000,412000,416000]",156,3161000
2,69,8,"[203,141,134,111,80,136,235,129]","[571000,381000,379000,309000,226000,379000,630000,364000]",235,3239000
2,70,8,"[151,155,142,139,111,151,139,185]","[406000,427000,416000,386000,315000,406000,408000,479000]",185,3243000
2,71,8,"[154,141,215,152,134,155,161,124]","[431000,387000,574000,421000,385000,430000,437000,340000]",215,3405000
2,72,8,"[165,166,134,110,134,127,150,166]","[436000,458000,375000,304000,385000,342000,441000,455000]",166,3196000
2,73,8,"[118,182,154,141,113,148,139,129]","[311000,490000,440000,393000,319000,406000,410000,360000]",182,3129000
2,74,8,"[155,146,159,110,131,187,141,103]","[414000,386000,465000,307000,379000,520000,405000,270000]",187,3146000
2,75,8,"[169,165,135,109,133,181,106,131]","[454000,452000,380000,302000,389000,506000,308000,343000]",181,3134000
2,76,8,"[151,170,137,168,134,179,119,124]","[419000,460000,380000,447000,385000,506000,319000,342000]",179,3258000
2,77,8,"[155,176,140,145,133,147,144,123]","[429000,487000,396000,391000,379000,417000,408000,338000]",176,3245000
2,78,8,"[155,213,134,110,134,137,118,123]","[418000,586000,375000,304000,385000,379000,337000,333000]",213,3117000
2,79,8,"[160,145,139,156,174,151,162,130]","[459000,389000,399000,424000,486000,423000,431000,352000]",174,3363000
2,80,8,"[155,155,142,141,132,94,191,124]","[418000,427000,411000,386000,381000,248000,562000,338000]",191,3171000
2,81,8,"[154,141,258,111,135,136,164,129]","[424000,381000,693000,309000,387000,383000,433000,359000]",258,3369000
2,82,8,"[174,165,161,112,154,181,82,134]","[487000,452000,441000,308000,431000,536000,218000,370000]",181,3243000
2,83,8,"[169,159,135,131,139,138,150,125]","[469000,433000,381000,355000,404000,379000,441000,338000]",169,3200000
2,84,8,"[156,142,136,110,169,153,143,127]","[439000,387000,386000,307000,476000,424000,410000,362000]",169,3191000
2,85,8,"[156,142,155,132,134,137,153,130]","[423000,381000,443000,357000,385000,379000,443000,359000]",156,3170000
2,86,8,"[158,163,134,210,113,140,162,126]","[444000,452000,375000,548000,319000,381000,441000,338000]",210,3298000
2,87,8,"[156,147,154,111,134,148,139,124]","[424000,386000,440000,309000,385000,406000,408000,339000]",156,3097000
2,88,8,"[153,141,159,110,131,95,153,186]","[419000,381000,465000,307000,379000,248000,447000,505000]",186,3151000
3,1,8,"[153,167,197,150,111,211,212,195]","[409000,502000,563000,421000,300000,623000,621000,594000]",212,4033000
3,2,8,"[154,154,197,226,112,211,188,144]","[406000,488000,563000,643000,300000,623000,540000,435000]",226,3998000
3,3,8,"[173,202,200,140,113,188,201,195]","[487000,593000,563000,394000,310000,542000,603000,594000]",202,4086000
3,4,8,"[170,185,193,183,113,183,200,195]","[466000,544000,544000,513000,310000,519000,601000,594000]",200,4091000
3,5,8,"[197,204,201,140,113,188,202,195]","[540000,593000,568000,394000,310000,544000,584000,594000]",204,4127000
3,6,8,"[206,186,196,179,149,174,178,194]","[565000,539000,563000,490000,412000,493000,521000,592000]",206,4175000
3,7,8,"[170,185,206,140,113,197,200,197]","[478000,534000,593000,394000,310000,563000,601000,598000]",206,4071000
3,8,8,"[154,167,197,150,111,211,213,195]","[406000,502000,563000,421000,300000,623000,617000,594000]",213,4026000
3,9,8,"[153,212,197,140,113,214,215,146]","[409000,649000,563000,394000,310000,628000,621000,439000]",215,4013000
3,10,8,"[132,184,192,183,113,215,200,195]","[348000,539000,544000,513000,310000,614000,601000,594000]",215,4063000
3,11,8,"[170,186,207,136,113,198,200,195]","[471000,549000,593000,389000,310000,567000,601000,594000]",207,4074000
3,12,8,"[155,203,204,145,113,215,210,144]","[429000,619000,591000,404000,310000,643000,621000,435000]",215,4052000
3,13,8,"[209,202,201,140,113,178,202,195]","[582000,583000,568000,394000,310000,515000,584000,594000]",209,4130000
3,14,8,"[153,203,206,145,113,215,213,144]","[416000,619000,595000,404000,310000,640000,617000,435000]",215,4036000
3,15,8,"[207,187,196,179,149,175,179,194]","[562000,534000,563000,490000,412000,497000,521000,592000]",207,4171000
3,16,8,"[154,200,199,140,113,211,188,195]","[406000,591000,563000,394000,310000,623000,540000,594000]",211,4021000
3,17,8,"[177,187,192,178,113,183,200,194]","[488000,541000,542000,494000,310000,511000,601000,592000]",200,4079000
3,18,8,"[210,202,198,140,113,187,170,195]","[577000,593000,563000,394000,310000,542000,503000,594000]",210,4076000
3,19,8,"[153,154,246,145,113,214,215,144]","[409000,488000,704000,404000,310000,638000,626000,435000]",246,4014000
3,20,8,"[153,218,197,140,113,211,212,146]","[409000,661000,563000,394000,310000,623000,621000,439000]",218,4020000
3,21,8,"[171,185,191,178,113,188,201,194]","[471000,544000,542000,494000,310000,542000,601000,592000]",201,4096000
3,22,8,"[154,103,197,225,111,211,188,195]","[406000,329000,563000,643000,300000,623000,540000,594000]",225,3998000
3,23,8,"[183,188,206,136,113,186,200,195]","[508000,559000,593000,389000,310000,531000,601000,594000]",206,4085000
3,24,8,"[192,186,204,140,113,182,201,197]","[533000,549000,591000,394000,310000,513000,606000,598000]",204,4094000
3,25,8,"[207,184,197,201,149,174,181,194]","[565000,534000,565000,546000,412000,493000,515000,592000]",207,4222000
3,26,8,"[170,185,206,146,113,197,200,197]","[478000,534000,593000,406000,300000,563000,601000,598000]",206,4073000
3,27,8,"[155,154,246,145,113,214,214,144]","[416000,488000,704000,404000,310000,638000,619000,435000]",246,4014000
3,28,8,"[170,186,207,140,113,198,200,197]","[478000,549000,593000,394000,310000,567000,601000,598000]",207,4090000
3,29,8,"[177,187,192,179,113,183,200,194]","[488000,541000,542000,499000,310000,511000,601000,592000]",200,4084000
3,30,8,"[171,185,191,179,113,188,201,194]","[471000,544000,542000,499000,310000,542000,601000,592000]",201,4101000
3,31,8,"[170,186,207,136,120,198,200,195]","[471000,549000,593000,389000,321000,567000,601000,594000]",207,4085000
3,32,8,"[198,200,204,140,113,189,202,195]","[552000,580000,591000,394000,310000,544000,584000,594000]",204,4149000
3,33,8,"[154,200,199,150,111,211,188,195]","[406000,591000,563000,421000,300000,623000,540000,594000]",211,4038000
3,34,8,"[213,186,206,136,113,191,196,195]","[590000,549000,591000,389000,310000,540000,563000,594000]",213,4126000
3,35,8,"[213,186,206,136,113,191,196,195]","[590000,549000,591000,389000,310000,540000,563000,594000]",213,4126000
3,36,8,"[166,172,197,140,113,213,211,194]","[448000,494000,563000,394000,310000,623000,623000,592000]",213,4047000
3,37,8,"[183,188,206,140,113,186,200,197]","[515000,549000,593000,394000,310000,531000,601000,598000]",206,4091000
3,38,8,"[135,186,193,184,113,215,202,195]","[348000,539000,548000,515000,310000,614000,601000,594000]",215,4069000
3,39,8,"[197,204,201,150,111,188,202,195]","[540000,593000,568000,421000,300000,544000,584000,594000]",204,4144000
3,40,8,"[171,185,191,178,113,188,201,195]","[471000,544000,542000,494000,310000,542000,601000,594000]",201,4098000
3,41,8,"[159,257,242,179,136,177,202,199]","[480000,721000,666000,485000,366000,495000,606000,600000]",257,4419000
3,42,8,"[198,188,192,176,113,178,201,197]","[531000,539000,542000,487000,310000,498000,606000,598000]",201,4111000
3,43,8,"[141,278,206,140,113,182,230,206]","[389000,784000,591000,394000,310000,535000,663000,598000]",278,4264000
3,44,8,"[173,186,206,186,113,182,204,197]","[469000,544000,595000,525000,310000,531000,577000,598000]",206,4149000
3,45,8,"[159,301,210,198,114,180,204,195]","[436000,806000,611000,546000,310000,518000,576000,594000]",301,4397000
3,46,8,"[120,258,202,136,113,212,200,195]","[319000,721000,579000,389000,310000,614000,601000,594000]",258,4127000
3,47,8,"[207,187,200,179,112,173,226,194]","[560000,539000,567000,490000,302000,490000,657000,592000]",226,4197000
3,48,8,"[212,186,204,140,113,192,198,197]","[595000,549000,591000,394000,310000,546000,567000,598000]",212,4150000
3,49,8,"[140,335,225,139,156,194,184,195]","[384000,913000,610000,374000,407000,548000,542000,594000]",335,4372000
3,50,8,"[173,195,190,211,113,191,214,194]","[458000,574000,542000,571000,310000,548000,613000,592000]",214,4208000
3,51,8,"[172,188,200,179,111,188,200,195]","[478000,549000,563000,490000,300000,542000,601000,594000]",200,4117000
3,52,8,"[157,203,207,145,113,180,196,247]","[439000,619000,595000,404000,310000,528000,563000,713000]",247,4171000
3,53,8,"[142,297,225,141,175,180,211,197]","[358000,810000,614000,384000,470000,503000,622000,604000]",297,4365000
3,54,8,"[309,148,204,136,113,220,200,195]","[839000,399000,591000,389000,310000,608000,568000,594000]",309,4298000
3,55,8,"[203,191,202,140,113,194,200,195]","[538000,541000,565000,394000,310000,559000,601000,594000]",203,4102000
3,56,8,"[155,218,196,142,113,181,228,204]","[414000,661000,563000,398000,310000,517000,657000,594000]",228,4114000
3,57,8,"[141,281,206,142,113,182,201,248]","[379000,790000,591000,398000,310000,535000,568000,715000]",281,4286000
3,58,8,"[228,190,196,178,111,176,221,195]","[634000,564000,563000,485000,300000,505000,643000,594000]",228,4288000
3,59,8,"[154,203,197,191,113,211,188,144]","[406000,619000,563000,535000,310000,623000,540000,435000]",211,4031000
3,60,8,"[177,189,192,178,113,180,201,195]","[488000,539000,542000,494000,310000,511000,603000,594000]",201,4081000
3,61,8,"[139,232,199,228,141,244,233,209]","[374000,659000,557000,595000,369000,670000,685000,604000]",244,4513000
3,62,8,"[264,149,209,225,148,187,201,198]","[708000,424000,574000,589000,384000,540000,601000,604000]",264,4424000
3,63,8,"[170,186,207,140,113,198,200,197]","[478000,549000,593000,394000,310000,567000,601000,598000]",207,4090000
3,64,8,"[152,215,224,141,175,176,211,197]","[408000,632000,614000,384000,470000,503000,617000,604000]",224,4232000
3,65,8,"[138,231,181,180,113,239,205,247]","[369000,653000,489000,507000,310000,677000,574000,713000]",247,4292000
3,66,8,"[153,167,197,149,122,211,212,197]","[409000,502000,563000,421000,323000,623000,621000,594000]",212,4056000
3,67,8,"[154,154,201,227,152,214,188,144]","[416000,488000,546000,643000,401000,638000,542000,435000]",227,4109000
3,68,8,"[177,200,237,140,113,190,204,195]","[492000,583000,645000,394000,310000,552000,608000,594000]",237,4178000
3,69,8,"[210,197,169,181,113,187,203,195]","[570000,561000,465000,509000,310000,523000,601000,594000]",210,4133000
3,70,8,"[197,204,201,140,94,269,202,195]","[540000,593000,568000,394000,251000,727000,584000,594000]",269,4251000
3,71,8,"[206,184,196,196,149,174,181,194]","[565000,539000,563000,530000,412000,503000,516000,592000]",206,4220000
3,72,8,"[173,186,204,140,113,205,202,197]","[478000,534000,591000,394000,310000,576000,608000,598000]",205,4089000
3,73,8,"[151,169,277,150,111,213,210,149]","[404000,506000,782000,421000,300000,623000,617000,451000]",277,4104000
3,74,8,"[150,212,235,140,98,214,215,146]","[399000,649000,645000,394000,262000,633000,621000,439000]",235,4042000
3,75,8,"[131,227,190,183,113,213,199,195]","[348000,652000,542000,513000,310000,614000,565000,594000]",227,4138000
3,76,8,"[175,222,208,136,113,187,201,195]","[506000,614000,595000,389000,310000,540000,603000,594000]",222,4151000
3,77,8,"[155,203,204,145,125,215,210,144]","[429000,619000,591000,404000,328000,643000,621000,435000]",215,4070000
3,78,8,"[209,201,201,140,156,178,202,195]","[582000,563000,568000,394000,414000,515000,584000,594000]",209,4214000
3,79,8,"[154,203,179,145,113,249,213,144]","[411000,619000,514000,404000,310000,726000,617000,435000]",249,4036000
3,80,8,"[233,188,199,179,149,181,174,194]","[641000,553000,563000,490000,412000,511000,504000,592000]",233,4266000
3,81,8,"[154,276,201,140,113,309,191,195]","[421000,725000,570000,394000,310000,837000,557000,594000]",309,4408000
3,82,8,"[183,184,192,177,113,180,206,194]","[493000,539000,542000,488000,310000,516000,605000,592000]",206,4085000
3,83,8,"[212,201,238,140,113,190,174,195]","[592000,583000,647000,394000,310000,557000,511000,594000]",238,4188000
3,84,8,"[154,194,244,145,113,230,211,145]","[419000,562000,704000,404000,310000,667000,621000,437000]",244,4124000
3,85,8,"[153,166,340,140,113,211,212,146]","[409000,492000,912000,394000,310000,623000,621000,439000]",340,4200000
3,86,8,"[171,185,191,206,113,188,201,192]","[471000,544000,542000,574000,310000,542000,601000,564000]",206,4148000
3,87,8,"[154,107,197,226,112,211,188,204]","[406000,334000,563000,643000,300000,623000,540000,618000]",226,4027000
3,88,8,"[183,188,206,136,113,254,200,160]","[508000,553000,593000,389000,310000,709000,601000,482000]",254,4145000
3,89,8,"[198,188,251,140,113,174,201,197]","[531000,544000,675000,394000,310000,491000,606000,598000]",251,4149000
3,90,8,"[216,186,196,202,149,174,186,194]","[583000,549000,563000,548000,412000,493000,521000,592000]",216,4261000
4,1,8,"[171,174,160,151,166,156,176,178]","[495000,485000,419000,476000,491000,450000,489000,510000]",178,3815000
4,2,8,"[150,207,100,198,166,124,149,171]","[444000,582000,266000,612000,491000,359000,402000,501000]",207,3657000
4,3,8,"[171,155,172,151,168,177,179,163]","[498000,430000,465000,476000,491000,505000,493000,461000]",179,3819000
4,4,8,"[152,169,170,151,166,157,181,180]","[448000,473000,443000,476000,491000,455000,502000,523000]",181,3811000
4,5,8,"[150,137,107,196,179,187,149,175]","[444000,385000,276000,608000,513000,539000,412000,496000]",196,3673000
4,6,8,"[171,184,137,151,168,174,182,164]","[495000,497000,370000,476000,495000,502000,502000,469000]",184,3806000
4,7,8,"[173,171,170,181,171,157,119,170]","[508000,488000,443000,548000,500000,452000,324000,496000]",181,3759000
4,8,8,"[171,181,171,151,171,157,182,170]","[495000,493000,454000,476000,500000,452000,492000,496000]",182,3858000
4,9,8,"[171,181,171,151,171,157,182,170]","[495000,497000,454000,476000,500000,452000,492000,496000]",182,3862000
4,10,8,"[171,191,99,200,168,157,119,174]","[504000,537000,264000,616000,495000,452000,324000,516000]",200,3708000
4,11,8,"[170,185,138,152,171,157,181,170]","[493000,502000,370000,476000,500000,452000,504000,496000]",185,3793000
4,12,8,"[174,191,100,198,168,157,117,174]","[510000,537000,266000,612000,495000,452000,318000,506000]",198,3696000
4,13,8,"[171,174,160,151,166,156,176,178]","[495000,485000,419000,476000,491000,450000,489000,510000]",178,3815000
4,14,8,"[150,208,107,196,166,156,121,171]","[444000,584000,276000,608000,491000,450000,326000,496000]",208,3675000
4,15,8,"[152,184,182,151,171,157,119,170]","[448000,521000,487000,476000,500000,452000,324000,496000]",184,3704000
4,16,8,"[171,185,137,151,171,157,181,170]","[495000,506000,370000,476000,500000,452000,504000,496000]",185,3799000
4,17,8,"[171,181,173,151,168,174,180,164]","[495000,497000,454000,476000,495000,502000,477000,469000]",181,3865000
4,18,8,"[171,181,171,151,171,157,182,170]","[495000,497000,454000,476000,500000,452000,492000,496000]",182,3862000
4,19,8,"[152,169,175,151,174,156,183,172]","[448000,473000,474000,476000,502000,450000,499000,496000]",183,3818000
4,20,8,"[171,181,173,151,169,174,180,164]","[495000,497000,454000,476000,495000,504000,475000,464000]",181,3860000
4,21,8,"[173,167,182,151,171,157,119,170]","[508000,474000,487000,476000,500000,452000,324000,496000]",182,3717000
4,22,8,"[171,181,171,151,171,157,182,170]","[495000,493000,454000,476000,500000,452000,492000,496000]",182,3858000
4,23,8,"[171,191,99,200,168,157,119,174]","[504000,537000,264000,616000,495000,452000,324000,516000]",200,3708000
4,24,8,"[152,169,177,151,166,157,179,180]","[448000,473000,472000,476000,491000,455000,493000,523000]",180,3831000
4,25,8,"[171,174,160,151,166,156,176,178]","[495000,485000,419000,476000,491000,450000,489000,510000]",178,3815000
4,26,8,"[152,208,150,151,171,156,119,170]","[448000,584000,408000,476000,500000,450000,324000,496000]",208,3686000
4,27,8,"[152,169,177,151,166,157,179,180]","[448000,473000,474000,476000,491000,455000,493000,523000]",180,3833000
4,28,8,"[150,137,107,196,179,156,178,176]","[444000,385000,276000,608000,513000,450000,499000,507000]",196,3682000
4,29,8,"[173,191,150,151,168,157,119,174]","[508000,537000,408000,476000,495000,452000,324000,516000]",191,3716000
4,30,8,"[152,169,175,151,174,156,183,172]","[448000,473000,474000,476000,502000,450000,499000,496000]",183,3818000
4,31,8,"[199,183,138,152,168,156,119,173]","[583000,513000,370000,476000,495000,450000,324000,498000]",199,3709000
4,32,8,"[173,167,182,151,168,157,118,180]","[508000,474000,487000,476000,495000,452000,314000,513000]",182,3719000
4,33,8,"[150,137,107,196,182,156,181,173]","[444000,385000,276000,608000,517000,450000,496000,498000]",196,3674000
4,34,8,"[180,179,169,181,171,156,119,170]","[532000,519000,443000,548000,500000,450000,324000,496000]",181,3812000
4,35,8,"[158,177,176,151,166,160,180,177]","[446000,492000,464000,476000,491000,458000,500000,508000]",180,3835000
4,36,8,"[158,177,181,151,166,160,177,178]","[446000,492000,473000,476000,491000,458000,491000,508000]",181,3835000
4,37,8,"[152,208,150,151,166,156,117,181]","[448000,584000,408000,476000,491000,450000,314000,528000]",208,3699000
4,38,8,"[152,184,182,151,166,160,117,180]","[448000,521000,487000,476000,491000,458000,314000,513000]",184,3708000
4,39,8,"[150,207,100,198,171,156,119,170]","[444000,582000,266000,612000,500000,450000,324000,496000]",207,3674000
4,40,8,"[153,169,177,152,166,157,179,180]","[450000,473000,474000,476000,491000,455000,493000,523000]",180,3835000
4,41,8,"[150,207,100,198,167,156,117,172]","[444000,582000,266000,612000,491000,450000,318000,496000]",207,3659000
4,42,8,"[154,176,130,282,166,160,121,180]","[461000,487000,347000,795000,491000,458000,334000,528000]",282,3901000
4,43,8,"[152,169,176,151,174,173,178,167]","[448000,473000,469000,476000,496000,502000,494000,471000]",178,3829000
4,44,8,"[171,191,99,200,168,157,117,174]","[504000,537000,264000,616000,495000,452000,318000,506000]",200,3692000
4,45,8,"[158,177,179,207,186,147,151,180]","[446000,492000,473000,636000,530000,408000,416000,514000]",207,3915000
4,46,8,"[152,169,170,207,173,157,119,180]","[448000,473000,443000,636000,483000,455000,324000,527000]",207,3789000
4,47,8,"[153,209,100,210,184,162,117,207]","[450000,586000,266000,630000,530000,459000,324000,588000]",210,3833000
4,48,8,"[152,210,170,193,166,156,117,183]","[448000,594000,454000,602000,491000,450000,314000,538000]",210,3891000
4,49,8,"[150,137,107,282,166,156,178,171]","[444000,385000,276000,795000,491000,450000,484000,496000]",282,3821000
4,50,8,"[150,183,102,293,181,157,121,180]","[444000,519000,270000,808000,525000,458000,334000,528000]",293,3886000
4,51,8,"[150,195,102,282,199,148,150,173]","[444000,546000,270000,795000,568000,425000,402000,496000]",282,3946000
4,52,8,"[180,150,199,196,167,161,117,184]","[532000,431000,509000,608000,491000,475000,314000,544000]",199,3904000
4,53,8,"[150,208,107,196,166,156,117,181]","[444000,584000,276000,608000,491000,450000,314000,528000]",208,3695000
4,54,8,"[173,208,133,207,184,114,185,182]","[495000,581000,353000,636000,530000,315000,518000,527000]",208,3955000
4,55,8,"[150,136,198,197,168,156,181,175]","[444000,383000,510000,613000,495000,450000,499000,505000]",198,3899000
4,56,8,"[152,208,160,207,186,143,152,179]","[448000,584000,419000,636000,530000,400000,403000,513000]",208,3933000
4,57,8,"[150,183,102,282,184,148,147,173]","[444000,519000,270000,795000,533000,425000,397000,496000]",282,3879000
4,58,8,"[171,191,99,200,202,157,119,177]","[504000,537000,264000,607000,568000,452000,324000,509000]",202,3765000
4,59,8,"[150,137,107,196,179,156,178,176]","[444000,385000,276000,608000,513000,450000,499000,507000]",196,3682000
4,60,8,"[177,179,174,207,187,148,149,181]","[516000,493000,469000,636000,532000,410000,397000,517000]",207,3970000
4,61,8,"[168,181,171,200,171,157,119,170]","[489000,497000,454000,616000,500000,452000,324000,496000]",200,3828000
4,62,8,"[151,124,122,286,172,156,181,170]","[444000,334000,340000,806000,502000,450000,499000,496000]",286,3871000
4,63,8,"[173,167,102,217,185,147,154,176]","[508000,474000,270000,653000,535000,414000,427000,521000]",217,3802000
4,64,8,"[174,171,100,198,203,146,150,182]","[510000,479000,266000,612000,580000,405000,414000,513000]",203,3779000
4,65,8,"[158,177,178,151,168,180,182,167]","[446000,492000,464000,476000,491000,504000,503000,471000]",182,3847000
4,66,8,"[171,174,160,151,166,115,176,247]","[495000,485000,419000,476000,491000,316000,489000,699000]",247,3870000
4,67,8,"[152,222,100,198,173,130,155,171]","[444000,612000,266000,612000,507000,371000,432000,501000]",222,3745000
4,68,8,"[171,199,172,151,168,174,219,162]","[493000,521000,445000,476000,491000,500000,575000,461000]",219,3962000
4,69,8,"[152,169,169,151,166,157,181,197]","[448000,473000,443000,476000,491000,452000,509000,558000]",197,3850000
4,70,8,"[158,146,159,196,184,188,156,178]","[474000,421000,402000,608000,503000,541000,421000,531000]",196,3901000
4,71,8,"[156,199,137,151,166,175,177,163]","[450000,548000,369000,476000,491000,505000,493000,461000]",199,3793000
4,72,8,"[173,171,168,181,168,176,119,173]","[508000,488000,443000,548000,495000,505000,324000,485000]",181,3796000
4,73,8,"[171,181,171,151,186,164,182,172]","[495000,493000,454000,476000,528000,467000,492000,496000]",186,3901000
4,74,8,"[168,154,172,208,171,158,178,180]","[489000,419000,454000,620000,497000,454000,484000,546000]",208,3963000
4,75,8,"[171,191,99,200,171,157,117,190]","[504000,537000,264000,616000,510000,452000,324000,532000]",200,3739000
4,76,8,"[170,184,138,152,170,181,180,204]","[493000,502000,370000,476000,505000,491000,504000,573000]",204,3914000
4,77,8,"[220,191,100,198,204,159,117,174]","[605000,537000,266000,612000,555000,456000,318000,496000]",220,3845000
4,78,8,"[170,179,160,170,166,177,176,178]","[493000,499000,419000,508000,491000,497000,489000,510000]",179,3906000
4,79,8,"[150,208,107,196,169,156,124,206]","[444000,584000,276000,608000,506000,450000,326000,561000]",208,3755000
4,80,8,"[152,184,182,151,171,115,184,170]","[448000,521000,487000,476000,500000,316000,514000,496000]",184,3758000
4,81,8,"[171,184,137,151,169,157,179,205]","[495000,506000,370000,476000,495000,452000,514000,581000]",205,3889000
4,82,8,"[219,181,173,151,168,174,115,164]","[633000,497000,454000,476000,495000,502000,309000,469000]",219,3835000
4,83,8,"[171,182,204,151,168,181,182,174]","[495000,497000,527000,476000,495000,494000,492000,516000]",204,3992000
4,84,8,"[150,172,173,155,171,156,274,170]","[444000,479000,454000,440000,500000,450000,733000,496000]",274,3996000
4,85,8,"[168,181,173,103,169,243,178,164]","[489000,497000,454000,323000,495000,699000,475000,464000]",243,3896000
4,86,8,"[173,167,184,151,179,157,119,176]","[508000,474000,487000,476000,513000,452000,324000,507000]",184,3741000
4,87,8,"[135,225,171,151,171,156,178,170]","[398000,633000,454000,476000,500000,450000,484000,496000]",225,3891000
4,88,8,"[171,227,100,200,168,157,125,173]","[495000,616000,266000,616000,495000,452000,335000,496000]",227,3771000
4,89,8,"[154,135,171,151,166,157,240,180]","[458000,372000,452000,476000,491000,455000,662000,523000]",240,3889000
4,90,8,"[199,174,160,151,166,144,176,178]","[569000,485000,419000,476000,491000,408000,489000,510000]",199,3847000
5,1,8,"[83,132,169,200,202,193,161,158]","[226000,363000,479000,573000,576000,563000,481000,490000]",202,3751000
5,2,8,"[104,158,198,177,197,188,188,160]","[289000,432000,541000,499000,563000,544000,559000,494000]",198,3921000
5,3,8,"[104,158,154,175,198,194,162,160]","[289000,432000,427000,496000,568000,571000,492000,494000]",198,3769000
5,4,8,"[92,126,165,201,195,185,160,160]","[251000,342000,474000,583000,561000,544000,479000,494000]",201,3728000
5,5,8,"[83,135,168,199,201,201,160,160]","[226000,369000,479000,568000,576000,571000,479000,494000]",201,3762000
5,6,8,"[104,158,198,177,197,188,188,160]","[289000,432000,541000,500000,563000,544000,559000,494000]",198,3922000
5,7,8,"[104,158,193,175,200,192,188,160]","[289000,432000,527000,506000,563000,555000,559000,494000]",200,3925000
5,8,8,"[202,126,195,174,187,172,188,158]","[540000,342000,548000,482000,540000,497000,556000,490000]",202,3995000
5,9,8,"[83,135,165,201,195,185,160,160]","[226000,369000,474000,583000,561000,544000,479000,494000]",201,3730000
5,10,8,"[94,126,168,202,175,193,192,155]","[251000,342000,474000,577000,498000,555000,567000,484000]",202,3748000
5,11,8,"[92,126,142,198,221,185,160,160]","[251000,342000,401000,568000,643000,544000,479000,494000]",221,3722000
5,12,8,"[104,158,197,174,197,189,188,160]","[289000,432000,541000,501000,563000,551000,559000,494000]",197,3930000
5,13,8,"[92,126,168,199,201,201,160,160]","[251000,342000,479000,568000,576000,571000,479000,494000]",201,3760000
5,14,8,"[202,126,195,174,187,172,188,158]","[540000,342000,548000,485000,540000,497000,556000,490000]",202,3998000
5,15,8,"[139,182,194,168,176,193,188,158]","[369000,496000,548000,476000,498000,560000,556000,490000]",194,3993000
5,16,8,"[104,158,198,177,197,188,188,160]","[289000,432000,541000,500000,563000,544000,559000,494000]",198,3922000
5,17,8,"[103,156,157,178,201,192,162,158]","[287000,432000,443000,511000,576000,558000,492000,490000]",201,3789000
5,18,8,"[139,183,195,180,174,193,188,158]","[369000,496000,553000,492000,498000,563000,556000,490000]",195,4017000
5,19,8,"[104,158,198,177,197,188,190,160]","[289000,432000,541000,500000,563000,544000,563000,494000]",198,3926000
5,20,8,"[83,175,168,199,201,201,133,160]","[226000,482000,479000,568000,576000,571000,392000,494000]",201,3788000
5,21,8,"[92,126,155,201,195,197,160,160]","[251000,342000,445000,585000,561000,576000,479000,494000]",201,3733000
5,22,8,"[83,135,158,201,198,194,160,160]","[226000,369000,450000,583000,561000,571000,479000,494000]",201,3733000
5,23,8,"[97,126,169,200,202,193,161,158]","[260000,342000,479000,573000,576000,563000,481000,490000]",202,3764000
5,24,8,"[92,126,158,201,198,194,160,160]","[251000,342000,450000,583000,561000,571000,479000,494000]",201,3731000
5,25,8,"[92,126,155,253,148,194,160,160]","[251000,342000,445000,737000,410000,571000,479000,494000]",253,3729000
5,26,8,"[199,126,194,173,175,193,188,158]","[520000,342000,548000,482000,500000,560000,556000,490000]",199,3998000
5,27,8,"[130,126,194,202,174,193,188,158]","[350000,342000,548000,573000,498000,560000,556000,490000]",202,3917000
5,28,8,"[205,126,195,174,187,172,188,158]","[549000,342000,548000,475000,540000,497000,556000,490000]",205,3997000
5,29,8,"[207,126,194,165,174,193,188,158]","[547000,342000,548000,461000,498000,560000,556000,490000]",207,4002000
5,30,8,"[112,169,198,177,197,188,188,160]","[292000,467000,541000,499000,563000,544000,559000,494000]",198,3959000
5,31,8,"[112,169,193,175,200,192,188,160]","[292000,467000,527000,506000,563000,555000,559000,494000]",200,3963000
5,32,8,"[104,158,194,178,201,192,188,160]","[289000,432000,532000,511000,565000,546000,559000,494000]",201,3928000
5,33,8,"[182,171,193,172,197,158,188,160]","[472000,471000,539000,497000,563000,461000,559000,494000]",197,4056000
5,34,8,"[97,145,168,202,175,193,192,158]","[261000,381000,474000,577000,498000,555000,567000,486000]",202,3799000
5,35,8,"[139,126,194,202,174,193,188,158]","[369000,342000,548000,573000,498000,560000,556000,490000]",202,3936000
5,36,8,"[112,169,198,177,197,188,188,160]","[292000,467000,541000,500000,563000,544000,559000,494000]",198,3960000
5,37,8,"[103,158,159,176,201,204,162,160]","[287000,432000,443000,511000,576000,582000,492000,494000]",204,3817000
5,38,8,"[199,126,194,179,174,193,188,158]","[520000,342000,548000,505000,498000,560000,556000,490000]",199,4019000
5,39,8,"[104,158,194,178,201,192,188,160]","[289000,432000,532000,511000,565000,546000,559000,494000]",201,3928000
5,40,8,"[112,169,198,177,197,188,188,160]","[292000,467000,541000,499000,563000,544000,559000,494000]",198,3959000
5,41,8,"[92,126,213,175,197,188,209,217]","[251000,342000,574000,495000,561000,549000,607000,644000]",217,4023000
5,42,8,"[83,135,166,166,249,249,232,221]","[226000,369000,479000,476000,657000,681000,677000,664000]",249,4229000
5,43,8,"[92,126,209,167,241,223,208,223]","[251000,342000,580000,478000,638000,632000,607000,674000]",241,4202000
5,44,8,"[105,127,195,174,232,201,162,161]","[289000,347000,548000,491000,650000,560000,492000,494000]",232,3871000
5,45,8,"[83,135,209,166,240,223,191,223]","[226000,369000,580000,476000,636000,632000,574000,674000]",240,4167000
5,46,8,"[92,126,209,204,198,191,188,160]","[251000,342000,580000,592000,563000,564000,559000,494000]",209,3945000
5,47,8,"[100,132,201,164,175,223,186,219]","[259000,363000,564000,460000,497000,632000,558000,654000]",223,3987000
5,48,8,"[114,107,267,157,229,246,231,223]","[303000,289000,729000,427000,637000,681000,663000,674000]",267,4403000
5,49,8,"[100,135,209,168,240,221,191,223]","[259000,369000,580000,480000,636000,631000,574000,674000]",240,4203000
5,50,8,"[92,129,209,166,242,223,188,223]","[251000,348000,580000,476000,636000,632000,559000,674000]",242,4156000
5,51,8,"[92,126,209,201,198,194,162,160]","[251000,342000,580000,583000,568000,571000,492000,494000]",209,3881000
5,52,8,"[103,158,198,177,197,188,190,160]","[287000,432000,541000,500000,563000,544000,563000,494000]",198,3924000
5,53,8,"[101,135,196,167,240,222,184,221]","[261000,369000,553000,478000,636000,630000,542000,664000]",240,4133000
5,54,8,"[92,126,209,202,198,191,188,160]","[251000,342000,580000,588000,563000,564000,559000,494000]",209,3941000
5,55,8,"[92,129,166,166,242,222,184,221]","[251000,348000,479000,476000,636000,630000,542000,664000]",242,4026000
5,56,8,"[139,185,224,164,240,174,187,158]","[371000,464000,612000,451000,693000,505000,554000,490000]",240,4140000
5,57,8,"[192,182,221,176,196,187,188,160]","[488000,466000,607000,492000,563000,544000,559000,494000]",221,4213000
5,58,8,"[103,151,166,166,246,233,147,224]","[287000,409000,479000,476000,651000,661000,432000,670000]",246,4065000
5,59,8,"[141,188,222,164,238,196,187,159]","[381000,470000,612000,451000,671000,578000,554000,492000]",238,4209000
5,60,8,"[92,126,227,175,197,188,189,225]","[251000,342000,632000,496000,561000,544000,537000,672000]",227,4035000
5,61,8,"[92,126,158,169,241,225,252,221]","[251000,342000,451000,481000,638000,632000,728000,664000]",252,4187000
5,62,8,"[139,218,221,166,237,195,187,158]","[371000,568000,607000,476000,666000,570000,554000,490000]",237,4302000
5,63,8,"[115,112,207,197,236,200,189,158]","[309000,303000,594000,549000,664000,556000,561000,490000]",236,4026000
5,64,8,"[110,156,160,170,234,192,194,158]","[300000,432000,458000,470000,658000,558000,562000,490000]",234,3928000
5,65,8,"[139,193,221,244,171,197,187,158]","[371000,497000,607000,686000,461000,572000,554000,490000]",244,4238000
5,66,8,"[158,134,169,200,202,193,161,145]","[430000,367000,479000,573000,576000,563000,481000,425000]",202,3894000
5,67,8,"[104,158,197,195,196,189,239,160]","[289000,432000,541000,526000,563000,544000,670000,494000]",239,4059000
5,68,8,"[112,169,154,175,198,194,162,160]","[292000,467000,427000,496000,568000,571000,492000,494000]",198,3807000
5,69,8,"[91,111,165,201,195,185,160,194]","[251000,296000,474000,583000,561000,544000,479000,574000]",201,3762000
5,70,8,"[83,135,168,199,201,201,162,160]","[226000,369000,479000,568000,576000,571000,483000,494000]",201,3766000
5,71,8,"[104,158,149,176,198,189,236,160]","[289000,432000,406000,496000,563000,544000,694000,494000]",236,3918000
5,72,8,"[104,158,192,176,199,191,188,160]","[289000,432000,527000,505000,563000,561000,559000,494000]",199,3930000
5,73,8,"[139,126,199,201,191,176,188,158]","[369000,342000,563000,578000,544000,501000,556000,490000]",201,3943000
5,74,8,"[83,135,165,201,285,185,160,113]","[226000,369000,474000,583000,798000,544000,479000,343000]",285,3816000
5,75,8,"[95,126,128,200,174,228,191,156]","[256000,342000,354000,573000,498000,675000,561000,486000]",228,3745000
5,76,8,"[92,129,143,198,237,186,159,160]","[251000,357000,406000,568000,675000,544000,477000,494000]",237,3772000
5,77,8,"[112,169,197,174,197,189,188,160]","[292000,467000,541000,501000,563000,551000,559000,494000]",197,3968000
5,78,8,"[163,133,168,199,201,202,185,158]","[423000,356000,479000,568000,576000,576000,524000,490000]",202,3992000
5,79,8,"[206,126,172,174,226,172,188,158]","[548000,342000,475000,485000,645000,497000,556000,490000]",226,4038000
5,80,8,"[139,182,192,163,179,195,188,158]","[369000,496000,539000,456000,517000,561000,556000,490000]",195,3984000
5,81,8,"[104,158,201,201,198,187,188,160]","[289000,432000,543000,551000,560000,544000,559000,494000]",201,3972000
5,82,8,"[103,156,175,177,204,182,162,158]","[287000,432000,491000,506000,576000,520000,492000,490000]",204,3794000
5,83,8,"[139,182,194,179,174,193,188,158]","[369000,496000,548000,509000,498000,563000,556000,490000]",194,4029000
5,84,8,"[104,158,267,175,197,188,190,178]","[289000,436000,714000,496000,563000,544000,563000,506000]",267,4111000
5,85,8,"[92,166,168,199,201,201,133,160]","[251000,455000,479000,568000,576000,571000,392000,494000]",201,3786000
5,86,8,"[92,126,162,294,195,197,160,203]","[251000,342000,464000,786000,561000,576000,479000,556000]",294,4015000
5,87,8,"[83,122,158,201,198,194,211,160]","[226000,331000,450000,583000,561000,571000,593000,494000]",211,3809000
5,88,8,"[81,126,169,200,202,242,161,158]","[217000,342000,479000,573000,576000,673000,481000,490000]",242,3831000
5,89,8,"[92,126,162,199,259,195,162,160]","[251000,342000,455000,568000,689000,576000,492000,494000]",259,3867000
5,90,8,"[142,126,155,258,148,243,160,160]","[373000,342000,445000,756000,410000,645000,479000,494000]",258,3944000
6,1,8,"[198,151,182,164,188,188,193,178]","[541000,434000,543000,481000,538000,550000,530000,522000]",198,4139000
6,2,8,"[191,190,180,164,190,188,167,180]","[536000,527000,543000,481000,565000,550000,442000,528000]",191,4172000
6,3,8,"[194,187,182,175,186,169,168,181]","[546000,530000,547000,521000,531000,482000,462000,536000]",194,4155000
6,4,8,"[193,172,195,158,191,187,139,188]","[526000,462000,606000,460000,567000,546000,374000,542000]",195,4083000
6,5,8,"[191,174,195,158,190,188,139,180]","[536000,464000,606000,460000,567000,546000,374000,533000]",195,4086000
6,6,8,"[192,192,179,190,191,189,138,178]","[536000,549000,541000,548000,543000,550000,372000,530000]",192,4169000
6,7,8,"[192,190,179,175,189,189,138,181]","[541000,542000,541000,521000,538000,556000,372000,536000]",192,4147000
6,8,8,"[195,186,181,175,193,176,145,184]","[543000,530000,543000,521000,554000,511000,385000,542000]",195,4129000
6,9,8,"[193,193,179,181,195,187,138,180]","[538000,542000,541000,542000,545000,524000,372000,528000]",195,4132000
6,10,8,"[192,192,186,184,191,189,138,178]","[536000,549000,542000,545000,543000,550000,372000,530000]",192,4167000
6,11,8,"[196,193,179,181,192,187,138,180]","[548000,542000,541000,542000,545000,524000,372000,530000]",196,4144000
6,12,8,"[198,185,179,175,188,189,138,178]","[551000,530000,541000,521000,538000,556000,372000,526000]",198,4135000
6,13,8,"[197,185,182,175,186,168,168,180]","[546000,530000,547000,521000,531000,478000,462000,534000]",197,4149000
6,14,8,"[194,187,182,175,186,169,168,181]","[546000,530000,547000,521000,531000,482000,462000,536000]",194,4155000
6,15,8,"[196,187,180,175,188,168,138,180]","[546000,535000,543000,521000,565000,480000,372000,537000]",196,4099000
6,16,8,"[197,185,179,175,188,190,138,178]","[551000,530000,541000,521000,538000,558000,372000,530000]",197,4141000
6,17,8,"[194,193,179,181,192,184,138,182]","[543000,542000,541000,542000,545000,524000,372000,536000]",194,4145000
6,18,8,"[193,188,195,158,191,187,139,172]","[526000,523000,606000,460000,567000,546000,374000,482000]",195,4084000
6,19,8,"[193,189,180,175,189,169,138,184]","[538000,533000,543000,521000,565000,482000,372000,542000]",193,4096000
6,20,8,"[198,167,179,176,188,188,138,178]","[546000,465000,541000,523000,565000,550000,372000,522000]",198,4084000
6,21,8,"[191,173,184,182,190,185,163,183]","[538000,454000,540000,535000,565000,541000,443000,536000]",191,4152000
6,22,8,"[192,193,182,175,188,167,168,181]","[536000,544000,547000,521000,531000,478000,462000,536000]",193,4155000
6,23,8,"[193,194,202,136,190,182,141,180]","[536000,546000,620000,389000,565000,522000,374000,528000]",202,4080000
6,24,8,"[197,179,180,175,190,191,138,180]","[541000,500000,543000,521000,554000,556000,372000,530000]",197,4117000
6,25,8,"[192,193,179,163,189,181,138,182]","[541000,546000,541000,479000,565000,522000,372000,531000]",193,4097000
6,26,8,"[194,187,179,181,195,181,138,183]","[551000,530000,541000,542000,545000,524000,372000,540000]",195,4145000
6,27,8,"[192,193,179,163,190,182,138,180]","[543000,546000,541000,479000,565000,522000,372000,534000]",193,4102000
6,28,8,"[193,194,179,163,190,182,138,180]","[536000,546000,541000,479000,565000,522000,372000,528000]",194,4089000
6,29,8,"[195,193,179,175,185,190,138,178]","[551000,557000,541000,521000,521000,558000,372000,530000]",195,4151000
6,30,8,"[190,192,181,178,189,187,173,179]","[536000,525000,541000,523000,538000,541000,458000,528000]",192,4190000
6,31,8,"[191,174,195,158,190,188,139,180]","[536000,464000,606000,460000,567000,546000,374000,533000]",195,4086000
6,32,8,"[194,193,179,181,192,184,138,182]","[543000,542000,541000,542000,545000,524000,372000,536000]",194,4145000
6,33,8,"[198,185,179,175,188,189,138,178]","[551000,530000,541000,521000,538000,556000,372000,526000]",198,4135000
6,34,8,"[202,187,179,181,194,189,138,178]","[550000,530000,541000,542000,545000,524000,372000,526000]",202,4130000
6,35,8,"[193,194,202,136,190,182,141,180]","[536000,546000,620000,389000,565000,522000,374000,528000]",202,4080000
6,36,8,"[198,179,177,182,190,191,138,174]","[541000,500000,534000,535000,554000,558000,372000,522000]",198,4116000
6,37,8,"[195,190,195,158,192,188,135,167]","[547000,539000,606000,460000,567000,548000,360000,477000]",195,4104000
6,38,8,"[193,193,190,185,184,182,139,183]","[551000,544000,572000,548000,519000,524000,372000,540000]",193,4170000
6,39,8,"[195,196,179,163,192,183,138,182]","[548000,552000,541000,479000,567000,522000,372000,538000]",196,4119000
6,40,8,"[192,193,202,136,189,181,141,182]","[541000,546000,620000,389000,565000,522000,374000,531000]",202,4088000
6,41,8,"[198,195,202,162,196,176,141,181]","[545000,546000,620000,459000,554000,511000,378000,524000]",202,4137000
6,42,8,"[197,200,179,163,188,183,138,178]","[561000,562000,541000,479000,565000,522000,372000,530000]",200,4132000
6,43,8,"[193,190,195,160,206,189,139,181]","[538000,510000,606000,464000,581000,546000,374000,536000]",206,4155000
6,44,8,"[196,193,179,181,192,187,138,183]","[548000,542000,541000,542000,545000,524000,372000,536000]",196,4150000
6,45,8,"[205,196,179,181,195,181,138,185]","[553000,554000,541000,542000,545000,524000,372000,541000]",205,4172000
6,46,8,"[195,179,179,176,189,192,138,181]","[541000,492000,541000,523000,565000,550000,372000,536000]",195,4120000
6,47,8,"[199,190,186,170,188,189,138,178]","[566000,542000,542000,502000,565000,550000,372000,530000]",199,4169000
6,48,8,"[193,191,190,179,182,190,139,181]","[536000,544000,572000,527000,517000,556000,372000,536000]",193,4160000
6,49,8,"[192,190,179,175,189,189,138,181]","[541000,542000,541000,521000,538000,556000,372000,536000]",192,4147000
6,50,8,"[196,197,179,163,241,193,171,181]","[556000,552000,541000,479000,683000,521000,458000,528000]",241,4318000
6,51,8,"[203,194,185,183,189,181,138,179]","[576000,562000,547000,543000,543000,520000,372000,528000]",203,4191000
6,52,8,"[203,212,190,156,189,190,139,179]","[568000,596000,560000,441000,567000,541000,374000,528000]",212,4175000
6,53,8,"[193,179,179,181,190,182,138,182]","[546000,503000,541000,542000,565000,522000,372000,541000]",193,4132000
6,54,8,"[209,187,179,175,189,190,145,182]","[589000,530000,541000,521000,531000,556000,389000,537000]",209,4194000
6,55,8,"[198,184,179,175,211,171,138,182]","[556000,530000,541000,521000,616000,486000,372000,538000]",211,4160000
6,56,8,"[200,185,202,160,202,189,133,192]","[541000,535000,620000,464000,563000,558000,356000,540000]",202,4177000
6,57,8,"[199,190,190,185,183,182,139,183]","[581000,542000,572000,548000,519000,524000,372000,537000]",199,4195000
6,58,8,"[197,194,202,136,188,183,141,181]","[551000,556000,620000,389000,565000,522000,374000,534000]",202,4111000
6,59,8,"[195,194,202,165,188,190,142,183]","[551000,553000,620000,462000,538000,546000,376000,540000]",202,4186000
6,60,8,"[198,167,180,176,188,188,138,178]","[546000,465000,543000,523000,565000,550000,372000,522000]",198,4086000
6,61,8,"[203,196,179,178,193,179,138,180]","[571000,566000,541000,524000,543000,520000,372000,530000]",203,4167000
6,62,8,"[192,178,184,182,191,189,163,181]","[543000,461000,540000,535000,565000,543000,443000,531000]",192,4161000
6,63,8,"[198,200,177,182,190,168,138,180]","[551000,558000,534000,535000,565000,480000,372000,528000]",200,4123000
6,64,8,"[192,193,182,175,188,167,168,181]","[536000,544000,547000,521000,531000,478000,462000,536000]",193,4155000
6,65,8,"[195,176,195,163,199,192,135,185]","[541000,500000,606000,470000,563000,556000,360000,540000]",199,4136000
6,66,8,"[201,106,182,163,191,190,193,224]","[551000,293000,543000,479000,540000,558000,530000,673000]",224,4167000
6,67,8,"[194,190,180,164,165,188,311,179]","[551000,521000,543000,481000,447000,550000,802000,528000]",311,4423000
6,68,8,"[196,184,182,201,186,167,168,199]","[543000,530000,547000,576000,531000,478000,462000,569000]",201,4236000
6,69,8,"[198,173,195,158,189,193,194,198]","[546000,472000,606000,460000,567000,566000,517000,533000]",198,4267000
6,70,8,"[191,217,195,158,190,188,100,180]","[536000,580000,606000,460000,567000,546000,266000,533000]",217,4094000
6,71,8,"[196,178,179,190,204,190,138,178]","[556000,498000,541000,548000,591000,552000,372000,533000]",204,4191000
6,72,8,"[197,190,179,146,189,189,138,234]","[551000,542000,541000,430000,538000,556000,372000,671000]",234,4201000
6,73,8,"[200,187,181,175,190,176,145,182]","[586000,534000,543000,521000,554000,511000,385000,541000]",200,4175000
6,74,8,"[193,193,224,134,195,187,139,180]","[538000,542000,688000,397000,545000,524000,374000,528000]",224,4136000
6,75,8,"[197,198,188,210,193,188,143,180]","[536000,561000,548000,597000,548000,548000,381000,533000]",210,4252000
6,76,8,"[193,193,179,181,192,262,102,179]","[533000,542000,541000,542000,545000,712000,270000,528000]",262,4213000
6,77,8,"[197,185,181,277,188,188,140,129]","[551000,530000,545000,776000,538000,556000,376000,378000]",277,4250000
6,78,8,"[197,185,179,175,162,168,219,180]","[548000,530000,541000,521000,447000,480000,594000,534000]",219,4195000
6,79,8,"[199,184,194,179,189,171,168,181]","[559000,530000,569000,523000,531000,480000,462000,536000]",199,4190000
6,80,8,"[196,187,172,175,188,168,200,180]","[546000,535000,476000,521000,565000,480000,547000,537000]",200,4207000
6,81,8,"[200,188,179,213,181,189,138,178]","[566000,545000,541000,606000,515000,556000,372000,530000]",213,4231000
6,82,8,"[192,232,179,181,154,185,138,183]","[536000,666000,541000,542000,425000,532000,372000,536000]",232,4150000
6,83,8,"[200,195,195,189,189,188,139,170]","[561000,542000,606000,518000,567000,548000,374000,481000]",200,4197000
6,84,8,"[200,189,180,178,188,168,164,199]","[556000,534000,543000,533000,565000,480000,426000,564000]",200,4201000
6,85,8,"[201,177,179,176,188,189,152,178]","[541000,488000,541000,523000,565000,550000,397000,527000]",201,4132000
6,86,8,"[199,172,263,182,176,189,162,187]","[546000,450000,742000,535000,505000,556000,441000,546000]",263,4321000
6,87,8,"[199,211,182,175,186,167,168,181]","[561000,579000,547000,521000,531000,478000,462000,536000]",211,4215000
6,88,8,"[276,194,153,136,188,181,141,179]","[743000,546000,480000,389000,565000,522000,374000,528000]",276,4147000
6,89,8,"[197,179,193,176,186,191,139,180]","[541000,500000,584000,521000,537000,556000,372000,530000]",197,4141000
6,90,8,"[271,193,179,163,188,132,138,181]","[748000,546000,541000,479000,565000,366000,372000,531000]",271,4148000
7,1,8,"[97,132,78,179,161,183,171,88]","[264000,369000,201000,502000,466000,519000,490000,224000]",183,3035000
7,2,8,"[148,117,158,136,161,134,160,150]","[415000,338000,427000,380000,475000,361000,455000,414000]",161,3265000
7,3,8,"[97,136,153,164,113,163,148,118]","[266000,382000,435000,469000,313000,464000,416000,338000]",164,3083000
7,4,8,"[71,145,78,179,161,183,171,101]","[188000,407000,201000,502000,466000,519000,490000,262000]",183,3035000
7,5,8,"[84,132,78,178,182,164,171,101]","[226000,369000,201000,502000,523000,462000,495000,262000]",182,3040000
7,6,8,"[148,117,158,138,155,146,159,149]","[415000,338000,427000,384000,442000,406000,450000,407000]",159,3269000
7,7,8,"[84,132,78,179,161,183,171,101]","[226000,369000,201000,502000,466000,519000,490000,262000]",183,3035000
7,8,8,"[121,128,107,138,155,162,160,145]","[338000,343000,297000,402000,442000,462000,448000,410000]",162,3142000
7,9,8,"[84,145,78,178,161,183,171,88]","[226000,407000,201000,506000,466000,519000,490000,224000]",183,3039000
7,10,8,"[84,132,78,179,182,164,169,101]","[226000,369000,201000,506000,523000,462000,491000,262000]",182,3040000
7,11,8,"[71,145,78,178,161,183,171,101]","[188000,407000,201000,506000,466000,519000,490000,262000]",183,3039000
7,12,8,"[84,145,78,179,161,183,171,88]","[226000,407000,201000,502000,466000,519000,490000,224000]",183,3035000
7,13,8,"[84,145,78,167,161,183,182,88]","[226000,407000,201000,478000,466000,519000,523000,224000]",183,3044000
7,14,8,"[148,117,158,136,161,138,159,149]","[415000,338000,427000,380000,475000,372000,450000,409000]",161,3266000
7,15,8,"[97,136,153,164,134,162,132,118]","[266000,382000,435000,469000,370000,462000,367000,338000]",164,3089000
7,16,8,"[73,146,74,179,161,183,171,113]","[203000,409000,178000,502000,466000,519000,490000,301000]",183,3068000
7,17,8,"[154,125,133,141,156,157,159,154]","[430000,353000,356000,390000,447000,425000,450000,434000]",159,3285000
7,18,8,"[148,117,158,129,156,166,162,142]","[415000,338000,427000,354000,442000,447000,455000,413000]",166,3291000
7,19,8,"[71,145,78,178,182,164,171,101]","[188000,407000,201000,502000,529000,462000,495000,262000]",182,3046000
7,20,8,"[119,138,153,98,155,162,160,145]","[334000,371000,417000,271000,442000,462000,450000,410000]",162,3157000
7,21,8,"[86,129,180,164,127,162,148,118]","[238000,357000,468000,469000,354000,462000,416000,338000]",180,3102000
7,22,8,"[71,164,74,179,161,183,171,109]","[190000,448000,187000,502000,466000,519000,490000,302000]",183,3104000
7,23,8,"[132,126,149,98,159,162,161,147]","[372000,345000,409000,271000,456000,462000,452000,410000]",162,3177000
7,24,8,"[148,117,158,138,155,160,159,149]","[415000,338000,427000,384000,442000,434000,450000,409000]",160,3299000
7,25,8,"[71,145,78,177,155,195,170,101]","[188000,407000,201000,502000,442000,557000,490000,262000]",195,3049000
7,26,8,"[147,134,146,129,156,166,162,142]","[448000,356000,394000,354000,442000,447000,455000,413000]",166,3309000
7,27,8,"[97,132,79,180,184,185,171,88]","[264000,369000,206000,504000,510000,523000,490000,224000]",185,3090000
7,28,8,"[144,147,132,141,156,157,159,154]","[422000,389000,351000,390000,447000,425000,450000,434000]",159,3308000
7,29,8,"[135,130,158,141,156,157,159,154]","[377000,376000,427000,390000,447000,425000,450000,434000]",159,3326000
7,30,8,"[97,136,153,164,113,163,161,118]","[266000,382000,435000,469000,313000,464000,440000,338000]",164,3107000
7,31,8,"[84,145,78,177,155,195,170,88]","[226000,407000,201000,502000,442000,557000,490000,224000]",195,3049000
7,32,8,"[127,133,133,167,161,164,133,105]","[362000,366000,356000,473000,466000,466000,371000,279000]",167,3139000
7,33,8,"[135,130,158,144,155,173,159,150]","[377000,376000,427000,392000,442000,457000,450000,414000]",173,3335000
7,34,8,"[148,117,158,132,160,161,166,142]","[415000,338000,427000,363000,447000,436000,465000,413000]",166,3304000
7,35,8,"[97,136,153,164,172,162,161,73]","[266000,382000,435000,469000,471000,462000,440000,200000]",172,3125000
7,36,8,"[84,132,78,176,161,233,137,101]","[226000,369000,201000,502000,466000,659000,376000,262000]",233,3061000
7,37,8,"[140,119,133,167,161,164,148,76]","[400000,323000,356000,475000,466000,466000,416000,206000]",167,3108000
7,38,8,"[86,129,180,164,155,162,148,93]","[238000,357000,468000,469000,438000,462000,416000,258000]",180,3106000
7,39,8,"[84,132,65,179,183,164,211,101]","[226000,369000,163000,506000,525000,462000,587000,262000]",211,3100000
7,40,8,"[71,145,78,197,161,183,181,101]","[188000,407000,201000,556000,466000,519000,507000,262000]",197,3106000
7,41,8,"[145,132,88,180,157,198,133,154]","[422000,345000,239000,516000,446000,534000,371000,434000]",198,3307000
7,42,8,"[77,142,99,178,155,195,170,113]","[223000,386000,255000,506000,442000,557000,490000,322000]",195,3181000
7,43,8,"[110,129,174,210,196,183,179,84]","[322000,363000,471000,575000,545000,492000,470000,231000]",210,3469000
7,44,8,"[144,118,101,174,160,176,133,150]","[422000,313000,277000,504000,470000,472000,371000,414000]",176,3243000
7,45,8,"[131,134,80,203,156,166,158,142]","[384000,356000,223000,562000,442000,447000,448000,413000]",203,3275000
7,46,8,"[148,117,97,174,160,135,161,150]","[415000,338000,257000,504000,470000,363000,463000,414000]",174,3224000
7,47,8,"[90,139,144,172,159,205,200,97]","[261000,381000,387000,479000,447000,575000,559000,269000]",205,3358000
7,48,8,"[110,149,128,220,137,220,161,104]","[301000,434000,340000,614000,384000,621000,439000,274000]",220,3407000
7,49,8,"[78,152,100,177,156,195,170,110]","[218000,412000,257000,502000,444000,557000,490000,307000]",195,3187000
7,50,8,"[90,218,126,222,138,222,211,147]","[261000,578000,333000,614000,381000,621000,505000,393000]",222,3686000
7,51,8,"[131,134,80,206,157,161,158,142]","[384000,356000,223000,571000,442000,436000,448000,413000]",206,3273000
7,52,8,"[134,180,115,214,112,158,161,118]","[387000,507000,321000,596000,311000,430000,440000,338000]",214,3330000
7,53,8,"[134,180,114,166,168,163,161,75]","[387000,507000,321000,469000,471000,464000,440000,204000]",180,3263000
7,54,8,"[131,134,80,209,157,195,137,142]","[384000,356000,223000,576000,442000,531000,391000,413000]",209,3316000
7,55,8,"[90,136,140,228,132,235,180,81]","[256000,376000,379000,639000,350000,659000,473000,206000]",235,3338000
7,56,8,"[148,117,97,174,156,157,159,154]","[415000,338000,257000,504000,447000,425000,453000,434000]",174,3273000
7,57,8,"[129,145,88,180,157,157,159,154]","[369000,383000,239000,516000,446000,425000,453000,434000]",180,3265000
7,58,8,"[78,162,100,177,156,195,170,94]","[218000,445000,257000,502000,444000,557000,490000,254000]",195,3167000
7,59,8,"[131,134,162,144,155,175,159,150]","[384000,356000,447000,392000,442000,461000,450000,414000]",175,3346000
7,60,8,"[106,141,86,173,156,163,160,142]","[296000,381000,243000,484000,442000,464000,448000,404000]",173,3162000
7,61,8,"[131,134,80,177,193,187,162,148]","[384000,356000,223000,495000,536000,500000,455000,408000]",193,3357000
7,62,8,"[140,118,139,169,177,162,148,119]","[417000,343000,408000,458000,474000,462000,416000,343000]",177,3321000
7,63,8,"[135,130,97,174,155,160,159,149]","[377000,376000,257000,504000,442000,434000,453000,409000]",174,3252000
7,64,8,"[119,139,88,210,137,178,183,120]","[334000,383000,239000,600000,372000,494000,502000,330000]",210,3254000
7,65,8,"[122,143,97,177,155,164,171,116]","[339000,414000,257000,492000,442000,462000,495000,319000]",177,3220000
7,66,8,"[110,132,78,179,161,183,171,75]","[302000,369000,201000,502000,466000,519000,490000,186000]",183,3035000
7,67,8,"[148,117,158,167,120,134,160,150]","[415000,338000,427000,475000,357000,361000,455000,414000]",167,3242000
7,68,8,"[97,136,153,163,149,162,148,121]","[266000,382000,435000,467000,386000,462000,416000,353000]",163,3167000
7,69,8,"[59,154,79,177,164,218,172,112]","[150000,422000,201000,502000,466000,597000,490000,308000]",218,3136000
7,70,8,"[95,134,78,178,182,164,171,108]","[256000,394000,201000,502000,523000,462000,495000,292000]",182,3125000
7,71,8,"[148,117,158,138,155,177,159,149]","[415000,338000,427000,384000,442000,468000,453000,409000]",177,3336000
7,72,8,"[71,132,78,225,161,183,171,101]","[188000,369000,201000,606000,466000,519000,490000,262000]",225,3101000
7,73,8,"[121,128,107,156,188,162,160,142]","[338000,343000,297000,441000,501000,462000,448000,404000]",188,3234000
7,74,8,"[84,145,78,178,162,196,177,88]","[226000,407000,201000,506000,471000,545000,510000,224000]",196,3090000
7,75,8,"[98,134,105,179,182,164,169,108]","[291000,386000,279000,506000,523000,462000,491000,274000]",182,3212000
7,76,8,"[71,145,78,178,155,195,170,101]","[188000,407000,201000,506000,442000,557000,490000,262000]",195,3053000
7,77,8,"[87,150,78,179,161,183,171,121]","[241000,427000,201000,502000,466000,519000,490000,302000]",183,3148000
7,78,8,"[95,147,78,167,161,183,182,89]","[256000,432000,201000,478000,466000,519000,523000,224000]",183,3099000
7,79,8,"[151,186,158,136,148,138,159,149]","[420000,473000,427000,378000,434000,372000,450000,409000]",186,3363000
7,80,8,"[97,136,153,170,134,162,132,118]","[266000,382000,435000,481000,373000,462000,367000,338000]",170,3104000
7,81,8,"[73,146,74,179,161,183,184,113]","[203000,409000,178000,507000,466000,525000,522000,301000]",184,3111000
7,82,8,"[146,153,136,141,159,157,159,171]","[403000,416000,350000,390000,452000,425000,450000,456000]",171,3342000
7,83,8,"[148,117,158,92,161,205,158,146]","[415000,338000,427000,235000,449000,572000,448000,433000]",205,3317000
7,84,8,"[79,147,78,178,182,164,171,105]","[213000,422000,201000,502000,529000,462000,495000,277000]",182,3101000
7,85,8,"[119,138,153,99,180,164,133,145]","[334000,371000,417000,271000,519000,466000,371000,410000]",180,3159000
7,86,8,"[73,138,188,164,127,162,148,164]","[200000,402000,493000,469000,354000,462000,416000,442000]",188,3238000
7,87,8,"[73,167,72,179,161,183,171,115]","[200000,483000,174000,502000,466000,519000,490000,308000]",183,3142000
7,88,8,"[132,126,153,98,195,162,161,144]","[372000,345000,417000,271000,522000,462000,450000,414000]",195,3253000
7,89,8,"[148,117,158,98,155,209,159,149]","[415000,338000,427000,259000,442000,577000,450000,409000]",209,3317000
7,90,8,"[71,145,78,177,198,195,170,101]","[188000,407000,201000,502000,527000,557000,490000,262000]",198,3134000
8,1,8,"[179,130,167,158,163,172,142,110]","[495000,383000,436000,441000,449000,483000,377000,287000]",179,3351000
8,2,8,"[171,172,137,147,167,167,142,110]","[473000,497000,379000,410000,475000,476000,377000,287000]",172,3374000
8,3,8,"[193,164,149,112,160,166,142,110]","[550000,484000,393000,306000,451000,476000,377000,287000]",193,3324000
8,4,8,"[176,165,166,148,160,167,142,110]","[493000,468000,445000,415000,452000,478000,377000,287000]",176,3415000
8,5,8,"[145,165,159,171,145,166,144,136]","[396000,477000,439000,492000,391000,476000,387000,372000]",171,3430000
8,6,8,"[173,131,148,154,170,169,166,131]","[475000,385000,401000,440000,461000,482000,442000,346000]",173,3432000
8,7,8,"[166,173,149,149,148,177,142,110]","[463000,492000,392000,419000,413000,516000,377000,287000]",177,3359000
8,8,8,"[197,102,174,149,160,166,144,110]","[546000,306000,471000,421000,452000,476000,377000,287000]",197,3336000
8,9,8,"[191,141,149,169,128,168,142,110]","[540000,414000,403000,485000,358000,480000,377000,287000]",191,3344000
8,10,8,"[174,132,149,155,165,166,159,134]","[478000,383000,409000,442000,452000,476000,420000,358000]",174,3418000
8,11,8,"[145,169,159,168,145,166,144,136]","[396000,488000,439000,470000,391000,476000,387000,372000]",169,3419000
8,12,8,"[174,172,144,114,177,178,142,110]","[478000,497000,387000,324000,494000,518000,377000,287000]",178,3362000
8,13,8,"[196,130,149,149,148,177,142,110]","[545000,383000,396000,419000,413000,516000,377000,287000]",196,3336000
8,14,8,"[191,141,149,169,128,168,142,110]","[540000,414000,403000,485000,358000,480000,377000,287000]",191,3344000
8,15,8,"[166,173,149,149,148,177,142,110]","[463000,492000,392000,420000,413000,516000,377000,287000]",177,3360000
8,16,8,"[176,130,150,171,140,183,142,110]","[495000,383000,407000,492000,385000,525000,377000,287000]",183,3351000
8,17,8,"[174,130,178,153,165,167,142,110]","[483000,383000,486000,438000,452000,478000,377000,287000]",178,3384000
8,18,8,"[193,164,149,141,128,166,142,110]","[550000,484000,406000,399000,358000,476000,377000,287000]",193,3337000
8,19,8,"[173,171,148,156,162,174,142,110]","[469000,492000,399000,441000,447000,485000,377000,287000]",174,3397000
8,20,8,"[193,164,149,141,128,166,142,110]","[550000,484000,406000,399000,358000,476000,377000,287000]",193,3337000
8,21,8,"[173,132,144,171,168,166,159,134]","[473000,383000,387000,469000,458000,476000,415000,358000]",173,3419000
8,22,8,"[172,130,179,146,161,166,142,110]","[478000,383000,482000,415000,454000,476000,377000,287000]",179,3352000
8,23,8,"[167,138,150,156,168,168,161,136]","[468000,399000,403000,444000,459000,476000,419000,362000]",168,3430000
8,24,8,"[173,171,146,173,130,166,142,110]","[472000,492000,397000,496000,365000,476000,377000,287000]",173,3362000
8,25,8,"[173,171,148,173,140,166,142,110]","[472000,492000,397000,494000,385000,476000,377000,287000]",173,3380000
8,26,8,"[171,172,140,146,167,166,142,110]","[473000,497000,370000,415000,478000,476000,377000,287000]",172,3373000
8,27,8,"[196,130,149,149,148,177,142,110]","[545000,383000,396000,420000,413000,516000,377000,287000]",196,3337000
8,28,8,"[173,171,148,173,140,166,142,110]","[472000,492000,397000,496000,385000,476000,377000,287000]",173,3382000
8,29,8,"[204,164,146,109,159,166,142,110]","[567000,484000,387000,300000,449000,476000,377000,287000]",204,3327000
8,30,8,"[195,141,177,170,96,167,142,110]","[555000,414000,477000,477000,267000,476000,377000,287000]",195,3330000
8,31,8,"[193,130,149,173,131,166,142,110]","[550000,383000,403000,496000,367000,476000,377000,287000]",193,3339000
8,32,8,"[176,141,150,169,143,183,142,110]","[495000,414000,407000,482000,391000,525000,377000,287000]",183,3378000
8,33,8,"[173,171,146,173,130,166,153,108]","[472000,492000,397000,496000,365000,476000,408000,284000]",173,3390000
8,34,8,"[173,171,148,158,162,174,142,110]","[469000,492000,399000,445000,447000,485000,377000,287000]",174,3401000
8,35,8,"[173,171,149,126,165,166,159,134]","[468000,494000,409000,348000,452000,476000,420000,358000]",173,3425000
8,36,8,"[130,167,170,153,163,170,170,136]","[354000,477000,439000,438000,447000,476000,463000,372000]",170,3466000
8,37,8,"[172,141,179,146,161,166,142,110]","[478000,414000,482000,405000,454000,476000,377000,287000]",179,3373000
8,38,8,"[144,166,158,172,142,167,150,136]","[392000,479000,431000,494000,385000,478000,399000,372000]",172,3430000
8,39,8,"[174,130,178,153,165,167,153,108]","[483000,383000,486000,438000,452000,478000,408000,284000]",178,3412000
8,40,8,"[180,130,171,171,140,166,142,110]","[515000,383000,465000,492000,385000,476000,377000,287000]",180,3380000
8,41,8,"[178,174,172,172,161,193,178,109]","[484000,495000,459000,488000,424000,505000,466000,287000]",193,3608000
8,42,8,"[171,172,147,181,139,166,142,110]","[463000,497000,397000,508000,383000,476000,377000,287000]",181,3388000
8,43,8,"[170,130,183,146,161,166,153,108]","[473000,383000,506000,415000,454000,476000,408000,284000]",183,3399000
8,44,8,"[182,207,135,175,162,172,147,112]","[522000,548000,373000,488000,447000,483000,387000,289000]",207,3537000
8,45,8,"[180,202,146,173,131,166,144,112]","[525000,542000,391000,502000,370000,476000,381000,289000]",202,3476000
8,46,8,"[173,170,166,149,148,178,142,110]","[485000,493000,442000,421000,413000,518000,377000,287000]",178,3436000
8,47,8,"[181,166,185,148,156,154,142,110]","[515000,468000,501000,419000,424000,434000,377000,287000]",185,3425000
8,48,8,"[179,209,133,193,161,193,152,188]","[514000,550000,371000,546000,428000,509000,415000,541000]",209,3874000
8,49,8,"[150,208,132,174,215,169,144,112]","[418000,549000,356000,486000,579000,488000,381000,289000]",215,3546000
8,50,8,"[155,208,136,175,182,179,144,112]","[425000,547000,354000,486000,502000,526000,381000,289000]",208,3510000
8,51,8,"[178,174,176,180,134,172,177,115]","[500000,492000,469000,507000,362000,467000,460000,299000]",180,3556000
8,52,8,"[192,173,184,146,151,177,142,110]","[552000,496000,522000,415000,415000,516000,377000,287000]",192,3580000
8,53,8,"[171,172,144,176,158,197,142,110]","[468000,497000,374000,502000,418000,546000,377000,287000]",197,3469000
8,54,8,"[211,235,176,156,171,172,142,110]","[634000,637000,473000,441000,456000,478000,377000,287000]",235,3783000
8,55,8,"[177,169,148,172,161,187,178,126]","[499000,494000,394000,494000,424000,497000,473000,319000]",187,3594000
8,56,8,"[210,148,195,191,174,170,142,110]","[635000,422000,560000,514000,489000,484000,377000,287000]",210,3768000
8,57,8,"[173,174,139,191,130,166,142,110]","[483000,498000,365000,542000,363000,476000,377000,287000]",191,3391000
8,58,8,"[176,172,178,126,171,168,167,131]","[493000,500000,477000,348000,465000,480000,441000,346000]",178,3550000
8,59,8,"[181,175,163,192,176,171,146,112]","[505000,460000,459000,516000,491000,478000,385000,289000]",192,3583000
8,60,8,"[179,130,114,158,163,172,243,110]","[495000,383000,293000,441000,449000,483000,616000,287000]",243,3447000
8,61,8,"[220,173,138,145,168,168,146,158]","[570000,502000,384000,410000,477000,476000,385000,386000]",220,3590000
8,62,8,"[240,164,149,77,160,166,142,110]","[680000,484000,403000,202000,456000,476000,377000,287000]",240,3365000
8,63,8,"[176,165,166,139,160,167,172,110]","[493000,468000,445000,377000,452000,478000,458000,287000]",176,3458000
8,64,8,"[145,165,159,171,145,166,144,136]","[396000,477000,439000,492000,391000,476000,387000,372000]",171,3430000
8,65,8,"[175,132,148,157,168,166,159,136]","[478000,383000,401000,446000,459000,476000,415000,362000]",175,3420000
8,66,8,"[167,177,149,146,151,180,142,110]","[465000,513000,397000,405000,413000,522000,377000,287000]",180,3379000
8,67,8,"[200,102,173,146,160,166,149,109]","[562000,306000,469000,415000,452000,476000,412000,287000]",200,3379000
8,68,8,"[191,141,149,169,128,168,153,108]","[540000,414000,403000,485000,358000,480000,408000,284000]",191,3372000
8,69,8,"[173,138,146,156,170,168,164,134]","[485000,399000,397000,444000,458000,476000,419000,358000]",173,3436000
8,70,8,"[147,172,169,166,148,170,144,136]","[391000,503000,460000,470000,401000,480000,387000,372000]",172,3464000
8,71,8,"[174,172,144,114,177,178,148,122]","[478000,497000,387000,324000,494000,518000,397000,328000]",178,3423000
8,72,8,"[193,141,149,145,150,179,142,110]","[545000,414000,396000,405000,413000,516000,377000,287000]",193,3353000
8,73,8,"[195,130,148,173,129,166,142,110]","[560000,383000,401000,499000,360000,476000,377000,287000]",195,3343000
8,74,8,"[166,173,149,149,201,131,142,110]","[463000,492000,392000,420000,576000,367000,377000,287000]",201,3374000
8,75,8,"[182,169,150,144,143,183,142,110]","[515000,494000,407000,402000,391000,525000,377000,287000]",183,3398000
8,76,8,"[232,130,181,153,163,151,142,110]","[632000,383000,506000,438000,447000,406000,377000,287000]",232,3476000
8,77,8,"[193,141,149,141,128,166,169,110]","[550000,414000,406000,399000,358000,476000,455000,287000]",193,3345000
8,78,8,"[173,171,148,129,162,174,146,180]","[469000,492000,399000,354000,447000,485000,385000,463000]",180,3494000
8,79,8,"[224,161,148,144,128,168,145,110]","[611000,478000,399000,399000,358000,476000,392000,287000]",224,3400000
8,80,8,"[167,230,157,173,111,172,159,134]","[478000,637000,428000,470000,291000,476000,415000,358000]",230,3553000
8,81,8,"[172,173,179,146,161,166,143,97]","[478000,481000,482000,415000,454000,476000,377000,249000]",179,3412000
8,82,8,"[233,138,150,156,168,168,161,103]","[628000,399000,403000,444000,459000,476000,419000,269000]",233,3497000
8,83,8,"[173,171,146,192,130,166,142,110]","[472000,492000,397000,531000,368000,476000,377000,287000]",192,3400000
8,84,8,"[171,197,148,177,164,166,142,110]","[468000,529000,397000,504000,448000,476000,377000,287000]",197,3486000
9,1,8,"[169,150,172,126,137,171,182,164]","[500000,410000,464000,342000,390000,498000,520000,481000]",182,3605000
9,2,8,"[171,152,149,124,182,180,164,131]","[504000,420000,413000,338000,538000,528000,463000,382000]",182,3586000
9,3,8,"[169,182,161,124,147,185,163,115]","[500000,500000,432000,338000,423000,535000,458000,329000]",185,3515000
9,4,8,"[169,162,149,126,149,181,164,164]","[500000,435000,407000,342000,436000,533000,464000,481000]",181,3598000
9,5,8,"[169,150,145,124,183,180,188,131]","[500000,415000,392000,338000,526000,528000,527000,382000]",188,3608000
9,6,8,"[169,162,166,99,176,175,183,148]","[500000,446000,447000,261000,496000,502000,518000,425000]",183,3595000
9,7,8,"[169,165,127,124,184,183,161,131]","[500000,455000,332000,338000,538000,533000,458000,382000]",184,3536000
9,8,8,"[169,154,167,126,148,175,181,164]","[500000,425000,437000,342000,423000,498000,518000,481000]",181,3624000
9,9,8,"[169,174,162,124,147,184,163,131]","[500000,486000,434000,338000,423000,535000,458000,382000]",184,3556000
9,10,8,"[169,169,145,126,149,172,181,164]","[500000,458000,405000,342000,423000,498000,518000,481000]",181,3625000
9,11,8,"[169,183,148,178,136,158,181,164]","[500000,501000,397000,472000,392000,442000,513000,481000]",183,3698000
9,12,8,"[169,182,119,124,184,183,161,131]","[500000,508000,313000,338000,534000,533000,458000,382000]",184,3566000
9,13,8,"[169,164,167,124,180,182,160,116]","[500000,453000,449000,338000,503000,533000,458000,334000]",182,3568000
9,14,8,"[169,165,141,126,149,183,161,164]","[500000,443000,380000,342000,436000,533000,460000,481000]",183,3575000
9,15,8,"[169,159,148,124,184,182,161,117]","[500000,453000,390000,338000,538000,535000,460000,333000]",184,3547000
9,16,8,"[169,126,142,126,185,183,162,164]","[500000,329000,382000,342000,534000,533000,462000,481000]",185,3563000
9,17,8,"[169,173,180,124,147,182,161,117]","[500000,487000,487000,338000,423000,535000,458000,333000]",182,3561000
9,18,8,"[169,173,136,124,183,182,160,117]","[500000,483000,363000,338000,538000,533000,458000,333000]",183,3546000
9,19,8,"[169,181,143,126,184,182,183,115]","[500000,496000,382000,342000,526000,528000,498000,329000]",184,3601000
9,20,8,"[169,172,138,126,153,182,160,164]","[500000,467000,370000,342000,436000,533000,458000,481000]",182,3587000
9,21,8,"[171,159,148,124,184,182,161,117]","[504000,453000,390000,338000,538000,535000,460000,333000]",184,3551000
9,22,8,"[169,183,148,126,137,171,181,164]","[500000,501000,397000,342000,392000,498000,518000,481000]",183,3629000
9,23,8,"[171,182,119,124,184,183,161,131]","[504000,508000,313000,338000,534000,533000,458000,382000]",184,3570000
9,24,8,"[171,173,136,124,183,182,160,117]","[504000,483000,363000,338000,538000,533000,458000,333000]",183,3550000
9,25,8,"[198,154,119,124,188,185,160,117]","[591000,432000,303000,338000,548000,535000,458000,333000]",198,3538000
9,26,8,"[169,183,148,126,137,171,181,164]","[500000,501000,385000,342000,390000,498000,518000,481000]",183,3615000
9,27,8,"[169,170,143,126,153,181,160,164]","[500000,468000,395000,342000,435000,533000,458000,481000]",181,3612000
9,28,8,"[169,183,148,126,137,171,181,164]","[500000,501000,397000,342000,392000,498000,518000,481000]",183,3629000
9,29,8,"[171,173,180,124,147,182,161,117]","[504000,487000,487000,338000,423000,535000,458000,333000]",182,3565000
9,30,8,"[171,150,143,124,183,180,164,131]","[504000,410000,382000,338000,538000,528000,475000,382000]",183,3557000
9,31,8,"[169,183,148,126,137,171,181,164]","[500000,501000,385000,342000,390000,498000,518000,481000]",183,3615000
9,32,8,"[169,186,127,124,186,181,160,131]","[500000,521000,330000,338000,525000,533000,458000,382000]",186,3587000
9,33,8,"[169,182,147,126,135,171,185,164]","[500000,491000,380000,342000,390000,498000,524000,481000]",185,3606000
9,34,8,"[169,175,139,126,152,181,176,164]","[500000,460000,370000,342000,425000,533000,498000,481000]",181,3609000
9,35,8,"[169,184,148,166,136,175,180,164]","[500000,506000,397000,437000,392000,489000,513000,481000]",184,3715000
9,36,8,"[169,179,143,130,147,181,163,164]","[500000,480000,380000,350000,423000,533000,462000,481000]",181,3609000
9,37,8,"[171,150,172,126,137,171,182,164]","[504000,410000,464000,342000,390000,498000,520000,481000]",182,3609000
9,38,8,"[169,184,143,126,136,181,162,164]","[500000,501000,382000,342000,390000,533000,458000,481000]",184,3587000
9,39,8,"[169,164,167,99,180,182,160,148]","[500000,453000,449000,261000,503000,533000,458000,425000]",182,3582000
9,40,8,"[169,179,142,126,153,181,162,164]","[500000,480000,380000,342000,435000,533000,460000,481000]",181,3611000
9,41,8,"[171,164,123,156,183,227,160,133]","[504000,446000,310000,394000,507000,673000,458000,379000]",227,3671000
9,42,8,"[169,186,143,181,137,179,164,164]","[500000,512000,390000,482000,390000,506000,466000,481000]",186,3727000
9,43,8,"[169,161,130,156,185,229,163,118]","[500000,458000,360000,394000,511000,679000,470000,335000]",229,3707000
9,44,8,"[169,172,135,169,176,215,161,117]","[500000,475000,365000,434000,476000,633000,458000,329000]",215,3670000
9,45,8,"[169,174,177,124,185,180,164,131]","[500000,492000,502000,338000,538000,528000,475000,382000]",185,3755000
9,46,8,"[170,186,157,181,175,179,228,115]","[505000,511000,412000,492000,482000,493000,634000,329000]",228,3858000
9,47,8,"[169,186,149,126,203,177,233,115]","[500000,508000,402000,342000,577000,490000,636000,329000]",233,3784000
9,48,8,"[169,164,167,99,177,214,213,119]","[500000,456000,464000,261000,501000,605000,597000,331000]",214,3715000
9,49,8,"[171,148,144,124,185,179,199,131]","[504000,410000,385000,338000,548000,493000,569000,382000]",199,3629000
9,50,8,"[174,213,188,126,188,227,161,119]","[525000,597000,565000,342000,545000,675000,460000,337000]",227,4046000
9,51,8,"[171,161,130,156,185,229,163,118]","[504000,458000,360000,394000,511000,679000,470000,335000]",229,3711000
9,52,8,"[169,167,132,180,193,185,163,115]","[500000,462000,363000,472000,536000,539000,458000,329000]",193,3659000
9,53,8,"[169,151,138,131,189,226,163,145]","[500000,416000,358000,317000,521000,673000,462000,410000]",226,3657000
9,54,8,"[169,167,146,162,202,158,182,164]","[500000,456000,387000,415000,564000,442000,517000,481000]",202,3762000
9,55,8,"[171,186,157,181,175,179,228,115]","[504000,511000,412000,492000,482000,493000,634000,329000]",228,3857000
9,56,8,"[169,182,115,180,193,185,163,115]","[500000,507000,308000,472000,536000,537000,458000,329000]",193,3647000
9,57,8,"[192,206,180,124,173,181,163,115]","[573000,575000,532000,338000,499000,533000,460000,329000]",206,3839000
9,58,8,"[169,175,154,162,185,227,169,131]","[500000,505000,449000,429000,511000,673000,468000,379000]",227,3914000
9,59,8,"[171,164,149,104,185,229,164,117]","[504000,473000,410000,277000,511000,679000,472000,333000]",229,3659000
9,60,8,"[169,186,132,162,203,203,229,117]","[500000,511000,352000,417000,567000,569000,642000,336000]",229,3894000
9,61,8,"[169,159,162,152,197,171,181,162]","[500000,419000,437000,378000,548000,498000,518000,474000]",197,3772000
9,62,8,"[169,160,130,156,184,229,162,118]","[500000,458000,360000,394000,509000,679000,468000,335000]",229,3703000
9,63,8,"[171,162,115,155,185,225,168,132]","[504000,442000,303000,394000,509000,670000,464000,379000]",225,3665000
9,64,8,"[169,156,150,124,189,181,233,161]","[500000,422000,405000,338000,548000,501000,634000,438000]",233,3786000
9,65,8,"[169,180,143,169,136,183,205,164]","[500000,491000,382000,443000,390000,533000,533000,481000]",205,3753000
9,66,8,"[169,158,186,126,138,163,199,164]","[500000,437000,503000,342000,394000,463000,560000,481000]",199,3680000
9,67,8,"[171,124,150,124,183,187,168,164]","[504000,327000,420000,338000,538000,532000,483000,481000]",187,3623000
9,68,8,"[169,240,161,111,147,183,163,115]","[500000,625000,432000,300000,423000,535000,458000,329000]",240,3602000
9,69,8,"[169,158,188,126,144,183,160,164]","[500000,425000,513000,342000,395000,537000,458000,481000]",188,3651000
9,70,8,"[169,149,145,228,183,180,204,131]","[500000,415000,392000,588000,526000,528000,528000,382000]",228,3859000
9,71,8,"[169,163,167,99,176,175,198,148]","[500000,451000,462000,261000,496000,508000,549000,425000]",198,3652000
9,72,8,"[169,202,113,124,182,181,160,131]","[500000,549000,299000,338000,538000,533000,458000,382000]",202,3597000
9,73,8,"[169,154,170,126,148,217,126,164]","[500000,425000,447000,342000,423000,645000,351000,481000]",217,3614000
9,74,8,"[170,179,161,104,230,184,166,131]","[502000,502000,432000,277000,610000,535000,464000,382000]",230,3704000
9,75,8,"[169,121,150,126,185,171,183,164]","[500000,325000,410000,342000,542000,498000,522000,481000]",185,3620000
9,76,8,"[169,187,150,176,139,158,186,164]","[500000,509000,402000,472000,396000,442000,524000,481000]",187,3726000
9,77,8,"[169,160,127,124,182,181,163,131]","[500000,446000,340000,338000,534000,533000,460000,382000]",182,3533000
9,78,8,"[169,187,167,124,180,183,161,116]","[500000,505000,452000,338000,503000,535000,460000,334000]",187,3627000
9,79,8,"[169,165,141,113,201,183,161,164]","[500000,443000,380000,304000,552000,533000,460000,481000]",201,3653000
9,80,8,"[169,180,148,124,184,183,154,117]","[500000,506000,385000,338000,538000,533000,424000,333000]",184,3557000
9,81,8,"[169,130,145,126,192,181,162,164]","[500000,334000,390000,342000,550000,533000,462000,481000]",192,3592000
9,82,8,"[169,173,180,130,147,182,161,137]","[500000,487000,487000,347000,423000,535000,458000,376000]",182,3613000
9,83,8,"[169,174,136,125,184,183,160,170]","[500000,483000,353000,340000,518000,537000,458000,456000]",184,3645000
9,84,8,"[169,179,146,126,198,180,184,115]","[500000,498000,400000,342000,579000,528000,509000,329000]",198,3685000
9,85,8,"[170,184,136,126,153,184,162,164]","[505000,502000,362000,342000,447000,539000,462000,481000]",184,3640000
9,86,8,"[171,159,148,124,184,224,162,179]","[504000,453000,390000,338000,538000,586000,465000,493000]",224,3767000
9,87,8,"[173,184,154,126,136,173,147,250]","[508000,511000,417000,342000,392000,498000,418000,701000]",250,3787000
9,88,8,"[200,146,122,124,186,185,163,131]","[595000,388000,323000,338000,539000,539000,464000,382000]",200,3568000
9,89,8,"[171,171,136,124,188,183,160,117]","[504000,483000,358000,338000,550000,533000,458000,333000]",188,3557000
9,90,8,"[198,158,127,124,187,183,176,117]","[591000,447000,337000,338000,548000,537000,502000,333000]",198,3633000
10,1,8,"[166,155,89,171,162,163,157,149]","[460000,435000,232000,459000,480000,473000,443000,409000]",171,3391000
10,2,8,"[167,179,99,140,154,164,154,145]","[450000,513000,257000,385000,443000,473000,456000,392000]",179,3369000
10,3,8,"[167,179,112,140,154,164,154,132]","[450000,513000,295000,385000,443000,473000,456000,354000]",179,3369000
10,4,8,"[169,155,76,168,162,163,157,164]","[465000,439000,194000,457000,480000,473000,443000,451000]",169,3402000
10,5,8,"[169,155,100,168,162,163,157,157]","[465000,439000,255000,457000,480000,473000,443000,437000]",169,3449000
10,6,8,"[171,177,89,176,152,163,154,132]","[450000,513000,232000,478000,436000,473000,456000,354000]",177,3392000
10,7,8,"[171,177,89,140,162,159,158,157]","[465000,513000,232000,385000,480000,465000,443000,425000]",177,3408000
10,8,8,"[166,155,76,171,162,163,157,164]","[460000,435000,194000,459000,480000,473000,443000,451000]",171,3395000
10,9,8,"[163,155,169,168,162,132,143,149]","[445000,435000,446000,457000,480000,374000,394000,409000]",169,3440000
10,10,8,"[167,179,126,140,154,164,154,120]","[450000,513000,342000,385000,443000,473000,456000,315000]",179,3377000
10,11,8,"[167,179,89,140,162,164,158,151]","[450000,513000,232000,385000,480000,473000,443000,413000]",179,3389000
10,12,8,"[166,155,111,171,162,163,157,130]","[460000,435000,297000,459000,480000,473000,443000,350000]",171,3397000
10,13,8,"[167,179,89,140,218,164,99,150]","[450000,513000,232000,385000,649000,473000,276000,414000]",218,3392000
10,14,8,"[167,156,169,166,162,114,157,149]","[465000,437000,446000,457000,480000,321000,443000,409000]",169,3458000
10,15,8,"[166,155,98,171,162,163,157,143]","[460000,435000,259000,459000,480000,473000,443000,388000]",171,3397000
10,16,8,"[167,179,89,140,162,164,158,153]","[450000,513000,232000,385000,480000,473000,443000,417000]",179,3393000
10,17,8,"[166,155,126,171,162,163,157,118]","[460000,435000,340000,459000,480000,473000,443000,311000]",171,3401000
10,18,8,"[166,155,119,171,162,163,157,125]","[460000,435000,315000,459000,480000,473000,443000,337000]",171,3402000
10,19,8,"[163,155,169,168,162,144,143,149]","[440000,437000,446000,457000,480000,402000,394000,409000]",169,3465000
10,20,8,"[166,155,89,171,162,163,157,155]","[460000,435000,232000,459000,480000,473000,443000,421000]",171,3403000
10,21,8,"[166,155,106,171,162,163,157,138]","[460000,435000,277000,459000,480000,473000,443000,375000]",171,3402000
10,22,8,"[167,179,100,140,154,164,154,156]","[450000,513000,262000,385000,443000,473000,456000,423000]",179,3405000
10,23,8,"[163,199,119,168,162,120,157,125]","[455000,568000,315000,457000,480000,342000,443000,337000]",199,3397000
10,24,8,"[171,177,89,176,167,163,148,128]","[450000,513000,232000,484000,469000,473000,435000,346000]",177,3402000
10,25,8,"[171,177,89,141,154,165,154,168]","[455000,513000,232000,387000,443000,473000,456000,474000]",177,3433000
10,26,8,"[167,179,99,175,152,164,154,132]","[450000,513000,257000,459000,436000,473000,456000,354000]",179,3398000
10,27,8,"[161,181,94,169,162,164,158,134]","[435000,505000,251000,457000,480000,473000,445000,358000]",181,3404000
10,28,8,"[166,155,97,171,162,163,157,151]","[460000,435000,257000,459000,480000,473000,443000,404000]",171,3411000
10,29,8,"[167,179,121,140,162,164,158,127]","[450000,513000,326000,385000,480000,473000,443000,336000]",179,3406000
10,30,8,"[165,202,89,140,163,147,158,151]","[440000,579000,232000,385000,485000,429000,443000,413000]",202,3406000
10,31,8,"[166,155,111,171,162,163,157,143]","[460000,435000,293000,459000,480000,473000,443000,384000]",171,3427000
10,32,8,"[167,179,89,140,154,164,154,168]","[450000,513000,232000,385000,443000,473000,456000,474000]",179,3426000
10,33,8,"[167,179,100,140,120,164,189,156]","[450000,513000,262000,385000,345000,473000,568000,423000]",189,3419000
10,34,8,"[171,177,89,176,160,163,158,128]","[450000,513000,232000,484000,473000,473000,443000,346000]",177,3414000
10,35,8,"[165,201,89,140,163,148,158,151]","[450000,579000,232000,385000,485000,425000,443000,413000]",201,3412000
10,36,8,"[171,177,89,176,167,163,148,132]","[450000,513000,232000,478000,469000,473000,435000,354000]",177,3404000
10,37,8,"[161,181,107,169,162,164,158,128]","[435000,505000,283000,457000,480000,473000,445000,340000]",181,3418000
10,38,8,"[167,179,112,140,154,164,154,149]","[450000,513000,295000,385000,443000,473000,456000,415000]",179,3430000
10,39,8,"[169,155,125,168,159,163,173,117]","[465000,437000,340000,460000,474000,473000,481000,309000]",173,3439000
10,40,8,"[171,177,113,176,152,165,154,120]","[455000,513000,304000,461000,436000,473000,456000,315000]",177,3413000
10,41,8,"[166,178,115,179,160,163,158,148]","[445000,513000,329000,484000,473000,473000,443000,417000]",179,3577000
10,42,8,"[166,207,98,171,162,163,157,130]","[460000,551000,259000,459000,480000,473000,443000,350000]",207,3475000
10,43,8,"[167,213,109,140,162,164,157,141]","[460000,576000,284000,385000,480000,473000,443000,384000]",213,3485000
10,44,8,"[167,213,115,140,162,164,157,154]","[460000,576000,314000,385000,480000,473000,443000,420000]",213,3551000
10,45,8,"[167,179,102,175,152,164,154,132]","[450000,513000,272000,459000,436000,473000,456000,354000]",179,3413000
10,46,8,"[166,178,106,208,168,196,139,122]","[450000,513000,302000,563000,486000,551000,405000,321000]",208,3591000
10,47,8,"[164,212,111,205,177,199,148,111]","[455000,576000,284000,557000,519000,557000,407000,291000]",212,3646000
10,48,8,"[163,217,277,171,172,169,139,171]","[445000,627000,868000,464000,494000,464000,372000,465000]",277,4199000
10,49,8,"[166,207,144,235,162,115,157,147]","[460000,566000,372000,627000,459000,321000,443000,405000]",235,3653000
10,50,8,"[164,205,98,205,177,197,148,132]","[455000,557000,246000,557000,519000,553000,407000,354000]",205,3648000
10,51,8,"[167,179,121,140,154,164,154,127]","[450000,513000,326000,385000,443000,473000,456000,336000]",179,3382000
10,52,8,"[161,207,103,169,162,164,157,157]","[440000,583000,281000,457000,480000,466000,443000,443000]",207,3593000
10,53,8,"[167,206,107,180,165,164,155,121]","[457000,561000,292000,480000,469000,478000,451000,327000]",206,3515000
10,54,8,"[166,178,92,179,171,219,151,121]","[450000,513000,237000,503000,479000,615000,413000,327000]",219,3537000
10,55,8,"[167,179,126,208,170,120,154,120]","[450000,513000,342000,563000,490000,342000,456000,315000]",208,3471000
10,56,8,"[164,155,89,173,223,181,148,204]","[445000,452000,232000,469000,593000,516000,407000,543000]",223,3657000
10,57,8,"[164,192,301,169,164,182,157,251]","[440000,545000,836000,459000,487000,523000,443000,725000]",301,4458000
10,58,8,"[165,186,120,142,192,204,149,178]","[460000,542000,336000,368000,522000,567000,409000,476000]",204,3680000
10,59,8,"[170,204,162,165,151,192,139,119]","[477000,553000,422000,455000,437000,534000,410000,322000]",204,3610000
10,60,8,"[165,210,109,200,224,170,157,232]","[450000,571000,284000,542000,604000,487000,443000,647000]",232,4028000
10,61,8,"[167,212,111,209,176,196,148,256]","[455000,627000,284000,565000,509000,551000,407000,739000]",256,4137000
10,62,8,"[171,177,113,176,160,165,158,120]","[455000,513000,304000,461000,473000,473000,443000,315000]",177,3437000
10,63,8,"[167,179,92,208,173,173,142,121]","[450000,513000,237000,563000,517000,503000,392000,327000]",208,3502000
10,64,8,"[166,191,86,171,164,172,157,125]","[452000,540000,226000,459000,487000,473000,443000,337000]",191,3417000
10,65,8,"[171,177,257,141,162,165,158,157]","[452000,513000,793000,385000,480000,473000,443000,425000]",257,3964000
10,66,8,"[169,155,89,168,162,163,157,149]","[465000,439000,232000,457000,480000,473000,443000,409000]",169,3398000
10,67,8,"[169,180,99,140,165,165,154,145]","[452000,510000,257000,385000,471000,473000,456000,392000]",180,3396000
10,68,8,"[167,179,112,140,154,164,151,208]","[450000,513000,295000,385000,443000,473000,414000,542000]",208,3515000
10,69,8,"[161,194,76,169,165,164,104,165]","[440000,569000,194000,459000,495000,475000,289000,453000]",194,3374000
10,70,8,"[165,154,100,181,162,196,157,157]","[465000,439000,255000,481000,480000,538000,443000,437000]",196,3538000
10,71,8,"[167,179,89,140,154,164,154,157]","[450000,513000,232000,385000,443000,473000,456000,425000]",179,3377000
10,72,8,"[171,177,89,140,159,159,175,157]","[465000,513000,232000,385000,474000,465000,485000,425000]",177,3444000
10,73,8,"[166,155,76,171,166,163,158,164]","[460000,435000,194000,459000,485000,473000,448000,451000]",171,3405000
10,74,8,"[163,153,169,168,162,155,102,149]","[445000,435000,446000,457000,480000,447000,285000,409000]",169,3404000
10,75,8,"[151,179,126,164,154,167,154,120]","[407000,513000,342000,439000,443000,477000,456000,315000]",179,3392000
10,76,8,"[165,183,90,140,167,168,157,147]","[460000,534000,237000,385000,481000,479000,443000,405000]",183,3424000
10,77,8,"[169,229,110,168,124,163,157,129]","[465000,633000,295000,464000,357000,473000,443000,348000]",229,3478000
10,78,8,"[167,179,89,140,231,164,99,150]","[450000,513000,232000,385000,684000,473000,276000,414000]",231,3427000
10,79,8,"[167,156,241,166,175,114,157,149]","[465000,437000,611000,457000,497000,321000,443000,409000]",241,3640000
10,80,8,"[150,156,97,170,162,165,158,183]","[415000,435000,257000,457000,480000,475000,445000,481000]",183,3445000
10,81,8,"[166,178,89,109,221,163,158,153]","[450000,513000,232000,287000,634000,473000,443000,417000]",221,3449000
10,82,8,"[170,157,126,169,204,142,157,118]","[460000,435000,340000,459000,590000,400000,443000,311000]",204,3438000
10,83,8,"[166,155,129,171,162,163,157,152]","[460000,435000,365000,459000,480000,473000,443000,405000]",171,3520000
10,84,8,"[163,155,169,168,165,107,169,149]","[445000,435000,446000,457000,486000,301000,467000,409000]",169,3446000
10,85,8,"[166,155,91,171,164,163,157,171]","[460000,435000,232000,459000,484000,473000,443000,459000]",171,3445000
10,86,8,"[166,155,112,171,162,163,159,159]","[460000,435000,307000,459000,480000,473000,447000,423000]",171,3484000
10,87,8,"[167,131,100,187,152,164,154,156]","[450000,367000,262000,533000,436000,478000,456000,423000]",187,3405000
10,88,8,"[163,199,126,168,162,120,157,118]","[455000,568000,340000,457000,480000,342000,443000,311000]",199,3396000
10,89,8,"[171,177,89,176,122,163,199,128]","[450000,513000,232000,484000,339000,473000,588000,346000]",199,3425000
10,90,8,"[171,177,89,141,120,165,189,168]","[455000,513000,232000,387000,345000,473000,568000,474000]",189,3447000
11,1,8,"[171,170,173,172,167,140,176,139]","[495000,499000,478000,494000,481000,387000,502000,380000]",176,3716000
11,2,8,"[171,150,163,174,167,166,140,178]","[495000,444000,439000,494000,481000,469000,395000,500000]",178,3717000
11,3,8,"[171,136,177,167,168,159,172,172]","[495000,407000,481000,476000,479000,450000,476000,481000]",177,3745000
11,4,8,"[171,151,150,210,145,139,187,142]","[495000,449000,404000,612000,413000,391000,545000,390000]",210,3699000
11,5,8,"[171,149,155,169,171,161,174,174]","[495000,445000,427000,476000,485000,446000,480000,481000]",174,3735000
11,6,8,"[144,170,184,171,173,123,187,141]","[417000,496000,512000,486000,505000,352000,545000,390000]",187,3703000
11,7,8,"[171,136,177,172,168,161,140,179]","[495000,407000,481000,494000,479000,454000,395000,500000]",179,3705000
11,8,8,"[144,170,184,171,173,123,187,141]","[417000,496000,512000,486000,505000,352000,545000,390000]",187,3703000
11,9,8,"[171,150,163,174,167,166,140,178]","[495000,444000,439000,494000,481000,465000,395000,500000]",178,3713000
11,10,8,"[171,178,161,174,171,141,166,141]","[495000,527000,439000,494000,489000,387000,474000,390000]",178,3695000
11,11,8,"[171,149,155,167,171,161,140,181]","[495000,445000,427000,476000,485000,454000,395000,510000]",181,3687000
11,12,8,"[171,136,177,167,168,159,172,172]","[495000,407000,481000,476000,479000,450000,476000,481000]",177,3745000
11,13,8,"[133,154,148,211,178,139,187,142]","[392000,459000,404000,614000,512000,395000,545000,395000]",211,3716000
11,14,8,"[171,178,161,172,169,140,176,139]","[495000,527000,439000,494000,485000,387000,502000,380000]",178,3709000
11,15,8,"[172,151,164,169,168,161,174,174]","[497000,446000,443000,476000,479000,446000,480000,481000]",174,3748000
11,16,8,"[134,169,173,172,167,142,200,139]","[394000,494000,478000,494000,481000,391000,581000,380000]",200,3693000
11,17,8,"[171,150,163,174,168,166,140,178]","[495000,444000,439000,494000,483000,465000,395000,500000]",178,3715000
11,18,8,"[171,136,177,174,168,166,140,178]","[495000,407000,481000,494000,483000,465000,395000,500000]",178,3720000
11,19,8,"[171,170,192,171,166,99,187,141]","[495000,499000,537000,486000,482000,278000,545000,390000]",192,3712000
11,20,8,"[171,136,177,167,168,161,140,181]","[495000,407000,481000,476000,479000,454000,395000,510000]",181,3697000
11,21,8,"[171,150,163,174,168,166,140,178]","[495000,444000,439000,494000,483000,469000,395000,500000]",178,3719000
11,22,8,"[135,170,184,171,173,137,187,141]","[396000,499000,512000,486000,505000,391000,545000,390000]",187,3724000
11,23,8,"[131,153,152,211,178,142,187,142]","[382000,451000,410000,612000,512000,401000,545000,395000]",211,3708000
11,24,8,"[195,180,161,172,169,140,140,139]","[576000,537000,439000,494000,485000,387000,395000,380000]",195,3693000
11,25,8,"[171,149,155,179,169,140,164,183]","[495000,445000,427000,510000,485000,391000,472000,519000]",183,3744000
11,26,8,"[175,153,163,174,168,166,140,178]","[512000,459000,439000,494000,483000,465000,395000,500000]",178,3747000
11,27,8,"[170,165,161,172,169,161,140,179]","[493000,480000,439000,494000,485000,460000,395000,500000]",179,3746000
11,28,8,"[171,149,155,166,169,143,183,178]","[495000,445000,427000,470000,485000,392000,521000,500000]",183,3735000
11,29,8,"[173,166,152,174,168,166,140,178]","[495000,491000,404000,494000,483000,469000,395000,500000]",178,3731000
11,30,8,"[171,149,155,166,169,143,183,178]","[495000,445000,427000,470000,485000,396000,521000,500000]",183,3739000
11,31,8,"[192,150,171,172,168,141,172,139]","[570000,423000,474000,494000,483000,391000,494000,380000]",192,3709000
11,32,8,"[171,149,155,170,171,138,165,185]","[495000,445000,427000,480000,485000,381000,472000,535000]",185,3720000
11,33,8,"[173,166,152,174,168,166,140,178]","[495000,491000,404000,494000,483000,465000,395000,500000]",178,3727000
11,34,8,"[135,170,184,173,174,137,187,141]","[396000,499000,512000,486000,507000,391000,545000,390000]",187,3726000
11,35,8,"[123,172,184,171,173,152,187,141]","[351000,496000,512000,486000,505000,434000,545000,390000]",187,3719000
11,36,8,"[195,173,173,172,167,140,140,139]","[576000,504000,478000,494000,481000,387000,395000,380000]",195,3695000
11,37,8,"[171,149,155,180,169,140,164,182]","[495000,445000,427000,529000,485000,391000,472000,514000]",182,3758000
11,38,8,"[171,149,155,183,171,139,165,171]","[495000,445000,427000,525000,489000,380000,472000,483000]",183,3716000
11,39,8,"[132,173,184,171,173,139,187,141]","[382000,514000,512000,486000,505000,398000,545000,390000]",187,3732000
11,40,8,"[144,170,184,168,173,123,187,152]","[417000,496000,512000,477000,505000,352000,545000,423000]",187,3727000
11,41,8,"[174,217,161,176,171,122,188,142]","[532000,623000,439000,502000,489000,348000,547000,392000]",217,3872000
11,42,8,"[158,202,164,174,166,138,199,176]","[453000,582000,444000,494000,479000,387000,557000,508000]",202,3904000
11,43,8,"[147,197,159,168,171,138,198,173]","[423000,562000,433000,476000,483000,375000,555000,489000]",198,3796000
11,44,8,"[135,171,184,171,185,145,187,141]","[396000,504000,512000,486000,529000,416000,545000,390000]",187,3778000
11,45,8,"[192,129,155,174,173,141,199,176]","[570000,369000,427000,494000,489000,391000,557000,502000]",199,3799000
11,46,8,"[171,149,155,183,168,139,165,171]","[495000,445000,427000,525000,483000,380000,472000,483000]",183,3710000
11,47,8,"[171,150,163,167,171,161,140,181]","[495000,444000,439000,476000,485000,454000,395000,510000]",181,3698000
11,48,8,"[171,149,155,167,171,159,172,172]","[495000,445000,427000,476000,485000,450000,476000,481000]",172,3735000
11,49,8,"[170,138,115,179,232,180,166,188]","[493000,417000,308000,524000,610000,494000,472000,550000]",232,3868000
11,50,8,"[198,138,229,206,180,160,165,142]","[588000,381000,628000,568000,498000,437000,472000,392000]",229,3964000
11,51,8,"[171,150,163,173,166,163,175,175]","[495000,444000,439000,494000,479000,464000,491000,480000]",175,3786000
11,52,8,"[160,220,174,176,173,138,198,187]","[457000,633000,477000,511000,505000,387000,555000,479000]",220,4004000
11,53,8,"[195,168,124,179,238,161,164,147]","[573000,483000,341000,524000,632000,448000,472000,410000]",238,3883000
11,54,8,"[171,151,150,183,224,142,187,142]","[495000,449000,404000,525000,600000,397000,545000,395000]",224,3810000
11,55,8,"[171,150,161,189,171,141,212,141]","[495000,444000,439000,546000,489000,387000,599000,390000]",212,3789000
11,56,8,"[147,197,164,168,172,138,198,173]","[423000,562000,443000,476000,485000,375000,555000,489000]",198,3808000
11,57,8,"[148,177,163,174,168,140,199,176]","[431000,522000,439000,494000,483000,391000,557000,508000]",199,3825000
11,58,8,"[195,151,150,186,227,144,187,142]","[579000,449000,404000,530000,606000,401000,545000,395000]",227,3909000
11,59,8,"[175,153,163,174,171,137,166,184]","[512000,459000,439000,494000,489000,382000,474000,530000]",184,3779000
11,60,8,"[173,185,164,172,172,142,200,139]","[492000,514000,447000,494000,491000,387000,581000,380000]",200,3786000
11,61,8,"[157,190,113,183,241,185,197,168]","[453000,544000,304000,537000,638000,513000,553000,480000]",241,4022000
11,62,8,"[171,149,121,183,196,141,197,168]","[495000,445000,335000,537000,539000,393000,553000,480000]",197,3777000
11,63,8,"[221,120,187,172,171,148,207,143]","[655000,333000,518000,486000,483000,425000,584000,390000]",221,3874000
11,64,8,"[171,149,155,168,171,137,198,173]","[495000,445000,427000,476000,485000,373000,555000,492000]",198,3748000
11,65,8,"[157,201,167,183,185,137,197,182]","[453000,582000,469000,526000,498000,385000,553000,526000]",201,3992000
11,66,8,"[171,240,173,151,168,140,176,139]","[495000,675000,478000,416000,483000,387000,502000,380000]",240,3816000
11,67,8,"[171,136,177,174,168,166,140,178]","[495000,407000,481000,494000,483000,469000,395000,500000]",178,3724000
11,68,8,"[171,136,233,167,166,182,172,172]","[495000,407000,599000,476000,479000,484000,476000,480000]",233,3896000
11,69,8,"[171,151,150,262,149,139,187,132]","[495000,449000,404000,741000,424000,391000,545000,362000]",262,3811000
11,70,8,"[171,149,155,211,171,160,176,140]","[495000,445000,427000,620000,485000,446000,480000,372000]",211,3770000
11,71,8,"[144,170,230,171,135,123,187,141]","[417000,496000,655000,486000,378000,352000,545000,390000]",230,3719000
11,72,8,"[171,136,177,177,168,161,92,258]","[495000,407000,481000,504000,479000,450000,241000,723000]",258,3780000
11,73,8,"[144,157,184,171,173,125,187,201]","[417000,458000,512000,486000,505000,362000,545000,543000]",201,3828000
11,74,8,"[171,150,163,165,167,199,141,185]","[495000,444000,439000,465000,481000,577000,397000,535000]",199,3833000
11,75,8,"[192,165,161,174,171,141,166,141]","[549000,489000,439000,494000,489000,387000,474000,390000]",192,3711000
11,76,8,"[172,167,161,167,171,161,140,181]","[497000,490000,439000,476000,485000,454000,395000,510000]",181,3746000
11,77,8,"[171,136,177,217,168,160,172,135]","[495000,407000,481000,641000,479000,450000,476000,361000]",217,3790000
11,78,8,"[134,135,169,211,178,139,187,142]","[394000,402000,458000,614000,512000,395000,545000,395000]",211,3715000
11,79,8,"[171,178,161,186,169,144,178,142]","[495000,527000,439000,529000,485000,394000,506000,398000]",186,3773000
11,80,8,"[172,151,164,159,166,159,174,205]","[497000,446000,443000,439000,479000,450000,483000,568000]",205,3805000
11,81,8,"[147,169,183,172,170,142,200,139]","[402000,494000,506000,494000,487000,391000,581000,380000]",200,3735000
11,82,8,"[174,153,161,175,170,168,140,178]","[510000,450000,439000,494000,487000,471000,395000,500000]",178,3746000
11,83,8,"[203,135,177,174,190,166,140,178]","[568000,402000,481000,494000,518000,465000,395000,500000]",203,3823000
11,84,8,"[246,169,192,174,168,101,203,144]","[672000,494000,537000,501000,486000,298000,549000,390000]",246,3927000
11,85,8,"[171,136,220,169,168,161,139,216]","[495000,407000,570000,491000,479000,450000,395000,575000]",220,3862000
11,86,8,"[171,150,163,172,188,170,140,190]","[495000,444000,439000,494000,527000,479000,395000,521000]",190,3794000
11,87,8,"[134,173,264,173,172,142,187,144]","[397000,504000,699000,469000,500000,413000,545000,395000]",264,3922000
11,88,8,"[131,153,152,211,178,142,187,142]","[382000,451000,410000,612000,512000,401000,545000,395000]",211,3708000
11,89,8,"[195,180,141,176,171,140,139,178]","[576000,533000,372000,514000,490000,387000,395000,496000]",195,3763000
11,90,8,"[171,149,226,203,166,140,164,183]","[495000,445000,577000,540000,479000,391000,472000,519000]",226,3918000
12,1,8,"[157,138,151,162,144,165,124,154]","[439000,371000,434000,451000,387000,471000,335000,439000]",165,3327000
12,2,8,"[139,155,152,148,130,118,132,179]","[363000,434000,427000,413000,347000,329000,375000,506000]",179,3194000
12,3,8,"[141,191,192,124,108,98,158,124]","[376000,551000,567000,337000,285000,250000,460000,323000]",192,3149000
12,4,8,"[182,156,149,162,144,116,124,150]","[476000,434000,427000,451000,387000,325000,335000,425000]",182,3260000
12,5,8,"[139,175,149,162,144,116,124,150]","[363000,491000,427000,451000,387000,325000,335000,428000]",175,3207000
12,6,8,"[148,157,151,131,145,116,132,176]","[392000,434000,427000,367000,385000,325000,375000,488000]",176,3193000
12,7,8,"[156,173,151,162,144,116,124,151]","[434000,487000,434000,451000,387000,325000,335000,425000]",173,3278000
12,8,8,"[165,160,163,162,143,111,146,164]","[456000,451000,449000,456000,385000,313000,409000,463000]",165,3382000
12,9,8,"[155,191,162,120,137,120,165,106]","[418000,553000,471000,334000,388000,330000,475000,283000]",191,3252000
12,10,8,"[141,191,192,135,103,98,158,124]","[376000,551000,567000,376000,260000,250000,460000,323000]",192,3163000
12,11,8,"[154,191,146,120,137,120,182,108]","[403000,553000,422000,334000,388000,330000,529000,283000]",191,3242000
12,12,8,"[165,160,163,162,157,111,146,164]","[456000,451000,449000,456000,413000,318000,409000,463000]",165,3415000
12,13,8,"[165,160,163,162,157,111,146,164]","[456000,451000,449000,456000,413000,318000,409000,463000]",165,3415000
12,14,8,"[169,154,163,179,146,116,130,154]","[460000,434000,455000,479000,391000,325000,347000,445000]",179,3336000
12,15,8,"[155,191,162,120,137,121,165,106]","[418000,553000,471000,334000,388000,329000,475000,283000]",191,3251000
12,16,8,"[156,173,151,161,164,111,112,151]","[434000,487000,434000,451000,441000,318000,296000,425000]",173,3286000
12,17,8,"[157,138,151,173,157,165,124,154]","[439000,371000,434000,473000,413000,471000,335000,439000]",173,3375000
12,18,8,"[124,173,152,162,144,116,124,175]","[319000,487000,433000,451000,387000,325000,335000,502000]",175,3239000
12,19,8,"[141,191,192,124,108,98,164,124]","[376000,551000,567000,337000,285000,250000,472000,323000]",192,3161000
12,20,8,"[154,191,148,120,137,120,182,106]","[408000,553000,419000,334000,388000,330000,529000,283000]",191,3244000
12,21,8,"[148,157,151,148,130,118,132,176]","[392000,434000,427000,413000,347000,329000,375000,488000]",176,3205000
12,22,8,"[161,155,161,162,143,111,147,177]","[438000,434000,447000,456000,385000,313000,409000,485000]",177,3367000
12,23,8,"[182,156,149,162,146,116,130,150]","[476000,434000,427000,451000,391000,325000,347000,425000]",182,3276000
12,24,8,"[161,155,161,162,143,111,147,177]","[438000,434000,447000,456000,385000,313000,409000,485000]",177,3367000
12,25,8,"[154,191,146,120,137,121,182,108]","[403000,553000,422000,334000,388000,329000,529000,283000]",191,3241000
12,26,8,"[163,157,166,162,143,111,154,175]","[453000,434000,457000,456000,385000,313000,428000,483000]",175,3409000
12,27,8,"[124,173,152,161,164,111,112,175]","[319000,487000,433000,451000,442000,318000,296000,502000]",175,3248000
12,28,8,"[161,155,161,162,144,111,147,177]","[438000,434000,447000,456000,396000,318000,409000,485000]",177,3383000
12,29,8,"[138,192,163,120,137,120,164,124]","[376000,555000,471000,334000,388000,330000,475000,323000]",192,3252000
12,30,8,"[139,155,152,162,144,116,124,179]","[363000,434000,427000,451000,387000,325000,335000,506000]",179,3228000
12,31,8,"[167,155,161,162,143,110,165,174]","[473000,436000,443000,456000,391000,313000,447000,483000]",174,3442000
12,32,8,"[138,192,163,120,137,121,164,124]","[376000,555000,471000,334000,388000,329000,475000,323000]",192,3251000
12,33,8,"[156,173,151,166,165,116,110,151]","[434000,487000,434000,461000,444000,325000,292000,425000]",173,3302000
12,34,8,"[123,191,192,124,108,98,185,124]","[326000,551000,567000,337000,285000,250000,527000,323000]",192,3166000
12,35,8,"[163,157,166,162,143,111,154,175]","[453000,434000,457000,456000,385000,313000,428000,483000]",175,3409000
12,36,8,"[139,187,149,162,144,116,124,152]","[371000,519000,423000,451000,387000,325000,335000,416000]",187,3227000
12,37,8,"[154,191,148,120,137,121,182,106]","[408000,553000,419000,334000,388000,329000,529000,283000]",191,3243000
12,38,8,"[166,191,157,120,137,121,173,105]","[456000,545000,452000,334000,388000,329000,502000,270000]",191,3276000
12,39,8,"[182,156,149,173,144,116,124,150]","[476000,434000,427000,475000,387000,325000,335000,425000]",182,3284000
12,40,8,"[148,157,151,162,144,116,124,176]","[392000,434000,427000,451000,387000,325000,335000,488000]",176,3239000
12,41,8,"[146,206,232,104,139,163,141,154]","[398000,555000,650000,264000,392000,450000,375000,425000]",232,3509000
12,42,8,"[137,193,210,162,131,144,142,150]","[372000,519000,585000,456000,349000,381000,378000,425000]",210,3465000
12,43,8,"[137,193,210,163,137,131,147,150]","[372000,519000,585000,461000,363000,337000,414000,425000]",210,3476000
12,44,8,"[152,196,164,121,175,127,126,152]","[427000,539000,448000,332000,485000,360000,348000,429000]",196,3368000
12,45,8,"[158,206,216,113,130,150,149,159]","[432000,559000,613000,316000,353000,426000,406000,433000]",216,3538000
12,46,8,"[161,177,224,120,137,81,168,184]","[431000,520000,616000,339000,388000,216000,480000,530000]",224,3520000
12,47,8,"[138,251,252,157,100,108,167,109]","[358000,730000,692000,416000,261000,291000,460000,276000]",252,3484000
12,48,8,"[152,196,226,91,161,127,125,152]","[427000,539000,632000,233000,438000,362000,343000,429000]",226,3403000
12,49,8,"[152,196,164,129,175,130,123,152]","[427000,539000,448000,361000,485000,366000,333000,429000]",196,3388000
12,50,8,"[136,205,225,95,142,116,138,180]","[359000,553000,635000,249000,392000,325000,396000,517000]",225,3426000
12,51,8,"[146,211,212,170,117,158,206,115]","[393000,590000,586000,487000,295000,445000,559000,338000]",212,3693000
12,52,8,"[179,203,214,145,141,138,140,134]","[535000,553000,602000,404000,375000,384000,394000,366000]",214,3613000
12,53,8,"[184,190,221,145,123,146,121,105]","[523000,545000,627000,404000,327000,412000,330000,272000]",221,3440000
12,54,8,"[193,205,219,123,134,150,173,133]","[573000,553000,618000,337000,370000,426000,450000,366000]",219,3693000
12,55,8,"[195,217,215,113,131,190,119,162]","[576000,611000,610000,316000,358000,529000,331000,441000]",217,3772000
12,56,8,"[168,172,176,121,173,127,118,152]","[449000,469000,502000,332000,470000,360000,330000,425000]",176,3337000
12,57,8,"[141,191,192,119,141,103,164,124]","[376000,551000,567000,347000,387000,272000,472000,323000]",192,3295000
12,58,8,"[129,204,210,162,126,139,127,155]","[358000,556000,581000,456000,339000,383000,344000,423000]",210,3440000
12,59,8,"[154,214,162,72,158,164,135,155]","[422000,608000,453000,186000,442000,454000,345000,434000]",214,3344000
12,60,8,"[135,215,215,101,158,123,146,150]","[366000,606000,580000,257000,424000,339000,397000,425000]",215,3394000
12,61,8,"[162,194,222,145,122,149,145,106]","[450000,559000,627000,404000,325000,412000,393000,272000]",222,3442000
12,62,8,"[155,177,151,161,164,111,146,152]","[432000,491000,433000,451000,455000,318000,409000,427000]",177,3416000
12,63,8,"[223,216,211,96,134,186,152,159]","[658000,609000,589000,246000,373000,531000,424000,443000]",223,3873000
12,64,8,"[153,215,216,98,155,125,140,150]","[432000,608000,582000,251000,418000,343000,373000,425000]",216,3432000
12,65,8,"[124,173,209,128,175,115,131,159]","[323000,487000,598000,361000,479000,314000,342000,458000]",209,3362000
12,66,8,"[157,138,151,162,144,165,126,154]","[439000,371000,434000,451000,387000,471000,339000,439000]",165,3331000
12,67,8,"[175,154,145,148,130,118,142,176]","[468000,434000,419000,413000,347000,329000,377000,513000]",176,3300000
12,68,8,"[141,191,192,161,108,98,171,124]","[376000,551000,567000,432000,285000,250000,465000,323000]",192,3249000
12,69,8,"[182,156,149,162,144,116,124,150]","[492000,434000,427000,451000,387000,325000,335000,413000]",182,3264000
12,70,8,"[139,175,149,162,146,116,130,150]","[363000,491000,427000,451000,391000,325000,347000,428000]",175,3223000
12,71,8,"[139,155,152,131,145,116,132,179]","[363000,434000,427000,367000,385000,325000,375000,506000]",179,3182000
12,72,8,"[150,175,150,216,148,116,124,191]","[417000,491000,425000,586000,405000,325000,335000,511000]",216,3495000
12,73,8,"[166,160,163,162,143,186,113,167]","[456000,442000,449000,456000,385000,483000,319000,478000]",186,3468000
12,74,8,"[161,157,165,215,137,120,165,110]","[420000,429000,476000,572000,388000,330000,476000,283000]",215,3374000
12,75,8,"[141,191,192,135,99,99,158,124]","[376000,551000,567000,376000,252000,252000,460000,323000]",192,3157000
12,76,8,"[202,191,146,120,168,120,184,108]","[500000,553000,422000,334000,453000,330000,529000,283000]",202,3404000
12,77,8,"[165,160,163,213,159,71,146,164]","[456000,451000,449000,591000,423000,202000,405000,463000]",213,3440000
12,78,8,"[229,160,157,162,145,111,146,170]","[588000,449000,443000,456000,377000,318000,409000,473000]",229,3513000
12,79,8,"[171,156,165,177,148,119,130,156]","[461000,438000,455000,477000,398000,329000,347000,441000]",177,3346000
12,80,8,"[137,191,162,120,178,121,164,105]","[371000,553000,471000,334000,485000,329000,475000,270000]",191,3288000
12,81,8,"[155,159,149,161,164,156,110,153]","[426000,440000,427000,451000,441000,420000,292000,431000]",164,3328000
12,82,8,"[126,140,148,173,163,165,124,171]","[334000,375000,425000,471000,434000,471000,335000,498000]",173,3343000
12,83,8,"[125,176,113,162,144,116,124,211]","[333000,494000,319000,451000,387000,325000,335000,614000]",211,3258000
12,84,8,"[142,211,193,124,108,98,164,128]","[376000,585000,572000,337000,285000,250000,472000,343000]",211,3220000
12,85,8,"[152,191,146,159,137,120,182,116]","[408000,553000,419000,425000,388000,330000,529000,288000]",191,3340000
12,86,8,"[149,159,150,148,130,117,131,181]","[398000,438000,429000,413000,347000,325000,373000,503000]",181,3226000
12,87,8,"[165,156,150,162,143,111,146,203]","[448000,438000,398000,456000,385000,313000,409000,568000]",203,3415000
12,88,8,"[182,156,149,162,164,131,130,150]","[476000,434000,427000,451000,439000,346000,347000,425000]",182,3345000
12,89,8,"[205,154,148,162,143,112,148,178]","[553000,434000,404000,456000,385000,318000,414000,490000]",205,3454000
12,90,8,"[154,222,146,120,231,122,182,108]","[403000,585000,422000,334000,606000,331000,529000,283000]",231,3493000
13,1,8,"[152,156,96,130,128,137,140,145]","[448000,426000,259000,358000,349000,381000,400000,422000]",156,3043000
13,2,8,"[151,158,138,110,130,112,140,145]","[437000,426000,384000,295000,349000,307000,400000,419000]",158,3017000
13,3,8,"[134,156,120,124,128,137,140,145]","[380000,426000,327000,328000,349000,381000,400000,422000]",156,3013000
13,4,8,"[130,137,149,137,146,129,139,143]","[380000,368000,418000,370000,440000,341000,398000,407000]",149,3122000
13,5,8,"[113,158,120,103,141,152,139,142]","[314000,442000,327000,274000,387000,433000,398000,407000]",158,2982000
13,6,8,"[150,137,149,137,148,127,139,143]","[438000,368000,418000,370000,426000,341000,398000,407000]",150,3166000
13,7,8,"[135,162,121,104,75,158,156,143]","[380000,442000,327000,282000,192000,461000,447000,412000]",162,2943000
13,8,8,"[131,162,122,103,75,161,156,143]","[382000,442000,333000,290000,192000,467000,447000,412000]",162,2965000
13,9,8,"[134,158,120,103,141,129,142,142]","[380000,442000,327000,274000,387000,357000,400000,407000]",158,2974000
13,10,8,"[151,137,151,135,110,137,139,143]","[446000,368000,422000,369000,328000,382000,398000,407000]",151,3120000
13,11,8,"[152,137,149,134,100,153,139,143]","[448000,368000,418000,367000,297000,414000,398000,407000]",153,3117000
13,12,8,"[152,137,149,135,147,109,139,143]","[448000,368000,418000,372000,440000,268000,398000,407000]",152,3119000
13,13,8,"[134,156,120,124,128,137,140,145]","[382000,426000,320000,341000,349000,381000,400000,422000]",156,3021000
13,14,8,"[130,171,176,99,75,99,139,151]","[380000,472000,496000,267000,192000,282000,398000,434000]",176,2921000
13,15,8,"[155,158,120,103,75,134,142,167]","[446000,442000,327000,277000,192000,391000,400000,472000]",167,2947000
13,16,8,"[130,180,176,99,75,99,139,143]","[380000,499000,496000,267000,192000,282000,398000,407000]",180,2921000
13,17,8,"[133,158,140,125,128,112,140,145]","[386000,426000,394000,337000,349000,307000,400000,419000]",158,3018000
13,18,8,"[110,162,147,103,75,157,156,143]","[314000,442000,399000,290000,192000,461000,447000,412000]",162,2957000
13,19,8,"[113,162,129,118,75,157,156,143]","[320000,442000,366000,338000,192000,461000,447000,412000]",162,2978000
13,20,8,"[135,138,150,138,148,148,140,144]","[381000,372000,418000,379000,426000,407000,400000,407000]",150,3190000
13,21,8,"[134,162,127,91,108,134,156,143]","[384000,442000,343000,247000,287000,391000,447000,412000]",162,2953000
13,22,8,"[155,180,120,103,75,134,139,143]","[446000,499000,327000,277000,192000,391000,398000,407000]",180,2937000
13,23,8,"[151,138,151,135,110,137,140,144]","[446000,372000,422000,369000,328000,382000,400000,407000]",151,3126000
13,24,8,"[131,158,122,100,129,152,139,142]","[378000,442000,326000,263000,351000,429000,398000,407000]",158,2994000
13,25,8,"[152,138,150,134,100,153,140,144]","[448000,372000,418000,367000,297000,414000,400000,407000]",153,3123000
13,26,8,"[135,162,107,121,75,158,156,143]","[380000,442000,284000,340000,192000,461000,447000,412000]",162,2958000
13,27,8,"[155,158,120,103,75,164,139,142]","[446000,442000,327000,277000,192000,466000,398000,407000]",164,2955000
13,28,8,"[113,158,107,120,141,152,139,142]","[316000,442000,282000,345000,387000,433000,398000,407000]",158,3010000
13,29,8,"[152,138,150,135,147,109,140,144]","[448000,372000,418000,372000,440000,268000,400000,407000]",152,3125000
13,30,8,"[110,162,134,117,75,157,156,143]","[314000,442000,361000,333000,192000,461000,447000,412000]",162,2962000
13,31,8,"[134,162,127,103,75,161,156,143]","[388000,442000,356000,290000,192000,457000,447000,412000]",162,2984000
13,32,8,"[133,180,140,104,75,134,139,143]","[384000,499000,388000,292000,192000,391000,398000,407000]",180,2951000
13,33,8,"[150,138,150,137,148,127,140,144]","[438000,372000,418000,370000,426000,341000,400000,407000]",150,3172000
13,34,8,"[133,133,150,124,146,145,141,144]","[380000,365000,418000,328000,440000,388000,400000,407000]",150,3126000
13,35,8,"[113,162,127,91,108,159,156,143]","[318000,442000,343000,247000,287000,461000,447000,412000]",162,2957000
13,36,8,"[134,159,120,103,141,158,141,116]","[380000,442000,327000,274000,387000,442000,398000,331000]",159,2981000
13,37,8,"[133,137,149,124,146,145,139,143]","[380000,368000,418000,328000,440000,388000,398000,407000]",149,3127000
13,38,8,"[134,156,133,114,128,137,140,145]","[380000,426000,365000,294000,349000,381000,400000,422000]",156,3017000
13,39,8,"[130,138,150,137,146,129,140,144]","[380000,372000,418000,370000,440000,341000,400000,407000]",150,3128000
13,40,8,"[153,162,127,78,108,134,156,143]","[434000,442000,343000,209000,287000,391000,447000,412000]",162,2965000
13,41,8,"[152,156,109,114,128,137,140,145]","[448000,426000,297000,310000,349000,381000,400000,422000]",156,3033000
13,42,8,"[139,138,189,137,86,196,140,146]","[390000,368000,506000,376000,253000,548000,398000,415000]",196,3254000
13,43,8,"[134,137,99,248,170,179,139,143]","[398000,374000,262000,690000,472000,502000,398000,407000]",248,3503000
13,44,8,"[129,141,153,201,194,135,178,147]","[378000,372000,428000,588000,546000,369000,518000,411000]",201,3610000
13,45,8,"[137,207,113,116,147,128,156,143]","[392000,556000,310000,324000,387000,363000,447000,412000]",207,3191000
13,46,8,"[134,158,120,103,141,129,187,113]","[380000,442000,327000,274000,387000,357000,523000,316000]",187,3006000
13,47,8,"[137,184,176,118,195,134,171,143]","[374000,486000,450000,308000,532000,365000,472000,412000]",195,3399000
13,48,8,"[157,158,101,96,99,162,164,142]","[454000,436000,273000,253000,257000,463000,475000,407000]",164,3018000
13,49,8,"[131,131,187,109,83,181,164,146]","[382000,346000,498000,314000,217000,497000,475000,415000]",187,3144000
13,50,8,"[1056,138,1054,1008,1040,167,266,144]","[3401000,372000,2705000,2343000,4759000,441000,730000,407000]",1056,15158000
13,51,8,"[131,138,187,117,75,170,140,146]","[382000,361000,500000,333000,192000,490000,398000,415000]",187,3071000
13,52,8,"[135,156,121,104,75,158,164,144]","[380000,432000,327000,282000,192000,461000,475000,407000]",164,2956000
13,53,8,"[131,141,153,138,81,161,178,148]","[382000,372000,418000,383000,216000,433000,521000,409000]",178,3134000
13,54,8,"[137,140,175,105,75,159,170,165]","[408000,385000,461000,285000,192000,461000,480000,459000]",175,3131000
13,55,8,"[134,139,149,121,196,149,187,113]","[376000,372000,418000,326000,532000,412000,527000,316000]",196,3279000
13,56,8,"[137,143,182,104,84,186,185,141]","[413000,403000,474000,295000,231000,507000,521000,387000]",186,3231000
13,57,8,"[113,140,179,105,99,159,164,146]","[332000,385000,470000,295000,257000,461000,475000,415000]",179,3090000
13,58,8,"[155,180,99,133,129,122,156,142]","[429000,483000,260000,374000,351000,354000,447000,407000]",180,3105000
13,59,8,"[136,162,137,145,75,157,156,143]","[400000,442000,385000,428000,192000,461000,447000,412000]",162,3167000
13,60,8,"[129,163,214,154,80,182,167,150]","[378000,480000,578000,392000,208000,499000,477000,447000]",214,3459000
13,61,8,"[110,157,122,124,100,178,164,146]","[316000,450000,333000,341000,250000,503000,475000,427000]",178,3095000
13,62,8,"[149,212,80,107,141,124,157,145]","[421000,574000,210000,293000,387000,358000,447000,413000]",212,3103000
13,63,8,"[136,137,210,200,153,135,139,144]","[402000,373000,567000,578000,429000,381000,398000,411000]",210,3539000
13,64,8,"[117,177,191,105,96,181,157,146]","[347000,468000,518000,290000,264000,497000,449000,415000]",191,3248000
13,65,8,"[113,162,120,103,141,122,156,143]","[314000,442000,327000,274000,387000,358000,447000,412000]",162,2961000
13,66,8,"[153,156,161,123,128,137,140,145]","[448000,426000,403000,333000,349000,391000,400000,389000]",161,3139000
13,67,8,"[151,159,138,110,130,110,170,116]","[437000,426000,384000,295000,349000,307000,489000,331000]",170,3018000
13,68,8,"[140,156,120,125,128,157,140,145]","[404000,426000,322000,333000,349000,434000,400000,422000]",157,3090000
13,69,8,"[136,137,149,156,145,129,139,143]","[386000,368000,418000,401000,440000,351000,398000,407000]",156,3169000
13,70,8,"[113,157,120,103,141,158,140,145]","[314000,428000,327000,274000,387000,457000,400000,422000]",158,3009000
13,71,8,"[156,137,164,135,99,125,139,243]","[440000,368000,460000,361000,280000,327000,398000,672000]",243,3306000
13,72,8,"[138,162,124,96,75,184,156,143]","[386000,442000,347000,261000,192000,536000,447000,412000]",184,3023000
13,73,8,"[122,162,121,103,134,166,156,143]","[367000,442000,325000,285000,344000,503000,447000,412000]",166,3125000
13,74,8,"[134,135,120,103,215,133,139,143]","[380000,369000,327000,274000,558000,367000,398000,407000]",215,3080000
13,75,8,"[151,196,151,135,110,137,106,142]","[446000,529000,422000,369000,328000,382000,290000,407000]",196,3173000
13,76,8,"[152,137,206,134,55,153,139,143]","[448000,368000,574000,367000,167000,414000,398000,407000]",206,3143000
13,77,8,"[175,171,139,139,146,105,141,146]","[559000,498000,398000,372000,442000,272000,398000,411000]",175,3350000
13,78,8,"[174,180,120,122,128,135,143,144]","[467000,471000,318000,331000,349000,381000,398000,407000]",180,3122000
13,79,8,"[130,171,176,120,62,99,139,151]","[380000,472000,496000,321000,154000,282000,398000,434000]",176,2937000
13,80,8,"[152,158,138,103,75,130,139,171]","[446000,442000,372000,290000,192000,374000,398000,476000]",171,2990000
13,81,8,"[130,179,176,99,75,99,106,195]","[380000,499000,496000,267000,192000,282000,290000,555000]",195,2961000
13,82,8,"[135,156,142,127,115,110,140,192]","[386000,426000,404000,337000,311000,307000,400000,519000]",192,3090000
13,83,8,"[167,160,153,101,75,162,156,145]","[463000,417000,414000,270000,192000,471000,447000,413000]",167,3087000
13,84,8,"[113,164,129,118,170,157,158,142]","[320000,409000,363000,338000,418000,461000,447000,407000]",170,3163000
13,85,8,"[197,138,149,138,148,148,140,110]","[541000,372000,418000,379000,426000,407000,400000,303000]",197,3246000
13,86,8,"[134,158,127,91,108,177,139,142]","[384000,442000,343000,247000,287000,492000,398000,407000]",177,3000000
13,87,8,"[155,181,120,103,75,143,140,144]","[446000,499000,327000,277000,192000,409000,400000,409000]",181,2959000
13,88,8,"[151,138,151,158,110,129,140,144]","[446000,372000,422000,421000,328000,366000,400000,407000]",158,3162000
13,89,8,"[131,133,122,153,129,152,139,142]","[378000,365000,326000,396000,351000,429000,398000,407000]",153,3050000
13,90,8,"[130,138,170,138,101,150,140,144]","[380000,372000,484000,384000,301000,408000,400000,407000]",170,3136000
14,1,8,"[152,149,180,176,158,139,145,134]","[415000,430000,507000,493000,421000,381000,428000,362000]",180,3437000
14,2,8,"[185,101,180,160,178,110,163,135]","[520000,283000,507000,440000,471000,292000,476000,365000]",185,3354000
14,3,8,"[121,116,184,179,184,153,145,149]","[338000,322000,515000,498000,497000,406000,428000,412000]",184,3416000
14,4,8,"[224,120,210,178,154,101,163,64]","[635000,332000,595000,466000,406000,257000,476000,161000]",224,3328000
14,5,8,"[185,123,213,160,153,79,164,132]","[521000,332000,604000,440000,398000,200000,476000,360000]",213,3331000
14,6,8,"[228,133,209,178,144,101,163,51]","[652000,370000,595000,466000,374000,257000,476000,123000]",228,3313000
14,7,8,"[185,123,180,160,174,92,164,132]","[521000,332000,507000,440000,464000,238000,476000,360000]",185,3338000
14,8,8,"[227,117,213,178,150,78,165,77]","[650000,327000,609000,470000,388000,201000,478000,199000]",227,3322000
14,9,8,"[232,117,209,167,146,78,164,77]","[669000,327000,595000,457000,374000,201000,476000,199000]",232,3298000
14,10,8,"[195,120,209,180,182,101,163,64]","[544000,332000,595000,466000,492000,257000,476000,161000]",209,3323000
14,11,8,"[195,120,207,178,186,101,163,64]","[544000,332000,588000,466000,499000,257000,476000,161000]",207,3323000
14,12,8,"[224,133,210,178,154,101,163,51]","[635000,370000,595000,466000,406000,257000,476000,123000]",224,3328000
14,13,8,"[158,121,181,177,184,113,146,145]","[443000,341000,507000,495000,497000,304000,433000,396000]",184,3416000
14,14,8,"[228,118,211,175,155,78,166,77]","[650000,327000,595000,464000,401000,201000,480000,199000]",228,3317000
14,15,8,"[136,117,183,178,184,137,145,147]","[364000,322000,522000,498000,497000,374000,428000,402000]",184,3407000
14,16,8,"[227,117,211,178,155,78,165,77]","[650000,327000,595000,470000,401000,201000,478000,199000]",227,3321000
14,17,8,"[154,124,182,177,184,140,145,125]","[425000,343000,511000,497000,497000,376000,428000,337000]",184,3414000
14,18,8,"[185,104,180,160,179,110,164,137]","[517000,298000,507000,440000,474000,292000,476000,369000]",185,3373000
14,19,8,"[185,109,213,160,155,92,164,131]","[521000,293000,604000,440000,421000,238000,476000,358000]",213,3351000
14,20,8,"[228,120,209,178,144,101,163,64]","[652000,332000,595000,466000,374000,257000,476000,161000]",228,3313000
14,21,8,"[230,117,211,163,146,78,164,82]","[652000,327000,593000,455000,374000,201000,476000,211000]",230,3289000
14,22,8,"[230,118,210,163,144,101,163,69]","[652000,322000,591000,455000,374000,257000,476000,173000]",230,3300000
14,23,8,"[230,118,210,163,144,98,163,69]","[652000,322000,591000,455000,384000,249000,476000,173000]",230,3302000
14,24,8,"[185,127,213,160,138,92,164,131]","[521000,349000,604000,440000,360000,238000,476000,358000]",213,3346000
14,25,8,"[152,148,180,176,171,130,145,134]","[415000,425000,507000,493000,459000,368000,428000,362000]",180,3457000
14,26,8,"[152,148,180,176,184,112,145,134]","[415000,425000,507000,493000,497000,296000,428000,362000]",184,3423000
14,27,8,"[193,118,210,160,140,97,164,138]","[521000,335000,598000,440000,360000,247000,454000,380000]",210,3335000
14,28,8,"[153,101,181,176,184,143,145,147]","[423000,278000,509000,498000,497000,388000,428000,400000]",184,3421000
14,29,8,"[183,118,214,165,140,97,159,136]","[504000,335000,607000,451000,360000,247000,454000,386000]",214,3344000
14,30,8,"[154,117,182,177,184,129,145,147]","[410000,327000,511000,493000,497000,363000,428000,392000]",184,3421000
14,31,8,"[185,123,179,160,177,92,164,132]","[521000,332000,500000,440000,473000,238000,476000,360000]",185,3340000
14,32,8,"[149,101,251,115,144,127,167,144]","[415000,278000,712000,310000,368000,345000,476000,392000]",251,3296000
14,33,8,"[154,117,182,177,184,116,145,158]","[410000,327000,511000,493000,497000,325000,428000,430000]",184,3421000
14,34,8,"[230,131,210,163,144,101,163,56]","[652000,360000,591000,455000,374000,257000,476000,135000]",230,3300000
14,35,8,"[185,123,180,160,174,94,163,132]","[521000,334000,507000,440000,465000,248000,476000,360000]",185,3351000
14,36,8,"[233,140,210,160,140,82,165,69]","[658000,389000,591000,440000,373000,196000,476000,173000]",233,3296000
14,37,8,"[154,136,184,179,184,114,145,134]","[430000,383000,521000,498000,497000,292000,428000,373000]",184,3422000
14,38,8,"[228,105,212,175,156,107,167,64]","[650000,283000,597000,464000,407000,280000,476000,161000]",228,3318000
14,39,8,"[226,120,209,178,153,101,164,64]","[642000,332000,588000,466000,401000,257000,478000,161000]",226,3325000
14,40,8,"[229,117,213,178,147,78,167,77]","[657000,327000,609000,470000,379000,201000,482000,199000]",229,3324000
14,41,8,"[175,221,160,229,195,184,213,174]","[494000,564000,434000,605000,546000,491000,588000,498000]",229,4220000
14,42,8,"[205,220,221,154,184,126,214,211]","[640000,617000,594000,431000,497000,347000,581000,632000]",221,4339000
14,43,8,"[199,143,244,179,109,128,210,146]","[557000,403000,671000,490000,317000,364000,582000,436000]",244,3820000
14,44,8,"[219,150,180,161,237,167,178,136]","[612000,498000,507000,445000,735000,562000,467000,364000]",237,4190000
14,45,8,"[195,200,141,231,165,188,180,129]","[546000,520000,368000,609000,435000,459000,492000,333000]",231,3762000
14,46,8,"[208,130,223,154,188,129,222,126]","[560000,344000,614000,423000,504000,338000,562000,339000]",223,3684000
14,47,8,"[196,136,219,175,157,101,218,130]","[539000,355000,594000,470000,398000,264000,616000,365000]",219,3601000
14,48,8,"[231,134,177,220,145,163,184,125]","[663000,396000,483000,587000,371000,428000,506000,341000]",231,3775000
14,49,8,"[194,127,158,228,128,141,216,131]","[534000,356000,432000,597000,342000,373000,603000,370000]",228,3607000
14,50,8,"[196,202,120,217,176,182,139,153]","[549000,524000,321000,623000,466000,443000,366000,417000]",217,3709000
14,51,8,"[208,130,183,163,191,115,202,150]","[554000,366000,509000,449000,511000,316000,566000,419000]",208,3690000
14,52,8,"[158,121,181,178,184,113,189,132]","[443000,341000,507000,500000,497000,304000,531000,358000]",189,3481000
14,53,8,"[218,269,246,230,181,96,211,128]","[600000,741000,703000,635000,452000,255000,581000,327000]",269,4294000
14,54,8,"[265,192,215,167,151,214,180,219]","[789000,489000,618000,448000,389000,551000,489000,660000]",265,4433000
14,55,8,"[248,261,259,162,124,150,260,222]","[754000,726000,779000,438000,326000,378000,718000,675000]",261,4794000
14,56,8,"[217,215,239,216,201,121,205,189]","[632000,569000,641000,603000,514000,334000,600000,594000]",239,4487000
14,57,8,"[215,236,266,143,162,107,217,242]","[606000,652000,755000,364000,393000,280000,622000,704000]",266,4376000
14,58,8,"[161,199,156,229,179,150,213,132]","[444000,518000,430000,605000,474000,380000,588000,381000]",229,3820000
14,59,8,"[150,196,184,160,131,167,220,130]","[402000,506000,515000,440000,364000,421000,611000,354000]",220,3613000
14,60,8,"[214,246,275,142,260,165,174,248]","[579000,682000,760000,391000,689000,456000,546000,700000]",275,4803000
14,61,8,"[192,170,165,230,128,184,212,130]","[542000,450000,423000,601000,346000,479000,586000,371000]",230,3798000
14,62,8,"[230,118,213,175,147,78,166,77]","[657000,327000,609000,464000,379000,201000,480000,199000]",230,3316000
14,63,8,"[223,257,238,219,183,200,182,215]","[638000,817000,634000,623000,477000,479000,489000,592000]",257,4749000
14,64,8,"[157,210,121,184,154,128,135,168]","[448000,561000,334000,512000,408000,347000,363000,478000]",210,3451000
14,65,8,"[263,142,219,152,186,114,199,177]","[751000,380000,594000,427000,504000,289000,557000,508000]",263,4010000
14,66,8,"[135,145,187,176,160,149,145,161]","[360000,410000,532000,493000,431000,419000,428000,413000]",187,3486000
14,67,8,"[156,101,219,160,178,110,163,135]","[432000,283000,627000,440000,471000,292000,476000,365000]",219,3386000
14,68,8,"[135,116,187,176,174,150,145,147]","[360000,322000,532000,493000,474000,412000,428000,402000]",187,3423000
14,69,8,"[231,144,205,175,154,101,163,71]","[641000,392000,572000,464000,401000,257000,476000,199000]",231,3402000
14,70,8,"[184,126,212,203,154,79,166,130]","[521000,349000,604000,514000,400000,200000,476000,358000]",212,3422000
14,71,8,"[233,120,209,180,149,97,167,98]","[673000,341000,591000,477000,390000,257000,476000,229000]",233,3434000
14,72,8,"[181,126,202,160,174,92,164,130]","[495000,349000,578000,432000,461000,238000,476000,358000]",202,3387000
14,73,8,"[231,120,211,179,149,78,163,150]","[647000,342000,605000,472000,383000,201000,445000,378000]",231,3473000
14,74,8,"[232,164,208,167,460,335,179,129]","[671000,398000,591000,457000,999000,708000,496000,298000]",460,4618000
14,75,8,"[197,118,209,112,182,101,163,127]","[544000,322000,593000,308000,492000,257000,476000,325000]",209,3317000
14,76,8,"[195,120,207,178,148,205,164,64]","[544000,332000,588000,466000,388000,505000,478000,161000]",207,3462000
14,77,8,"[228,133,212,178,168,109,163,72]","[660000,370000,613000,466000,447000,312000,476000,169000]",228,3513000
14,78,8,"[158,126,181,176,184,116,145,153]","[445000,344000,507000,493000,497000,301000,428000,408000]",184,3423000
14,79,8,"[193,119,214,177,164,85,212,83]","[542000,326000,601000,468000,428000,222000,623000,229000]",214,3439000
14,80,8,"[136,117,183,178,171,138,206,150]","[364000,322000,522000,498000,459000,379000,569000,408000]",206,3521000
14,81,8,"[233,127,209,177,149,82,165,77]","[662000,351000,595000,464000,397000,196000,476000,199000]",233,3340000
14,82,8,"[154,124,166,177,221,140,146,125]","[425000,343000,473000,497000,582000,376000,433000,337000]",221,3466000
14,83,8,"[185,101,180,160,185,118,173,132]","[517000,280000,507000,432000,478000,332000,496000,369000]",185,3411000
14,84,8,"[189,109,217,160,155,92,166,131]","[541000,293000,614000,440000,421000,238000,476000,358000]",217,3381000
14,85,8,"[232,126,209,187,171,99,163,64]","[666000,338000,595000,472000,447000,254000,476000,161000]",232,3409000
14,86,8,"[190,116,218,160,150,85,216,84]","[528000,320000,605000,440000,386000,222000,623000,218000]",218,3342000
14,87,8,"[242,114,212,160,159,128,176,72]","[673000,318000,601000,440000,407000,328000,490000,188000]",242,3445000
14,88,8,"[235,157,214,160,151,95,165,69]","[656000,427000,597000,440000,416000,271000,476000,170000]",235,3453000
14,89,8,"[184,126,212,167,141,92,164,130]","[521000,347000,604000,446000,366000,238000,476000,358000]",212,3356000
14,90,8,"[152,148,180,175,212,130,100,134]","[415000,425000,507000,493000,586000,368000,293000,362000]",212,3449000
15,1,8,"[106,128,103,84,168,123,177,175]","[272000,363000,277000,203000,465000,354000,472000,497000]",177,2903000
15,2,8,"[124,132,159,149,155,156,148,129]","[347000,365000,434000,389000,411000,412000,407000,369000]",159,3134000
15,3,8,"[142,125,136,132,174,141,99,134]","[395000,346000,376000,342000,464000,385000,249000,385000]",174,2942000
15,4,8,"[92,92,113,145,138,154,176,174]","[259000,243000,303000,360000,369000,428000,464000,493000]",176,2919000
15,5,8,"[72,79,131,93,168,178,144,163]","[190000,215000,337000,243000,455000,518000,368000,473000]",178,2799000
15,6,8,"[100,112,147,139,167,170,91,145]","[257000,320000,411000,368000,454000,475000,241000,428000]",170,2954000
15,7,8,"[97,92,108,137,136,158,173,174]","[264000,243000,278000,373000,365000,445000,462000,493000]",174,2923000
15,8,8,"[99,111,135,83,176,169,98,175]","[252000,318000,371000,220000,480000,470000,259000,499000]",176,2869000
15,9,8,"[142,125,136,132,154,140,99,164]","[395000,346000,376000,342000,412000,385000,249000,460000]",164,2965000
15,10,8,"[151,99,144,109,182,140,86,164]","[392000,288000,405000,296000,495000,385000,223000,460000]",182,2944000
15,11,8,"[139,123,159,151,155,152,127,133]","[395000,346000,444000,404000,411000,404000,316000,373000]",159,3093000
15,12,8,"[97,92,108,172,165,158,173,121]","[264000,243000,278000,466000,450000,445000,462000,335000]",173,2943000
15,13,8,"[72,79,131,93,193,178,144,128]","[190000,215000,337000,243000,538000,518000,368000,376000]",193,2785000
15,14,8,"[105,105,102,83,168,158,174,175]","[267000,280000,272000,203000,465000,445000,468000,497000]",175,2897000
15,15,8,"[100,112,147,140,176,169,91,143]","[257000,320000,411000,368000,469000,470000,241000,424000]",176,2960000
15,16,8,"[105,105,102,130,138,158,174,174]","[267000,280000,272000,324000,365000,445000,468000,493000]",174,2914000
15,17,8,"[97,92,108,90,168,158,173,175]","[264000,243000,278000,252000,465000,445000,462000,497000]",175,2906000
15,18,8,"[72,79,131,93,167,121,142,218]","[190000,215000,337000,243000,454000,350000,364000,637000]",218,2790000
15,19,8,"[142,144,159,155,155,155,123,129]","[395000,400000,444000,412000,411000,410000,305000,369000]",159,3146000
15,20,8,"[76,108,115,89,190,158,173,125]","[198000,297000,320000,243000,533000,445000,462000,370000]",190,2868000
15,21,8,"[84,106,105,88,168,160,177,175]","[231000,293000,280000,223000,465000,449000,470000,497000]",177,2908000
15,22,8,"[151,99,145,96,182,140,99,164]","[392000,288000,405000,258000,495000,385000,261000,460000]",182,2944000
15,23,8,"[100,112,147,139,151,169,91,173]","[257000,320000,411000,368000,407000,470000,241000,499000]",173,2973000
15,24,8,"[142,125,136,132,154,165,86,164]","[395000,346000,376000,342000,412000,447000,211000,460000]",165,2989000
15,25,8,"[99,111,138,68,176,169,112,175]","[252000,318000,386000,178000,480000,470000,297000,499000]",176,2880000
15,26,8,"[109,111,137,146,178,171,91,146]","[317000,298000,373000,385000,473000,470000,216000,430000]",178,2962000
15,27,8,"[142,125,136,132,174,166,86,134]","[395000,346000,376000,342000,464000,447000,211000,385000]",174,2966000
15,28,8,"[113,118,91,117,168,121,172,175]","[283000,326000,241000,327000,465000,350000,467000,497000]",175,2956000
15,29,8,"[105,105,102,83,190,158,174,125]","[267000,280000,272000,203000,533000,445000,468000,370000]",190,2838000
15,30,8,"[100,112,147,139,150,170,91,173]","[257000,320000,411000,368000,405000,475000,241000,499000]",173,2976000
15,31,8,"[131,110,102,86,168,122,176,175]","[348000,302000,282000,210000,465000,352000,466000,497000]",176,2922000
15,32,8,"[144,128,134,132,154,159,86,164]","[405000,351000,376000,345000,412000,435000,206000,460000]",164,2990000
15,33,8,"[119,95,115,150,136,121,171,175]","[332000,256000,290000,408000,365000,350000,462000,495000]",175,2958000
15,34,8,"[71,106,108,105,218,121,140,168]","[193000,293000,285000,276000,611000,350000,369000,479000]",218,2856000
15,35,8,"[71,106,105,101,168,160,177,175]","[193000,293000,280000,261000,465000,449000,470000,497000]",177,2908000
15,36,8,"[98,82,101,106,168,178,146,163]","[257000,210000,277000,265000,455000,518000,370000,473000]",178,2825000
15,37,8,"[125,92,122,145,139,121,175,174]","[372000,243000,358000,373000,371000,350000,482000,493000]",175,3042000
15,38,8,"[139,123,159,151,155,152,167,100]","[395000,346000,444000,404000,411000,404000,429000,278000]",167,3111000
15,39,8,"[72,85,120,107,168,178,144,163]","[193000,215000,345000,270000,455000,518000,370000,473000]",178,2839000
15,40,8,"[99,111,138,89,176,172,99,175]","[254000,318000,393000,230000,480000,476000,253000,499000]",176,2903000
15,41,8,"[84,106,105,135,136,160,177,174]","[231000,293000,280000,344000,365000,449000,470000,493000]",177,2925000
15,42,8,"[113,118,107,88,167,156,121,177]","[315000,335000,300000,253000,463000,422000,320000,524000]",177,2932000
15,43,8,"[117,150,172,182,154,169,149,143]","[325000,419000,552000,537000,413000,470000,452000,424000]",182,3592000
15,44,8,"[1069,1038,1022,1040,214,202,1127,172]","[5036000,2328000,2527000,2419000,581000,554000,3379000,491000]",1127,17315000
15,45,8,"[111,162,111,137,146,171,95,143]","[292000,456000,289000,364000,392000,474000,268000,424000]",171,2959000
15,46,8,"[100,112,147,139,123,181,125,215]","[257000,320000,411000,365000,324000,488000,327000,592000]",215,3084000
15,47,8,"[117,82,131,170,155,170,104,173]","[339000,213000,359000,466000,414000,474000,268000,508000]",173,3041000
15,48,8,"[87,100,188,104,176,169,88,175]","[219000,287000,508000,283000,480000,470000,236000,499000]",188,2982000
15,49,8,"[142,125,136,86,143,186,99,166]","[395000,346000,376000,223000,390000,503000,249000,473000]",186,2955000
15,50,8,"[151,99,145,96,182,165,86,164]","[392000,288000,405000,258000,495000,447000,223000,460000]",182,2968000
15,51,8,"[97,92,109,91,174,203,139,168]","[264000,243000,278000,252000,481000,559000,364000,479000]",203,2920000
15,52,8,"[123,89,123,164,172,126,192,127]","[321000,238000,321000,444000,456000,345000,510000,374000]",192,3009000
15,53,8,"[99,87,93,84,187,202,144,175]","[252000,231000,237000,210000,497000,554000,373000,519000]",202,2873000
15,54,8,"[144,99,185,123,166,186,87,187]","[405000,268000,480000,328000,451000,503000,223000,497000]",187,3155000
15,55,8,"[96,90,109,104,168,158,173,175]","[269000,255000,309000,282000,465000,445000,462000,497000]",175,2984000
15,56,8,"[1276,1270,278,1248,155,168,295,129]","[3816000,5936000,769000,3441000,414000,474000,785000,369000]",1276,16004000
15,57,8,"[124,113,119,151,139,179,149,128]","[342000,291000,299000,420000,365000,523000,390000,376000]",179,3006000
15,58,8,"[136,118,132,145,142,195,181,132]","[412000,327000,367000,398000,362000,531000,480000,384000]",195,3261000
15,59,8,"[95,106,80,97,168,202,176,172]","[257000,290000,201000,255000,429000,554000,466000,491000]",202,2943000
15,60,8,"[99,111,140,145,199,153,165,131]","[254000,318000,391000,381000,540000,414000,432000,364000]",199,3094000
15,61,8,"[100,112,147,139,150,156,91,173]","[257000,320000,411000,368000,405000,453000,241000,499000]",173,2954000
15,62,8,"[87,100,188,104,182,169,88,176]","[219000,287000,508000,283000,496000,470000,236000,501000]",188,3000000
15,63,8,"[103,106,99,86,168,202,176,172]","[272000,293000,267000,223000,420000,554000,468000,491000]",202,2988000
15,64,8,"[144,127,128,128,166,186,90,190]","[405000,351000,343000,345000,451000,503000,226000,503000]",190,3127000
15,65,8,"[98,98,104,83,168,158,174,175]","[261000,254000,297000,213000,465000,445000,462000,497000]",175,2894000
15,66,8,"[122,152,119,81,168,121,172,175]","[321000,448000,333000,202000,465000,350000,467000,497000]",175,3083000
15,67,8,"[120,130,173,161,155,154,142,129]","[327000,371000,459000,424000,411000,404000,362000,369000]",173,3127000
15,68,8,"[148,102,149,140,172,141,136,133]","[425000,272000,437000,368000,464000,385000,368000,383000]",172,3102000
15,69,8,"[92,92,113,142,124,154,176,197]","[259000,243000,303000,355000,335000,428000,464000,558000]",197,2945000
15,70,8,"[72,119,129,93,169,178,145,181]","[190000,310000,334000,243000,460000,518000,370000,485000]",181,2910000
15,71,8,"[100,112,147,139,167,170,91,157]","[257000,320000,411000,368000,454000,475000,241000,452000]",170,2978000
15,72,8,"[144,104,115,140,138,161,172,175]","[439000,313000,310000,368000,369000,460000,467000,493000]",175,3219000
15,73,8,"[109,111,135,81,176,171,102,175]","[317000,298000,371000,202000,480000,470000,254000,499000]",176,2891000
15,74,8,"[144,128,134,135,167,140,138,169]","[405000,351000,376000,357000,424000,385000,347000,468000]",169,3113000
15,75,8,"[143,104,145,116,182,140,86,164]","[383000,289000,405000,322000,495000,385000,221000,460000]",182,2960000
15,76,8,"[167,127,160,151,155,158,127,129]","[457000,354000,449000,404000,411000,405000,316000,369000]",167,3165000
15,77,8,"[144,104,115,173,165,161,172,121]","[439000,313000,310000,461000,450000,460000,467000,335000]",173,3235000
15,78,8,"[72,79,131,93,193,181,145,141]","[190000,215000,337000,243000,528000,533000,370000,405000]",193,2821000
15,79,8,"[105,105,102,83,166,158,174,176]","[267000,280000,272000,203000,452000,445000,468000,502000]",176,2889000
15,80,8,"[100,114,147,141,176,170,89,143]","[270000,333000,411000,374000,469000,468000,230000,424000]",176,2979000
15,81,8,"[105,154,102,135,172,158,174,173]","[267000,381000,272000,337000,434000,445000,468000,493000]",174,3097000
15,82,8,"[108,115,118,93,168,121,173,175]","[329000,320000,314000,263000,465000,350000,462000,497000]",175,3000000
15,83,8,"[72,79,131,93,188,125,142,175]","[190000,215000,337000,243000,523000,358000,364000,524000]",188,2754000
15,84,8,"[142,144,159,130,181,154,123,129]","[395000,400000,444000,335000,493000,408000,305000,369000]",181,3149000
15,85,8,"[102,108,118,86,190,162,152,125]","[306000,297000,330000,208000,533000,453000,403000,370000]",190,2900000
15,86,8,"[99,105,103,90,168,153,174,175]","[286000,287000,277000,225000,465000,426000,468000,497000]",175,2931000
15,87,8,"[151,99,145,96,171,141,99,173]","[392000,288000,405000,258000,462000,385000,261000,490000]",173,2941000
15,88,8,"[111,135,154,132,151,171,86,174]","[313000,387000,460000,345000,407000,474000,216000,499000]",174,3101000
15,89,8,"[82,126,195,132,154,165,86,164]","[230000,351000,540000,342000,412000,447000,211000,460000]",195,2993000
15,90,8,"[104,135,138,69,176,169,99,175]","[307000,364000,396000,178000,480000,470000,249000,499000]",176,2943000
16,1,8,"[85,155,164,152,175,143,146,125]","[228000,419000,460000,449000,503000,394000,419000,338000]",175,3210000
16,2,8,"[138,166,159,153,173,168,151,175]","[396000,440000,423000,453000,472000,462000,427000,472000]",175,3545000
16,3,8,"[85,133,178,148,175,143,148,125]","[228000,377000,494000,433000,503000,394000,417000,340000]",178,3186000
16,4,8,"[143,113,164,163,169,166,164,160]","[418000,307000,449000,471000,482000,437000,472000,433000]",169,3469000
16,5,8,"[110,128,167,170,169,142,170,170]","[316000,352000,459000,498000,482000,383000,482000,453000]",170,3425000
16,6,8,"[85,171,145,146,177,143,146,125]","[228000,483000,399000,433000,507000,394000,417000,340000]",177,3201000
16,7,8,"[97,152,182,151,173,127,144,125]","[266000,417000,502000,449000,490000,347000,417000,338000]",182,3226000
16,8,8,"[85,130,178,154,175,143,145,125]","[228000,358000,509000,455000,503000,394000,419000,338000]",178,3204000
16,9,8,"[110,128,172,167,161,142,162,170]","[316000,352000,476000,488000,454000,383000,474000,453000]",172,3396000
16,10,8,"[97,129,181,151,175,127,144,125]","[266000,356000,506000,449000,503000,347000,417000,338000]",181,3182000
16,11,8,"[110,128,169,166,171,142,163,170]","[316000,352000,459000,488000,482000,383000,472000,453000]",171,3405000
16,12,8,"[143,113,173,164,164,166,162,160]","[418000,307000,478000,473000,456000,437000,474000,433000]",173,3476000
16,13,8,"[85,153,167,151,175,143,142,125]","[228000,422000,473000,449000,503000,394000,413000,338000]",175,3220000
16,14,8,"[97,134,180,146,175,127,146,125]","[266000,377000,501000,433000,503000,347000,417000,340000]",180,3184000
16,15,8,"[83,152,182,151,173,148,144,125]","[226000,417000,502000,449000,490000,401000,417000,338000]",182,3240000
16,16,8,"[129,133,178,148,175,109,148,125]","[357000,377000,494000,433000,503000,296000,417000,340000]",178,3217000
16,17,8,"[129,130,178,154,175,109,145,125]","[357000,358000,509000,455000,503000,296000,419000,338000]",178,3235000
16,18,8,"[138,110,172,167,161,148,162,157]","[396000,301000,476000,488000,454000,400000,474000,418000]",172,3407000
16,19,8,"[105,133,178,148,175,135,148,125]","[287000,377000,494000,433000,503000,363000,417000,340000]",178,3214000
16,20,8,"[138,110,167,170,169,148,170,157]","[396000,301000,459000,498000,482000,400000,482000,418000]",170,3436000
16,21,8,"[83,134,180,146,175,148,146,125]","[226000,377000,501000,433000,503000,401000,417000,340000]",180,3198000
16,22,8,"[142,128,173,164,164,163,162,152]","[402000,358000,478000,473000,456000,440000,474000,425000]",173,3506000
16,23,8,"[146,167,166,155,177,168,144,168]","[421000,440000,459000,447000,477000,456000,417000,453000]",177,3570000
16,24,8,"[97,168,182,111,175,127,145,125]","[266000,489000,506000,318000,503000,347000,417000,338000]",182,3184000
16,25,8,"[156,113,173,164,164,166,162,151]","[456000,307000,478000,473000,456000,437000,474000,415000]",173,3496000
16,26,8,"[143,113,165,163,169,166,168,160]","[418000,307000,449000,471000,482000,437000,482000,433000]",169,3479000
16,27,8,"[149,97,164,157,169,148,173,157]","[430000,263000,444000,456000,482000,400000,505000,418000]",173,3398000
16,28,8,"[83,129,181,151,175,148,144,125]","[226000,356000,506000,449000,503000,401000,417000,338000]",181,3196000
16,29,8,"[138,166,158,153,173,168,165,175]","[396000,440000,423000,453000,472000,462000,455000,472000]",175,3573000
16,30,8,"[138,110,169,166,171,148,163,157]","[396000,301000,459000,488000,482000,400000,472000,418000]",171,3416000
16,31,8,"[83,155,164,152,175,148,146,125]","[226000,419000,460000,449000,503000,401000,419000,338000]",175,3215000
16,32,8,"[151,110,172,167,161,148,162,144]","[434000,301000,476000,488000,454000,400000,474000,380000]",172,3407000
16,33,8,"[85,167,156,151,175,143,144,125]","[228000,458000,442000,449000,503000,394000,417000,338000]",175,3229000
16,34,8,"[83,97,210,151,175,148,144,125]","[226000,265000,591000,449000,503000,401000,417000,338000]",210,3190000
16,35,8,"[105,171,145,146,177,135,146,125]","[287000,483000,399000,433000,507000,363000,417000,340000]",177,3229000
16,36,8,"[171,113,169,166,171,124,163,157]","[492000,307000,459000,488000,482000,318000,472000,416000]",171,3434000
16,37,8,"[91,134,180,146,175,144,146,125]","[249000,377000,501000,433000,503000,384000,417000,340000]",180,3204000
16,38,8,"[97,178,180,110,175,127,145,127]","[266000,509000,501000,316000,503000,347000,417000,350000]",180,3209000
16,39,8,"[112,132,169,166,171,144,163,171]","[326000,357000,459000,488000,482000,390000,472000,461000]",171,3435000
16,40,8,"[85,176,154,146,176,143,146,125]","[228000,493000,414000,433000,505000,394000,417000,340000]",176,3224000
16,41,8,"[287,166,203,228,247,215,124,308]","[938000,449000,550000,646000,707000,595000,316000,973000]",308,5174000
16,42,8,"[257,201,311,191,199,132,144,277]","[832000,643000,898000,556000,525000,356000,417000,804000]",311,5031000
16,43,8,"[302,217,199,157,209,156,122,305]","[1031000,723000,550000,446000,562000,420000,346000,947000]",305,5025000
16,44,8,"[85,150,280,216,174,274,190,361]","[226000,417000,821000,653000,477000,814000,521000,1145000]",361,5074000
16,45,8,"[132,128,206,163,171,163,166,168]","[369000,358000,561000,473000,482000,440000,482000,478000]",206,3643000
16,46,8,"[294,207,179,163,221,196,145,124]","[996000,678000,486000,459000,610000,536000,419000,338000]",294,4522000
16,47,8,"[129,130,180,169,218,219,155,173]","[364000,362000,464000,461000,612000,594000,413000,465000]",219,3735000
16,48,8,"[137,158,199,157,209,120,146,124]","[370000,421000,550000,446000,562000,318000,419000,338000]",209,3424000
16,49,8,"[158,108,252,157,202,123,148,125]","[432000,279000,664000,446000,533000,330000,422000,343000]",252,3449000
16,50,8,"[97,168,182,163,205,103,146,125]","[264000,489000,514000,458000,554000,275000,419000,338000]",205,3311000
16,51,8,"[146,166,165,200,200,185,154,169]","[436000,440000,451000,581000,535000,482000,413000,443000]",200,3781000
16,52,8,"[133,75,169,216,221,221,128,156]","[394000,207000,479000,573000,622000,625000,370000,430000]",221,3700000
16,53,8,"[146,157,207,231,199,184,136,154]","[436000,423000,557000,646000,506000,491000,355000,401000]",231,3815000
16,54,8,"[132,130,196,206,173,168,149,187]","[369000,362000,511000,574000,472000,462000,433000,527000]",206,3710000
16,55,8,"[136,160,207,161,218,158,179,166]","[413000,443000,560000,449000,595000,413000,479000,427000]",218,3779000
16,56,8,"[244,152,182,191,205,190,158,292]","[772000,417000,503000,556000,554000,524000,415000,933000]",292,4674000
16,57,8,"[103,170,169,204,207,116,144,125]","[294000,493000,466000,555000,554000,308000,417000,338000]",207,3425000
16,58,8,"[135,126,214,148,175,230,146,157]","[397000,343000,564000,437000,473000,641000,379000,419000]",230,3653000
16,59,8,"[232,170,169,204,207,109,144,125]","[728000,493000,466000,555000,554000,284000,417000,338000]",232,3835000
16,60,8,"[125,160,209,194,175,200,162,191]","[358000,423000,572000,516000,494000,529000,435000,513000]",209,3840000
16,61,8,"[90,180,219,157,176,129,145,127]","[261000,508000,591000,425000,503000,351000,417000,338000]",219,3394000
16,62,8,"[250,213,178,195,198,119,167,305]","[851000,664000,465000,567000,525000,316000,427000,859000]",305,4674000
16,63,8,"[85,161,187,200,205,117,160,125]","[226000,453000,507000,574000,554000,312000,435000,340000]",205,3401000
16,64,8,"[260,221,151,194,205,167,143,357]","[896000,691000,409000,565000,554000,440000,379000,1173000]",357,5107000
16,65,8,"[121,175,163,160,172,208,145,125]","[344000,483000,454000,415000,489000,542000,419000,338000]",208,3484000
16,66,8,"[85,171,170,155,176,193,146,125]","[228000,458000,469000,449000,505000,494000,419000,338000]",193,3360000
16,67,8,"[139,169,157,219,175,144,149,176]","[398000,446000,421000,597000,472000,393000,433000,482000]",219,3642000
16,68,8,"[85,170,179,113,175,143,146,125]","[228000,489000,509000,322000,503000,394000,419000,338000]",179,3202000
16,69,8,"[151,113,170,160,169,202,161,169]","[448000,307000,455000,467000,482000,513000,472000,437000]",202,3581000
16,70,8,"[110,128,167,112,169,142,215,170]","[316000,352000,463000,323000,482000,383000,634000,453000]",215,3406000
16,71,8,"[85,173,155,146,178,143,176,145]","[228000,493000,433000,433000,505000,394000,474000,380000]",178,3340000
16,72,8,"[103,152,182,151,173,106,144,159]","[284000,417000,502000,449000,490000,280000,417000,447000]",182,3286000
16,73,8,"[85,127,180,170,177,143,146,203]","[228000,356000,505000,461000,503000,394000,421000,548000]",203,3416000
16,74,8,"[112,202,176,167,166,148,161,171]","[326000,530000,469000,488000,462000,389000,472000,468000]",202,3604000
16,75,8,"[97,130,189,152,201,239,146,125]","[266000,358000,524000,449000,504000,622000,417000,338000]",239,3478000
16,76,8,"[110,129,167,166,147,143,161,241]","[316000,354000,459000,488000,405000,388000,472000,622000]",241,3504000
16,77,8,"[143,113,207,164,163,158,164,160]","[418000,307000,558000,471000,454000,399000,472000,433000]",207,3512000
16,78,8,"[85,167,156,151,175,143,143,125]","[228000,458000,442000,449000,503000,394000,415000,338000]",175,3227000
16,79,8,"[101,134,180,147,175,127,147,146]","[266000,377000,501000,433000,503000,339000,422000,406000]",180,3247000
16,80,8,"[83,160,184,146,173,148,146,125]","[226000,450000,509000,433000,484000,401000,417000,340000]",184,3260000
16,81,8,"[137,124,178,149,175,171,149,125]","[388000,326000,509000,435000,503000,447000,419000,338000]",178,3365000
16,82,8,"[129,132,178,113,175,109,219,125]","[357000,369000,494000,322000,503000,296000,616000,338000]",219,3295000
16,83,8,"[143,97,172,167,161,162,162,166]","[402000,263000,476000,488000,454000,453000,474000,448000]",172,3458000
16,84,8,"[99,133,178,148,175,138,148,143]","[259000,377000,494000,433000,503000,368000,417000,391000]",178,3242000
16,85,8,"[138,110,217,170,169,156,167,160]","[396000,301000,569000,498000,482000,417000,482000,421000]",217,3566000
16,86,8,"[84,134,180,146,175,140,146,125]","[228000,377000,501000,433000,503000,385000,417000,340000]",180,3184000
16,87,8,"[143,171,177,166,178,165,162,155]","[397000,447000,501000,478000,485000,450000,477000,412000]",178,3647000
16,88,8,"[143,156,163,151,175,172,144,197]","[416000,409000,452000,439000,473000,473000,417000,523000]",197,3602000
16,89,8,"[128,168,182,111,175,106,145,125]","[358000,489000,506000,318000,503000,274000,417000,338000]",182,3203000
16,90,8,"[197,113,178,162,145,166,163,151]","[553000,307000,496000,471000,407000,437000,477000,415000]",197,3563000
17,1,8,"[97,209,222,247,199,169,135,143]","[266000,600000,681000,737000,563000,497000,378000,415000]",247,4137000
17,2,8,"[98,208,215,225,186,179,137,196]","[264000,595000,643000,663000,519000,520000,382000,571000]",225,4157000
17,3,8,"[97,206,193,204,179,176,202,206]","[264000,595000,570000,597000,496000,499000,571000,604000]",206,4196000
17,4,8,"[97,206,221,221,190,125,202,195]","[264000,595000,654000,650000,530000,346000,573000,572000]",221,4184000
17,5,8,"[97,208,222,205,186,180,134,196]","[266000,595000,679000,597000,519000,522000,376000,582000]",222,4136000
17,6,8,"[97,206,197,204,190,173,202,195]","[264000,595000,579000,597000,530000,490000,571000,571000]",206,4197000
17,7,8,"[97,206,193,204,190,176,202,197]","[264000,595000,570000,597000,530000,499000,571000,571000]",206,4197000
17,8,8,"[201,176,192,204,201,176,202,199]","[512000,485000,570000,597000,549000,499000,571000,576000]",204,4359000
17,9,8,"[97,206,193,204,190,176,202,197]","[264000,595000,570000,597000,530000,499000,571000,571000]",206,4197000
17,10,8,"[97,206,195,204,190,173,202,198]","[264000,595000,579000,597000,530000,490000,571000,571000]",206,4197000
17,11,8,"[97,206,193,204,195,219,202,146]","[264000,595000,570000,597000,534000,639000,571000,419000]",219,4189000
17,12,8,"[97,208,221,205,186,180,134,201]","[266000,595000,679000,597000,519000,522000,376000,590000]",221,4144000
17,13,8,"[97,206,221,221,190,125,202,195]","[264000,595000,654000,650000,530000,346000,573000,572000]",221,4184000
17,14,8,"[98,209,215,224,199,106,203,197]","[264000,600000,643000,661000,560000,296000,577000,572000]",224,4173000
17,15,8,"[195,182,192,205,196,176,202,196]","[507000,504000,570000,597000,536000,499000,571000,571000]",205,4355000
17,16,8,"[97,206,222,204,197,121,202,196]","[264000,595000,670000,597000,550000,341000,571000,571000]",222,4159000
17,17,8,"[99,210,219,222,186,186,138,196]","[269000,595000,654000,652000,519000,530000,384000,571000]",222,4174000
17,18,8,"[97,207,221,204,197,180,135,201]","[266000,595000,670000,597000,550000,522000,378000,590000]",221,4168000
17,19,8,"[97,206,195,204,194,217,202,146]","[264000,595000,579000,597000,534000,630000,571000,419000]",217,4189000
17,20,8,"[97,206,195,204,190,173,202,198]","[264000,595000,579000,597000,530000,490000,571000,571000]",206,4197000
17,21,8,"[97,206,193,204,190,176,202,197]","[264000,595000,570000,597000,530000,499000,571000,571000]",206,4197000
17,22,8,"[97,206,196,204,179,173,202,206]","[264000,595000,579000,597000,496000,490000,571000,604000]",206,4196000
17,23,8,"[97,212,221,224,199,106,202,197]","[264000,600000,654000,650000,560000,296000,573000,572000]",224,4169000
17,24,8,"[97,210,223,235,200,166,134,164]","[266000,597000,681000,695000,564000,482000,376000,473000]",235,4134000
17,25,8,"[97,206,222,205,188,180,134,196]","[266000,595000,679000,597000,523000,522000,376000,582000]",222,4140000
17,26,8,"[83,206,195,204,190,173,215,198]","[226000,595000,579000,597000,530000,490000,609000,571000]",215,4197000
17,27,8,"[97,213,221,224,199,106,202,197]","[264000,607000,654000,650000,560000,296000,573000,576000]",224,4180000
17,28,8,"[97,206,222,205,197,121,202,196]","[264000,595000,670000,597000,550000,341000,571000,582000]",222,4170000
17,29,8,"[97,208,221,205,186,180,134,210]","[266000,589000,679000,597000,519000,522000,376000,612000]",221,4160000
17,30,8,"[97,209,222,205,199,106,202,197]","[264000,600000,681000,597000,560000,296000,571000,582000]",222,4151000
17,31,8,"[97,208,222,204,208,106,202,196]","[264000,595000,679000,597000,574000,296000,571000,571000]",222,4147000
17,32,8,"[97,206,221,204,197,121,202,214]","[264000,595000,652000,597000,550000,341000,576000,625000]",221,4200000
17,33,8,"[98,206,215,225,190,125,203,195]","[264000,595000,643000,663000,530000,346000,577000,572000]",225,4190000
17,34,8,"[97,209,222,205,199,106,202,197]","[264000,600000,681000,597000,560000,296000,571000,582000]",222,4151000
17,35,8,"[83,206,193,204,190,176,215,197]","[226000,595000,570000,597000,530000,499000,609000,571000]",215,4197000
17,36,8,"[201,174,197,204,201,174,202,200]","[512000,485000,579000,597000,549000,492000,571000,581000]",204,4366000
17,37,8,"[97,206,222,204,215,106,202,196]","[264000,595000,670000,597000,597000,296000,571000,571000]",222,4161000
17,38,8,"[97,207,221,204,197,121,202,201]","[264000,595000,670000,597000,550000,341000,571000,590000]",221,4178000
17,39,8,"[121,207,221,204,197,180,118,201]","[334000,595000,670000,597000,550000,522000,332000,590000]",221,4190000
17,40,8,"[97,206,222,204,215,106,202,196]","[264000,595000,670000,597000,597000,296000,571000,571000]",222,4161000
17,41,8,"[113,202,272,274,249,159,167,176]","[324000,567000,813000,785000,691000,442000,443000,487000]",274,4552000
17,42,8,"[97,211,258,188,205,221,187,202]","[269000,600000,774000,520000,555000,610000,499000,582000]",258,4409000
17,43,8,"[194,177,258,257,215,227,169,198]","[511000,491000,741000,734000,574000,611000,476000,571000]",258,4709000
17,44,8,"[196,180,261,259,215,212,179,198]","[515000,495000,750000,734000,544000,592000,500000,573000]",261,4703000
17,45,8,"[107,211,300,188,204,178,166,202]","[294000,595000,907000,520000,555000,494000,440000,586000]",300,4391000
17,46,8,"[97,207,223,204,190,134,202,197]","[264000,595000,670000,597000,530000,373000,571000,571000]",223,4171000
17,47,8,"[98,209,304,197,199,143,170,197]","[274000,595000,913000,544000,536000,403000,461000,572000]",304,4298000
17,48,8,"[199,174,261,204,195,175,201,198]","[520000,489000,746000,597000,538000,497000,576000,571000]",261,4534000
17,49,8,"[102,211,272,273,241,107,214,173]","[284000,600000,817000,783000,665000,296000,581000,451000]",273,4477000
17,50,8,"[111,212,301,214,202,144,172,199]","[324000,594000,911000,593000,541000,408000,464000,580000]",301,4415000
17,51,8,"[98,212,259,188,204,221,231,164]","[274000,605000,774000,520000,555000,610000,619000,473000]",259,4430000
17,52,8,"[97,213,302,190,233,133,136,204]","[266000,600000,903000,520000,652000,371000,378000,581000]",302,4271000
17,53,8,"[97,179,258,204,179,176,202,206]","[264000,515000,738000,597000,496000,499000,576000,609000]",258,4294000
17,54,8,"[98,210,291,188,220,143,170,204]","[274000,600000,881000,520000,593000,406000,461000,581000]",291,4316000
17,55,8,"[98,211,258,188,205,221,170,202]","[274000,600000,774000,520000,555000,610000,461000,582000]",258,4376000
17,56,8,"[84,239,283,223,174,143,183,199]","[231000,680000,818000,656000,474000,403000,499000,581000]",283,4342000
17,57,8,"[84,236,284,216,205,196,183,201]","[231000,665000,820000,609000,555000,521000,499000,594000]",284,4494000
17,58,8,"[97,174,284,248,242,120,135,200]","[266000,498000,841000,710000,666000,339000,381000,597000]",284,4298000
17,59,8,"[98,213,302,218,204,135,170,201]","[274000,600000,913000,597000,564000,372000,461000,577000]",302,4358000
17,60,8,"[84,214,258,170,206,221,183,197]","[231000,601000,774000,484000,562000,607000,499000,573000]",258,4331000
17,61,8,"[97,208,221,204,179,121,202,208]","[264000,595000,670000,597000,496000,341000,571000,613000]",221,4147000
17,62,8,"[98,208,217,224,197,128,203,194]","[264000,595000,641000,661000,550000,361000,577000,567000]",224,4216000
17,63,8,"[90,203,258,204,190,173,202,195]","[261000,571000,741000,597000,530000,490000,576000,571000]",258,4337000
17,64,8,"[98,210,292,198,200,143,170,197]","[274000,600000,893000,546000,541000,403000,461000,572000]",292,4290000
17,65,8,"[98,212,259,188,196,221,170,204]","[274000,605000,774000,520000,527000,610000,461000,604000]",259,4375000
17,66,8,"[97,213,223,188,292,169,135,143]","[266000,608000,681000,547000,821000,497000,378000,415000]",292,4213000
17,67,8,"[98,212,215,224,191,179,137,194]","[264000,602000,643000,661000,529000,520000,382000,571000]",224,4172000
17,68,8,"[97,206,110,204,298,176,202,206]","[264000,595000,311000,597000,836000,499000,571000,604000]",298,4277000
17,69,8,"[97,206,221,221,194,124,201,198]","[266000,595000,654000,650000,538000,344000,573000,578000]",221,4198000
17,70,8,"[97,210,223,279,189,157,134,197]","[266000,599000,679000,771000,525000,452000,376000,584000]",279,4252000
17,71,8,"[151,206,197,204,190,181,208,195]","[404000,595000,579000,597000,530000,485000,583000,571000]",208,4344000
17,72,8,"[97,206,149,204,235,176,202,196]","[264000,595000,439000,597000,665000,499000,571000,571000]",235,4201000
17,73,8,"[201,176,208,204,191,176,202,199]","[512000,485000,605000,597000,534000,499000,571000,576000]",208,4379000
17,74,8,"[98,206,193,204,192,178,178,255]","[269000,595000,570000,597000,534000,503000,499000,719000]",255,4286000
17,75,8,"[97,255,195,204,190,174,281,198]","[264000,672000,579000,597000,530000,492000,759000,571000]",281,4464000
17,76,8,"[193,206,193,204,195,219,202,115]","[490000,595000,570000,597000,536000,639000,571000,326000]",219,4324000
17,77,8,"[105,208,221,205,186,180,131,201]","[291000,595000,679000,597000,519000,522000,370000,590000]",221,4163000
17,78,8,"[97,206,222,205,190,125,202,196]","[264000,595000,681000,597000,530000,346000,571000,582000]",222,4166000
17,79,8,"[98,206,238,225,196,106,203,195]","[264000,595000,685000,661000,554000,296000,577000,582000]",238,4214000
17,80,8,"[209,184,192,204,197,176,183,198]","[542000,519000,570000,597000,534000,499000,512000,581000]",209,4354000
17,81,8,"[97,209,226,250,140,121,202,196]","[264000,595000,670000,746000,382000,341000,573000,573000]",250,4144000
17,82,8,"[146,215,219,221,186,187,143,194]","[399000,599000,654000,652000,519000,545000,400000,571000]",221,4339000
17,83,8,"[215,209,221,212,197,180,135,201]","[553000,610000,670000,565000,550000,522000,378000,590000]",221,4438000
17,84,8,"[97,206,196,204,243,218,202,107]","[264000,595000,584000,597000,681000,630000,571000,292000]",243,4214000
17,85,8,"[97,194,195,206,212,173,202,198]","[264000,553000,579000,597000,592000,490000,571000,576000]",212,4222000
17,86,8,"[96,207,244,204,190,176,271,195]","[264000,595000,656000,597000,530000,499000,725000,571000]",271,4437000
17,87,8,"[97,206,195,205,199,173,202,187]","[264000,595000,579000,597000,550000,490000,571000,554000]",206,4200000
17,88,8,"[97,249,221,217,199,106,202,196]","[264000,702000,654000,615000,560000,296000,573000,574000]",249,4238000
17,89,8,"[97,210,223,235,200,195,136,164]","[264000,597000,681000,695000,564000,537000,376000,473000]",235,4187000
17,90,8,"[228,208,222,215,188,180,134,196]","[609000,605000,679000,574000,523000,522000,376000,582000]",228,4470000
18,1,8,"[111,168,152,159,192,154,177,196]","[306000,477000,433000,435000,552000,422000,519000,560000]",196,3704000
18,2,8,"[79,145,174,175,192,159,192,197]","[218000,417000,487000,446000,550000,412000,558000,562000]",197,3650000
18,3,8,"[160,89,190,176,154,206,190,188]","[461000,250000,539000,444000,408000,544000,538000,550000]",206,3734000
18,4,8,"[104,183,152,182,191,101,135,198]","[282000,501000,435000,517000,550000,274000,414000,562000]",198,3535000
18,5,8,"[87,134,214,170,192,110,154,196]","[243000,371000,581000,455000,552000,288000,434000,560000]",214,3484000
18,6,8,"[107,151,188,143,194,120,187,197]","[319000,435000,536000,394000,550000,302000,572000,562000]",197,3670000
18,7,8,"[97,143,198,198,193,85,142,199]","[266000,407000,549000,537000,550000,215000,419000,562000]",199,3505000
18,8,8,"[111,168,161,143,192,154,177,198]","[306000,477000,460000,394000,552000,422000,519000,560000]",198,3690000
18,9,8,"[111,203,152,199,193,143,143,170]","[304000,559000,439000,559000,550000,406000,434000,496000]",203,3747000
18,10,8,"[98,130,191,157,192,154,174,197]","[268000,371000,549000,431000,552000,422000,516000,562000]",197,3671000
18,11,8,"[96,135,174,175,192,159,184,197]","[261000,394000,487000,446000,550000,412000,542000,562000]",197,3654000
18,12,8,"[98,178,163,171,185,161,177,194]","[266000,500000,460000,461000,523000,439000,519000,556000]",194,3724000
18,13,8,"[97,143,202,202,197,85,131,200]","[266000,407000,574000,541000,554000,215000,376000,560000]",202,3493000
18,14,8,"[87,153,216,170,192,110,131,196]","[243000,425000,585000,455000,552000,288000,376000,560000]",216,3484000
18,15,8,"[84,143,202,202,197,98,131,200]","[228000,407000,574000,541000,554000,253000,376000,560000]",202,3493000
18,16,8,"[99,171,184,157,191,108,186,197]","[276000,482000,503000,416000,550000,285000,567000,562000]",197,3641000
18,17,8,"[117,170,152,182,191,101,135,198]","[320000,463000,435000,517000,550000,274000,414000,562000]",198,3535000
18,18,8,"[85,201,152,182,191,99,135,198]","[228000,552000,435000,517000,550000,264000,414000,562000]",201,3522000
18,19,8,"[84,143,198,198,193,98,142,199]","[228000,407000,549000,537000,550000,253000,419000,562000]",199,3505000
18,20,8,"[98,169,188,143,194,116,187,197]","[266000,480000,524000,394000,550000,310000,572000,562000]",197,3658000
18,21,8,"[181,102,190,177,138,206,190,189]","[554000,270000,539000,449000,363000,544000,538000,552000]",206,3809000
18,22,8,"[71,143,202,217,197,98,131,200]","[190000,407000,574000,583000,554000,253000,376000,560000]",217,3497000
18,23,8,"[122,203,152,199,193,139,143,170]","[347000,559000,439000,559000,550000,395000,434000,496000]",203,3779000
18,24,8,"[99,168,194,143,191,111,187,197]","[276000,480000,538000,394000,550000,300000,572000,562000]",197,3672000
18,25,8,"[111,156,168,143,192,167,177,196]","[304000,442000,475000,394000,552000,460000,519000,560000]",196,3706000
18,26,8,"[109,168,163,171,185,165,177,194]","[311000,475000,460000,461000,523000,454000,519000,556000]",194,3759000
18,27,8,"[96,135,174,175,192,159,192,197]","[261000,394000,487000,446000,550000,412000,558000,562000]",197,3670000
18,28,8,"[98,169,161,143,192,167,177,198]","[266000,480000,460000,394000,552000,460000,519000,560000]",198,3691000
18,29,8,"[84,131,198,198,193,112,142,199]","[228000,369000,549000,537000,550000,296000,419000,562000]",199,3510000
18,30,8,"[165,102,190,216,138,207,190,189]","[501000,270000,539000,539000,363000,546000,538000,552000]",216,3848000
18,31,8,"[111,203,152,198,184,143,143,188]","[304000,559000,439000,557000,524000,406000,434000,550000]",203,3773000
18,32,8,"[98,169,161,143,192,167,177,198]","[266000,480000,460000,394000,552000,460000,519000,560000]",198,3691000
18,33,8,"[98,169,165,143,191,167,174,197]","[266000,480000,472000,394000,550000,460000,516000,562000]",197,3700000
18,34,8,"[87,133,174,181,191,165,184,197]","[230000,371000,487000,481000,550000,451000,542000,562000]",197,3674000
18,35,8,"[111,203,150,184,195,143,143,199]","[304000,559000,435000,519000,554000,406000,434000,558000]",203,3769000
18,36,8,"[98,181,152,159,192,155,177,196]","[268000,515000,433000,435000,552000,424000,519000,560000]",196,3706000
18,37,8,"[115,170,152,182,191,115,135,198]","[320000,463000,435000,517000,550000,289000,414000,562000]",198,3550000
18,38,8,"[99,177,184,157,191,109,186,197]","[279000,506000,494000,416000,550000,293000,567000,562000]",197,3667000
18,39,8,"[97,137,202,197,197,98,131,200]","[266000,392000,574000,522000,554000,253000,376000,560000]",202,3497000
18,40,8,"[84,143,202,217,197,85,131,200]","[228000,407000,574000,583000,554000,215000,376000,560000]",217,3497000
18,41,8,"[156,126,161,167,186,250,188,201]","[402000,351000,418000,460000,498000,662000,553000,571000]",250,3915000
18,42,8,"[165,102,176,265,182,182,160,196]","[501000,270000,511000,698000,490000,466000,442000,562000]",265,3940000
18,43,8,"[162,178,164,161,193,152,179,198]","[435000,488000,462000,439000,552000,418000,526000,562000]",198,3882000
18,44,8,"[90,169,175,217,192,207,187,202]","[261000,458000,497000,572000,513000,533000,572000,581000]",217,3987000
18,45,8,"[88,168,178,228,136,209,191,188]","[241000,449000,493000,609000,359000,559000,543000,550000]",228,3803000
18,46,8,"[97,139,191,160,162,250,174,204]","[269000,393000,549000,441000,447000,662000,516000,586000]",250,3863000
18,47,8,"[86,188,202,254,181,192,143,199]","[241000,511000,542000,661000,490000,495000,424000,566000]",254,3930000
18,48,8,"[149,178,185,268,222,144,190,197]","[498000,575000,503000,713000,603000,377000,563000,562000]",268,4394000
18,49,8,"[149,99,201,199,181,184,160,199]","[448000,265000,576000,537000,488000,470000,442000,562000]",201,3788000
18,50,8,"[103,170,195,139,174,198,188,200]","[291000,480000,540000,386000,483000,513000,572000,577000]",200,3842000
18,51,8,"[90,177,219,205,189,191,158,200]","[261000,482000,648000,530000,513000,486000,442000,577000]",219,3939000
18,52,8,"[149,141,184,199,217,145,188,197]","[414000,394000,488000,523000,584000,380000,550000,562000]",217,3895000
18,53,8,"[84,184,153,217,192,188,188,201]","[228000,521000,429000,604000,519000,496000,523000,582000]",217,3902000
18,54,8,"[99,129,193,213,133,218,159,201]","[266000,369000,551000,543000,359000,586000,440000,566000]",218,3680000
18,55,8,"[86,135,191,222,198,111,187,197]","[238000,379000,529000,569000,574000,287000,584000,560000]",222,3720000
18,56,8,"[148,140,206,177,217,143,190,197]","[417000,389000,553000,458000,584000,383000,550000,562000]",217,3896000
18,57,8,"[109,178,187,160,189,188,188,200]","[301000,493000,521000,454000,513000,484000,529000,577000]",200,3872000
18,58,8,"[101,246,171,180,191,244,193,200]","[279000,645000,452000,495000,503000,641000,550000,577000]",246,4142000
18,59,8,"[165,102,178,248,137,221,158,201]","[501000,270000,515000,640000,364000,592000,438000,582000]",248,3902000
18,60,8,"[86,168,194,186,193,156,174,197]","[241000,449000,535000,525000,550000,438000,516000,562000]",197,3816000
18,61,8,"[149,90,174,174,191,161,191,197]","[423000,242000,487000,451000,550000,420000,556000,562000]",197,3691000
18,62,8,"[162,105,225,156,192,114,155,196]","[469000,280000,609000,409000,552000,324000,436000,560000]",225,3639000
18,63,8,"[112,154,202,181,195,128,172,199]","[328000,482000,574000,482000,543000,354000,473000,558000]",202,3794000
18,64,8,"[103,132,197,209,134,218,189,201]","[291000,374000,532000,550000,364000,586000,525000,570000]",218,3792000
18,65,8,"[149,90,223,199,217,145,188,197]","[414000,250000,604000,523000,584000,380000,550000,562000]",223,3867000
18,66,8,"[100,172,152,158,192,155,177,251]","[271000,485000,433000,431000,552000,427000,519000,697000]",251,3815000
18,67,8,"[79,145,174,175,192,159,184,197]","[218000,417000,487000,446000,550000,412000,542000,562000]",197,3634000
18,68,8,"[160,89,190,176,156,198,191,196]","[461000,250000,539000,448000,418000,519000,540000,581000]",198,3756000
18,69,8,"[85,200,152,182,191,129,135,198]","[253000,539000,435000,517000,550000,348000,414000,564000]",200,3620000
18,70,8,"[87,133,215,171,192,152,134,196]","[243000,376000,581000,460000,552000,387000,373000,560000]",215,3532000
18,71,8,"[123,155,188,143,194,91,187,197]","[372000,427000,536000,394000,550000,232000,572000,562000]",197,3645000
18,72,8,"[97,143,171,198,193,85,195,199]","[266000,407000,462000,537000,550000,215000,558000,562000]",199,3557000
18,73,8,"[194,168,161,143,192,154,181,198]","[532000,477000,460000,394000,552000,422000,498000,560000]",198,3895000
18,74,8,"[111,203,197,199,171,143,143,170]","[304000,559000,553000,559000,473000,406000,434000,496000]",203,3784000
18,75,8,"[98,130,224,162,191,154,174,199]","[268000,371000,619000,446000,550000,422000,516000,562000]",224,3754000
18,76,8,"[96,135,173,175,211,159,184,197]","[261000,394000,487000,446000,590000,412000,542000,562000]",211,3694000
18,77,8,"[98,176,163,181,185,161,178,194]","[266000,500000,460000,485000,523000,439000,524000,556000]",194,3753000
18,78,8,"[97,143,176,201,193,85,176,199]","[266000,407000,492000,542000,550000,215000,499000,562000]",201,3533000
18,79,8,"[87,156,216,170,192,187,140,198]","[243000,430000,585000,455000,552000,470000,367000,564000]",216,3666000
18,80,8,"[84,143,201,288,193,98,132,171]","[228000,407000,570000,756000,552000,253000,378000,471000]",288,3615000
18,81,8,"[99,169,173,164,191,107,186,198]","[266000,482000,476000,426000,550000,281000,567000,564000]",198,3612000
18,82,8,"[115,170,152,182,193,98,135,223]","[320000,463000,435000,517000,550000,258000,414000,609000]",223,3566000
18,83,8,"[85,315,153,182,201,99,135,199]","[228000,828000,437000,517000,522000,264000,414000,562000]",315,3772000
18,84,8,"[84,144,198,244,191,98,142,197]","[228000,407000,549000,635000,550000,253000,419000,562000]",244,3603000
18,85,8,"[98,169,186,143,193,116,142,288]","[266000,480000,522000,394000,550000,310000,431000,795000]",288,3748000
18,86,8,"[177,98,188,176,152,206,145,188]","[524000,262000,535000,447000,401000,544000,440000,550000]",206,3703000
18,87,8,"[77,164,202,217,197,104,131,200]","[223000,482000,574000,583000,554000,260000,376000,560000]",217,3612000
18,88,8,"[122,228,160,198,199,139,147,171]","[347000,604000,463000,563000,550000,395000,434000,498000]",228,3854000
18,89,8,"[98,180,163,143,191,112,187,200]","[266000,513000,464000,394000,550000,305000,572000,567000]",200,3631000
18,90,8,"[111,156,168,143,194,257,177,199]","[304000,442000,475000,394000,511000,685000,519000,565000]",257,3895000
19,1,8,"[207,106,195,205,164,191,199,150]","[557000,329000,565000,594000,454000,529000,587000,399000]",207,4014000
19,2,8,"[57,155,262,224,143,179,200,115]","[150000,487000,777000,658000,397000,496000,592000,308000]",262,3865000
19,3,8,"[189,145,184,198,163,191,167,197]","[528000,431000,528000,570000,437000,541000,496000,520000]",198,4051000
19,4,8,"[57,215,238,193,143,249,167,92]","[150000,661000,692000,560000,397000,708000,496000,238000]",249,3902000
19,5,8,"[157,198,225,177,91,222,199,114]","[422000,615000,656000,507000,234000,627000,587000,292000]",225,3940000
19,6,8,"[177,160,179,179,196,187,197,197]","[486000,495000,508000,505000,533000,536000,549000,515000]",197,4127000
19,7,8,"[57,216,206,224,143,249,167,92]","[150000,661000,579000,658000,397000,708000,496000,238000]",249,3887000
19,8,8,"[217,106,199,203,165,191,199,145]","[586000,329000,575000,589000,465000,529000,587000,383000]",217,4043000
19,9,8,"[171,193,199,143,161,192,200,168]","[495000,581000,569000,400000,454000,529000,587000,435000]",200,4050000
19,10,8,"[196,145,183,198,152,192,167,199]","[541000,431000,528000,552000,421000,541000,496000,524000]",199,4034000
19,11,8,"[57,155,260,193,143,213,199,115]","[150000,487000,762000,560000,397000,598000,587000,308000]",260,3849000
19,12,8,"[207,106,195,205,164,191,199,150]","[557000,329000,565000,594000,454000,529000,587000,399000]",207,4014000
19,13,8,"[128,110,215,224,202,223,199,67]","[340000,340000,622000,658000,581000,629000,587000,161000]",224,3918000
19,14,8,"[204,106,195,208,158,191,200,150]","[548000,329000,565000,598000,442000,529000,587000,399000]",208,3997000
19,15,8,"[128,155,215,224,156,223,199,67]","[340000,487000,622000,658000,435000,629000,587000,161000]",224,3919000
19,16,8,"[125,155,219,222,128,220,199,113]","[328000,487000,622000,654000,355000,623000,587000,292000]",222,3948000
19,17,8,"[57,215,238,193,143,220,167,124]","[150000,661000,692000,560000,397000,626000,496000,326000]",238,3908000
19,18,8,"[107,210,200,191,144,195,199,137]","[298000,632000,566000,556000,399000,545000,587000,364000]",210,3947000
19,19,8,"[57,216,206,224,143,220,167,124]","[150000,661000,579000,658000,397000,626000,496000,326000]",224,3893000
19,20,8,"[208,106,195,206,156,191,200,150]","[561000,329000,565000,604000,438000,529000,587000,399000]",208,4012000
19,21,8,"[186,155,217,171,143,220,199,96]","[513000,487000,617000,489000,397000,623000,587000,258000]",220,3971000
19,22,8,"[171,200,199,143,161,185,200,168]","[495000,604000,570000,400000,454000,508000,587000,435000]",200,4053000
19,23,8,"[196,145,183,198,163,191,167,197]","[541000,431000,528000,552000,437000,541000,496000,520000]",198,4046000
19,24,8,"[196,108,183,198,153,193,167,220]","[541000,329000,528000,557000,417000,545000,496000,590000]",220,4003000
19,25,8,"[194,145,194,189,152,192,167,199]","[541000,431000,565000,543000,421000,541000,496000,524000]",199,4062000
19,26,8,"[169,216,193,178,142,193,199,116]","[489000,626000,556000,498000,393000,545000,587000,313000]",216,4007000
19,27,8,"[175,155,216,184,127,222,199,113]","[485000,487000,610000,526000,350000,627000,587000,292000]",222,3964000
19,28,8,"[120,208,196,193,146,188,209,144]","[336000,632000,552000,560000,403000,526000,604000,378000]",209,3991000
19,29,8,"[57,155,249,226,143,191,200,115]","[150000,487000,723000,662000,397000,541000,592000,308000]",249,3860000
19,30,8,"[171,193,170,177,161,192,199,168]","[495000,581000,487000,504000,454000,529000,587000,435000]",199,4072000
19,31,8,"[189,161,194,188,195,178,189,190]","[513000,499000,565000,532000,521000,518000,525000,502000]",195,4175000
19,32,8,"[155,211,178,191,144,195,199,139]","[451000,619000,497000,556000,398000,545000,587000,368000]",211,4021000
19,33,8,"[196,150,183,198,153,193,167,196]","[541000,433000,528000,561000,417000,545000,496000,518000]",198,4039000
19,34,8,"[169,216,187,178,142,193,199,116]","[489000,628000,545000,512000,393000,545000,587000,313000]",216,4012000
19,35,8,"[107,208,211,191,144,195,199,137]","[298000,632000,605000,556000,399000,545000,587000,364000]",211,3986000
19,36,8,"[171,200,175,174,161,185,199,169]","[495000,604000,497000,498000,454000,508000,587000,440000]",200,4083000
19,37,8,"[128,108,215,224,210,223,199,67]","[340000,333000,622000,658000,600000,629000,587000,161000]",224,3930000
19,38,8,"[178,211,178,191,143,195,199,128]","[510000,619000,497000,556000,393000,545000,587000,340000]",211,4047000
19,39,8,"[159,106,199,208,158,222,200,150]","[422000,329000,571000,598000,442000,627000,587000,399000]",222,3975000
19,40,8,"[200,213,207,181,142,195,199,116]","[534000,611000,575000,514000,393000,547000,587000,313000]",213,4074000
19,41,8,"[173,230,205,239,174,169,167,135]","[499000,676000,576000,643000,453000,470000,496000,362000]",239,4175000
19,42,8,"[120,208,196,195,146,192,199,159]","[336000,632000,552000,564000,399000,529000,587000,408000]",208,4007000
19,43,8,"[207,198,201,235,156,204,188,139]","[615000,573000,547000,641000,399000,565000,541000,368000]",235,4249000
19,44,8,"[57,155,266,226,143,179,200,115]","[150000,487000,778000,662000,397000,496000,592000,308000]",266,3870000
19,45,8,"[264,214,164,223,168,208,194,159]","[708000,644000,444000,603000,452000,569000,562000,427000]",264,4409000
19,46,8,"[194,145,194,189,191,192,167,199]","[541000,431000,565000,543000,526000,541000,496000,524000]",199,4167000
19,47,8,"[228,216,187,256,170,208,161,146]","[612000,644000,545000,695000,451000,569000,472000,385000]",256,4373000
19,48,8,"[148,352,176,245,196,199,154,150]","[407000,962000,496000,679000,521000,552000,446000,399000]",352,4462000
19,49,8,"[166,198,228,177,153,194,202,114]","[441000,615000,658000,507000,394000,535000,602000,292000]",228,4044000
19,50,8,"[70,283,233,194,146,221,175,153]","[188000,788000,658000,550000,406000,631000,512000,414000]",283,4147000
19,51,8,"[200,314,184,243,173,199,154,115]","[538000,879000,527000,654000,454000,557000,446000,308000]",314,4363000
19,52,8,"[153,309,188,177,163,191,199,152]","[398000,849000,547000,513000,464000,529000,587000,397000]",309,4284000
19,53,8,"[220,280,190,204,154,222,154,194]","[608000,758000,553000,532000,399000,618000,446000,526000]",280,4440000
19,54,8,"[120,208,199,193,152,221,179,133]","[336000,632000,565000,560000,424000,631000,508000,362000]",221,4018000
19,55,8,"[149,241,199,209,230,208,206,138]","[394000,659000,575000,606000,631000,569000,567000,354000]",241,4355000
19,56,8,"[133,263,212,193,141,224,202,96]","[347000,736000,610000,560000,393000,637000,593000,258000]",263,4134000
19,57,8,"[125,168,219,193,226,217,195,96]","[346000,507000,642000,560000,613000,605000,552000,258000]",226,4083000
19,58,8,"[120,208,201,267,188,202,167,94]","[336000,632000,572000,750000,493000,554000,496000,242000]",267,4075000
19,59,8,"[120,208,196,267,107,192,213,144]","[336000,632000,552000,750000,274000,540000,606000,378000]",267,4068000
19,60,8,"[155,202,184,267,169,222,205,112]","[451000,592000,506000,746000,436000,616000,575000,287000]",267,4209000
19,61,8,"[216,203,238,283,119,195,180,152]","[569000,589000,659000,775000,319000,549000,510000,407000]",283,4377000
19,62,8,"[192,213,175,265,157,223,204,139]","[564000,621000,482000,746000,458000,623000,573000,370000]",265,4437000
19,63,8,"[168,204,263,239,170,187,154,115]","[489000,592000,742000,643000,448000,512000,446000,308000]",263,4180000
19,64,8,"[120,209,224,195,146,179,200,117]","[336000,634000,630000,564000,399000,496000,592000,312000]",224,3963000
19,65,8,"[131,216,174,224,147,190,219,147]","[345000,661000,482000,658000,418000,530000,618000,387000]",224,4099000
19,66,8,"[207,106,195,205,164,191,202,150]","[557000,329000,565000,594000,454000,529000,593000,399000]",207,4020000
19,67,8,"[71,155,262,224,159,179,200,119]","[178000,487000,777000,658000,426000,496000,592000,312000]",262,3926000
19,68,8,"[184,145,197,201,163,191,167,197]","[509000,431000,580000,576000,437000,541000,496000,520000]",201,4090000
19,69,8,"[94,215,238,193,146,249,167,68]","[249000,661000,692000,560000,412000,708000,496000,166000]",249,3944000
19,70,8,"[157,198,225,177,91,297,154,114]","[422000,615000,656000,507000,234000,828000,446000,292000]",297,4000000
19,71,8,"[177,160,184,180,196,187,197,220]","[486000,495000,527000,507000,536000,536000,549000,567000]",220,4203000
19,72,8,"[80,216,206,224,143,249,167,80]","[206000,661000,579000,658000,397000,708000,496000,199000]",249,3904000
19,73,8,"[155,106,195,254,165,191,199,145]","[402000,329000,565000,747000,465000,529000,587000,383000]",254,4007000
19,74,8,"[171,193,207,143,189,192,199,168]","[495000,581000,582000,400000,513000,531000,587000,435000]",207,4124000
19,75,8,"[241,145,188,194,138,191,167,206]","[698000,431000,543000,552000,413000,541000,496000,565000]",241,4239000
19,76,8,"[133,155,260,193,149,262,199,115]","[334000,487000,762000,560000,407000,674000,587000,308000]",262,4119000
19,77,8,"[198,106,203,207,185,191,201,154]","[541000,329000,587000,597000,514000,529000,587000,407000]",207,4091000
19,78,8,"[128,110,215,224,202,223,217,67]","[340000,340000,622000,658000,581000,629000,623000,161000]",224,3954000
19,79,8,"[204,108,243,208,158,191,200,87]","[548000,329000,719000,598000,442000,529000,587000,213000]",243,3965000
19,80,8,"[130,155,216,225,190,224,199,69]","[340000,487000,627000,658000,500000,631000,587000,171000]",225,4001000
19,81,8,"[125,155,218,171,256,220,199,113]","[328000,487000,622000,489000,671000,623000,587000,292000]",256,4099000
19,82,8,"[44,215,238,193,145,220,167,146]","[112000,661000,692000,560000,407000,626000,496000,380000]",238,3934000
19,83,8,"[107,209,202,179,142,193,200,202]","[298000,632000,563000,502000,392000,545000,582000,524000]",209,4038000
19,84,8,"[44,215,285,224,143,222,167,124]","[112000,661000,753000,658000,397000,636000,496000,326000]",285,4039000
19,85,8,"[208,106,195,206,156,191,200,150]","[561000,329000,567000,599000,438000,529000,587000,399000]",208,4009000
19,86,8,"[130,155,221,224,143,220,199,96]","[338000,487000,627000,658000,397000,623000,587000,258000]",224,3975000
19,87,8,"[171,200,199,143,172,186,200,169]","[495000,604000,570000,400000,467000,510000,587000,437000]",200,4070000
19,88,8,"[194,145,200,199,163,191,167,197]","[541000,431000,558000,578000,437000,541000,496000,520000]",200,4102000
19,89,8,"[194,108,193,199,153,193,167,220]","[547000,329000,560000,565000,417000,545000,496000,590000]",220,4049000
19,90,8,"[198,145,194,191,156,191,167,211]","[549000,431000,565000,553000,424000,541000,496000,554000]",211,4113000
20,1,8,"[160,163,166,168,161,146,177,150]","[476000,459000,467000,450000,455000,424000,512000,417000]",177,3660000
20,2,8,"[131,183,164,130,163,181,175,128]","[382000,516000,469000,333000,455000,519000,512000,348000]",183,3534000
20,3,8,"[179,119,166,103,189,181,175,130]","[531000,331000,463000,254000,537000,514000,512000,352000]",189,3494000
20,4,8,"[179,119,166,103,189,181,175,130]","[531000,331000,463000,254000,537000,514000,512000,352000]",189,3494000
20,5,8,"[179,119,162,107,181,177,177,130]","[531000,331000,454000,276000,524000,514000,512000,352000]",181,3494000
20,6,8,"[156,159,176,119,181,177,177,130]","[461000,439000,498000,307000,502000,514000,512000,352000]",181,3585000
20,7,8,"[131,183,162,107,181,177,177,128]","[382000,516000,454000,276000,524000,514000,512000,348000]",183,3526000
20,8,8,"[178,122,165,122,160,177,177,138]","[529000,336000,474000,321000,455000,519000,512000,367000]",178,3513000
20,9,8,"[176,119,165,122,160,177,180,129]","[529000,331000,474000,321000,455000,519000,522000,352000]",180,3503000
20,10,8,"[160,163,166,126,161,146,177,179]","[476000,459000,467000,333000,455000,424000,512000,508000]",179,3634000
20,11,8,"[160,163,166,126,161,149,174,179]","[476000,459000,467000,333000,455000,426000,507000,508000]",179,3631000
20,12,8,"[156,159,169,126,164,182,176,130]","[461000,439000,482000,333000,455000,519000,512000,352000]",182,3553000
20,13,8,"[179,119,165,102,193,181,178,130]","[531000,331000,454000,254000,537000,520000,512000,352000]",193,3491000
20,14,8,"[157,167,166,168,161,149,174,150]","[461000,455000,467000,450000,455000,426000,507000,417000]",174,3638000
20,15,8,"[178,122,167,135,191,136,178,138]","[529000,336000,467000,340000,551000,383000,512000,367000]",191,3485000
20,16,8,"[156,159,178,111,179,177,179,130]","[461000,439000,518000,301000,502000,514000,512000,352000]",179,3599000
20,17,8,"[176,119,166,165,161,167,145,169]","[529000,331000,466000,435000,457000,469000,417000,464000]",176,3568000
20,18,8,"[156,159,180,128,165,181,175,130]","[461000,439000,500000,343000,464000,519000,512000,352000]",181,3590000
20,19,8,"[179,119,165,122,160,177,177,130]","[531000,331000,474000,321000,455000,519000,512000,352000]",179,3495000
20,20,8,"[179,119,166,103,189,181,175,130]","[531000,331000,463000,254000,537000,514000,512000,352000]",189,3494000
20,21,8,"[173,160,166,126,161,146,177,179]","[489000,439000,467000,333000,455000,424000,512000,508000]",179,3627000
20,22,8,"[157,167,166,168,161,149,174,150]","[461000,455000,467000,450000,455000,426000,507000,417000]",174,3638000
20,23,8,"[160,163,166,168,161,149,174,150]","[476000,459000,467000,450000,455000,426000,507000,417000]",174,3657000
20,24,8,"[179,119,166,103,189,181,175,130]","[531000,331000,460000,254000,537000,514000,512000,352000]",189,3491000
20,25,8,"[176,119,166,165,161,167,145,169]","[529000,331000,466000,435000,457000,469000,417000,464000]",176,3568000
20,26,8,"[179,119,165,131,193,134,178,130]","[531000,331000,477000,338000,551000,379000,512000,352000]",193,3471000
20,27,8,"[153,172,166,126,161,149,174,180]","[451000,467000,467000,333000,455000,426000,507000,508000]",180,3614000
20,28,8,"[106,158,168,125,163,178,180,168]","[329000,439000,472000,341000,455000,519000,522000,472000]",180,3549000
20,29,8,"[173,160,166,126,161,149,174,179]","[489000,439000,467000,333000,455000,426000,507000,508000]",179,3624000
20,30,8,"[179,119,162,107,181,177,177,130]","[531000,331000,454000,276000,524000,514000,512000,352000]",181,3494000
20,31,8,"[178,122,165,131,193,134,178,138]","[529000,336000,477000,338000,551000,379000,512000,367000]",193,3489000
20,32,8,"[157,161,180,128,165,181,175,138]","[469000,444000,500000,343000,464000,519000,512000,367000]",181,3618000
20,33,8,"[182,121,167,135,191,136,178,137]","[541000,331000,467000,340000,551000,383000,512000,372000]",191,3497000
20,34,8,"[180,107,191,135,191,134,178,131]","[533000,295000,540000,355000,551000,376000,512000,354000]",191,3516000
20,35,8,"[176,119,177,164,160,169,142,169]","[529000,331000,503000,448000,458000,476000,417000,464000]",177,3626000
20,36,8,"[176,120,177,168,179,143,134,144]","[529000,333000,502000,459000,508000,410000,385000,391000]",179,3517000
20,37,8,"[178,122,168,159,160,176,176,138]","[529000,336000,476000,431000,455000,495000,517000,367000]",178,3606000
20,38,8,"[148,177,166,168,161,149,174,150]","[424000,493000,467000,450000,455000,426000,507000,417000]",177,3639000
20,39,8,"[178,122,175,126,191,134,176,138]","[529000,336000,488000,333000,557000,379000,512000,367000]",191,3501000
20,40,8,"[157,175,166,168,161,149,174,150]","[461000,469000,467000,450000,455000,426000,507000,417000]",175,3652000
20,41,8,"[158,170,162,116,181,177,177,128]","[448000,478000,454000,293000,524000,514000,512000,348000]",181,3571000
20,42,8,"[177,121,166,124,227,134,181,137]","[534000,331000,474000,331000,643000,374000,527000,366000]",227,3580000
20,43,8,"[185,185,169,166,165,161,175,145]","[546000,511000,439000,457000,455000,451000,497000,416000]",185,3772000
20,44,8,"[208,195,160,111,229,139,180,144]","[575000,537000,439000,296000,647000,387000,519000,405000]",229,3805000
20,45,8,"[179,120,168,194,184,138,141,144]","[535000,333000,468000,500000,530000,405000,390000,396000]",194,3557000
20,46,8,"[184,196,170,104,226,134,175,132]","[527000,539000,465000,264000,641000,379000,512000,368000]",226,3695000
20,47,8,"[182,121,168,134,196,189,135,137]","[541000,331000,483000,343000,561000,529000,390000,376000]",196,3554000
20,48,8,"[165,180,174,104,228,187,194,143]","[476000,494000,473000,259000,645000,536000,527000,388000]",228,3798000
20,49,8,"[182,119,168,148,231,136,175,142]","[541000,331000,482000,412000,641000,381000,507000,401000]",231,3696000
20,50,8,"[181,198,168,107,163,181,175,132]","[517000,552000,461000,259000,455000,519000,512000,362000]",198,3637000
20,51,8,"[182,106,157,153,188,211,175,128]","[541000,293000,428000,403000,511000,590000,512000,348000]",211,3626000
20,52,8,"[181,148,180,128,165,181,175,132]","[517000,416000,500000,343000,464000,519000,512000,362000]",181,3633000
20,53,8,"[178,122,166,118,199,181,175,138]","[529000,336000,476000,293000,535000,514000,512000,367000]",199,3562000
20,54,8,"[176,119,167,131,226,186,152,152]","[529000,331000,467000,345000,641000,525000,419000,406000]",226,3663000
20,55,8,"[208,145,171,137,219,214,126,144]","[575000,401000,487000,342000,606000,599000,354000,405000]",219,3769000
20,56,8,"[178,121,176,150,169,230,135,146]","[529000,331000,489000,422000,494000,644000,387000,406000]",230,3702000
20,57,8,"[206,106,162,107,181,177,177,130]","[597000,293000,454000,276000,524000,514000,512000,352000]",206,3522000
20,58,8,"[187,200,166,158,179,161,174,195]","[532000,547000,439000,425000,494000,451000,500000,516000]",200,3904000
20,59,8,"[159,119,174,165,224,191,133,140]","[458000,331000,483000,441000,592000,530000,355000,382000]",224,3572000
20,60,8,"[176,119,159,145,199,169,142,169]","[529000,331000,433000,388000,578000,466000,417000,464000]",199,3606000
20,61,8,"[178,121,175,136,191,154,176,137]","[534000,331000,483000,350000,547000,428000,505000,366000]",191,3544000
20,62,8,"[205,189,171,137,219,212,126,144]","[649000,535000,487000,342000,606000,596000,354000,408000]",219,3977000
20,63,8,"[163,160,166,126,161,146,177,179]","[503000,439000,467000,333000,455000,424000,512000,508000]",179,3641000
20,64,8,"[188,158,162,131,223,134,175,131]","[535000,433000,462000,338000,625000,379000,512000,352000]",223,3636000
20,65,8,"[179,119,165,131,193,134,178,130]","[531000,331000,477000,338000,551000,379000,512000,352000]",193,3471000
20,66,8,"[152,158,166,168,161,146,177,203]","[424000,439000,467000,450000,455000,424000,512000,559000]",203,3730000
20,67,8,"[131,183,164,132,163,185,179,128]","[382000,516000,469000,340000,455000,523000,512000,348000]",185,3545000
20,68,8,"[153,119,165,100,188,231,175,127]","[449000,331000,461000,254000,537000,658000,521000,344000]",231,3555000
20,69,8,"[179,119,205,103,154,181,175,130]","[531000,331000,592000,254000,425000,514000,512000,352000]",205,3511000
20,70,8,"[179,119,157,135,181,177,177,130]","[531000,331000,440000,359000,519000,514000,512000,352000]",181,3558000
20,71,8,"[156,159,178,119,181,177,192,130]","[461000,439000,496000,307000,502000,514000,557000,352000]",192,3628000
20,72,8,"[163,185,162,107,181,177,177,107]","[470000,516000,454000,276000,524000,514000,512000,288000]",185,3554000
20,73,8,"[178,122,165,107,191,177,177,138]","[529000,336000,474000,276000,532000,519000,512000,367000]",191,3545000
20,74,8,"[176,106,163,122,245,177,180,129]","[529000,293000,456000,321000,636000,519000,522000,352000]",245,3628000
20,75,8,"[162,165,167,127,161,146,177,181]","[476000,459000,462000,338000,455000,424000,507000,518000]",181,3639000
20,76,8,"[160,163,136,126,161,193,174,179]","[476000,459000,374000,333000,455000,547000,507000,508000]",193,3659000
20,77,8,"[156,159,167,173,127,181,175,130]","[461000,439000,462000,465000,347000,519000,512000,352000]",181,3557000
20,78,8,"[179,119,165,102,193,181,178,130]","[531000,331000,454000,254000,537000,520000,512000,352000]",193,3491000
20,79,8,"[152,166,166,168,161,149,174,150]","[449000,455000,467000,450000,455000,426000,507000,417000]",174,3626000
20,80,8,"[178,122,176,133,190,135,177,138]","[529000,336000,488000,348000,552000,378000,512000,367000]",190,3510000
20,81,8,"[156,159,158,112,181,179,179,177]","[459000,439000,439000,292000,516000,519000,511000,468000]",181,3643000
20,82,8,"[176,119,166,164,160,167,145,169]","[529000,331000,466000,435000,455000,469000,417000,464000]",176,3566000
20,83,8,"[154,272,180,128,163,182,175,130]","[451000,704000,490000,343000,415000,521000,512000,352000]",272,3788000
20,84,8,"[179,119,163,157,146,180,179,130]","[531000,331000,464000,427000,412000,516000,512000,352000]",180,3545000
20,85,8,"[204,120,165,100,188,187,173,131]","[575000,333000,461000,254000,537000,541000,506000,354000]",204,3561000
20,86,8,"[173,160,182,126,161,147,191,179]","[489000,439000,488000,333000,455000,429000,552000,508000]",191,3693000
20,87,8,"[157,167,170,171,163,120,176,221]","[461000,455000,474000,465000,457000,330000,507000,595000]",221,3744000
20,88,8,"[108,158,166,168,161,216,174,150]","[302000,439000,467000,450000,455000,617000,507000,417000]",216,3654000
20,89,8,"[179,119,166,102,189,183,182,130]","[531000,331000,463000,256000,532000,519000,524000,352000]",189,3508000
20,90,8,"[176,119,166,150,161,167,173,169]","[529000,331000,472000,406000,457000,466000,491000,464000]",176,3616000
21,1,8,"[168,160,151,175,172,174,151,132]","[472000,452000,394000,494000,488000,489000,431000,390000]",175,3610000
21,2,8,"[176,106,100,170,133,165,169,173]","[491000,293000,250000,474000,373000,464000,486000,484000]",176,3315000
21,3,8,"[168,160,178,148,172,174,151,132]","[472000,452000,475000,419000,488000,489000,431000,390000]",178,3616000
21,4,8,"[174,106,95,159,127,165,169,133]","[498000,293000,235000,445000,362000,466000,486000,395000]",174,3180000
21,5,8,"[174,106,100,174,127,165,169,133]","[498000,293000,250000,485000,349000,464000,486000,395000]",174,3220000
21,6,8,"[174,106,64,175,145,165,169,133]","[498000,293000,165000,500000,409000,464000,486000,395000]",175,3210000
21,7,8,"[176,106,100,168,149,165,169,173]","[491000,293000,250000,471000,404000,464000,486000,484000]",176,3343000
21,8,8,"[172,158,154,175,172,174,151,132]","[481000,448000,400000,494000,488000,489000,431000,390000]",175,3621000
21,9,8,"[168,160,178,148,172,174,151,133]","[472000,452000,475000,419000,488000,489000,431000,392000]",178,3618000
21,10,8,"[123,106,101,144,160,185,186,133]","[354000,293000,263000,400000,470000,535000,542000,395000]",186,3252000
21,11,8,"[174,106,99,198,98,165,169,133]","[498000,293000,250000,550000,276000,465000,486000,395000]",198,3213000
21,12,8,"[176,147,64,166,156,165,169,173]","[491000,390000,165000,461000,430000,464000,486000,484000]",176,3371000
21,13,8,"[180,161,178,180,172,174,151,132]","[490000,457000,475000,486000,488000,489000,431000,390000]",180,3706000
21,14,8,"[174,106,114,170,125,165,169,133]","[498000,293000,304000,474000,346000,459000,486000,395000]",174,3255000
21,15,8,"[174,106,115,171,125,156,174,132]","[498000,293000,304000,474000,346000,438000,507000,390000]",174,3250000
21,16,8,"[174,106,106,161,145,162,174,134]","[498000,293000,279000,450000,384000,459000,488000,400000]",174,3251000
21,17,8,"[174,106,64,175,172,162,172,133]","[498000,293000,165000,485000,460000,459000,486000,395000]",175,3241000
21,18,8,"[172,158,181,148,172,174,151,132]","[481000,448000,481000,419000,488000,489000,431000,390000]",181,3627000
21,19,8,"[174,106,100,173,127,156,176,133]","[498000,293000,250000,490000,349000,438000,507000,395000]",176,3220000
21,20,8,"[174,106,106,161,144,156,174,133]","[498000,293000,279000,455000,382000,438000,507000,395000]",174,3247000
21,21,8,"[174,106,100,174,142,162,172,133]","[498000,293000,250000,485000,377000,459000,486000,395000]",174,3243000
21,22,8,"[176,116,113,167,144,162,172,173]","[491000,313000,273000,463000,397000,459000,486000,484000]",176,3366000
21,23,8,"[174,106,114,170,125,165,169,133]","[498000,293000,304000,474000,346000,459000,486000,395000]",174,3255000
21,24,8,"[174,106,95,144,127,165,202,133]","[498000,293000,235000,400000,362000,466000,567000,395000]",202,3216000
21,25,8,"[174,106,133,153,125,165,169,133]","[498000,293000,348000,429000,346000,464000,486000,395000]",174,3259000
21,26,8,"[176,102,142,167,146,162,172,173]","[491000,290000,358000,469000,403000,459000,488000,484000]",176,3442000
21,27,8,"[177,106,151,167,148,166,170,174]","[491000,293000,366000,461000,403000,465000,486000,465000]",177,3430000
21,28,8,"[176,116,122,171,156,165,169,151]","[496000,313000,306000,486000,422000,459000,486000,438000]",176,3406000
21,29,8,"[174,106,106,158,144,197,139,133]","[498000,293000,279000,445000,382000,562000,395000,395000]",197,3249000
21,30,8,"[182,102,116,161,125,165,170,133]","[523000,290000,289000,460000,358000,466000,488000,395000]",182,3269000
21,31,8,"[174,106,100,172,127,194,141,132]","[498000,293000,250000,485000,349000,565000,399000,390000]",194,3229000
21,32,8,"[174,106,100,176,142,156,174,132]","[498000,293000,250000,500000,377000,438000,507000,390000]",176,3253000
21,33,8,"[176,106,141,173,128,169,169,173]","[491000,293000,365000,490000,362000,475000,486000,484000]",176,3446000
21,34,8,"[174,106,100,168,147,156,174,133]","[498000,293000,250000,474000,401000,438000,507000,395000]",174,3256000
21,35,8,"[174,106,129,170,98,131,209,133]","[498000,293000,342000,469000,276000,367000,610000,395000]",209,3250000
21,36,8,"[176,106,140,174,128,172,167,173]","[491000,293000,370000,495000,362000,490000,479000,484000]",176,3464000
21,37,8,"[182,102,117,160,125,197,139,132]","[523000,290000,289000,455000,358000,574000,395000,390000]",197,3274000
21,38,8,"[174,106,96,166,127,191,169,133]","[498000,293000,237000,459000,362000,529000,486000,395000]",191,3259000
21,39,8,"[174,106,104,143,98,159,245,133]","[498000,293000,252000,400000,276000,429000,696000,395000]",245,3239000
21,40,8,"[176,116,165,166,148,165,169,173]","[491000,313000,395000,461000,403000,464000,486000,469000]",176,3482000
21,41,8,"[174,106,107,143,146,168,215,138]","[498000,293000,269000,400000,386000,459000,617000,411000]",215,3333000
21,42,8,"[174,106,100,161,155,166,170,133]","[498000,293000,241000,438000,430000,467000,486000,395000]",174,3248000
21,43,8,"[175,106,138,168,122,165,169,133]","[498000,293000,367000,453000,329000,464000,486000,395000]",175,3285000
21,44,8,"[174,106,106,161,144,159,174,133]","[498000,293000,279000,450000,382000,444000,507000,395000]",174,3248000
21,45,8,"[182,102,82,186,139,143,209,134]","[523000,290000,206000,495000,377000,397000,619000,400000]",209,3307000
21,46,8,"[176,106,111,166,149,162,172,173]","[491000,293000,267000,459000,418000,459000,488000,484000]",176,3359000
21,47,8,"[185,120,134,221,162,188,250,135]","[506000,343000,352000,607000,397000,517000,726000,405000]",250,3853000
21,48,8,"[132,148,122,181,155,156,184,137]","[389000,416000,300000,488000,430000,432000,542000,403000]",184,3400000
21,49,8,"[186,105,81,167,156,168,209,173]","[516000,299000,204000,440000,430000,468000,610000,484000]",209,3451000
21,50,8,"[175,106,117,151,166,170,240,133]","[498000,293000,280000,395000,459000,487000,670000,395000]",240,3477000
21,51,8,"[174,106,135,130,131,178,209,136]","[498000,293000,354000,347000,367000,464000,610000,401000]",209,3334000
21,52,8,"[174,106,104,130,155,156,209,133]","[498000,293000,243000,347000,430000,426000,610000,395000]",209,3242000
21,53,8,"[176,114,138,194,171,195,252,135]","[489000,323000,366000,527000,438000,523000,730000,405000]",252,3801000
21,54,8,"[174,106,95,162,148,159,210,140]","[498000,293000,235000,447000,391000,432000,619000,421000]",210,3336000
21,55,8,"[247,192,170,152,160,168,210,135]","[836000,567000,455000,395000,434000,457000,612000,399000]",247,4155000
21,56,8,"[177,106,115,131,167,169,209,174]","[491000,293000,274000,347000,447000,467000,610000,484000]",209,3413000
21,57,8,"[174,106,100,159,135,165,169,133]","[498000,293000,250000,450000,373000,464000,486000,395000]",174,3209000
21,58,8,"[174,106,104,143,146,168,204,138]","[498000,293000,264000,400000,386000,459000,598000,411000]",204,3309000
21,59,8,"[132,148,124,162,155,168,172,133]","[389000,416000,300000,436000,430000,467000,486000,395000]",172,3319000
21,60,8,"[132,148,133,147,141,161,233,140]","[389000,416000,339000,405000,366000,430000,679000,421000]",233,3445000
21,61,8,"[185,105,84,191,142,167,203,137]","[523000,299000,214000,521000,368000,457000,598000,409000]",203,3389000
21,62,8,"[168,160,89,170,195,185,253,135]","[472000,452000,225000,469000,498000,511000,732000,405000]",253,3764000
21,63,8,"[174,106,138,198,128,165,169,133]","[498000,293000,367000,537000,349000,464000,486000,395000]",198,3389000
21,64,8,"[174,106,95,166,127,215,166,132]","[498000,293000,235000,459000,362000,586000,477000,390000]",215,3300000
21,65,8,"[176,116,113,176,160,163,173,173]","[491000,313000,276000,497000,455000,461000,488000,484000]",176,3465000
21,66,8,"[168,160,151,178,209,177,151,136]","[472000,452000,394000,506000,560000,497000,431000,407000]",209,3719000
21,67,8,"[186,118,100,170,133,165,169,173]","[521000,343000,250000,474000,373000,464000,486000,484000]",186,3395000
21,68,8,"[156,160,217,148,172,174,151,132]","[437000,452000,565000,419000,488000,489000,431000,390000]",217,3671000
21,69,8,"[174,158,100,159,130,171,169,133]","[498000,418000,250000,447000,377000,453000,486000,395000]",174,3324000
21,70,8,"[174,106,95,190,127,195,171,134]","[498000,293000,235000,509000,353000,546000,486000,397000]",195,3317000
21,71,8,"[174,106,64,173,145,157,176,132]","[498000,293000,165000,490000,409000,438000,507000,390000]",176,3190000
21,72,8,"[183,102,117,170,144,164,174,175]","[516000,290000,289000,484000,399000,459000,488000,494000]",183,3419000
21,73,8,"[169,225,151,175,172,174,151,162]","[488000,603000,394000,494000,488000,489000,431000,432000]",225,3819000
21,74,8,"[168,160,178,146,175,179,147,133]","[472000,452000,475000,409000,500000,507000,413000,392000]",179,3620000
21,75,8,"[123,106,101,157,160,183,184,133]","[354000,293000,263000,440000,470000,519000,542000,395000]",184,3276000
21,76,8,"[174,196,99,198,98,172,169,133]","[498000,503000,250000,550000,276000,445000,486000,395000]",198,3403000
21,77,8,"[123,147,64,166,155,165,169,202]","[354000,390000,165000,461000,415000,464000,486000,575000]",202,3310000
21,78,8,"[179,161,178,157,172,174,151,132]","[488000,457000,475000,432000,488000,489000,431000,390000]",179,3650000
21,79,8,"[174,106,116,204,128,168,169,133]","[498000,293000,293000,543000,352000,471000,486000,395000]",204,3331000
21,80,8,"[174,106,112,209,125,135,174,136]","[498000,293000,291000,577000,346000,368000,507000,410000]",209,3290000
21,81,8,"[182,102,125,159,142,165,169,133]","[523000,290000,318000,445000,383000,464000,486000,395000]",182,3304000
21,82,8,"[174,106,64,175,172,194,141,132]","[498000,293000,165000,490000,460000,565000,399000,390000]",194,3260000
21,83,8,"[172,198,181,148,164,173,151,136]","[481000,555000,481000,419000,445000,489000,431000,398000]",198,3699000
21,84,8,"[174,106,100,172,129,197,141,132]","[498000,293000,250000,485000,359000,562000,399000,390000]",197,3236000
21,85,8,"[174,106,106,161,144,127,174,173]","[498000,293000,279000,457000,382000,347000,507000,505000]",174,3268000
21,86,8,"[174,106,101,174,151,165,169,155]","[498000,293000,242000,485000,437000,464000,486000,448000]",174,3353000
21,87,8,"[123,116,113,167,144,162,172,202]","[354000,313000,273000,463000,397000,459000,486000,575000]",202,3320000
21,88,8,"[174,116,126,167,126,165,169,133]","[498000,313000,320000,464000,346000,461000,486000,395000]",174,3283000
21,89,8,"[174,106,95,144,127,198,172,132]","[498000,293000,235000,400000,362000,579000,476000,390000]",198,3233000
21,90,8,"[174,106,133,180,125,162,168,133]","[498000,293000,348000,510000,346000,459000,457000,395000]",180,3306000
22,1,8,"[176,139,102,155,116,195,198,176]","[496000,422000,270000,439000,306000,543000,582000,517000]",198,3575000
22,2,8,"[166,167,114,157,150,193,191,185]","[462000,488000,320000,453000,375000,542000,547000,514000]",193,3701000
22,3,8,"[172,180,146,157,149,159,192,186]","[474000,537000,388000,453000,383000,428000,552000,518000]",192,3733000
22,4,8,"[164,190,120,179,149,179,178,184]","[433000,584000,318000,514000,414000,488000,512000,521000]",190,3784000
22,5,8,"[108,190,102,155,126,202,198,170]","[300000,584000,270000,433000,317000,569000,582000,494000]",202,3549000
22,6,8,"[160,183,94,157,103,194,191,186]","[446000,534000,247000,455000,265000,547000,547000,522000]",194,3563000
22,7,8,"[172,180,155,151,135,192,192,186]","[475000,531000,445000,398000,341000,534000,549000,518000]",192,3791000
22,8,8,"[98,237,90,160,103,191,191,185]","[271000,705000,237000,461000,263000,533000,547000,519000]",237,3536000
22,9,8,"[98,190,148,156,101,191,191,185]","[271000,584000,377000,453000,268000,538000,547000,519000]",191,3557000
22,10,8,"[178,165,108,157,144,193,191,187]","[480000,484000,309000,453000,373000,542000,547000,524000]",193,3712000
22,11,8,"[178,178,95,157,144,193,191,187]","[480000,522000,271000,453000,373000,542000,547000,524000]",193,3712000
22,12,8,"[98,228,90,158,102,187,197,196]","[271000,677000,237000,457000,263000,519000,577000,542000]",228,3543000
22,13,8,"[111,190,142,188,131,187,197,172]","[315000,584000,380000,553000,337000,519000,577000,489000]",197,3754000
22,14,8,"[173,170,109,157,144,194,191,188]","[470000,496000,309000,453000,371000,547000,547000,526000]",194,3719000
22,15,8,"[190,169,170,189,177,159,193,187]","[524000,506000,451000,549000,460000,432000,554000,523000]",193,3999000
22,16,8,"[193,168,160,189,188,147,191,192]","[539000,504000,428000,549000,493000,418000,547000,541000]",193,4019000
22,17,8,"[160,139,123,156,151,202,191,194]","[442000,422000,333000,453000,419000,572000,547000,538000]",202,3726000
22,18,8,"[108,221,89,155,131,189,218,167]","[300000,658000,232000,433000,332000,504000,640000,484000]",221,3583000
22,19,8,"[175,172,90,156,161,187,197,184]","[490000,476000,237000,453000,451000,533000,577000,519000]",197,3736000
22,20,8,"[98,237,90,160,103,188,202,187]","[271000,705000,237000,461000,268000,518000,582000,529000]",237,3571000
22,21,8,"[161,170,124,158,151,191,194,182]","[444000,493000,329000,457000,397000,533000,549000,514000]",194,3716000
22,22,8,"[159,139,123,156,148,205,191,189]","[437000,422000,333000,453000,414000,572000,547000,535000]",205,3713000
22,23,8,"[165,187,161,192,189,161,192,186]","[458000,554000,423000,555000,498000,428000,552000,518000]",192,3986000
22,24,8,"[193,168,161,189,189,161,192,186]","[539000,504000,423000,549000,494000,428000,552000,518000]",193,4007000
22,25,8,"[105,237,119,156,73,191,191,185]","[301000,705000,325000,453000,197000,533000,547000,519000]",237,3580000
22,26,8,"[176,139,102,155,126,195,198,176]","[496000,422000,270000,439000,317000,543000,582000,517000]",198,3586000
22,27,8,"[188,190,124,160,158,173,178,190]","[505000,584000,333000,464000,447000,477000,512000,542000]",190,3864000
22,28,8,"[188,190,124,160,152,192,161,189]","[505000,584000,333000,464000,429000,541000,463000,530000]",192,3849000
22,29,8,"[108,221,89,155,126,202,198,170]","[300000,658000,232000,433000,317000,569000,582000,494000]",221,3585000
22,30,8,"[151,189,91,156,176,177,199,187]","[425000,555000,242000,453000,455000,451000,577000,527000]",199,3685000
22,31,8,"[172,167,108,157,150,195,193,187]","[474000,499000,309000,453000,383000,546000,551000,520000]",195,3735000
22,32,8,"[176,139,102,153,114,215,199,175]","[496000,422000,270000,429000,306000,583000,584000,512000]",215,3602000
22,33,8,"[193,168,160,189,185,143,191,194]","[539000,504000,428000,549000,488000,398000,547000,538000]",194,3991000
22,34,8,"[98,239,90,158,102,184,199,196]","[271000,705000,237000,457000,263000,518000,582000,542000]",239,3575000
22,35,8,"[179,189,142,133,180,193,193,194]","[511000,554000,395000,383000,476000,552000,547000,538000]",194,3956000
22,36,8,"[181,189,143,192,189,160,193,187]","[508000,558000,370000,561000,503000,430000,554000,523000]",193,4007000
22,37,8,"[165,139,123,157,148,205,191,189]","[462000,422000,323000,453000,414000,572000,547000,535000]",205,3728000
22,38,8,"[85,237,104,160,103,188,202,187]","[233000,705000,280000,461000,268000,518000,582000,529000]",237,3576000
22,39,8,"[88,237,92,156,120,185,200,185]","[238000,705000,247000,453000,320000,512000,582000,529000]",237,3586000
22,40,8,"[176,170,89,155,116,195,198,176]","[496000,496000,232000,439000,306000,543000,582000,517000]",198,3611000
22,41,8,"[175,177,106,160,136,193,193,187]","[476000,522000,297000,459000,361000,539000,551000,518000]",193,3723000
22,42,8,"[193,168,164,189,153,187,191,185]","[539000,504000,428000,549000,383000,515000,547000,523000]",193,3988000
22,43,8,"[151,189,91,156,172,185,200,185]","[425000,555000,242000,453000,453000,519000,546000,518000]",200,3711000
22,44,8,"[105,192,119,158,101,187,197,196]","[301000,584000,325000,457000,263000,519000,577000,542000]",197,3568000
22,45,8,"[192,199,156,165,202,161,196,184]","[534000,602000,432000,450000,540000,436000,560000,518000]",202,4072000
22,46,8,"[151,189,130,153,132,185,216,170]","[425000,555000,331000,429000,332000,497000,636000,490000]",216,3695000
22,47,8,"[183,187,79,165,140,196,198,176]","[507000,554000,209000,447000,371000,543000,582000,517000]",198,3730000
22,48,8,"[151,228,141,149,104,194,200,188]","[425000,634000,384000,394000,273000,528000,582000,535000]",228,3755000
22,49,8,"[160,175,105,156,151,202,191,194]","[442000,515000,275000,453000,419000,572000,547000,538000]",202,3761000
22,50,8,"[110,221,110,155,139,189,218,167]","[304000,658000,274000,433000,339000,504000,640000,484000]",221,3636000
22,51,8,"[105,241,119,156,73,192,191,185]","[301000,713000,325000,453000,197000,537000,547000,518000]",241,3591000
22,52,8,"[156,172,119,156,151,192,191,185]","[445000,500000,340000,453000,368000,543000,547000,524000]",192,3720000
22,53,8,"[110,219,160,190,104,191,191,185]","[300000,666000,428000,549000,265000,533000,547000,519000]",219,3807000
22,54,8,"[108,190,102,155,114,218,198,173]","[300000,584000,270000,433000,306000,589000,582000,509000]",218,3573000
22,55,8,"[176,171,145,184,177,179,194,189]","[490000,505000,395000,485000,443000,499000,552000,540000]",194,3909000
22,56,8,"[186,199,109,186,159,162,210,185]","[489000,598000,290000,492000,433000,446000,610000,523000]",210,3881000
22,57,8,"[175,164,114,185,135,192,192,186]","[477000,484000,315000,486000,355000,534000,549000,518000]",192,3718000
22,58,8,"[200,237,102,160,74,194,194,189]","[526000,705000,270000,464000,199000,538000,553000,527000]",237,3782000
22,59,8,"[123,222,89,260,186,195,192,186]","[328000,672000,232000,718000,477000,540000,552000,521000]",260,4040000
22,60,8,"[108,221,89,157,125,195,191,185]","[300000,658000,232000,443000,317000,543000,547000,543000]",221,3583000
22,61,8,"[164,183,92,199,73,192,191,185]","[461000,534000,247000,560000,197000,537000,547000,518000]",199,3601000
22,62,8,"[114,219,168,186,144,188,191,188]","[311000,666000,450000,549000,377000,532000,547000,522000]",219,3954000
22,63,8,"[267,168,237,226,160,163,217,186]","[750000,504000,660000,608000,452000,448000,625000,525000]",267,4572000
22,64,8,"[179,170,87,264,197,196,191,186]","[501000,504000,231000,735000,520000,551000,547000,525000]",264,4114000
22,65,8,"[154,191,108,157,100,194,200,188]","[430000,548000,285000,453000,278000,528000,582000,535000]",200,3639000
22,66,8,"[267,100,102,155,116,195,198,176]","[735000,293000,270000,439000,306000,543000,582000,517000]",267,3685000
22,67,8,"[171,132,112,157,143,194,268,188]","[492000,381000,304000,453000,367000,547000,743000,526000]",268,3813000
22,68,8,"[206,165,146,157,146,155,192,190]","[555000,484000,391000,453000,379000,424000,552000,526000]",206,3764000
22,69,8,"[164,190,120,180,149,177,179,184]","[433000,584000,318000,519000,414000,493000,512000,521000]",190,3794000
22,70,8,"[95,190,116,155,126,202,198,170]","[262000,584000,313000,433000,317000,569000,582000,494000]",202,3554000
22,71,8,"[160,183,111,156,73,192,191,185]","[441000,534000,300000,453000,197000,537000,547000,518000]",192,3527000
22,72,8,"[171,180,152,151,116,194,193,187]","[474000,528000,427000,398000,307000,547000,551000,522000]",194,3754000
22,73,8,"[98,237,90,111,103,191,283,185]","[271000,705000,237000,309000,263000,533000,788000,519000]",283,3625000
22,74,8,"[98,152,148,212,101,191,191,185]","[271000,455000,377000,625000,268000,538000,547000,519000]",212,3600000
22,75,8,"[178,165,108,157,145,195,191,187]","[480000,484000,309000,453000,377000,547000,547000,524000]",195,3721000
22,76,8,"[175,177,95,157,145,191,255,144]","[482000,522000,271000,453000,375000,529000,717000,382000]",255,3731000
22,77,8,"[98,277,77,158,102,187,197,196]","[271000,787000,199000,457000,263000,519000,577000,542000]",277,3615000
22,78,8,"[114,190,128,188,181,187,197,175]","[321000,584000,340000,553000,448000,519000,577000,495000]",197,3837000
22,79,8,"[173,170,121,157,136,193,193,187]","[470000,496000,347000,453000,343000,539000,551000,520000]",193,3719000
22,80,8,"[190,169,170,189,177,156,193,194]","[524000,506000,451000,549000,463000,426000,554000,538000]",194,4011000
22,81,8,"[193,168,142,189,188,147,213,191]","[539000,504000,362000,549000,493000,418000,609000,541000]",213,4015000
22,82,8,"[160,139,123,156,148,157,249,194]","[442000,422000,333000,453000,409000,422000,729000,538000]",249,3748000
22,83,8,"[108,221,89,155,131,199,218,168]","[300000,658000,232000,433000,332000,534000,640000,484000]",221,3613000
22,84,8,"[170,169,97,156,161,187,197,184]","[473000,471000,257000,453000,451000,533000,577000,519000]",197,3734000
22,85,8,"[105,237,106,160,101,185,200,185]","[301000,705000,287000,461000,265000,512000,582000,529000]",237,3642000
22,86,8,"[160,169,133,157,135,192,192,186]","[439000,488000,365000,455000,343000,543000,549000,518000]",192,3700000
22,87,8,"[159,139,123,156,151,196,216,186]","[437000,422000,333000,453000,414000,549000,613000,525000]",216,3746000
22,88,8,"[165,187,159,192,242,159,192,151]","[458000,554000,423000,555000,651000,428000,552000,416000]",242,4037000
22,89,8,"[193,168,159,189,185,159,192,210]","[539000,504000,423000,549000,488000,431000,552000,571000]",210,4057000
22,90,8,"[105,237,119,156,73,191,203,185]","[301000,705000,325000,453000,197000,533000,571000,520000]",237,3605000
23,1,8,"[152,139,151,149,168,150,162,139]","[418000,408000,422000,385000,480000,474000,472000,398000]",168,3457000
23,2,8,"[162,156,175,150,163,150,163,143]","[435000,462000,449000,379000,465000,472000,472000,388000]",175,3522000
23,3,8,"[149,154,159,87,200,150,181,111]","[403000,458000,433000,216000,576000,477000,530000,318000]",200,3411000
23,4,8,"[144,156,189,178,178,150,104,111]","[396000,458000,504000,490000,495000,474000,304000,318000]",189,3439000
23,5,8,"[152,163,172,149,170,150,164,136]","[418000,450000,458000,377000,473000,474000,474000,392000]",172,3516000
23,6,8,"[151,156,147,147,161,150,161,143]","[403000,458000,405000,379000,461000,477000,472000,388000]",161,3443000
23,7,8,"[150,154,159,147,166,150,172,111]","[408000,458000,433000,379000,473000,477000,503000,318000]",172,3449000
23,8,8,"[150,139,137,167,170,150,164,139]","[408000,408000,374000,439000,480000,474000,472000,398000]",170,3453000
23,9,8,"[151,141,160,148,169,150,163,136]","[413000,408000,421000,377000,480000,474000,474000,392000]",169,3439000
23,10,8,"[152,122,155,175,201,150,143,111]","[418000,346000,433000,488000,588000,474000,408000,318000]",201,3473000
23,11,8,"[150,156,136,166,169,156,163,132]","[403000,462000,377000,434000,480000,480000,472000,355000]",169,3463000
23,12,8,"[156,123,171,151,166,150,166,136]","[413000,347000,454000,411000,476000,474000,477000,392000]",171,3444000
23,13,8,"[142,154,180,167,175,150,139,111]","[386000,458000,487000,445000,495000,477000,401000,318000]",180,3467000
23,14,8,"[152,140,152,151,168,150,162,139]","[418000,410000,430000,389000,480000,477000,472000,398000]",168,3474000
23,15,8,"[151,156,136,167,161,156,164,143]","[403000,462000,377000,434000,461000,480000,472000,388000]",167,3477000
23,16,8,"[150,122,155,174,169,150,184,111]","[408000,346000,433000,488000,476000,474000,533000,308000]",184,3466000
23,17,8,"[151,154,159,146,169,150,130,169]","[413000,458000,433000,379000,475000,477000,365000,478000]",169,3478000
23,18,8,"[150,154,159,147,167,150,180,111]","[408000,458000,433000,379000,475000,477000,519000,318000]",180,3467000
23,19,8,"[143,156,189,185,174,150,104,111]","[386000,458000,504000,504000,495000,474000,304000,318000]",189,3443000
23,20,8,"[151,141,160,148,170,150,163,136]","[413000,408000,421000,377000,481000,474000,474000,392000]",170,3440000
23,21,8,"[153,122,165,160,167,156,161,138]","[413000,346000,459000,436000,476000,480000,472000,396000]",167,3478000
23,22,8,"[150,154,159,147,200,150,138,111]","[408000,458000,433000,379000,576000,477000,399000,318000]",200,3448000
23,23,8,"[152,156,147,149,205,150,139,111]","[418000,458000,402000,385000,593000,474000,399000,308000]",205,3437000
23,24,8,"[151,140,161,148,170,150,162,136]","[413000,410000,432000,383000,481000,477000,472000,392000]",170,3460000
23,25,8,"[150,123,166,167,170,150,165,142]","[408000,347000,467000,445000,476000,477000,476000,413000]",170,3509000
23,26,8,"[150,155,179,74,205,150,162,130]","[408000,460000,482000,208000,593000,474000,472000,364000]",205,3461000
23,27,8,"[152,163,160,149,170,150,164,136]","[418000,450000,433000,379000,473000,477000,474000,392000]",170,3496000
23,28,8,"[150,140,161,153,168,150,162,136]","[408000,410000,437000,402000,480000,474000,472000,392000]",168,3475000
23,29,8,"[153,156,163,157,169,150,163,125]","[413000,458000,440000,420000,479000,474000,472000,355000]",169,3511000
23,30,8,"[154,154,159,148,171,150,148,136]","[428000,458000,433000,379000,482000,477000,419000,381000]",171,3457000
23,31,8,"[150,170,178,125,168,150,162,140]","[408000,471000,476000,346000,477000,474000,472000,412000]",178,3536000
23,32,8,"[150,170,178,125,168,150,162,140]","[408000,471000,476000,346000,477000,474000,472000,412000]",178,3536000
23,33,8,"[150,169,169,171,168,150,162,137]","[408000,471000,463000,446000,477000,477000,472000,397000]",171,3611000
23,34,8,"[151,154,172,146,169,150,129,169]","[413000,458000,454000,377000,475000,474000,363000,478000]",172,3492000
23,35,8,"[151,156,147,148,173,150,183,111]","[413000,458000,405000,379000,496000,477000,529000,308000]",183,3465000
23,36,8,"[142,154,180,198,174,150,104,111]","[386000,458000,487000,534000,495000,477000,304000,318000]",198,3459000
23,37,8,"[152,156,147,149,206,150,141,111]","[418000,458000,405000,379000,595000,477000,401000,308000]",206,3441000
23,38,8,"[151,123,166,169,202,150,138,111]","[408000,347000,438000,477000,588000,474000,399000,318000]",202,3449000
23,39,8,"[152,140,152,151,170,150,162,139]","[418000,410000,430000,389000,481000,477000,472000,398000]",170,3475000
23,40,8,"[165,156,147,149,206,150,139,105]","[453000,458000,402000,385000,593000,474000,399000,278000]",206,3442000
23,41,8,"[153,123,166,170,170,208,119,142]","[423000,347000,467000,451000,478000,641000,338000,413000]",208,3558000
23,42,8,"[154,140,161,148,170,208,120,136]","[428000,410000,432000,383000,473000,641000,338000,392000]",208,3497000
23,43,8,"[153,156,163,157,169,208,126,125]","[418000,458000,440000,420000,479000,638000,355000,355000]",208,3563000
23,44,8,"[152,154,159,142,170,150,186,113]","[418000,458000,433000,355000,484000,477000,530000,308000]",186,3463000
23,45,8,"[152,154,159,146,169,208,131,113]","[418000,458000,433000,379000,475000,641000,369000,318000]",208,3491000
23,46,8,"[153,123,205,155,178,251,167,138]","[423000,344000,593000,428000,515000,721000,502000,396000]",251,3922000
23,47,8,"[156,156,137,108,178,255,167,137]","[412000,462000,379000,275000,515000,714000,487000,376000]",255,3620000
23,48,8,"[157,123,171,152,167,150,167,146]","[418000,347000,454000,411000,478000,474000,477000,403000]",171,3462000
23,49,8,"[154,171,140,108,176,256,165,139]","[418000,465000,391000,275000,505000,729000,487000,401000]",256,3671000
23,50,8,"[153,154,165,169,175,208,119,131]","[423000,458000,449000,446000,497000,641000,338000,374000]",208,3626000
23,51,8,"[157,148,159,150,173,208,121,159]","[443000,419000,433000,379000,488000,641000,340000,447000]",208,3590000
23,52,8,"[151,156,147,147,161,150,161,143]","[403000,458000,405000,379000,461000,477000,472000,388000]",161,3443000
23,53,8,"[150,122,155,174,169,227,140,111]","[408000,346000,433000,488000,476000,670000,403000,308000]",227,3532000
23,54,8,"[153,123,184,160,168,150,162,139]","[413000,347000,512000,417000,480000,474000,472000,398000]",184,3513000
23,55,8,"[189,155,150,149,173,250,142,113]","[528000,460000,411000,385000,493000,710000,405000,318000]",250,3710000
23,56,8,"[165,140,161,148,175,208,121,158]","[453000,410000,432000,383000,496000,641000,344000,445000]",208,3604000
23,57,8,"[152,139,172,149,170,150,162,136]","[418000,408000,453000,390000,481000,477000,472000,392000]",172,3491000
23,58,8,"[157,154,159,145,172,208,140,110]","[425000,458000,433000,355000,480000,641000,396000,307000]",208,3495000
23,59,8,"[150,155,169,169,173,150,161,130]","[408000,460000,463000,446000,494000,477000,472000,374000]",173,3594000
23,60,8,"[152,140,152,151,170,150,162,139]","[418000,410000,430000,389000,481000,477000,472000,398000]",170,3475000
23,61,8,"[153,139,147,106,178,249,167,140]","[423000,410000,394000,262000,515000,706000,502000,400000]",249,3612000
23,62,8,"[150,140,163,153,174,252,140,111]","[408000,412000,447000,402000,495000,714000,399000,308000]",252,3585000
23,63,8,"[154,159,206,151,169,150,163,126]","[413000,478000,589000,409000,477000,474000,472000,355000]",206,3667000
23,64,8,"[150,169,169,171,168,150,162,137]","[408000,471000,463000,446000,477000,477000,472000,397000]",171,3611000
23,65,8,"[156,149,154,163,171,216,119,140]","[428000,418000,425000,418000,483000,648000,338000,394000]",216,3552000
23,66,8,"[152,139,151,149,178,150,161,139]","[418000,408000,422000,385000,500000,474000,472000,398000]",178,3477000
23,67,8,"[176,154,114,148,163,150,163,143]","[490000,458000,307000,379000,461000,472000,472000,388000]",176,3427000
23,68,8,"[149,154,172,86,200,150,181,111]","[403000,458000,454000,214000,576000,474000,530000,318000]",200,3427000
23,69,8,"[144,131,189,178,178,198,104,111]","[396000,378000,504000,490000,495000,600000,304000,318000]",198,3485000
23,70,8,"[150,163,170,179,169,152,163,136]","[408000,450000,454000,478000,473000,447000,472000,392000]",179,3574000
23,71,8,"[151,156,147,154,161,150,161,159]","[403000,458000,405000,404000,461000,477000,472000,411000]",161,3491000
23,72,8,"[150,154,159,87,167,240,172,114]","[408000,458000,438000,216000,475000,701000,503000,318000]",240,3517000
23,73,8,"[154,143,188,166,157,150,165,136]","[405000,416000,493000,423000,434000,474000,487000,392000]",188,3524000
23,74,8,"[150,139,144,177,168,152,162,139]","[408000,408000,407000,459000,480000,477000,472000,398000]",177,3509000
23,75,8,"[152,122,155,175,201,150,143,111]","[418000,346000,433000,488000,588000,474000,408000,308000]",201,3463000
23,76,8,"[150,155,140,184,168,150,162,132]","[403000,458000,392000,477000,480000,477000,472000,355000]",184,3514000
23,77,8,"[156,98,171,151,166,221,166,136]","[413000,267000,454000,411000,476000,646000,477000,392000]",221,3536000
23,78,8,"[149,154,180,172,175,150,146,113]","[408000,458000,487000,458000,495000,477000,410000,319000]",180,3512000
23,79,8,"[152,186,153,151,210,150,163,139]","[418000,508000,430000,389000,558000,477000,472000,398000]",210,3650000
23,80,8,"[151,156,220,128,161,156,161,144]","[403000,462000,579000,321000,461000,480000,472000,390000]",220,3568000
23,81,8,"[150,124,155,174,169,156,184,111]","[408000,346000,433000,489000,481000,486000,529000,308000]",184,3480000
23,82,8,"[149,154,159,146,169,150,152,169]","[403000,458000,433000,379000,473000,477000,410000,481000]",169,3514000
23,83,8,"[150,154,206,147,177,150,179,111]","[408000,458000,560000,379000,471000,477000,517000,318000]",206,3588000
23,84,8,"[202,156,189,162,176,150,106,111]","[536000,458000,504000,450000,495000,474000,308000,318000]",202,3543000
23,85,8,"[191,149,160,152,171,150,165,136]","[514000,416000,421000,385000,481000,474000,478000,392000]",191,3561000
23,86,8,"[153,122,165,210,132,156,163,138]","[413000,346000,459000,578000,361000,480000,472000,396000]",210,3505000
23,87,8,"[161,195,159,150,200,150,138,82]","[430000,573000,433000,379000,576000,477000,399000,227000]",200,3494000
23,88,8,"[152,129,147,149,205,198,139,111]","[418000,378000,402000,385000,593000,600000,399000,308000]",205,3483000
23,89,8,"[150,140,139,163,170,150,162,139]","[408000,410000,382000,431000,481000,477000,472000,398000]",170,3459000
23,90,8,"[150,123,183,130,167,150,161,136]","[408000,347000,492000,359000,476000,474000,472000,392000]",183,3420000
24,1,8,"[141,127,92,88,111,157,123,121]","[394000,345000,237000,235000,290000,431000,339000,324000]",157,2595000
24,2,8,"[146,103,98,82,82,137,171,133]","[400000,267000,252000,202000,215000,383000,477000,332000]",171,2528000
24,3,8,"[148,114,80,96,111,143,140,136]","[410000,300000,214000,243000,300000,400000,388000,342000]",148,2597000
24,4,8,"[146,112,80,86,97,141,155,129]","[404000,297000,214000,225000,265000,389000,433000,348000]",155,2575000
24,5,8,"[142,127,92,88,111,142,140,121]","[404000,345000,237000,235000,290000,386000,388000,324000]",142,2609000
24,6,8,"[146,100,97,87,97,141,155,129]","[404000,264000,267000,227000,265000,389000,433000,348000]",155,2597000
24,7,8,"[140,122,107,113,105,156,123,109]","[394000,322000,286000,292000,280000,425000,339000,266000]",156,2604000
24,8,8,"[141,130,79,104,111,157,123,121]","[394000,360000,199000,278000,290000,431000,339000,326000]",157,2617000
24,9,8,"[148,106,107,96,105,143,140,135]","[410000,269000,286000,247000,280000,400000,388000,342000]",148,2622000
24,10,8,"[141,127,92,118,111,157,123,96]","[394000,345000,237000,331000,290000,431000,339000,250000]",157,2617000
24,11,8,"[142,114,92,105,111,142,140,122]","[404000,307000,237000,293000,290000,386000,388000,326000]",142,2631000
24,12,8,"[117,116,94,90,119,156,123,163]","[321000,322000,249000,230000,306000,425000,339000,422000]",163,2614000
24,13,8,"[146,86,112,93,92,136,155,138]","[404000,259000,294000,257000,265000,383000,433000,383000]",155,2678000
24,14,8,"[147,112,96,89,96,144,156,120]","[404000,289000,244000,245000,260000,398000,433000,327000]",156,2600000
24,15,8,"[142,114,92,88,136,142,140,121]","[404000,307000,237000,235000,352000,386000,388000,324000]",142,2633000
24,16,8,"[147,99,96,102,96,144,156,120]","[404000,251000,244000,283000,260000,398000,433000,327000]",156,2600000
24,17,8,"[146,102,96,85,96,155,155,131]","[386000,281000,244000,225000,260000,428000,433000,353000]",155,2610000
24,18,8,"[141,130,79,121,111,157,123,108]","[394000,360000,199000,336000,290000,431000,339000,288000]",157,2637000
24,19,8,"[146,63,127,89,95,136,155,153]","[404000,171000,334000,240000,270000,383000,433000,405000]",155,2640000
24,20,8,"[117,122,88,104,103,156,123,162]","[321000,328000,253000,280000,269000,425000,339000,418000]",162,2633000
24,21,8,"[117,120,108,89,106,156,123,163]","[321000,317000,287000,235000,287000,425000,339000,422000]",163,2633000
24,22,8,"[146,78,121,86,84,136,155,166]","[404000,198000,320000,232000,215000,383000,433000,419000]",166,2604000
24,23,8,"[117,116,94,90,120,162,124,160]","[321000,322000,249000,230000,304000,437000,339000,413000]",162,2615000
24,24,8,"[142,115,93,132,109,142,140,110]","[404000,324000,234000,358000,290000,386000,388000,290000]",142,2674000
24,25,8,"[117,119,79,106,119,156,123,163]","[321000,337000,209000,273000,306000,425000,339000,422000]",163,2632000
24,26,8,"[146,83,109,100,79,141,155,155]","[404000,206000,305000,265000,202000,389000,433000,430000]",155,2634000
24,27,8,"[143,112,96,89,96,167,140,120]","[404000,289000,244000,245000,260000,456000,388000,327000]",167,2613000
24,28,8,"[147,99,112,89,96,144,156,120]","[404000,251000,297000,245000,260000,398000,433000,327000]",156,2615000
24,29,8,"[141,130,92,72,136,157,123,127]","[394000,340000,237000,187000,352000,431000,339000,354000]",157,2634000
24,30,8,"[181,100,97,87,97,116,155,129]","[509000,264000,267000,227000,265000,306000,433000,348000]",181,2619000
24,31,8,"[146,83,107,87,99,141,155,154]","[404000,206000,295000,227000,265000,389000,433000,410000]",155,2629000
24,32,8,"[119,160,79,98,98,160,140,119]","[331000,407000,199000,263000,260000,446000,388000,315000]",160,2609000
24,33,8,"[141,130,109,104,93,157,123,125]","[394000,360000,275000,278000,242000,431000,339000,329000]",157,2648000
24,34,8,"[117,131,84,101,113,156,123,164]","[321000,368000,221000,257000,310000,425000,339000,424000]",164,2665000
24,35,8,"[181,100,97,87,97,89,155,162]","[509000,264000,267000,227000,265000,232000,433000,433000]",181,2630000
24,36,8,"[134,70,101,114,101,158,155,136]","[373000,199000,281000,338000,259000,436000,433000,378000]",158,2697000
24,37,8,"[143,119,90,132,111,142,140,116]","[409000,321000,246000,376000,286000,384000,388000,305000]",143,2715000
24,38,8,"[112,118,93,89,99,176,155,131]","[303000,317000,239000,245000,265000,496000,433000,374000]",176,2672000
24,39,8,"[142,113,110,82,106,151,140,142]","[404000,358000,328000,202000,271000,417000,388000,378000]",151,2746000
24,40,8,"[119,131,101,88,113,139,141,164]","[331000,368000,279000,219000,310000,380000,390000,419000]",164,2696000
24,41,8,"[141,118,1007,245,508,142,135,212]","[399000,377000,4822000,1025000,2329000,373000,366000,553000]",1007,10244000
24,42,8,"[119,113,80,93,99,160,140,161]","[331000,307000,199000,255000,262000,446000,388000,413000]",161,2601000
24,43,8,"[146,100,100,86,100,136,155,168]","[404000,263000,269000,230000,280000,383000,433000,415000]",168,2677000
24,44,8,"[183,93,80,97,92,136,171,136]","[486000,249000,214000,245000,250000,383000,477000,342000]",183,2646000
24,45,8,"[161,92,95,85,109,136,158,164]","[424000,251000,242000,225000,275000,383000,438000,418000]",164,2656000
24,46,8,"[181,116,80,87,97,142,189,129]","[509000,307000,214000,227000,265000,379000,498000,370000]",189,2769000
24,47,8,"[141,99,107,120,96,142,135,199]","[399000,272000,312000,316000,269000,373000,366000,515000]",199,2822000
24,48,8,"[146,475,105,107,131,188,155,550]","[404000,2112000,267000,335000,444000,496000,433000,2456000]",550,6947000
24,49,8,"[141,113,91,108,82,175,101,201]","[399000,307000,244000,287000,203000,482000,269000,507000]",201,2698000
24,50,8,"[183,97,114,106,122,170,155,123]","[490000,259000,308000,315000,334000,484000,433000,325000]",183,2948000
24,51,8,"[141,225,1222,802,144,142,135,1597]","[399000,873000,5843000,3783000,503000,373000,366000,5542000]",1597,17682000
24,52,8,"[183,113,83,86,100,136,171,134]","[486000,291000,216000,230000,280000,383000,477000,332000]",183,2695000
24,53,8,"[150,147,97,94,108,149,150,129]","[416000,369000,247000,255000,269000,398000,408000,342000]",150,2704000
24,54,8,"[146,119,76,80,92,136,171,137]","[400000,325000,194000,200000,250000,383000,477000,347000]",171,2576000
24,55,8,"[141,225,1222,802,144,181,101,1597]","[399000,873000,5843000,3783000,503000,487000,269000,5544000]",1597,17701000
24,56,8,"[141,118,102,108,94,144,135,191]","[399000,363000,305000,315000,296000,380000,366000,499000]",191,2923000
24,57,8,"[142,127,79,105,111,142,189,118]","[404000,357000,199000,277000,290000,386000,498000,347000]",189,2758000
24,58,8,"[141,131,1007,258,508,181,101,187]","[399000,415000,4822000,1063000,2329000,487000,269000,479000]",1007,10263000
24,59,8,"[146,118,80,85,96,155,155,134]","[386000,334000,201000,225000,260000,428000,433000,358000]",155,2625000
24,60,8,"[171,88,107,98,133,143,189,124]","[459000,257000,298000,296000,364000,400000,498000,330000]",189,2902000
24,61,8,"[141,103,92,133,100,149,135,199]","[399000,274000,248000,376000,281000,427000,366000,515000]",199,2886000
24,62,8,"[158,135,96,89,92,152,158,131]","[436000,331000,244000,245000,249000,396000,438000,348000]",158,2687000
24,63,8,"[148,112,104,96,133,142,140,162]","[386000,326000,283000,294000,364000,395000,388000,413000]",162,2849000
24,64,8,"[185,116,113,97,97,145,157,121]","[490000,314000,312000,254000,260000,397000,433000,353000]",185,2813000
24,65,8,"[589,880,1010,596,592,144,156,667]","[1324000,4220000,3874000,1460000,1361000,399000,433000,1719000]",1010,14790000
24,66,8,"[141,113,96,87,111,157,123,135]","[394000,302000,267000,227000,290000,431000,339000,366000]",157,2616000
24,67,8,"[162,103,98,82,82,131,171,133]","[444000,267000,252000,202000,215000,353000,477000,332000]",171,2542000
24,68,8,"[151,109,96,127,125,148,140,148]","[420000,304000,268000,374000,339000,419000,388000,368000]",151,2880000
24,69,8,"[146,93,89,110,104,138,155,132]","[404000,279000,265000,307000,291000,387000,433000,353000]",155,2719000
24,70,8,"[142,130,79,104,111,142,140,121]","[404000,360000,199000,278000,290000,386000,388000,326000]",142,2631000
24,71,8,"[143,100,97,87,97,112,210,129]","[399000,264000,267000,227000,265000,298000,574000,348000]",210,2642000
24,72,8,"[145,120,114,117,102,161,128,177]","[399000,317000,314000,307000,270000,450000,335000,418000]",177,2810000
24,73,8,"[140,121,92,99,109,156,123,125]","[394000,327000,233000,253000,286000,425000,339000,350000]",156,2607000
24,74,8,"[148,129,110,104,109,143,140,126]","[410000,365000,297000,291000,286000,400000,388000,352000]",148,2789000
24,75,8,"[140,116,97,100,113,156,123,121]","[394000,305000,267000,248000,300000,425000,339000,294000]",156,2572000
24,76,8,"[144,115,95,102,111,158,142,155]","[409000,309000,252000,270000,290000,415000,392000,388000]",158,2725000
24,77,8,"[118,127,92,88,111,157,123,174]","[321000,345000,237000,235000,290000,431000,339000,457000]",174,2655000
24,78,8,"[146,88,96,94,106,136,155,135]","[404000,259000,251000,259000,308000,383000,433000,368000]",155,2665000
24,79,8,"[157,113,107,96,107,141,155,170]","[409000,324000,312000,274000,294000,389000,433000,421000]",170,2856000
24,80,8,"[142,118,92,85,131,142,240,137]","[404000,322000,236000,225000,352000,386000,669000,406000]",240,3000000
24,81,8,"[147,784,130,139,793,144,156,1209]","[404000,3693000,427000,467000,1970000,391000,433000,5796000]",1209,13581000
24,82,8,"[135,100,97,87,97,157,170,171]","[375000,262000,267000,227000,265000,434000,460000,435000]",171,2725000
24,83,8,"[140,121,92,115,109,156,123,112]","[394000,327000,233000,296000,286000,425000,339000,312000]",156,2612000
24,84,8,"[146,62,120,110,73,136,155,165]","[404000,169000,312000,308000,197000,383000,433000,470000]",165,2676000
24,85,8,"[117,105,79,98,143,156,123,164]","[321000,289000,199000,263000,363000,425000,339000,424000]",164,2623000
24,86,8,"[118,130,102,96,121,157,123,163]","[321000,386000,303000,254000,337000,434000,339000,422000]",163,2796000
24,87,8,"[112,140,124,534,1132,176,155,1176]","[303000,523000,359000,2460000,2843000,496000,433000,5403000]",1176,12820000
24,88,8,"[117,108,121,89,101,162,124,160]","[321000,279000,330000,247000,265000,437000,339000,413000]",162,2631000
24,89,8,"[143,107,116,137,139,144,140,120]","[404000,289000,354000,348000,370000,388000,388000,333000]",144,2874000
24,90,8,"[118,123,84,120,115,157,123,182]","[321000,324000,224000,375000,316000,434000,339000,481000]",182,2814000
25,1,8,"[141,112,126,107,119,150,135,151]","[376000,294000,332000,325000,340000,449000,360000,409000]",151,2885000
25,2,8,"[148,96,165,104,107,151,114,136]","[403000,248000,450000,325000,307000,454000,300000,364000]",165,2851000
25,3,8,"[148,109,152,104,145,150,90,134]","[398000,286000,412000,325000,416000,449000,249000,359000]",152,2894000
25,4,8,"[141,115,152,149,135,134,74,117]","[397000,306000,412000,470000,376000,409000,187000,315000]",152,2872000
25,5,8,"[155,107,162,107,109,152,114,137]","[431000,268000,432000,325000,308000,450000,300000,364000]",162,2878000
25,6,8,"[148,75,166,104,139,152,114,138]","[375000,197000,442000,325000,391000,449000,300000,364000]",166,2843000
25,7,8,"[147,97,151,106,131,159,148,140]","[378000,252000,403000,325000,376000,425000,416000,379000]",159,2954000
25,8,8,"[99,119,141,153,71,150,119,136]","[279000,323000,378000,476000,180000,453000,328000,359000]",153,2776000
25,9,8,"[148,109,154,104,107,151,114,136]","[403000,286000,412000,325000,307000,454000,300000,364000]",154,2851000
25,10,8,"[147,97,151,106,131,151,114,136]","[378000,252000,403000,325000,376000,454000,300000,364000]",151,2852000
25,11,8,"[135,92,172,148,135,134,88,110]","[356000,255000,467000,470000,376000,409000,227000,298000]",172,2858000
25,12,8,"[159,93,152,104,112,151,114,134]","[435000,243000,412000,325000,327000,454000,300000,364000]",159,2860000
25,13,8,"[144,112,163,106,109,152,114,137]","[375000,311000,444000,325000,308000,450000,300000,364000]",163,2877000
25,14,8,"[141,106,152,103,113,150,74,172]","[378000,286000,412000,320000,316000,453000,187000,473000]",172,2825000
25,15,8,"[141,106,152,103,113,150,84,167]","[378000,286000,412000,320000,316000,453000,219000,466000]",167,2850000
25,16,8,"[148,109,152,151,95,149,90,134]","[408000,286000,412000,476000,246000,454000,249000,359000]",152,2890000
25,17,8,"[112,106,145,153,71,162,101,147]","[317000,285000,383000,476000,180000,477000,268000,396000]",162,2782000
25,18,8,"[141,92,139,106,121,152,132,150]","[399000,260000,370000,325000,340000,449000,354000,409000]",152,2906000
25,19,8,"[136,129,161,104,109,152,114,137]","[360000,350000,430000,325000,308000,450000,300000,364000]",161,2887000
25,20,8,"[141,121,152,109,106,150,138,140]","[391000,307000,394000,325000,302000,449000,366000,372000]",152,2906000
25,21,8,"[144,112,163,106,107,151,114,136]","[373000,311000,444000,325000,307000,454000,300000,364000]",163,2878000
25,22,8,"[161,119,152,104,99,151,114,134]","[445000,313000,412000,325000,289000,454000,300000,364000]",161,2902000
25,23,8,"[144,109,160,106,113,151,114,134]","[373000,301000,438000,320000,316000,458000,300000,364000]",160,2870000
25,24,8,"[145,86,177,106,108,152,114,136]","[384000,230000,473000,325000,312000,453000,300000,364000]",177,2841000
25,25,8,"[147,97,151,153,84,151,114,135]","[388000,252000,403000,476000,221000,464000,300000,366000]",153,2870000
25,26,8,"[148,115,166,104,108,152,114,138]","[375000,315000,442000,325000,302000,449000,300000,364000]",166,2872000
25,27,8,"[141,106,152,103,113,187,74,117]","[378000,286000,412000,320000,316000,575000,187000,315000]",187,2789000
25,28,8,"[147,95,154,106,134,151,114,136]","[388000,243000,412000,325000,373000,454000,300000,364000]",154,2859000
25,29,8,"[112,106,141,153,69,150,90,172]","[317000,285000,378000,476000,180000,453000,237000,457000]",172,2783000
25,30,8,"[144,74,173,106,133,152,114,134]","[378000,192000,469000,325000,371000,460000,300000,364000]",173,2859000
25,31,8,"[147,99,151,106,141,151,114,136]","[379000,259000,403000,325000,391000,454000,300000,364000]",151,2875000
25,32,8,"[141,115,153,104,120,151,114,136]","[395000,296000,412000,325000,345000,454000,300000,364000]",153,2891000
25,33,8,"[148,109,154,104,107,106,117,175]","[403000,286000,412000,325000,307000,313000,327000,473000]",175,2846000
25,34,8,"[155,90,173,104,95,150,84,167]","[426000,235000,469000,325000,271000,453000,219000,466000]",173,2864000
25,35,8,"[142,112,136,107,119,150,135,151]","[391000,304000,363000,325000,340000,449000,360000,409000]",151,2941000
25,36,8,"[112,106,141,153,71,155,101,152]","[317000,285000,378000,476000,180000,473000,268000,421000]",155,2798000
25,37,8,"[99,119,141,153,71,155,101,152]","[279000,323000,378000,476000,180000,473000,268000,421000]",155,2798000
25,38,8,"[145,93,173,104,108,150,74,172]","[393000,245000,469000,325000,309000,453000,187000,473000]",173,2854000
25,39,8,"[152,113,155,148,128,134,74,117]","[435000,306000,418000,470000,350000,409000,187000,315000]",155,2890000
25,40,8,"[150,94,154,154,140,134,101,92]","[409000,257000,396000,476000,387000,409000,268000,238000]",154,2840000
25,41,8,"[148,77,114,196,140,135,148,114]","[402000,207000,298000,590000,396000,393000,411000,309000]",196,3006000
25,42,8,"[145,100,152,191,127,161,157,105]","[375000,252000,405000,582000,362000,436000,414000,294000]",191,3120000
25,43,8,"[137,141,141,150,124,150,165,105]","[386000,375000,378000,434000,343000,449000,429000,294000]",165,3088000
25,44,8,"[138,120,140,179,109,152,114,137]","[372000,333000,377000,504000,308000,450000,300000,364000]",179,3008000
25,45,8,"[150,104,121,232,122,132,147,102]","[407000,274000,320000,672000,343000,378000,379000,279000]",232,3052000
25,46,8,"[139,102,145,224,150,132,147,102]","[383000,279000,393000,655000,403000,378000,379000,279000]",224,3149000
25,47,8,"[99,107,120,224,71,183,101,132]","[279000,290000,323000,655000,180000,534000,268000,351000]",224,2880000
25,48,8,"[148,109,152,153,127,130,147,102]","[403000,286000,412000,486000,362000,368000,379000,279000]",153,2975000
25,49,8,"[129,110,129,183,106,152,109,193]","[345000,295000,354000,512000,302000,464000,329000,537000]",193,3138000
25,50,8,"[159,120,186,224,129,144,111,136]","[496000,341000,502000,655000,393000,414000,269000,386000]",224,3456000
25,51,8,"[133,74,149,221,157,161,157,105]","[358000,192000,400000,649000,434000,436000,414000,294000]",221,3177000
25,52,8,"[155,94,139,177,109,152,114,137]","[426000,243000,375000,504000,308000,450000,300000,364000]",177,2970000
25,53,8,"[163,128,129,151,201,135,148,114]","[490000,353000,337000,476000,574000,393000,411000,309000]",201,3343000
25,54,8,"[134,111,158,177,105,151,114,135]","[362000,305000,416000,504000,297000,459000,300000,364000]",177,3007000
25,55,8,"[147,97,154,153,84,156,146,139]","[388000,252000,408000,476000,221000,425000,406000,381000]",156,2957000
25,56,8,"[152,113,155,148,128,134,74,119]","[435000,306000,418000,470000,350000,409000,187000,319000]",155,2894000
25,57,8,"[144,118,108,203,115,141,146,178]","[420000,330000,315000,595000,316000,400000,393000,485000]",203,3254000
25,58,8,"[157,105,163,163,122,106,110,133]","[444000,275000,443000,493000,338000,293000,271000,371000]",163,2928000
25,59,8,"[146,91,139,224,90,183,147,102]","[424000,250000,382000,655000,235000,534000,379000,279000]",224,3138000
25,60,8,"[157,105,160,163,121,130,147,102]","[444000,275000,428000,493000,338000,368000,379000,279000]",163,3004000
25,61,8,"[145,89,113,152,148,149,84,167]","[392000,240000,304000,415000,430000,449000,219000,461000]",167,2910000
25,62,8,"[931,216,955,229,90,183,99,146]","[4407000,859000,3671000,660000,261000,534000,255000,408000]",955,11055000
25,63,8,"[154,112,152,149,125,153,74,118]","[424000,316000,412000,472000,335000,459000,187000,317000]",154,2922000
25,64,8,"[155,133,139,234,144,134,154,103]","[463000,375000,375000,653000,399000,388000,420000,281000]",234,3354000
25,65,8,"[141,92,139,185,121,135,149,114]","[399000,260000,370000,558000,338000,393000,411000,309000]",185,3038000
25,66,8,"[141,112,126,107,119,144,151,149]","[376000,292000,332000,325000,340000,429000,404000,409000]",151,2907000
25,67,8,"[148,93,165,104,125,151,114,135]","[404000,243000,450000,325000,341000,464000,300000,366000]",165,2893000
25,68,8,"[149,109,174,104,145,150,90,134]","[398000,286000,456000,325000,406000,449000,249000,359000]",174,2928000
25,69,8,"[135,90,173,148,135,134,74,117]","[367000,245000,469000,470000,376000,409000,187000,315000]",173,2838000
25,70,8,"[155,107,162,107,188,152,97,137]","[431000,268000,432000,325000,511000,450000,236000,364000]",188,3017000
25,71,8,"[147,76,165,104,163,153,149,136]","[383000,192000,447000,325000,443000,457000,400000,364000]",165,3011000
25,72,8,"[144,94,155,57,131,224,147,140]","[378000,252000,413000,171000,376000,619000,411000,379000]",224,2999000
25,73,8,"[99,119,141,236,71,150,92,136]","[279000,323000,378000,669000,180000,453000,247000,359000]",236,2888000
25,74,8,"[150,111,228,89,107,151,114,136]","[418000,291000,607000,244000,307000,454000,300000,364000]",228,2985000
25,75,8,"[153,116,160,106,131,151,114,136]","[417000,290000,444000,325000,376000,454000,300000,364000]",160,2970000
25,76,8,"[135,184,172,148,72,134,88,110]","[361000,490000,467000,470000,190000,409000,227000,298000]",184,2912000
25,77,8,"[166,82,160,107,109,151,114,134]","[462000,217000,442000,325000,307000,454000,300000,364000]",166,2871000
25,78,8,"[144,109,160,153,111,98,114,134]","[373000,301000,438000,474000,312000,289000,300000,364000]",160,2851000
25,79,8,"[130,109,155,103,127,150,74,172]","[355000,291000,417000,320000,354000,453000,187000,473000]",172,2850000
25,80,8,"[156,117,163,105,133,150,87,172]","[441000,311000,439000,320000,367000,453000,224000,470000]",172,3025000
25,81,8,"[135,109,153,151,110,148,90,134]","[370000,286000,414000,476000,288000,449000,249000,359000]",153,2891000
25,82,8,"[112,106,145,153,71,162,101,147]","[317000,285000,383000,476000,180000,477000,268000,396000]",162,2782000
25,83,8,"[143,90,128,111,127,150,135,149]","[396000,239000,327000,330000,354000,453000,360000,409000]",150,2868000
25,84,8,"[136,116,161,104,109,152,114,174]","[360000,312000,430000,325000,308000,450000,300000,450000]",174,2935000
25,85,8,"[141,121,152,109,106,106,175,140]","[391000,307000,394000,325000,302000,313000,488000,372000]",175,2892000
25,86,8,"[154,112,163,106,61,152,114,219]","[429000,311000,444000,325000,156000,466000,300000,591000]",219,3022000
25,87,8,"[161,119,221,104,45,151,114,134]","[445000,313000,607000,325000,104000,458000,300000,364000]",221,2916000
25,88,8,"[144,109,212,103,113,150,140,138]","[393000,292000,553000,320000,316000,453000,347000,384000]",212,3058000
25,89,8,"[133,90,178,104,119,152,114,136]","[345000,245000,473000,325000,340000,453000,300000,364000]",178,2845000
25,90,8,"[132,100,151,153,94,151,114,135]","[345000,252000,403000,476000,254000,464000,300000,366000]",153,2860000
26,1,8,"[97,222,173,174,171,164,147,224]","[272000,651000,488000,537000,503000,463000,435000,660000]",224,4009000
26,2,8,"[156,191,196,174,170,185,146,196]","[423000,559000,556000,537000,503000,526000,420000,568000]",196,4092000
26,3,8,"[157,200,203,141,171,201,144,189]","[424000,588000,582000,429000,503000,579000,420000,543000]",203,4068000
26,4,8,"[144,200,196,185,170,167,144,199]","[393000,588000,556000,562000,503000,475000,420000,574000]",200,4071000
26,5,8,"[144,191,200,174,170,185,146,199]","[393000,559000,567000,537000,503000,526000,420000,567000]",200,4072000
26,6,8,"[156,191,196,174,170,185,146,196]","[423000,559000,556000,537000,503000,526000,420000,568000]",196,4092000
26,7,8,"[97,197,206,174,170,191,147,190]","[272000,580000,590000,537000,505000,544000,435000,557000]",206,4020000
26,8,8,"[144,201,196,174,170,167,146,199]","[393000,594000,556000,537000,503000,475000,420000,574000]",201,4052000
26,9,8,"[144,191,196,174,170,185,146,199]","[393000,559000,556000,537000,503000,526000,420000,574000]",199,4068000
26,10,8,"[97,222,204,174,172,164,147,190]","[272000,651000,586000,537000,508000,463000,435000,557000]",222,4009000
26,11,8,"[144,191,196,174,170,185,146,199]","[393000,559000,556000,537000,503000,526000,420000,574000]",199,4068000
26,12,8,"[148,198,196,185,170,167,144,196]","[407000,588000,556000,562000,503000,475000,420000,568000]",198,4079000
26,13,8,"[146,194,198,174,173,185,146,193]","[403000,563000,563000,537000,508000,526000,420000,563000]",198,4083000
26,14,8,"[149,192,198,174,172,185,146,191]","[412000,561000,563000,537000,508000,526000,420000,557000]",198,4084000
26,15,8,"[97,222,202,174,170,164,147,196]","[272000,651000,579000,537000,503000,463000,435000,568000]",222,4008000
26,16,8,"[97,195,205,174,132,191,147,231]","[272000,570000,586000,537000,382000,544000,435000,678000]",231,4004000
26,17,8,"[97,207,210,174,173,183,147,202]","[272000,600000,604000,537000,508000,516000,435000,583000]",210,4055000
26,18,8,"[97,180,202,174,170,213,147,196]","[272000,519000,579000,537000,503000,609000,435000,568000]",213,4022000
26,19,8,"[97,224,212,174,172,164,147,192]","[272000,651000,600000,537000,505000,463000,435000,554000]",224,4017000
26,20,8,"[147,194,198,174,173,190,146,193]","[403000,565000,563000,537000,508000,536000,420000,563000]",198,4095000
26,21,8,"[97,222,202,174,170,164,147,199]","[272000,651000,579000,537000,503000,463000,435000,580000]",222,4020000
26,22,8,"[148,191,200,174,170,185,146,196]","[407000,559000,567000,537000,503000,526000,420000,561000]",200,4080000
26,23,8,"[149,193,198,174,176,185,146,191]","[412000,563000,563000,537000,517000,526000,420000,557000]",198,4095000
26,24,8,"[148,191,200,174,170,185,146,196]","[407000,559000,567000,537000,503000,526000,420000,561000]",200,4080000
26,25,8,"[144,200,200,185,170,167,144,199]","[393000,588000,567000,562000,503000,475000,420000,567000]",200,4075000
26,26,8,"[146,192,198,174,172,185,146,198]","[403000,561000,556000,537000,508000,526000,420000,574000]",198,4085000
26,27,8,"[146,201,198,174,173,167,146,193]","[403000,594000,563000,537000,508000,475000,420000,563000]",201,4063000
26,28,8,"[148,193,202,174,176,185,146,186]","[407000,563000,577000,537000,517000,526000,420000,543000]",202,4090000
26,29,8,"[146,192,198,174,172,185,146,198]","[403000,561000,561000,537000,508000,526000,420000,574000]",198,4090000
26,30,8,"[97,212,206,174,171,182,147,201]","[272000,616000,584000,537000,503000,514000,435000,582000]",212,4043000
26,31,8,"[97,180,204,174,172,213,147,191]","[272000,519000,586000,537000,508000,609000,435000,557000]",213,4023000
26,32,8,"[146,199,198,185,173,167,144,193]","[403000,590000,563000,562000,508000,475000,420000,563000]",199,4084000
26,33,8,"[144,194,199,174,176,185,146,193]","[393000,563000,568000,537000,517000,526000,420000,563000]",199,4087000
26,34,8,"[97,209,206,174,171,183,147,202]","[272000,610000,593000,537000,503000,516000,435000,579000]",209,4045000
26,35,8,"[144,190,196,192,172,170,144,199]","[393000,557000,556000,588000,507000,481000,420000,574000]",199,4076000
26,36,8,"[149,195,198,174,172,185,146,195]","[412000,566000,556000,537000,508000,526000,420000,570000]",198,4095000
26,37,8,"[148,194,203,174,171,185,146,189]","[407000,564000,582000,537000,503000,526000,420000,543000]",203,4082000
26,38,8,"[97,228,204,174,172,162,147,190]","[272000,669000,586000,537000,508000,453000,435000,557000]",228,4017000
26,39,8,"[148,195,204,174,169,185,146,192]","[407000,559000,577000,537000,503000,526000,420000,550000]",204,4079000
26,40,8,"[148,190,196,186,170,185,146,196]","[407000,557000,556000,564000,503000,526000,420000,568000]",196,4101000
26,41,8,"[107,249,182,279,170,199,145,188]","[298000,685000,499000,777000,508000,575000,425000,543000]",279,4310000
26,42,8,"[97,278,196,174,170,185,146,196]","[272000,752000,556000,537000,503000,526000,420000,568000]",278,4134000
26,43,8,"[97,222,202,174,172,164,147,196]","[272000,651000,579000,537000,508000,463000,435000,576000]",222,4021000
26,44,8,"[97,274,198,174,169,192,146,196]","[272000,750000,563000,537000,503000,546000,420000,562000]",274,4153000
26,45,8,"[104,221,267,187,175,165,144,197]","[292000,645000,747000,560000,503000,465000,420000,586000]",267,4218000
26,46,8,"[104,210,265,189,175,180,144,206]","[292000,615000,740000,560000,491000,518000,420000,616000]",265,4252000
26,47,8,"[97,224,269,186,179,182,177,196]","[272000,658000,747000,558000,493000,507000,496000,584000]",269,4315000
26,48,8,"[104,274,198,176,169,189,146,212]","[292000,750000,556000,547000,503000,546000,420000,624000]",274,4238000
26,49,8,"[97,219,213,185,172,166,147,192]","[272000,645000,600000,562000,505000,467000,435000,554000]",219,4040000
26,50,8,"[104,267,208,174,173,182,147,201]","[292000,718000,600000,537000,508000,514000,435000,581000]",267,4185000
26,51,8,"[145,193,202,174,176,185,146,186]","[398000,563000,577000,537000,517000,526000,420000,543000]",202,4081000
26,52,8,"[97,268,215,175,169,165,147,199]","[272000,718000,628000,542000,503000,463000,430000,590000]",268,4146000
26,53,8,"[97,222,267,187,173,155,144,198]","[272000,650000,747000,560000,487000,442000,420000,584000]",267,4162000
26,54,8,"[97,210,229,204,178,178,144,194]","[272000,612000,676000,616000,493000,509000,420000,568000]",229,4166000
26,55,8,"[97,288,200,185,178,175,179,196]","[272000,785000,567000,556000,497000,491000,544000,561000]",288,4273000
26,56,8,"[97,278,196,192,170,167,144,196]","[272000,752000,556000,588000,503000,475000,420000,568000]",278,4134000
26,57,8,"[148,191,200,186,170,185,146,196]","[407000,557000,567000,564000,503000,526000,420000,561000]",200,4105000
26,58,8,"[97,231,198,174,174,186,146,194]","[272000,666000,561000,537000,508000,531000,420000,568000]",231,4063000
26,59,8,"[149,192,198,188,181,187,144,191]","[412000,558000,563000,568000,528000,526000,420000,557000]",198,4132000
26,60,8,"[104,229,198,174,176,185,146,191]","[292000,662000,563000,537000,517000,526000,420000,557000]",229,4074000
26,61,8,"[97,274,198,176,169,189,146,198]","[272000,750000,556000,547000,503000,546000,420000,568000]",274,4162000
26,62,8,"[97,210,265,189,175,180,144,203]","[272000,615000,740000,560000,491000,518000,420000,604000]",265,4220000
26,63,8,"[144,198,196,185,170,167,144,204]","[393000,588000,556000,562000,503000,475000,420000,586000]",204,4083000
26,64,8,"[104,288,196,174,170,167,146,196]","[292000,787000,556000,537000,503000,475000,420000,568000]",288,4138000
26,65,8,"[97,260,263,219,175,190,159,194]","[272000,712000,726000,599000,523000,539000,480000,572000]",263,4423000
26,66,8,"[97,222,173,174,171,164,126,297]","[272000,651000,488000,537000,503000,463000,369000,830000]",297,4113000
26,67,8,"[156,188,196,200,237,185,144,205]","[423000,553000,566000,557000,660000,526000,420000,588000]",237,4293000
26,68,8,"[157,200,202,141,174,227,144,195]","[424000,592000,577000,429000,510000,637000,420000,547000]",227,4136000
26,69,8,"[133,204,199,186,170,207,144,200]","[357000,594000,556000,567000,503000,565000,420000,570000]",207,4132000
26,70,8,"[144,159,200,175,170,216,146,199]","[393000,462000,567000,542000,503000,621000,420000,567000]",216,4075000
26,71,8,"[156,191,196,174,169,185,146,205]","[423000,559000,556000,537000,503000,526000,420000,596000]",205,4120000
26,72,8,"[97,197,209,174,171,194,147,196]","[272000,580000,600000,537000,505000,549000,435000,558000]",209,4036000
26,73,8,"[144,204,196,174,177,167,146,200]","[393000,600000,556000,537000,519000,475000,420000,574000]",204,4074000
26,74,8,"[147,194,196,174,170,190,146,199]","[398000,565000,556000,537000,503000,536000,420000,574000]",199,4089000
26,75,8,"[97,222,154,174,172,164,147,261]","[272000,651000,423000,537000,508000,463000,435000,762000]",261,4051000
26,76,8,"[273,193,151,174,172,186,146,205]","[714000,566000,413000,537000,508000,528000,425000,601000]",273,4292000
26,77,8,"[148,199,167,185,211,167,144,196]","[407000,593000,465000,562000,618000,475000,420000,568000]",211,4108000
26,78,8,"[146,159,198,175,173,216,146,193]","[403000,462000,563000,542000,508000,621000,420000,563000]",216,4082000
26,79,8,"[149,159,198,175,172,216,146,191]","[412000,462000,563000,542000,508000,621000,420000,557000]",216,4085000
26,80,8,"[97,222,202,174,171,178,147,197]","[272000,651000,579000,537000,505000,485000,435000,568000]",222,4032000
26,81,8,"[97,195,206,174,132,216,146,265]","[272000,570000,588000,537000,382000,595000,420000,745000]",265,4109000
26,82,8,"[97,207,210,174,173,176,186,202]","[272000,600000,604000,537000,508000,481000,537000,583000]",210,4122000
26,83,8,"[97,180,208,174,173,213,147,201]","[272000,519000,591000,537000,508000,609000,435000,581000]",213,4052000
26,84,8,"[143,252,213,174,173,165,147,193]","[358000,716000,602000,537000,510000,468000,435000,559000]",252,4185000
26,85,8,"[148,196,205,174,172,191,146,192]","[398000,567000,582000,537000,503000,536000,420000,549000]",205,4092000
26,86,8,"[97,224,178,174,175,164,147,234]","[272000,651000,493000,537000,508000,463000,435000,690000]",234,4049000
26,87,8,"[148,191,153,175,170,187,246,196]","[407000,559000,413000,539000,503000,530000,693000,566000]",246,4210000
26,88,8,"[149,159,198,175,176,216,146,191]","[412000,462000,563000,542000,517000,621000,420000,557000]",216,4094000
26,89,8,"[148,191,196,174,170,185,146,196]","[407000,559000,556000,537000,503000,526000,420000,568000]",196,4076000
26,90,8,"[144,201,200,185,177,167,144,200]","[393000,592000,567000,562000,519000,475000,420000,567000]",201,4095000
27,1,8,"[143,150,154,170,128,170,135,177]","[409000,423000,480000,484000,364000,465000,372000,499000]",177,3496000
27,2,8,"[145,174,153,170,128,171,162,143]","[413000,479000,480000,484000,364000,480000,437000,415000]",174,3552000
27,3,8,"[145,171,153,170,128,155,175,144]","[413000,480000,480000,484000,364000,430000,479000,410000]",175,3540000
27,4,8,"[137,179,155,128,129,158,129,172]","[373000,514000,480000,333000,375000,435000,341000,504000]",179,3355000
27,5,8,"[145,174,153,170,128,172,158,143]","[413000,486000,480000,484000,364000,475000,430000,415000]",174,3547000
27,6,8,"[143,148,154,170,128,169,177,143]","[409000,416000,480000,484000,364000,460000,486000,410000]",177,3509000
27,7,8,"[145,171,153,170,128,155,135,175]","[413000,480000,480000,484000,364000,430000,372000,499000]",175,3522000
27,8,8,"[143,149,154,170,128,168,180,177]","[409000,418000,480000,484000,364000,447000,490000,490000]",180,3582000
27,9,8,"[143,148,164,172,128,169,177,143]","[409000,416000,503000,485000,364000,460000,486000,410000]",177,3533000
27,10,8,"[145,150,153,170,128,157,160,177]","[413000,423000,480000,484000,364000,440000,445000,501000]",177,3550000
27,11,8,"[143,148,154,170,128,154,163,178]","[409000,416000,480000,484000,364000,425000,454000,499000]",178,3531000
27,12,8,"[143,176,154,170,128,174,158,173]","[409000,484000,480000,484000,364000,468000,430000,477000]",176,3596000
27,13,8,"[143,171,154,170,128,140,175,177]","[409000,480000,480000,484000,364000,380000,479000,491000]",177,3567000
27,14,8,"[145,177,153,170,128,152,157,176]","[413000,488000,480000,484000,364000,413000,430000,499000]",177,3571000
27,15,8,"[143,155,154,170,128,180,162,170]","[409000,416000,480000,484000,364000,492000,437000,475000]",180,3557000
27,16,8,"[143,176,154,170,128,167,149,175]","[409000,493000,480000,484000,364000,451000,405000,490000]",176,3576000
27,17,8,"[157,179,154,109,130,158,129,172]","[421000,514000,482000,293000,368000,435000,341000,504000]",179,3358000
27,18,8,"[143,148,154,170,128,158,178,178]","[409000,416000,480000,484000,364000,440000,486000,495000]",178,3574000
27,19,8,"[143,174,154,170,128,176,150,175]","[409000,489000,480000,484000,364000,467000,405000,490000]",176,3588000
27,20,8,"[145,150,153,170,128,185,158,144]","[413000,423000,480000,484000,364000,510000,430000,417000]",185,3521000
27,21,8,"[154,174,153,170,128,176,150,175]","[430000,489000,480000,484000,364000,467000,405000,490000]",176,3609000
27,22,8,"[126,179,153,144,128,158,129,172]","[330000,514000,480000,396000,364000,435000,341000,504000]",179,3364000
27,23,8,"[143,154,154,170,128,182,158,174]","[409000,425000,480000,484000,364000,502000,430000,477000]",182,3571000
27,24,8,"[143,146,154,170,128,179,186,155]","[409000,404000,480000,484000,364000,488000,508000,430000]",186,3567000
27,25,8,"[145,171,153,170,128,140,175,177]","[413000,480000,480000,484000,364000,380000,479000,491000]",177,3571000
27,26,8,"[143,152,154,170,128,175,161,181]","[409000,416000,480000,484000,364000,475000,437000,504000]",181,3569000
27,27,8,"[143,117,154,172,177,173,137,174]","[409000,324000,480000,484000,507000,490000,374000,499000]",177,3567000
27,28,8,"[143,183,154,170,128,156,135,175]","[409000,510000,480000,484000,364000,425000,372000,499000]",183,3543000
27,29,8,"[143,172,154,170,128,169,180,161]","[409000,480000,480000,484000,364000,452000,487000,445000]",180,3601000
27,30,8,"[143,149,154,170,128,178,178,177]","[409000,416000,482000,484000,364000,482000,486000,490000]",178,3613000
27,31,8,"[143,150,154,170,128,166,185,175]","[409000,423000,480000,484000,364000,447000,489000,490000]",185,3586000
27,32,8,"[143,183,154,170,128,177,118,175]","[409000,510000,480000,484000,364000,478000,323000,504000]",183,3552000
27,33,8,"[131,179,153,147,129,158,129,172]","[339000,514000,480000,401000,375000,435000,341000,504000]",179,3389000
27,34,8,"[143,161,154,171,178,176,154,175]","[409000,442000,480000,482000,483000,472000,425000,490000]",178,3683000
27,35,8,"[143,146,154,170,128,182,186,155]","[409000,404000,480000,484000,364000,496000,508000,430000]",186,3575000
27,36,8,"[143,174,154,170,128,157,158,177]","[409000,486000,480000,484000,364000,430000,430000,496000]",177,3579000
27,37,8,"[143,177,154,170,128,165,159,173]","[409000,492000,480000,484000,364000,447000,430000,477000]",177,3583000
27,38,8,"[143,150,154,170,128,159,177,181]","[409000,416000,480000,484000,364000,440000,486000,499000]",181,3578000
27,39,8,"[143,150,154,170,128,176,183,175]","[409000,423000,480000,484000,364000,472000,489000,490000]",183,3611000
27,40,8,"[143,176,154,148,175,174,158,173]","[409000,484000,480000,413000,533000,468000,430000,477000]",176,3694000
27,41,8,"[145,174,153,170,128,158,137,178]","[413000,481000,480000,484000,364000,432000,379000,501000]",178,3534000
27,42,8,"[143,244,137,194,146,141,160,178]","[409000,661000,397000,540000,404000,375000,437000,496000]",244,3719000
27,43,8,"[143,241,150,204,151,126,135,175]","[409000,668000,435000,576000,408000,330000,372000,510000]",241,3708000
27,44,8,"[164,152,153,178,153,201,137,175]","[465000,423000,480000,485000,453000,538000,372000,501000]",201,3717000
27,45,8,"[143,176,154,170,140,195,153,155]","[409000,488000,480000,484000,385000,549000,402000,430000]",195,3627000
27,46,8,"[126,182,183,131,129,139,144,172]","[330000,529000,552000,348000,375000,382000,381000,504000]",183,3401000
27,47,8,"[143,235,137,194,146,205,202,183]","[409000,631000,397000,540000,404000,575000,569000,534000]",235,4059000
27,48,8,"[143,183,154,170,128,177,159,144]","[409000,510000,480000,484000,364000,478000,430000,417000]",183,3572000
27,49,8,"[310,145,216,146,132,197,173,175]","[933000,413000,591000,412000,351000,541000,436000,504000]",310,4181000
27,50,8,"[338,217,159,277,147,141,136,172]","[1048000,569000,484000,770000,404000,375000,372000,504000]",338,4526000
27,51,8,"[143,177,155,172,147,142,189,258]","[409000,504000,482000,486000,408000,386000,543000,788000]",258,4006000
27,52,8,"[143,230,150,204,154,125,174,174]","[409000,621000,435000,576000,422000,330000,483000,509000]",230,3785000
27,53,8,"[130,185,185,193,147,144,180,157]","[371000,505000,554000,540000,408000,397000,489000,430000]",193,3694000
27,54,8,"[145,171,183,195,148,130,136,178]","[413000,480000,552000,540000,406000,337000,374000,507000]",195,3609000
27,55,8,"[145,171,153,170,128,155,135,175]","[413000,480000,480000,484000,364000,430000,372000,499000]",175,3522000
27,56,8,"[126,179,183,131,129,158,129,172]","[330000,514000,552000,348000,375000,435000,341000,504000]",183,3399000
27,57,8,"[143,148,154,170,128,170,137,177]","[409000,416000,480000,484000,364000,462000,379000,499000]",177,3493000
27,58,8,"[143,242,137,193,171,166,167,160]","[409000,676000,397000,540000,471000,449000,438000,445000]",242,3825000
27,59,8,"[124,182,196,108,131,139,144,172]","[335000,529000,593000,288000,379000,381000,391000,504000]",196,3400000
27,60,8,"[145,239,157,177,145,126,175,229]","[413000,661000,495000,513000,404000,330000,479000,638000]",239,3933000
27,61,8,"[141,180,236,170,128,186,176,161]","[392000,480000,673000,484000,364000,496000,472000,451000]",236,3812000
27,62,8,"[145,172,153,170,128,158,135,172]","[413000,480000,480000,484000,364000,435000,372000,504000]",172,3532000
27,63,8,"[124,179,196,113,131,205,157,175]","[335000,514000,593000,294000,379000,594000,438000,491000]",205,3638000
27,64,8,"[143,239,137,194,146,145,123,175]","[409000,661000,397000,540000,404000,380000,327000,504000]",239,3622000
27,65,8,"[143,148,164,172,128,154,163,178]","[409000,416000,503000,485000,364000,425000,454000,499000]",178,3555000
27,66,8,"[143,150,154,170,128,202,136,176]","[409000,423000,480000,484000,346000,551000,374000,501000]",202,3568000
27,67,8,"[145,171,153,170,99,171,190,142]","[413000,483000,480000,484000,273000,480000,528000,410000]",190,3551000
27,68,8,"[145,176,158,177,134,161,219,144]","[413000,486000,454000,507000,385000,436000,605000,410000]",219,3696000
27,69,8,"[150,179,154,129,129,158,129,172]","[414000,514000,482000,338000,375000,435000,341000,504000]",179,3403000
27,70,8,"[145,174,153,247,99,172,158,143]","[413000,486000,480000,689000,273000,475000,430000,415000]",247,3661000
27,71,8,"[148,148,153,194,129,169,177,143]","[415000,416000,480000,543000,375000,460000,486000,410000]",194,3585000
27,72,8,"[145,150,153,170,128,155,170,175]","[413000,423000,480000,484000,364000,420000,466000,499000]",175,3549000
27,73,8,"[143,155,154,225,128,165,162,170]","[409000,416000,480000,609000,364000,447000,437000,475000]",225,3637000
27,74,8,"[146,148,207,120,130,170,177,143]","[414000,416000,644000,333000,368000,466000,486000,410000]",207,3537000
27,75,8,"[145,179,153,170,128,154,128,176]","[413000,514000,480000,484000,364000,425000,339000,499000]",179,3518000
27,76,8,"[148,148,153,194,129,154,163,178]","[415000,416000,480000,543000,375000,425000,454000,499000]",194,3607000
27,77,8,"[143,176,154,170,128,176,162,170]","[409000,479000,480000,484000,364000,468000,437000,475000]",176,3596000
27,78,8,"[148,171,153,194,129,140,175,177]","[415000,480000,480000,543000,375000,380000,479000,491000]",194,3643000
27,79,8,"[145,155,153,170,128,139,176,176]","[413000,448000,480000,484000,364000,375000,479000,499000]",176,3542000
27,80,8,"[143,181,154,170,128,165,162,170]","[409000,483000,480000,484000,364000,447000,437000,475000]",181,3579000
27,81,8,"[143,181,157,176,131,173,189,171]","[409000,510000,444000,505000,370000,464000,529000,480000]",189,3711000
27,82,8,"[154,228,183,109,130,158,129,172]","[415000,627000,525000,293000,368000,435000,341000,504000]",228,3508000
27,83,8,"[143,163,154,173,131,158,178,178]","[409000,458000,480000,473000,379000,440000,486000,495000]",178,3620000
27,84,8,"[143,174,154,170,128,176,142,175]","[409000,489000,480000,484000,364000,467000,393000,490000]",176,3576000
27,85,8,"[145,150,153,170,128,233,116,145]","[413000,423000,480000,484000,364000,654000,307000,419000]",233,3544000
27,86,8,"[154,179,158,171,130,178,193,171]","[430000,494000,448000,492000,368000,476000,537000,480000]",193,3725000
27,87,8,"[126,183,153,144,128,153,128,196]","[330000,516000,480000,396000,364000,420000,339000,576000]",196,3421000
27,88,8,"[236,151,154,170,128,181,134,175]","[627000,423000,480000,484000,364000,497000,344000,480000]",236,3699000
27,89,8,"[143,146,154,170,128,203,165,155]","[409000,404000,480000,484000,364000,565000,451000,430000]",203,3587000
27,90,8,"[157,171,155,188,130,140,175,177]","[437000,480000,480000,520000,377000,380000,479000,491000]",188,3644000
28,1,8,"[172,159,166,149,179,154,162,137]","[509000,476000,447000,406000,506000,434000,480000,400000]",179,3658000
28,2,8,"[175,191,175,118,120,169,161,138]","[515000,577000,480000,314000,321000,475000,499000,402000]",191,3583000
28,3,8,"[172,140,175,130,181,155,163,137]","[509000,421000,481000,347000,501000,436000,503000,400000]",181,3598000
28,4,8,"[175,174,171,130,171,156,163,138]","[515000,510000,468000,347000,458000,436000,503000,402000]",175,3639000
28,5,8,"[172,140,180,130,172,165,163,137]","[509000,421000,496000,347000,468000,467000,503000,400000]",180,3611000
28,6,8,"[175,139,146,163,178,168,163,137]","[515000,419000,387000,433000,496000,467000,503000,400000]",178,3620000
28,7,8,"[172,173,167,130,172,170,163,137]","[509000,502000,455000,347000,460000,467000,503000,400000]",173,3643000
28,8,8,"[175,191,175,124,120,169,161,137]","[515000,577000,480000,326000,321000,475000,499000,400000]",191,3593000
28,9,8,"[175,139,180,130,172,165,163,138]","[515000,419000,496000,347000,468000,467000,503000,402000]",180,3617000
28,10,8,"[175,139,180,130,172,165,163,138]","[515000,419000,496000,347000,468000,467000,503000,402000]",180,3617000
28,11,8,"[174,149,175,123,181,171,161,139]","[511000,439000,472000,333000,506000,487000,499000,402000]",181,3649000
28,12,8,"[172,159,167,149,179,154,162,137]","[509000,476000,454000,406000,506000,434000,480000,400000]",179,3665000
28,13,8,"[175,139,175,130,181,155,163,138]","[515000,419000,481000,347000,501000,436000,503000,402000]",181,3604000
28,14,8,"[172,158,155,171,176,157,163,137]","[509000,457000,427000,449000,491000,434000,503000,400000]",176,3670000
28,15,8,"[175,172,176,124,167,170,161,137]","[515000,500000,485000,326000,452000,475000,499000,400000]",176,3652000
28,16,8,"[175,139,166,163,179,154,163,137]","[515000,419000,447000,433000,506000,434000,503000,400000]",179,3657000
28,17,8,"[175,172,168,130,172,170,163,138]","[515000,500000,457000,347000,460000,467000,503000,402000]",175,3651000
28,18,8,"[175,191,181,124,123,169,161,137]","[515000,577000,493000,326000,327000,475000,499000,400000]",191,3612000
28,19,8,"[175,139,175,123,181,171,161,137]","[515000,419000,472000,333000,506000,487000,499000,400000]",181,3631000
28,20,8,"[175,173,171,132,170,172,161,138]","[515000,505000,466000,336000,477000,485000,499000,402000]",175,3685000
28,21,8,"[174,149,177,123,177,138,163,179]","[509000,439000,492000,333000,501000,387000,503000,514000]",179,3678000
28,22,8,"[175,180,160,130,174,156,163,138]","[515000,528000,436000,347000,460000,434000,503000,402000]",180,3625000
28,23,8,"[175,139,180,123,180,171,161,137]","[515000,419000,481000,333000,506000,487000,499000,400000]",180,3640000
28,24,8,"[175,139,175,128,181,171,161,137]","[515000,419000,472000,332000,506000,487000,499000,400000]",181,3630000
28,25,8,"[175,180,177,124,149,169,161,137]","[515000,528000,484000,326000,406000,475000,499000,400000]",180,3633000
28,26,8,"[172,155,166,151,179,154,172,138]","[509000,459000,447000,416000,506000,434000,505000,402000]",179,3678000
28,27,8,"[175,139,175,187,181,155,116,140]","[515000,419000,481000,524000,501000,436000,346000,406000]",187,3628000
28,28,8,"[175,139,181,130,180,158,163,138]","[515000,419000,506000,347000,498000,440000,503000,402000]",181,3630000
28,29,8,"[175,139,175,123,181,171,161,137]","[515000,419000,472000,333000,506000,487000,499000,400000]",181,3631000
28,30,8,"[175,139,160,130,192,166,163,138]","[515000,419000,436000,347000,523000,467000,503000,402000]",192,3612000
28,31,8,"[174,147,176,171,176,167,164,149]","[513000,417000,464000,449000,491000,467000,503000,421000]",176,3725000
28,32,8,"[174,149,166,163,179,154,163,139]","[509000,439000,447000,433000,506000,434000,503000,402000]",179,3673000
28,33,8,"[175,173,171,132,170,172,161,138]","[515000,505000,466000,328000,477000,485000,499000,402000]",175,3677000
28,34,8,"[175,139,203,124,152,168,161,137]","[515000,419000,565000,326000,411000,475000,499000,400000]",203,3610000
28,35,8,"[175,139,173,130,189,155,163,138]","[515000,419000,488000,347000,523000,436000,503000,402000]",189,3633000
28,36,8,"[175,139,191,130,174,158,163,138]","[515000,419000,528000,347000,458000,436000,503000,402000]",191,3608000
28,37,8,"[175,191,174,124,127,170,161,137]","[515000,577000,476000,326000,346000,487000,499000,400000]",191,3626000
28,38,8,"[175,191,181,124,123,169,161,137]","[515000,577000,493000,326000,327000,475000,499000,400000]",191,3612000
28,39,8,"[172,148,155,171,177,170,163,137]","[509000,425000,427000,449000,496000,473000,503000,400000]",177,3682000
28,40,8,"[175,139,163,130,196,158,163,138]","[515000,419000,453000,347000,545000,440000,503000,402000]",196,3624000
28,41,8,"[173,142,175,156,152,167,216,136]","[511000,425000,481000,438000,424000,472000,588000,395000]",216,3734000
28,42,8,"[174,183,126,176,147,169,263,136]","[516000,534000,334000,454000,405000,482000,745000,395000]",263,3865000
28,43,8,"[172,173,165,130,180,155,163,137]","[509000,502000,446000,347000,501000,436000,503000,400000]",180,3644000
28,44,8,"[174,182,161,123,179,231,166,149]","[509000,520000,442000,333000,505000,636000,491000,414000]",231,3850000
28,45,8,"[177,153,175,184,165,178,263,152]","[519000,438000,450000,470000,458000,506000,745000,423000]",263,4009000
28,46,8,"[174,182,161,125,228,169,161,139]","[511000,520000,441000,331000,693000,485000,499000,399000]",228,3879000
28,47,8,"[175,139,218,142,180,155,163,137]","[515000,419000,658000,380000,493000,434000,503000,400000]",218,3802000
28,48,8,"[175,194,253,132,217,169,161,138]","[515000,589000,713000,336000,675000,477000,499000,399000]",253,4203000
28,49,8,"[175,199,255,147,228,159,161,137]","[515000,617000,732000,392000,678000,441000,499000,400000]",255,4274000
28,50,8,"[172,184,160,163,174,156,164,195]","[509000,536000,436000,446000,460000,434000,481000,549000]",195,3851000
28,51,8,"[175,196,217,124,233,154,163,136]","[515000,597000,644000,326000,718000,434000,503000,395000]",233,4132000
28,52,8,"[175,174,216,124,224,169,161,136]","[515000,510000,579000,326000,681000,485000,499000,395000]",224,3990000
28,53,8,"[173,195,162,186,118,188,264,136]","[511000,564000,430000,479000,326000,498000,747000,395000]",264,3950000
28,54,8,"[175,191,136,182,118,179,264,136]","[515000,577000,357000,471000,326000,482000,747000,395000]",264,3870000
28,55,8,"[175,191,166,130,132,169,163,138]","[515000,577000,448000,347000,357000,473000,503000,402000]",191,3622000
28,56,8,"[175,172,194,134,168,171,163,138]","[515000,500000,516000,346000,464000,473000,503000,402000]",194,3719000
28,57,8,"[172,157,159,213,153,155,160,137]","[509000,476000,432000,559000,418000,436000,476000,400000]",213,3706000
28,58,8,"[175,191,204,118,105,171,161,138]","[515000,577000,564000,314000,276000,479000,499000,402000]",204,3626000
28,59,8,"[239,140,175,109,181,155,163,139]","[670000,421000,481000,278000,501000,436000,503000,410000]",239,3700000
28,60,8,"[175,256,171,130,171,156,116,138]","[515000,737000,468000,347000,458000,436000,346000,402000]",256,3709000
28,61,8,"[172,140,187,130,174,156,163,137]","[509000,421000,521000,347000,475000,434000,503000,400000]",187,3610000
28,62,8,"[172,197,131,163,183,168,163,137]","[509000,544000,342000,433000,501000,467000,503000,400000]",197,3699000
28,63,8,"[172,176,183,130,172,139,163,137]","[509000,507000,513000,347000,464000,385000,503000,400000]",183,3628000
28,64,8,"[148,192,175,124,120,214,161,137]","[428000,579000,480000,326000,321000,598000,499000,400000]",214,3631000
28,65,8,"[148,139,180,204,172,165,163,137]","[437000,419000,496000,535000,468000,467000,503000,400000]",204,3725000
28,66,8,"[178,139,180,130,172,165,158,159]","[521000,419000,496000,347000,468000,467000,466000,468000]",180,3652000
28,67,8,"[173,100,177,123,182,249,161,139]","[511000,293000,478000,333000,516000,693000,499000,402000]",249,3725000
28,68,8,"[213,159,167,149,154,155,162,137]","[618000,476000,444000,406000,429000,436000,480000,400000]",213,3689000
28,69,8,"[175,139,177,130,177,120,268,138]","[515000,419000,481000,347000,486000,324000,755000,402000]",268,3729000
28,70,8,"[172,157,175,171,175,138,163,137]","[509000,452000,479000,449000,491000,385000,503000,400000]",175,3668000
28,71,8,"[172,180,176,124,165,170,161,137]","[509000,516000,485000,326000,448000,475000,499000,400000]",180,3658000
28,72,8,"[175,142,161,163,179,224,177,137]","[515000,425000,432000,433000,506000,601000,504000,400000]",224,3816000
28,73,8,"[175,175,171,130,171,181,163,138]","[515000,510000,459000,347000,462000,509000,503000,402000]",181,3707000
28,74,8,"[175,191,182,124,107,195,161,137]","[515000,577000,498000,326000,280000,542000,499000,400000]",195,3637000
28,75,8,"[148,139,174,123,180,229,161,137]","[428000,419000,472000,333000,506000,647000,499000,400000]",229,3704000
28,76,8,"[175,139,176,132,184,169,161,138]","[515000,419000,465000,336000,530000,485000,499000,402000]",184,3651000
28,77,8,"[174,149,177,123,170,138,163,257]","[509000,439000,492000,333000,457000,387000,503000,703000]",257,3823000
28,78,8,"[175,180,163,130,212,159,163,146]","[515000,528000,461000,347000,558000,444000,503000,397000]",212,3753000
28,79,8,"[176,140,181,123,208,171,157,136]","[517000,419000,497000,333000,605000,489000,446000,395000]",208,3701000
28,80,8,"[174,149,175,130,181,171,161,139]","[511000,439000,472000,332000,506000,487000,499000,402000]",181,3648000
28,81,8,"[175,180,177,112,149,169,163,162]","[515000,528000,484000,290000,406000,475000,499000,462000]",180,3659000
29,1,8,"[154,154,144,166,148,157,172,169]","[446000,446000,409000,452000,423000,470000,476000,465000]",172,3587000
29,2,8,"[145,118,141,175,169,158,152,133]","[416000,335000,387000,449000,485000,470000,414000,363000]",175,3319000
29,3,8,"[145,129,167,178,167,159,160,133]","[398000,362000,451000,473000,482000,448000,422000,367000]",178,3403000
29,4,8,"[102,116,170,181,169,157,156,132]","[300000,310000,481000,485000,492000,470000,417000,363000]",181,3318000
29,5,8,"[145,129,167,178,167,159,160,133]","[398000,362000,451000,473000,482000,456000,422000,367000]",178,3411000
29,6,8,"[166,143,153,171,165,157,161,132]","[470000,394000,404000,441000,477000,470000,422000,363000]",171,3441000
29,7,8,"[102,153,143,172,166,172,162,133]","[300000,447000,392000,445000,477000,486000,422000,367000]",172,3336000
29,8,8,"[102,139,145,114,180,158,156,132]","[300000,386000,401000,309000,516000,468000,427000,369000]",180,3176000
29,9,8,"[154,154,142,168,148,156,172,169]","[446000,446000,407000,472000,423000,459000,476000,465000]",172,3594000
29,10,8,"[157,118,130,177,171,154,152,133]","[412000,335000,365000,454000,489000,464000,414000,363000]",177,3296000
29,11,8,"[162,155,162,180,168,154,127,133]","[462000,406000,447000,480000,474000,464000,347000,369000]",180,3449000
29,12,8,"[154,154,144,166,148,157,174,165]","[446000,446000,409000,452000,423000,470000,471000,462000]",174,3579000
29,13,8,"[102,148,145,108,180,156,156,132]","[300000,413000,401000,282000,516000,468000,427000,369000]",180,3176000
29,14,8,"[138,157,125,170,173,154,149,134]","[378000,443000,340000,441000,489000,464000,412000,363000]",173,3330000
29,15,8,"[149,122,157,162,169,155,152,133]","[418000,340000,434000,429000,485000,466000,417000,367000]",169,3356000
29,16,8,"[102,153,143,172,166,172,162,133]","[300000,447000,392000,445000,477000,486000,422000,367000]",172,3336000
29,17,8,"[102,154,141,181,169,157,156,132]","[300000,419000,390000,485000,492000,470000,417000,363000]",181,3336000
29,18,8,"[158,122,154,168,169,154,152,133]","[436000,340000,419000,441000,485000,464000,417000,367000]",169,3369000
29,19,8,"[102,125,179,180,169,156,152,133]","[300000,337000,490000,477000,485000,464000,414000,363000]",180,3330000
29,20,8,"[102,141,166,179,169,157,152,133]","[300000,377000,452000,475000,485000,470000,414000,363000]",179,3336000
29,21,8,"[102,127,179,179,169,157,152,133]","[300000,341000,490000,475000,485000,470000,414000,363000]",179,3338000
29,22,8,"[159,122,151,164,169,156,154,133]","[456000,340000,413000,434000,485000,468000,417000,367000]",169,3380000
29,23,8,"[172,118,131,176,169,158,152,133]","[482000,335000,370000,454000,485000,470000,414000,363000]",176,3373000
29,24,8,"[102,125,181,180,169,154,152,133]","[300000,337000,494000,477000,485000,464000,414000,363000]",181,3334000
29,25,8,"[102,164,143,172,166,172,162,133]","[300000,465000,392000,445000,477000,486000,422000,367000]",172,3354000
29,26,8,"[102,129,167,178,169,172,156,132]","[300000,362000,457000,473000,487000,486000,417000,363000]",178,3345000
29,27,8,"[172,118,131,176,169,158,152,133]","[482000,335000,370000,454000,485000,470000,417000,367000]",176,3380000
29,28,8,"[102,129,167,178,167,172,160,133]","[300000,362000,457000,473000,482000,486000,422000,367000]",178,3349000
29,29,8,"[102,139,149,128,180,154,156,132]","[300000,386000,418000,331000,516000,464000,427000,369000]",180,3211000
29,30,8,"[147,118,143,175,166,171,160,133]","[432000,335000,397000,447000,477000,486000,419000,367000]",175,3360000
29,31,8,"[154,154,145,166,148,160,172,169]","[446000,446000,407000,452000,423000,474000,476000,465000]",172,3589000
29,32,8,"[145,131,168,178,167,159,160,133]","[398000,366000,453000,473000,482000,448000,422000,367000]",178,3409000
29,33,8,"[102,139,164,111,180,156,156,132]","[300000,386000,448000,297000,516000,468000,427000,369000]",180,3211000
29,34,8,"[161,122,158,169,169,157,152,133]","[441000,340000,434000,441000,485000,470000,417000,367000]",169,3395000
29,35,8,"[102,139,134,146,180,154,156,132]","[300000,386000,370000,382000,516000,464000,427000,369000]",180,3214000
29,36,8,"[138,157,130,175,175,155,149,134]","[380000,443000,365000,454000,489000,466000,412000,363000]",175,3372000
29,37,8,"[102,125,181,180,174,154,155,130]","[300000,337000,494000,477000,489000,464000,419000,363000]",181,3343000
29,38,8,"[154,154,157,168,148,150,172,169]","[446000,446000,473000,452000,423000,429000,476000,465000]",172,3610000
29,39,8,"[102,127,166,192,169,157,152,133]","[300000,341000,452000,513000,485000,470000,414000,363000]",192,3338000
29,40,8,"[146,129,172,178,167,159,160,133]","[398000,362000,470000,473000,482000,448000,422000,367000]",178,3422000
29,41,8,"[153,126,184,168,204,157,200,135]","[432000,357000,522000,472000,577000,440000,553000,362000]",204,3715000
29,42,8,"[183,138,206,228,169,154,152,133]","[560000,374000,608000,658000,485000,464000,417000,367000]",228,3933000
29,43,8,"[145,127,166,179,169,157,152,133]","[398000,341000,452000,475000,485000,470000,414000,363000]",179,3398000
29,44,8,"[160,108,179,171,165,157,161,132]","[440000,291000,490000,441000,477000,470000,422000,363000]",179,3394000
29,45,8,"[191,155,102,101,180,198,175,132]","[538000,432000,282000,258000,516000,573000,464000,369000]",198,3432000
29,46,8,"[162,121,174,111,186,171,192,131]","[462000,299000,477000,297000,516000,486000,564000,367000]",192,3468000
29,47,8,"[224,185,157,100,261,158,353,131]","[631000,505000,422000,266000,711000,415000,1084000,367000]",353,4401000
29,48,8,"[154,128,164,209,204,157,203,135]","[437000,361000,460000,571000,577000,441000,559000,362000]",209,3768000
29,49,8,"[102,182,109,112,180,156,156,132]","[300000,514000,305000,289000,516000,468000,427000,369000]",182,3188000
29,50,8,"[148,189,167,168,168,156,161,132]","[416000,525000,454000,441000,482000,464000,422000,363000]",189,3567000
29,51,8,"[172,127,119,109,169,158,152,133]","[482000,352000,325000,287000,485000,468000,417000,367000]",172,3183000
29,52,8,"[145,158,119,171,165,158,161,132]","[416000,447000,316000,441000,477000,470000,422000,363000]",171,3352000
29,53,8,"[174,155,99,106,180,193,203,130]","[489000,432000,267000,278000,516000,548000,566000,338000]",203,3434000
29,54,8,"[152,126,183,167,205,159,199,135]","[436000,357000,522000,457000,579000,447000,551000,362000]",205,3711000
29,55,8,"[145,118,131,189,169,158,152,133]","[416000,335000,364000,502000,485000,470000,414000,363000]",189,3349000
29,56,8,"[153,154,142,168,204,157,200,135]","[432000,446000,407000,472000,577000,440000,553000,362000]",204,3689000
29,57,8,"[158,122,166,168,169,154,152,133]","[454000,340000,475000,441000,485000,464000,417000,367000]",169,3443000
29,58,8,"[147,188,192,181,170,175,157,133]","[432000,530000,564000,479000,497000,493000,417000,367000]",192,3779000
29,59,8,"[145,127,133,191,169,158,152,133]","[416000,352000,375000,503000,485000,468000,414000,363000]",191,3376000
29,60,8,"[179,118,143,94,180,156,156,132]","[502000,335000,393000,245000,516000,468000,427000,369000]",180,3255000
29,61,8,"[139,159,119,178,202,158,151,132]","[386000,447000,325000,467000,518000,468000,417000,367000]",202,3395000
29,62,8,"[175,136,195,169,169,158,152,133]","[500000,379000,542000,441000,485000,470000,417000,367000]",195,3601000
29,63,8,"[197,131,119,205,166,171,159,133]","[571000,360000,316000,550000,477000,486000,417000,367000]",205,3544000
29,64,8,"[152,127,116,186,228,140,200,136]","[430000,355000,303000,507000,639000,389000,549000,364000]",228,3536000
29,65,8,"[147,127,133,184,173,171,155,130]","[432000,352000,365000,503000,494000,486000,422000,363000]",184,3417000
29,66,8,"[196,140,147,166,147,155,175,171]","[548000,415000,415000,452000,423000,466000,482000,467000]",196,3668000
29,67,8,"[147,118,142,170,170,154,152,133]","[416000,335000,392000,445000,485000,464000,414000,363000]",170,3314000
29,68,8,"[145,129,199,178,167,159,160,133]","[398000,362000,527000,473000,482000,440000,422000,367000]",199,3471000
29,69,8,"[102,116,141,181,209,157,154,130]","[300000,310000,390000,485000,607000,470000,417000,363000]",209,3342000
29,70,8,"[145,129,167,98,219,159,155,131]","[398000,362000,451000,259000,637000,456000,417000,367000]",219,3347000
29,71,8,"[150,143,166,171,165,157,161,132]","[417000,394000,442000,441000,477000,470000,422000,363000]",171,3426000
29,72,8,"[102,195,143,174,168,172,155,141]","[300000,543000,392000,445000,477000,486000,427000,378000]",195,3448000
29,73,8,"[103,124,146,126,180,157,156,132]","[300000,340000,401000,342000,516000,470000,427000,369000]",180,3165000
29,74,8,"[154,154,144,168,148,239,172,135]","[446000,446000,411000,472000,423000,661000,476000,362000]",239,3697000
29,75,8,"[156,118,130,157,189,154,156,130]","[410000,335000,365000,400000,543000,464000,427000,363000]",189,3307000
29,76,8,"[162,156,163,181,141,155,144,134]","[462000,411000,449000,482000,396000,466000,377000,372000]",181,3415000
29,77,8,"[153,154,144,204,170,157,174,165]","[441000,446000,409000,543000,457000,470000,483000,462000]",204,3711000
29,78,8,"[103,124,177,107,180,156,156,132]","[300000,340000,484000,283000,516000,468000,427000,369000]",180,3187000
29,79,8,"[102,157,142,170,173,158,149,134]","[300000,443000,392000,445000,489000,470000,412000,363000]",173,3314000
29,80,8,"[167,122,157,165,170,154,155,133]","[452000,340000,434000,431000,487000,464000,422000,367000]",170,3397000
29,81,8,"[102,153,143,152,186,172,158,131]","[300000,447000,392000,391000,535000,486000,432000,367000]",186,3350000
29,82,8,"[102,146,149,181,169,159,156,132]","[300000,394000,415000,485000,492000,474000,417000,363000]",181,3340000
29,83,8,"[166,122,153,164,169,154,154,133]","[467000,340000,417000,436000,485000,464000,417000,367000]",169,3393000
29,84,8,"[102,139,179,168,169,156,152,133]","[300000,375000,490000,442000,485000,464000,414000,363000]",179,3333000
29,85,8,"[102,127,166,179,169,204,152,133]","[300000,341000,452000,475000,485000,576000,414000,363000]",204,3406000
29,86,8,"[105,184,179,179,169,159,152,133]","[276000,497000,490000,475000,485000,470000,414000,363000]",184,3470000
29,87,8,"[138,122,170,164,169,155,154,133]","[380000,340000,472000,430000,485000,466000,417000,367000]",170,3357000
29,88,8,"[188,118,125,162,169,159,152,133]","[523000,335000,340000,429000,485000,474000,414000,363000]",188,3363000
29,89,8,"[65,125,181,180,230,154,150,131]","[178000,337000,494000,477000,655000,464000,417000,363000]",230,3385000
29,90,8,"[102,265,142,172,166,113,162,133]","[300000,727000,392000,445000,477000,308000,422000,367000]",265,3438000
30,1,8,"[172,176,148,152,139,133,221,167]","[509000,496000,419000,477000,376000,371000,658000,499000]",221,3805000
30,2,8,"[172,176,148,152,139,183,174,167]","[509000,496000,419000,477000,376000,528000,507000,499000]",183,3811000
30,3,8,"[172,176,148,152,140,168,186,167]","[509000,496000,419000,477000,376000,483000,546000,499000]",186,3805000
30,4,8,"[172,176,148,152,172,170,174,180]","[509000,496000,419000,477000,475000,483000,513000,510000]",180,3882000
30,5,8,"[174,176,148,152,172,170,174,180]","[513000,496000,419000,477000,475000,483000,513000,510000]",180,3886000
30,6,8,"[174,176,148,152,139,133,221,167]","[513000,496000,419000,477000,376000,371000,658000,499000]",221,3809000
30,7,8,"[174,176,148,152,140,168,186,167]","[513000,496000,419000,477000,376000,483000,546000,499000]",186,3809000
30,8,8,"[172,176,148,152,171,171,229,91]","[509000,496000,419000,477000,480000,488000,686000,257000]",229,3812000
30,9,8,"[174,176,148,152,139,183,174,167]","[513000,496000,419000,477000,376000,528000,507000,499000]",183,3815000
30,10,8,"[172,176,148,152,102,187,235,140]","[509000,496000,419000,477000,267000,528000,701000,409000]",235,3806000
30,11,8,"[172,176,148,152,173,174,182,172]","[509000,496000,419000,477000,490000,493000,532000,479000]",182,3895000
30,12,8,"[222,176,148,104,102,187,235,140]","[672000,496000,419000,315000,267000,528000,701000,409000]",235,3807000
30,13,8,"[172,176,148,152,145,170,188,162]","[509000,496000,419000,477000,398000,483000,546000,483000]",188,3811000
30,14,8,"[172,176,148,155,139,183,174,167]","[509000,496000,419000,484000,376000,528000,507000,499000]",183,3818000
30,15,8,"[172,176,148,152,145,172,188,162]","[509000,496000,419000,477000,398000,483000,546000,483000]",188,3811000
30,16,8,"[172,176,148,152,172,174,174,180]","[509000,496000,419000,477000,475000,503000,513000,510000]",180,3902000
30,17,8,"[174,176,148,152,172,172,175,181]","[513000,496000,419000,477000,475000,488000,515000,510000]",181,3893000
30,18,8,"[172,176,148,152,172,171,230,91]","[509000,496000,419000,477000,485000,488000,688000,257000]",230,3819000
30,19,8,"[172,176,148,152,139,186,174,167]","[509000,496000,419000,477000,376000,537000,504000,499000]",186,3817000
30,20,8,"[172,176,148,152,173,174,182,172]","[509000,496000,419000,477000,490000,493000,532000,479000]",182,3895000
30,21,8,"[172,176,148,152,145,170,188,162]","[509000,496000,419000,477000,398000,483000,546000,483000]",188,3811000
30,22,8,"[172,176,148,152,172,174,174,180]","[509000,496000,419000,477000,475000,503000,513000,510000]",180,3902000
30,23,8,"[172,176,148,152,172,170,175,184]","[509000,496000,419000,477000,475000,483000,512000,521000]",184,3892000
30,24,8,"[174,176,148,152,145,170,188,162]","[513000,496000,419000,477000,398000,483000,546000,483000]",188,3815000
30,25,8,"[174,176,148,152,172,170,175,184]","[513000,496000,419000,477000,475000,483000,512000,521000]",184,3896000
30,26,8,"[172,176,148,152,172,176,179,180]","[509000,496000,419000,477000,475000,503000,523000,510000]",180,3912000
30,27,8,"[172,176,148,152,171,176,178,181]","[509000,496000,419000,477000,480000,503000,521000,500000]",181,3905000
30,28,8,"[174,176,148,152,145,170,188,162]","[513000,496000,419000,477000,398000,483000,546000,483000]",188,3815000
30,29,8,"[172,176,148,152,172,172,175,184]","[509000,496000,419000,477000,475000,498000,518000,521000]",184,3913000
30,30,8,"[172,176,148,152,147,185,174,163]","[509000,496000,419000,477000,408000,528000,507000,488000]",185,3832000
30,31,8,"[172,176,161,152,172,174,174,180]","[509000,496000,445000,477000,475000,503000,513000,510000]",180,3928000
30,32,8,"[172,176,148,152,147,139,219,162]","[509000,496000,419000,477000,408000,391000,654000,483000]",219,3837000
30,33,8,"[172,176,148,152,170,172,186,141]","[509000,496000,419000,477000,475000,483000,546000,414000]",186,3819000
30,34,8,"[172,176,148,152,170,172,186,141]","[509000,496000,419000,477000,475000,483000,546000,414000]",186,3819000
30,35,8,"[172,176,148,152,147,185,174,163]","[509000,496000,419000,477000,408000,528000,507000,488000]",185,3832000
30,36,8,"[172,176,148,152,173,172,184,143]","[509000,496000,419000,477000,475000,498000,542000,418000]",184,3834000
30,37,8,"[172,176,148,152,146,183,174,169]","[509000,496000,419000,477000,387000,528000,507000,506000]",183,3829000
30,38,8,"[172,176,148,152,173,172,184,143]","[509000,496000,419000,477000,475000,498000,542000,418000]",184,3834000
30,39,8,"[174,176,148,152,139,186,174,167]","[513000,496000,419000,477000,376000,537000,504000,499000]",186,3821000
30,40,8,"[174,176,148,152,145,170,188,162]","[513000,496000,419000,477000,398000,483000,546000,483000]",188,3815000
30,41,8,"[196,223,115,220,119,220,175,141]","[587000,611000,314000,632000,308000,641000,507000,414000]",223,4014000
30,42,8,"[197,176,150,231,119,220,175,141]","[589000,496000,423000,633000,308000,641000,507000,414000]",231,4011000
30,43,8,"[194,223,116,157,105,203,233,172]","[583000,611000,319000,462000,277000,581000,679000,472000]",233,3984000
30,44,8,"[172,176,148,152,173,183,174,140]","[509000,496000,419000,477000,480000,528000,507000,407000]",183,3823000
30,45,8,"[172,176,148,152,174,173,174,176]","[509000,496000,419000,477000,475000,498000,501000,499000]",176,3874000
30,46,8,"[172,176,148,152,102,187,235,140]","[509000,496000,419000,477000,267000,528000,701000,409000]",235,3806000
30,47,8,"[172,223,148,206,148,185,174,142]","[497000,602000,419000,611000,398000,528000,507000,414000]",223,3976000
30,48,8,"[174,176,148,152,149,174,174,201]","[513000,496000,419000,477000,402000,503000,513000,579000]",201,3902000
30,49,8,"[172,176,148,152,140,168,186,167]","[509000,496000,419000,477000,376000,483000,546000,499000]",186,3805000
30,50,8,"[182,176,148,152,172,172,175,184]","[529000,496000,419000,477000,475000,498000,518000,521000]",184,3933000
30,51,8,"[172,176,148,152,139,172,192,176]","[509000,496000,419000,477000,375000,487000,546000,517000]",192,3826000
30,52,8,"[172,176,148,152,182,169,188,141]","[509000,496000,419000,477000,510000,485000,546000,411000]",188,3853000
30,53,8,"[172,176,148,155,140,171,201,183]","[509000,496000,419000,484000,371000,498000,589000,515000]",201,3881000
30,54,8,"[172,176,148,155,138,185,174,176]","[509000,496000,419000,484000,381000,528000,507000,517000]",185,3841000
30,55,8,"[174,176,148,208,154,142,188,170]","[513000,496000,419000,616000,425000,394000,546000,499000]",208,3908000
30,56,8,"[172,176,148,152,148,173,184,173]","[509000,496000,419000,477000,398000,500000,542000,514000]",184,3855000
30,57,8,"[172,176,148,152,138,185,174,176]","[509000,496000,419000,477000,381000,528000,507000,517000]",185,3834000
30,58,8,"[172,176,148,152,145,172,187,162]","[509000,496000,419000,477000,398000,483000,548000,483000]",187,3813000
30,59,8,"[172,176,148,152,137,189,177,202]","[509000,496000,419000,477000,376000,539000,507000,571000]",202,3894000
30,60,8,"[174,176,148,152,145,172,187,162]","[513000,496000,419000,477000,398000,483000,548000,483000]",187,3817000
30,61,8,"[172,176,148,208,147,171,176,185]","[509000,496000,419000,616000,398000,483000,510000,523000]",208,3954000
30,62,8,"[172,176,148,152,156,173,186,162]","[509000,496000,419000,477000,426000,489000,546000,483000]",186,3845000
30,63,8,"[172,176,148,152,138,135,223,179]","[509000,496000,419000,477000,381000,371000,662000,523000]",223,3838000
30,64,8,"[172,176,150,152,139,183,174,167]","[509000,496000,423000,477000,376000,528000,507000,499000]",183,3815000
30,65,8,"[172,176,239,152,139,170,226,167]","[509000,496000,642000,477000,376000,493000,586000,499000]",239,4078000
30,66,8,"[173,176,182,148,172,170,174,180]","[511000,496000,535000,425000,475000,483000,513000,510000]",182,3948000
30,67,8,"[174,176,148,152,174,172,217,109]","[513000,496000,419000,477000,475000,498000,645000,311000]",217,3834000
30,68,8,"[174,176,148,152,143,180,184,167]","[513000,496000,419000,477000,386000,506000,542000,499000]",184,3838000
30,69,8,"[174,176,150,152,140,168,186,167]","[513000,496000,423000,477000,376000,483000,546000,499000]",186,3813000
30,70,8,"[174,176,162,152,171,171,229,91]","[513000,496000,447000,477000,480000,488000,686000,257000]",229,3844000
30,71,8,"[182,176,178,152,139,183,174,167]","[508000,496000,500000,477000,376000,528000,507000,499000]",183,3891000
30,72,8,"[172,176,148,152,137,187,235,136]","[509000,496000,419000,477000,368000,528000,701000,379000]",235,3877000
30,73,8,"[172,176,148,152,172,171,183,175]","[509000,496000,419000,477000,480000,488000,534000,483000]",183,3886000
30,74,8,"[220,177,148,106,102,187,235,140]","[662000,498000,419000,329000,267000,528000,701000,409000]",235,3813000
30,75,8,"[172,176,148,152,151,170,188,163]","[509000,496000,419000,477000,406000,483000,546000,483000]",188,3819000
30,76,8,"[175,176,165,155,139,183,174,167]","[515000,496000,453000,484000,376000,528000,507000,499000]",183,3858000
30,77,8,"[172,176,148,238,131,171,187,162]","[509000,496000,419000,667000,364000,483000,546000,483000]",238,3967000
30,78,8,"[172,176,148,152,174,172,217,109]","[509000,496000,419000,477000,475000,498000,645000,311000]",217,3830000
30,79,8,"[174,176,148,152,173,172,190,190]","[513000,496000,419000,477000,484000,488000,531000,551000]",190,3959000
30,80,8,"[172,176,148,152,187,170,232,91]","[509000,496000,419000,477000,509000,483000,701000,257000]",232,3851000
30,81,8,"[175,195,157,150,139,186,174,167]","[515000,533000,437000,477000,376000,537000,504000,499000]",195,3878000
30,82,8,"[172,176,148,152,209,172,183,141]","[509000,496000,419000,477000,590000,490000,534000,381000]",209,3896000
30,83,8,"[172,176,148,190,146,170,188,207]","[509000,496000,419000,533000,398000,487000,546000,603000]",207,3991000
30,84,8,"[172,176,161,152,172,174,174,180]","[509000,496000,445000,477000,475000,503000,513000,510000]",180,3928000
30,85,8,"[172,176,148,152,175,169,218,109]","[509000,496000,419000,477000,475000,483000,649000,311000]",218,3819000
30,86,8,"[174,176,148,190,146,170,188,207]","[513000,496000,419000,533000,398000,487000,546000,603000]",207,3995000
30,87,8,"[174,176,148,202,172,174,172,183]","[513000,496000,419000,590000,475000,513000,496000,522000]",202,4024000
