iteration_id,solution_id,agv_count,running_times_seconds,energy_consumptions_joules,max_running_time_seconds,total_energy_consumption_joules
1,1,8,"[832,621,658,747,726,489,696,631]","[2322000,1797000,1869000,2164000,2078000,1359000,2056000,1767000]",832,15412000
1,2,8,"[581,620,570,772,847,660,775,469]","[1792000,1779000,1628000,2290000,2453000,1876000,2195000,1310000]",847,15323000
1,3,8,"[764,760,675,608,710,713,761,756]","[2113000,2130000,1930000,1744000,2068000,1954000,2135000,2096000]",764,16170000
1,4,8,"[833,713,659,744,727,488,693,547]","[2312000,2062000,1871000,2164000,2087000,1357000,2050000,1533000]",833,15436000
1,5,8,"[742,648,572,675,773,753,718,697]","[2058000,1809000,1647000,1943000,2247000,2107000,2107000,1961000]",773,15879000
1,6,8,"[776,606,720,747,762,706,729,659]","[2135000,1780000,2057000,2158000,2188000,2035000,2042000,1861000]",776,16256000
1,7,8,"[780,565,717,657,760,772,657,652]","[2166000,1588000,2033000,1905000,2201000,2198000,1840000,1809000]",780,15740000
1,8,8,"[715,742,560,703,758,707,698,633]","[2071000,2132000,1609000,2078000,2203000,2046000,1990000,1800000]",758,15929000
1,9,8,"[705,586,601,756,775,707,754,575]","[1987000,1657000,1727000,2245000,2246000,2037000,2130000,1609000]",775,15638000
1,10,8,"[786,593,633,666,734,729,629,639]","[2193000,1678000,1815000,1983000,2130000,2100000,1731000,1800000]",786,15430000
1,11,8,"[782,649,700,746,761,728,666,658]","[2152000,1908000,2018000,2153000,2174000,2080000,1887000,1859000]",782,16231000
1,12,8,"[763,759,682,613,711,718,765,754]","[2121000,2127000,1962000,1755000,2070000,1954000,2157000,2092000]",765,16238000
1,13,8,"[776,614,666,661,729,782,674,662]","[2131000,1805000,1900000,1907000,2117000,2265000,1945000,1860000]",782,15930000
1,14,8,"[645,605,653,743,727,720,810,732]","[1818000,1766000,1862000,2095000,2086000,2104000,2226000,2123000]",810,16080000
1,15,8,"[757,680,643,688,740,786,685,666]","[2135000,1912000,1805000,1985000,2159000,2201000,1990000,1876000]",786,16063000
1,16,8,"[758,615,566,704,909,663,736,468]","[2121000,1763000,1619000,2110000,2636000,1875000,2104000,1295000]",909,15523000
1,17,8,"[640,554,696,716,776,704,789,710]","[1889000,1604000,2006000,2046000,2247000,2011000,2159000,1994000]",789,15956000
1,18,8,"[785,747,652,726,697,652,740,770]","[2190000,2145000,1828000,2040000,1988000,1802000,2076000,2135000]",785,16204000
1,19,8,"[756,754,569,714,728,797,719,650]","[2078000,2140000,1621000,2017000,2115000,2216000,2035000,1800000]",797,16022000
1,20,8,"[735,610,567,776,852,664,764,470]","[2066000,1747000,1628000,2301000,2446000,1898000,2172000,1309000]",852,15567000
1,21,8,"[790,579,554,689,788,771,655,642]","[2207000,1647000,1593000,2041000,2303000,2156000,1834000,1803000]",790,15584000
1,22,8,"[790,579,583,692,788,772,660,603]","[2210000,1647000,1671000,2047000,2313000,2162000,1840000,1698000]",790,15588000
1,23,8,"[794,594,633,666,783,776,604,639]","[2211000,1689000,1815000,1998000,2256000,2197000,1703000,1791000]",794,15660000
1,24,8,"[655,685,669,665,719,782,762,673]","[1868000,1957000,1914000,1927000,2090000,2260000,2130000,1906000]",782,16052000
1,25,8,"[757,614,567,703,906,658,764,468]","[2116000,1758000,1619000,2107000,2628000,1860000,2175000,1301000]",906,15564000
1,26,8,"[787,593,614,711,787,709,657,656]","[2201000,1680000,1781000,2083000,2309000,1981000,1849000,1819000]",787,15703000
1,27,8,"[643,566,598,743,720,783,815,703]","[1889000,1660000,1736000,2091000,2093000,2236000,2235000,1971000]",815,15911000
1,28,8,"[760,708,566,691,763,748,742,659]","[2144000,2071000,1626000,2046000,2211000,2136000,2027000,1874000]",763,16135000
1,29,8,"[721,661,714,692,769,682,763,668]","[1976000,1946000,2023000,2005000,2231000,1956000,2125000,1879000]",769,16141000
1,30,8,"[667,758,712,769,763,732,755,650]","[1876000,2207000,2014000,2197000,2198000,2127000,2059000,1851000]",769,16529000
1,31,8,"[708,709,670,671,707,615,809,648]","[2052000,2033000,1928000,1888000,2036000,1687000,2284000,1891000]",809,15799000
1,32,8,"[793,651,702,716,765,694,704,628]","[2256000,1820000,1961000,2071000,2216000,1928000,2002000,1790000]",793,16044000
1,33,8,"[666,559,598,745,720,778,821,703]","[1950000,1646000,1736000,2089000,2094000,2223000,2248000,1963000]",821,15949000
1,34,8,"[749,754,609,715,726,802,720,654]","[2074000,2146000,1694000,2013000,2110000,2225000,2057000,1816000]",802,16135000
1,35,8,"[666,683,672,662,670,793,770,710]","[1868000,1969000,1925000,1901000,1929000,2271000,2159000,2048000]",793,16070000
1,36,8,"[720,664,711,695,764,719,736,674]","[1971000,1946000,2026000,2017000,2213000,2059000,2072000,1891000]",764,16195000
1,37,8,"[721,664,711,694,764,719,736,674]","[1973000,1946000,2023000,2015000,2212000,2055000,2072000,1903000]",764,16199000
1,38,8,"[795,580,555,710,784,775,654,651]","[2224000,1647000,1596000,2083000,2308000,2172000,1834000,1811000]",795,15675000
1,39,8,"[795,645,702,716,769,692,705,626]","[2251000,1809000,1965000,2062000,2224000,1924000,2007000,1780000]",795,16022000
1,40,8,"[648,587,660,746,728,719,816,742]","[1828000,1729000,1883000,2095000,2093000,2102000,2238000,2122000]",816,16090000
1,41,8,"[790,681,666,702,760,698,724,699]","[2194000,2001000,1889000,2023000,2203000,1977000,2045000,1984000]",790,16316000
1,42,8,"[643,636,707,723,740,738,793,721]","[1822000,1860000,1986000,2073000,2092000,2145000,2171000,2081000]",793,16230000
1,43,8,"[780,560,717,661,807,772,603,652]","[2164000,1579000,2023000,1912000,2313000,2198000,1695000,1809000]",807,15693000
1,44,8,"[659,689,720,704,765,723,723,674]","[1829000,1978000,2039000,2034000,2205000,2074000,2049000,1942000]",765,16150000
1,45,8,"[764,553,659,761,769,700,692,643]","[2176000,1631000,1890000,2140000,2237000,1918000,1965000,1754000]",769,15711000
1,46,8,"[771,697,656,749,672,578,613,759]","[2142000,2002000,1879000,2193000,1919000,1584000,1796000,2117000]",771,15632000
1,47,8,"[828,619,656,741,718,550,656,637]","[2311000,1785000,1865000,2156000,2054000,1536000,1945000,1795000]",828,15447000
1,48,8,"[791,591,631,674,782,744,550,640]","[2205000,1680000,1811000,2021000,2253000,2132000,1534000,1799000]",791,15435000
1,49,8,"[852,602,697,764,763,726,597,678]","[2337000,1719000,2047000,2146000,2216000,1985000,1683000,1886000]",852,16019000
1,50,8,"[794,596,605,768,717,741,721,580]","[2229000,1689000,1737000,2277000,2060000,2130000,2051000,1620000]",794,15793000
1,51,8,"[582,619,561,697,812,740,765,471]","[1797000,1763000,1602000,2076000,2341000,2134000,2175000,1328000]",812,15216000
1,52,8,"[771,664,711,690,701,545,671,755]","[2157000,1879000,2004000,1989000,2027000,1495000,1943000,2128000]",771,15622000
1,53,8,"[815,661,625,751,769,686,701,658]","[2287000,1908000,1776000,2104000,2241000,1888000,1989000,1840000]",815,16033000
1,54,8,"[813,661,663,751,769,688,716,658]","[2273000,1895000,1851000,2114000,2225000,1895000,2038000,1840000]",813,16131000
1,55,8,"[814,736,613,683,725,644,734,764]","[2267000,2097000,1763000,1974000,2061000,1786000,2046000,2143000]",814,16137000
1,56,8,"[793,583,558,710,740,811,658,645]","[2219000,1659000,1608000,2096000,2143000,2293000,1840000,1809000]",811,15667000
1,57,8,"[644,648,611,755,723,716,811,728]","[1847000,1891000,1751000,2133000,2086000,2110000,2234000,2116000]",811,16168000
1,58,8,"[723,667,630,685,779,786,708,636]","[2103000,1909000,1801000,2036000,2253000,2306000,1967000,1809000]",786,16184000
1,59,8,"[796,639,648,701,733,748,545,660]","[2239000,1814000,1848000,2104000,2110000,2142000,1520000,1850000]",796,15627000
1,60,8,"[646,680,711,700,764,719,734,676]","[1822000,1951000,2022000,2031000,2221000,2060000,2061000,1920000]",764,16088000
1,61,8,"[776,651,713,692,691,557,914,843]","[2161000,1857000,2007000,2013000,2003000,1590000,2585000,2385000]",914,16601000
1,62,8,"[771,655,715,690,726,576,620,757]","[2145000,1871000,2009000,2003000,2100000,1579000,1816000,2126000]",771,15649000
1,63,8,"[778,649,688,768,727,733,675,667]","[2141000,1911000,1959000,2235000,2089000,2100000,1908000,1895000]",778,16238000
1,64,8,"[703,788,665,635,744,694,652,719]","[1994000,2223000,1915000,1866000,2172000,1920000,1885000,1991000]",788,15966000
1,65,8,"[585,562,613,754,810,728,792,682]","[1706000,1620000,1779000,2103000,2367000,2095000,2170000,1940000]",810,15780000
1,66,8,"[829,632,658,742,717,493,693,646]","[2317000,1812000,1869000,2159000,2045000,1372000,2065000,1829000]",829,15468000
1,67,8,"[585,618,603,740,851,663,767,472]","[1803000,1784000,1748000,2170000,2448000,1889000,2175000,1310000]",851,15327000
1,68,8,"[774,768,676,603,720,729,767,716]","[2146000,2152000,1935000,1746000,2100000,1997000,2156000,1985000]",774,16217000
1,69,8,"[833,715,622,745,727,493,697,550]","[2317000,2075000,1825000,2169000,2082000,1374000,2070000,1540000]",833,15452000
1,70,8,"[749,650,573,673,772,747,717,705]","[2071000,1819000,1654000,1930000,2239000,2086000,2118000,1989000]",772,15906000
1,71,8,"[769,609,730,751,761,708,735,660]","[2120000,1797000,2083000,2150000,2186000,2043000,2054000,1862000]",769,16295000
1,72,8,"[785,587,713,656,763,770,620,644]","[2175000,1664000,2024000,1887000,2202000,2191000,1739000,1795000]",785,15677000
1,73,8,"[716,741,610,702,761,646,702,637]","[2069000,2130000,1743000,2079000,2209000,1871000,2008000,1804000]",761,15913000
1,74,8,"[714,604,602,755,770,703,745,503]","[2034000,1715000,1727000,2243000,2226000,2033000,2103000,1492000]",770,15573000
1,75,8,"[792,594,645,666,734,731,633,639]","[2209000,1695000,1851000,1998000,2129000,2093000,1742000,1794000]",792,15511000
1,76,8,"[782,648,702,746,763,730,667,659]","[2149000,1908000,2025000,2156000,2175000,2099000,1886000,1870000]",782,16268000
1,77,8,"[768,760,677,636,679,717,766,756]","[2127000,2127000,1940000,1832000,1982000,1951000,2153000,2096000]",768,16208000
1,78,8,"[755,608,673,666,730,786,679,685]","[2043000,1783000,1916000,1912000,2121000,2262000,1961000,1938000]",786,15936000
1,79,8,"[649,640,653,742,726,720,775,732]","[1831000,1876000,1859000,2093000,2090000,2107000,2117000,2123000]",775,16096000
1,80,8,"[756,682,692,689,732,783,605,669]","[2120000,1913000,1953000,1990000,2124000,2202000,1783000,1873000]",783,15958000
1,81,8,"[760,618,564,696,898,620,735,489]","[2116000,1757000,1602000,2079000,2606000,1771000,2113000,1373000]",898,15417000
1,82,8,"[641,554,664,710,773,704,798,711]","[1894000,1604000,1934000,2034000,2241000,2011000,2188000,1992000]",798,15898000
1,83,8,"[828,747,655,726,699,651,742,657]","[2311000,2151000,1834000,2040000,1992000,1800000,2079000,1892000]",828,16099000
1,84,8,"[752,753,552,709,727,796,731,647]","[2065000,2146000,1583000,2008000,2122000,2217000,2059000,1794000]",796,15994000
1,85,8,"[741,609,560,780,855,656,771,475]","[2091000,1743000,1618000,2315000,2458000,1859000,2177000,1322000]",855,15583000
1,86,8,"[658,585,562,693,781,776,654,643]","[1948000,1654000,1628000,2055000,2297000,2170000,1839000,1799000]",781,15390000
1,87,8,"[792,579,580,696,816,768,665,608]","[2214000,1647000,1669000,2067000,2364000,2162000,1853000,1705000]",816,15681000
1,88,8,"[657,592,641,669,785,780,606,641]","[1965000,1676000,1838000,2007000,2255000,2206000,1716000,1804000]",785,15467000
1,89,8,"[640,686,673,661,738,798,761,679]","[1808000,1958000,1926000,1895000,2113000,2275000,2129000,1919000]",798,16023000
1,90,8,"[759,612,558,701,908,658,769,469]","[2123000,1758000,1597000,2095000,2634000,1856000,2192000,1304000]",908,15559000
2,1,8,"[779,732,613,794,611,768,752,589]","[2210000,2070000,1736000,2219000,1767000,2205000,2182000,1671000]",794,16060000
2,2,8,"[698,736,562,800,666,780,749,638]","[2100000,2089000,1576000,2236000,1875000,2223000,2174000,1816000]",800,16089000
2,3,8,"[652,720,675,860,727,763,612,498]","[1985000,2016000,1925000,2432000,2093000,2116000,1716000,1338000]",860,15621000
2,4,8,"[627,1021,657,781,577,791,528,530]","[1811000,2874000,1822000,2253000,1625000,2241000,1534000,1442000]",1021,15602000
2,5,8,"[900,627,687,329,365,766,978,852]","[2549000,1941000,1889000,920000,1057000,2205000,2867000,2423000]",978,15851000
2,6,8,"[651,834,734,649,588,816,640,654]","[1844000,2334000,2062000,1844000,1665000,2293000,1825000,1777000]",834,15644000
2,7,8,"[1038,616,525,766,492,482,886,683]","[2986000,1709000,1512000,2252000,1419000,1355000,2518000,1948000]",1038,15699000
2,8,8,"[782,721,675,860,727,769,612,498]","[2225000,2018000,1925000,2424000,2093000,2154000,1716000,1333000]",860,15888000
2,9,8,"[781,743,613,797,611,775,747,589]","[2209000,2107000,1727000,2223000,1773000,2212000,2175000,1659000]",797,16085000
2,10,8,"[777,747,613,799,610,773,747,588]","[2203000,2122000,1727000,2227000,1773000,2205000,2172000,1654000]",799,16083000
2,11,8,"[701,745,621,803,663,777,739,591]","[2092000,2115000,1739000,2239000,1869000,2213000,2150000,1654000]",803,16071000
2,12,8,"[653,721,674,860,774,716,614,498]","[1985000,2021000,1925000,2432000,2247000,1964000,1723000,1338000]",860,15635000
2,13,8,"[534,1041,648,623,659,932,596,595]","[1480000,2936000,1805000,1793000,1861000,2662000,1736000,1628000]",1041,15901000
2,14,8,"[654,911,799,762,570,726,651,555]","[1916000,2556000,2207000,2262000,1617000,2044000,1906000,1613000]",911,16121000
2,15,8,"[890,553,672,331,367,765,1093,859]","[2530000,1688000,1862000,925000,1063000,2208000,3209000,2454000]",1093,15939000
2,16,8,"[901,808,561,503,533,810,828,636]","[2578000,2330000,1652000,1463000,1540000,2299000,2382000,1763000]",901,16007000
2,17,8,"[537,1038,645,617,663,943,599,588]","[1483000,2933000,1800000,1777000,1867000,2680000,1756000,1611000]",1038,15907000
2,18,8,"[906,813,541,503,538,798,833,620]","[2593000,2343000,1580000,1466000,1558000,2277000,2403000,1755000]",906,15975000
2,19,8,"[898,822,529,512,533,807,824,674]","[2565000,2367000,1548000,1489000,1540000,2279000,2367000,1876000]",898,16031000
2,20,8,"[786,682,677,864,729,764,617,522]","[2233000,1913000,1935000,2444000,2093000,2125000,1724000,1413000]",864,15880000
2,21,8,"[899,817,529,511,533,804,824,678]","[2573000,2357000,1548000,1491000,1540000,2288000,2367000,1884000]",899,16048000
2,22,8,"[891,546,682,329,366,759,1092,860]","[2533000,1669000,1874000,920000,1055000,2199000,3214000,2465000]",1092,15929000
2,23,8,"[785,726,678,863,774,714,615,504]","[2231000,2028000,1940000,2437000,2247000,1960000,1728000,1343000]",863,15914000
2,24,8,"[778,814,613,750,612,769,747,593]","[2206000,2275000,1730000,2080000,1757000,2201000,2172000,1659000]",814,16080000
2,25,8,"[787,735,618,798,675,770,736,593]","[2213000,2094000,1742000,2225000,1892000,2218000,2138000,1676000]",798,16198000
2,26,8,"[785,733,757,902,631,730,615,494]","[2217000,2042000,2140000,2547000,1835000,2026000,1725000,1320000]",902,15852000
2,27,8,"[788,690,679,866,774,714,619,518]","[2235000,1925000,1948000,2457000,2247000,1960000,1724000,1396000]",866,15892000
2,28,8,"[559,991,798,709,573,716,635,656]","[1593000,2752000,2213000,2082000,1639000,2039000,1865000,1827000]",991,16010000
2,29,8,"[698,803,813,591,480,866,834,604]","[2057000,2267000,2330000,1724000,1347000,2426000,2361000,1689000]",866,16201000
2,30,8,"[809,738,618,784,672,774,735,593]","[2288000,2106000,1742000,2188000,1887000,2223000,2134000,1696000]",809,16264000
2,31,8,"[772,752,764,659,655,583,815,720]","[2163000,2081000,2126000,1923000,1865000,1625000,2366000,2037000]",815,16186000
2,32,8,"[557,721,739,805,765,781,725,719]","[1600000,2109000,2032000,2250000,2206000,2234000,2104000,1990000]",805,16525000
2,33,8,"[811,763,758,675,652,580,813,699]","[2271000,2108000,2107000,1961000,1846000,1610000,2360000,1975000]",813,16238000
2,34,8,"[891,546,683,329,366,765,1093,860]","[2533000,1669000,1876000,920000,1055000,2205000,3216000,2462000]",1093,15936000
2,35,8,"[795,679,789,804,765,787,777,648]","[2183000,1969000,2193000,2257000,2202000,2270000,2271000,1762000]",804,17107000
2,36,8,"[786,682,686,864,721,764,619,522]","[2233000,1913000,1962000,2444000,2079000,2125000,1724000,1413000]",864,15893000
2,37,8,"[526,993,789,759,581,713,626,655]","[1491000,2756000,2205000,2236000,1653000,2029000,1839000,1825000]",993,16034000
2,38,8,"[642,829,748,823,691,699,760,614]","[1854000,2328000,2075000,2357000,1948000,1995000,2198000,1761000]",829,16516000
2,39,8,"[1186,390,583,644,342,616,1157,627]","[3467000,1102000,1622000,1837000,972000,1797000,3429000,1830000]",1186,16056000
2,40,8,"[553,994,790,757,537,715,634,659]","[1574000,2764000,2209000,2220000,1548000,2028000,1846000,1833000]",994,16022000
2,41,8,"[764,854,583,684,704,727,814,602]","[2167000,2465000,1651000,1995000,2011000,2042000,2344000,1668000]",854,16343000
2,42,8,"[763,863,604,746,728,816,806,718]","[2187000,2414000,1711000,2078000,2065000,2332000,2327000,2033000]",863,17147000
2,43,8,"[624,901,703,797,546,775,584,587]","[1769000,2508000,1940000,2319000,1530000,2208000,1715000,1630000]",901,15619000
2,44,8,"[689,799,632,469,702,744,900,694]","[1977000,2374000,1748000,1364000,1977000,2110000,2589000,1905000]",900,16044000
2,45,8,"[742,800,762,701,791,783,588,637]","[2109000,2198000,2106000,2010000,2255000,2161000,1728000,1796000]",800,16363000
2,46,8,"[691,832,622,870,671,748,722,545]","[1958000,2340000,1768000,2400000,1941000,2091000,2047000,1490000]",870,16035000
2,47,8,"[602,783,623,796,715,824,711,664]","[1750000,2310000,1727000,2269000,2061000,2351000,2063000,1817000]",824,16348000
2,48,8,"[599,712,787,888,614,792,700,484]","[1704000,1996000,2282000,2484000,1788000,2244000,1998000,1319000]",888,15815000
2,49,8,"[821,956,714,847,577,743,595,573]","[2313000,2740000,1974000,2447000,1623000,2122000,1711000,1571000]",956,16501000
2,50,8,"[703,794,653,810,697,844,723,557]","[1972000,2259000,1849000,2185000,2042000,2326000,2011000,1506000]",844,16150000
2,51,8,"[666,970,699,886,543,697,530,521]","[1906000,2757000,1929000,2570000,1533000,1949000,1525000,1397000]",970,15566000
2,52,8,"[938,670,793,566,644,665,873,776]","[2716000,1933000,2243000,1572000,1795000,1875000,2614000,2343000]",938,17091000
2,53,8,"[733,707,671,612,648,847,838,580]","[2078000,2131000,1899000,1656000,1792000,2404000,2324000,1578000]",847,15862000
2,54,8,"[956,604,593,848,619,821,774,596]","[2713000,1678000,1653000,2341000,1712000,2374000,2256000,1768000]",956,16495000
2,55,8,"[706,759,613,814,671,777,745,596]","[2123000,2169000,1726000,2263000,1883000,2232000,2162000,1679000]",814,16237000
2,56,8,"[598,598,785,807,732,778,669,661]","[1691000,1674000,2188000,2240000,2075000,2222000,2001000,1907000]",807,15998000
2,57,8,"[854,759,705,783,664,856,588,516]","[2454000,2157000,1980000,2208000,1922000,2453000,1664000,1391000]",856,16229000
2,58,8,"[760,764,608,520,673,681,944,720]","[2133000,2223000,1692000,1470000,1870000,1960000,2810000,2059000]",944,16217000
2,59,8,"[599,720,788,576,749,916,753,525]","[1810000,2000000,2242000,1599000,2110000,2592000,2127000,1428000]",916,15908000
2,60,8,"[514,962,834,702,733,719,649,645]","[1457000,2685000,2317000,1994000,2064000,2050000,1879000,1792000]",962,16238000
2,61,8,"[655,718,795,798,710,826,679,478]","[1842000,2006000,2267000,2259000,2049000,2281000,1888000,1299000]",826,15891000
2,62,8,"[710,953,650,677,706,1048,678,729]","[2005000,2783000,1822000,1864000,1949000,2914000,2010000,2003000]",1048,17350000
2,63,8,"[683,844,642,632,658,872,847,656]","[1935000,2412000,1844000,1743000,1849000,2436000,2430000,1831000]",872,16480000
2,64,8,"[887,687,655,537,419,850,910,788]","[2524000,2045000,1849000,1509000,1195000,2447000,2571000,2192000]",910,16332000
2,65,8,"[809,754,664,838,688,791,717,595]","[2216000,2103000,1841000,2328000,1944000,2236000,2075000,1661000]",838,16404000
2,66,8,"[778,727,613,724,611,823,742,589]","[2210000,2053000,1730000,2028000,1777000,2387000,2153000,1670000]",823,16008000
2,67,8,"[710,734,561,802,670,737,752,645]","[2086000,2076000,1563000,2233000,1883000,2115000,2176000,1838000]",802,15970000
2,68,8,"[652,726,688,861,728,768,610,498]","[1986000,2022000,1964000,2414000,2104000,2143000,1718000,1338000]",861,15689000
2,69,8,"[646,1022,658,781,572,791,541,537]","[1909000,2876000,1822000,2247000,1615000,2257000,1573000,1467000]",1022,15766000
2,70,8,"[900,627,687,329,365,766,978,852]","[2549000,1935000,1889000,919000,1057000,2205000,2867000,2423000]",978,15844000
2,71,8,"[654,836,726,650,641,818,573,657]","[1849000,2338000,2059000,1839000,1832000,2297000,1621000,1772000]",836,15607000
2,72,8,"[1034,614,522,765,500,469,889,685]","[2991000,1703000,1497000,2250000,1433000,1330000,2523000,1939000]",1034,15666000
2,73,8,"[787,726,678,806,723,765,618,494]","[2229000,2022000,1942000,2308000,2079000,2123000,1735000,1323000]",806,15761000
2,74,8,"[781,740,613,799,611,772,714,589]","[2209000,2092000,1727000,2227000,1773000,2205000,2106000,1659000]",799,15998000
2,75,8,"[781,728,555,798,610,772,749,641]","[2200000,2068000,1563000,2227000,1755000,2207000,2182000,1815000]",798,16017000
2,76,8,"[700,759,621,802,664,746,740,592]","[2087000,2162000,1742000,2233000,1874000,2146000,2152000,1667000]",802,16063000
2,77,8,"[650,730,680,811,780,715,616,493]","[1973000,2024000,1958000,2318000,2245000,1961000,1730000,1328000]",811,15537000
2,78,8,"[567,1038,649,624,660,937,600,531]","[1597000,2914000,1806000,1800000,1863000,2663000,1740000,1497000]",1038,15880000
2,79,8,"[651,827,799,768,571,782,653,559]","[1914000,2338000,2219000,2272000,1619000,2233000,1902000,1625000]",827,16122000
2,80,8,"[899,548,672,332,367,765,1093,857]","[2548000,1678000,1862000,927000,1063000,2205000,3209000,2444000]",1093,15936000
2,81,8,"[901,804,561,503,533,810,827,636]","[2578000,2310000,1652000,1463000,1540000,2299000,2387000,1763000]",901,15992000
2,82,8,"[534,1038,649,623,659,937,593,513]","[1483000,2919000,1806000,1801000,1861000,2667000,1720000,1470000]",1038,15727000
2,83,8,"[908,816,543,561,534,810,769,617]","[2592000,2352000,1593000,1653000,1548000,2298000,2219000,1747000]",908,16002000
2,84,8,"[907,743,532,541,535,802,824,679]","[2579000,2185000,1562000,1586000,1544000,2286000,2367000,1889000]",907,15998000
2,85,8,"[784,682,677,847,729,762,625,522]","[2223000,1913000,1935000,2402000,2090000,2116000,1753000,1413000]",847,15845000
2,86,8,"[900,814,529,510,533,803,828,676]","[2562000,2339000,1548000,1492000,1538000,2286000,2361000,1906000]",900,16032000
2,87,8,"[900,546,677,329,363,760,995,857]","[2562000,1679000,1878000,922000,1050000,2191000,3005000,2455000]",995,15742000
2,88,8,"[783,725,658,861,773,727,614,496]","[2229000,2024000,1904000,2430000,2243000,1984000,1724000,1331000]",861,15869000
2,89,8,"[777,814,614,748,612,766,714,590]","[2201000,2274000,1732000,2076000,1757000,2195000,2106000,1653000]",814,15994000
2,90,8,"[785,738,661,752,675,774,738,595]","[2213000,2100000,1865000,2076000,1892000,2225000,2138000,1670000]",785,16179000
3,1,8,"[584,766,711,755,633,594,709,680]","[1695000,2131000,2042000,2154000,1779000,1692000,1988000,1981000]",766,15462000
3,2,8,"[504,762,603,624,502,554,780,958]","[1402000,2120000,1748000,1767000,1409000,1566000,2305000,2789000]",958,15106000
3,3,8,"[530,731,749,736,672,587,752,675]","[1564000,2047000,2145000,2109000,1874000,1663000,2125000,1958000]",752,15485000
3,4,8,"[610,710,659,607,648,540,724,854]","[1697000,1981000,1904000,1722000,1752000,1526000,2189000,2454000]",854,15225000
3,5,8,"[583,787,699,732,722,606,669,632]","[1677000,2169000,2003000,2088000,1990000,1758000,1905000,1849000]",787,15439000
3,6,8,"[588,828,889,763,678,466,571,640]","[1691000,2298000,2596000,2090000,1947000,1383000,1616000,1886000]",889,15507000
3,7,8,"[520,804,1000,723,621,499,534,606]","[1526000,2262000,2929000,1960000,1775000,1485000,1526000,1777000]",1000,15240000
3,8,8,"[524,682,765,729,659,603,727,769]","[1547000,1918000,2247000,2076000,1864000,1680000,2049000,2132000]",769,15513000
3,9,8,"[562,679,746,734,679,604,729,767]","[1606000,1906000,2199000,2080000,1923000,1689000,2049000,2127000]",767,15579000
3,10,8,"[771,685,771,731,722,604,730,615]","[2178000,1937000,2158000,2047000,1999000,1681000,2056000,1790000]",771,15846000
3,11,8,"[499,756,608,628,567,564,776,959]","[1397000,2107000,1766000,1787000,1534000,1587000,2294000,2785000]",959,15257000
3,12,8,"[582,773,747,750,594,598,712,677]","[1689000,2159000,2145000,2148000,1671000,1709000,1991000,1971000]",773,15483000
3,13,8,"[528,684,761,723,691,669,728,760]","[1527000,1924000,2225000,2046000,1969000,1867000,2047000,2108000]",761,15713000
3,14,8,"[592,829,892,766,672,466,569,644]","[1697000,2303000,2596000,2086000,1923000,1388000,1605000,1897000]",892,15495000
3,15,8,"[525,735,872,813,627,647,600,610]","[1534000,2062000,2506000,2272000,1763000,1859000,1704000,1812000]",872,15512000
3,16,8,"[567,720,878,865,687,625,497,616]","[1644000,2043000,2464000,2402000,1903000,1809000,1462000,1790000]",878,15517000
3,17,8,"[502,758,594,625,569,508,909,961]","[1402000,2127000,1737000,1791000,1525000,1462000,2566000,2790000]",961,15400000
3,18,8,"[619,843,821,549,713,593,659,639]","[1793000,2343000,2292000,1534000,2073000,1723000,1879000,1884000]",843,15521000
3,19,8,"[502,697,595,632,606,502,903,968]","[1405000,1967000,1744000,1815000,1638000,1448000,2562000,2809000]",968,15388000
3,20,8,"[591,681,750,611,739,604,686,800]","[1731000,1958000,2083000,1664000,2144000,1708000,1964000,2305000]",800,15557000
3,21,8,"[589,722,746,602,743,667,717,772]","[1705000,2002000,2062000,1660000,2150000,1896000,2053000,2218000]",772,15746000
3,22,8,"[742,699,736,744,722,682,680,783]","[2123000,2028000,2167000,2095000,2034000,1888000,1894000,2131000]",783,16360000
3,23,8,"[644,753,782,742,716,609,580,753]","[1815000,2094000,2220000,2073000,1987000,1687000,1647000,2136000]",782,15659000
3,24,8,"[584,780,664,643,709,672,680,768]","[1681000,2157000,1875000,1848000,1973000,1891000,1928000,2224000]",780,15577000
3,25,8,"[564,691,726,692,645,602,774,798]","[1628000,1954000,2120000,1959000,1829000,1687000,2193000,2232000]",798,15602000
3,26,8,"[529,727,962,782,623,584,604,605]","[1542000,2045000,2788000,2139000,1762000,1669000,1708000,1789000]",962,15442000
3,27,8,"[583,773,739,603,742,663,672,764]","[1698000,2158000,2052000,1653000,2152000,1887000,1914000,2202000]",773,15716000
3,28,8,"[497,706,601,619,612,503,908,968]","[1399000,1985000,1754000,1764000,1656000,1444000,2566000,2805000]",968,15373000
3,29,8,"[619,842,820,591,717,635,631,646]","[1785000,2341000,2286000,1620000,2091000,1867000,1775000,1882000]",842,15647000
3,30,8,"[529,732,966,782,620,584,604,607]","[1542000,2055000,2808000,2144000,1756000,1669000,1718000,1799000]",966,15491000
3,31,8,"[561,686,781,701,660,596,725,792]","[1621000,1931000,2287000,1984000,1858000,1679000,2035000,2214000]",792,15609000
3,32,8,"[556,680,775,777,689,692,654,738]","[1610000,1918000,2241000,2217000,1916000,1963000,1830000,2064000]",777,15759000
3,33,8,"[677,769,789,767,699,599,624,701]","[1921000,2154000,2226000,2071000,2037000,1745000,1734000,2008000]",789,15896000
3,34,8,"[583,815,876,791,682,544,574,631]","[1690000,2244000,2534000,2174000,1948000,1547000,1620000,1847000]",876,15604000
3,35,8,"[567,684,781,729,664,600,727,766]","[1627000,1920000,2285000,2067000,1877000,1675000,2054000,2122000]",781,15627000
3,36,8,"[556,679,772,774,692,695,655,741]","[1610000,1913000,2241000,2214000,1934000,1969000,1841000,2063000]",774,15785000
3,37,8,"[511,716,883,868,691,627,556,618]","[1470000,2029000,2469000,2417000,1909000,1818000,1637000,1799000]",883,15548000
3,38,8,"[576,723,881,879,625,665,498,629]","[1663000,2045000,2464000,2444000,1752000,1901000,1461000,1805000]",881,15535000
3,39,8,"[500,756,602,625,568,509,909,961]","[1405000,2123000,1747000,1791000,1525000,1467000,2562000,2790000]",961,15410000
3,40,8,"[516,802,1002,715,618,613,530,610]","[1512000,2237000,2938000,1945000,1779000,1727000,1512000,1795000]",1002,15445000
3,41,8,"[521,733,794,646,601,584,821,756]","[1477000,2074000,2254000,1803000,1640000,1700000,2325000,2163000]",821,15436000
3,42,8,"[560,619,765,713,720,668,716,725]","[1573000,1722000,2255000,1990000,2006000,1862000,2059000,2055000]",765,15522000
3,43,8,"[593,714,853,822,672,616,637,645]","[1686000,2063000,2412000,2286000,1871000,1751000,1767000,1848000]",853,15684000
3,44,8,"[600,653,645,698,618,638,751,865]","[1688000,1842000,1847000,2001000,1662000,1816000,2138000,2487000]",865,15481000
3,45,8,"[564,702,715,607,592,605,822,839]","[1618000,1977000,2040000,1721000,1658000,1702000,2325000,2403000]",839,15444000
3,46,8,"[584,792,863,522,794,684,666,636]","[1680000,2198000,2412000,1416000,2301000,1955000,1893000,1869000]",863,15724000
3,47,8,"[597,710,715,661,687,594,675,744]","[1686000,2001000,2055000,1877000,1887000,1682000,2041000,2124000]",744,15353000
3,48,8,"[585,785,698,733,719,555,670,682]","[1681000,2170000,2000000,2083000,1987000,1594000,1923000,1981000]",785,15419000
3,49,8,"[530,802,935,766,639,556,521,607]","[1544000,2246000,2707000,2087000,1802000,1671000,1494000,1776000]",935,15327000
3,50,8,"[587,692,832,811,731,642,640,786]","[1620000,1940000,2424000,2284000,2009000,1846000,1793000,2195000]",832,16111000
3,51,8,"[582,769,662,639,716,593,722,768]","[1675000,2141000,1873000,1843000,1991000,1680000,2066000,2232000]",769,15501000
3,52,8,"[593,647,771,697,604,627,753,765]","[1678000,1832000,2181000,1949000,1641000,1827000,2145000,2176000]",771,15429000
3,53,8,"[537,799,926,763,627,585,521,610]","[1569000,2231000,2675000,2077000,1766000,1735000,1494000,1778000]",926,15325000
3,54,8,"[606,721,711,596,673,536,748,772]","[1711000,2007000,2038000,1681000,1866000,1502000,2266000,2200000]",772,15271000
3,55,8,"[535,694,822,783,721,634,691,678]","[1540000,1945000,2370000,2247000,2029000,1804000,1877000,1894000]",822,15706000
3,56,8,"[774,717,664,659,679,646,726,774]","[2175000,2005000,1922000,1853000,1869000,1851000,2074000,2142000]",774,15891000
3,57,8,"[592,776,701,728,653,589,670,686]","[1703000,2148000,2016000,2080000,1795000,1718000,1939000,1987000]",776,15386000
3,58,8,"[589,771,751,748,626,634,628,639]","[1695000,2140000,2147000,2132000,1765000,1850000,1747000,1863000]",771,15339000
3,59,8,"[612,714,648,667,692,573,681,771]","[1711000,2005000,1874000,1875000,1908000,1606000,2069000,2183000]",771,15231000
3,60,8,"[496,691,840,686,603,623,752,761]","[1390000,1960000,2405000,1909000,1639000,1822000,2146000,2171000]",840,15442000
3,61,8,"[760,691,713,748,670,656,725,613]","[2141000,1951000,2013000,2116000,1895000,1823000,2048000,1782000]",760,15769000
3,62,8,"[571,727,815,809,730,680,562,667]","[1633000,2039000,2294000,2199000,2029000,1922000,1667000,1904000]",815,15687000
3,63,8,"[588,771,839,607,707,637,709,647]","[1716000,2140000,2320000,1646000,2078000,1778000,2048000,1885000]",839,15611000
3,64,8,"[539,690,729,762,570,642,782,859]","[1547000,1930000,2136000,2154000,1589000,1794000,2273000,2368000]",859,15791000
3,65,8,"[564,677,732,692,697,672,721,776]","[1617000,1910000,2140000,1963000,1958000,1889000,2024000,2169000]",776,15670000
3,66,8,"[584,766,711,752,634,594,714,680]","[1695000,2131000,2042000,2148000,1781000,1692000,1998000,1981000]",766,15468000
3,67,8,"[501,756,587,632,503,554,780,967]","[1401000,2109000,1717000,1789000,1414000,1574000,2298000,2798000]",967,15100000
3,68,8,"[530,727,753,738,715,587,754,614]","[1564000,2039000,2160000,2116000,2014000,1663000,2129000,1782000]",754,15467000
3,69,8,"[608,709,646,604,645,539,729,859]","[1712000,1989000,1862000,1710000,1736000,1506000,2188000,2470000]",859,15173000
3,70,8,"[583,790,699,734,738,606,669,632]","[1663000,2172000,2003000,2092000,2045000,1758000,1905000,1849000]",790,15487000
3,71,8,"[607,827,890,770,677,464,572,632]","[1742000,2299000,2607000,2090000,1948000,1384000,1617000,1873000]",890,15560000
3,72,8,"[516,808,1002,716,604,495,530,608]","[1506000,2273000,2930000,1951000,1745000,1475000,1521000,1774000]",1002,15175000
3,73,8,"[523,682,774,695,661,642,727,767]","[1544000,1917000,2257000,1969000,1858000,1807000,2051000,2127000]",774,15530000
3,74,8,"[523,677,738,730,676,599,727,765]","[1545000,1903000,2196000,2093000,1914000,1674000,2051000,2124000]",765,15500000
3,75,8,"[771,685,773,731,722,604,730,615]","[2178000,1937000,2168000,2047000,1999000,1681000,2050000,1790000]",773,15850000
3,76,8,"[489,804,606,628,568,563,773,957]","[1374000,2204000,1762000,1793000,1536000,1585000,2287000,2781000]",957,15322000
3,77,8,"[582,772,745,749,594,593,711,677]","[1691000,2157000,2141000,2143000,1671000,1693000,1992000,1978000]",772,15466000
3,78,8,"[528,685,707,720,688,664,771,760]","[1527000,1926000,2067000,2036000,1962000,1860000,2183000,2108000]",771,15669000
3,79,8,"[587,819,795,776,675,471,578,692]","[1688000,2280000,2326000,2122000,1944000,1395000,1639000,2047000]",819,15441000
3,80,8,"[526,736,873,814,627,648,601,609]","[1536000,2067000,2511000,2275000,1763000,1859000,1706000,1802000]",873,15519000
3,81,8,"[569,717,883,872,686,621,513,616]","[1657000,2028000,2474000,2412000,1903000,1804000,1509000,1782000]",883,15569000
3,82,8,"[503,756,590,624,588,504,890,966]","[1397000,2122000,1729000,1783000,1577000,1449000,2517000,2808000]",966,15382000
3,83,8,"[622,857,822,553,712,584,660,643]","[1798000,2380000,2297000,1549000,2077000,1682000,1881000,1888000]",857,15552000
3,84,8,"[499,687,596,636,612,512,910,970]","[1395000,1947000,1735000,1822000,1651000,1474000,2570000,2814000]",970,15408000
3,85,8,"[593,681,747,610,758,604,688,803]","[1736000,1958000,2064000,1665000,2174000,1708000,1974000,2314000]",803,15593000
3,86,8,"[590,729,741,599,803,664,724,706]","[1708000,2020000,2056000,1645000,2328000,1890000,2070000,2020000]",803,15737000
3,87,8,"[742,699,736,721,725,682,713,782]","[2139000,2031000,2177000,2032000,2039000,1906000,1972000,2116000]",782,16412000
3,88,8,"[644,697,781,735,759,612,584,749]","[1815000,1915000,2219000,2057000,2103000,1695000,1660000,2116000]",781,15580000
3,89,8,"[586,775,663,641,711,674,607,767]","[1694000,2148000,1883000,1847000,1981000,1919000,1768000,2224000]",775,15464000
3,90,8,"[525,682,726,693,644,597,777,790]","[1546000,1925000,2134000,1964000,1827000,1677000,2199000,2216000]",790,15488000
4,1,8,"[597,708,694,582,739,711,762,522]","[1724000,2015000,1977000,1640000,2136000,2023000,2196000,1456000]",762,15167000
4,2,8,"[495,660,723,658,605,677,849,554]","[1358000,1815000,2099000,1889000,1731000,1975000,2398000,1486000]",849,14751000
4,3,8,"[689,741,694,713,741,774,689,607]","[1945000,2109000,1988000,2042000,2004000,2169000,2040000,1688000]",774,15985000
4,4,8,"[586,727,763,751,735,718,831,447]","[1664000,2097000,2161000,2064000,2004000,1993000,2439000,1270000]",831,15692000
4,5,8,"[574,693,686,576,773,774,755,647]","[1707000,2004000,1914000,1666000,2226000,2226000,2188000,1834000]",774,15765000
4,6,8,"[534,631,769,597,653,840,895,409]","[1464000,1757000,2245000,1746000,1855000,2254000,2540000,1087000]",895,14948000
4,7,8,"[546,842,672,559,664,871,751,496]","[1620000,2367000,1954000,1682000,1898000,2483000,2168000,1385000]",871,15557000
4,8,8,"[494,646,727,643,603,899,849,554]","[1365000,1781000,2105000,1852000,1734000,2405000,2394000,1496000]",899,15132000
4,9,8,"[771,742,682,707,735,764,755,406]","[2191000,2117000,1979000,2003000,2004000,2108000,2240000,1172000]",771,15814000
4,10,8,"[523,654,637,650,593,903,855,546]","[1495000,1833000,1904000,1864000,1714000,2451000,2409000,1483000]",903,15153000
4,11,8,"[709,742,738,526,763,682,751,606]","[2012000,2144000,2098000,1551000,2201000,2038000,2179000,1671000]",763,15894000
4,12,8,"[663,769,706,709,756,758,726,641]","[1849000,2199000,2022000,1999000,2191000,2133000,2126000,1877000]",769,16396000
4,13,8,"[569,726,723,750,732,723,833,486]","[1585000,2094000,2041000,2073000,1998000,2010000,2441000,1392000]",833,15634000
4,14,8,"[574,718,766,618,738,713,835,454]","[1604000,2078000,2157000,1844000,2007000,1981000,2441000,1278000]",835,15390000
4,15,8,"[736,636,684,495,782,810,667,655]","[2176000,1798000,1960000,1469000,2333000,2309000,1888000,1853000]",810,15786000
4,16,8,"[504,603,726,651,604,896,863,550]","[1392000,1701000,2105000,1887000,1726000,2420000,2425000,1493000]",896,15149000
4,17,8,"[778,742,682,709,731,763,763,493]","[2181000,2121000,1985000,2030000,1996000,2093000,2263000,1371000]",778,16040000
4,18,8,"[357,536,670,585,439,883,1163,745]","[1075000,1507000,1927000,1694000,1276000,2525000,3426000,2183000]",1163,15613000
4,19,8,"[841,485,563,520,943,913,596,519]","[2525000,1428000,1613000,1494000,2704000,2623000,1714000,1523000]",943,15624000
4,20,8,"[779,724,689,712,737,774,767,481]","[2176000,2064000,2004000,2035000,2004000,2117000,2286000,1313000]",779,15999000
4,21,8,"[649,809,721,624,739,755,705,611]","[1907000,2278000,2011000,1787000,2169000,2142000,2003000,1732000]",809,16029000
4,22,8,"[725,758,738,535,765,770,753,596]","[2056000,2191000,2095000,1562000,2193000,2205000,2187000,1640000]",770,16129000
4,23,8,"[742,620,687,506,784,810,662,661]","[2204000,1761000,1956000,1474000,2333000,2317000,1881000,1878000]",810,15804000
4,24,8,"[559,765,742,619,734,800,789,596]","[1667000,2141000,2097000,1727000,2098000,2314000,2238000,1722000]",800,16004000
4,25,8,"[716,749,737,531,765,776,752,607]","[2034000,2165000,2098000,1561000,2189000,2236000,2184000,1673000]",776,16140000
4,26,8,"[651,673,771,692,684,699,869,441]","[1818000,1917000,2249000,1970000,1854000,1947000,2539000,1263000]",869,15557000
4,27,8,"[597,842,667,558,662,871,751,501]","[1743000,2367000,1950000,1671000,1892000,2479000,2165000,1372000]",871,15639000
4,28,8,"[543,764,744,624,743,801,789,564]","[1594000,2128000,2120000,1737000,2129000,2296000,2249000,1646000]",801,15899000
4,29,8,"[642,785,719,610,782,753,712,612]","[1877000,2189000,2003000,1734000,2311000,2142000,2028000,1730000]",785,16014000
4,30,8,"[574,719,765,753,737,713,836,454]","[1604000,2076000,2160000,2080000,2005000,1981000,2443000,1287000]",836,15636000
4,31,8,"[560,763,743,610,749,802,753,595]","[1669000,2131000,2101000,1700000,2120000,2309000,2165000,1720000]",802,15915000
4,32,8,"[728,750,741,621,771,773,747,602]","[2069000,2167000,2107000,1729000,2220000,2215000,2161000,1661000]",773,16329000
4,33,8,"[673,778,702,713,757,760,727,637]","[1859000,2205000,2018000,2030000,2202000,2139000,2126000,1867000]",778,16446000
4,34,8,"[773,730,686,713,741,768,779,481]","[2181000,2085000,2002000,2012000,2021000,2116000,2302000,1315000]",779,16034000
4,35,8,"[661,776,703,706,756,756,753,635]","[1855000,2207000,2018000,2000000,2193000,2123000,2172000,1854000]",776,16422000
4,36,8,"[356,563,666,584,472,887,1154,736]","[1075000,1572000,1917000,1694000,1349000,2520000,3385000,2190000]",1154,15702000
4,37,8,"[656,745,733,625,763,770,748,610]","[1908000,2155000,2089000,1750000,2189000,2227000,2165000,1685000]",770,16168000
4,38,8,"[935,488,602,530,940,906,573,514]","[2695000,1443000,1725000,1520000,2691000,2614000,1632000,1505000]",940,15825000
4,39,8,"[574,693,686,576,740,825,755,649]","[1707000,2004000,1914000,1666000,2129000,2364000,2188000,1839000]",825,15811000
4,40,8,"[569,760,686,574,740,826,761,653]","[1700000,2129000,1913000,1656000,2126000,2354000,2198000,1834000]",826,15910000
4,41,8,"[537,619,738,617,613,763,1126,789]","[1505000,1762000,2121000,1738000,1662000,2111000,3210000,2246000]",1126,16355000
4,42,8,"[699,782,719,702,776,777,738,606]","[2003000,2306000,2058000,1962000,2164000,2237000,2143000,1675000]",782,16548000
4,43,8,"[628,616,781,539,885,848,650,529]","[1897000,1784000,2208000,1548000,2523000,2449000,1879000,1565000]",885,15853000
4,44,8,"[527,720,705,429,605,922,890,784]","[1588000,2049000,1977000,1248000,1778000,2636000,2511000,2226000]",922,16013000
4,45,8,"[744,777,648,546,786,806,579,741]","[2155000,2142000,1874000,1599000,2392000,2315000,1665000,2142000]",806,16284000
4,46,8,"[691,784,686,744,735,731,694,517]","[1953000,2255000,2001000,2077000,1997000,2026000,2060000,1480000]",784,15849000
4,47,8,"[712,816,738,564,719,697,794,598]","[2053000,2349000,2102000,1650000,2069000,2004000,2322000,1655000]",816,16204000
4,48,8,"[644,751,683,571,809,801,634,665]","[1929000,2111000,1948000,1660000,2398000,2277000,1800000,1883000]",809,16006000
4,49,8,"[658,741,782,724,707,732,799,453]","[1835000,2110000,2271000,2071000,1906000,2034000,2329000,1303000]",799,15859000
4,50,8,"[536,636,776,630,564,684,876,437]","[1492000,1781000,2260000,1829000,1605000,1964000,2467000,1183000]",876,14581000
4,51,8,"[658,682,710,726,732,722,791,441]","[1856000,2006000,2045000,2015000,1991000,2000000,2304000,1258000]",791,15475000
4,52,8,"[706,763,800,586,771,771,748,610]","[2025000,2212000,2266000,1649000,2162000,2221000,2165000,1688000]",800,16388000
4,53,8,"[522,775,678,560,743,717,758,549]","[1510000,2170000,1929000,1604000,2149000,2043000,2215000,1608000]",775,15228000
4,54,8,"[636,678,778,573,731,861,765,589]","[1830000,1963000,2275000,1689000,2047000,2500000,2185000,1613000]",861,16102000
4,55,8,"[611,674,684,678,786,727,718,560]","[1770000,1900000,1984000,1915000,2334000,2013000,2040000,1591000]",786,15547000
4,56,8,"[662,850,728,659,774,706,753,700]","[1854000,2468000,2091000,1861000,2222000,1991000,2140000,2040000]",850,16667000
4,57,8,"[832,661,756,645,701,725,781,789]","[2473000,1935000,2111000,1905000,1885000,2013000,2226000,2324000]",832,16872000
4,58,8,"[479,618,743,607,632,761,1007,638]","[1435000,1758000,2165000,1747000,1820000,2123000,2938000,1925000]",1007,15911000
4,59,8,"[636,751,680,577,739,808,612,702]","[1879000,2114000,1951000,1682000,2187000,2314000,1730000,2013000]",808,15870000
4,60,8,"[688,749,700,711,732,887,786,724]","[2014000,2112000,1996000,2032000,1989000,2543000,2229000,2172000]",887,17087000
4,61,8,"[614,782,720,619,716,815,719,602]","[1822000,2201000,2025000,1728000,2062000,2329000,2085000,1735000]",815,15987000
4,62,8,"[524,642,774,648,566,708,822,436]","[1431000,1793000,2260000,1891000,1617000,2029000,2344000,1178000]",822,14543000
4,63,8,"[576,698,784,658,578,900,972,731]","[1628000,1950000,2230000,1880000,1656000,2538000,2817000,2113000]",972,16812000
4,64,8,"[782,615,693,633,896,693,774,539]","[2280000,1802000,2013000,1779000,2541000,1900000,2260000,1573000]",896,16148000
4,65,8,"[490,644,667,620,547,814,1012,823]","[1477000,1767000,2024000,1768000,1561000,2289000,2909000,2394000]",1012,16189000
4,66,8,"[591,713,714,580,660,710,761,526]","[1703000,2015000,2027000,1644000,1952000,2015000,2194000,1468000]",761,15018000
4,67,8,"[492,644,640,656,600,711,845,552]","[1352000,1780000,1902000,1896000,1722000,2064000,2387000,1488000]",845,14591000
4,68,8,"[691,742,697,732,730,771,689,608]","[1945000,2115000,1993000,2082000,1973000,2154000,2040000,1687000]",771,15989000
4,69,8,"[577,731,753,729,736,722,839,443]","[1610000,2108000,2113000,2015000,2005000,2014000,2458000,1242000]",839,15565000
4,70,8,"[574,727,686,573,769,774,720,649]","[1710000,2100000,1914000,1665000,2217000,2226000,2076000,1835000]",774,15743000
4,71,8,"[530,638,769,597,641,830,893,408]","[1456000,1763000,2241000,1746000,1831000,2255000,2533000,1092000]",893,14917000
4,72,8,"[546,802,672,559,703,867,752,496]","[1620000,2246000,1954000,1682000,2018000,2466000,2168000,1385000]",867,15539000
4,73,8,"[500,661,723,642,596,897,851,557]","[1368000,1818000,2095000,1850000,1717000,2401000,2394000,1514000]",897,15157000
4,74,8,"[770,742,694,701,740,765,755,404]","[2180000,2117000,2021000,1990000,2008000,2115000,2240000,1173000]",770,15844000
4,75,8,"[438,638,633,642,595,899,853,552]","[1246000,1800000,1888000,1854000,1710000,2430000,2405000,1506000]",899,14839000
4,76,8,"[707,742,749,526,759,685,747,607]","[2005000,2144000,2126000,1551000,2181000,2042000,2166000,1671000]",759,15886000
4,77,8,"[682,776,700,622,756,763,731,645]","[1917000,2208000,2007000,1815000,2195000,2177000,2141000,1889000]",776,16349000
4,78,8,"[572,725,728,617,735,720,832,488]","[1600000,2087000,2053000,1828000,2004000,1988000,2435000,1397000]",832,15392000
4,79,8,"[573,716,757,665,741,632,837,451]","[1602000,2071000,2130000,1986000,2013000,1756000,2455000,1269000]",837,15282000
4,80,8,"[740,590,687,496,782,809,694,661]","[2184000,1674000,1960000,1469000,2333000,2309000,1963000,1877000]",809,15769000
4,81,8,"[500,618,719,648,604,899,778,549]","[1387000,1745000,2084000,1862000,1732000,2446000,2249000,1491000]",899,14996000
4,82,8,"[771,736,682,710,733,764,765,483]","[2176000,2099000,1985000,2032000,2000000,2104000,2273000,1332000]",771,16001000
4,83,8,"[360,536,705,586,440,883,1165,747]","[1092000,1507000,2004000,1704000,1281000,2526000,3430000,2188000]",1165,15732000
4,84,8,"[837,485,564,520,1017,858,596,519]","[2505000,1428000,1618000,1494000,2919000,2450000,1714000,1523000]",1017,15651000
4,85,8,"[678,730,681,711,729,760,769,478]","[1979000,2070000,1981000,2015000,1987000,2102000,2281000,1313000]",769,15728000
4,86,8,"[642,788,727,622,736,766,713,612]","[1880000,2209000,2027000,1781000,2157000,2177000,2015000,1746000]",788,15992000
4,87,8,"[720,724,741,533,757,774,753,599]","[2046000,2119000,2104000,1571000,2173000,2217000,2173000,1647000]",774,16050000
4,88,8,"[741,588,694,508,783,808,664,660]","[2185000,1716000,1958000,1483000,2335000,2311000,1878000,1866000]",808,15732000
4,89,8,"[559,803,743,620,735,797,756,596]","[1667000,2267000,2097000,1732000,2100000,2303000,2139000,1722000]",803,16027000
4,90,8,"[721,750,734,548,759,782,753,602]","[2046000,2168000,2104000,1601000,2185000,2262000,2167000,1663000]",782,16196000
5,1,8,"[577,590,680,688,792,667,761,715]","[1665000,1691000,1947000,2009000,2280000,1920000,2257000,2057000]",792,15826000
5,2,8,"[629,1002,691,836,497,356,980,407]","[1830000,3021000,1978000,2478000,1402000,986000,2907000,1186000]",1002,15788000
5,3,8,"[665,839,714,803,565,459,740,640]","[1915000,2471000,2089000,2325000,1691000,1290000,2221000,1860000]",839,15862000
5,4,8,"[519,619,615,697,642,763,1010,533]","[1505000,1785000,1767000,1985000,1904000,2231000,2929000,1525000]",1010,15631000
5,5,8,"[663,675,702,700,697,711,614,708]","[1968000,1981000,1991000,2019000,2056000,2069000,1750000,2016000]",711,15850000
5,6,8,"[684,741,676,705,685,590,657,710]","[1981000,2169000,1977000,2057000,2022000,1628000,1951000,2064000]",741,15849000
5,7,8,"[383,1618,625,885,325,167,1177,211]","[1083000,4811000,1762000,2619000,953000,457000,3415000,647000]",1618,15747000
5,8,8,"[328,1692,668,773,235,182,1261,259]","[914000,5027000,1909000,2263000,719000,486000,3675000,797000]",1692,15790000
5,9,8,"[583,642,682,714,786,665,725,718]","[1668000,1797000,1952000,2091000,2264000,1904000,2144000,2060000]",786,15880000
5,10,8,"[516,596,620,706,643,719,1015,621]","[1499000,1717000,1783000,2003000,1928000,2100000,2940000,1777000]",1015,15747000
5,11,8,"[669,845,702,803,573,459,741,638]","[1922000,2483000,2059000,2339000,1711000,1287000,2220000,1853000]",845,15874000
5,12,8,"[666,840,728,800,652,460,741,599]","[1920000,2472000,2119000,2319000,1869000,1294000,2211000,1750000]",840,15954000
5,13,8,"[666,836,729,808,652,451,741,604]","[1920000,2448000,2137000,2336000,1868000,1271000,2211000,1760000]",836,15951000
5,14,8,"[628,1076,694,832,461,356,981,405]","[1820000,3220000,1968000,2468000,1294000,986000,2916000,1176000]",1076,15848000
5,15,8,"[628,1076,694,832,461,357,981,405]","[1820000,3213000,1968000,2468000,1294000,993000,2921000,1176000]",1076,15853000
5,16,8,"[628,1078,680,874,468,356,928,405]","[1832000,3221000,1947000,2610000,1312000,986000,2760000,1176000]",1078,15844000
5,17,8,"[620,1076,681,910,422,357,935,406]","[1804000,3226000,1945000,2711000,1185000,988000,2769000,1172000]",1076,15800000
5,18,8,"[579,619,681,690,793,666,762,714]","[1665000,1749000,1949000,2009000,2291000,1900000,2265000,2058000]",793,15886000
5,19,8,"[518,563,626,703,640,763,1010,622]","[1503000,1615000,1794000,1997000,1910000,2228000,2929000,1770000]",1010,15746000
5,20,8,"[554,1143,588,874,527,372,1006,398]","[1567000,3219000,1687000,2488000,1510000,1059000,3015000,1123000]",1143,15668000
5,21,8,"[662,668,700,698,696,712,685,707]","[1964000,1975000,1981000,2012000,2051000,2074000,1892000,2016000]",712,15965000
5,22,8,"[565,1081,681,884,470,356,923,439]","[1643000,3227000,1932000,2634000,1319000,986000,2736000,1292000]",1081,15769000
5,23,8,"[382,1617,625,884,325,184,1176,211]","[1081000,4821000,1762000,2620000,953000,496000,3419000,647000]",1617,15799000
5,24,8,"[662,634,703,744,695,670,760,710]","[1956000,1870000,1988000,2153000,2047000,1937000,2081000,2041000]",760,16073000
5,25,8,"[624,909,684,770,595,521,771,594]","[1803000,2691000,1995000,2246000,1736000,1436000,2281000,1740000]",909,15928000
5,26,8,"[383,1618,624,825,416,182,1177,211]","[1083000,4806000,1757000,2412000,1211000,483000,3415000,647000]",1618,15814000
5,27,8,"[627,1077,691,818,469,356,927,484]","[1830000,3215000,1981000,2444000,1314000,986000,2743000,1396000]",1077,15909000
5,28,8,"[518,563,627,706,640,763,1010,622]","[1503000,1615000,1799000,2003000,1910000,2228000,2929000,1771000]",1010,15758000
5,29,8,"[290,1692,670,774,234,228,1257,258]","[810000,5030000,1906000,2263000,717000,603000,3655000,792000]",1692,15776000
5,30,8,"[663,642,764,769,690,597,759,647]","[1914000,1882000,2259000,2234000,2032000,1692000,2181000,1880000]",769,16074000
5,31,8,"[665,839,730,802,647,455,764,598]","[1908000,2459000,2132000,2339000,1859000,1279000,2255000,1745000]",839,15976000
5,32,8,"[631,1078,680,836,468,356,985,405]","[1838000,3221000,1947000,2489000,1312000,986000,2928000,1176000]",1078,15897000
5,33,8,"[664,838,735,810,647,455,750,596]","[1908000,2464000,2145000,2359000,1852000,1279000,2228000,1747000]",838,15982000
5,34,8,"[583,645,682,689,793,665,762,718]","[1670000,1803000,1947000,2012000,2289000,1907000,2257000,2060000]",793,15945000
5,35,8,"[652,611,717,696,723,624,805,723]","[1874000,1744000,2005000,2021000,2115000,1758000,2312000,2092000]",805,15921000
5,36,8,"[504,863,690,745,606,532,897,674]","[1446000,2426000,2023000,2151000,1786000,1536000,2611000,1948000]",897,15927000
5,37,8,"[530,561,699,694,640,778,1009,619]","[1529000,1593000,1957000,1973000,1905000,2274000,2921000,1761000]",1009,15913000
5,38,8,"[659,677,703,696,756,679,690,707]","[1951000,1991000,2003000,2003000,2227000,1965000,1914000,2026000]",756,16080000
5,39,8,"[625,1081,687,878,425,356,927,448]","[1824000,3239000,1967000,2620000,1175000,986000,2747000,1313000]",1081,15871000
5,40,8,"[330,1689,667,770,318,167,1258,203]","[929000,5021000,1904000,2254000,939000,457000,3670000,628000]",1689,15802000
5,41,8,"[522,1729,708,860,401,357,1028,321]","[1449000,5141000,2073000,2431000,1201000,963000,2940000,897000]",1729,17095000
5,42,8,"[576,1150,609,874,454,456,1057,412]","[1677000,3335000,1747000,2541000,1256000,1241000,3148000,1211000]",1150,16156000
5,43,8,"[633,972,680,843,611,417,863,481]","[1813000,2863000,1971000,2424000,1762000,1176000,2529000,1399000]",972,15937000
5,44,8,"[524,1253,618,835,563,519,908,524]","[1472000,3569000,1788000,2368000,1686000,1488000,2576000,1535000]",1253,16482000
5,45,8,"[477,1261,720,669,541,574,1124,536]","[1308000,3522000,2102000,1906000,1625000,1659000,3151000,1606000]",1261,16879000
5,46,8,"[699,822,749,701,727,677,660,715]","[2016000,2361000,2144000,2002000,2154000,1857000,1971000,2114000]",822,16619000
5,47,8,"[378,1147,784,824,505,445,1073,527]","[1049000,3290000,2312000,2314000,1416000,1289000,3054000,1506000]",1147,16230000
5,48,8,"[597,791,702,696,695,623,731,711]","[1751000,2275000,1999000,1999000,2053000,1812000,2054000,2028000]",791,15971000
5,49,8,"[436,1130,818,766,628,579,854,516]","[1218000,3141000,2340000,2189000,1812000,1632000,2419000,1571000]",1130,16322000
5,50,8,"[506,802,719,834,637,635,824,668]","[1440000,2313000,2118000,2424000,1844000,1777000,2396000,1896000]",834,16208000
5,51,8,"[526,843,667,633,616,643,1113,613]","[1528000,2436000,1845000,1784000,1796000,1862000,3207000,1769000]",1113,16227000
5,52,8,"[622,1084,679,822,463,399,946,418]","[1807000,3252000,1940000,2438000,1302000,1108000,2810000,1199000]",1084,15856000
5,53,8,"[620,909,660,807,499,547,792,625]","[1791000,2683000,1911000,2348000,1480000,1523000,2364000,1838000]",909,15938000
5,54,8,"[533,819,622,767,674,635,990,594]","[1516000,2328000,1744000,2149000,1996000,1776000,2915000,1691000]",990,16115000
5,55,8,"[524,1391,567,854,405,383,1007,542]","[1503000,4047000,1625000,2550000,1129000,1072000,2867000,1549000]",1391,16342000
5,56,8,"[675,840,699,758,632,560,754,578]","[1988000,2466000,2022000,2215000,1836000,1540000,2259000,1735000]",840,16061000
5,57,8,"[509,674,759,757,627,643,1134,670]","[1471000,1941000,2153000,2132000,1828000,1837000,3248000,1890000]",1134,16500000
5,58,8,"[667,834,769,722,700,616,696,671]","[1919000,2383000,2222000,2068000,2159000,1661000,2059000,1927000]",834,16398000
5,59,8,"[624,913,684,803,577,526,793,625]","[1817000,2698000,1989000,2322000,1666000,1436000,2342000,1809000]",913,16079000
5,60,8,"[584,638,726,699,727,744,822,719]","[1678000,1788000,2092000,1925000,2111000,2150000,2378000,2071000]",822,16193000
5,61,8,"[638,718,724,857,647,622,914,536]","[1831000,2119000,2125000,2491000,1875000,1732000,2629000,1538000]",914,16340000
5,62,8,"[579,1314,562,896,473,387,993,414]","[1626000,3879000,1633000,2647000,1321000,1053000,2954000,1207000]",1314,16320000
5,63,8,"[662,1680,607,799,392,381,1108,494]","[1843000,4889000,1734000,2407000,1112000,1068000,3162000,1481000]",1680,17696000
5,64,8,"[406,1037,627,758,546,651,1055,531]","[1178000,2887000,1871000,2139000,1627000,1896000,2965000,1611000]",1055,16174000
5,65,8,"[528,557,612,694,670,760,1062,602]","[1535000,1591000,1762000,1980000,1969000,2193000,3045000,1723000]",1062,15798000
5,66,8,"[577,590,680,688,792,667,761,715]","[1665000,1691000,1947000,2009000,2280000,1920000,2257000,2057000]",792,15826000
5,67,8,"[635,1003,691,837,515,333,978,406]","[1838000,3047000,1975000,2480000,1438000,940000,2913000,1168000]",1003,15799000
5,68,8,"[665,838,713,804,565,459,740,629]","[1915000,2474000,2087000,2322000,1691000,1290000,2221000,1836000]",838,15836000
5,69,8,"[524,622,616,688,634,763,1009,530]","[1521000,1799000,1771000,1985000,1887000,2231000,2913000,1525000]",1009,15632000
5,70,8,"[666,677,703,699,694,682,611,710]","[1971000,1985000,2003000,2009000,2051000,2025000,1735000,2016000]",710,15795000
5,71,8,"[684,739,675,705,647,590,692,708]","[1970000,2169000,1977000,2057000,1903000,1628000,2073000,2060000]",739,15837000
5,72,8,"[382,1620,621,886,325,173,1175,211]","[1081000,4817000,1738000,2615000,953000,481000,3413000,647000]",1620,15745000
5,73,8,"[328,1687,671,775,235,182,1243,259]","[914000,5021000,1914000,2270000,719000,486000,3631000,797000]",1687,15752000
5,74,8,"[583,642,687,714,786,661,724,722]","[1672000,1792000,1956000,2088000,2268000,1890000,2144000,2080000]",786,15890000
5,75,8,"[516,593,653,643,639,722,1015,617]","[1499000,1711000,1891000,1838000,1899000,2104000,2940000,1761000]",1015,15643000
5,76,8,"[670,836,693,806,575,459,736,632]","[1922000,2456000,2034000,2345000,1716000,1290000,2204000,1842000]",836,15809000
5,77,8,"[665,844,728,800,569,459,742,599]","[1925000,2494000,2124000,2326000,1703000,1287000,2211000,1745000]",844,15815000
5,78,8,"[664,833,731,807,572,452,746,605]","[1921000,2442000,2138000,2340000,1709000,1273000,2237000,1761000]",833,15821000
5,79,8,"[625,1078,687,837,460,356,994,406]","[1812000,3225000,1956000,2482000,1292000,986000,2954000,1176000]",1078,15883000
5,80,8,"[630,1006,696,840,500,357,981,405]","[1828000,3050000,1984000,2484000,1413000,993000,2921000,1179000]",1006,15852000
5,81,8,"[629,1077,679,875,463,356,933,405]","[1834000,3219000,1943000,2612000,1294000,986000,2759000,1176000]",1077,15823000
5,82,8,"[629,1084,607,908,422,361,938,465]","[1824000,3229000,1751000,2700000,1183000,996000,2767000,1365000]",1084,15815000
5,83,8,"[579,619,681,686,794,689,762,719]","[1665000,1750000,1949000,2010000,2286000,1937000,2265000,2065000]",794,15927000
5,84,8,"[518,563,626,703,640,763,1010,622]","[1503000,1615000,1794000,1997000,1910000,2228000,2929000,1770000]",1010,15746000
5,85,8,"[558,1147,576,868,534,362,1020,405]","[1573000,3227000,1646000,2477000,1527000,1043000,3060000,1133000]",1147,15686000
5,86,8,"[657,675,704,706,691,711,680,716]","[1944000,1992000,1996000,2038000,2027000,2071000,1873000,2052000]",716,15993000
5,87,8,"[569,1040,688,889,463,356,920,490]","[1657000,3088000,1949000,2643000,1296000,986000,2731000,1437000]",1040,15787000
5,88,8,"[386,1621,618,882,323,201,1186,211]","[1098000,4824000,1739000,2591000,949000,553000,3449000,647000]",1621,15850000
5,89,8,"[663,676,705,744,638,673,754,711]","[1961000,2015000,1994000,2153000,1885000,1949000,2060000,2046000]",754,16063000
5,90,8,"[624,911,706,772,596,519,769,594]","[1803000,2685000,2029000,2245000,1741000,1436000,2282000,1740000]",911,15961000
6,1,8,"[248,141,776,219,348,2660,401,467]","[673000,383000,2289000,627000,998000,8080000,1062000,1333000]",2660,15445000
6,2,8,"[487,595,796,318,382,1744,552,443]","[1457000,1701000,2290000,914000,1121000,5258000,1531000,1231000]",1744,15503000
6,3,8,"[421,274,821,323,248,2271,422,474]","[1172000,750000,2422000,901000,700000,6900000,1269000,1365000]",2271,15479000
6,4,8,"[417,274,821,326,256,2271,422,474]","[1152000,750000,2416000,907000,722000,6900000,1269000,1363000]",2271,15479000
6,5,8,"[222,141,740,219,348,2692,405,462]","[621000,384000,2174000,614000,993000,8193000,1070000,1323000]",2692,15372000
6,6,8,"[247,174,720,202,344,2652,378,543]","[674000,495000,2100000,599000,991000,8057000,992000,1545000]",2652,15453000
6,7,8,"[822,686,643,709,765,703,529,560]","[2376000,1917000,1866000,2049000,2296000,1987000,1519000,1534000]",822,15544000
6,8,8,"[426,578,925,620,545,1179,688,387]","[1277000,1690000,2685000,1685000,1630000,3484000,1955000,1117000]",1179,15523000
6,9,8,"[247,174,712,202,344,2660,378,543]","[674000,495000,2072000,599000,991000,8085000,992000,1545000]",2660,15453000
6,10,8,"[678,645,640,710,728,734,710,763]","[1929000,1911000,1899000,2047000,2084000,2079000,2035000,2127000]",763,16111000
6,11,8,"[503,557,792,317,381,1779,552,415]","[1516000,1594000,2283000,916000,1133000,5359000,1531000,1145000]",1779,15477000
6,12,8,"[423,567,918,617,554,1177,685,419]","[1250000,1643000,2680000,1681000,1645000,3484000,1955000,1174000]",1177,15512000
6,13,8,"[676,780,693,716,716,743,601,610]","[1888000,2226000,2025000,2097000,2028000,2146000,1706000,1662000]",780,15778000
6,14,8,"[820,785,652,710,671,691,531,565]","[2372000,2232000,1889000,2056000,2001000,1943000,1524000,1530000]",820,15547000
6,15,8,"[505,554,797,317,381,1729,614,412]","[1520000,1586000,2299000,916000,1133000,5201000,1709000,1139000]",1729,15503000
6,16,8,"[344,341,881,336,438,2060,525,392]","[1046000,985000,2554000,960000,1194000,6148000,1455000,1079000]",2060,15421000
6,17,8,"[424,274,775,328,256,2312,420,486]","[1160000,737000,2291000,907000,722000,7002000,1269000,1390000]",2312,15478000
6,18,8,"[423,273,771,327,256,2307,422,474]","[1161000,750000,2284000,907000,722000,7006000,1269000,1363000]",2307,15462000
6,19,8,"[685,647,693,721,724,736,798,762]","[1946000,1911000,2002000,2064000,2075000,2081000,2217000,2136000]",798,16432000
6,20,8,"[885,799,680,854,665,591,455,566]","[2520000,2312000,2017000,2528000,1860000,1663000,1288000,1553000]",885,15741000
6,21,8,"[649,779,730,770,787,763,579,562]","[1859000,2216000,2087000,2122000,2236000,2163000,1643000,1606000]",787,15932000
6,22,8,"[785,661,717,694,764,671,778,621]","[2243000,1919000,2090000,1915000,2067000,1909000,2283000,1787000]",785,16213000
6,23,8,"[703,561,735,679,673,1133,579,404]","[2065000,1608000,2131000,1985000,1963000,3250000,1724000,1159000]",1133,15885000
6,24,8,"[416,639,785,299,446,1701,564,530]","[1231000,1810000,2294000,839000,1264000,5167000,1577000,1458000]",1701,15640000
6,25,8,"[458,387,1056,391,376,1710,744,253]","[1242000,1135000,3039000,1158000,1089000,5121000,2195000,722000]",1710,15701000
6,26,8,"[478,558,795,320,374,1812,559,416]","[1430000,1587000,2288000,916000,1114000,5471000,1544000,1153000]",1812,15503000
6,27,8,"[459,384,1081,371,375,1653,809,251]","[1245000,1128000,3143000,1092000,1089000,4999000,2344000,720000]",1653,15760000
6,28,8,"[915,702,654,826,813,588,595,433]","[2596000,2025000,1926000,2400000,2326000,1653000,1625000,1165000]",915,15716000
6,29,8,"[485,555,806,322,376,1807,552,415]","[1455000,1572000,2331000,921000,1118000,5453000,1518000,1154000]",1807,15522000
6,30,8,"[247,174,720,202,355,2653,378,544]","[674000,495000,2100000,599000,1023000,8067000,992000,1531000]",2653,15481000
6,31,8,"[732,665,715,695,765,648,782,701]","[2133000,1935000,2068000,1922000,2065000,1842000,2292000,1982000]",782,16239000
6,32,8,"[250,147,776,219,348,2660,401,467]","[677000,399000,2289000,627000,998000,8080000,1062000,1333000]",2660,15465000
6,33,8,"[732,700,724,773,665,771,697,768]","[2071000,2095000,2049000,2184000,1917000,2225000,1928000,2119000]",773,16588000
6,34,8,"[852,811,612,775,858,622,705,344]","[2453000,2291000,1746000,2240000,2409000,1781000,2020000,937000]",858,15877000
6,35,8,"[651,775,738,782,783,759,585,638]","[1857000,2207000,2103000,2153000,2232000,2159000,1664000,1780000]",783,16155000
6,36,8,"[781,661,713,693,764,677,777,678]","[2241000,1919000,2067000,1916000,2071000,1921000,2281000,1907000]",781,16323000
6,37,8,"[939,894,466,956,1056,381,514,266]","[2707000,2606000,1356000,2860000,2954000,1029000,1449000,715000]",1056,15676000
6,38,8,"[695,687,743,767,777,649,754,766]","[1967000,1986000,2172000,2113000,2118000,1838000,2117000,2113000]",777,16424000
6,39,8,"[733,753,717,773,763,709,699,756]","[2076000,2176000,2049000,2186000,2195000,2008000,1932000,2101000]",773,16723000
6,40,8,"[247,174,720,202,322,2679,378,543]","[674000,495000,2100000,599000,917000,8141000,992000,1545000]",2679,15463000
6,41,8,"[440,466,686,314,485,2077,490,408]","[1272000,1371000,1999000,908000,1387000,6036000,1469000,1167000]",2077,15609000
6,42,8,"[752,459,731,453,475,1618,691,488]","[2179000,1387000,2070000,1265000,1401000,4763000,1970000,1382000]",1618,16417000
6,43,8,"[843,649,689,741,763,644,720,763]","[2396000,1855000,1978000,2046000,2087000,1811000,2056000,2201000]",843,16430000
6,44,8,"[894,674,773,823,772,573,612,664]","[2544000,1897000,2188000,2265000,2132000,1626000,1786000,1904000]",894,16342000
6,45,8,"[438,488,776,401,393,1771,695,484]","[1234000,1392000,2303000,1101000,1096000,5417000,2052000,1296000]",1771,15891000
6,46,8,"[433,440,815,508,466,1868,621,437]","[1181000,1216000,2383000,1407000,1361000,5519000,1857000,1249000]",1868,16173000
6,47,8,"[542,531,1067,391,494,1881,605,551]","[1507000,1459000,3051000,1097000,1378000,5207000,1779000,1514000]",1881,16992000
6,48,8,"[266,181,813,265,303,2706,300,460]","[751000,488000,2380000,755000,840000,8236000,798000,1319000]",2706,15567000
6,49,8,"[458,335,934,305,418,2046,606,474]","[1243000,943000,2713000,863000,1195000,6146000,1768000,1341000]",2046,16212000
6,50,8,"[520,582,840,645,459,1534,691,586]","[1538000,1661000,2493000,1815000,1275000,4423000,1901000,1638000]",1534,16744000
6,51,8,"[304,419,921,348,314,2162,501,369]","[905000,1199000,2666000,969000,867000,6526000,1377000,1028000]",2162,15537000
6,52,8,"[575,684,700,447,538,1147,683,612]","[1693000,1961000,2012000,1251000,1595000,3524000,1967000,1679000]",1147,15682000
6,53,8,"[721,849,628,765,876,595,654,579]","[2102000,2402000,1837000,2212000,2558000,1713000,1803000,1710000]",876,16337000
6,54,8,"[495,453,797,571,449,1777,559,587]","[1363000,1303000,2312000,1700000,1289000,5273000,1519000,1643000]",1777,16402000
6,55,8,"[621,512,852,519,599,1384,705,680]","[1789000,1464000,2466000,1445000,1717000,3954000,1951000,1912000]",1384,16698000
6,56,8,"[326,489,904,308,311,2216,493,381]","[957000,1406000,2573000,853000,859000,6707000,1323000,1082000]",2216,15760000
6,57,8,"[398,435,768,513,572,2048,487,470]","[1117000,1229000,2212000,1448000,1636000,5933000,1472000,1330000]",2048,16377000
6,58,8,"[464,564,869,664,644,1074,632,413]","[1384000,1635000,2522000,1823000,1923000,3181000,1775000,1162000]",1074,15405000
6,59,8,"[557,564,735,490,551,1562,462,531]","[1597000,1648000,2097000,1433000,1575000,4546000,1296000,1479000]",1562,15671000
6,60,8,"[635,626,756,333,388,1815,604,536]","[1840000,1786000,2155000,950000,1148000,5140000,1805000,1531000]",1815,16355000
6,61,8,"[364,307,990,236,248,2127,599,493]","[1019000,795000,2929000,625000,712000,6503000,1687000,1413000]",2127,15683000
6,62,8,"[679,690,892,613,649,852,577,498]","[1939000,1940000,2563000,1735000,1967000,2471000,1660000,1351000]",892,15626000
6,63,8,"[369,301,721,349,191,2544,338,486]","[1032000,791000,2161000,1010000,535000,7745000,910000,1407000]",2544,15591000
6,64,8,"[524,418,950,349,375,1977,585,445]","[1502000,1188000,2781000,1003000,1058000,5783000,1666000,1206000]",1977,16187000
6,65,8,"[804,804,621,834,720,719,587,662]","[2310000,2286000,1743000,2431000,2129000,2021000,1615000,1860000]",834,16395000
6,66,8,"[249,141,774,220,343,2666,401,468]","[678000,383000,2289000,627000,1012000,8091000,1062000,1333000]",2666,15475000
6,67,8,"[502,556,797,317,381,1747,553,442]","[1502000,1592000,2308000,916000,1133000,5267000,1533000,1229000]",1747,15480000
6,68,8,"[425,256,820,324,267,2268,422,474]","[1179000,685000,2420000,903000,744000,6885000,1269000,1365000]",2268,15450000
6,69,8,"[417,275,809,324,254,2272,420,474]","[1155000,757000,2389000,901000,721000,6900000,1269000,1365000]",2272,15457000
6,70,8,"[224,145,741,221,351,2697,401,462]","[625000,404000,2178000,622000,1000000,8205000,1062000,1323000]",2697,15419000
6,71,8,"[247,174,720,202,380,2649,378,471]","[674000,495000,2100000,599000,1103000,8052000,992000,1357000]",2649,15372000
6,72,8,"[804,689,639,723,766,702,526,561]","[2334000,1927000,1857000,2105000,2305000,1983000,1515000,1528000]",804,15554000
6,73,8,"[431,571,921,618,547,1170,692,394]","[1299000,1654000,2663000,1679000,1620000,3470000,1972000,1139000]",1170,15496000
6,74,8,"[247,173,712,202,346,2669,330,550]","[674000,495000,2072000,599000,1001000,8113000,906000,1574000]",2669,15434000
6,75,8,"[681,652,647,710,737,729,706,761]","[1933000,1924000,1916000,2047000,2110000,2074000,2052000,2119000]",761,16175000
6,76,8,"[492,557,797,319,383,1777,550,413]","[1481000,1586000,2302000,920000,1139000,5355000,1520000,1144000]",1777,15447000
6,77,8,"[415,563,907,624,554,1189,684,419]","[1228000,1631000,2662000,1706000,1645000,3522000,1946000,1174000]",1189,15514000
6,78,8,"[667,786,711,709,722,745,600,616]","[1877000,2246000,2067000,2081000,2046000,2148000,1710000,1678000]",786,15853000
6,79,8,"[825,784,646,710,668,692,526,559]","[2378000,2228000,1885000,2057000,2003000,1951000,1515000,1526000]",825,15543000
6,80,8,"[489,555,797,319,383,1731,614,412]","[1475000,1586000,2293000,920000,1139000,5208000,1709000,1139000]",1731,15469000
6,81,8,"[332,337,888,335,431,2065,525,356]","[1003000,977000,2588000,957000,1165000,6153000,1455000,999000]",2065,15297000
6,82,8,"[421,294,774,329,257,2307,399,487]","[1154000,800000,2281000,909000,733000,6995000,1206000,1392000]",2307,15470000
6,83,8,"[422,273,808,327,256,2269,423,477]","[1165000,750000,2394000,907000,722000,6885000,1275000,1369000]",2269,15467000
6,84,8,"[681,649,783,711,637,734,796,759]","[1931000,1922000,2277000,2049000,1794000,2079000,2213000,2121000]",796,16386000
6,85,8,"[899,806,679,860,665,591,455,568]","[2557000,2329000,2019000,2536000,1860000,1665000,1288000,1566000]",899,15820000
6,86,8,"[652,781,732,772,811,754,624,560]","[1865000,2224000,2082000,2126000,2260000,2134000,1780000,1606000]",811,16077000
6,87,8,"[784,626,710,692,759,678,780,621]","[2246000,1839000,2066000,1916000,2063000,1920000,2281000,1787000]",784,16118000
6,88,8,"[630,560,733,679,678,1133,574,440]","[1835000,1606000,2121000,1994000,1988000,3250000,1705000,1285000]",1133,15784000
6,89,8,"[416,529,782,295,443,1703,559,533]","[1231000,1592000,2296000,832000,1242000,5167000,1557000,1462000]",1703,15379000
6,90,8,"[458,416,1052,391,376,1710,742,253]","[1242000,1204000,3038000,1158000,1089000,5121000,2193000,716000]",1710,15761000
7,1,8,"[587,806,558,783,648,800,807,760]","[1640000,2230000,1542000,2252000,1962000,2241000,2308000,2144000]",807,16319000
7,2,8,"[408,818,368,924,703,790,818,487]","[1170000,2401000,1030000,2556000,1980000,2309000,2386000,1332000]",924,15164000
7,3,8,"[694,759,632,506,655,657,834,726]","[1936000,2063000,1757000,1429000,1914000,1886000,2413000,2030000]",834,15428000
7,4,8,"[386,901,391,606,543,903,872,687]","[1099000,2451000,1082000,1770000,1462000,2632000,2551000,1905000]",903,14952000
7,5,8,"[461,825,433,679,519,909,806,639]","[1267000,2255000,1200000,1932000,1418000,2664000,2343000,1790000]",909,14869000
7,6,8,"[413,796,365,923,699,834,863,493]","[1180000,2332000,1019000,2560000,1963000,2430000,2476000,1343000]",923,15303000
7,7,8,"[696,790,533,811,670,699,668,756]","[1974000,2168000,1471000,2278000,1951000,1908000,1917000,2184000]",811,15851000
7,8,8,"[557,836,408,618,561,882,781,709]","[1515000,2308000,1138000,1748000,1545000,2572000,2281000,1952000]",882,15059000
7,9,8,"[618,803,558,703,649,801,810,762]","[1729000,2229000,1542000,2043000,1963000,2247000,2314000,2144000]",810,16211000
7,10,8,"[501,814,511,825,721,764,820,492]","[1437000,2392000,1388000,2281000,2018000,2207000,2361000,1365000]",825,15449000
7,11,8,"[702,757,562,510,660,650,838,732]","[1953000,2068000,1598000,1443000,1923000,1862000,2402000,2044000]",838,15293000
7,12,8,"[495,823,547,602,666,870,772,649]","[1359000,2250000,1514000,1698000,1866000,2518000,2230000,1811000]",870,15246000
7,13,8,"[629,629,675,774,758,762,744,785]","[1802000,1828000,1843000,2154000,2138000,2112000,2124000,2270000]",785,16271000
7,14,8,"[476,644,418,572,606,801,920,724]","[1301000,1895000,1157000,1667000,1682000,2286000,2716000,2015000]",920,14719000
7,15,8,"[648,815,561,680,757,778,740,788]","[1805000,2252000,1542000,1926000,2161000,2220000,2030000,2239000]",815,16175000
7,16,8,"[702,757,632,506,654,659,832,721]","[1950000,2055000,1757000,1429000,1914000,1886000,2409000,2017000]",832,15417000
7,17,8,"[551,848,497,727,724,789,700,617]","[1537000,2326000,1391000,2023000,2030000,2312000,2059000,1739000]",848,15417000
7,18,8,"[471,772,486,741,588,842,861,619]","[1297000,2279000,1367000,2108000,1666000,2439000,2465000,1715000]",861,15336000
7,19,8,"[413,821,365,924,703,788,865,491]","[1180000,2403000,1016000,2562000,1973000,2314000,2483000,1341000]",924,15272000
7,20,8,"[556,849,492,736,791,800,653,616]","[1541000,2326000,1366000,2051000,2215000,2319000,1907000,1782000]",849,15507000
7,21,8,"[614,826,486,655,612,839,775,653]","[1691000,2266000,1359000,1817000,1707000,2440000,2264000,1860000]",839,15404000
7,22,8,"[408,900,415,629,538,902,871,703]","[1123000,2460000,1152000,1815000,1450000,2638000,2551000,1957000]",902,15146000
7,23,8,"[438,838,509,676,677,841,810,637]","[1199000,2394000,1400000,1883000,1885000,2440000,2373000,1793000]",841,15367000
7,24,8,"[476,813,396,617,426,858,1002,688]","[1325000,2319000,1137000,1770000,1174000,2404000,2967000,1902000]",1002,14998000
7,25,8,"[411,789,394,926,697,802,858,489]","[1182000,2325000,1093000,2566000,1949000,2360000,2453000,1342000]",926,15270000
7,26,8,"[629,629,676,776,760,763,740,786]","[1805000,1828000,1845000,2161000,2149000,2114000,2116000,2272000]",786,16290000
7,27,8,"[497,802,558,681,648,844,745,638]","[1368000,2290000,1531000,1885000,1853000,2454000,2176000,1788000]",844,15345000
7,28,8,"[503,828,411,680,526,910,807,642]","[1374000,2257000,1136000,1955000,1431000,2662000,2355000,1812000]",910,14982000
7,29,8,"[502,836,339,620,394,843,1030,737]","[1369000,2298000,949000,1794000,1074000,2403000,3045000,2050000]",1030,14982000
7,30,8,"[466,667,367,622,396,914,1033,728]","[1287000,1970000,1024000,1783000,1080000,2568000,3052000,2045000]",1033,14809000
7,31,8,"[466,667,367,622,396,914,1033,728]","[1287000,1970000,1024000,1783000,1083000,2568000,3052000,2042000]",1033,14809000
7,32,8,"[553,848,485,736,794,788,643,618]","[1537000,2329000,1362000,2054000,2225000,2303000,1863000,1755000]",848,15428000
7,33,8,"[648,815,560,739,756,776,716,794]","[1804000,2252000,1537000,2080000,2166000,2218000,1942000,2237000]",815,16236000
7,34,8,"[585,799,501,720,687,716,824,835]","[1649000,2226000,1374000,2052000,1974000,2063000,2266000,2344000]",835,15948000
7,35,8,"[629,732,677,686,755,766,741,789]","[1814000,2022000,1851000,1978000,2126000,2110000,2103000,2276000]",789,16280000
7,36,8,"[702,755,639,511,663,659,836,732]","[1958000,2068000,1765000,1446000,1918000,1881000,2400000,2038000]",836,15474000
7,37,8,"[694,789,529,815,753,698,675,755]","[1965000,2166000,1463000,2287000,2121000,1921000,1940000,2178000]",815,16041000
7,38,8,"[501,894,422,676,498,880,792,704]","[1392000,2445000,1169000,1942000,1344000,2572000,2322000,1946000]",894,15132000
7,39,8,"[434,792,507,767,565,816,890,642]","[1193000,2148000,1395000,2122000,1574000,2340000,2615000,1798000]",890,15185000
7,40,8,"[479,812,371,620,425,907,1000,692]","[1330000,2311000,1047000,1798000,1180000,2530000,2962000,1919000]",1000,15077000
7,41,8,"[444,869,736,763,620,830,746,662]","[1247000,2462000,2185000,2206000,1861000,2386000,2090000,1773000]",869,16210000
7,42,8,"[608,831,557,678,714,791,699,612]","[1678000,2286000,1528000,1893000,1998000,2310000,2018000,1717000]",831,15428000
7,43,8,"[716,792,681,647,692,796,696,794]","[2007000,2237000,1872000,1847000,1996000,2213000,1916000,2218000]",796,16306000
7,44,8,"[552,850,406,671,623,825,803,637]","[1517000,2412000,1139000,1936000,1711000,2376000,2326000,1790000]",850,15207000
7,45,8,"[666,702,742,817,695,692,712,733]","[1896000,2009000,2020000,2315000,1986000,1893000,2034000,2118000]",817,16271000
7,46,8,"[473,768,488,737,647,869,814,611]","[1310000,2248000,1387000,2099000,1858000,2500000,2291000,1694000]",869,15387000
7,47,8,"[521,835,391,678,524,906,805,641]","[1430000,2306000,1066000,1913000,1435000,2658000,2341000,1795000]",906,14944000
7,48,8,"[520,702,384,681,525,768,949,723]","[1475000,2054000,1067000,1960000,1466000,2167000,2768000,1977000]",949,14934000
7,49,8,"[706,765,473,720,668,791,768,645]","[1957000,2081000,1356000,2026000,1900000,2273000,2176000,1816000]",791,15585000
7,50,8,"[536,706,418,652,676,864,767,648]","[1465000,2056000,1164000,1859000,1880000,2490000,2206000,1824000]",864,14944000
7,51,8,"[656,749,671,687,675,817,737,743]","[1872000,2143000,1879000,1900000,1866000,2301000,2126000,2112000]",817,16199000
7,52,8,"[485,876,375,772,531,843,867,605]","[1327000,2480000,1053000,2222000,1468000,2413000,2496000,1676000]",876,15135000
7,53,8,"[652,772,554,710,682,784,817,602]","[1847000,2107000,1532000,1981000,1945000,2245000,2343000,1674000]",817,15674000
7,54,8,"[539,823,561,750,746,884,759,745]","[1555000,2345000,1555000,2127000,2189000,2471000,2142000,2061000]",884,16445000
7,55,8,"[549,849,414,661,631,738,872,698]","[1507000,2408000,1159000,1896000,1733000,2109000,2554000,1927000]",872,15293000
7,56,8,"[641,886,552,638,726,717,638,655]","[1761000,2454000,1512000,1762000,2053000,2106000,1876000,1860000]",886,15384000
7,57,8,"[473,799,516,878,727,752,813,488]","[1358000,2342000,1419000,2449000,2019000,2191000,2326000,1339000]",878,15443000
7,58,8,"[615,794,555,794,617,757,845,743]","[1729000,2185000,1552000,2288000,1855000,2128000,2434000,2104000]",845,16275000
7,59,8,"[702,760,614,683,760,844,700,789]","[1972000,2096000,1717000,1915000,2162000,2389000,1928000,2223000]",844,16402000
7,60,8,"[475,862,393,650,690,853,825,735]","[1346000,2430000,1091000,1860000,1938000,2405000,2274000,2031000]",862,15375000
7,61,8,"[687,721,608,628,634,793,780,662]","[1926000,1950000,1705000,1730000,1763000,2300000,2274000,1906000]",793,15554000
7,62,8,"[471,765,494,778,596,862,814,587]","[1356000,2245000,1387000,2150000,1651000,2501000,2334000,1656000]",862,15280000
7,63,8,"[547,847,406,639,583,749,900,692]","[1505000,2412000,1140000,1846000,1631000,2137000,2660000,1911000]",900,15242000
7,64,8,"[685,806,431,830,679,770,709,735]","[2020000,2281000,1213000,2390000,1901000,2116000,2024000,2147000]",830,16092000
7,65,8,"[615,826,573,609,612,839,770,654]","[1685000,2263000,1567000,1699000,1722000,2439000,2260000,1865000]",839,15500000
7,66,8,"[601,808,557,782,650,808,795,723]","[1703000,2245000,1543000,2241000,1957000,2285000,2286000,2011000]",808,16271000
7,67,8,"[411,787,371,924,701,793,856,485]","[1176000,2307000,1045000,2556000,1967000,2334000,2485000,1328000]",924,15198000
7,68,8,"[701,761,653,512,656,630,835,737]","[1954000,2066000,1805000,1437000,1924000,1821000,2407000,2043000]",835,15457000
7,69,8,"[386,901,359,651,544,901,872,687]","[1099000,2451000,990000,1878000,1464000,2628000,2561000,1905000]",901,14976000
7,70,8,"[461,825,433,677,519,852,817,639]","[1267000,2255000,1200000,1919000,1418000,2546000,2383000,1790000]",852,14778000
7,71,8,"[396,793,362,924,700,845,862,493]","[1127000,2323000,1004000,2562000,1971000,2467000,2480000,1345000]",924,15279000
7,72,8,"[679,792,539,813,671,701,678,752]","[1989000,2181000,1490000,2296000,1954000,1910000,1938000,2185000]",813,15943000
7,73,8,"[557,836,408,620,551,882,781,711]","[1515000,2308000,1138000,1743000,1525000,2572000,2281000,1955000]",882,15037000
7,74,8,"[618,802,560,710,645,797,722,760]","[1744000,2222000,1549000,2053000,1943000,2234000,2136000,2140000]",802,16021000
7,75,8,"[505,824,510,850,712,764,819,495]","[1458000,2421000,1388000,2351000,1966000,2222000,2351000,1365000]",850,15522000
7,76,8,"[696,759,566,520,654,675,830,728]","[1932000,2063000,1609000,1463000,1910000,1933000,2389000,2047000]",830,15346000
7,77,8,"[499,824,565,595,664,868,759,642]","[1362000,2252000,1581000,1674000,1865000,2497000,2195000,1796000]",868,15222000
7,78,8,"[629,629,676,769,759,764,750,788]","[1802000,1828000,1854000,2138000,2143000,2113000,2145000,2279000]",788,16302000
7,79,8,"[473,640,418,574,608,801,927,724]","[1296000,1895000,1153000,1673000,1688000,2303000,2725000,2017000]",927,14750000
7,80,8,"[649,815,561,672,757,778,751,788]","[1811000,2242000,1542000,1903000,2155000,2221000,2067000,2239000]",815,16180000
7,81,8,"[703,758,633,510,653,658,839,728]","[1959000,2068000,1756000,1436000,1909000,1883000,2425000,2034000]",839,15470000
7,82,8,"[548,672,495,734,716,792,701,616]","[1522000,1989000,1364000,2048000,1995000,2323000,2065000,1718000]",792,15024000
7,83,8,"[474,750,483,743,596,844,863,615]","[1302000,2199000,1359000,2115000,1687000,2453000,2470000,1707000]",863,15292000
7,84,8,"[413,821,365,926,703,788,865,491]","[1180000,2403000,1016000,2557000,1964000,2314000,2483000,1341000]",926,15258000
7,85,8,"[561,806,498,745,787,800,634,625]","[1561000,2222000,1378000,2070000,2198000,2323000,1852000,1797000]",806,15401000
7,86,8,"[560,831,486,658,627,845,769,653]","[1554000,2287000,1362000,1822000,1748000,2454000,2246000,1873000]",845,15346000
7,87,8,"[408,907,415,631,501,903,871,702]","[1123000,2483000,1152000,1819000,1361000,2643000,2559000,1943000]",907,15083000
7,88,8,"[438,838,508,676,675,840,783,661]","[1199000,2394000,1400000,1879000,1878000,2438000,2298000,1865000]",840,15351000
7,89,8,"[476,796,396,621,454,864,998,688]","[1325000,2264000,1134000,1783000,1247000,2425000,2959000,1902000]",998,15039000
7,90,8,"[434,790,395,927,696,801,857,430]","[1251000,2336000,1098000,2571000,1954000,2352000,2455000,1190000]",927,15207000
8,1,8,"[818,653,704,592,619,615,753,563]","[2470000,1841000,2004000,1662000,1777000,1777000,2067000,1630000]",818,15228000
8,2,8,"[722,613,744,752,641,590,720,633]","[2174000,1772000,2076000,2068000,1820000,1728000,1998000,1753000]",752,15389000
8,3,8,"[824,643,699,596,623,546,750,614]","[2452000,1810000,1991000,1667000,1797000,1603000,2058000,1766000]",824,15144000
8,4,8,"[821,646,707,592,616,619,749,627]","[2467000,1830000,1995000,1671000,1778000,1778000,2062000,1737000]",821,15318000
8,5,8,"[757,717,683,599,585,634,784,635]","[2281000,2034000,1895000,1706000,1674000,1852000,2170000,1750000]",784,15362000
8,6,8,"[748,631,673,708,589,634,778,642]","[2246000,1802000,1881000,1996000,1682000,1852000,2157000,1770000]",778,15386000
8,7,8,"[822,555,706,593,617,614,750,629]","[2462000,1630000,2001000,1671000,1773000,1769000,2058000,1743000]",822,15107000
8,8,8,"[824,619,627,643,600,614,762,639]","[2358000,1795000,1760000,1838000,1701000,1834000,2159000,1774000]",824,15219000
8,9,8,"[784,683,746,744,743,499,738,663]","[2192000,1970000,2060000,2077000,2062000,1425000,2211000,1878000]",784,15875000
8,10,8,"[908,560,677,596,583,640,711,687]","[2588000,1671000,1888000,1691000,1670000,1872000,1977000,1923000]",908,15280000
8,11,8,"[697,824,638,785,616,629,781,557]","[2016000,2319000,1816000,2203000,1685000,1763000,2318000,1604000]",824,15724000
8,12,8,"[822,618,745,753,633,595,731,640]","[2361000,1797000,2078000,2064000,1800000,1738000,2027000,1781000]",822,15646000
8,13,8,"[693,818,668,790,617,615,789,552]","[2020000,2311000,1870000,2227000,1679000,1733000,2322000,1588000]",818,15750000
8,14,8,"[761,732,741,756,686,559,694,646]","[2233000,2072000,2068000,2088000,1911000,1623000,2069000,1824000]",761,15888000
8,15,8,"[825,617,628,646,600,617,832,623]","[2373000,1783000,1762000,1850000,1710000,1845000,2286000,1735000]",832,15344000
8,16,8,"[822,618,745,753,633,595,731,640]","[2361000,1797000,2081000,2064000,1797000,1738000,2027000,1781000]",822,15646000
8,17,8,"[826,566,740,754,634,591,731,639]","[2371000,1667000,2071000,2079000,1810000,1727000,2032000,1779000]",826,15536000
8,18,8,"[789,688,747,751,744,490,740,595]","[2202000,2006000,2072000,2087000,2057000,1403000,2215000,1726000]",789,15768000
8,19,8,"[830,687,677,596,583,640,711,687]","[2369000,1976000,1888000,1691000,1670000,1872000,1973000,1923000]",830,15362000
8,20,8,"[774,743,764,726,649,593,739,644]","[2175000,2144000,2119000,2012000,1805000,1702000,2192000,1803000]",774,15952000
8,21,8,"[710,693,745,727,743,494,784,644]","[2053000,1996000,2059000,2015000,2081000,1418000,2357000,1814000]",784,15793000
8,22,8,"[821,692,695,758,625,595,722,643]","[2355000,1982000,1944000,2078000,1796000,1747000,1993000,1781000]",821,15676000
8,23,8,"[789,831,607,803,581,488,731,598]","[2238000,2313000,1784000,2269000,1598000,1416000,2162000,1713000]",831,15493000
8,24,8,"[711,694,745,815,743,494,738,645]","[2062000,1996000,2057000,2241000,2081000,1423000,2211000,1816000]",815,15887000
8,25,8,"[790,697,744,779,773,501,742,647]","[2209000,2007000,2057000,2149000,2162000,1435000,2215000,1818000]",790,16052000
8,26,8,"[777,767,613,852,642,436,734,599]","[2225000,2124000,1788000,2449000,1763000,1267000,2172000,1717000]",852,15505000
8,27,8,"[697,718,685,813,750,495,752,644]","[2030000,2069000,1926000,2239000,2085000,1409000,2262000,1809000]",813,15829000
8,28,8,"[778,688,767,788,643,594,736,645]","[2231000,1954000,2114000,2176000,1840000,1739000,2037000,1809000]",788,15900000
8,29,8,"[833,626,741,712,620,621,664,678]","[2375000,1810000,2080000,1937000,1773000,1867000,1831000,1908000]",833,15581000
8,30,8,"[789,736,765,751,674,580,743,639]","[2204000,2132000,2114000,2043000,1839000,1663000,2230000,1794000]",789,16019000
8,31,8,"[926,665,637,654,617,610,750,535]","[2667000,1873000,1792000,1866000,1783000,1756000,2076000,1511000]",926,15324000
8,32,8,"[758,835,616,800,652,439,732,598]","[2179000,2323000,1792000,2259000,1792000,1287000,2165000,1703000]",835,15500000
8,33,8,"[909,588,624,646,616,630,782,646]","[2610000,1678000,1758000,1840000,1764000,1854000,2168000,1795000]",909,15467000
8,34,8,"[751,715,738,788,696,506,777,646]","[2105000,2075000,2049000,2178000,1976000,1453000,2316000,1796000]",788,15948000
8,35,8,"[782,651,718,741,771,733,783,717]","[2238000,1863000,1946000,2140000,2188000,2080000,2270000,2024000]",783,16749000
8,36,8,"[986,604,683,661,595,600,712,549]","[2826000,1724000,1959000,1872000,1711000,1714000,1981000,1518000]",986,15305000
8,37,8,"[766,729,585,812,719,620,763,661]","[2209000,2076000,1656000,2239000,2015000,1727000,2076000,1859000]",812,15857000
8,38,8,"[773,721,722,738,769,671,781,716]","[2220000,2060000,1952000,2128000,2177000,1882000,2275000,2019000]",781,16713000
8,39,8,"[757,687,747,778,774,501,782,645]","[2110000,1990000,2063000,2147000,2160000,1435000,2337000,1816000]",782,16058000
8,40,8,"[782,831,608,717,577,512,828,610]","[2246000,2316000,1780000,2033000,1556000,1477000,2484000,1741000]",831,15633000
8,41,8,"[853,729,680,754,722,558,700,645]","[2405000,2068000,1919000,2070000,2016000,1608000,2080000,1810000]",853,15976000
8,42,8,"[776,694,647,857,681,601,767,653]","[2211000,2011000,1820000,2446000,1888000,1732000,2115000,1840000]",857,16063000
8,43,8,"[827,568,627,697,629,594,786,647]","[2377000,1672000,1770000,1990000,1797000,1736000,2189000,1783000]",827,15314000
8,44,8,"[822,620,756,678,595,604,704,683]","[2363000,1798000,2103000,1867000,1691000,1827000,1928000,1916000]",822,15493000
8,45,8,"[792,682,708,766,670,623,695,604]","[2261000,1949000,2021000,2183000,1821000,1787000,2058000,1729000]",792,15809000
8,46,8,"[864,771,706,772,681,507,689,568]","[2384000,2211000,1973000,2177000,1880000,1511000,2026000,1662000]",864,15824000
8,47,8,"[685,745,665,669,682,572,855,689]","[1902000,2125000,1867000,1867000,1869000,1637000,2475000,1942000]",855,15684000
8,48,8,"[835,644,705,598,620,617,733,572]","[2527000,1814000,2006000,1676000,1789000,1777000,2030000,1639000]",835,15258000
8,49,8,"[750,708,668,614,589,627,753,608]","[2225000,2001000,1872000,1744000,1682000,1841000,2076000,1783000]",753,15224000
8,50,8,"[749,712,680,596,583,630,709,693]","[2211000,2012000,1902000,1705000,1670000,1850000,1976000,1935000]",749,15261000
8,51,8,"[720,785,669,819,634,579,704,586]","[2030000,2163000,1877000,2344000,1823000,1634000,2082000,1661000]",819,15614000
8,52,8,"[770,694,773,745,650,641,712,642]","[2198000,1952000,2143000,2048000,1849000,1867000,1964000,1795000]",773,15816000
8,53,8,"[739,711,664,817,664,666,815,620]","[2195000,2006000,1862000,2300000,1811000,1875000,2264000,1780000]",817,16093000
8,54,8,"[691,823,668,788,658,645,777,520]","[2024000,2319000,1873000,2224000,1788000,1826000,2289000,1482000]",823,15825000
8,55,8,"[828,620,628,648,601,615,717,670]","[2379000,1800000,1762000,1840000,1699000,1842000,2054000,1883000]",828,15259000
8,56,8,"[720,832,667,823,634,596,737,601]","[2044000,2321000,1879000,2310000,1708000,1695000,2181000,1721000]",832,15859000
8,57,8,"[749,713,676,596,589,632,705,622]","[2218000,2011000,1890000,1691000,1682000,1849000,1956000,1808000]",749,15105000
8,58,8,"[596,747,605,849,742,552,772,603]","[1715000,2141000,1683000,2439000,2037000,1581000,2309000,1719000]",849,15624000
8,59,8,"[769,806,782,660,700,541,701,652]","[2238000,2287000,2191000,1791000,1937000,1559000,2088000,1828000]",806,15919000
8,60,8,"[738,772,675,711,636,507,832,683]","[2043000,2188000,1950000,1950000,1804000,1503000,2370000,1927000]",832,15735000
8,61,8,"[719,717,702,739,773,682,818,726]","[2080000,2030000,1887000,2076000,2258000,1905000,2407000,2058000]",818,16701000
8,62,8,"[764,706,741,646,853,724,766,743]","[2199000,1979000,2046000,1824000,2396000,2081000,2232000,2125000]",853,16882000
8,63,8,"[633,770,596,862,744,550,785,608]","[1797000,2149000,1690000,2498000,2042000,1564000,2321000,1725000]",862,15786000
8,64,8,"[793,661,771,797,683,549,846,646]","[2288000,1940000,2091000,2188000,1904000,1581000,2436000,1809000]",846,16237000
8,65,8,"[701,736,732,719,716,745,701,773]","[1978000,2128000,2046000,2074000,2066000,2090000,2021000,2161000]",773,16564000
8,66,8,"[815,653,701,592,610,606,755,558]","[2468000,1843000,1993000,1660000,1759000,1749000,2080000,1621000]",815,15173000
8,67,8,"[722,613,744,752,641,590,720,633]","[2174000,1772000,2079000,2068000,1817000,1728000,1998000,1753000]",752,15389000
8,68,8,"[813,644,707,591,577,571,750,604]","[2431000,1823000,2013000,1671000,1635000,1691000,2056000,1760000]",813,15080000
8,69,8,"[816,652,702,592,616,605,752,640]","[2453000,1831000,2004000,1658000,1781000,1778000,2074000,1775000]",816,15354000
8,70,8,"[750,712,677,597,593,634,779,641]","[2245000,2021000,1886000,1691000,1699000,1852000,2161000,1771000]",779,15326000
8,71,8,"[748,621,673,708,593,634,785,644]","[2246000,1758000,1881000,1996000,1699000,1852000,2182000,1774000]",785,15388000
8,72,8,"[821,555,699,609,615,548,743,666]","[2449000,1634000,1987000,1711000,1783000,1589000,2038000,1863000]",821,15054000
8,73,8,"[825,619,628,643,606,661,684,638]","[2364000,1805000,1756000,1831000,1731000,1972000,1975000,1763000]",825,15197000
8,74,8,"[787,710,675,747,745,506,741,668]","[2193000,2049000,1899000,2085000,2065000,1456000,2221000,1876000]",787,15844000
8,75,8,"[913,558,675,595,560,644,721,684]","[2611000,1655000,1886000,1684000,1612000,1878000,1991000,1918000]",913,15235000
8,76,8,"[697,822,638,783,610,629,777,557]","[2021000,2315000,1816000,2201000,1665000,1769000,2307000,1601000]",822,15695000
8,77,8,"[826,618,702,779,631,596,725,642]","[2375000,1794000,1976000,2147000,1797000,1739000,2010000,1785000]",826,15623000
8,78,8,"[703,818,667,789,614,615,789,552]","[2030000,2311000,1866000,2235000,1701000,1733000,2326000,1608000]",818,15810000
8,79,8,"[774,734,743,758,692,555,697,647]","[2265000,2074000,2074000,2101000,1923000,1601000,2075000,1824000]",774,15937000
8,80,8,"[824,621,631,687,595,613,820,636]","[2365000,1803000,1788000,1954000,1697000,1838000,2239000,1773000]",824,15457000
8,81,8,"[826,620,741,756,593,639,716,641]","[2376000,1800000,2071000,2080000,1674000,1886000,1970000,1779000]",826,15636000
8,82,8,"[826,566,740,754,634,591,731,639]","[2371000,1667000,2071000,2079000,1810000,1727000,2032000,1779000]",826,15536000
8,83,8,"[793,687,746,741,698,490,772,595]","[2210000,2001000,2074000,2071000,1935000,1403000,2321000,1726000]",793,15741000
8,84,8,"[834,609,677,593,580,638,712,693]","[2385000,1809000,1890000,1686000,1662000,1863000,1969000,1930000]",834,15194000
8,85,8,"[774,727,763,718,639,593,738,645]","[2172000,2112000,2120000,1997000,1767000,1707000,2185000,1816000]",774,15876000
8,86,8,"[710,693,745,727,743,494,784,644]","[2053000,1996000,2059000,2015000,2081000,1418000,2357000,1814000]",784,15793000
8,87,8,"[825,693,692,709,660,596,721,643]","[2359000,1980000,1928000,1947000,1899000,1749000,1991000,1787000]",825,15640000
8,88,8,"[786,837,618,800,582,492,729,553]","[2255000,2329000,1811000,2263000,1595000,1426000,2151000,1619000]",837,15449000
8,89,8,"[730,689,757,815,715,490,739,646]","[2117000,1987000,2113000,2241000,1981000,1403000,2212000,1823000]",815,15877000
8,90,8,"[772,692,756,782,771,506,752,643]","[2163000,1990000,2086000,2152000,2143000,1448000,2238000,1804000]",782,16024000
9,1,8,"[792,710,572,634,1023,787,491,543]","[2295000,2074000,1651000,1805000,2829000,2247000,1455000,1540000]",1023,15896000
9,2,8,"[716,652,688,610,746,681,740,746]","[2119000,1841000,1955000,1753000,2065000,1949000,2035000,2176000]",746,15893000
9,3,8,"[793,709,596,633,1024,743,494,541]","[2294000,2078000,1724000,1809000,2838000,2108000,1464000,1532000]",1024,15847000
9,4,8,"[712,680,759,678,688,673,732,714]","[2067000,2027000,2082000,1888000,1961000,1918000,2023000,2021000]",759,15987000
9,5,8,"[696,732,713,743,685,683,738,731]","[2007000,2042000,1992000,2077000,1958000,1942000,2055000,2116000]",743,16189000
9,6,8,"[688,802,608,725,744,670,718,611]","[1966000,2381000,1746000,2089000,2113000,1934000,1976000,1756000]",802,15961000
9,7,8,"[744,648,810,689,871,607,664,543]","[2163000,1872000,2310000,1943000,2429000,1682000,1980000,1542000]",871,15921000
9,8,8,"[679,740,743,672,746,669,742,729]","[1981000,2110000,2037000,1887000,2062000,1917000,2044000,2110000]",746,16148000
9,9,8,"[698,697,705,750,747,645,747,729]","[2031000,2006000,1956000,2087000,2067000,1878000,2056000,2102000]",750,16183000
9,10,8,"[682,729,733,756,706,676,688,733]","[2035000,2038000,2011000,2096000,1933000,1928000,1951000,2115000]",756,16107000
9,11,8,"[722,695,748,676,752,646,746,733]","[2137000,1979000,2048000,1895000,2070000,1875000,2057000,2117000]",752,16178000
9,12,8,"[747,662,746,671,746,669,742,727]","[2199000,1869000,2057000,1876000,2058000,1921000,2044000,2100000]",747,16124000
9,13,8,"[697,774,605,692,725,701,726,722]","[1986000,2194000,1724000,2002000,2092000,1979000,2025000,2078000]",774,16080000
9,14,8,"[756,584,780,675,751,646,684,735]","[2209000,1701000,2149000,1884000,2074000,1874000,1931000,2116000]",780,15938000
9,15,8,"[690,767,606,703,759,767,738,668]","[1977000,2153000,1698000,2045000,2181000,2183000,2059000,1914000]",767,16210000
9,16,8,"[722,695,742,687,750,650,744,733]","[2140000,1979000,2029000,1926000,2072000,1886000,2053000,2116000]",750,16201000
9,17,8,"[719,658,770,606,744,676,742,735]","[2111000,1863000,2127000,1755000,2056000,1946000,2039000,2130000]",770,16027000
9,18,8,"[644,710,670,701,707,763,736,737]","[1882000,1987000,1874000,1951000,1987000,2205000,2041000,2112000]",763,16039000
9,19,8,"[686,697,719,753,750,644,739,731]","[1982000,1993000,2000000,2103000,2064000,1877000,2058000,2110000]",753,16187000
9,20,8,"[696,903,606,730,737,662,629,622]","[1998000,2555000,1750000,2097000,2089000,1895000,1786000,1793000]",903,15963000
9,21,8,"[702,791,610,728,752,664,718,620]","[2012000,2329000,1756000,2101000,2142000,1904000,1985000,1798000]",791,16027000
9,22,8,"[750,661,652,672,747,670,745,728]","[2212000,1865000,1857000,1878000,2067000,1928000,2050000,2098000]",750,15955000
9,23,8,"[752,580,780,678,749,647,735,737]","[2186000,1697000,2148000,1890000,2063000,1869000,2043000,2127000]",780,16023000
9,24,8,"[696,904,587,728,736,697,625,616]","[1993000,2564000,1667000,2095000,2089000,1987000,1785000,1781000]",904,15961000
9,25,8,"[705,772,600,710,728,698,772,663]","[2009000,2188000,1713000,2047000,2097000,1988000,2162000,1899000]",772,16103000
9,26,8,"[761,712,744,680,714,673,743,647]","[2256000,1989000,2074000,1848000,1960000,1934000,2124000,1876000]",761,16061000
9,27,8,"[763,642,749,718,713,675,689,728]","[2252000,1804000,2093000,1972000,1973000,1953000,1944000,2097000]",763,16088000
9,28,8,"[719,653,780,675,748,653,763,705]","[2128000,1843000,2156000,1884000,2066000,1896000,2125000,2041000]",780,16139000
9,29,8,"[766,686,760,678,686,673,739,733]","[2195000,1963000,2104000,1899000,1949000,1913000,2049000,2121000]",766,16193000
9,30,8,"[734,748,739,654,789,657,728,575]","[2088000,2168000,2123000,1868000,2232000,1847000,2047000,1677000]",789,16050000
9,31,8,"[749,705,748,683,722,675,737,728]","[2258000,1969000,2080000,1858000,1997000,1941000,2044000,2105000]",749,16252000
9,32,8,"[777,617,649,653,614,747,657,906]","[2248000,1797000,1811000,1839000,1768000,2063000,1925000,2570000]",906,16021000
9,33,8,"[789,618,647,644,661,683,645,907]","[2281000,1809000,1796000,1823000,1897000,1922000,1893000,2581000]",907,16002000
9,34,8,"[723,661,777,676,749,646,747,736]","[2145000,1863000,2141000,1884000,2064000,1875000,2053000,2119000]",777,16144000
9,35,8,"[654,706,669,703,703,764,741,738]","[1905000,1979000,1872000,1955000,1976000,2206000,2051000,2117000]",764,16061000
9,36,8,"[766,686,760,678,686,673,739,733]","[2195000,1963000,2104000,1899000,1949000,1913000,2049000,2121000]",766,16193000
9,37,8,"[693,752,743,760,751,671,691,668]","[2013000,2134000,2034000,2106000,2057000,1975000,1946000,1936000]",760,16201000
9,38,8,"[724,753,674,746,742,718,757,713]","[2073000,2128000,1914000,2091000,2077000,2036000,2085000,2084000]",757,16488000
9,39,8,"[716,655,775,677,746,666,763,706]","[2113000,1847000,2144000,1888000,2068000,1944000,2125000,2040000]",775,16169000
9,40,8,"[758,716,736,756,708,646,735,736]","[2202000,2017000,2026000,2093000,1938000,1876000,2043000,2112000]",758,16307000
9,41,8,"[769,656,724,759,709,644,708,734]","[2230000,1892000,1997000,2112000,1947000,1870000,1999000,2112000]",769,16159000
9,42,8,"[780,706,764,753,707,644,746,733]","[2295000,1995000,2105000,2080000,1939000,1876000,2071000,2130000]",780,16491000
9,43,8,"[849,673,732,754,709,645,686,818]","[2476000,1943000,2009000,2087000,1959000,1877000,1909000,2437000]",849,16697000
9,44,8,"[686,712,721,754,759,694,687,673]","[1991000,2027000,2115000,2138000,2185000,1993000,1908000,1909000]",759,16266000
9,45,8,"[917,687,660,671,639,691,654,847]","[2590000,1950000,1812000,1895000,1856000,1948000,1908000,2357000]",917,16316000
9,46,8,"[794,780,655,749,813,693,766,690]","[2309000,2224000,1799000,2087000,2273000,2055000,2178000,1967000]",813,16892000
9,47,8,"[733,655,533,745,741,646,713,749]","[2122000,1853000,1547000,2137000,2129000,1838000,1966000,2088000]",749,15680000
9,48,8,"[724,715,700,797,679,855,600,671]","[2074000,2030000,2012000,2197000,1847000,2505000,1723000,1946000]",855,16334000
9,49,8,"[670,780,739,752,698,670,794,681]","[1949000,2247000,2026000,2082000,1919000,1928000,2218000,1891000]",794,16260000
9,50,8,"[807,620,723,649,757,653,731,795]","[2266000,1825000,1970000,1834000,2111000,1854000,2106000,2299000]",807,16265000
9,51,8,"[709,711,749,740,718,668,683,714]","[2091000,2003000,2049000,2047000,2060000,1897000,1887000,2059000]",749,16093000
9,52,8,"[711,707,733,690,707,677,738,733]","[2104000,1987000,2018000,1951000,1937000,1935000,2039000,2126000]",738,16097000
9,53,8,"[694,798,663,752,701,677,739,726]","[2002000,2226000,1845000,2093000,1999000,1941000,2057000,2100000]",798,16263000
9,54,8,"[800,704,662,620,944,612,615,569]","[2320000,2071000,1919000,1765000,2612000,1711000,1863000,1614000]",944,15875000
9,55,8,"[714,746,849,772,650,672,659,706]","[2114000,2128000,2469000,2078000,1798000,1977000,1846000,2040000]",849,16450000
9,56,8,"[694,805,710,749,706,686,678,699]","[1996000,2294000,1992000,2091000,2033000,1929000,1926000,2025000]",805,16286000
9,57,8,"[765,686,682,673,860,757,621,582]","[2217000,1950000,1892000,1869000,2433000,2128000,1752000,1661000]",860,15902000
9,58,8,"[699,777,734,740,685,727,707,778]","[2050000,2196000,2023000,2119000,1943000,2068000,2001000,2207000]",778,16607000
9,59,8,"[652,701,662,784,728,815,762,690]","[1907000,1983000,1869000,2183000,1991000,2220000,2099000,2004000]",815,16256000
9,60,8,"[684,749,659,673,747,674,743,728]","[2007000,2115000,1875000,1880000,2064000,1919000,2045000,2100000]",749,16005000
9,61,8,"[639,800,578,711,698,832,749,648]","[1924000,2245000,1660000,2049000,1900000,2274000,2029000,1860000]",832,15941000
9,62,8,"[782,751,732,747,770,718,670,711]","[2298000,2128000,2025000,2078000,2199000,1978000,1900000,2002000]",782,16608000
9,63,8,"[674,784,670,761,707,678,735,734]","[1988000,2243000,1843000,2110000,1934000,1949000,2029000,2135000]",784,16231000
9,64,8,"[673,725,734,760,802,683,685,665]","[2003000,2056000,2029000,2105000,2205000,1927000,1935000,1930000]",802,16190000
9,65,8,"[688,713,691,647,882,747,684,621]","[2039000,2020000,1893000,1810000,2403000,2137000,1970000,1784000]",882,16056000
9,66,8,"[761,710,578,631,1024,829,491,543]","[2189000,2074000,1672000,1799000,2829000,2378000,1455000,1540000]",1024,15936000
9,67,8,"[713,657,702,617,742,671,742,733]","[2119000,1853000,2018000,1789000,2054000,1973000,2045000,2116000]",742,15967000
9,68,8,"[796,724,592,636,985,743,498,542]","[2294000,2127000,1705000,1818000,2735000,2114000,1480000,1542000]",985,15815000
9,69,8,"[739,686,718,677,696,666,726,729]","[2159000,2043000,1964000,1882000,1977000,1911000,2020000,2061000]",739,16017000
9,70,8,"[694,721,717,712,710,670,733,732]","[1993000,2015000,2000000,1988000,2007000,1919000,2034000,2121000]",733,16077000
9,71,8,"[693,814,595,732,752,658,731,612]","[1999000,2388000,1707000,2100000,2126000,1885000,2026000,1758000]",814,15989000
9,72,8,"[767,648,810,689,868,605,660,543]","[2221000,1872000,2310000,1943000,2414000,1666000,1960000,1542000]",868,15928000
9,73,8,"[679,740,743,672,746,669,742,729]","[1981000,2110000,2037000,1887000,2062000,1917000,2044000,2110000]",746,16148000
9,74,8,"[700,698,706,748,756,647,745,732]","[2035000,2008000,1949000,2083000,2088000,1878000,2052000,2108000]",756,16201000
9,75,8,"[686,732,754,730,711,676,692,733]","[2046000,2044000,2082000,2027000,1955000,1928000,1954000,2121000]",754,16157000
9,76,8,"[722,695,775,676,726,647,743,734]","[2137000,1988000,2130000,1895000,1997000,1880000,2051000,2128000]",775,16206000
9,77,8,"[747,662,746,671,746,669,742,727]","[2193000,1869000,2057000,1876000,2058000,1921000,2044000,2100000]",747,16118000
9,78,8,"[693,765,606,698,727,637,729,711]","[1971000,2172000,1703000,2013000,2092000,1869000,2021000,2045000]",765,15886000
9,79,8,"[757,585,702,674,751,644,691,732]","[2213000,1707000,1997000,1894000,2077000,1870000,1968000,2108000]",757,15834000
9,80,8,"[690,763,605,751,759,718,732,666]","[1977000,2145000,1696000,2165000,2181000,2063000,2029000,1904000]",763,16160000
9,81,8,"[721,691,739,689,752,654,746,739]","[2138000,1961000,2021000,1917000,2085000,1896000,2051000,2134000]",752,16203000
9,82,8,"[718,654,775,610,748,683,736,684]","[2106000,1848000,2144000,1750000,2066000,1953000,2030000,2030000]",775,15927000
9,83,8,"[644,706,668,699,713,765,779,662]","[1879000,1979000,1867000,1947000,1995000,2216000,2195000,1901000]",779,15979000
9,84,8,"[694,695,728,739,688,653,737,717]","[2011000,1996000,2035000,2065000,1956000,1903000,2040000,2071000]",739,16077000
9,85,8,"[698,902,608,727,734,601,677,619]","[2002000,2565000,1754000,2091000,2084000,1719000,1943000,1784000]",902,15942000
9,86,8,"[696,798,564,731,753,675,717,624]","[1995000,2375000,1651000,2106000,2159000,1944000,1983000,1809000]",798,16022000
9,87,8,"[747,689,660,676,703,673,752,726]","[2208000,1975000,1888000,1882000,1940000,1925000,2077000,2103000]",752,15998000
9,88,8,"[753,583,799,676,749,644,736,730]","[2196000,1709000,2205000,1886000,2063000,1870000,2045000,2107000]",799,16081000
9,89,8,"[698,907,587,740,663,690,630,607]","[2009000,2559000,1650000,2111000,1943000,1982000,1808000,1757000]",907,15819000
9,90,8,"[693,762,602,692,724,701,767,667]","[1975000,2162000,1709000,2002000,2090000,1996000,2151000,1903000]",767,15988000
10,1,8,"[600,526,574,720,483,495,543,1334]","[1716000,1485000,1788000,2055000,1386000,1467000,1520000,3982000]",1334,15399000
10,2,8,"[599,496,574,724,517,494,543,1332]","[1711000,1395000,1788000,2061000,1487000,1462000,1533000,3980000]",1332,15417000
10,3,8,"[543,593,759,511,612,756,741,773]","[1580000,1695000,2331000,1427000,1836000,2164000,2158000,2272000]",773,15463000
10,4,8,"[527,517,564,825,708,452,523,1186]","[1522000,1468000,1581000,2391000,2052000,1241000,1469000,3533000]",1186,15257000
10,5,8,"[731,594,735,537,711,720,723,699]","[2098000,1751000,2186000,1488000,2120000,2072000,2048000,2044000]",735,15807000
10,6,8,"[779,401,722,479,839,881,761,489]","[2198000,1123000,2233000,1327000,2488000,2476000,2153000,1431000]",881,15429000
10,7,8,"[778,567,768,551,795,815,738,479]","[2191000,1629000,2307000,1507000,2262000,2308000,2049000,1293000]",815,15546000
10,8,8,"[580,642,737,536,619,748,784,687]","[1625000,1857000,2249000,1500000,1849000,2159000,2316000,1987000]",784,15542000
10,9,8,"[421,457,478,884,597,425,435,1531]","[1203000,1313000,1336000,2542000,1769000,1192000,1190000,4509000]",1531,15054000
10,10,8,"[707,599,733,535,709,706,731,738]","[2002000,1770000,2176000,1490000,2123000,2028000,2066000,2161000]",738,15816000
10,11,8,"[488,625,787,543,648,711,794,687]","[1437000,1798000,2410000,1536000,1912000,2048000,2333000,2009000]",794,15483000
10,12,8,"[496,571,774,417,714,800,784,700]","[1463000,1621000,2403000,1173000,2132000,2299000,2312000,2046000]",800,15449000
10,13,8,"[539,575,773,486,704,747,789,682]","[1543000,1635000,2393000,1355000,2100000,2140000,2317000,1974000]",789,15457000
10,14,8,"[541,544,773,415,713,800,785,695]","[1583000,1546000,2401000,1169000,2137000,2299000,2307000,2042000]",800,15484000
10,15,8,"[529,514,556,829,702,443,517,1231]","[1544000,1451000,1559000,2398000,2047000,1219000,1443000,3617000]",1231,15278000
10,16,8,"[776,690,592,810,752,623,731,631]","[2194000,1997000,1651000,2221000,2140000,1828000,2066000,1812000]",810,15909000
10,17,8,"[602,528,575,721,485,483,544,1355]","[1730000,1486000,1788000,2058000,1389000,1442000,1531000,4021000]",1355,15445000
10,18,8,"[549,584,776,480,708,760,759,758]","[1546000,1646000,2365000,1358000,2109000,2166000,2205000,2228000]",776,15623000
10,19,8,"[623,650,763,551,679,672,783,786]","[1774000,1833000,2186000,1567000,2001000,1923000,2325000,2288000]",786,15897000
10,20,8,"[619,769,775,568,690,698,671,726]","[1772000,2216000,2206000,1614000,1984000,1990000,2020000,2127000]",775,15929000
10,21,8,"[528,566,495,830,693,443,516,1235]","[1537000,1626000,1401000,2397000,2020000,1212000,1449000,3626000]",1235,15268000
10,22,8,"[617,731,770,566,687,688,755,735]","[1768000,2095000,2200000,1614000,1980000,1960000,2231000,2161000]",770,16009000
10,23,8,"[426,413,501,887,607,460,436,1531]","[1228000,1205000,1423000,2524000,1793000,1305000,1190000,4529000]",1531,15197000
10,24,8,"[619,768,773,567,691,660,748,747]","[1766000,2198000,2206000,1614000,1981000,1855000,2203000,2186000]",773,16009000
10,25,8,"[759,579,774,506,758,761,764,522]","[2124000,1643000,2346000,1426000,2257000,2135000,2170000,1487000]",774,15588000
10,26,8,"[538,589,760,518,613,757,746,778]","[1562000,1685000,2333000,1440000,1847000,2161000,2173000,2272000]",778,15473000
10,27,8,"[599,497,574,720,483,495,543,1383]","[1714000,1390000,1788000,2055000,1386000,1467000,1520000,4113000]",1383,15433000
10,28,8,"[529,560,495,827,702,445,507,1241]","[1530000,1612000,1392000,2407000,2045000,1235000,1423000,3634000]",1241,15278000
10,29,8,"[585,590,761,508,613,758,743,779]","[1668000,1687000,2333000,1424000,1844000,2164000,2163000,2280000]",779,15563000
10,30,8,"[754,631,681,788,796,720,696,554]","[2108000,1814000,1957000,2197000,2264000,2034000,1992000,1594000]",796,15960000
10,31,8,"[609,512,493,830,700,446,521,1235]","[1700000,1445000,1434000,2402000,2036000,1222000,1466000,3620000]",1235,15325000
10,32,8,"[753,564,782,553,794,816,737,479]","[2112000,1614000,2361000,1507000,2261000,2317000,2041000,1293000]",816,15506000
10,33,8,"[775,619,747,458,823,804,734,487]","[2219000,1755000,2288000,1282000,2384000,2257000,2030000,1322000]",823,15537000
10,34,8,"[581,647,738,538,663,671,794,689]","[1634000,1871000,2253000,1504000,1991000,1936000,2345000,2014000]",794,15548000
10,35,8,"[783,738,557,809,754,640,733,625]","[2213000,2140000,1540000,2225000,2148000,1880000,2093000,1810000]",809,16049000
10,36,8,"[774,737,571,811,753,627,732,623]","[2190000,2138000,1569000,2226000,2146000,1842000,2090000,1813000]",811,16014000
10,37,8,"[806,401,703,479,839,890,765,489]","[2271000,1123000,2171000,1327000,2488000,2518000,2167000,1431000]",890,15496000
10,38,8,"[619,768,776,567,691,660,751,729]","[1766000,2198000,2212000,1614000,1981000,1855000,2227000,2129000]",776,15982000
10,39,8,"[610,511,490,824,705,449,514,1256]","[1703000,1451000,1432000,2392000,2058000,1237000,1439000,3720000]",1256,15432000
10,40,8,"[709,593,794,481,699,700,690,726]","[2058000,1746000,2411000,1346000,2118000,2012000,1950000,2060000]",794,15701000
10,41,8,"[550,609,652,650,784,594,524,1051]","[1572000,1716000,2013000,1798000,2247000,1607000,1545000,3072000]",1051,15570000
10,42,8,"[779,619,738,512,793,731,715,540]","[2227000,1753000,2279000,1425000,2288000,2043000,2033000,1433000]",793,15481000
10,43,8,"[768,581,781,509,758,687,744,594]","[2142000,1647000,2360000,1439000,2265000,1929000,2145000,1677000]",781,15604000
10,44,8,"[680,520,665,579,640,569,513,1103]","[1972000,1458000,2089000,1629000,1870000,1611000,1512000,3239000]",1103,15380000
10,45,8,"[571,637,618,905,721,494,528,1474]","[1652000,1799000,1729000,2657000,2031000,1336000,1509000,4238000]",1474,16951000
10,46,8,"[663,544,682,563,711,654,636,931]","[1869000,1519000,2147000,1550000,2127000,1871000,1842000,2666000]",931,15591000
10,47,8,"[512,696,746,689,623,443,519,1118]","[1495000,1941000,2170000,2039000,1818000,1252000,1514000,3255000]",1118,15484000
10,48,8,"[581,609,690,792,662,638,695,1073]","[1646000,1743000,1939000,2346000,1875000,1758000,1969000,3084000]",1073,16360000
10,49,8,"[540,540,770,363,817,857,803,626]","[1562000,1537000,2380000,1011000,2395000,2457000,2329000,1837000]",857,15508000
10,50,8,"[715,521,731,559,592,572,665,1004]","[2070000,1461000,2265000,1552000,1729000,1621000,1921000,2980000]",1004,15599000
10,51,8,"[722,520,736,563,563,602,676,1207]","[2094000,1462000,2279000,1550000,1640000,1711000,1891000,3590000]",1207,16217000
10,52,8,"[624,480,714,548,667,574,614,1066]","[1772000,1346000,2027000,1570000,1940000,1628000,1793000,3158000]",1066,15234000
10,53,8,"[609,499,577,723,449,549,554,1071]","[1718000,1386000,1796000,2070000,1294000,1644000,1555000,3127000]",1071,14590000
10,54,8,"[494,615,549,893,658,578,583,1420]","[1435000,1753000,1523000,2620000,1902000,1617000,1642000,4061000]",1420,16553000
10,55,8,"[523,632,682,638,691,531,591,993]","[1512000,1835000,1931000,1810000,2041000,1457000,1748000,2867000]",993,15201000
10,56,8,"[534,625,757,475,696,574,515,1050]","[1524000,1738000,2371000,1358000,2063000,1600000,1515000,3164000]",1050,15333000
10,57,8,"[431,600,476,879,499,495,436,1474]","[1235000,1694000,1336000,2504000,1433000,1388000,1200000,4257000]",1474,15047000
10,58,8,"[853,591,675,772,883,603,641,878]","[2451000,1628000,1938000,2218000,2531000,1723000,1791000,2548000]",883,16828000
10,59,8,"[728,654,688,479,575,536,547,1042]","[2043000,1828000,1985000,1372000,1707000,1474000,1625000,2977000]",1042,15011000
10,60,8,"[540,623,785,537,641,717,789,692]","[1516000,1798000,2406000,1518000,1900000,2079000,2318000,2022000]",789,15557000
10,61,8,"[615,682,767,521,747,735,762,707]","[1762000,1940000,2194000,1512000,2157000,2101000,2233000,2021000]",767,15920000
10,62,8,"[618,657,731,790,710,474,558,884]","[1713000,1848000,2145000,2283000,1997000,1314000,1641000,2557000]",884,15498000
10,63,8,"[487,574,777,481,706,747,797,685]","[1442000,1636000,2398000,1337000,2099000,2150000,2326000,2007000]",797,15395000
10,64,8,"[579,592,771,457,701,802,801,616]","[1625000,1705000,2347000,1271000,2096000,2318000,2331000,1814000]",802,15507000
10,65,8,"[752,643,758,551,794,770,597,678]","[2123000,1784000,2212000,1543000,2353000,2191000,1686000,1958000]",794,15850000
10,66,8,"[600,526,574,726,483,495,543,1334]","[1716000,1485000,1782000,2072000,1386000,1467000,1520000,3984000]",1334,15412000
10,67,8,"[602,499,574,723,518,499,542,1235]","[1717000,1402000,1798000,2067000,1489000,1468000,1537000,3786000]",1235,15264000
10,68,8,"[543,591,759,511,612,756,741,773]","[1580000,1688000,2331000,1427000,1836000,2164000,2158000,2272000]",773,15456000
10,69,8,"[530,520,497,827,703,437,521,1183]","[1516000,1473000,1442000,2395000,2051000,1210000,1460000,3520000]",1183,15067000
10,70,8,"[728,596,775,540,708,720,684,700]","[2086000,1751000,2277000,1509000,2117000,2069000,1935000,2042000]",775,15786000
10,71,8,"[772,401,722,482,839,881,641,489]","[2182000,1123000,2233000,1336000,2493000,2476000,1930000,1429000]",881,15202000
10,72,8,"[778,567,768,551,795,815,738,479]","[2191000,1629000,2307000,1507000,2262000,2308000,2049000,1293000]",815,15546000
10,73,8,"[582,696,688,541,609,742,783,682]","[1647000,2040000,2093000,1508000,1833000,2141000,2308000,1982000]",783,15552000
10,74,8,"[434,469,480,881,598,423,435,1532]","[1237000,1346000,1327000,2536000,1787000,1194000,1188000,4521000]",1532,15136000
10,75,8,"[702,598,741,538,702,712,657,731]","[1995000,1757000,2203000,1502000,2103000,2037000,1899000,2128000]",741,15624000
10,76,8,"[494,623,793,558,642,707,791,694]","[1441000,1790000,2419000,1568000,1901000,2041000,2323000,2036000]",793,15519000
10,77,8,"[471,571,776,443,714,801,788,700]","[1386000,1621000,2416000,1246000,2132000,2301000,2326000,2046000]",801,15474000
10,78,8,"[508,573,773,515,704,747,789,682]","[1454000,1625000,2393000,1434000,2100000,2140000,2317000,1974000]",789,15437000
10,79,8,"[544,547,776,442,713,772,785,695]","[1588000,1552000,2416000,1256000,2137000,2217000,2306000,2028000]",785,15500000
10,80,8,"[529,514,556,829,702,443,517,1231]","[1544000,1451000,1559000,2395000,2047000,1219000,1446000,3617000]",1231,15278000
10,81,8,"[771,687,596,730,781,616,727,631]","[2183000,1991000,1659000,2051000,2229000,1806000,2063000,1821000]",781,15803000
10,82,8,"[601,533,574,721,482,483,544,1228]","[1728000,1492000,1798000,2060000,1384000,1443000,1538000,3767000]",1228,15210000
10,83,8,"[569,580,712,476,708,751,756,751]","[1619000,1638000,2206000,1350000,2109000,2154000,2195000,2220000]",756,15491000
10,84,8,"[623,702,763,546,676,675,783,697]","[1774000,2006000,2186000,1554000,1997000,1928000,2325000,2030000]",783,15800000
10,85,8,"[680,764,778,568,697,699,612,727]","[1936000,2187000,2206000,1619000,2004000,2000000,1835000,2125000]",778,15912000
10,86,8,"[531,562,497,831,696,447,590,1182]","[1543000,1612000,1398000,2399000,2022000,1232000,1671000,3434000]",1182,15311000
10,87,8,"[617,733,772,566,687,688,755,735]","[1768000,2093000,2210000,1614000,1989000,1960000,2231000,2161000]",772,16026000
10,88,8,"[426,413,501,810,684,460,436,1532]","[1228000,1205000,1423000,2280000,2040000,1305000,1190000,4531000]",1532,15202000
10,89,8,"[618,763,774,562,690,661,753,742]","[1749000,2181000,2206000,1599000,1984000,1855000,2217000,2171000]",774,15962000
10,90,8,"[759,579,774,506,758,761,764,522]","[2127000,1643000,2346000,1426000,2257000,2135000,2167000,1487000]",774,15588000
11,1,8,"[734,710,708,642,693,663,717,718]","[2063000,2014000,2090000,1823000,1950000,1890000,2076000,1977000]",734,15883000
11,2,8,"[616,686,734,720,543,641,731,726]","[1749000,1976000,2086000,2061000,1539000,1959000,2056000,2105000]",734,15531000
11,3,8,"[683,690,656,634,582,777,629,644]","[1925000,1944000,1893000,1841000,1674000,2346000,1820000,1884000]",777,15327000
11,4,8,"[631,656,655,676,583,703,681,770]","[1813000,1884000,1891000,1969000,1667000,2150000,1902000,2154000]",770,15430000
11,5,8,"[626,659,629,639,577,693,625,835]","[1773000,1892000,1822000,1874000,1655000,2120000,1775000,2348000]",835,15259000
11,6,8,"[624,713,709,694,540,605,744,717]","[1773000,2029000,2023000,2049000,1533000,1849000,2112000,2097000]",744,15465000
11,7,8,"[898,459,783,892,504,659,464,610]","[2556000,1265000,2317000,2570000,1540000,1976000,1241000,1763000]",898,15228000
11,8,8,"[709,631,660,795,553,641,675,664]","[2024000,1798000,1902000,2272000,1611000,1914000,1893000,1910000]",795,15324000
11,9,8,"[832,494,744,645,652,761,533,671]","[2381000,1384000,2160000,1820000,1961000,2222000,1455000,1941000]",832,15324000
11,10,8,"[675,687,646,726,585,733,626,732]","[1917000,1935000,1862000,2080000,1668000,2194000,1795000,2025000]",733,15476000
11,11,8,"[667,686,646,672,586,742,618,730]","[1892000,1933000,1885000,1995000,1677000,2225000,1768000,2016000]",742,15391000
11,12,8,"[678,694,650,704,616,715,673,724]","[1908000,1943000,1879000,2023000,1752000,2160000,1883000,2013000]",724,15561000
11,13,8,"[627,659,630,674,594,702,675,791]","[1794000,1896000,1813000,1972000,1704000,2147000,1890000,2219000]",791,15435000
11,14,8,"[670,709,668,742,542,606,740,713]","[1931000,2021000,1915000,2153000,1536000,1848000,2104000,2079000]",742,15587000
11,15,8,"[681,705,646,702,615,720,651,729]","[1928000,1980000,1878000,2023000,1750000,2206000,1828000,2015000]",729,15608000
11,16,8,"[890,457,787,747,603,623,544,643]","[2543000,1298000,2319000,2139000,1831000,1849000,1493000,1866000]",890,15338000
11,17,8,"[674,728,653,628,579,775,632,679]","[1921000,2062000,1898000,1839000,1662000,2343000,1821000,1892000]",775,15438000
11,18,8,"[832,494,741,685,657,764,536,637]","[2379000,1386000,2169000,1946000,1967000,2227000,1466000,1839000]",832,15379000
11,19,8,"[821,490,746,645,652,730,539,684]","[2381000,1378000,2203000,1820000,1976000,2140000,1480000,1985000]",821,15363000
11,20,8,"[681,687,695,708,644,734,628,690]","[1921000,1950000,2019000,2032000,1836000,2233000,1744000,1918000]",734,15653000
11,21,8,"[669,633,646,673,586,742,671,730]","[1896000,1764000,1885000,1984000,1677000,2225000,1951000,2016000]",742,15398000
11,22,8,"[890,482,781,799,608,570,567,607]","[2545000,1351000,2302000,2264000,1839000,1683000,1562000,1750000]",890,15296000
11,23,8,"[619,715,735,693,540,603,749,721]","[1764000,2027000,2067000,2049000,1532000,1842000,2126000,2095000]",749,15502000
11,24,8,"[679,685,656,625,580,775,632,726]","[1922000,1929000,1899000,1827000,1657000,2338000,1818000,2006000]",775,15396000
11,25,8,"[683,687,695,708,649,733,666,692]","[1922000,1956000,2003000,2028000,1825000,2232000,1850000,1926000]",733,15742000
11,26,8,"[890,457,743,829,614,573,531,663]","[2529000,1292000,2197000,2371000,1847000,1692000,1459000,1938000]",890,15325000
11,27,8,"[898,457,781,895,511,658,462,614]","[2559000,1268000,2289000,2579000,1572000,1971000,1244000,1774000]",898,15256000
11,28,8,"[648,712,679,745,541,604,707,714]","[1852000,2031000,1951000,2139000,1535000,1845000,2037000,2085000]",745,15475000
11,29,8,"[894,458,783,748,601,614,545,642]","[2550000,1287000,2298000,2139000,1829000,1832000,1493000,1866000]",894,15294000
11,30,8,"[627,662,632,673,585,694,593,837]","[1779000,1910000,1831000,1974000,1669000,2122000,1684000,2355000]",837,15324000
11,31,8,"[890,482,781,834,609,570,534,608]","[2551000,1351000,2302000,2366000,1837000,1683000,1465000,1750000]",890,15305000
11,32,8,"[894,456,779,799,612,575,566,643]","[2539000,1293000,2308000,2277000,1856000,1699000,1569000,1886000]",894,15427000
11,33,8,"[656,714,686,745,545,603,742,718]","[1888000,2046000,1971000,2156000,1542000,1842000,2103000,2097000]",745,15645000
11,34,8,"[637,714,702,745,543,603,744,717]","[1843000,2031000,2000000,2165000,1538000,1840000,2112000,2092000]",745,15621000
11,35,8,"[684,691,743,745,568,664,654,670]","[1941000,2022000,2087000,2140000,1616000,2013000,1838000,1932000]",745,15589000
11,36,8,"[679,685,656,625,582,775,627,726]","[1925000,1929000,1899000,1827000,1655000,2338000,1812000,2017000]",775,15402000
11,37,8,"[740,615,698,748,621,761,604,635]","[2097000,1734000,2034000,2152000,1790000,2248000,1667000,1855000]",761,15577000
11,38,8,"[744,647,657,744,624,766,600,627]","[2111000,1837000,1914000,2141000,1800000,2262000,1659000,1824000]",766,15548000
11,39,8,"[746,621,693,701,614,750,604,726]","[2114000,1740000,2013000,2023000,1755000,2212000,1723000,2008000]",750,15588000
11,40,8,"[836,489,745,685,655,761,530,638]","[2386000,1378000,2176000,1955000,1967000,2222000,1453000,1841000]",836,15378000
11,41,8,"[622,711,702,725,539,666,674,692]","[1780000,2040000,2008000,2085000,1534000,2076000,1892000,1980000]",725,15395000
11,42,8,"[633,658,630,680,590,702,675,769]","[1819000,1892000,1836000,1983000,1690000,2147000,1890000,2148000]",769,15405000
11,43,8,"[824,533,693,790,539,765,614,604]","[2367000,1501000,2024000,2261000,1599000,2246000,1682000,1743000]",824,15423000
11,44,8,"[681,692,646,727,632,745,653,680]","[1934000,1943000,1883000,2098000,1801000,2203000,1856000,1892000]",745,15610000
11,45,8,"[618,662,604,663,673,763,683,757]","[1764000,1917000,1736000,1967000,1861000,2319000,1906000,2095000]",763,15565000
11,46,8,"[673,685,605,672,583,692,597,782]","[1919000,1931000,1747000,1961000,1674000,2123000,1699000,2251000]",782,15305000
11,47,8,"[744,589,709,701,614,732,620,721]","[2112000,1639000,2087000,2023000,1755000,2157000,1791000,2027000]",744,15591000
11,48,8,"[745,617,694,665,623,812,608,635]","[2111000,1734000,2024000,1918000,1790000,2419000,1673000,1848000]",812,15517000
11,49,8,"[775,652,802,805,607,590,704,711]","[2176000,1834000,2339000,2282000,1709000,1685000,2053000,1967000]",805,16045000
11,50,8,"[746,614,691,625,621,793,642,648]","[2140000,1728000,2012000,1808000,1804000,2350000,1764000,1879000]",793,15485000
11,51,8,"[721,791,770,724,605,735,548,691]","[2038000,2236000,2256000,2106000,1736000,2212000,1568000,2027000]",791,16179000
11,52,8,"[830,494,738,649,657,761,575,660]","[2387000,1395000,2153000,1828000,1969000,2218000,1567000,1901000]",830,15418000
11,53,8,"[830,521,720,753,539,769,601,640]","[2385000,1467000,2127000,2120000,1614000,2251000,1657000,1864000]",830,15485000
11,54,8,"[748,618,697,769,580,684,607,720]","[2121000,1736000,2014000,2200000,1725000,2002000,1748000,2001000]",769,15547000
11,55,8,"[751,615,737,750,610,764,579,615]","[2143000,1730000,2149000,2116000,1849000,2239000,1578000,1774000]",764,15578000
11,56,8,"[822,485,712,824,545,775,590,642]","[2361000,1368000,2096000,2318000,1624000,2278000,1584000,1866000]",824,15495000
11,57,8,"[749,614,690,594,658,819,649,651]","[2126000,1726000,2003000,1709000,1897000,2424000,1780000,1889000]",819,15554000
11,58,8,"[745,614,688,736,621,732,640,605]","[2102000,1731000,2009000,2122000,1806000,2155000,1800000,1747000]",745,15472000
11,59,8,"[746,628,695,744,659,738,611,678]","[2110000,1774000,2014000,2147000,1876000,2236000,1656000,1883000]",746,15696000
11,60,8,"[688,685,650,671,584,787,646,688]","[1937000,1931000,1903000,1981000,1677000,2337000,1842000,1927000]",787,15535000
11,61,8,"[746,664,655,725,583,735,625,727]","[2116000,1880000,1901000,2072000,1664000,2196000,1793000,2019000]",746,15641000
11,62,8,"[801,822,697,714,629,596,859,687]","[2329000,2356000,1956000,2007000,1797000,1718000,2430000,1925000]",859,16518000
11,63,8,"[749,614,694,733,648,689,518,812]","[2125000,1734000,2008000,2126000,1863000,2090000,1423000,2255000]",812,15624000
11,64,8,"[743,618,657,731,585,733,626,639]","[2106000,1729000,1902000,2081000,1669000,2208000,1799000,1863000]",743,15357000
11,65,8,"[605,693,705,752,572,712,669,643]","[1719000,1953000,1928000,2164000,1634000,2175000,1914000,1848000]",752,15335000
11,66,8,"[738,715,714,654,692,678,709,712]","[2085000,2024000,2098000,1836000,1950000,1937000,2062000,1971000]",738,15963000
11,67,8,"[635,684,734,718,543,639,713,724]","[1802000,1970000,2083000,2064000,1539000,1959000,2011000,2095000]",734,15523000
11,68,8,"[680,688,648,628,590,776,628,641]","[1919000,1935000,1879000,1824000,1684000,2350000,1818000,1874000]",776,15283000
11,69,8,"[638,661,652,714,579,668,678,768]","[1815000,1908000,1886000,2115000,1659000,2027000,1894000,2129000]",768,15433000
11,70,8,"[621,655,632,681,575,646,620,833]","[1761000,1889000,1824000,2016000,1651000,1979000,1764000,2351000]",833,15235000
11,71,8,"[617,709,709,714,546,601,742,718]","[1770000,2020000,2022000,2100000,1550000,1838000,2111000,2098000]",742,15509000
11,72,8,"[904,459,778,890,502,662,457,646]","[2589000,1265000,2321000,2570000,1540000,1982000,1252000,1814000]",904,15333000
11,73,8,"[715,621,662,797,587,643,678,633]","[2043000,1751000,1905000,2275000,1725000,1918000,1903000,1796000]",797,15316000
11,74,8,"[829,490,746,650,653,761,533,673]","[2399000,1380000,2187000,1865000,1967000,2220000,1464000,1961000]",829,15443000
11,75,8,"[680,692,646,727,587,738,626,732]","[1923000,1943000,1862000,2080000,1668000,2200000,1795000,2025000]",738,15496000
11,76,8,"[686,705,657,673,583,736,615,712]","[1938000,1980000,1917000,1981000,1676000,2215000,1764000,1993000]",736,15464000
11,77,8,"[678,688,650,699,619,731,673,724]","[1908000,1935000,1879000,2017000,1767000,2199000,1889000,2013000]",731,15607000
11,78,8,"[627,657,632,676,594,718,682,794]","[1786000,1886000,1813000,1972000,1704000,2177000,1904000,2225000]",794,15467000
11,79,8,"[660,709,668,741,546,606,740,713]","[1902000,2012000,1915000,2148000,1544000,1848000,2104000,2081000]",741,15554000
11,80,8,"[671,698,654,625,657,709,655,732]","[1912000,1970000,1908000,1827000,1866000,2167000,1836000,2014000]",732,15500000
11,81,8,"[889,457,788,747,594,623,544,644]","[2538000,1298000,2335000,2139000,1803000,1849000,1495000,1873000]",889,15330000
11,82,8,"[674,731,655,631,579,778,642,679]","[1921000,2077000,1891000,1840000,1657000,2360000,1836000,1886000]",778,15468000
11,83,8,"[834,543,745,686,653,762,540,603]","[2376000,1516000,2176000,1955000,1963000,2227000,1475000,1741000]",834,15429000
11,84,8,"[821,503,748,645,651,735,535,679]","[2380000,1412000,2203000,1824000,1971000,2149000,1462000,1973000]",821,15374000
11,85,8,"[679,694,706,709,641,731,627,683]","[1910000,1960000,2034000,2034000,1818000,2231000,1742000,1891000]",731,15620000
11,86,8,"[603,631,648,768,584,740,671,743]","[1704000,1760000,1885000,2235000,1677000,2227000,1938000,2054000]",768,15480000
11,87,8,"[885,489,749,798,606,567,564,643]","[2538000,1383000,2215000,2266000,1844000,1677000,1557000,1871000]",885,15351000
11,88,8,"[619,718,734,695,542,606,744,716]","[1755000,2065000,2070000,2053000,1535000,1854000,2121000,2082000]",744,15535000
11,89,8,"[673,686,648,672,587,731,626,734]","[1906000,1933000,1892000,1978000,1675000,2190000,1795000,2024000]",734,15393000
11,90,8,"[678,684,699,674,645,735,693,690]","[1913000,1938000,2018000,1928000,1822000,2232000,1923000,1929000]",735,15703000
12,1,8,"[693,675,625,784,780,741,689,725]","[1929000,1965000,1759000,2201000,2213000,2042000,1947000,2091000]",784,16147000
12,2,8,"[758,717,753,682,760,736,678,769]","[2218000,2121000,2143000,1983000,2233000,2114000,1888000,2078000]",769,16778000
12,3,8,"[639,670,559,790,720,759,715,725]","[1868000,1953000,1597000,2225000,2054000,2081000,2024000,2092000]",790,15894000
12,4,8,"[634,745,777,720,769,720,581,702]","[1847000,2212000,2203000,2096000,2261000,2090000,1697000,1893000]",777,16299000
12,5,8,"[758,699,754,679,768,723,580,769]","[2206000,2057000,2129000,1970000,2259000,2105000,1688000,2055000]",769,16469000
12,6,8,"[593,641,612,743,881,638,718,733]","[1721000,1891000,1759000,2095000,2479000,1785000,2032000,2102000]",881,15864000
12,7,8,"[722,761,751,683,767,781,558,566]","[2081000,2214000,2108000,2002000,2183000,2169000,1577000,1654000]",781,15988000
12,8,8,"[674,667,626,790,714,736,682,728]","[1885000,1952000,1774000,2216000,2084000,2030000,1934000,2107000]",790,15982000
12,9,8,"[596,667,674,725,863,647,662,731]","[1727000,1952000,1918000,2041000,2439000,1782000,1894000,2114000]",863,15867000
12,10,8,"[654,772,709,655,768,674,641,765]","[1967000,2258000,2006000,1881000,2249000,1945000,1864000,2148000]",772,16318000
12,11,8,"[642,834,783,787,807,543,642,410]","[1895000,2498000,2337000,2276000,2281000,1564000,1810000,1219000]",834,15880000
12,12,8,"[642,673,559,789,743,736,713,719]","[1883000,1962000,1597000,2220000,2107000,2039000,2029000,2071000]",789,15908000
12,13,8,"[646,834,793,780,808,568,641,411]","[1904000,2485000,2346000,2259000,2290000,1604000,1806000,1206000]",834,15900000
12,14,8,"[634,745,753,720,769,722,581,762]","[1847000,2212000,2121000,2096000,2261000,2100000,1697000,2046000]",769,16380000
12,15,8,"[757,733,752,682,766,669,585,768]","[2206000,2206000,2138000,1988000,2252000,1926000,1698000,2057000]",768,16471000
12,16,8,"[767,771,697,658,767,675,630,757]","[2203000,2256000,1967000,1892000,2244000,1940000,1816000,2124000]",771,16442000
12,17,8,"[694,675,630,783,779,740,681,739]","[1932000,1972000,1775000,2218000,2209000,2050000,1940000,2145000]",783,16241000
12,18,8,"[153,1234,1169,770,852,207,993,119]","[456000,3601000,3439000,2287000,2453000,566000,2825000,315000]",1234,15942000
12,19,8,"[645,978,816,659,809,545,641,457]","[1900000,2775000,2422000,1906000,2282000,1559000,1809000,1354000]",978,16007000
12,20,8,"[764,721,753,674,769,715,669,624]","[2214000,2128000,2140000,1951000,2261000,2073000,1865000,1782000]",769,16414000
12,21,8,"[676,659,626,790,715,736,684,729]","[1880000,1930000,1774000,2221000,2086000,2030000,1934000,2103000]",790,15958000
12,22,8,"[718,771,744,753,761,787,558,570]","[2061000,2227000,2087000,2124000,2171000,2192000,1583000,1658000]",787,16103000
12,23,8,"[596,670,626,789,743,735,713,719]","[1731000,1947000,1764000,2227000,2110000,2031000,2029000,2074000]",789,15913000
12,24,8,"[686,675,630,792,780,733,688,718]","[1907000,1978000,1759000,2217000,2211000,2032000,1944000,2087000]",792,16135000
12,25,8,"[653,772,712,655,763,676,639,782]","[1967000,2258000,2024000,1881000,2231000,1955000,1857000,2191000]",782,16364000
12,26,8,"[573,907,702,690,754,606,691,657]","[1733000,2609000,2046000,1969000,2159000,1724000,2007000,1862000]",907,16109000
12,27,8,"[787,748,747,696,699,732,545,693]","[2246000,2157000,2163000,1952000,2006000,2058000,1483000,2034000]",787,16099000
12,28,8,"[733,672,632,726,784,741,685,742]","[2069000,1963000,1777000,2051000,2219000,2050000,1947000,2161000]",784,16237000
12,29,8,"[764,721,753,668,769,716,669,764]","[2222000,2128000,2137000,1936000,2261000,2077000,1869000,2050000]",769,16680000
12,30,8,"[693,671,626,790,719,681,686,783]","[1915000,1954000,1774000,2228000,2103000,1867000,1932000,2258000]",790,16031000
12,31,8,"[553,664,624,792,746,736,716,775]","[1602000,1937000,1764000,2224000,2110000,2036000,2035000,2230000]",792,15938000
12,32,8,"[760,775,700,658,694,731,631,760]","[2184000,2265000,1977000,1903000,2041000,2106000,1821000,2129000]",775,16426000
12,33,8,"[689,673,628,791,777,732,682,717]","[1918000,1970000,1778000,2221000,2207000,2013000,1934000,2083000]",791,16124000
12,34,8,"[785,740,728,729,699,772,586,760]","[2228000,2116000,2069000,2080000,2017000,2189000,1679000,2177000]",785,16555000
12,35,8,"[540,866,841,949,589,411,976,430]","[1513000,2531000,2455000,2639000,1619000,1137000,2793000,1263000]",976,15950000
12,36,8,"[682,675,630,787,782,733,687,732]","[1897000,1964000,1772000,2229000,2217000,2030000,1940000,2116000]",787,16165000
12,37,8,"[758,753,752,679,770,670,582,770]","[2214000,2218000,2123000,1970000,2263000,1928000,1692000,2066000]",770,16474000
12,38,8,"[758,717,753,674,771,715,666,767]","[2206000,2121000,2143000,1951000,2261000,2075000,1858000,2065000]",771,16680000
12,39,8,"[760,698,749,679,769,720,580,772]","[2210000,2057000,2126000,1970000,2261000,2090000,1688000,2061000]",772,16463000
12,40,8,"[695,667,629,792,715,730,685,731]","[1917000,1949000,1783000,2229000,2083000,2012000,1936000,2119000]",792,16028000
12,41,8,"[688,672,628,795,813,652,677,753]","[1923000,1977000,1773000,2235000,2340000,1783000,1924000,2172000]",813,16127000
12,42,8,"[698,736,720,734,787,660,672,746]","[1920000,2126000,2024000,2146000,2288000,1851000,1956000,2115000]",787,16426000
12,43,8,"[845,702,659,744,842,678,714,652]","[2483000,2066000,1850000,2106000,2410000,1957000,2013000,1815000]",845,16700000
12,44,8,"[699,666,704,736,773,733,692,760]","[1954000,1940000,1979000,2095000,2225000,2085000,1930000,2219000]",773,16427000
12,45,8,"[759,794,725,740,649,631,685,732]","[2191000,2318000,2059000,2142000,1922000,1817000,1965000,2058000]",794,16472000
12,46,8,"[793,734,682,821,702,714,668,760]","[2255000,2106000,1913000,2360000,2031000,2044000,1880000,2138000]",821,16727000
12,47,8,"[598,637,617,745,903,666,666,729]","[1730000,1884000,1771000,2094000,2541000,1846000,1905000,2098000]",903,15869000
12,48,8,"[938,731,701,657,778,675,638,764]","[2731000,2110000,1979000,1885000,2288000,1950000,1840000,2141000]",938,16924000
12,49,8,"[721,688,628,689,797,668,731,753]","[2021000,1996000,1779000,1943000,2285000,1838000,2059000,2169000]",797,16090000
12,50,8,"[841,756,689,712,726,743,675,767]","[2433000,2232000,1947000,2062000,2132000,2130000,1877000,2058000]",841,16871000
12,51,8,"[803,828,644,746,789,756,541,540]","[2368000,2302000,1934000,2104000,2302000,2126000,1520000,1616000]",828,16272000
12,52,8,"[697,825,774,715,743,747,519,623]","[2042000,2412000,2198000,2005000,2180000,2107000,1435000,1813000]",825,16192000
12,53,8,"[702,715,671,767,757,834,461,613]","[1992000,2090000,1887000,2148000,2209000,2358000,1291000,1790000]",834,15765000
12,54,8,"[767,834,809,852,609,634,789,618]","[2245000,2425000,2286000,2435000,1781000,1835000,2202000,1634000]",852,16843000
12,55,8,"[763,774,703,652,758,681,640,759]","[2186000,2254000,1984000,1873000,2216000,1966000,1857000,2126000]",774,16462000
12,56,8,"[560,771,738,843,733,570,833,563]","[1606000,2261000,2075000,2358000,2109000,1556000,2372000,1646000]",843,15983000
12,57,8,"[640,791,728,706,727,584,826,631]","[1785000,2355000,2059000,1975000,2100000,1610000,2324000,1829000]",826,16037000
12,58,8,"[562,956,871,787,733,540,851,550]","[1542000,2789000,2564000,2261000,2147000,1575000,2467000,1505000]",956,16850000
12,59,8,"[738,711,685,733,763,832,460,698]","[2103000,2114000,1912000,2054000,2174000,2345000,1286000,1995000]",832,15983000
12,60,8,"[721,796,782,928,582,529,772,628]","[2015000,2324000,2247000,2687000,1660000,1469000,2188000,1778000]",928,16368000
12,61,8,"[678,712,636,724,866,641,678,719]","[1909000,2028000,1834000,2065000,2514000,1789000,1929000,2065000]",866,16133000
12,62,8,"[649,742,826,740,779,713,594,487]","[1914000,2200000,2417000,2167000,2220000,1997000,1656000,1446000]",826,16017000
12,63,8,"[691,676,621,794,874,650,680,759]","[1923000,1978000,1751000,2228000,2440000,1805000,1921000,2190000]",874,16236000
12,64,8,"[742,704,696,743,782,633,681,753]","[2056000,2005000,1924000,2173000,2269000,1767000,1986000,2116000]",782,16296000
12,65,8,"[597,1013,1044,817,819,488,897,392]","[1717000,2956000,2991000,2363000,2391000,1372000,2517000,1057000]",1044,17364000
12,66,8,"[687,680,664,788,783,735,662,734]","[1910000,1970000,1877000,2215000,2223000,2034000,1854000,2121000]",788,16204000
12,67,8,"[759,704,754,683,761,737,674,770]","[2214000,2137000,2143000,1981000,2238000,2113000,1881000,2057000]",770,16764000
12,68,8,"[641,676,561,790,720,747,712,706]","[1872000,1980000,1592000,2223000,2049000,2066000,2030000,2069000]",790,15881000
12,69,8,"[635,746,779,729,770,720,572,713]","[1847000,2217000,2208000,2117000,2261000,2090000,1685000,1924000]",779,16349000
12,70,8,"[751,697,751,683,776,752,584,769]","[2185000,2060000,2132000,1976000,2274000,2157000,1695000,2054000]",776,16533000
12,71,8,"[593,641,610,753,881,637,718,733]","[1721000,1891000,1752000,2110000,2479000,1783000,2028000,2102000]",881,15866000
12,72,8,"[683,756,748,686,775,776,559,566]","[1980000,2193000,2102000,2008000,2214000,2161000,1579000,1654000]",776,15891000
12,73,8,"[680,740,586,791,722,740,688,731]","[1894000,2135000,1651000,2227000,2103000,2041000,1946000,2099000]",791,16096000
12,74,8,"[646,675,675,663,861,643,669,721]","[1894000,1970000,1909000,1864000,2448000,1780000,1905000,2078000]",861,15848000
12,75,8,"[658,770,710,665,768,688,661,766]","[2001000,2254000,2004000,1906000,2252000,1976000,1915000,2140000]",770,16448000
12,76,8,"[591,834,782,787,805,543,642,439]","[1749000,2498000,2335000,2276000,2279000,1564000,1810000,1304000]",834,15815000
12,77,8,"[640,671,563,730,747,730,725,760]","[1876000,1955000,1597000,2043000,2111000,2009000,2080000,2197000]",760,15868000
12,78,8,"[652,830,784,677,809,647,643,410]","[1929000,2484000,2316000,1947000,2296000,1855000,1813000,1211000]",830,15851000
12,79,8,"[638,742,751,716,770,670,642,763]","[1868000,2203000,2113000,2086000,2263000,1927000,1876000,2046000]",770,16382000
12,80,8,"[711,733,784,682,768,666,585,768]","[2076000,2206000,2228000,1988000,2259000,1911000,1698000,2054000]",784,16420000
12,81,8,"[688,772,697,654,809,678,633,757]","[1980000,2256000,1967000,1886000,2391000,1946000,1822000,2124000]",809,16372000
12,82,8,"[698,671,627,784,890,733,569,738]","[1937000,1967000,1774000,2243000,2510000,2028000,1653000,2147000]",890,16259000
12,83,8,"[150,1235,1178,768,853,208,987,117]","[435000,3614000,3466000,2283000,2459000,571000,2820000,315000]",1235,15963000
12,84,8,"[647,982,818,661,768,544,643,461]","[1917000,2787000,2452000,1910000,2211000,1554000,1809000,1372000]",982,16012000
12,85,8,"[755,713,762,673,759,725,674,618]","[2203000,2104000,2159000,1952000,2224000,2098000,1885000,1760000]",762,16385000
12,86,8,"[675,716,626,790,717,740,684,682]","[1889000,2105000,1764000,2219000,2084000,2038000,1938000,1957000]",790,15994000
12,87,8,"[720,767,778,753,709,794,554,566]","[2074000,2225000,2181000,2120000,2054000,2206000,1579000,1654000]",794,16093000
12,88,8,"[603,672,619,791,748,735,712,705]","[1742000,1968000,1754000,2230000,2109000,2032000,2024000,2069000]",791,15928000
12,89,8,"[690,674,655,790,776,734,656,714]","[1912000,1963000,1843000,2213000,2205000,2041000,1850000,2073000]",790,16100000
12,90,8,"[654,770,700,655,758,677,639,786]","[1972000,2239000,1982000,1881000,2223000,1951000,1857000,2201000]",786,16306000
13,1,8,"[682,676,729,775,745,737,682,708]","[1917000,1919000,2106000,2222000,2122000,2116000,1970000,1971000]",775,16343000
13,2,8,"[538,430,920,869,1119,421,453,615]","[1531000,1202000,2591000,2618000,3414000,1212000,1315000,1746000]",1119,15629000
13,3,8,"[729,581,633,809,711,724,724,712]","[1999000,1644000,1830000,2257000,1982000,2115000,2065000,2091000]",809,15983000
13,4,8,"[806,701,731,720,771,605,443,695]","[2298000,1975000,2150000,2041000,2276000,1749000,1240000,1959000]",806,15688000
13,5,8,"[640,729,783,795,804,589,429,683]","[1883000,2059000,2244000,2267000,2383000,1720000,1191000,1942000]",804,15689000
13,6,8,"[520,390,840,866,1125,423,449,661]","[1517000,1085000,2420000,2605000,3427000,1213000,1296000,1875000]",1125,15438000
13,7,8,"[797,717,712,748,793,583,419,687]","[2276000,2033000,2074000,2126000,2348000,1684000,1167000,1943000]",797,15651000
13,8,8,"[546,425,1006,652,831,819,429,675]","[1599000,1229000,2865000,1949000,2312000,2392000,1251000,1936000]",1006,15533000
13,9,8,"[751,725,769,758,788,586,420,687]","[2152000,2058000,2223000,2129000,2347000,1693000,1169000,1953000]",788,15724000
13,10,8,"[738,585,625,806,710,723,723,711]","[2026000,1694000,1785000,2248000,1990000,2117000,2060000,2089000]",806,16009000
13,11,8,"[693,725,768,805,788,586,420,687]","[1976000,2058000,2223000,2295000,2347000,1693000,1169000,1953000]",805,15714000
13,12,8,"[692,688,696,781,736,725,688,696]","[1945000,1964000,1990000,2228000,2108000,2096000,1985000,1947000]",781,16263000
13,13,8,"[519,389,890,863,1125,421,453,659]","[1514000,1088000,2512000,2599000,3421000,1212000,1306000,1864000]",1125,15516000
13,14,8,"[586,485,851,803,833,638,442,802]","[1644000,1352000,2460000,2247000,2326000,1915000,1280000,2283000]",851,15507000
13,15,8,"[477,280,703,1231,1332,297,310,667]","[1398000,807000,2058000,3655000,3922000,797000,911000,1861000]",1332,15409000
13,16,8,"[695,701,725,718,788,752,502,683]","[1973000,1977000,2074000,2068000,2290000,2171000,1405000,1936000]",788,15894000
13,17,8,"[452,280,703,1231,1359,297,310,669]","[1314000,807000,2058000,3655000,4006000,797000,911000,1867000]",1359,15415000
13,18,8,"[553,469,1004,659,827,833,428,673]","[1607000,1292000,2865000,1953000,2304000,2415000,1241000,1922000]",1004,15599000
13,19,8,"[660,671,730,806,695,733,686,703]","[1842000,1914000,2092000,2301000,2056000,2123000,1974000,1971000]",806,16273000
13,20,8,"[519,430,862,864,1131,410,459,614]","[1517000,1202000,2439000,2599000,3446000,1181000,1341000,1741000]",1131,15466000
13,21,8,"[696,701,724,762,848,598,444,693]","[1980000,1977000,2075000,2194000,2539000,1736000,1247000,1947000]",848,15695000
13,22,8,"[546,425,1006,613,831,819,429,722]","[1599000,1229000,2865000,1820000,2316000,2392000,1251000,2069000]",1006,15541000
13,23,8,"[685,798,701,789,782,691,619,692]","[1960000,2264000,1930000,2229000,2247000,1972000,1802000,2013000]",798,16417000
13,24,8,"[731,797,699,750,787,697,661,658]","[2121000,2268000,1914000,2096000,2277000,1997000,1915000,1948000]",797,16536000
13,25,8,"[552,484,903,706,778,810,455,757]","[1601000,1350000,2590000,2111000,2189000,2334000,1292000,2188000]",903,15655000
13,26,8,"[687,796,700,787,782,701,681,661]","[1979000,2264000,1925000,2216000,2250000,2011000,1966000,1962000]",796,16573000
13,27,8,"[759,699,814,715,771,598,444,692]","[2165000,1977000,2354000,2031000,2280000,1736000,1247000,1945000]",814,15735000
13,28,8,"[528,389,916,865,1127,421,453,662]","[1511000,1088000,2566000,2599000,3434000,1212000,1306000,1870000]",1127,15586000
13,29,8,"[749,633,782,817,730,735,590,626]","[2142000,1842000,2136000,2350000,2108000,2126000,1659000,1746000]",817,16109000
13,30,8,"[690,779,708,782,798,739,705,734]","[1950000,2240000,1962000,2163000,2260000,2107000,1985000,2046000]",798,16713000
13,31,8,"[705,663,738,823,717,754,582,617]","[2004000,1908000,2107000,2345000,2051000,2213000,1640000,1729000]",823,15997000
13,32,8,"[585,452,922,715,831,819,425,727]","[1636000,1273000,2645000,2092000,2321000,2398000,1243000,2096000]",922,15704000
13,33,8,"[801,643,752,754,764,704,695,682]","[2313000,1902000,2050000,2162000,2205000,2071000,1990000,1910000]",801,16603000
13,34,8,"[524,389,885,866,1131,415,452,671]","[1512000,1088000,2496000,2601000,3456000,1193000,1315000,1906000]",1131,15567000
13,35,8,"[705,667,840,828,737,701,518,702]","[2008000,1903000,2310000,2362000,2135000,2038000,1462000,1966000]",840,16184000
13,36,8,"[695,804,708,787,789,696,657,651]","[2001000,2298000,1962000,2217000,2260000,1989000,1902000,1910000]",804,16539000
13,37,8,"[659,668,725,808,734,730,688,702]","[1848000,1905000,2083000,2303000,2103000,2129000,1975000,1971000]",808,16317000
13,38,8,"[585,451,923,709,828,818,453,699]","[1638000,1273000,2649000,2081000,2313000,2398000,1329000,2007000]",923,15688000
13,39,8,"[748,701,816,746,773,606,426,694]","[2144000,1981000,2364000,2115000,2282000,1741000,1186000,1968000]",816,15781000
13,40,8,"[714,805,719,803,768,731,643,632]","[2016000,2285000,1992000,2224000,2181000,2076000,1836000,1856000]",805,16466000
13,41,8,"[684,757,662,777,738,723,692,708]","[1917000,2159000,1906000,2222000,2111000,2094000,1989000,1983000]",777,16381000
13,42,8,"[505,487,765,721,953,706,612,603]","[1453000,1355000,2185000,2132000,2793000,2150000,1788000,1711000]",953,15567000
13,43,8,"[779,825,795,716,797,676,675,696]","[2170000,2369000,2157000,2062000,2323000,1902000,1900000,2043000]",825,16926000
13,44,8,"[717,893,660,724,805,739,650,632]","[2023000,2502000,1854000,2003000,2285000,2086000,1855000,1845000]",893,16453000
13,45,8,"[557,543,677,1046,1167,512,516,693]","[1564000,1518000,1919000,3084000,3346000,1471000,1452000,1927000]",1167,16281000
13,46,8,"[752,706,819,663,780,679,512,697]","[2155000,1994000,2365000,1893000,2259000,1943000,1438000,1966000]",819,16013000
13,47,8,"[640,641,754,822,729,728,498,680]","[1876000,1821000,2182000,2345000,2093000,2124000,1398000,1927000]",822,15766000
13,48,8,"[504,457,845,762,1086,598,552,665]","[1449000,1264000,2418000,2268000,3072000,1757000,1549000,1914000]",1086,15691000
13,49,8,"[683,808,876,674,836,642,665,640]","[1971000,2305000,2448000,1869000,2359000,1797000,1973000,1892000]",876,16614000
13,50,8,"[651,573,799,899,991,563,463,618]","[1901000,1608000,2274000,2578000,2867000,1602000,1311000,1730000]",991,15871000
13,51,8,"[530,389,817,870,1135,411,444,681]","[1554000,1084000,2363000,2620000,3469000,1186000,1290000,1948000]",1135,15514000
13,52,8,"[749,830,809,763,879,545,562,816]","[2179000,2377000,2245000,2155000,2567000,1537000,1608000,2363000]",879,17031000
13,53,8,"[669,513,830,591,851,824,638,783]","[1909000,1472000,2375000,1677000,2421000,2327000,1836000,2295000]",851,16312000
13,54,8,"[549,624,847,810,906,595,564,678]","[1576000,1719000,2432000,2436000,2584000,1724000,1643000,1897000]",906,16011000
13,55,8,"[709,680,759,696,791,756,634,626]","[2000000,1951000,2141000,2010000,2217000,2185000,1788000,1840000]",791,16132000
13,56,8,"[689,743,689,774,732,746,712,740]","[2014000,2105000,1980000,2186000,2104000,2171000,2033000,2110000]",774,16703000
13,57,8,"[644,712,899,681,783,803,590,760]","[1954000,2007000,2602000,1932000,2252000,2311000,1660000,2203000]",899,16921000
13,58,8,"[508,437,894,746,1004,641,571,607]","[1480000,1203000,2557000,2218000,2937000,1895000,1655000,1733000]",1004,15678000
13,59,8,"[588,567,907,718,709,830,491,649]","[1646000,1597000,2665000,2106000,1932000,2458000,1396000,1814000]",907,15614000
13,60,8,"[473,672,830,681,640,773,525,733]","[1340000,1905000,2416000,1959000,1820000,2202000,1447000,2094000]",830,15183000
13,61,8,"[657,608,777,889,952,603,549,700]","[1831000,1717000,2211000,2552000,2785000,1715000,1584000,1939000]",952,16334000
13,62,8,"[593,496,847,751,767,718,501,789]","[1651000,1375000,2448000,2106000,2120000,2199000,1410000,2256000]",847,15565000
13,63,8,"[779,610,762,830,780,730,573,574]","[2141000,1718000,2080000,2370000,2255000,2116000,1626000,1635000]",830,15941000
13,64,8,"[699,605,842,747,780,726,584,615]","[1983000,1770000,2334000,2159000,2244000,2103000,1673000,1716000]",842,15982000
13,65,8,"[661,619,739,778,774,733,693,695]","[1864000,1812000,2126000,2233000,2229000,2110000,2001000,1940000]",778,16315000
13,66,8,"[685,689,726,778,737,736,687,709]","[1925000,1957000,2094000,2226000,2093000,2120000,1989000,1969000]",778,16373000
13,67,8,"[471,478,922,871,1116,421,450,612]","[1352000,1339000,2598000,2630000,3405000,1212000,1300000,1727000]",1116,15563000
13,68,8,"[728,581,632,813,712,724,722,712]","[2004000,1641000,1822000,2268000,1984000,2112000,2053000,2107000]",813,15991000
13,69,8,"[812,699,734,717,773,598,442,597]","[2327000,1985000,2156000,2031000,2289000,1731000,1240000,1769000]",812,15528000
13,70,8,"[656,716,791,793,797,559,454,693]","[1912000,2032000,2313000,2263000,2372000,1603000,1298000,1982000]",797,15775000
13,71,8,"[569,393,806,871,1124,423,446,664]","[1650000,1100000,2310000,2615000,3426000,1211000,1291000,1879000]",1124,15482000
13,72,8,"[790,730,712,769,775,588,419,689]","[2264000,2070000,2096000,2189000,2318000,1704000,1175000,1955000]",790,15771000
13,73,8,"[553,413,1007,656,827,786,426,679]","[1615000,1222000,2867000,1950000,2304000,2339000,1245000,1931000]",1007,15473000
13,74,8,"[751,725,769,765,788,586,420,680]","[2152000,2058000,2223000,2160000,2347000,1693000,1169000,1924000]",788,15726000
13,75,8,"[740,593,623,816,716,720,725,691]","[2042000,1716000,1764000,2286000,1989000,2110000,2070000,2036000]",816,16013000
13,76,8,"[688,729,769,777,798,590,422,693]","[1967000,2082000,2234000,2253000,2358000,1711000,1172000,1974000]",798,15751000
13,77,8,"[690,684,693,775,733,722,686,590]","[1937000,1958000,2003000,2216000,2099000,2092000,1977000,1727000]",775,16009000
13,78,8,"[539,387,890,886,1088,427,455,655]","[1549000,1077000,2519000,2680000,3312000,1225000,1307000,1853000]",1088,15522000
13,79,8,"[581,516,847,807,817,643,440,779]","[1623000,1439000,2453000,2255000,2287000,1925000,1276000,2225000]",847,15483000
13,80,8,"[479,279,703,1231,1346,297,308,671]","[1384000,792000,2055000,3655000,3969000,795000,907000,1875000]",1346,15432000
13,81,8,"[717,701,707,708,787,742,513,708]","[2038000,1999000,2018000,2028000,2285000,2162000,1422000,1975000]",787,15927000
13,82,8,"[446,273,705,1230,1360,321,299,671]","[1280000,780000,2062000,3662000,4016000,873000,857000,1872000]",1360,15402000
13,83,8,"[552,478,1003,660,723,832,430,674]","[1605000,1327000,2867000,1954000,2095000,2413000,1249000,1922000]",1003,15432000
13,84,8,"[660,671,727,799,695,737,676,703]","[1842000,1911000,2092000,2271000,2056000,2132000,1939000,1969000]",799,16212000
13,85,8,"[522,435,870,873,1112,410,465,614]","[1519000,1208000,2451000,2615000,3394000,1175000,1353000,1742000]",1112,15457000
13,86,8,"[696,703,720,763,851,604,439,696]","[1982000,1988000,2067000,2202000,2541000,1750000,1223000,1969000]",851,15722000
13,87,8,"[542,482,1005,610,828,820,426,722]","[1543000,1374000,2869000,1814000,2310000,2392000,1245000,2060000]",1005,15607000
13,88,8,"[686,803,612,794,775,696,617,700]","[1975000,2272000,1768000,2259000,2237000,1981000,1801000,2050000]",803,16343000
13,89,8,"[728,804,706,758,785,694,674,643]","[2100000,2292000,1923000,2133000,2275000,1982000,1950000,1881000]",804,16536000
13,90,8,"[555,486,901,703,671,804,455,757]","[1614000,1355000,2582000,2111000,1955000,2309000,1292000,2188000]",901,15406000
14,1,8,"[710,531,763,784,802,705,703,494]","[2088000,1511000,2150000,2255000,2332000,2025000,2029000,1377000]",802,15767000
14,2,8,"[794,486,798,782,824,659,547,502]","[2249000,1389000,2247000,2252000,2373000,1974000,1628000,1457000]",824,15569000
14,3,8,"[663,690,751,717,753,738,589,776]","[1910000,1956000,2152000,2119000,2152000,2111000,1691000,2161000]",776,16252000
14,4,8,"[605,711,763,711,709,761,576,711]","[1739000,2016000,2199000,2097000,2018000,2203000,1649000,2067000]",763,15988000
14,5,8,"[808,527,774,777,771,765,609,474]","[2294000,1507000,2169000,2247000,2242000,2184000,1841000,1342000]",808,15826000
14,6,8,"[705,529,765,787,768,714,734,496]","[2074000,1506000,2159000,2255000,2256000,2051000,2120000,1413000]",787,15834000
14,7,8,"[670,661,753,736,711,757,585,710]","[1922000,1874000,2134000,2172000,2017000,2184000,1658000,2053000]",757,16014000
14,8,8,"[644,651,744,713,770,735,581,751]","[1861000,1918000,2112000,2100000,2181000,2105000,1659000,2120000]",770,16056000
14,9,8,"[666,583,718,738,759,739,662,756]","[1919000,1690000,2051000,2180000,2178000,2126000,1881000,2101000]",759,16126000
14,10,8,"[661,667,708,731,716,752,653,750]","[1910000,1877000,2009000,2167000,2028000,2160000,1857000,2118000]",752,16126000
14,11,8,"[730,452,825,712,866,761,511,500]","[2139000,1300000,2346000,2062000,2567000,2158000,1522000,1447000]",866,15541000
14,12,8,"[789,614,712,796,733,666,725,472]","[2280000,1700000,2031000,2350000,2177000,1904000,2024000,1313000]",796,15779000
14,13,8,"[661,696,751,719,743,736,599,776]","[1910000,1967000,2152000,2113000,2119000,2102000,1732000,2157000]",776,16252000
14,14,8,"[664,693,718,757,650,755,593,687]","[1919000,1936000,2023000,2206000,1846000,2127000,1682000,1975000]",757,15714000
14,15,8,"[797,484,795,782,820,765,546,500]","[2263000,1385000,2240000,2256000,2377000,2193000,1623000,1459000]",820,15796000
14,16,8,"[605,712,775,713,711,754,578,712]","[1749000,2021000,2234000,2107000,2021000,2180000,1649000,2078000]",775,16039000
14,17,8,"[711,529,761,832,707,713,739,492]","[2091000,1501000,2149000,2408000,2042000,2049000,2111000,1379000]",832,15730000
14,18,8,"[794,614,738,799,709,666,719,473]","[2284000,1700000,2105000,2350000,2102000,1904000,2010000,1328000]",799,15783000
14,19,8,"[661,667,735,731,706,760,607,754]","[1910000,1877000,2074000,2167000,1990000,2199000,1737000,2132000]",760,16086000
14,20,8,"[708,526,763,801,758,717,737,499]","[2097000,1501000,2159000,2287000,2203000,2061000,2117000,1419000]",801,15844000
14,21,8,"[653,641,714,733,753,738,655,755]","[1890000,1795000,2041000,2167000,2166000,2127000,1869000,2104000]",755,16159000
14,22,8,"[661,667,735,731,706,760,607,754]","[1910000,1877000,2074000,2167000,1979000,2199000,1737000,2135000]",760,16078000
14,23,8,"[789,525,771,783,775,774,610,493]","[2238000,1501000,2172000,2259000,2258000,2207000,1839000,1383000]",789,15857000
14,24,8,"[739,619,707,747,754,731,660,745]","[2127000,1716000,2010000,2190000,2164000,2098000,1892000,2078000]",754,16275000
14,25,8,"[712,523,765,815,769,732,717,493]","[2016000,1499000,2153000,2342000,2233000,2107000,2083000,1370000]",815,15803000
14,26,8,"[659,667,707,737,714,755,653,752]","[1906000,1877000,2009000,2174000,2021000,2182000,1857000,2125000]",755,16151000
14,27,8,"[802,526,764,779,770,767,609,494]","[2279000,1501000,2152000,2251000,2242000,2189000,1842000,1393000]",802,15849000
14,28,8,"[852,420,902,577,880,917,443,469]","[2433000,1202000,2557000,1671000,2628000,2634000,1240000,1350000]",917,15715000
14,29,8,"[725,457,821,720,909,767,519,489]","[2122000,1310000,2326000,2092000,2648000,2164000,1528000,1414000]",909,15604000
14,30,8,"[787,530,746,780,732,760,727,520]","[2219000,1525000,2094000,2247000,2154000,2179000,2095000,1465000]",787,15978000
14,31,8,"[789,526,768,788,732,759,718,506]","[2226000,1514000,2161000,2256000,2153000,2181000,2078000,1407000]",789,15976000
14,32,8,"[620,650,745,716,774,745,582,752]","[1800000,1910000,2123000,2095000,2184000,2141000,1661000,2128000]",774,16042000
14,33,8,"[609,708,747,720,771,752,576,762]","[1751000,2019000,2139000,2108000,2197000,2147000,1649000,2170000]",771,16180000
14,34,8,"[665,669,729,707,712,760,579,788]","[1924000,1885000,2075000,2083000,2024000,2198000,1656000,2238000]",788,16083000
14,35,8,"[789,525,773,783,775,774,610,493]","[2238000,1501000,2176000,2259000,2258000,2207000,1839000,1383000]",789,15861000
14,36,8,"[178,270,189,367,1348,705,928,1440]","[542000,769000,522000,1033000,3933000,2036000,2742000,4229000]",1440,15806000
14,37,8,"[804,454,818,719,919,764,516,486]","[2298000,1302000,2327000,2088000,2676000,2173000,1517000,1417000]",919,15798000
14,38,8,"[617,709,772,714,770,742,593,714]","[1762000,2019000,2213000,2100000,2185000,2124000,1678000,2029000]",772,16110000
14,39,8,"[746,611,711,716,767,755,648,745]","[2146000,1705000,2038000,2089000,2185000,2169000,1847000,2090000]",767,16269000
14,40,8,"[854,419,890,578,898,922,448,469]","[2434000,1204000,2538000,1663000,2629000,2651000,1254000,1349000]",922,15722000
14,41,8,"[793,523,761,830,754,599,606,494]","[2260000,1499000,2146000,2411000,2177000,1791000,1811000,1429000]",830,15524000
14,42,8,"[738,610,708,705,696,765,587,684]","[2127000,1698000,2011000,2079000,2008000,2153000,1672000,1958000]",765,15706000
14,43,8,"[649,631,709,737,732,745,624,756]","[1862000,1871000,2028000,2165000,2081000,2131000,1784000,2132000]",756,16054000
14,44,8,"[644,667,809,845,787,728,772,501]","[1821000,1868000,2251000,2412000,2308000,2064000,2218000,1422000]",845,16364000
14,45,8,"[766,637,811,723,763,766,663,636]","[2158000,1778000,2281000,2121000,2160000,2215000,1955000,1824000]",811,16492000
14,46,8,"[741,623,739,661,837,742,588,762]","[2126000,1730000,2121000,1954000,2378000,2124000,1689000,2122000]",837,16244000
14,47,8,"[672,626,703,733,776,723,585,757]","[1925000,1831000,1999000,2157000,2188000,2100000,1660000,2154000]",776,16014000
14,48,8,"[610,624,323,381,1304,765,905,1106]","[1735000,1791000,880000,1080000,3705000,2217000,2654000,3234000]",1304,17296000
14,49,8,"[678,659,742,765,721,731,589,759]","[1944000,1921000,2126000,2236000,2036000,2094000,1682000,2145000]",765,16184000
14,50,8,"[660,620,818,718,730,727,646,772]","[1883000,1828000,2361000,2118000,2036000,2051000,1834000,2165000]",818,16276000
14,51,8,"[801,527,700,875,765,771,609,485]","[2274000,1507000,1961000,2492000,2232000,2208000,1836000,1371000]",875,15881000
14,52,8,"[761,638,758,848,646,752,582,726]","[2177000,1781000,2107000,2439000,1848000,2136000,1659000,2010000]",848,16157000
14,53,8,"[688,676,729,709,785,756,791,549]","[1963000,1881000,2084000,2089000,2284000,2107000,2331000,1552000]",791,16291000
14,54,8,"[663,661,713,724,791,749,658,769]","[1916000,1874000,2044000,2129000,2227000,2160000,1889000,2124000]",791,16363000
14,55,8,"[666,639,705,738,703,743,619,800]","[1920000,1809000,2013000,2183000,2007000,2140000,1778000,2258000]",800,16108000
14,56,8,"[796,606,772,660,944,761,670,537]","[2276000,1697000,2206000,1954000,2697000,2163000,1906000,1512000]",944,16411000
14,57,8,"[656,552,715,880,709,712,712,575]","[1914000,1578000,2025000,2508000,2054000,2038000,2054000,1630000]",880,15801000
14,58,8,"[705,609,727,811,707,763,663,587]","[2006000,1719000,2088000,2427000,2014000,2165000,1993000,1621000]",811,16033000
14,59,8,"[740,612,741,716,806,729,596,751]","[2131000,1701000,2120000,2095000,2303000,2094000,1696000,2114000]",806,16254000
14,60,8,"[704,603,735,769,731,741,651,748]","[2007000,1720000,2119000,2246000,2099000,2111000,1846000,2083000]",769,16231000
14,61,8,"[653,631,730,765,728,744,650,751]","[1887000,1808000,2091000,2232000,2092000,2126000,1851000,2091000]",765,16178000
14,62,8,"[555,514,345,528,1090,724,780,1111]","[1608000,1433000,966000,1484000,3170000,2103000,2262000,3249000]",1111,16275000
14,63,8,"[641,625,736,804,810,809,652,718]","[1830000,1770000,2093000,2323000,2280000,2389000,1865000,2044000]",810,16594000
14,64,8,"[827,484,817,802,808,790,555,495]","[2386000,1381000,2310000,2318000,2366000,2255000,1707000,1401000]",827,16124000
14,65,8,"[744,612,749,664,800,755,583,707]","[2143000,1725000,2125000,1974000,2282000,2179000,1656000,2048000]",800,16132000
14,66,8,"[714,533,763,782,777,707,702,512]","[2099000,1519000,2150000,2249000,2255000,2032000,2024000,1452000]",782,15780000
14,67,8,"[795,484,799,804,818,659,546,504]","[2255000,1385000,2250000,2307000,2383000,1978000,1626000,1460000]",818,15644000
14,68,8,"[668,692,756,714,789,731,592,724]","[1921000,1956000,2161000,2114000,2262000,2097000,1715000,1986000]",789,16212000
14,69,8,"[573,707,770,716,709,755,578,716]","[1692000,2006000,2223000,2105000,2015000,2173000,1652000,2092000]",770,15958000
14,70,8,"[807,527,774,730,813,765,609,474]","[2292000,1507000,2169000,2096000,2381000,2184000,1841000,1342000]",813,15812000
14,71,8,"[710,526,765,782,766,715,740,477]","[2097000,1501000,2166000,2256000,2234000,2061000,2128000,1347000]",782,15790000
14,72,8,"[668,661,749,738,739,699,582,709]","[1925000,1869000,2126000,2183000,2117000,2001000,1655000,2051000]",749,15927000
14,73,8,"[644,651,740,713,772,818,585,662]","[1861000,1918000,2107000,2100000,2185000,2380000,1682000,1843000]",818,16076000
14,74,8,"[657,573,717,737,757,740,651,759]","[1901000,1663000,2056000,2179000,2168000,2120000,1862000,2104000]",759,16053000
14,75,8,"[662,666,701,731,717,753,659,750]","[1910000,1875000,1991000,2167000,2033000,2165000,1877000,2118000]",753,16136000
14,76,8,"[730,436,819,711,862,759,517,490]","[2141000,1274000,2326000,2067000,2552000,2133000,1529000,1420000]",862,15442000
14,77,8,"[787,613,717,794,738,666,725,475]","[2276000,1702000,2030000,2330000,2194000,1901000,2029000,1344000]",794,15806000
14,78,8,"[661,699,755,711,743,736,607,756]","[1910000,1970000,2173000,2101000,2109000,2104000,1745000,2098000]",756,16210000
14,79,8,"[665,693,720,758,674,699,593,690]","[1921000,1936000,2027000,2208000,1914000,1999000,1682000,1972000]",758,15659000
14,80,8,"[798,464,796,781,823,768,550,498]","[2270000,1347000,2246000,2258000,2376000,2205000,1637000,1465000]",823,15804000
14,81,8,"[603,709,772,706,712,675,584,715]","[1743000,2010000,2202000,2087000,2022000,2007000,1653000,2084000]",772,15808000
14,82,8,"[708,532,763,835,720,713,748,491]","[2088000,1520000,2149000,2413000,2073000,2043000,2123000,1386000]",835,15795000
14,83,8,"[787,602,733,797,707,671,720,468]","[2274000,1677000,2097000,2351000,2104000,1912000,2002000,1305000]",797,15722000
14,84,8,"[666,664,742,690,756,762,613,756]","[1919000,1871000,2093000,2027000,2143000,2206000,1747000,2133000]",762,16139000
14,85,8,"[709,531,758,790,759,629,745,476]","[2083000,1511000,2134000,2269000,2223000,1896000,2133000,1345000]",790,15594000
14,86,8,"[652,639,725,734,748,733,673,730]","[1883000,1793000,2058000,2177000,2156000,2105000,1916000,2045000]",748,16133000
14,87,8,"[661,669,737,739,741,709,608,750]","[1910000,1867000,2088000,2192000,2093000,2047000,1733000,2121000]",750,16051000
14,88,8,"[793,525,756,783,766,769,608,516]","[2261000,1503000,2119000,2255000,2228000,2204000,1847000,1459000]",793,15876000
14,89,8,"[750,621,710,759,753,728,657,758]","[2177000,1723000,2025000,2231000,2163000,2078000,1888000,2116000]",759,16401000
14,90,8,"[711,519,765,815,769,732,713,493]","[2007000,1488000,2153000,2342000,2233000,2107000,2072000,1372000]",815,15774000
15,1,8,"[649,640,475,679,728,766,765,776]","[1864000,1784000,1385000,1876000,2098000,2195000,2143000,2198000]",776,15543000
15,2,8,"[761,564,487,724,682,784,630,770]","[2144000,1599000,1415000,2073000,1928000,2225000,1790000,2220000]",784,15394000
15,3,8,"[657,660,506,687,772,771,703,774]","[1891000,1848000,1438000,1958000,2194000,2193000,1948000,2200000]",774,15670000
15,4,8,"[647,573,571,742,699,777,595,782]","[1837000,1596000,1634000,2062000,2022000,2242000,1692000,2247000]",782,15332000
15,5,8,"[749,733,750,696,720,739,655,626]","[2073000,2118000,2118000,1942000,2002000,2123000,1847000,1891000]",750,16114000
15,6,8,"[746,712,752,687,723,744,658,628]","[2074000,2069000,2122000,1933000,2013000,2145000,1857000,1895000]",752,16108000
15,7,8,"[572,753,637,764,770,773,718,632]","[1628000,2092000,1856000,2139000,2206000,2212000,2051000,1798000]",773,15982000
15,8,8,"[684,568,485,736,588,715,718,823]","[1948000,1612000,1386000,2082000,1661000,2057000,2072000,2361000]",823,15179000
15,9,8,"[665,578,607,778,751,777,629,665]","[1901000,1674000,1763000,2148000,2103000,2220000,1802000,1954000]",778,15565000
15,10,8,"[785,647,625,742,698,766,682,511]","[2215000,1768000,1856000,2101000,1993000,2188000,1970000,1454000]",785,15545000
15,11,8,"[721,711,764,670,711,744,668,672]","[2028000,2065000,2138000,1907000,1972000,2122000,1862000,1959000]",764,16053000
15,12,8,"[631,766,513,778,772,565,778,577]","[1785000,2144000,1477000,2193000,2156000,1587000,2261000,1574000]",778,15177000
15,13,8,"[631,813,513,775,776,565,721,578]","[1769000,2298000,1477000,2187000,2173000,1587000,2081000,1576000]",813,15148000
15,14,8,"[649,640,475,679,728,766,765,776]","[1864000,1784000,1385000,1876000,2098000,2195000,2143000,2198000]",776,15543000
15,15,8,"[749,718,755,628,711,745,717,642]","[2085000,2076000,2128000,1748000,2025000,2139000,2015000,1921000]",755,16137000
15,16,8,"[744,723,707,751,736,690,747,693]","[2079000,2104000,2032000,2148000,2064000,1959000,2078000,2007000]",751,16471000
15,17,8,"[715,545,633,753,743,775,641,770]","[2001000,1489000,1759000,2126000,2120000,2201000,1837000,2249000]",775,15782000
15,18,8,"[721,645,682,785,649,752,670,598]","[2034000,1766000,2036000,2230000,1880000,2118000,1935000,1645000]",785,15644000
15,19,8,"[811,735,513,768,622,700,624,751]","[2225000,2038000,1462000,2101000,1752000,2039000,1719000,2121000]",811,15457000
15,20,8,"[786,650,626,776,700,734,680,514]","[2219000,1776000,1858000,2195000,1997000,2090000,1959000,1463000]",786,15557000
15,21,8,"[712,718,774,672,701,750,662,674]","[1994000,2078000,2185000,1908000,1946000,2151000,1865000,1968000]",774,16095000
15,22,8,"[687,568,485,733,721,716,652,827]","[1958000,1612000,1386000,2077000,2016000,2057000,1847000,2353000]",827,15306000
15,23,8,"[810,734,507,759,640,748,613,745]","[2216000,2040000,1444000,2095000,1817000,2146000,1689000,2130000]",810,15577000
15,24,8,"[810,734,514,779,622,749,626,746]","[2214000,2034000,1464000,2136000,1754000,2157000,1712000,2135000]",810,15606000
15,25,8,"[741,736,755,695,719,724,658,738]","[2056000,2139000,2130000,1960000,1991000,2092000,1854000,2137000]",755,16359000
15,26,8,"[745,724,706,752,673,691,748,694]","[2081000,2104000,2033000,2164000,1940000,1961000,2083000,2007000]",752,16373000
15,27,8,"[701,587,491,781,704,718,769,774]","[2012000,1679000,1406000,2221000,1975000,2059000,2183000,2196000]",781,15731000
15,28,8,"[627,765,514,840,768,525,785,578]","[1767000,2151000,1481000,2371000,2121000,1500000,2293000,1586000]",840,15270000
15,29,8,"[667,661,502,639,771,769,758,778]","[1926000,1846000,1437000,1799000,2190000,2193000,2128000,2206000]",778,15725000
15,30,8,"[653,578,573,743,769,721,586,782]","[1862000,1632000,1636000,2058000,2182000,2068000,1661000,2248000]",782,15347000
15,31,8,"[665,634,600,779,751,777,639,682]","[1892000,1749000,1749000,2121000,2109000,2222000,1811000,1998000]",779,15651000
15,32,8,"[695,717,755,746,705,737,740,667]","[1960000,2085000,2128000,2113000,1978000,2116000,2059000,1924000]",755,16363000
15,33,8,"[760,565,487,723,653,784,630,791]","[2129000,1604000,1415000,2068000,1859000,2225000,1790000,2280000]",791,15370000
15,34,8,"[711,526,616,787,693,790,697,665]","[1959000,1451000,1729000,2228000,1962000,2244000,1995000,1861000]",790,15429000
15,35,8,"[635,739,505,838,776,498,791,628]","[1783000,2044000,1433000,2378000,2164000,1397000,2325000,1731000]",838,15255000
15,36,8,"[651,582,572,739,721,776,583,785]","[1861000,1648000,1633000,2055000,2059000,2248000,1651000,2255000]",785,15410000
15,37,8,"[820,642,492,767,721,740,615,671]","[2271000,1782000,1460000,2081000,2044000,2118000,1682000,1959000]",820,15397000
15,38,8,"[749,738,757,747,704,739,742,680]","[2095000,2135000,2132000,2110000,1973000,2129000,2062000,1963000]",757,16599000
15,39,8,"[710,585,476,793,697,724,762,758]","[2033000,1658000,1393000,2248000,1949000,2071000,2145000,2139000]",793,15636000
15,40,8,"[572,755,612,764,770,778,719,635]","[1627000,2109000,1792000,2141000,2209000,2213000,2055000,1813000]",778,15959000
15,41,8,"[822,655,515,746,714,740,663,699]","[2267000,1805000,1514000,2058000,2008000,2113000,1811000,2007000]",822,15583000
15,42,8,"[764,664,569,641,718,812,750,786]","[2170000,1921000,1577000,1817000,2008000,2297000,2145000,2179000]",812,16114000
15,43,8,"[641,543,601,805,736,643,638,749]","[1755000,1450000,1681000,2283000,2108000,1775000,1814000,2146000]",805,15012000
15,44,8,"[682,622,676,794,704,665,669,677]","[1909000,1716000,1954000,2251000,2002000,1920000,1824000,1939000]",794,15515000
15,45,8,"[734,617,501,719,760,749,739,707]","[2095000,1673000,1457000,1982000,2128000,2150000,2057000,2035000]",760,15577000
15,46,8,"[743,819,627,735,777,795,652,677]","[2117000,2337000,1787000,2050000,2304000,2275000,1817000,1975000]",819,16662000
15,47,8,"[840,742,699,701,716,974,656,613]","[2313000,2154000,1956000,1986000,2004000,2728000,1856000,1762000]",974,16759000
15,48,8,"[663,626,532,731,726,819,787,790]","[1906000,1715000,1515000,2017000,2090000,2332000,2180000,2246000]",819,16001000
15,49,8,"[647,581,572,736,770,718,583,775]","[1836000,1639000,1637000,2051000,2190000,2051000,1646000,2226000]",775,15276000
15,50,8,"[865,696,778,832,721,615,730,672]","[2573000,2108000,2238000,2385000,2039000,1754000,2115000,1967000]",865,17179000
15,51,8,"[635,641,494,683,732,816,772,735]","[1827000,1776000,1441000,1906000,2111000,2331000,2170000,2045000]",816,15607000
15,52,8,"[721,696,521,718,752,749,698,779]","[2018000,1950000,1495000,2000000,2124000,2118000,1990000,2246000]",779,15941000
15,53,8,"[649,619,472,759,739,767,761,780]","[1867000,1698000,1390000,2090000,2148000,2209000,2143000,2215000]",780,15760000
15,54,8,"[590,524,643,813,722,893,527,681]","[1689000,1467000,1798000,2304000,2022000,2556000,1484000,1943000]",893,15263000
15,55,8,"[680,824,602,733,714,737,713,691]","[1935000,2338000,1696000,2045000,2068000,2119000,1988000,2018000]",824,16207000
15,56,8,"[645,631,570,690,781,728,556,784]","[1858000,1718000,1635000,1905000,2244000,2078000,1620000,2313000]",784,15371000
15,57,8,"[815,712,505,661,703,789,666,694]","[2253000,1957000,1487000,1803000,1996000,2252000,1818000,1988000]",815,15554000
15,58,8,"[643,664,500,639,721,817,783,760]","[1827000,1822000,1461000,1788000,2077000,2324000,2172000,2169000]",817,15640000
15,59,8,"[601,789,668,764,716,811,707,813]","[1702000,2191000,1910000,2160000,2038000,2342000,1998000,2347000]",813,16688000
15,60,8,"[710,837,648,691,710,774,688,793]","[2066000,2461000,1830000,1977000,2026000,2221000,1906000,2321000]",837,16808000
15,61,8,"[728,779,567,815,768,791,650,599]","[2085000,2192000,1616000,2313000,2118000,2209000,1827000,1651000]",815,16011000
15,62,8,"[589,672,553,702,761,765,835,740]","[1686000,1924000,1604000,1925000,2173000,2185000,2348000,2056000]",835,15901000
15,63,8,"[741,844,694,649,718,739,658,628]","[2058000,2454000,1943000,1818000,1997000,2123000,1849000,1896000]",844,16138000
15,64,8,"[750,649,654,760,766,773,703,802]","[2126000,1791000,1909000,2112000,2189000,2199000,1998000,2280000]",802,16604000
15,65,8,"[825,695,512,716,717,689,618,756]","[2266000,1927000,1497000,1963000,2010000,2010000,1699000,2116000]",825,15488000
15,66,8,"[669,640,470,678,743,767,742,775]","[1914000,1779000,1380000,1874000,2142000,2200000,2050000,2186000]",775,15525000
15,67,8,"[762,570,488,725,641,784,633,755]","[2128000,1603000,1417000,2072000,1861000,2223000,1796000,2181000]",784,15281000
15,68,8,"[666,667,502,695,774,771,733,750]","[1912000,1857000,1452000,1967000,2193000,2204000,2056000,2079000]",774,15720000
15,69,8,"[657,490,579,733,713,774,599,773]","[1860000,1438000,1660000,2048000,2067000,2227000,1692000,2229000]",774,15221000
15,70,8,"[763,718,750,686,721,742,657,626]","[2098000,2086000,2114000,1937000,2000000,2141000,1850000,1893000]",763,16119000
15,71,8,"[741,728,762,649,727,742,651,626]","[2061000,2125000,2148000,1852000,2010000,2136000,1842000,1887000]",762,16061000
15,72,8,"[571,755,675,682,763,768,719,634]","[1606000,2108000,1970000,1949000,2181000,2203000,2053000,1812000]",768,15882000
15,73,8,"[686,580,488,730,586,719,712,827]","[1950000,1638000,1401000,2077000,1661000,2058000,2051000,2374000]",827,15210000
15,74,8,"[665,578,611,775,620,774,698,665]","[1901000,1674000,1783000,2133000,1748000,2214000,2033000,1955000]",775,15441000
15,75,8,"[785,649,625,749,702,772,688,513]","[2215000,1768000,1856000,2130000,2000000,2203000,1947000,1464000]",785,15583000
15,76,8,"[713,721,755,673,705,735,663,628]","[2020000,2077000,2122000,1916000,1958000,2112000,1841000,1910000]",755,15956000
15,77,8,"[627,764,513,780,776,571,780,579]","[1767000,2140000,1479000,2208000,2166000,1611000,2269000,1581000]",780,15221000
15,78,8,"[631,813,513,775,776,565,721,578]","[1763000,2298000,1477000,2193000,2173000,1587000,2081000,1576000]",813,15148000
15,79,8,"[649,640,475,679,728,766,765,776]","[1864000,1784000,1385000,1879000,2098000,2198000,2143000,2198000]",776,15549000
15,80,8,"[750,730,720,626,717,766,718,639]","[2094000,2120000,2040000,1734000,2037000,2201000,2022000,1930000]",766,16178000
15,81,8,"[785,724,707,674,737,686,743,690]","[2205000,2109000,2032000,1912000,2069000,1954000,2065000,1999000]",785,16345000
15,82,8,"[706,544,639,778,740,727,640,747]","[1987000,1493000,1770000,2198000,2113000,2095000,1835000,2168000]",778,15659000
15,83,8,"[725,643,687,779,653,747,671,587]","[2052000,1756000,2046000,2205000,1894000,2113000,1945000,1613000]",779,15624000
15,84,8,"[811,735,519,786,627,702,625,668]","[2222000,2046000,1465000,2163000,1770000,2067000,1716000,1966000]",811,15415000
15,85,8,"[786,680,626,775,696,736,603,511]","[2219000,1879000,1854000,2193000,1983000,2102000,1756000,1455000]",786,15441000
15,86,8,"[713,722,764,676,627,744,663,666]","[1999000,2097000,2153000,1921000,1830000,2124000,1862000,1954000]",764,15940000
15,87,8,"[710,569,499,744,722,718,653,809]","[2033000,1595000,1435000,2115000,2033000,2067000,1849000,2322000]",809,15449000
15,88,8,"[809,731,509,763,636,737,615,671]","[2222000,2031000,1457000,2098000,1784000,2107000,1693000,1978000]",809,15370000
15,89,8,"[795,733,513,786,623,749,626,748]","[2172000,2029000,1459000,2147000,1759000,2157000,1712000,2139000]",795,15574000
15,90,8,"[769,734,755,686,716,716,664,747]","[2138000,2125000,2146000,1927000,1992000,2067000,1874000,2177000]",769,16446000
16,1,8,"[478,611,694,691,784,734,658,710]","[1366000,1818000,2042000,1893000,2230000,2158000,1825000,2051000]",784,15383000
16,2,8,"[478,610,694,691,776,727,657,741]","[1370000,1823000,2042000,1902000,2214000,2125000,1818000,2146000]",776,15440000
16,3,8,"[475,614,759,733,719,740,652,702]","[1364000,1814000,2178000,2021000,2065000,2170000,1805000,2037000]",759,15454000
16,4,8,"[748,684,778,583,687,704,741,654]","[2163000,1908000,2177000,1605000,1900000,1998000,2102000,1808000]",778,15661000
16,5,8,"[770,654,764,692,678,790,721,709]","[2131000,1899000,2137000,1928000,1879000,2194000,2093000,2038000]",790,16299000
16,6,8,"[473,610,767,688,704,739,652,770]","[1360000,1817000,2208000,1889000,2008000,2169000,1800000,2240000]",770,15491000
16,7,8,"[770,666,770,700,674,785,784,710]","[2131000,1912000,2141000,1956000,1873000,2188000,2205000,2047000]",785,16453000
16,8,8,"[557,792,734,684,697,643,687,740]","[1602000,2193000,2212000,1961000,1932000,1805000,1927000,2136000]",792,15768000
16,9,8,"[476,614,759,701,781,742,656,704]","[1366000,1828000,2178000,1921000,2227000,2174000,1815000,2045000]",781,15554000
16,10,8,"[771,660,764,701,675,790,724,712]","[2136000,1913000,2137000,1955000,1872000,2192000,2100000,2047000]",790,16352000
16,11,8,"[615,685,780,636,776,733,685,701]","[1769000,1940000,2300000,1877000,2218000,2066000,1922000,2021000]",780,16113000
16,12,8,"[746,791,662,681,802,641,498,697]","[2126000,2296000,1858000,1938000,2227000,1884000,1398000,2006000]",802,15733000
16,13,8,"[567,785,677,625,771,600,649,824]","[1644000,2171000,2029000,1789000,2181000,1717000,1802000,2402000]",824,15735000
16,14,8,"[423,1170,922,442,951,321,938,273]","[1185000,3456000,2579000,1256000,2784000,876000,2718000,763000]",1170,15617000
16,15,8,"[782,786,657,638,782,777,476,706]","[2169000,2319000,1844000,1842000,2180000,2193000,1330000,2026000]",786,15903000
16,16,8,"[768,668,768,696,670,791,781,664]","[2131000,1940000,2141000,1947000,1862000,2196000,2201000,1961000]",791,16379000
16,17,8,"[730,693,832,583,638,755,747,544]","[2137000,1936000,2338000,1628000,1780000,2157000,2123000,1551000]",832,15650000
16,18,8,"[420,814,675,745,772,654,863,567]","[1217000,2292000,2001000,2151000,2167000,1857000,2421000,1579000]",863,15685000
16,19,8,"[776,782,667,695,788,778,482,704]","[2150000,2311000,1865000,1963000,2196000,2185000,1342000,2013000]",788,16025000
16,20,8,"[548,792,734,680,659,694,729,720]","[1562000,2180000,2214000,1943000,1831000,1927000,2054000,2068000]",792,15779000
16,21,8,"[598,679,776,707,772,735,681,694]","[1669000,1935000,2293000,1986000,2176000,2068000,1914000,2006000]",776,16047000
16,22,8,"[419,899,644,689,771,646,866,567]","[1203000,2539000,1879000,1988000,2169000,1826000,2413000,1581000]",899,15598000
16,23,8,"[730,695,824,580,685,756,748,514]","[2134000,1945000,2320000,1608000,1902000,2157000,2129000,1460000]",824,15655000
16,24,8,"[702,723,831,599,576,689,761,622]","[1982000,2079000,2451000,1737000,1576000,1942000,2100000,1726000]",831,15593000
16,25,8,"[421,898,638,678,853,600,811,572]","[1210000,2540000,1865000,1955000,2414000,1677000,2291000,1592000]",898,15544000
16,26,8,"[621,681,674,730,788,745,482,795]","[1889000,1914000,1911000,2049000,2190000,2096000,1348000,2314000]",795,15711000
16,27,8,"[423,1168,929,444,950,317,944,273]","[1183000,3448000,2611000,1254000,2772000,865000,2733000,763000]",1168,15629000
16,28,8,"[496,738,747,592,699,708,731,791]","[1460000,2040000,2258000,1722000,1953000,1973000,2049000,2284000]",791,15739000
16,29,8,"[420,814,682,737,772,662,864,562]","[1209000,2286000,2024000,2118000,2177000,1878000,2417000,1569000]",864,15678000
16,30,8,"[782,720,663,706,733,755,736,651]","[2289000,2037000,1916000,1982000,2059000,2150000,2086000,1881000]",782,16400000
16,31,8,"[596,684,779,708,772,732,681,694]","[1663000,1944000,2305000,1986000,2183000,2062000,1914000,2009000]",779,16066000
16,32,8,"[507,739,749,592,699,698,731,791]","[1491000,2040000,2272000,1722000,1958000,1935000,2064000,2284000]",791,15766000
16,33,8,"[551,794,735,680,660,696,724,723]","[1568000,2181000,2216000,1953000,1824000,1937000,2035000,2071000]",794,15785000
16,34,8,"[618,685,780,636,776,733,685,701]","[1778000,1943000,2300000,1877000,2218000,2063000,1922000,2025000]",780,16126000
16,35,8,"[423,1177,920,444,951,283,943,313]","[1183000,3477000,2590000,1260000,2772000,756000,2726000,894000]",1177,15658000
16,36,8,"[376,1022,673,657,881,581,834,481]","[1083000,2935000,1944000,1872000,2477000,1621000,2385000,1346000]",1022,15663000
16,37,8,"[595,770,751,630,742,798,783,766]","[1631000,2238000,2252000,1791000,2118000,2274000,2169000,2198000]",798,16671000
16,38,8,"[789,704,712,700,730,762,691,654]","[2318000,1991000,2057000,1960000,2051000,2179000,1972000,1890000]",789,16418000
16,39,8,"[386,1024,669,709,820,587,826,487]","[1112000,2945000,1938000,2009000,2301000,1649000,2369000,1379000]",1024,15702000
16,40,8,"[789,724,665,700,734,747,744,653]","[2301000,2056000,1920000,1953000,2067000,2140000,2101000,1884000]",789,16422000
16,41,8,"[364,1147,702,599,912,493,938,358]","[1046000,3331000,2018000,1694000,2558000,1355000,2676000,998000]",1147,15676000
16,42,8,"[802,759,737,629,652,705,745,789]","[2231000,2242000,2062000,1730000,1774000,1967000,2153000,2286000]",802,16445000
16,43,8,"[636,644,661,712,738,707,901,903]","[1855000,1780000,1839000,1963000,2036000,1965000,2450000,2688000]",903,16576000
16,44,8,"[751,671,654,636,684,780,806,724]","[2173000,1918000,1875000,1836000,1900000,2172000,2264000,2070000]",806,16208000
16,45,8,"[804,755,735,630,757,699,693,758]","[2239000,2230000,2075000,1734000,2092000,1953000,1964000,2191000]",804,16478000
16,46,8,"[629,737,762,692,664,689,773,564]","[1810000,2151000,2146000,1930000,1909000,1948000,2154000,1616000]",773,15664000
16,47,8,"[487,786,704,712,803,711,808,634]","[1381000,2211000,2083000,2074000,2253000,1992000,2241000,1784000]",808,16019000
16,48,8,"[775,623,777,647,694,753,700,604]","[2230000,1771000,2171000,1785000,1909000,2153000,1995000,1673000]",777,15687000
16,49,8,"[570,792,786,672,729,722,629,696]","[1599000,2179000,2364000,1932000,2009000,2009000,1765000,1991000]",792,15848000
16,50,8,"[453,689,693,741,713,725,710,679]","[1289000,1998000,2031000,2025000,2051000,2122000,1976000,1950000]",741,15442000
16,51,8,"[634,987,931,572,860,494,754,639]","[1791000,2855000,2588000,1658000,2473000,1423000,2165000,1851000]",987,16804000
16,52,8,"[506,1180,857,539,701,612,713,633]","[1491000,3333000,2507000,1502000,1976000,1708000,2026000,1757000]",1180,16300000
16,53,8,"[690,908,613,878,803,646,544,760]","[2059000,2535000,1728000,2491000,2255000,1833000,1526000,2191000]",908,16618000
16,54,8,"[589,727,832,607,668,706,683,712]","[1645000,2060000,2396000,1761000,1886000,1950000,1942000,2041000]",832,15681000
16,55,8,"[476,619,692,732,719,742,692,672]","[1366000,1829000,2030000,2016000,2053000,2181000,1922000,1931000]",742,15328000
16,56,8,"[703,720,832,639,593,658,731,635]","[1975000,2076000,2454000,1828000,1655000,1825000,2017000,1777000]",832,15607000
16,57,8,"[450,888,639,722,815,641,755,571]","[1287000,2535000,1866000,2101000,2256000,1771000,2154000,1605000]",888,15575000
16,58,8,"[609,971,927,496,823,598,765,499]","[1764000,2766000,2622000,1391000,2342000,1692000,2176000,1448000]",971,16201000
16,59,8,"[653,1031,738,724,811,623,730,686]","[1968000,2965000,2150000,2015000,2242000,1744000,2123000,1953000]",1031,17160000
16,60,8,"[681,643,583,754,772,686,716,725]","[2032000,1908000,1630000,2080000,2117000,1974000,2005000,2089000]",772,15835000
16,61,8,"[752,732,801,627,718,657,723,733]","[2130000,2120000,2333000,1794000,1981000,1861000,1996000,2063000]",801,16278000
16,62,8,"[527,795,799,615,706,621,731,723]","[1519000,2270000,2376000,1793000,1945000,1765000,2054000,2091000]",799,15813000
16,63,8,"[746,825,706,651,570,641,734,670]","[2113000,2350000,2118000,1866000,1597000,1793000,2025000,1850000]",825,15712000
16,64,8,"[599,736,703,757,678,649,683,756]","[1713000,2063000,2089000,2192000,1918000,1832000,1963000,2121000]",757,15891000
16,65,8,"[565,782,707,713,706,683,583,775]","[1625000,2172000,2105000,2039000,2006000,1948000,1636000,2251000]",782,15782000
16,66,8,"[475,612,699,692,788,737,654,711]","[1364000,1818000,2047000,1894000,2253000,2164000,1811000,2056000]",788,15407000
16,67,8,"[482,610,695,692,785,727,653,741]","[1376000,1823000,2037000,1902000,2239000,2125000,1808000,2146000]",785,15456000
16,68,8,"[473,612,762,731,655,740,654,766]","[1360000,1814000,2190000,2014000,1857000,2174000,1804000,2219000]",766,15432000
16,69,8,"[748,698,743,587,694,697,728,648]","[2165000,1966000,2078000,1639000,1937000,1988000,2080000,1809000]",748,15662000
16,70,8,"[772,694,765,691,682,797,722,661]","[2137000,2020000,2133000,1927000,1893000,2233000,2095000,1913000]",797,16351000
16,71,8,"[467,609,760,703,708,739,652,769]","[1338000,1809000,2175000,1925000,2005000,2174000,1798000,2225000]",769,15449000
16,72,8,"[768,661,714,703,682,870,781,709]","[2131000,1910000,1986000,1946000,1888000,2412000,2211000,2036000]",870,16520000
16,73,8,"[555,789,730,691,702,646,682,734]","[1598000,2184000,2201000,1982000,1942000,1815000,1911000,2113000]",789,15746000
16,74,8,"[448,613,754,697,789,741,655,701]","[1316000,1832000,2156000,1906000,2265000,2177000,1807000,2035000]",789,15494000
16,75,8,"[772,654,685,693,679,795,725,769]","[2129000,1896000,1898000,1938000,1878000,2211000,2102000,2252000]",795,16304000
16,76,8,"[606,681,775,659,772,734,669,710]","[1702000,1955000,2280000,1932000,2183000,2065000,1864000,2053000]",775,16034000
16,77,8,"[784,791,659,688,765,635,501,698]","[2230000,2294000,1848000,1963000,2108000,1876000,1413000,2005000]",791,15737000
16,78,8,"[569,789,679,628,729,602,682,826]","[1648000,2179000,2033000,1790000,2064000,1717000,1903000,2412000]",826,15746000
16,79,8,"[421,1170,922,442,951,325,938,273]","[1178000,3456000,2579000,1256000,2784000,887000,2718000,763000]",1170,15621000
16,80,8,"[787,786,661,637,782,746,475,728]","[2181000,2306000,1852000,1848000,2181000,2104000,1334000,2119000]",787,15925000
16,81,8,"[777,667,766,726,677,760,788,667]","[2148000,1932000,2153000,2019000,1888000,2109000,2221000,1967000]",788,16437000
16,82,8,"[799,692,828,583,640,635,747,542]","[2362000,1918000,2333000,1618000,1778000,1853000,2126000,1550000]",828,15538000
16,83,8,"[418,813,682,703,772,700,862,562]","[1214000,2286000,2020000,2003000,2177000,2009000,2411000,1569000]",862,15689000
16,84,8,"[775,782,664,697,823,740,482,704]","[2148000,2311000,1859000,1966000,2304000,2082000,1342000,2013000]",823,16025000
16,85,8,"[551,790,729,686,658,697,720,725]","[1568000,2170000,2201000,1965000,1829000,1942000,2025000,2068000]",790,15768000
16,86,8,"[549,687,781,718,761,732,698,694]","[1599000,1961000,2293000,2030000,2137000,2068000,1968000,2006000]",781,16062000
16,87,8,"[427,898,638,682,769,649,871,569]","[1228000,2552000,1861000,1969000,2165000,1829000,2439000,1585000]",898,15628000
16,88,8,"[734,689,826,597,677,727,744,514]","[2151000,1918000,2323000,1656000,1879000,2078000,2121000,1476000]",826,15602000
16,89,8,"[702,723,831,599,578,689,757,625]","[1976000,2079000,2451000,1737000,1580000,1939000,2102000,1732000]",831,15596000
16,90,8,"[414,898,638,681,852,603,812,570]","[1197000,2540000,1860000,1966000,2412000,1682000,2293000,1588000]",898,15538000
17,1,8,"[659,813,583,652,677,491,713,752]","[1842000,2340000,1725000,1978000,2014000,1375000,2072000,2141000]",813,15487000
17,2,8,"[675,659,711,713,600,544,708,714]","[1899000,1963000,2072000,2176000,1774000,1540000,2028000,2057000]",714,15509000
17,3,8,"[434,1044,513,655,727,535,559,814]","[1201000,3115000,1578000,2062000,2072000,1502000,1608000,2385000]",1044,15523000
17,4,8,"[651,896,555,677,603,549,656,741]","[1827000,2632000,1642000,2047000,1749000,1555000,1877000,2121000]",896,15450000
17,5,8,"[428,1034,509,662,726,529,602,832]","[1180000,3095000,1573000,2072000,2076000,1486000,1717000,2426000]",1034,15625000
17,6,8,"[662,661,708,713,658,544,711,713]","[1855000,1970000,2047000,2171000,1924000,1542000,2034000,2034000]",713,15577000
17,7,8,"[428,1035,561,606,617,661,617,770]","[1183000,3101000,1728000,1908000,1735000,1847000,1768000,2254000]",1035,15524000
17,8,8,"[433,1045,638,667,719,532,483,741]","[1202000,3128000,1918000,2096000,2041000,1490000,1395000,2119000]",1045,15389000
17,9,8,"[438,1108,509,657,729,521,555,765]","[1198000,3319000,1573000,2072000,2082000,1461000,1608000,2208000]",1108,15521000
17,10,8,"[427,1109,492,660,726,489,596,780]","[1175000,3317000,1538000,2076000,2058000,1398000,1693000,2246000]",1109,15501000
17,11,8,"[434,1036,563,687,772,537,557,752]","[1200000,3099000,1728000,2106000,2151000,1518000,1602000,2203000]",1036,15607000
17,12,8,"[664,806,576,715,649,542,712,714]","[1858000,2336000,1701000,2174000,1898000,1534000,2030000,2042000]",806,15573000
17,13,8,"[461,1104,492,667,720,518,546,776]","[1286000,3315000,1529000,2094000,2036000,1453000,1566000,2237000]",1104,15516000
17,14,8,"[660,657,712,713,658,557,715,717]","[1849000,1953000,2072000,2171000,1921000,1574000,2037000,2048000]",717,15625000
17,15,8,"[461,1104,492,667,720,518,546,776]","[1286000,3315000,1529000,2094000,2036000,1453000,1566000,2237000]",1104,15516000
17,16,8,"[649,936,553,663,603,549,649,739]","[1817000,2733000,1632000,2040000,1749000,1555000,1838000,2119000]",936,15483000
17,17,8,"[428,1035,561,609,619,661,639,756]","[1183000,3103000,1728000,1923000,1742000,1847000,1836000,2206000]",1035,15568000
17,18,8,"[432,1017,509,664,734,540,598,837]","[1187000,3036000,1573000,2078000,2089000,1517000,1704000,2451000]",1017,15635000
17,19,8,"[654,821,578,656,687,496,718,752]","[1812000,2353000,1690000,2006000,2036000,1388000,2091000,2149000]",821,15525000
17,20,8,"[657,931,555,676,578,540,693,716]","[1836000,2708000,1645000,2066000,1676000,1531000,1996000,2046000]",931,15504000
17,21,8,"[657,812,575,698,652,542,703,714]","[1833000,2356000,1701000,2161000,1907000,1534000,1995000,2042000]",812,15529000
17,22,8,"[680,898,555,682,606,554,661,710]","[1906000,2637000,1635000,2053000,1751000,1557000,1902000,2030000]",898,15471000
17,23,8,"[662,717,582,775,654,545,707,709]","[1841000,2059000,1714000,2415000,1917000,1534000,2009000,2032000]",775,15521000
17,24,8,"[429,1107,491,660,728,542,594,712]","[1178000,3324000,1514000,2068000,2067000,1550000,1689000,2048000]",1107,15438000
17,25,8,"[465,1107,509,657,725,469,556,775]","[1284000,3321000,1573000,2072000,2071000,1324000,1606000,2221000]",1107,15472000
17,26,8,"[461,807,661,739,679,772,756,650]","[1353000,2233000,1849000,2229000,1914000,2222000,2145000,1864000]",807,15809000
17,27,8,"[777,666,757,738,630,753,641,770]","[2178000,1939000,2126000,2104000,1827000,2108000,1836000,2254000]",777,16372000
17,28,8,"[459,809,668,735,655,772,754,648]","[1352000,2243000,1867000,2224000,1870000,2219000,2141000,1861000]",809,15777000
17,29,8,"[684,634,739,727,637,589,643,802]","[1931000,1829000,2048000,2058000,1867000,1712000,1763000,2427000]",802,15635000
17,30,8,"[681,665,760,740,668,741,741,762]","[1954000,1939000,2135000,2123000,1942000,2102000,2063000,2226000]",762,16484000
17,31,8,"[652,898,558,678,616,550,657,744]","[1829000,2641000,1651000,2052000,1782000,1562000,1881000,2129000]",898,15527000
17,32,8,"[781,690,759,734,592,741,737,763]","[2181000,1984000,2134000,2100000,1738000,2095000,2057000,2225000]",781,16514000
17,33,8,"[429,1107,491,673,725,542,594,712]","[1178000,3324000,1514000,2094000,2052000,1550000,1689000,2048000]",1107,15449000
17,34,8,"[684,788,637,720,633,631,700,738]","[1902000,2265000,1885000,2180000,1807000,1774000,1997000,2147000]",788,15957000
17,35,8,"[682,689,710,779,668,771,693,766]","[1899000,2002000,1981000,2228000,1923000,2220000,1927000,2246000]",779,16426000
17,36,8,"[433,1091,572,635,698,582,603,712]","[1202000,3267000,1771000,1966000,1972000,1647000,1713000,2091000]",1091,15629000
17,37,8,"[658,794,589,696,677,589,708,713]","[1842000,2264000,1737000,2127000,2005000,1650000,1990000,2046000]",794,15661000
17,38,8,"[657,896,561,677,603,562,661,740]","[1847000,2640000,1642000,2047000,1749000,1579000,1902000,2117000]",896,15523000
17,39,8,"[659,857,589,721,604,508,699,740]","[1830000,2468000,1738000,2182000,1751000,1415000,2015000,2125000]",857,15524000
17,40,8,"[428,1105,494,663,716,527,598,774]","[1180000,3315000,1538000,2074000,2032000,1484000,1697000,2235000]",1105,15555000
17,41,8,"[583,809,554,715,668,662,662,894]","[1565000,2377000,1682000,2150000,1948000,1832000,1883000,2670000]",894,16107000
17,42,8,"[620,1027,575,692,671,597,629,625]","[1723000,2987000,1716000,2092000,1894000,1664000,1810000,1786000]",1027,15672000
17,43,8,"[425,1038,631,565,708,650,638,776]","[1177000,3106000,1890000,1784000,1959000,1818000,1833000,2238000]",1038,15805000
17,44,8,"[579,1057,660,555,711,668,663,833]","[1608000,3011000,1929000,1743000,1986000,1873000,1878000,2365000]",1057,16393000
17,45,8,"[658,760,593,731,661,631,643,718]","[1822000,2175000,1737000,2267000,1935000,1762000,1826000,2059000]",760,15583000
17,46,8,"[515,883,651,605,690,720,627,775]","[1407000,2612000,1987000,1911000,1926000,2018000,1815000,2250000]",883,15926000
17,47,8,"[651,801,588,736,670,581,650,713]","[1803000,2297000,1757000,2282000,1942000,1624000,1833000,2046000]",801,15584000
17,48,8,"[506,884,613,670,715,645,647,790]","[1373000,2625000,1827000,2051000,2017000,1855000,1861000,2288000]",884,15897000
17,49,8,"[378,881,604,662,712,678,616,771]","[1059000,2610000,1808000,2012000,2012000,1929000,1764000,2140000]",881,15334000
17,50,8,"[658,859,592,713,666,584,654,718]","[1811000,2478000,1747000,2177000,1947000,1625000,1851000,2069000]",859,15705000
17,51,8,"[655,786,593,689,687,548,743,704]","[1804000,2262000,1751000,2107000,2035000,1528000,2125000,2029000]",786,15641000
17,52,8,"[627,809,575,698,650,542,682,711]","[1757000,2342000,1701000,2161000,1903000,1534000,1938000,2035000]",809,15371000
17,53,8,"[456,807,703,693,646,738,762,725]","[1334000,2239000,1987000,2101000,1844000,2121000,2170000,2127000]",807,15923000
17,54,8,"[433,1016,574,655,725,536,557,816]","[1202000,3011000,1735000,2062000,2071000,1504000,1607000,2387000]",1016,15579000
17,55,8,"[518,821,642,658,701,663,576,891]","[1416000,2435000,1949000,2015000,1964000,1864000,1645000,2625000]",891,15913000
17,56,8,"[415,1124,595,692,744,604,610,769]","[1150000,3319000,1803000,2121000,2053000,1667000,1757000,2231000]",1124,16101000
17,57,8,"[654,855,584,725,608,513,694,744]","[1800000,2458000,1735000,2190000,1771000,1428000,2018000,2133000]",855,15533000
17,58,8,"[654,808,579,714,650,506,738,715]","[1800000,2343000,1721000,2172000,1900000,1412000,2130000,2064000]",808,15542000
17,59,8,"[612,1093,609,670,644,578,599,632]","[1717000,3173000,1823000,2032000,1780000,1624000,1708000,1802000]",1093,15659000
17,60,8,"[426,1084,622,666,752,527,602,779]","[1176000,3241000,1820000,2080000,2122000,1484000,1705000,2245000]",1084,15873000
17,61,8,"[647,1059,577,755,643,578,600,731]","[1806000,3056000,1713000,2260000,1802000,1689000,1687000,2125000]",1059,16138000
17,62,8,"[694,714,718,785,669,784,620,778]","[1937000,2067000,2020000,2278000,1980000,2186000,1723000,2192000]",785,16383000
17,63,8,"[776,748,719,824,575,792,612,794]","[2154000,2168000,1993000,2328000,1630000,2202000,1746000,2293000]",824,16514000
17,64,8,"[654,858,573,684,714,675,611,865]","[1793000,2551000,1727000,2102000,2020000,1921000,1713000,2465000]",865,16292000
17,65,8,"[715,897,570,666,752,673,452,698]","[1979000,2607000,1691000,2049000,2146000,1878000,1241000,1971000]",897,15562000
17,66,8,"[682,814,585,652,685,491,717,710]","[1913000,2352000,1733000,1978000,2009000,1378000,2076000,2032000]",814,15471000
17,67,8,"[676,658,714,712,565,542,708,753]","[1899000,1951000,2087000,2174000,1692000,1538000,2028000,2163000]",753,15532000
17,68,8,"[435,1037,509,657,750,521,555,828]","[1192000,3109000,1573000,2069000,2104000,1461000,1608000,2427000]",1037,15543000
17,69,8,"[658,900,553,677,603,535,657,740]","[1837000,2651000,1638000,2047000,1749000,1518000,1879000,2121000]",900,15440000
17,70,8,"[390,1045,513,663,731,526,599,837]","[1101000,3122000,1579000,2082000,2086000,1461000,1700000,2435000]",1045,15566000
17,71,8,"[659,658,716,713,652,552,708,710]","[1856000,1948000,2070000,2170000,1904000,1552000,2020000,2027000]",716,15547000
17,72,8,"[428,996,561,606,662,661,617,772]","[1183000,2984000,1728000,1908000,1855000,1847000,1768000,2259000]",996,15532000
17,73,8,"[468,1041,634,663,689,536,488,744]","[1295000,3108000,1907000,2093000,1960000,1500000,1404000,2128000]",1041,15395000
17,74,8,"[436,1104,511,690,729,522,555,768]","[1194000,3315000,1573000,2132000,2079000,1467000,1608000,2213000]",1104,15581000
17,75,8,"[427,1110,489,658,726,489,618,782]","[1175000,3322000,1519000,2072000,2058000,1398000,1749000,2250000]",1110,15543000
17,76,8,"[391,1049,565,690,775,531,558,751]","[1117000,3127000,1728000,2098000,2155000,1515000,1594000,2193000]",1049,15527000
17,77,8,"[659,810,581,713,655,550,705,713]","[1849000,2356000,1721000,2166000,1919000,1552000,2025000,2051000]",810,15639000
17,78,8,"[464,1104,492,669,720,525,546,776]","[1295000,3315000,1529000,2099000,2036000,1470000,1566000,2237000]",1104,15547000
17,79,8,"[667,664,711,712,630,561,721,705]","[1863000,1966000,2072000,2169000,1859000,1573000,2050000,2037000]",721,15589000
17,80,8,"[459,1108,493,662,734,516,548,782]","[1284000,3323000,1519000,2078000,2089000,1440000,1576000,2263000]",1108,15572000
17,81,8,"[652,931,558,668,607,647,586,750]","[1832000,2705000,1638000,2056000,1753000,1825000,1632000,2135000]",931,15576000
17,82,8,"[428,1035,563,609,621,664,639,756]","[1183000,3103000,1728000,1923000,1746000,1856000,1836000,2211000]",1035,15586000
17,83,8,"[440,1018,509,664,734,541,599,835]","[1219000,3032000,1573000,2078000,2089000,1513000,1704000,2447000]",1018,15655000
17,84,8,"[674,819,584,658,620,498,721,757]","[1877000,2356000,1710000,1993000,1864000,1388000,2105000,2166000]",819,15459000
17,85,8,"[655,934,553,672,580,539,688,664]","[1829000,2714000,1638000,2058000,1680000,1526000,1977000,1946000]",934,15368000
17,86,8,"[660,813,582,697,663,543,698,713]","[1835000,2371000,1723000,2159000,1939000,1542000,1983000,2042000]",813,15594000
17,87,8,"[684,904,558,680,669,509,658,710]","[1917000,2648000,1649000,2053000,1914000,1427000,1894000,2022000]",904,15524000
17,88,8,"[660,717,583,777,655,545,741,709]","[1839000,2055000,1716000,2422000,1919000,1534000,2076000,2032000]",777,15593000
17,89,8,"[430,1110,539,665,729,541,595,677]","[1180000,3323000,1638000,2083000,2066000,1547000,1689000,1944000]",1110,15470000
17,90,8,"[462,1106,512,655,731,463,554,770]","[1278000,3324000,1576000,2062000,2086000,1307000,1604000,2214000]",1106,15451000
18,1,8,"[734,574,664,629,745,807,745,663]","[2075000,1610000,1833000,1770000,2132000,2418000,2123000,1900000]",807,15861000
18,2,8,"[720,576,670,627,745,806,704,700]","[2052000,1612000,1852000,1768000,2109000,2423000,2030000,2005000]",806,15851000
18,3,8,"[606,627,667,763,801,766,685,672]","[1770000,1770000,1892000,2136000,2258000,2270000,1926000,1855000]",801,15877000
18,4,8,"[864,509,506,536,1012,1018,474,500]","[2526000,1431000,1408000,1536000,2927000,2912000,1398000,1424000]",1018,15562000
18,5,8,"[623,608,685,756,801,762,626,747]","[1780000,1705000,1890000,2141000,2228000,2267000,1770000,2088000]",801,15869000
18,6,8,"[864,510,530,571,982,1011,466,526]","[2530000,1427000,1458000,1649000,2824000,2884000,1377000,1476000]",1011,15625000
18,7,8,"[638,627,742,670,796,785,764,653]","[1829000,1719000,2041000,1886000,2235000,2353000,2164000,1868000]",796,16095000
18,8,8,"[610,673,671,785,903,607,641,618]","[1672000,1845000,1878000,2197000,2581000,1745000,1777000,1703000]",903,15398000
18,9,8,"[713,735,697,712,747,708,719,680]","[2034000,2053000,1973000,2013000,2130000,1998000,2059000,1909000]",747,16169000
18,10,8,"[617,668,700,740,807,704,682,699]","[1803000,1862000,1963000,2051000,2266000,2109000,1937000,1945000]",807,15936000
18,11,8,"[732,572,662,631,739,811,739,660]","[2076000,1596000,1833000,1775000,2120000,2466000,2092000,1886000]",811,15844000
18,12,8,"[951,507,507,542,1015,1011,468,504]","[2691000,1425000,1412000,1546000,2938000,2898000,1392000,1429000]",1015,15731000
18,13,8,"[953,501,510,541,1017,1010,466,502]","[2693000,1418000,1416000,1544000,2942000,2890000,1388000,1424000]",1017,15715000
18,14,8,"[608,629,708,760,807,774,677,679]","[1783000,1771000,1987000,2121000,2275000,2298000,1912000,1874000]",807,16021000
18,15,8,"[864,508,530,537,1022,1014,468,522]","[2510000,1422000,1461000,1546000,2942000,2890000,1392000,1464000]",1022,15627000
18,16,8,"[728,577,662,627,751,811,713,702]","[2067000,1616000,1838000,1779000,2124000,2434000,2026000,2021000]",811,15905000
18,17,8,"[613,610,689,780,989,672,612,565]","[1700000,1703000,1902000,2189000,2797000,1928000,1701000,1547000]",989,15467000
18,18,8,"[719,579,667,630,743,814,722,696]","[2041000,1623000,1851000,1785000,2099000,2434000,2052000,1994000]",814,15879000
18,19,8,"[739,579,665,630,744,810,719,696]","[2088000,1623000,1844000,1785000,2113000,2424000,2042000,2002000]",810,15921000
18,20,8,"[744,532,639,645,933,706,644,683]","[2136000,1471000,1746000,1820000,2703000,1969000,1889000,1938000]",933,15672000
18,21,8,"[528,758,795,750,779,776,608,725]","[1602000,2230000,2222000,2129000,2299000,2155000,1720000,2054000]",795,16411000
18,22,8,"[950,510,507,543,1013,1013,470,501]","[2685000,1428000,1410000,1548000,2934000,2890000,1393000,1420000]",1013,15708000
18,23,8,"[617,666,700,735,805,768,683,671]","[1819000,1860000,1963000,2045000,2266000,2275000,1933000,1853000]",805,16014000
18,24,8,"[720,741,638,753,756,730,719,682]","[2061000,2067000,1805000,2116000,2151000,2042000,2077000,1914000]",756,16233000
18,25,8,"[951,509,552,540,1015,1011,484,431]","[2685000,1436000,1548000,1542000,2946000,2899000,1425000,1238000]",1015,15719000
18,26,8,"[739,513,641,714,935,703,640,686]","[2124000,1415000,1763000,1971000,2707000,1957000,1889000,1939000]",935,15765000
18,27,8,"[711,742,638,674,807,697,720,716]","[2034000,2067000,1805000,1927000,2283000,1950000,2067000,2017000]",807,16150000
18,28,8,"[953,501,510,542,1017,1013,470,506]","[2687000,1421000,1416000,1546000,2943000,2902000,1396000,1447000]",1017,15758000
18,29,8,"[870,509,582,537,1015,1012,470,522]","[2462000,1426000,1630000,1536000,2936000,2900000,1402000,1453000]",1015,15745000
18,30,8,"[742,579,666,630,742,811,791,670]","[2088000,1623000,1846000,1785000,2115000,2426000,2207000,1920000]",811,16010000
18,31,8,"[681,743,703,709,926,688,568,629]","[1945000,2066000,1975000,2011000,2645000,1897000,1609000,1750000]",926,15898000
18,32,8,"[633,634,631,786,1001,664,612,580]","[1727000,1779000,1815000,2200000,2830000,1904000,1719000,1572000]",1001,15546000
18,33,8,"[957,514,522,536,1013,1012,463,507]","[2710000,1447000,1439000,1534000,2944000,2900000,1380000,1440000]",1013,15794000
18,34,8,"[947,507,527,538,1021,1019,474,478]","[2681000,1425000,1465000,1538000,2944000,2916000,1404000,1356000]",1021,15729000
18,35,8,"[951,506,506,559,1014,1014,469,519]","[2695000,1420000,1414000,1586000,2929000,2897000,1389000,1462000]",1014,15792000
18,36,8,"[902,508,554,628,1014,1012,481,431]","[2536000,1432000,1558000,1775000,2939000,2904000,1413000,1238000]",1014,15795000
18,37,8,"[693,588,671,658,792,825,709,643]","[1999000,1647000,1856000,1851000,2236000,2456000,2032000,1841000]",825,15918000
18,38,8,"[719,741,689,753,756,730,719,649]","[2065000,2067000,1938000,2116000,2151000,2042000,2077000,1818000]",756,16274000
18,39,8,"[950,508,511,539,1020,1012,478,504]","[2689000,1422000,1417000,1537000,2940000,2892000,1421000,1426000]",1020,15744000
18,40,8,"[774,729,777,776,732,791,570,780]","[2175000,2110000,2176000,2174000,2142000,2239000,1607000,2256000]",791,16879000
18,41,8,"[791,743,584,601,1131,761,483,590]","[2254000,2072000,1636000,1686000,3277000,2157000,1383000,1626000]",1131,16091000
18,42,8,"[711,731,775,835,863,618,642,630]","[2006000,2110000,2210000,2351000,2472000,1761000,1782000,1821000]",863,16513000
18,43,8,"[659,712,710,741,824,709,646,754]","[1909000,2005000,1965000,2073000,2299000,2102000,1810000,2124000]",824,16287000
18,44,8,"[976,701,653,635,882,928,657,698]","[2722000,1973000,1801000,1795000,2511000,2678000,1848000,2031000]",976,17359000
18,45,8,"[708,670,551,692,1119,689,555,500]","[1953000,1854000,1588000,1936000,3173000,1959000,1541000,1384000]",1119,15388000
18,46,8,"[755,602,661,644,939,899,649,498]","[2120000,1693000,1823000,1825000,2699000,2611000,1901000,1418000]",939,16090000
18,47,8,"[588,647,741,802,844,732,654,744]","[1638000,1768000,2073000,2241000,2399000,2077000,1925000,2060000]",844,16181000
18,48,8,"[764,806,653,679,746,710,713,683]","[2188000,2218000,1813000,1925000,2123000,1993000,2044000,1921000]",806,16225000
18,49,8,"[704,653,570,666,933,876,567,572]","[2038000,1840000,1652000,1851000,2662000,2532000,1611000,1589000]",933,15775000
18,50,8,"[734,622,720,638,841,838,663,655]","[2092000,1736000,1977000,1770000,2384000,2488000,1882000,1843000]",841,16172000
18,51,8,"[669,662,674,714,804,773,675,673]","[1949000,1858000,1890000,1973000,2269000,2290000,1905000,1855000]",804,15989000
18,52,8,"[871,576,519,538,977,1014,510,494]","[2553000,1614000,1435000,1543000,2821000,2898000,1491000,1361000]",1014,15716000
18,53,8,"[954,513,521,543,1018,1014,518,468]","[2710000,1447000,1435000,1548000,2950000,2907000,1530000,1314000]",1018,15841000
18,54,8,"[583,580,663,673,921,842,757,575]","[1636000,1606000,1871000,1890000,2605000,2509000,2126000,1616000]",921,15859000
18,55,8,"[1107,544,527,537,1010,1024,468,505]","[3072000,1510000,1462000,1535000,2926000,2915000,1398000,1364000]",1107,16182000
18,56,8,"[609,625,705,759,687,794,630,750]","[1775000,1754000,1986000,2124000,1953000,2374000,1785000,2104000]",794,15855000
18,57,8,"[584,664,670,786,901,618,706,592]","[1630000,1832000,1879000,2202000,2572000,1760000,1977000,1614000]",901,15466000
18,58,8,"[728,643,634,676,932,875,563,562]","[2095000,1826000,1772000,1887000,2672000,2530000,1603000,1559000]",932,15944000
18,59,8,"[723,646,622,748,1058,630,553,558]","[1983000,1796000,1739000,2095000,3000000,1805000,1541000,1544000]",1058,15503000
18,60,8,"[818,766,745,665,741,818,748,731]","[2374000,2183000,2054000,1855000,2097000,2452000,2093000,2130000]",818,17238000
18,61,8,"[729,594,719,637,804,793,759,661]","[2034000,1659000,1979000,1795000,2246000,2368000,2173000,1883000]",804,16137000
18,62,8,"[673,618,701,683,794,770,626,755]","[1943000,1731000,1965000,1902000,2229000,2292000,1775000,2111000]",794,15948000
18,63,8,"[727,642,651,660,895,813,706,566]","[2104000,1805000,1818000,1842000,2539000,2382000,1947000,1573000]",895,16010000
18,64,8,"[753,744,662,629,750,827,745,638]","[2162000,2044000,1924000,1815000,2131000,2367000,2055000,1767000]",827,16265000
18,65,8,"[949,507,507,544,1019,1011,521,469]","[2686000,1425000,1412000,1550000,2934000,2892000,1537000,1312000]",1019,15748000
18,66,8,"[726,573,666,636,738,773,747,669]","[2058000,1593000,1835000,1789000,2106000,2343000,2119000,1922000]",773,15765000
18,67,8,"[721,584,674,631,745,807,701,702]","[2049000,1625000,1858000,1776000,2117000,2420000,2016000,2001000]",807,15862000
18,68,8,"[598,632,678,775,804,771,684,677]","[1748000,1789000,1919000,2176000,2273000,2280000,1932000,1866000]",804,15983000
18,69,8,"[862,509,532,536,1014,984,474,500]","[2526000,1431000,1477000,1536000,2931000,2809000,1398000,1424000]",1014,15532000
18,70,8,"[630,610,683,756,801,696,623,775]","[1803000,1709000,1883000,2141000,2224000,2118000,1764000,2190000]",801,15832000
18,71,8,"[864,513,530,565,993,918,472,536]","[2527000,1444000,1457000,1640000,2884000,2724000,1396000,1498000]",993,15570000
18,72,8,"[635,637,739,667,803,790,770,654]","[1822000,1739000,2035000,1883000,2247000,2368000,2177000,1872000]",803,16143000
18,73,8,"[609,561,671,790,902,607,636,619]","[1704000,1634000,1878000,2205000,2578000,1742000,1758000,1699000]",902,15198000
18,74,8,"[710,741,700,634,742,712,714,717]","[2028000,2065000,1978000,1827000,2106000,2015000,2046000,2016000]",742,16081000
18,75,8,"[608,562,707,741,810,705,680,706]","[1783000,1650000,1989000,2051000,2272000,2114000,1915000,1954000]",810,15728000
18,76,8,"[726,576,661,636,751,818,759,659]","[2064000,1604000,1828000,1796000,2140000,2459000,2169000,1890000]",818,15950000
18,77,8,"[955,505,505,540,1019,1010,472,560]","[2713000,1421000,1412000,1542000,2944000,2847000,1400000,1597000]",1019,15876000
18,78,8,"[951,503,546,500,1021,1016,466,505]","[2683000,1409000,1526000,1426000,2960000,2903000,1388000,1439000]",1021,15734000
18,79,8,"[667,626,706,764,812,711,677,676]","[1968000,1754000,1977000,2130000,2282000,2106000,1915000,1855000]",812,15987000
18,80,8,"[864,508,528,536,1025,1021,470,524]","[2510000,1422000,1447000,1541000,2947000,2910000,1396000,1471000]",1025,15644000
18,81,8,"[728,577,609,676,751,814,712,706]","[2067000,1616000,1678000,1931000,2124000,2444000,2024000,2029000]",814,15913000
18,82,8,"[612,613,686,785,989,671,617,566]","[1685000,1716000,1906000,2189000,2793000,1932000,1706000,1553000]",989,15480000
18,83,8,"[722,580,670,629,750,811,713,698]","[2050000,1622000,1844000,1783000,2137000,2422000,2029000,1997000]",811,15884000
18,84,8,"[736,577,639,628,745,811,723,700]","[2076000,1619000,1765000,1784000,2115000,2439000,2067000,2007000]",811,15872000
18,85,8,"[717,524,640,648,936,706,647,724]","[2031000,1445000,1760000,1838000,2712000,1951000,1897000,2066000]",936,15700000
18,86,8,"[529,765,793,756,780,762,609,728]","[1602000,2260000,2215000,2154000,2300000,2143000,1713000,2043000]",793,16430000
18,87,8,"[949,506,506,573,975,1009,475,497]","[2691000,1420000,1408000,1661000,2814000,2888000,1409000,1404000]",1009,15695000
18,88,8,"[618,666,702,728,813,776,693,679]","[1813000,1860000,1976000,2026000,2267000,2284000,1950000,1866000]",813,16042000
18,89,8,"[719,738,638,679,754,728,725,680]","[2055000,2059000,1798000,1967000,2147000,2038000,2081000,1900000]",754,16045000
18,90,8,"[960,510,550,541,1022,1018,479,428]","[2722000,1438000,1553000,1554000,2956000,2910000,1410000,1223000]",1022,15766000
19,1,8,"[696,614,663,710,662,670,690,713]","[1949000,1696000,1944000,2087000,1859000,1919000,2003000,1971000]",713,15428000
19,2,8,"[702,663,677,788,603,630,734,475]","[1921000,1836000,1945000,2343000,1683000,1800000,2094000,1332000]",788,14954000
19,3,8,"[490,791,704,755,703,582,809,540]","[1469000,2276000,2055000,2150000,2015000,1726000,2291000,1607000]",809,15589000
19,4,8,"[627,546,814,588,593,708,781,747]","[1738000,1531000,2280000,1644000,1684000,2007000,2255000,2098000]",814,15237000
19,5,8,"[677,619,756,701,681,670,742,712]","[1913000,1703000,2130000,2035000,1948000,1913000,2108000,1961000]",756,15711000
19,6,8,"[600,522,694,828,729,607,712,679]","[1722000,1484000,1955000,2388000,2002000,1765000,2051000,1872000]",828,15239000
19,7,8,"[677,615,757,701,683,696,738,675]","[1935000,1686000,2111000,2047000,1954000,1988000,2098000,1864000]",757,15683000
19,8,8,"[554,629,704,746,697,507,650,832]","[1651000,1804000,2051000,2128000,1995000,1500000,1882000,2376000]",832,15387000
19,9,8,"[698,668,701,703,679,621,643,759]","[1942000,1843000,2008000,2078000,1895000,1773000,1868000,2103000]",759,15510000
19,10,8,"[577,592,763,724,683,722,572,796]","[1658000,1656000,2177000,2055000,1936000,2014000,1673000,2291000]",796,15460000
19,11,8,"[741,769,772,624,556,601,765,629]","[2032000,2177000,2302000,1735000,1524000,1740000,2232000,1737000]",772,15479000
19,12,8,"[623,576,709,807,645,645,640,716]","[1786000,1617000,2033000,2388000,1761000,1852000,1833000,1992000]",807,15262000
19,13,8,"[577,584,766,723,682,722,583,795]","[1658000,1635000,2189000,2057000,1934000,2014000,1713000,2282000]",795,15482000
19,14,8,"[631,652,702,734,668,626,737,731]","[1733000,1789000,2005000,2158000,1897000,1777000,2081000,2071000]",737,15511000
19,15,8,"[629,612,754,721,669,673,732,718]","[1799000,1668000,2138000,2103000,1896000,1918000,2080000,1993000]",754,15595000
19,16,8,"[460,751,717,752,701,580,773,693]","[1394000,2138000,2088000,2143000,2011000,1723000,2186000,1958000]",773,15641000
19,17,8,"[729,771,827,571,492,545,820,636]","[2012000,2187000,2464000,1607000,1385000,1573000,2378000,1741000]",827,15347000
19,18,8,"[724,675,785,701,757,720,692,543]","[1961000,1950000,2227000,1981000,2158000,1993000,2023000,1497000]",785,15790000
19,19,8,"[647,603,862,615,771,656,686,579]","[1815000,1717000,2408000,1767000,2205000,1894000,1970000,1677000]",862,15453000
19,20,8,"[612,594,775,798,759,655,638,627]","[1736000,1707000,2210000,2324000,2112000,1861000,1850000,1703000]",798,15503000
19,21,8,"[663,631,601,788,715,675,688,714]","[1863000,1714000,1778000,2259000,2030000,1923000,1998000,1969000]",788,15534000
19,22,8,"[668,625,752,782,697,677,656,709]","[1875000,1714000,2114000,2234000,1993000,1930000,1920000,1962000]",782,15742000
19,23,8,"[707,680,738,727,747,695,736,687]","[1966000,1946000,2077000,2072000,2098000,1921000,2204000,1920000]",747,16204000
19,24,8,"[732,765,842,573,492,544,821,619]","[2027000,2175000,2501000,1611000,1389000,1571000,2378000,1712000]",842,15364000
19,25,8,"[554,630,704,743,701,509,721,832]","[1653000,1790000,2070000,2116000,1997000,1513000,2010000,2384000]",832,15533000
19,26,8,"[664,627,657,790,675,668,732,662]","[1866000,1711000,1930000,2244000,1910000,1912000,2074000,1872000]",790,15519000
19,27,8,"[724,675,782,750,739,724,693,539]","[1961000,1945000,2210000,2133000,2091000,2003000,2028000,1500000]",782,15871000
19,28,8,"[664,625,655,788,677,672,737,714]","[1863000,1705000,1907000,2254000,1930000,1918000,2105000,1973000]",788,15655000
19,29,8,"[729,771,827,571,492,545,820,636]","[2012000,2187000,2464000,1607000,1385000,1573000,2378000,1741000]",827,15347000
19,30,8,"[671,677,658,725,733,633,768,746]","[1886000,1952000,1904000,2078000,2059000,1819000,2170000,2140000]",768,16008000
19,31,8,"[610,594,775,794,762,632,641,654]","[1728000,1707000,2210000,2316000,2116000,1791000,1856000,1775000]",794,15499000
19,32,8,"[661,625,665,785,706,675,690,713]","[1859000,1706000,1927000,2257000,2012000,1919000,1994000,1981000]",785,15655000
19,33,8,"[565,514,744,840,737,607,706,676]","[1628000,1463000,2094000,2424000,2027000,1769000,2032000,1869000]",840,15306000
19,34,8,"[646,619,859,617,780,652,689,586]","[1820000,1776000,2408000,1764000,2210000,1871000,1986000,1686000]",859,15521000
19,35,8,"[668,625,753,785,673,675,690,713]","[1882000,1711000,2127000,2257000,1904000,1916000,1994000,1981000]",785,15772000
19,36,8,"[667,559,791,753,636,610,822,632]","[1883000,1543000,2234000,2250000,1803000,1714000,2367000,1805000]",822,15599000
19,37,8,"[638,766,781,604,555,612,861,722]","[1742000,2180000,2216000,1658000,1515000,1757000,2430000,2005000]",861,15503000
19,38,8,"[633,636,790,755,779,657,754,751]","[1787000,1827000,2216000,2146000,2190000,1825000,2119000,2143000]",790,16253000
19,39,8,"[731,761,846,572,497,553,818,626]","[2026000,2158000,2532000,1600000,1411000,1591000,2374000,1726000]",846,15418000
19,40,8,"[654,663,780,746,694,727,755,752]","[1854000,1932000,2179000,2132000,1954000,2022000,2136000,2143000]",780,16352000
19,41,8,"[607,693,702,787,741,616,686,624]","[1720000,1947000,2054000,2279000,2091000,1754000,1958000,1681000]",787,15484000
19,42,8,"[695,671,670,785,608,641,687,708]","[1941000,1841000,1933000,2335000,1696000,1848000,1966000,1960000]",785,15520000
19,43,8,"[674,665,778,786,724,625,574,670]","[1920000,1930000,2222000,2268000,2030000,1784000,1663000,1836000]",786,15653000
19,44,8,"[560,784,705,685,596,686,672,719]","[1572000,2254000,2073000,1906000,1672000,1919000,1905000,1938000]",784,15239000
19,45,8,"[709,788,767,582,550,592,789,673]","[1955000,2255000,2305000,1617000,1548000,1684000,2294000,1837000]",789,15495000
19,46,8,"[786,700,677,732,596,706,852,666]","[2212000,1871000,1908000,2133000,1673000,1921000,2430000,1830000]",852,15978000
19,47,8,"[637,571,766,765,781,702,767,752]","[1798000,1636000,2158000,2191000,2202000,1959000,2147000,2109000]",781,16200000
19,48,8,"[696,607,752,711,681,625,687,722]","[1954000,1660000,2162000,2090000,1902000,1788000,1996000,2012000]",752,15564000
19,49,8,"[741,783,727,715,555,629,793,664]","[2061000,2228000,2056000,2018000,1585000,1800000,2314000,1851000]",793,15913000
19,50,8,"[840,853,786,525,560,610,740,731]","[2337000,2340000,2328000,1476000,1555000,1770000,2142000,1994000]",853,15942000
19,51,8,"[855,850,782,530,556,610,736,475]","[2381000,2412000,2350000,1486000,1556000,1748000,2148000,1328000]",855,15409000
19,52,8,"[772,663,754,592,603,698,808,702]","[2140000,1832000,2243000,1679000,1672000,1921000,2401000,1954000]",808,15842000
19,53,8,"[615,551,810,746,694,801,867,638]","[1735000,1621000,2355000,2139000,1956000,2172000,2469000,1774000]",867,16221000
19,54,8,"[403,713,765,741,699,626,780,692]","[1212000,2074000,2179000,2145000,1950000,1809000,2263000,1954000]",780,15586000
19,55,8,"[644,748,714,748,706,555,728,689]","[1855000,2112000,2103000,2128000,2008000,1566000,2077000,1965000]",748,15814000
19,56,8,"[668,674,669,789,610,639,636,822]","[1887000,1847000,1922000,2340000,1705000,1814000,1824000,2314000]",822,15653000
19,57,8,"[646,580,808,552,609,718,677,803]","[1781000,1631000,2236000,1576000,1693000,2045000,1928000,2248000]",808,15138000
19,58,8,"[691,713,686,831,575,643,629,675]","[1952000,2066000,1912000,2450000,1585000,1830000,1798000,1874000]",831,15467000
19,59,8,"[670,659,697,844,617,658,658,723]","[1901000,1812000,1971000,2498000,1706000,1876000,1863000,1997000]",844,15624000
19,60,8,"[784,667,759,724,696,747,740,711]","[2205000,1892000,2169000,2062000,1962000,2072000,2181000,2073000]",784,16616000
19,61,8,"[531,647,766,723,682,720,652,724]","[1548000,1807000,2186000,2061000,1935000,2010000,1897000,2059000]",766,15503000
19,62,8,"[780,678,836,695,584,608,838,721]","[2168000,1869000,2462000,1932000,1644000,1789000,2367000,2005000]",838,16236000
19,63,8,"[658,857,733,723,675,631,814,488]","[1771000,2427000,1998000,2123000,1889000,1796000,2257000,1379000]",857,15640000
19,64,8,"[649,646,769,749,732,619,827,681]","[1859000,1904000,2150000,2142000,2059000,1724000,2351000,1923000]",827,16112000
19,65,8,"[632,618,752,725,676,605,804,720]","[1813000,1689000,2121000,2118000,1913000,1737000,2258000,1993000]",804,15642000
19,66,8,"[696,616,663,710,660,670,689,715]","[1940000,1696000,1944000,2092000,1855000,1919000,2001000,1978000]",715,15425000
19,67,8,"[701,637,676,790,615,640,738,476]","[1924000,1782000,1946000,2344000,1703000,1831000,2110000,1334000]",790,14974000
19,68,8,"[490,791,704,759,705,582,802,540]","[1469000,2276000,2055000,2160000,2019000,1726000,2268000,1607000]",802,15580000
19,69,8,"[611,547,791,586,594,703,795,750]","[1697000,1533000,2225000,1633000,1692000,1991000,2267000,2106000]",795,15144000
19,70,8,"[682,616,657,696,676,670,736,720]","[1931000,1688000,1925000,2023000,1918000,1916000,2100000,1975000]",736,15476000
19,71,8,"[606,519,651,832,743,607,708,713]","[1730000,1482000,1835000,2392000,2034000,1765000,2040000,1979000]",832,15257000
19,72,8,"[624,614,749,708,688,692,736,738]","[1769000,1690000,2107000,2060000,1961000,1981000,2091000,2034000]",749,15693000
19,73,8,"[556,639,664,746,695,552,647,827]","[1656000,1820000,1926000,2128000,1990000,1640000,1876000,2368000]",827,15404000
19,74,8,"[696,664,719,721,679,621,632,754]","[1942000,1832000,2048000,2126000,1895000,1776000,1830000,2070000]",754,15519000
19,75,8,"[576,587,755,679,687,723,574,794]","[1650000,1642000,2152000,1986000,1949000,2016000,1678000,2290000]",794,15363000
19,76,8,"[734,776,769,627,567,598,722,629]","[2024000,2194000,2290000,1737000,1539000,1727000,2139000,1739000]",776,15389000
19,77,8,"[625,498,707,799,643,643,642,710]","[1815000,1472000,2009000,2375000,1767000,1851000,1836000,1969000]",799,15094000
19,78,8,"[583,583,765,727,683,722,581,794]","[1674000,1640000,2187000,2068000,1936000,2014000,1702000,2274000]",794,15495000
19,79,8,"[631,652,704,738,682,626,729,733]","[1733000,1789000,2015000,2178000,1930000,1777000,2068000,2075000]",738,15565000
19,80,8,"[621,612,758,727,669,676,732,714]","[1797000,1671000,2153000,2133000,1896000,1919000,2080000,1982000]",758,15631000
19,81,8,"[460,746,712,749,696,612,773,689]","[1394000,2113000,2076000,2143000,1992000,1794000,2188000,1951000]",773,15651000
19,82,8,"[698,769,825,595,488,551,820,629]","[1930000,2181000,2460000,1668000,1378000,1600000,2374000,1732000]",825,15323000
19,83,8,"[725,678,719,701,758,717,742,538]","[1961000,1965000,2002000,1978000,2160000,1994000,2186000,1491000]",758,15737000
19,84,8,"[651,605,862,612,771,643,688,581]","[1835000,1730000,2408000,1763000,2205000,1835000,1970000,1690000]",862,15436000
19,85,8,"[617,598,773,797,755,647,586,655]","[1775000,1727000,2212000,2318000,2096000,1842000,1724000,1785000]",797,15479000
19,86,8,"[677,636,615,791,740,656,691,711]","[1911000,1722000,1836000,2275000,2080000,1864000,1997000,1953000]",791,15638000
19,87,8,"[662,644,752,784,677,647,658,713]","[1858000,1804000,2125000,2238000,1908000,1851000,1927000,1973000]",784,15684000
19,88,8,"[707,680,738,727,747,695,736,687]","[1966000,1946000,2077000,2072000,2098000,1921000,2201000,1920000]",747,16201000
19,89,8,"[732,769,840,573,492,550,821,621]","[2027000,2182000,2495000,1611000,1389000,1574000,2376000,1716000]",840,15370000
19,90,8,"[554,630,704,743,701,509,721,832]","[1653000,1790000,2070000,2116000,2005000,1513000,2010000,2381000]",832,15538000
20,1,8,"[603,734,652,753,681,586,597,784]","[1807000,2209000,1908000,2177000,1871000,1673000,1690000,2208000]",784,15543000
20,2,8,"[563,803,508,649,725,618,592,928]","[1580000,2411000,1500000,1902000,2016000,1723000,1650000,2609000]",928,15391000
20,3,8,"[549,799,514,644,752,667,577,924]","[1545000,2392000,1528000,1894000,2098000,1875000,1600000,2581000]",924,15513000
20,4,8,"[341,726,359,301,865,887,631,1235]","[1068000,2199000,991000,824000,2547000,2598000,1783000,3600000]",1235,15610000
20,5,8,"[684,703,684,642,676,649,659,682]","[1965000,1981000,2026000,1896000,1910000,1834000,2048000,1933000]",703,15593000
20,6,8,"[389,738,360,301,779,955,638,1226]","[1220000,2214000,989000,827000,2283000,2726000,1822000,3580000]",1226,15661000
20,7,8,"[688,711,674,746,617,679,699,658]","[1967000,2006000,1998000,2202000,1719000,1943000,2062000,1847000]",746,15744000
20,8,8,"[708,736,682,730,700,740,604,656]","[2110000,2048000,1921000,2118000,1992000,2124000,1764000,1915000]",740,15992000
20,9,8,"[753,715,668,688,607,679,708,618]","[2160000,2005000,1977000,2028000,1682000,1952000,2082000,1791000]",753,15677000
20,10,8,"[738,684,697,721,609,617,666,669]","[2220000,1982000,1968000,2086000,1716000,1766000,1926000,1949000]",738,15613000
20,11,8,"[387,774,360,304,780,960,631,1193]","[1220000,2327000,981000,839000,2283000,2742000,1787000,3471000]",1193,15650000
20,12,8,"[702,711,698,747,692,632,585,719]","[2084000,1986000,1977000,2108000,1969000,1885000,1687000,2107000]",747,15803000
20,13,8,"[683,754,683,642,674,649,658,646]","[1967000,2116000,2018000,1896000,1897000,1834000,2046000,1827000]",754,15601000
20,14,8,"[340,716,360,301,848,955,636,1228]","[1068000,2179000,991000,824000,2484000,2720000,1815000,3588000]",1228,15669000
20,15,8,"[747,717,668,694,617,679,701,615]","[2145000,2009000,1977000,2058000,1705000,1942000,2074000,1771000]",747,15681000
20,16,8,"[563,799,506,648,731,657,567,939]","[1579000,2403000,1505000,1908000,2032000,1857000,1564000,2630000]",939,15478000
20,17,8,"[564,800,515,648,731,658,564,938]","[1579000,2392000,1523000,1902000,2029000,1857000,1558000,2633000]",938,15473000
20,18,8,"[607,686,733,689,701,700,607,746]","[1871000,1992000,2169000,2028000,1958000,2009000,1775000,2149000]",746,15951000
20,19,8,"[707,735,654,732,696,743,674,637]","[2098000,2035000,1847000,2138000,1984000,2137000,1947000,1901000]",743,16087000
20,20,8,"[752,699,688,703,612,676,683,655]","[2179000,1966000,2044000,2075000,1711000,1947000,2020000,1849000]",752,15791000
20,21,8,"[753,725,693,704,586,690,716,699]","[2143000,2106000,2048000,2053000,1742000,1942000,1996000,2067000]",753,16097000
20,22,8,"[370,744,537,700,805,768,525,1007]","[1127000,2138000,1492000,2018000,2285000,2140000,1470000,2831000]",1007,15501000
20,23,8,"[642,755,725,689,578,684,652,687]","[1937000,2074000,2150000,2026000,1678000,1967000,1870000,1950000]",755,15652000
20,24,8,"[390,751,361,303,843,961,682,1120]","[1225000,2267000,984000,837000,2428000,2731000,1951000,3305000]",1120,15728000
20,25,8,"[537,761,461,379,930,766,564,1016]","[1658000,2134000,1297000,1075000,2705000,2187000,1636000,2959000]",1016,15651000
20,26,8,"[666,774,649,708,699,721,629,721]","[2026000,2145000,1816000,2019000,1992000,2064000,1831000,2107000]",774,16000000
20,27,8,"[389,741,363,303,835,960,695,1123]","[1230000,2220000,994000,826000,2405000,2742000,1996000,3306000]",1123,15719000
20,28,8,"[666,776,649,708,708,721,629,721]","[2026000,2139000,1816000,2019000,2022000,2064000,1831000,2107000]",776,16024000
20,29,8,"[747,736,695,689,583,688,716,710]","[2130000,2146000,2047000,2005000,1729000,1946000,2007000,2095000]",747,16105000
20,30,8,"[750,710,671,689,618,684,709,657]","[2151000,2014000,1989000,2038000,1721000,1958000,2086000,1842000]",750,15799000
20,31,8,"[749,696,668,698,622,681,704,653]","[2156000,1956000,1977000,2057000,1738000,1958000,2077000,1840000]",749,15759000
20,32,8,"[665,775,650,708,706,722,629,721]","[2026000,2144000,1814000,2019000,2018000,2066000,1828000,2104000]",775,16019000
20,33,8,"[705,737,654,730,700,750,669,656]","[2104000,2050000,1842000,2118000,1989000,2140000,1936000,1915000]",750,16094000
20,34,8,"[754,680,643,713,738,642,594,723]","[2238000,1912000,1806000,2038000,2109000,1916000,1714000,2120000]",754,15853000
20,35,8,"[709,786,654,716,663,615,652,728]","[2102000,2165000,1891000,2042000,1893000,1819000,1893000,2125000]",786,15930000
20,36,8,"[591,742,709,767,638,722,658,596]","[1807000,2095000,2136000,2227000,1805000,2034000,1849000,1771000]",767,15724000
20,37,8,"[710,739,656,728,698,754,677,637]","[2091000,2042000,1861000,2125000,1986000,2164000,1949000,1909000]",754,16127000
20,38,8,"[757,701,718,701,614,683,704,658]","[2167000,1972000,2095000,2080000,1715000,1950000,2080000,1850000]",757,15909000
20,39,8,"[708,779,661,708,663,632,653,728]","[2102000,2154000,1904000,2019000,1893000,1859000,1897000,2139000]",779,15967000
20,40,8,"[388,733,360,302,783,956,643,1247]","[1227000,2204000,993000,826000,2290000,2734000,1821000,3628000]",1247,15723000
20,41,8,"[465,736,638,625,902,765,606,999]","[1426000,2030000,1757000,1703000,2605000,2154000,1789000,2934000]",999,16398000
20,42,8,"[625,692,657,815,668,685,717,602]","[1769000,1953000,1855000,2411000,1891000,1926000,2180000,1722000]",815,15707000
20,43,8,"[752,777,787,665,676,581,532,815]","[2141000,2231000,2235000,1930000,1859000,1661000,1497000,2269000]",815,15823000
20,44,8,"[683,769,713,695,613,645,709,634]","[1935000,2150000,2087000,2058000,1716000,1849000,2155000,1816000]",769,15766000
20,45,8,"[664,717,701,779,723,666,677,662]","[2016000,1969000,1977000,2211000,2063000,1903000,1957000,1936000]",779,16032000
20,46,8,"[676,750,700,764,642,650,756,646]","[1912000,2107000,2012000,2205000,1819000,1836000,2263000,1812000]",764,15966000
20,47,8,"[534,757,566,625,831,768,542,990]","[1619000,2120000,1552000,1732000,2445000,2188000,1546000,2913000]",990,16115000
20,48,8,"[419,768,471,343,822,894,617,1219]","[1293000,2268000,1293000,987000,2262000,2524000,1766000,3563000]",1219,15956000
20,49,8,"[709,670,782,781,639,600,665,668]","[2101000,1908000,2224000,2255000,1802000,1796000,1916000,1935000]",782,15937000
20,50,8,"[312,780,552,586,865,726,587,1032]","[951000,2253000,1535000,1704000,2429000,2016000,1643000,2935000]",1032,15466000
20,51,8,"[568,706,649,776,655,732,640,805]","[1636000,2019000,1852000,2280000,1877000,2043000,1974000,2274000]",805,15955000
20,52,8,"[621,791,614,732,630,764,528,901]","[1834000,2153000,1774000,2115000,1782000,2202000,1487000,2576000]",901,15923000
20,53,8,"[530,859,483,613,805,726,695,896]","[1505000,2508000,1374000,1829000,2221000,2037000,2068000,2491000]",896,16033000
20,54,8,"[558,755,655,731,677,677,681,854]","[1590000,2150000,1859000,2166000,1930000,1902000,2036000,2396000]",854,16029000
20,55,8,"[714,590,713,816,722,590,659,723]","[2101000,1681000,2085000,2373000,2032000,1760000,1886000,2055000]",816,15973000
20,56,8,"[478,756,510,487,916,790,589,1015]","[1464000,2216000,1406000,1372000,2672000,2231000,1626000,2977000]",1015,15964000
20,57,8,"[532,785,487,670,865,663,551,990]","[1625000,2166000,1330000,1919000,2471000,1906000,1621000,2904000]",990,15942000
20,58,8,"[507,792,506,383,977,811,572,937]","[1575000,2328000,1378000,1086000,2833000,2286000,1571000,2795000]",977,15852000
20,59,8,"[754,659,638,812,613,737,715,704]","[2150000,1892000,1831000,2386000,1791000,2121000,2003000,2061000]",812,16235000
20,60,8,"[534,810,511,458,889,753,565,1051]","[1654000,2395000,1410000,1300000,2522000,2161000,1575000,3122000]",1051,16139000
20,61,8,"[506,694,693,702,795,722,534,829]","[1544000,2000000,1988000,2046000,2202000,2028000,1468000,2388000]",829,15664000
20,62,8,"[641,775,607,700,681,682,542,912]","[1917000,2279000,1736000,1997000,1910000,1956000,1547000,2677000]",912,16019000
20,63,8,"[718,837,698,719,687,626,538,806]","[2010000,2423000,2075000,2050000,1872000,1741000,1517000,2290000]",837,15978000
20,64,8,"[544,717,562,554,778,864,626,940]","[1522000,2102000,1544000,1615000,2192000,2507000,1751000,2758000]",940,15991000
20,65,8,"[600,750,645,756,750,643,637,868]","[1780000,2117000,1819000,2109000,2083000,1835000,1861000,2478000]",868,16082000
20,66,8,"[601,739,650,746,689,590,596,781]","[1808000,2216000,1897000,2148000,1885000,1682000,1662000,2201000]",781,15499000
20,67,8,"[549,806,504,649,731,616,591,926]","[1551000,2421000,1499000,1902000,2024000,1720000,1650000,2600000]",926,15367000
20,68,8,"[591,800,510,647,663,658,561,925]","[1660000,2403000,1517000,1907000,1862000,1859000,1538000,2597000]",925,15343000
20,69,8,"[341,726,359,301,863,891,631,1233]","[1068000,2196000,991000,824000,2534000,2603000,1783000,3599000]",1233,15598000
20,70,8,"[708,681,682,642,676,649,659,682]","[2034000,1906000,2022000,1896000,1910000,1834000,2048000,1934000]",708,15584000
20,71,8,"[390,750,362,301,782,957,640,1246]","[1220000,2241000,995000,827000,2291000,2721000,1804000,3620000]",1246,15719000
20,72,8,"[695,712,667,745,612,684,605,652]","[2007000,2002000,1982000,2198000,1711000,1970000,1889000,1844000]",745,15603000
20,73,8,"[751,729,679,728,693,694,604,657]","[2241000,2016000,1919000,2120000,1980000,1981000,1775000,1913000]",751,15945000
20,74,8,"[772,652,672,694,613,692,706,637]","[2215000,1840000,1991000,2046000,1722000,1987000,2081000,1848000]",772,15730000
20,75,8,"[739,622,691,732,614,621,696,661]","[2218000,1822000,1942000,2111000,1724000,1768000,2023000,1933000]",739,15541000
20,76,8,"[388,777,356,304,784,965,636,1214]","[1222000,2333000,979000,839000,2292000,2769000,1797000,3520000]",1214,15751000
20,77,8,"[703,710,743,665,697,633,586,712]","[2084000,1982000,2116000,1894000,1970000,1883000,1687000,2096000]",743,15712000
20,78,8,"[679,759,683,613,671,650,660,651]","[1953000,2139000,2026000,1845000,1891000,1846000,2052000,1829000]",759,15581000
20,79,8,"[342,717,332,302,854,956,637,1227]","[1070000,2181000,952000,826000,2509000,2720000,1826000,3575000]",1227,15659000
20,80,8,"[751,721,710,697,619,677,704,619]","[2158000,2010000,2068000,2061000,1722000,1935000,2083000,1778000]",751,15815000
20,81,8,"[563,797,505,648,731,657,567,942]","[1577000,2392000,1500000,1911000,2035000,1857000,1560000,2652000]",942,15484000
20,82,8,"[562,796,509,652,729,656,566,942]","[1577000,2387000,1512000,1925000,2028000,1855000,1562000,2635000]",942,15481000
20,83,8,"[598,688,735,694,700,689,611,751]","[1825000,2019000,2189000,2048000,1963000,1998000,1780000,2158000]",751,15980000
20,84,8,"[703,734,688,734,648,745,676,638]","[2082000,2031000,1944000,2138000,1841000,2138000,1954000,1899000]",745,16027000
20,85,8,"[755,699,689,703,612,678,595,656]","[2191000,1966000,2049000,2082000,1711000,1956000,1844000,1845000]",755,15644000
20,86,8,"[760,712,695,697,589,676,719,697]","[2154000,2065000,2077000,2043000,1745000,1907000,2017000,2051000]",760,16059000
20,87,8,"[385,747,535,697,808,771,523,1010]","[1143000,2159000,1494000,2028000,2284000,2157000,1462000,2842000]",1010,15569000
20,88,8,"[641,756,729,691,570,686,661,686]","[1942000,2076000,2151000,2036000,1654000,1993000,1870000,1947000]",756,15669000
20,89,8,"[390,733,361,303,847,959,681,1117]","[1225000,2231000,984000,837000,2428000,2727000,1949000,3291000]",1117,15672000
20,90,8,"[537,720,461,379,930,763,594,1016]","[1658000,2004000,1297000,1075000,2705000,2187000,1753000,2959000]",1016,15638000
21,1,8,"[509,774,683,820,432,944,636,469]","[1396000,2315000,1994000,2315000,1185000,2776000,1840000,1315000]",944,15136000
21,2,8,"[575,701,577,780,712,753,633,642]","[1598000,1962000,1690000,2298000,2110000,2116000,1853000,1804000]",780,15431000
21,3,8,"[541,692,581,746,710,750,720,674]","[1492000,1949000,1702000,2170000,2089000,2109000,2089000,1901000]",750,15501000
21,4,8,"[549,697,575,753,689,807,671,672]","[1531000,1957000,1685000,2238000,1994000,2280000,1920000,1896000]",807,15501000
21,5,8,"[465,814,711,720,473,1099,560,406]","[1294000,2433000,2088000,1991000,1305000,3243000,1624000,1129000]",1099,15107000
21,6,8,"[565,685,624,751,727,761,785,684]","[1573000,1876000,1768000,2196000,2156000,2118000,2222000,1940000]",785,15849000
21,7,8,"[518,619,626,750,730,764,784,685]","[1489000,1742000,1763000,2191000,2162000,2128000,2223000,1949000]",784,15647000
21,8,8,"[588,589,687,765,734,709,710,677]","[1647000,1615000,1953000,2271000,2157000,1985000,2008000,1926000]",765,15562000
21,9,8,"[584,796,657,561,449,1097,644,541]","[1606000,2294000,1914000,1598000,1228000,3281000,1906000,1529000]",1097,15356000
21,10,8,"[570,661,580,781,712,753,674,672]","[1576000,1859000,1700000,2300000,2101000,2113000,1939000,1903000]",781,15491000
21,11,8,"[562,682,563,674,755,766,784,679]","[1574000,1866000,1656000,1995000,2215000,2139000,2224000,1934000]",784,15603000
21,12,8,"[779,676,784,735,740,770,714,670]","[2183000,1937000,2207000,2140000,2132000,2130000,1962000,1902000]",784,16593000
21,13,8,"[560,686,530,747,758,766,776,681]","[1564000,1880000,1548000,2184000,2233000,2149000,2209000,1936000]",776,15703000
21,14,8,"[571,589,683,761,732,747,714,677]","[1589000,1626000,1935000,2275000,2157000,2085000,2023000,1933000]",761,15623000
21,15,8,"[446,816,760,727,473,1109,565,400]","[1230000,2452000,2204000,2004000,1303000,3273000,1649000,1118000]",1109,15233000
21,16,8,"[567,709,548,781,714,755,675,681]","[1584000,1996000,1595000,2299000,2106000,2116000,1935000,1914000]",781,15545000
21,17,8,"[541,694,581,782,710,751,667,672]","[1488000,1953000,1702000,2298000,2087000,2111000,1910000,1897000]",782,15446000
21,18,8,"[575,686,619,748,771,765,775,679]","[1577000,1873000,1737000,2192000,2226000,2141000,2207000,1934000]",775,15887000
21,19,8,"[575,617,684,751,762,765,745,682]","[1601000,1678000,1945000,2215000,2258000,2135000,2123000,1936000]",765,15891000
21,20,8,"[519,777,767,826,432,946,628,446]","[1414000,2318000,2222000,2307000,1182000,2788000,1806000,1243000]",946,15280000
21,21,8,"[579,789,660,619,455,1101,643,543]","[1598000,2259000,1923000,1705000,1258000,3283000,1893000,1533000]",1101,15452000
21,22,8,"[775,684,782,706,769,776,655,746]","[2173000,1953000,2180000,2036000,2237000,2157000,1790000,2107000]",782,16633000
21,23,8,"[541,694,585,790,678,804,645,671]","[1505000,1956000,1729000,2312000,1958000,2274000,1875000,1894000]",804,15503000
21,24,8,"[774,741,747,701,783,761,662,669]","[2168000,2130000,2060000,2026000,2261000,2121000,1857000,1886000]",783,16509000
21,25,8,"[564,688,557,744,727,754,792,677]","[1569000,1886000,1620000,2183000,2147000,2111000,2248000,1930000]",792,15694000
21,26,8,"[777,748,734,706,771,767,664,671]","[2168000,2153000,2032000,2051000,2247000,2151000,1859000,1899000]",777,16560000
21,27,8,"[532,701,576,783,693,812,666,670]","[1475000,1982000,1689000,2298000,1992000,2295000,1908000,1892000]",812,15531000
21,28,8,"[592,584,690,782,727,713,712,676]","[1650000,1611000,1961000,2306000,2140000,2004000,2010000,1931000]",782,15613000
21,29,8,"[539,703,677,781,710,751,667,678]","[1489000,1959000,1875000,2309000,2091000,2108000,1919000,1915000]",781,15665000
21,30,8,"[542,693,572,783,736,749,668,679]","[1507000,1944000,1678000,2303000,2151000,2104000,1924000,1925000]",783,15536000
21,31,8,"[571,593,692,761,734,747,716,677]","[1603000,1640000,1987000,2275000,2161000,2089000,2027000,1892000]",761,15674000
21,32,8,"[566,686,557,748,726,762,792,678]","[1573000,1877000,1626000,2200000,2142000,2136000,2248000,1932000]",792,15734000
21,33,8,"[789,676,763,703,784,764,720,671]","[2226000,1933000,2135000,2032000,2274000,2124000,1969000,1899000]",789,16592000
21,34,8,"[535,757,693,783,697,675,668,646]","[1481000,2153000,1939000,2304000,2078000,1879000,1924000,1815000]",783,15573000
21,35,8,"[779,690,801,737,740,765,716,671]","[2172000,1945000,2239000,2153000,2130000,2145000,1981000,1904000]",801,16669000
21,36,8,"[572,679,663,752,781,711,790,673]","[1578000,1862000,1827000,2233000,2282000,1968000,2215000,1880000]",790,15845000
21,37,8,"[579,619,609,739,781,761,752,681]","[1614000,1695000,1787000,2155000,2286000,2128000,2128000,1932000]",781,15725000
21,38,8,"[568,705,547,784,773,707,678,679]","[1589000,1986000,1594000,2305000,2276000,1981000,1956000,1912000]",784,15599000
21,39,8,"[545,700,593,794,692,812,631,670]","[1510000,1956000,1742000,2309000,2011000,2286000,1835000,1898000]",812,15547000
21,40,8,"[773,674,791,704,772,771,652,747]","[2166000,1933000,2217000,2040000,2247000,2140000,1779000,2107000]",791,16629000
21,41,8,"[569,703,607,766,713,752,675,665]","[1582000,1975000,1782000,2216000,2088000,2082000,1956000,1871000]",766,15552000
21,42,8,"[666,700,569,685,811,763,773,741]","[1881000,1954000,1681000,1980000,2316000,2144000,2332000,2100000]",811,16388000
21,43,8,"[770,703,723,838,731,771,629,711]","[2170000,2006000,2007000,2431000,2111000,2158000,1813000,1953000]",838,16649000
21,44,8,"[584,762,694,675,428,963,687,558]","[1610000,2190000,2023000,1923000,1161000,2856000,2049000,1560000]",963,15372000
21,45,8,"[569,683,615,769,833,637,757,684]","[1578000,1877000,1800000,2215000,2433000,1778000,2161000,1951000]",833,15793000
21,46,8,"[555,750,687,872,443,773,653,514]","[1531000,2222000,1998000,2456000,1246000,2305000,1881000,1444000]",872,15083000
21,47,8,"[574,684,681,729,783,711,783,668]","[1579000,1867000,1906000,2155000,2286000,1968000,2193000,1875000]",783,15829000
21,48,8,"[534,692,610,962,715,961,697,642]","[1521000,1924000,1778000,2764000,2024000,2742000,2054000,1841000]",962,16648000
21,49,8,"[570,700,608,688,766,748,675,666]","[1581000,1970000,1784000,2005000,2262000,2074000,1951000,1874000]",766,15501000
21,50,8,"[595,721,526,835,731,801,622,726]","[1675000,2022000,1520000,2422000,2093000,2244000,1815000,2058000]",835,15849000
21,51,8,"[537,690,581,784,666,803,675,670]","[1477000,1936000,1699000,2294000,1942000,2263000,1927000,1892000]",803,15430000
21,52,8,"[465,717,761,820,492,948,645,446]","[1290000,2140000,2243000,2308000,1346000,2782000,1825000,1243000]",948,15177000
21,53,8,"[573,616,672,771,782,780,756,672]","[1574000,1673000,1889000,2244000,2281000,2166000,2102000,1880000]",782,15809000
21,54,8,"[579,701,560,742,810,761,694,726]","[1621000,1972000,1629000,2174000,2291000,2136000,1984000,2042000]",810,15849000
21,55,8,"[513,548,687,745,780,765,749,685]","[1467000,1540000,1953000,2183000,2282000,2127000,2119000,1953000]",780,15624000
21,56,8,"[551,748,672,872,505,771,663,502]","[1516000,2224000,1959000,2456000,1397000,2310000,1885000,1395000]",872,15142000
21,57,8,"[744,752,709,733,658,765,710,653]","[2088000,2159000,2083000,2146000,1938000,2136000,1936000,1834000]",765,16320000
21,58,8,"[524,637,669,905,534,970,788,636]","[1429000,1787000,1905000,2566000,1460000,2783000,2262000,1792000]",970,15984000
21,59,8,"[671,772,715,822,799,759,694,599]","[1885000,2188000,1987000,2354000,2366000,2115000,1907000,1744000]",822,16546000
21,60,8,"[585,703,543,739,774,705,677,724]","[1636000,1983000,1588000,2156000,2294000,1967000,1956000,2034000]",774,15614000
21,61,8,"[554,737,709,734,699,991,681,714]","[1592000,2048000,2107000,2060000,1993000,2805000,1959000,2022000]",991,16586000
21,62,8,"[689,708,810,687,766,834,700,664]","[1970000,2082000,2290000,1998000,2269000,2292000,1938000,1874000]",834,16713000
21,63,8,"[572,707,548,782,746,754,679,683]","[1594000,1978000,1595000,2304000,2174000,2114000,1954000,1927000]",782,15640000
21,64,8,"[788,741,706,771,499,1111,727,699]","[2256000,2118000,1962000,2144000,1398000,3117000,2048000,2005000]",1111,17048000
21,65,8,"[565,700,636,786,718,759,668,673]","[1571000,1957000,1818000,2329000,2115000,2126000,1912000,1898000]",786,15726000
21,66,8,"[560,777,689,816,438,902,639,469]","[1537000,2327000,2020000,2293000,1206000,2677000,1842000,1322000]",902,15224000
21,67,8,"[576,702,579,795,707,754,628,636]","[1601000,1974000,1687000,2327000,2099000,2111000,1837000,1799000]",795,15435000
21,68,8,"[537,694,577,747,686,780,722,674]","[1485000,1955000,1691000,2172000,2031000,2190000,2100000,1900000]",780,15524000
21,69,8,"[549,702,574,750,699,807,667,658]","[1531000,1963000,1683000,2235000,2036000,2280000,1915000,1850000]",807,15493000
21,70,8,"[465,815,712,721,471,1058,561,428]","[1294000,2448000,2093000,1991000,1295000,3140000,1629000,1203000]",1058,15093000
21,71,8,"[567,687,631,751,729,765,775,687]","[1577000,1871000,1784000,2193000,2156000,2134000,2194000,1955000]",775,15864000
21,72,8,"[518,619,626,750,730,764,784,685]","[1492000,1742000,1768000,2191000,2163000,2128000,2223000,1949000]",784,15656000
21,73,8,"[521,585,688,758,733,710,715,678]","[1513000,1611000,1960000,2260000,2172000,1984000,2014000,1932000]",758,15446000
21,74,8,"[582,713,659,563,450,1097,727,543]","[1608000,2015000,1910000,1601000,1232000,3281000,2162000,1533000]",1097,15342000
21,75,8,"[565,653,584,790,704,745,689,681]","[1582000,1852000,1704000,2313000,2093000,2085000,1967000,1933000]",790,15529000
21,76,8,"[569,678,561,717,756,762,784,630]","[1582000,1859000,1645000,2120000,2217000,2123000,2225000,1780000]",784,15551000
21,77,8,"[780,675,790,735,740,722,719,671]","[2177000,1929000,2234000,2152000,2148000,2056000,1977000,1904000]",790,16577000
21,78,8,"[516,686,532,742,759,764,780,679]","[1510000,1878000,1567000,2172000,2225000,2134000,2217000,1934000]",780,15637000
21,79,8,"[576,602,688,786,732,754,718,679]","[1589000,1670000,1945000,2297000,2153000,2114000,2036000,1937000]",786,15741000
21,80,8,"[446,813,687,768,473,1108,564,400]","[1230000,2446000,1998000,2140000,1303000,3274000,1647000,1118000]",1108,15156000
21,81,8,"[569,705,545,782,697,783,673,681]","[1585000,1976000,1592000,2299000,2063000,2196000,1931000,1914000]",783,15556000
21,82,8,"[531,705,577,791,662,746,712,673]","[1473000,1986000,1690000,2325000,1974000,2098000,2042000,1902000]",791,15490000
21,83,8,"[575,683,618,751,772,768,784,684]","[1582000,1877000,1735000,2206000,2231000,2142000,2220000,1940000]",784,15933000
21,84,8,"[570,617,703,750,767,768,746,671]","[1579000,1678000,1996000,2217000,2264000,2141000,2124000,1902000]",768,15901000
21,85,8,"[565,777,770,829,442,946,631,418]","[1544000,2321000,2222000,2330000,1202000,2785000,1805000,1152000]",946,15361000
21,86,8,"[582,790,663,619,476,1093,638,516]","[1604000,2259000,1924000,1703000,1327000,3269000,1882000,1452000]",1093,15420000
21,87,8,"[783,687,786,704,773,729,660,774]","[2205000,1962000,2202000,2038000,2244000,2039000,1793000,2187000]",786,16670000
21,88,8,"[539,693,587,788,677,782,684,668]","[1490000,1946000,1721000,2307000,1954000,2203000,1995000,1882000]",788,15498000
21,89,8,"[783,745,753,700,781,767,687,666]","[2199000,2140000,2081000,2026000,2261000,2139000,1930000,1883000]",783,16659000
21,90,8,"[570,693,552,744,675,819,781,682]","[1581000,1897000,1603000,2180000,1974000,2305000,2218000,1939000]",819,15697000
22,1,8,"[619,548,754,691,757,747,744,754]","[1832000,1591000,2149000,1974000,2171000,2134000,2118000,2137000]",757,16106000
22,2,8,"[628,470,1048,584,571,894,520,654]","[1752000,1324000,3119000,1666000,1614000,2616000,1493000,1838000]",1048,15422000
22,3,8,"[733,756,750,745,685,674,713,753]","[2022000,2106000,2097000,2196000,1946000,1972000,2001000,2151000]",756,16491000
22,4,8,"[642,611,767,609,795,749,624,619]","[1801000,1756000,2157000,1702000,2277000,2210000,1783000,1778000]",795,15464000
22,5,8,"[668,548,749,636,760,749,740,751]","[1993000,1591000,2145000,1807000,2175000,2140000,2098000,2136000]",760,16085000
22,6,8,"[662,504,604,820,848,805,717,531]","[1835000,1452000,1695000,2332000,2414000,2246000,1914000,1464000]",848,15352000
22,7,8,"[576,503,780,646,795,800,705,695]","[1573000,1469000,2245000,1799000,2247000,2271000,1981000,1992000]",800,15577000
22,8,8,"[573,515,788,644,803,780,679,715]","[1564000,1503000,2259000,1803000,2292000,2200000,1916000,2045000]",803,15582000
22,9,8,"[613,529,828,710,789,811,711,496]","[1694000,1544000,2392000,2018000,2266000,2365000,2025000,1394000]",828,15698000
22,10,8,"[572,494,728,640,851,777,685,715]","[1558000,1446000,2115000,1799000,2409000,2197000,1936000,2042000]",851,15502000
22,11,8,"[581,512,788,640,805,780,679,707]","[1583000,1496000,2263000,1794000,2302000,2196000,1912000,2029000]",805,15575000
22,12,8,"[626,452,1045,593,580,958,531,651]","[1740000,1295000,3104000,1692000,1638000,2740000,1535000,1824000]",1045,15568000
22,13,8,"[738,758,752,749,739,677,704,698]","[2022000,2118000,2101000,2202000,2096000,1977000,1989000,2002000]",758,16507000
22,14,8,"[685,500,750,705,762,752,729,747]","[1984000,1449000,2149000,2022000,2177000,2154000,2055000,2130000]",762,16120000
22,15,8,"[646,542,750,703,763,751,732,748]","[1876000,1574000,2147000,2009000,2179000,2154000,2064000,2132000]",763,16135000
22,16,8,"[589,453,787,771,766,954,505,640]","[1657000,1316000,2330000,2139000,2258000,2751000,1423000,1840000]",954,15714000
22,17,8,"[818,653,630,713,730,810,593,665]","[2295000,1856000,1771000,2101000,2091000,2310000,1671000,1882000]",818,15977000
22,18,8,"[647,452,1045,593,580,982,531,648]","[1818000,1295000,3104000,1692000,1638000,2746000,1535000,1819000]",1045,15647000
22,19,8,"[651,614,773,606,792,804,692,626]","[1833000,1768000,2169000,1697000,2265000,2314000,1933000,1788000]",804,15767000
22,20,8,"[645,610,767,608,793,827,626,622]","[1812000,1754000,2158000,1701000,2264000,2359000,1789000,1784000]",827,15621000
22,21,8,"[619,468,1054,584,582,963,523,651]","[1733000,1313000,3123000,1666000,1651000,2755000,1490000,1841000]",1054,15572000
22,22,8,"[574,501,782,642,856,782,676,695]","[1556000,1460000,2251000,1794000,2427000,2217000,1910000,1988000]",856,15603000
22,23,8,"[634,718,725,779,717,823,692,529]","[1763000,2059000,2124000,2230000,2021000,2330000,1870000,1455000]",823,15852000
22,24,8,"[580,507,826,709,854,828,721,497]","[1586000,1455000,2387000,2013000,2418000,2421000,2054000,1399000]",854,15733000
22,25,8,"[527,806,725,797,805,854,449,569]","[1508000,2309000,2000000,2264000,2297000,2436000,1285000,1576000]",854,15675000
22,26,8,"[583,500,725,816,724,839,698,631]","[1633000,1439000,2119000,2251000,2168000,2398000,1994000,1780000]",839,15782000
22,27,8,"[631,776,843,663,837,801,473,519]","[1763000,2145000,2493000,1858000,2392000,2305000,1324000,1412000]",843,15692000
22,28,8,"[628,836,840,665,809,798,473,519]","[1748000,2311000,2487000,1863000,2305000,2299000,1324000,1412000]",840,15749000
22,29,8,"[581,528,823,713,851,749,761,493]","[1583000,1532000,2375000,2021000,2422000,2179000,2199000,1380000]",851,15691000
22,30,8,"[644,543,754,703,765,754,729,747]","[1876000,1574000,2167000,2005000,2181000,2159000,2044000,2130000]",765,16136000
22,31,8,"[575,509,826,709,852,802,759,487]","[1564000,1480000,2381000,2013000,2422000,2312000,2202000,1370000]",852,15744000
22,32,8,"[576,487,803,718,796,741,817,740]","[1590000,1431000,2288000,2023000,2261000,2109000,2309000,2189000]",817,16200000
22,33,8,"[659,609,796,776,794,787,712,587]","[1819000,1692000,2275000,2193000,2256000,2256000,2000000,1677000]",796,16168000
22,34,8,"[685,572,743,715,772,709,734,749]","[1987000,1661000,2117000,2055000,2190000,2019000,2064000,2152000]",772,16245000
22,35,8,"[620,714,727,794,805,858,450,575]","[1823000,2038000,2006000,2268000,2300000,2440000,1283000,1585000]",858,15743000
22,36,8,"[587,500,727,812,728,855,696,607]","[1644000,1439000,2126000,2243000,2188000,2445000,1994000,1721000]",855,15800000
22,37,8,"[591,453,846,773,762,956,494,627]","[1660000,1313000,2446000,2147000,2240000,2761000,1406000,1803000]",956,15776000
22,38,8,"[579,488,797,714,797,745,815,744]","[1585000,1432000,2272000,2031000,2260000,2102000,2322000,2195000]",815,16199000
22,39,8,"[677,670,717,770,727,829,708,525]","[1903000,1924000,2091000,2202000,2066000,2340000,1927000,1447000]",829,15900000
22,40,8,"[595,518,832,719,851,804,765,476]","[1620000,1499000,2386000,2034000,2421000,2317000,2231000,1334000]",851,15842000
22,41,8,"[538,800,771,805,804,729,555,506]","[1621000,2304000,2164000,2292000,2298000,2081000,1589000,1466000]",805,15815000
22,42,8,"[594,471,708,728,718,810,725,827]","[1657000,1420000,1953000,2070000,2074000,2301000,1978000,2390000]",827,15843000
22,43,8,"[630,534,787,707,804,752,756,570]","[1734000,1538000,2258000,2011000,2286000,2138000,2184000,1618000]",804,15767000
22,44,8,"[616,450,808,580,757,808,734,656]","[1700000,1289000,2312000,1610000,2191000,2357000,2099000,1842000]",808,15400000
22,45,8,"[634,580,739,719,716,743,724,637]","[1759000,1685000,2099000,2060000,2034000,2124000,2036000,1831000]",743,15628000
22,46,8,"[662,508,893,702,784,849,540,608]","[1818000,1418000,2625000,2032000,2213000,2443000,1565000,1717000]",893,15831000
22,47,8,"[644,609,767,610,793,678,729,626]","[1810000,1750000,2153000,1714000,2270000,2000000,2076000,1807000]",793,15580000
22,48,8,"[655,534,930,717,639,855,536,612]","[1830000,1497000,2740000,2059000,1761000,2538000,1525000,1743000]",930,15693000
22,49,8,"[789,522,729,647,845,777,709,660]","[2150000,1514000,2115000,1816000,2392000,2202000,1996000,1833000]",845,16018000
22,50,8,"[619,800,787,633,798,789,527,638]","[1722000,2241000,2266000,1774000,2258000,2289000,1484000,1806000]",800,15840000
22,51,8,"[556,766,742,795,811,820,630,496]","[1568000,2169000,2039000,2259000,2318000,2324000,1787000,1379000]",820,15843000
22,52,8,"[629,529,915,608,749,887,528,612]","[1741000,1449000,2706000,1754000,2107000,2625000,1511000,1736000]",915,15629000
22,53,8,"[691,764,913,720,771,717,512,502]","[1899000,2131000,2667000,2016000,2281000,2059000,1458000,1388000]",913,15899000
22,54,8,"[614,517,787,730,818,747,689,703]","[1683000,1509000,2257000,2070000,2326000,2127000,1933000,1934000]",818,15839000
22,55,8,"[684,574,737,721,723,726,612,638]","[1980000,1648000,2091000,2063000,2079000,2071000,1759000,1822000]",737,15513000
22,56,8,"[661,538,922,718,732,849,545,609]","[1842000,1497000,2730000,2071000,2049000,2415000,1576000,1713000]",922,15893000
22,57,8,"[651,569,743,727,770,711,733,749]","[1923000,1640000,2116000,2081000,2188000,2025000,2057000,2134000]",770,16164000
22,58,8,"[714,709,718,682,803,823,694,526]","[1968000,2058000,2107000,1991000,2272000,2293000,1870000,1448000]",823,16007000
22,59,8,"[668,519,786,647,763,753,730,745]","[1993000,1491000,2265000,1836000,2182000,2156000,2060000,2126000]",786,16109000
22,60,8,"[646,605,742,578,800,670,722,677]","[1814000,1740000,2085000,1612000,2266000,1942000,2074000,1981000]",800,15514000
22,61,8,"[689,513,898,705,787,869,541,616]","[1939000,1449000,2651000,2040000,2209000,2421000,1566000,1736000]",898,16011000
22,62,8,"[645,509,905,689,661,801,658,743]","[1878000,1464000,2603000,1978000,1882000,2279000,1886000,2125000]",905,16095000
22,63,8,"[574,500,780,585,793,798,717,709]","[1556000,1465000,2244000,1626000,2273000,2267000,2015000,2026000]",798,15472000
22,64,8,"[673,477,925,681,666,802,654,604]","[1874000,1376000,2729000,1921000,1894000,2284000,1873000,1766000]",925,15717000
22,65,8,"[610,503,741,578,796,757,733,694]","[1666000,1458000,2133000,1621000,2243000,2140000,2081000,2010000]",796,15352000
22,66,8,"[626,541,754,695,757,754,741,754]","[1846000,1568000,2146000,1981000,2171000,2146000,2116000,2143000]",757,16117000
22,67,8,"[628,475,980,584,571,942,520,654]","[1766000,1334000,2914000,1666000,1614000,2775000,1493000,1852000]",980,15414000
22,68,8,"[729,760,639,741,736,673,713,756]","[2014000,2131000,1812000,2188000,2108000,1966000,1991000,2159000]",760,16369000
22,69,8,"[644,613,771,608,729,753,660,624]","[1809000,1768000,2161000,1701000,2106000,2214000,1884000,1784000]",771,15427000
22,70,8,"[671,543,755,634,758,748,736,751]","[1999000,1574000,2153000,1805000,2173000,2132000,2082000,2134000]",758,16052000
22,71,8,"[669,499,611,846,806,796,709,523]","[1850000,1448000,1709000,2435000,2285000,2234000,1906000,1446000]",846,15313000
22,72,8,"[579,505,737,684,798,800,704,694]","[1588000,1473000,2134000,1909000,2253000,2271000,1979000,1981000]",800,15588000
22,73,8,"[573,499,788,641,794,782,680,716]","[1588000,1464000,2259000,1792000,2266000,2210000,1914000,2039000]",794,15532000
22,74,8,"[602,537,838,709,787,807,711,480]","[1654000,1580000,2419000,2015000,2258000,2343000,2021000,1356000]",838,15646000
22,75,8,"[574,496,727,642,851,777,681,717]","[1559000,1457000,2117000,1800000,2410000,2192000,1918000,2042000]",851,15495000
22,76,8,"[573,511,726,641,801,774,675,726]","[1552000,1499000,2115000,1791000,2297000,2199000,1911000,2067000]",801,15431000
22,77,8,"[629,489,1048,581,592,961,480,663]","[1756000,1386000,3122000,1660000,1669000,2746000,1393000,1868000]",1048,15600000
22,78,8,"[735,754,806,748,736,668,703,648]","[2029000,2104000,2254000,2213000,2088000,1957000,1987000,1858000]",806,16490000
22,79,8,"[685,531,760,659,763,753,731,747]","[1984000,1557000,2164000,1892000,2179000,2169000,2059000,2128000]",763,16132000
22,80,8,"[646,535,756,694,767,756,736,736]","[1886000,1546000,2152000,1982000,2186000,2163000,2081000,2117000]",767,16113000
22,81,8,"[589,453,773,771,767,969,505,640]","[1653000,1316000,2282000,2139000,2258000,2801000,1423000,1840000]",969,15712000
22,82,8,"[788,662,638,719,724,816,586,674]","[2217000,1891000,1797000,2113000,2074000,2318000,1642000,1918000]",816,15970000
22,83,8,"[647,451,1050,586,575,981,535,599]","[1819000,1293000,3126000,1679000,1630000,2741000,1540000,1735000]",1050,15563000
22,84,8,"[649,612,779,604,792,811,682,624]","[1821000,1764000,2182000,1693000,2265000,2325000,1931000,1788000]",811,15769000
22,85,8,"[642,645,768,605,794,828,627,569]","[1799000,1871000,2159000,1695000,2266000,2352000,1791000,1639000]",828,15572000
22,86,8,"[619,468,1054,584,570,967,520,651]","[1733000,1313000,3123000,1666000,1611000,2767000,1484000,1841000]",1054,15538000
22,87,8,"[572,496,788,642,845,782,677,688]","[1564000,1448000,2255000,1794000,2392000,2218000,1911000,1954000]",845,15536000
22,88,8,"[505,727,714,774,719,821,704,522]","[1490000,2096000,2085000,2229000,2029000,2309000,1896000,1441000]",821,15575000
22,89,8,"[584,507,824,712,853,821,709,493]","[1592000,1474000,2374000,2019000,2422000,2377000,2029000,1382000]",853,15669000
22,90,8,"[527,812,727,808,800,769,454,573]","[1549000,2333000,2002000,2301000,2278000,2273000,1287000,1584000]",812,15607000
23,1,8,"[489,765,742,716,714,668,602,759]","[1419000,2181000,2059000,2059000,2043000,1989000,1655000,2091000]",765,15496000
23,2,8,"[803,592,864,657,732,595,653,545]","[2315000,1733000,2555000,1894000,2064000,1781000,1951000,1504000]",864,15797000
23,3,8,"[710,792,706,689,735,741,677,690]","[1969000,2303000,1937000,1916000,2083000,2131000,1867000,1961000]",792,16167000
23,4,8,"[746,825,709,663,727,596,614,640]","[2119000,2470000,2086000,1866000,2129000,1721000,1798000,1925000]",825,16114000
23,5,8,"[826,641,830,655,739,607,656,549]","[2402000,1813000,2465000,1895000,2090000,1800000,1959000,1509000]",830,15933000
23,6,8,"[767,664,867,659,737,597,655,549]","[2218000,1892000,2548000,1910000,2079000,1775000,1955000,1508000]",867,15885000
23,7,8,"[797,581,740,654,838,664,690,576]","[2194000,1684000,2090000,1829000,2378000,1883000,1989000,1659000]",838,15706000
23,8,8,"[799,748,763,770,733,597,722,624]","[2291000,2204000,2139000,2212000,2132000,1714000,2061000,1728000]",799,16481000
23,9,8,"[501,672,818,657,692,689,971,468]","[1402000,1924000,2336000,1869000,1944000,2052000,2874000,1330000]",971,15731000
23,10,8,"[664,786,784,722,669,726,806,599]","[1872000,2272000,2166000,1993000,1874000,2103000,2279000,1715000]",806,16274000
23,11,8,"[682,731,789,725,676,717,803,634]","[1934000,2097000,2182000,2008000,1916000,2085000,2274000,1841000]",803,16337000
23,12,8,"[776,751,675,685,799,617,602,749]","[2248000,2211000,1894000,2021000,2306000,1743000,1678000,2111000]",799,16212000
23,13,8,"[716,789,711,697,751,762,693,686]","[1987000,2299000,1943000,1941000,2111000,2187000,1894000,1950000]",789,16312000
23,14,8,"[641,744,827,699,556,633,811,593]","[1793000,2081000,2360000,1997000,1572000,1914000,2409000,1692000]",827,15818000
23,15,8,"[457,787,866,706,667,637,738,638]","[1281000,2226000,2502000,2032000,1890000,1927000,2172000,1789000]",866,15819000
23,16,8,"[986,742,591,632,673,590,801,526]","[2751000,2187000,1663000,1739000,1901000,1691000,2262000,1466000]",986,15660000
23,17,8,"[645,759,777,689,579,629,811,640]","[1793000,2144000,2217000,1986000,1627000,1900000,2419000,1784000]",811,15870000
23,18,8,"[505,676,709,743,696,702,868,594]","[1402000,1932000,2018000,2142000,1961000,2096000,2567000,1696000]",868,15814000
23,19,8,"[508,668,813,654,695,700,966,468]","[1424000,1916000,2311000,1865000,1953000,2083000,2859000,1328000]",966,15739000
23,20,8,"[797,746,764,768,759,597,718,627]","[2287000,2197000,2142000,2202000,2164000,1711000,2055000,1737000]",797,16495000
23,21,8,"[671,594,953,638,811,611,660,545]","[1952000,1662000,2841000,1833000,2307000,1806000,1970000,1503000]",953,15874000
23,22,8,"[800,581,817,652,762,664,691,575]","[2209000,1684000,2340000,1829000,2127000,1883000,1999000,1663000]",817,15734000
23,23,8,"[588,715,681,738,702,701,797,644]","[1641000,2025000,1955000,2131000,1956000,2097000,2323000,1797000]",797,15925000
23,24,8,"[569,714,760,745,698,704,790,640]","[1578000,2030000,2137000,2143000,1951000,2103000,2315000,1786000]",790,16043000
23,25,8,"[806,642,865,658,733,597,655,549]","[2319000,1818000,2548000,1908000,2072000,1785000,1951000,1512000]",865,15913000
23,26,8,"[802,753,771,771,791,637,733,594]","[2297000,2182000,2256000,2206000,2219000,1809000,2074000,1629000]",802,16672000
23,27,8,"[462,591,1132,618,963,465,820,426]","[1386000,1644000,3374000,1746000,2777000,1388000,2420000,1165000]",1132,15900000
23,28,8,"[509,675,814,664,672,703,956,521]","[1426000,1943000,2311000,1910000,1892000,2084000,2854000,1450000]",956,15870000
23,29,8,"[689,786,741,737,814,623,735,511]","[1932000,2205000,2179000,2122000,2343000,1772000,2116000,1445000]",814,16114000
23,30,8,"[507,684,821,645,682,698,961,517]","[1417000,1949000,2334000,1848000,1930000,2080000,2860000,1442000]",961,15860000
23,31,8,"[733,624,795,639,815,629,719,654]","[1996000,1807000,2314000,1779000,2380000,1818000,1984000,1871000]",815,15949000
23,32,8,"[684,772,803,757,711,677,710,692]","[1973000,2279000,2290000,2166000,2023000,1959000,2012000,1907000]",803,16609000
23,33,8,"[803,649,830,650,752,620,653,571]","[2314000,1820000,2457000,1860000,2138000,1837000,1949000,1576000]",830,15951000
23,34,8,"[996,787,539,628,673,576,808,555]","[2772000,2318000,1503000,1715000,1894000,1655000,2272000,1547000]",996,15676000
23,35,8,"[670,592,954,638,828,607,660,545]","[1948000,1665000,2841000,1833000,2335000,1786000,1967000,1495000]",954,15870000
23,36,8,"[568,717,777,751,699,700,792,638]","[1563000,2034000,2188000,2164000,1955000,2083000,2315000,1773000]",792,16075000
23,37,8,"[834,773,712,623,711,738,693,698]","[2310000,2257000,1961000,1699000,2055000,2127000,1918000,1977000]",834,16304000
23,38,8,"[807,649,830,648,748,620,653,571]","[2328000,1829000,2454000,1860000,2127000,1837000,1949000,1576000]",830,15960000
23,39,8,"[624,649,1045,720,780,613,704,427]","[1716000,1806000,3037000,2040000,2212000,1839000,1972000,1229000]",1045,15851000
23,40,8,"[742,732,788,715,679,723,810,601]","[2099000,2101000,2172000,1983000,1928000,2113000,2284000,1715000]",810,16395000
23,41,8,"[664,773,872,624,806,691,682,690]","[1835000,2218000,2398000,1716000,2283000,1966000,1887000,1973000]",872,16276000
23,42,8,"[427,770,986,626,723,595,864,468]","[1193000,2172000,2806000,1800000,2076000,1770000,2588000,1328000]",986,15733000
23,43,8,"[778,582,795,806,613,727,705,674]","[2255000,1630000,2314000,2329000,1732000,2109000,2047000,1863000]",806,16279000
23,44,8,"[912,717,840,702,669,697,675,538]","[2583000,1972000,2406000,2086000,1917000,2061000,1984000,1500000]",912,16509000
23,45,8,"[898,769,725,661,660,733,599,692]","[2484000,2207000,2014000,1823000,1852000,2087000,1686000,1965000]",898,16118000
23,46,8,"[938,873,706,736,710,639,727,600]","[2583000,2538000,2006000,2156000,1991000,1823000,2054000,1702000]",938,16853000
23,47,8,"[915,608,738,684,785,701,754,713]","[2511000,1733000,2088000,1899000,2215000,1985000,2133000,2013000]",915,16577000
23,48,8,"[733,560,815,658,781,687,687,618]","[1999000,1591000,2294000,1826000,2229000,1953000,1998000,1809000]",815,15699000
23,49,8,"[608,891,752,615,937,625,744,681]","[1762000,2553000,2115000,1794000,2638000,1852000,2096000,1858000]",937,16668000
23,50,8,"[670,514,872,695,608,737,793,615]","[1891000,1469000,2531000,1968000,1690000,2124000,2324000,1740000]",872,15737000
23,51,8,"[717,618,925,634,707,701,658,550]","[2079000,1724000,2753000,1815000,2012000,2080000,1959000,1521000]",925,15943000
23,52,8,"[622,609,985,766,767,636,742,507]","[1794000,1738000,2901000,2171000,2132000,1901000,2167000,1420000]",985,16224000
23,53,8,"[730,625,859,654,776,624,716,652]","[1981000,1788000,2492000,1785000,2263000,1795000,1966000,1855000]",859,15925000
23,54,8,"[934,745,733,580,750,621,838,610]","[2624000,2096000,2059000,1607000,2108000,1773000,2358000,1790000]",934,16415000
23,55,8,"[686,753,677,669,834,647,748,725]","[1987000,2209000,1907000,1979000,2403000,1842000,2106000,2022000]",834,16455000
23,56,8,"[809,738,804,713,623,636,690,511]","[2199000,2104000,2270000,2002000,1785000,1911000,1992000,1444000]",809,15707000
23,57,8,"[810,593,779,628,704,759,816,593]","[2345000,1655000,2277000,1729000,1954000,2243000,2400000,1646000]",816,16249000
23,58,8,"[453,752,751,667,771,645,818,760]","[1281000,2137000,2096000,1898000,2155000,1925000,2378000,2153000]",818,16023000
23,59,8,"[740,723,818,646,788,676,868,613]","[2091000,2103000,2271000,1747000,2231000,1937000,2469000,1735000]",868,16584000
23,60,8,"[559,718,884,702,592,699,583,695]","[1623000,2042000,2506000,2027000,1664000,2076000,1616000,1953000]",884,15507000
23,61,8,"[617,590,946,700,919,626,683,574]","[1693000,1691000,2729000,1927000,2546000,1745000,1987000,1652000]",946,15970000
23,62,8,"[687,777,805,642,697,745,774,768]","[1917000,2228000,2210000,1775000,1981000,2111000,2207000,2148000]",805,16577000
23,63,8,"[682,729,784,719,676,716,860,596]","[1925000,2097000,2164000,1991000,1907000,2094000,2436000,1710000]",860,16324000
23,64,8,"[843,773,748,637,674,739,696,732]","[2366000,2222000,2063000,1757000,1901000,2119000,1914000,2039000]",843,16381000
23,65,8,"[739,789,837,658,699,715,783,540]","[2084000,2248000,2327000,1799000,1949000,2105000,2323000,1548000]",837,16383000
23,66,8,"[489,765,711,715,713,664,619,761]","[1419000,2176000,1973000,2057000,2037000,1981000,1704000,2085000]",765,15432000
23,67,8,"[806,595,850,638,735,592,659,546]","[2329000,1746000,2526000,1855000,2068000,1763000,1963000,1502000]",850,15752000
23,68,8,"[717,787,697,683,743,788,683,621]","[1974000,2297000,1896000,1891000,2101000,2286000,1888000,1766000]",788,16099000
23,69,8,"[715,821,710,667,726,591,618,660]","[2050000,2460000,2101000,1870000,2127000,1707000,1818000,1988000]",821,16121000
23,70,8,"[827,640,831,657,705,608,654,550]","[2404000,1811000,2470000,1895000,2020000,1802000,1959000,1514000]",831,15875000
23,71,8,"[765,668,863,654,739,639,599,550]","[2214000,1912000,2554000,1906000,2081000,1920000,1781000,1523000]",863,15891000
23,72,8,"[802,585,713,656,846,667,691,568]","[2210000,1696000,2035000,1838000,2390000,1886000,1996000,1634000]",846,15685000
23,73,8,"[796,746,765,774,745,598,730,634]","[2285000,2188000,2145000,2214000,2168000,1721000,2078000,1747000]",796,16546000
23,74,8,"[505,673,818,646,696,690,971,459]","[1392000,1922000,2323000,1836000,1957000,2055000,2899000,1321000]",971,15705000
23,75,8,"[668,785,782,719,673,711,807,600]","[1887000,2272000,2162000,1991000,1894000,2078000,2275000,1715000]",807,16274000
23,76,8,"[682,730,789,758,675,717,803,587]","[1934000,2099000,2182000,2137000,1911000,2085000,2274000,1687000]",803,16309000
23,77,8,"[773,746,680,686,802,616,589,747]","[2242000,2213000,1913000,2016000,2312000,1737000,1649000,2107000]",802,16189000
23,78,8,"[719,716,711,697,751,819,693,686]","[2002000,2075000,1943000,1941000,2111000,2384000,1894000,1950000]",819,16300000
23,79,8,"[639,747,830,700,557,632,882,592]","[1781000,2109000,2368000,2011000,1577000,1906000,2563000,1684000]",882,15999000
23,80,8,"[457,689,866,706,667,637,815,638]","[1281000,1937000,2502000,2032000,1890000,1927000,2419000,1789000]",866,15777000
23,81,8,"[988,744,594,632,676,592,803,518]","[2750000,2192000,1674000,1725000,1913000,1699000,2264000,1459000]",988,15676000
23,82,8,"[645,757,781,687,586,635,809,636]","[1793000,2144000,2223000,1986000,1657000,1907000,2419000,1768000]",809,15897000
23,83,8,"[502,682,711,744,695,749,814,602]","[1402000,1940000,2012000,2138000,1963000,2231000,2409000,1700000]",814,15795000
23,84,8,"[504,705,818,659,674,702,965,468]","[1412000,2000000,2320000,1880000,1895000,2099000,2863000,1332000]",965,15801000
23,85,8,"[800,752,765,778,726,656,724,631]","[2292000,2221000,2136000,2219000,2070000,1890000,2072000,1747000]",800,16647000
23,86,8,"[666,585,954,642,812,612,658,541]","[1944000,1637000,2846000,1833000,2307000,1808000,1970000,1493000]",954,15838000
23,87,8,"[869,579,745,656,760,663,689,575]","[2403000,1683000,2123000,1837000,2130000,1878000,1989000,1657000]",869,15700000
23,88,8,"[597,747,685,697,698,699,801,647]","[1672000,2146000,1965000,1997000,1956000,2081000,2329000,1803000]",801,15949000
23,89,8,"[591,713,764,741,673,706,793,645]","[1637000,2021000,2151000,2145000,1882000,2105000,2317000,1796000]",793,16054000
23,90,8,"[779,644,864,662,737,588,659,551]","[2267000,1813000,2571000,1921000,2089000,1759000,1981000,1528000]",864,15929000
24,1,8,"[667,648,702,763,769,696,632,746]","[1846000,1908000,1934000,2174000,2204000,1986000,1782000,2133000]",769,15967000
24,2,8,"[649,656,786,786,651,704,667,696]","[1826000,1922000,2195000,2285000,1822000,1987000,1940000,1961000]",786,15938000
24,3,8,"[779,635,806,711,614,759,501,727]","[2262000,1795000,2246000,2023000,1789000,2109000,1437000,2182000]",806,15843000
24,4,8,"[668,615,811,680,618,626,564,772]","[1875000,1717000,2288000,1928000,1800000,1742000,1611000,2300000]",811,15261000
24,5,8,"[778,722,773,785,628,673,567,696]","[2205000,2068000,2216000,2199000,1696000,1864000,1596000,1983000]",785,15827000
24,6,8,"[745,622,818,785,744,543,705,516]","[2057000,1747000,2298000,2377000,2111000,1538000,2007000,1481000]",818,15616000
24,7,8,"[677,666,776,789,732,811,559,547]","[1887000,1881000,2260000,2325000,2011000,2235000,1597000,1557000]",811,15753000
24,8,8,"[670,637,709,762,774,697,645,752]","[1856000,1889000,1938000,2173000,2210000,1991000,1814000,2144000]",774,16015000
24,9,8,"[633,726,817,657,649,712,649,675]","[1779000,1980000,2392000,1916000,1799000,2011000,1825000,1976000]",817,15678000
24,10,8,"[665,623,822,681,613,633,571,760]","[1873000,1758000,2312000,1921000,1790000,1770000,1637000,2272000]",822,15333000
24,11,8,"[751,527,985,1029,562,648,500,458]","[2212000,1498000,2810000,2940000,1544000,1812000,1439000,1306000]",1029,15561000
24,12,8,"[811,613,813,679,610,651,773,638]","[2270000,1800000,2360000,1939000,1736000,1851000,2203000,1790000]",813,15949000
24,13,8,"[718,629,831,639,634,635,803,703]","[2076000,1848000,2343000,1769000,1755000,1835000,2215000,2110000]",831,15951000
24,14,8,"[691,714,909,724,713,571,585,534]","[1986000,2048000,2634000,2159000,1963000,1670000,1641000,1530000]",909,15631000
24,15,8,"[789,572,799,673,771,592,741,762]","[2225000,1630000,2201000,2046000,2207000,1684000,2147000,2094000]",799,16234000
24,16,8,"[719,749,705,699,722,623,781,741]","[2032000,2093000,2012000,2075000,2053000,1778000,2264000,2099000]",781,16406000
24,17,8,"[770,645,847,705,585,771,505,722]","[2224000,1829000,2358000,2022000,1685000,2157000,1439000,2152000]",847,15866000
24,18,8,"[652,724,811,757,663,795,615,641]","[1845000,2006000,2303000,2217000,1872000,2183000,1740000,1852000]",811,16018000
24,19,8,"[636,763,858,785,601,643,634,608]","[1836000,2199000,2460000,2285000,1637000,1842000,1807000,1713000]",858,15779000
24,20,8,"[631,723,824,657,689,712,628,678]","[1775000,1974000,2406000,1913000,1906000,2005000,1749000,1986000]",824,15714000
24,21,8,"[563,723,740,832,716,588,764,529]","[1615000,1982000,2081000,2480000,2035000,1707000,2155000,1552000]",832,15607000
24,22,8,"[824,640,800,705,617,765,481,725]","[2365000,1810000,2221000,2011000,1795000,2131000,1376000,2163000]",824,15872000
24,23,8,"[578,794,802,723,632,721,769,631]","[1660000,2251000,2321000,2116000,1713000,2025000,2251000,1810000]",802,16147000
24,24,8,"[734,641,754,828,691,720,659,568]","[2135000,1799000,2147000,2336000,1900000,2031000,1850000,1633000]",828,15831000
24,25,8,"[660,719,810,766,712,794,612,645]","[1862000,1982000,2291000,2245000,1971000,2176000,1741000,1854000]",810,16122000
24,26,8,"[829,619,868,704,711,604,520,665]","[2352000,1728000,2495000,2084000,1968000,1693000,1454000,1982000]",868,15756000
24,27,8,"[513,538,921,889,810,548,763,493]","[1511000,1529000,2531000,2632000,2348000,1544000,2138000,1449000]",921,15682000
24,28,8,"[803,799,701,740,688,660,753,724]","[2239000,2270000,1993000,2164000,1889000,1893000,2213000,2057000]",803,16718000
24,29,8,"[703,797,803,606,689,650,755,772]","[1980000,2257000,2306000,1792000,1892000,1856000,2218000,2211000]",803,16512000
24,30,8,"[779,646,853,677,622,759,503,721]","[2260000,1813000,2370000,1916000,1798000,2109000,1439000,2165000]",853,15870000
24,31,8,"[822,610,859,699,715,613,535,665]","[2341000,1715000,2483000,2064000,1979000,1710000,1474000,2002000]",859,15768000
24,32,8,"[652,767,840,847,600,644,635,617]","[1877000,2215000,2395000,2435000,1632000,1842000,1804000,1737000]",847,15937000
24,33,8,"[787,594,800,803,717,560,741,762]","[2216000,1687000,2213000,2392000,2031000,1605000,2160000,2097000]",803,16401000
24,34,8,"[756,530,984,1038,557,618,521,465]","[2229000,1507000,2808000,2967000,1528000,1722000,1513000,1324000]",1038,15598000
24,35,8,"[723,702,909,690,765,574,592,542]","[2072000,2022000,2637000,2031000,2115000,1679000,1670000,1541000]",909,15767000
24,36,8,"[671,619,894,755,578,726,526,769]","[1942000,1804000,2465000,2119000,1669000,2040000,1512000,2295000]",894,15846000
24,37,8,"[702,712,916,724,711,572,588,537]","[2019000,2039000,2645000,2159000,1951000,1672000,1647000,1533000]",916,15665000
24,38,8,"[740,704,852,759,693,763,539,715]","[2037000,2020000,2339000,2097000,2016000,2133000,1567000,2097000]",852,16306000
24,39,8,"[832,694,833,783,579,687,759,656]","[2300000,1931000,2321000,2223000,1627000,1944000,2166000,1893000]",833,16405000
24,40,8,"[800,806,794,602,691,655,767,726]","[2246000,2288000,2289000,1775000,1896000,1880000,2237000,2068000]",806,16679000
24,41,8,"[638,828,752,720,629,720,771,638]","[1818000,2346000,2164000,2109000,1716000,2031000,2242000,1825000]",828,16251000
24,42,8,"[762,633,772,696,748,637,535,733]","[2184000,1788000,2179000,1988000,2129000,1771000,1536000,2169000]",772,15744000
24,43,8,"[746,620,937,938,594,686,596,534]","[2107000,1765000,2703000,2629000,1645000,1888000,1768000,1511000]",938,16016000
24,44,8,"[864,644,747,700,607,711,730,629]","[2388000,1888000,2246000,2018000,1724000,2018000,2076000,1789000]",864,16147000
24,45,8,"[862,819,765,715,631,725,748,651]","[2419000,2313000,2205000,2109000,1718000,2045000,2194000,1874000]",862,16877000
24,46,8,"[844,961,702,696,689,631,787,767]","[2420000,2721000,2002000,2064000,1906000,1808000,2275000,2200000]",961,17396000
24,47,8,"[683,727,859,797,619,807,694,702]","[1957000,2044000,2364000,2338000,1799000,2298000,1961000,2020000]",859,16781000
24,48,8,"[641,698,889,789,690,715,573,731]","[1851000,2037000,2456000,2223000,1904000,2003000,1642000,2103000]",889,16219000
24,49,8,"[600,669,955,816,816,538,723,648]","[1717000,1926000,2640000,2460000,2341000,1516000,2052000,1820000]",955,16472000
24,50,8,"[789,697,940,736,687,555,750,665]","[2333000,1997000,2642000,2025000,1997000,1564000,2120000,1990000]",940,16668000
24,51,8,"[796,621,803,744,816,544,688,735]","[2243000,1769000,2226000,2280000,2342000,1529000,1974000,2044000]",816,16407000
24,52,8,"[784,652,794,680,599,786,566,730]","[2280000,1819000,2209000,1929000,1732000,2193000,1612000,2196000]",794,15970000
24,53,8,"[554,629,847,664,577,765,614,743]","[1555000,1785000,2384000,1871000,1637000,2157000,1736000,2239000]",847,15364000
24,54,8,"[606,620,823,785,790,558,582,743]","[1712000,1727000,2317000,2374000,2237000,1659000,1677000,2145000]",823,15848000
24,55,8,"[663,638,634,832,782,702,637,747]","[1840000,1888000,1735000,2369000,2233000,2010000,1793000,2131000]",832,15999000
24,56,8,"[766,662,916,933,593,652,655,684]","[2188000,1885000,2633000,2642000,1645000,1825000,1878000,1911000]",933,16607000
24,57,8,"[750,670,768,679,764,660,627,711]","[2111000,1888000,2237000,1860000,2125000,1859000,1770000,2057000]",768,15907000
24,58,8,"[784,727,769,766,805,583,653,568]","[2223000,2067000,2201000,2132000,2333000,1628000,1813000,1589000]",805,15986000
24,59,8,"[747,652,772,847,692,620,649,501]","[2204000,1842000,2204000,2459000,1889000,1787000,1967000,1400000]",847,15752000
24,60,8,"[603,637,794,700,643,662,601,743]","[1692000,1837000,2234000,1985000,1832000,1852000,1700000,2234000]",794,15366000
24,61,8,"[602,628,793,702,646,717,563,749]","[1687000,1806000,2217000,1986000,1847000,1995000,1600000,2248000]",793,15386000
24,62,8,"[607,624,846,727,643,728,748,716]","[1735000,1807000,2348000,2140000,1742000,2053000,2190000,2004000]",846,16019000
24,63,8,"[756,622,811,713,652,699,609,718]","[2101000,1756000,2254000,2017000,1884000,1977000,1710000,2133000]",811,15832000
24,64,8,"[620,738,850,857,633,696,622,553]","[1776000,2151000,2435000,2472000,1753000,1989000,1802000,1566000]",857,15944000
24,65,8,"[985,792,889,710,719,794,608,751]","[2974000,2450000,2517000,2054000,2068000,2160000,1714000,2239000]",985,18176000
24,66,8,"[677,640,700,764,643,699,689,746]","[1884000,1883000,1927000,2177000,1892000,1994000,1976000,2137000]",764,15870000
24,67,8,"[649,656,761,786,673,701,667,699]","[1826000,1922000,2113000,2285000,1901000,1971000,1940000,1976000]",786,15934000
24,68,8,"[774,637,794,666,615,764,501,724]","[2254000,1796000,2205000,1941000,1794000,2122000,1437000,2172000]",794,15721000
24,69,8,"[670,617,821,692,616,628,564,755]","[1886000,1731000,2298000,1948000,1800000,1750000,1611000,2253000]",821,15277000
24,70,8,"[778,722,771,783,628,674,475,696]","[2205000,2068000,2209000,2195000,1696000,1868000,1412000,1984000]",783,15637000
24,71,8,"[740,622,754,801,740,541,754,508]","[2049000,1743000,2118000,2404000,2107000,1535000,2168000,1446000]",801,15570000
24,72,8,"[691,678,771,792,730,819,569,548]","[1908000,1922000,2242000,2331000,2021000,2238000,1623000,1563000]",819,15848000
24,73,8,"[670,637,704,761,646,696,688,749]","[1847000,1889000,1936000,2168000,1898000,1989000,1956000,2143000]",761,15826000
24,74,8,"[638,726,823,660,654,643,649,726]","[1792000,1984000,2405000,1922000,1809000,1817000,1816000,2155000]",823,15700000
24,75,8,"[677,617,819,678,624,627,557,755]","[1926000,1751000,2322000,1912000,1814000,1748000,1591000,2242000]",819,15306000
24,76,8,"[757,527,982,1036,554,660,500,455]","[2241000,1497000,2802000,2965000,1519000,1849000,1437000,1303000]",1036,15613000
24,77,8,"[810,611,813,677,617,652,773,634]","[2263000,1793000,2373000,1935000,1762000,1860000,2203000,1782000]",813,15971000
24,78,8,"[683,627,840,675,635,635,803,705]","[1985000,1838000,2366000,1889000,1754000,1822000,2203000,2114000]",840,15971000
24,79,8,"[699,712,872,723,715,571,571,538]","[2019000,2038000,2559000,2148000,1964000,1670000,1610000,1547000]",872,15555000
24,80,8,"[791,574,801,677,716,592,741,764]","[2229000,1640000,2203000,2050000,2104000,1681000,2151000,2098000]",801,16156000
24,81,8,"[718,749,628,701,716,624,781,744]","[2030000,2080000,1845000,2079000,2035000,1778000,2270000,2109000]",781,16226000
24,82,8,"[767,600,846,712,586,769,506,718]","[2222000,1732000,2363000,2022000,1685000,2142000,1439000,2144000]",846,15749000
24,83,8,"[691,720,816,758,590,792,609,651]","[1958000,1995000,2289000,2216000,1685000,2173000,1735000,1881000]",816,15932000
24,84,8,"[634,762,858,783,481,647,632,687]","[1829000,2197000,2457000,2276000,1319000,1850000,1797000,1937000]",858,15662000
24,85,8,"[632,722,821,662,692,711,620,679]","[1768000,1976000,2388000,1928000,1921000,2012000,1755000,1988000]",821,15736000
24,86,8,"[575,722,749,837,715,585,772,467]","[1645000,1979000,2114000,2486000,2036000,1692000,2166000,1424000]",837,15542000
24,87,8,"[825,650,806,706,618,759,483,726]","[2377000,1827000,2231000,2013000,1803000,2106000,1380000,2174000]",825,15911000
24,88,8,"[579,817,801,713,631,689,765,633]","[1676000,2320000,2310000,2101000,1711000,1969000,2246000,1812000]",817,16145000
24,89,8,"[730,652,750,772,683,709,644,572]","[2138000,1841000,2112000,2229000,1885000,2009000,1813000,1638000]",772,15665000
24,90,8,"[659,758,815,729,711,783,611,640]","[1870000,2105000,2310000,2136000,1971000,2153000,1735000,1844000]",815,16124000
25,1,8,"[495,823,586,439,779,936,788,536]","[1386000,2382000,1698000,1279000,2305000,2784000,2284000,1507000]",936,15625000
25,2,8,"[620,820,628,475,802,785,775,515]","[1869000,2309000,1793000,1377000,2363000,2263000,2104000,1464000]",820,15542000
25,3,8,"[731,817,633,476,794,785,761,441]","[2125000,2303000,1804000,1378000,2348000,2253000,2079000,1320000]",817,15610000
25,4,8,"[637,908,573,592,799,789,626,469]","[1778000,2566000,1698000,1651000,2309000,2247000,1806000,1361000]",908,15416000
25,5,8,"[495,823,586,439,779,936,788,536]","[1386000,2382000,1698000,1279000,2305000,2784000,2284000,1507000]",936,15625000
25,6,8,"[640,908,576,590,800,786,624,470]","[1784000,2562000,1704000,1653000,2311000,2235000,1796000,1350000]",908,15395000
25,7,8,"[669,759,670,506,761,750,687,649]","[1934000,2135000,1958000,1465000,2237000,2172000,1898000,1814000]",761,15613000
25,8,8,"[665,768,678,499,753,764,720,611]","[1936000,2149000,1977000,1451000,2228000,2223000,1989000,1723000]",768,15676000
25,9,8,"[659,768,667,503,709,747,788,647]","[1916000,2159000,1943000,1462000,2075000,2172000,2173000,1810000]",788,15710000
25,10,8,"[721,819,636,473,791,785,754,514]","[2082000,2305000,1809000,1368000,2342000,2253000,2049000,1466000]",819,15674000
25,11,8,"[616,798,774,768,719,635,730,744]","[1716000,2259000,2249000,2262000,1968000,1766000,2110000,2138000]",798,16468000
25,12,8,"[496,917,585,438,791,936,754,515]","[1378000,2561000,1704000,1281000,2320000,2799000,2196000,1477000]",936,15716000
25,13,8,"[623,803,749,649,805,569,783,679]","[1732000,2275000,2184000,1910000,2291000,1593000,2286000,1941000]",805,16212000
25,14,8,"[495,912,584,438,775,938,786,535]","[1386000,2556000,1694000,1280000,2285000,2794000,2274000,1511000]",938,15780000
25,15,8,"[558,776,696,481,706,859,816,591]","[1616000,2227000,2039000,1383000,2074000,2550000,2354000,1636000]",859,15879000
25,16,8,"[797,796,728,681,774,752,687,615]","[2234000,2280000,2086000,1899000,2232000,2124000,1941000,1779000]",797,16575000
25,17,8,"[603,798,751,726,711,568,800,678]","[1687000,2265000,2190000,2096000,2061000,1591000,2332000,1940000]",800,16162000
25,18,8,"[611,800,753,722,773,571,800,671]","[1712000,2272000,2196000,2084000,2190000,1601000,2322000,1928000]",800,16305000
25,19,8,"[678,767,776,747,723,593,787,760]","[1905000,2175000,2233000,2193000,1970000,1684000,2283000,2182000]",787,16625000
25,20,8,"[681,764,783,744,720,628,781,749]","[1903000,2165000,2245000,2184000,1972000,1754000,2261000,2143000]",783,16627000
25,21,8,"[721,822,638,471,790,783,776,514]","[2078000,2311000,1809000,1368000,2340000,2249000,2094000,1466000]",822,15715000
25,22,8,"[495,912,584,438,775,938,786,535]","[1386000,2556000,1694000,1280000,2285000,2794000,2274000,1511000]",938,15780000
25,23,8,"[617,799,754,663,801,571,781,675]","[1714000,2261000,2190000,1928000,2267000,1597000,2278000,1939000]",801,16174000
25,24,8,"[667,911,621,364,876,930,680,415]","[1928000,2554000,1805000,1066000,2609000,2726000,2042000,1165000]",930,15895000
25,25,8,"[491,920,587,439,782,943,753,531]","[1372000,2577000,1706000,1279000,2304000,2803000,2201000,1499000]",943,15741000
25,26,8,"[618,666,685,548,650,785,886,694]","[1793000,1970000,1979000,1585000,1942000,2371000,2511000,1933000]",886,16084000
25,27,8,"[686,803,872,705,689,574,772,544]","[1954000,2359000,2565000,1994000,1863000,1628000,2183000,1517000]",872,16063000
25,28,8,"[651,546,526,684,740,726,920,821]","[1877000,1553000,1547000,1912000,2065000,2096000,2661000,2311000]",920,16022000
25,29,8,"[670,725,786,741,719,619,781,798]","[1874000,2038000,2268000,2182000,1972000,1736000,2262000,2281000]",798,16613000
25,30,8,"[629,945,584,450,849,777,673,695]","[1819000,2686000,1678000,1297000,2523000,2236000,1832000,2006000]",945,16077000
25,31,8,"[571,808,671,776,716,674,785,802]","[1588000,2277000,1962000,2281000,1967000,1879000,2264000,2291000]",808,16509000
25,32,8,"[415,734,301,203,1476,865,782,668]","[1138000,2134000,860000,586000,4385000,2495000,2288000,1939000]",1476,15825000
25,33,8,"[672,915,621,362,877,927,749,413]","[1925000,2569000,1802000,1066000,2607000,2725000,2197000,1158000]",927,16049000
25,34,8,"[515,763,590,610,844,823,750,753]","[1438000,2167000,1678000,1744000,2378000,2469000,2208000,2136000]",844,16218000
25,35,8,"[826,728,654,643,755,659,806,611]","[2300000,2077000,1893000,1853000,2167000,1901000,2296000,1752000]",826,16239000
25,36,8,"[612,810,667,771,719,636,787,803]","[1712000,2283000,1952000,2258000,1967000,1766000,2274000,2291000]",810,16503000
25,37,8,"[826,793,654,643,681,661,803,611]","[2303000,2286000,1893000,1851000,1956000,1911000,2290000,1752000]",826,16242000
25,38,8,"[614,800,753,723,717,607,747,808]","[1724000,2258000,2195000,2097000,2021000,1693000,2134000,2305000]",808,16427000
25,39,8,"[517,717,615,612,833,821,752,754]","[1454000,2048000,1753000,1751000,2353000,2473000,2208000,2138000]",833,16178000
25,40,8,"[679,806,872,705,690,599,771,547]","[1933000,2368000,2564000,1996000,1868000,1681000,2179000,1529000]",872,16118000
25,41,8,"[545,820,617,710,896,860,701,720]","[1529000,2360000,1751000,1999000,2527000,2532000,2077000,2030000]",896,16805000
25,42,8,"[674,816,780,511,734,780,731,665]","[1863000,2312000,2292000,1480000,2161000,2235000,1985000,1852000]",816,16180000
25,43,8,"[670,938,693,448,814,873,717,438]","[2027000,2611000,2058000,1295000,2456000,2562000,1963000,1263000]",938,16235000
25,44,8,"[721,802,756,521,779,729,732,736]","[2055000,2266000,2215000,1498000,2221000,2127000,2013000,2036000]",802,16431000
25,45,8,"[730,779,663,510,710,760,711,655]","[2105000,2191000,1896000,1488000,2104000,2214000,1971000,1836000]",779,15805000
25,46,8,"[587,853,737,614,853,692,718,754]","[1625000,2420000,2149000,1771000,2414000,1931000,2088000,2155000]",853,16553000
25,47,8,"[589,725,781,744,723,647,758,650]","[1766000,2065000,2255000,2193000,1979000,1803000,2170000,1834000]",781,16065000
25,48,8,"[718,856,622,671,798,772,643,465]","[1974000,2418000,1817000,1885000,2376000,2188000,1862000,1350000]",856,15870000
25,49,8,"[566,749,671,578,774,745,787,762]","[1603000,2113000,1970000,1657000,2157000,2233000,2310000,2152000]",787,16195000
25,50,8,"[533,820,720,490,710,820,843,600]","[1492000,2386000,2085000,1411000,2097000,2429000,2469000,1684000]",843,16053000
25,51,8,"[570,739,528,341,1291,721,798,720]","[1542000,2045000,1482000,962000,3896000,2105000,2298000,2047000]",1291,16377000
25,52,8,"[682,767,760,770,691,647,761,752]","[1890000,2162000,2224000,2239000,1950000,1805000,2221000,2147000]",770,16638000
25,53,8,"[749,857,752,479,702,679,767,668]","[2089000,2427000,2203000,1377000,2058000,1986000,2270000,1933000]",857,16343000
25,54,8,"[599,770,772,729,689,622,793,806]","[1674000,2171000,2208000,2099000,1984000,1711000,2292000,2304000]",806,16443000
25,55,8,"[624,814,760,742,810,562,778,645]","[1722000,2301000,2206000,2101000,2302000,1576000,2276000,1867000]",814,16351000
25,56,8,"[615,833,796,651,749,780,725,782]","[1729000,2347000,2290000,1884000,2052000,2232000,2028000,2215000]",833,16777000
25,57,8,"[737,829,714,452,742,776,679,620]","[2092000,2368000,2071000,1324000,2177000,2198000,1871000,1739000]",829,15840000
25,58,8,"[605,912,649,430,839,930,644,411]","[1732000,2556000,1881000,1233000,2489000,2729000,1960000,1159000]",930,15739000
25,59,8,"[541,757,699,471,709,859,825,607]","[1517000,2166000,2050000,1380000,2081000,2563000,2376000,1696000]",859,15829000
25,60,8,"[560,877,659,506,726,716,827,617]","[1693000,2453000,1893000,1489000,2127000,2057000,2270000,1735000]",877,15717000
25,61,8,"[790,808,811,754,740,575,815,714]","[2200000,2224000,2376000,2181000,2076000,1606000,2388000,2024000]",815,17075000
25,62,8,"[696,652,717,613,886,796,816,759]","[1971000,1860000,1956000,1694000,2495000,2393000,2334000,2141000]",886,16844000
25,63,8,"[637,802,754,678,774,575,779,635]","[1786000,2249000,2156000,1977000,2196000,1614000,2274000,1790000]",802,16042000
25,64,8,"[715,647,638,630,606,847,773,783]","[2018000,1830000,1862000,1752000,1790000,2420000,2219000,2182000]",847,16073000
25,65,8,"[672,736,704,735,788,650,873,736]","[1865000,2044000,2056000,2148000,2173000,1807000,2482000,2098000]",873,16673000
25,66,8,"[495,823,588,485,782,872,786,536]","[1386000,2383000,1696000,1431000,2296000,2605000,2277000,1507000]",872,15581000
25,67,8,"[615,793,625,481,793,784,810,514]","[1867000,2221000,1787000,1398000,2356000,2257000,2217000,1470000]",810,15573000
25,68,8,"[678,815,631,476,866,783,759,441]","[1983000,2299000,1798000,1378000,2540000,2249000,2062000,1320000]",866,15629000
25,69,8,"[640,912,600,594,798,788,628,468]","[1784000,2574000,1747000,1653000,2307000,2239000,1813000,1357000]",912,15474000
25,70,8,"[496,821,586,437,777,936,788,501]","[1386000,2370000,1695000,1279000,2298000,2786000,2284000,1440000]",936,15538000
25,71,8,"[641,919,577,589,796,798,631,474]","[1786000,2596000,1692000,1647000,2298000,2283000,1794000,1380000]",919,15476000
25,72,8,"[656,722,679,505,766,755,686,686]","[1904000,2032000,1976000,1463000,2258000,2187000,1897000,1948000]",766,15665000
25,73,8,"[669,750,677,501,753,768,729,614]","[1940000,2097000,1978000,1455000,2231000,2231000,2002000,1727000]",768,15661000
25,74,8,"[659,765,676,529,688,752,788,647]","[1916000,2143000,1970000,1544000,2012000,2182000,2179000,1810000]",788,15756000
25,75,8,"[721,820,636,473,805,784,758,516]","[2081000,2309000,1815000,1364000,2366000,2258000,2071000,1468000]",820,15732000
25,76,8,"[645,798,774,767,721,593,732,750]","[1819000,2259000,2249000,2255000,1977000,1649000,2118000,2175000]",798,16501000
25,77,8,"[496,914,585,438,784,944,751,515]","[1378000,2556000,1704000,1278000,2303000,2805000,2191000,1477000]",944,15692000
25,78,8,"[627,800,758,648,805,574,786,673]","[1773000,2269000,2224000,1914000,2280000,1603000,2301000,1932000]",805,16296000
25,79,8,"[495,912,584,435,782,942,788,535]","[1386000,2556000,1694000,1272000,2293000,2805000,2278000,1511000]",942,15795000
25,80,8,"[559,776,696,526,706,789,816,590]","[1618000,2227000,2037000,1529000,2074000,2354000,2344000,1634000]",816,15817000
25,81,8,"[802,773,730,682,774,777,687,620]","[2250000,2204000,2090000,1904000,2242000,2218000,1941000,1798000]",802,16647000
25,82,8,"[604,775,750,719,711,574,800,676]","[1688000,2211000,2187000,2076000,2061000,1603000,2322000,1940000]",800,16088000
25,83,8,"[606,801,751,677,812,571,800,674]","[1699000,2275000,2188000,1949000,2320000,1601000,2320000,1939000]",812,16291000
25,84,8,"[630,772,776,739,717,643,789,746]","[1758000,2176000,2237000,2168000,1963000,1847000,2295000,2137000]",789,16581000
25,85,8,"[676,767,791,722,714,625,802,752]","[1895000,2160000,2271000,2120000,1957000,1748000,2328000,2149000]",802,16628000
25,86,8,"[718,819,637,528,792,784,694,513]","[2077000,2307000,1810000,1542000,2340000,2251000,1869000,1464000]",819,15660000
25,87,8,"[495,914,584,438,777,938,788,506]","[1386000,2556000,1691000,1280000,2289000,2799000,2278000,1449000]",938,15728000
25,88,8,"[624,801,765,680,809,573,777,614]","[1728000,2266000,2215000,1994000,2287000,1601000,2274000,1784000]",809,16149000
25,89,8,"[672,917,620,384,879,929,679,407]","[1942000,2568000,1800000,1110000,2618000,2731000,2048000,1153000]",929,15970000
25,90,8,"[491,914,583,440,749,939,758,560]","[1372000,2560000,1691000,1281000,2196000,2794000,2220000,1597000]",939,15711000
26,1,8,"[458,587,663,431,1217,947,432,570]","[1303000,1645000,1857000,1234000,3711000,2737000,1215000,1616000]",1217,15318000
26,2,8,"[613,651,543,567,793,1014,611,601]","[1749000,1857000,1700000,1538000,2314000,2951000,1741000,1697000]",1014,15547000
26,3,8,"[633,790,652,672,560,753,638,696]","[1831000,2282000,1990000,1881000,1618000,2190000,1807000,1961000]",790,15560000
26,4,8,"[647,589,788,725,746,740,736,767]","[1811000,1594000,2168000,2059000,2146000,2092000,2165000,2219000]",788,16254000
26,5,8,"[691,624,790,710,795,644,736,766]","[1982000,1774000,2192000,2026000,2216000,1789000,2143000,2216000]",795,16338000
26,6,8,"[608,653,538,550,741,1044,617,641]","[1757000,1861000,1697000,1496000,2184000,3033000,1768000,1809000]",1044,15605000
26,7,8,"[536,586,586,636,1142,753,468,636]","[1535000,1684000,1658000,1800000,3451000,2156000,1308000,1797000]",1142,15389000
26,8,8,"[643,635,812,766,659,742,770,584]","[1812000,1783000,2226000,2206000,1887000,2105000,2238000,1651000]",812,15908000
26,9,8,"[647,589,788,725,746,740,736,767]","[1811000,1594000,2168000,2059000,2146000,2092000,2165000,2219000]",788,16254000
26,10,8,"[593,519,650,759,704,740,734,777]","[1685000,1422000,1800000,2165000,1996000,2077000,2155000,2239000]",777,15539000
26,11,8,"[539,584,596,634,1010,892,468,638]","[1540000,1688000,1694000,1802000,3055000,2566000,1308000,1804000]",1010,15457000
26,12,8,"[639,594,808,762,719,806,762,580]","[1818000,1700000,2225000,2193000,2012000,2233000,2223000,1640000]",808,16044000
26,13,8,"[645,651,816,768,721,806,762,582]","[1824000,1815000,2241000,2211000,2019000,2237000,2229000,1647000]",816,16223000
26,14,8,"[751,708,611,616,528,960,554,720]","[2183000,2025000,1858000,1703000,1506000,2715000,1575000,2020000]",960,15585000
26,15,8,"[654,587,775,706,770,800,683,762]","[1850000,1600000,2140000,2003000,2196000,2267000,1987000,2222000]",800,16265000
26,16,8,"[744,694,604,565,498,970,603,753]","[2159000,2005000,1837000,1571000,1437000,2732000,1701000,2133000]",970,15575000
26,17,8,"[638,658,845,715,655,815,691,580]","[1791000,1862000,2356000,2066000,1879000,2254000,2051000,1640000]",845,15899000
26,18,8,"[727,674,720,715,690,816,740,603]","[2033000,1921000,2037000,1979000,1980000,2312000,2119000,1703000]",816,16084000
26,19,8,"[461,589,663,435,1217,949,446,568]","[1318000,1652000,1855000,1230000,3719000,2733000,1268000,1650000]",1217,15425000
26,20,8,"[764,678,658,693,693,820,741,609]","[2176000,1919000,1858000,1941000,2007000,2316000,2121000,1724000]",820,16062000
26,21,8,"[468,593,649,391,1334,916,445,565]","[1344000,1659000,1833000,1079000,3982000,2629000,1239000,1604000]",1334,15369000
26,22,8,"[756,588,676,627,755,799,736,764]","[2102000,1615000,1867000,1758000,2156000,2276000,2174000,2217000]",799,16165000
26,23,8,"[634,601,847,720,619,808,765,619]","[1787000,1733000,2354000,2073000,1779000,2231000,2235000,1785000]",847,15977000
26,24,8,"[421,531,503,522,1456,893,430,564]","[1202000,1505000,1410000,1461000,4391000,2556000,1202000,1600000]",1456,15327000
26,25,8,"[553,580,610,639,1130,757,472,635]","[1589000,1673000,1724000,1821000,3406000,2165000,1329000,1781000]",1130,15488000
26,26,8,"[595,651,539,553,790,1045,617,607]","[1714000,1857000,1697000,1488000,2316000,3038000,1756000,1709000]",1045,15575000
26,27,8,"[742,674,802,806,573,664,765,765]","[2108000,1978000,2198000,2260000,1635000,1851000,2252000,2195000]",806,16477000
26,28,8,"[553,580,585,639,1144,757,472,636]","[1589000,1673000,1651000,1821000,3455000,2165000,1329000,1786000]",1144,15469000
26,29,8,"[645,630,823,770,650,812,767,577]","[1821000,1773000,2276000,2217000,1863000,2249000,2240000,1634000]",823,16073000
26,30,8,"[625,711,599,722,650,926,524,729]","[1808000,2027000,1834000,2070000,1859000,2620000,1522000,2048000]",926,15788000
26,31,8,"[618,791,659,670,570,856,637,702]","[1769000,2276000,2024000,1875000,1638000,2388000,1794000,1957000]",856,15721000
26,32,8,"[641,600,846,716,657,814,768,582]","[1822000,1731000,2352000,2071000,1897000,2252000,2237000,1656000]",846,16018000
26,33,8,"[638,628,844,716,655,814,761,580]","[1791000,1769000,2341000,2071000,1875000,2252000,2224000,1640000]",844,15963000
26,34,8,"[641,669,850,715,686,743,760,548]","[1793000,1906000,2360000,2042000,1985000,2062000,2219000,1542000]",850,15909000
26,35,8,"[421,564,503,522,1456,862,430,564]","[1202000,1617000,1410000,1461000,4391000,2452000,1202000,1600000]",1456,15335000
26,36,8,"[712,716,709,815,604,777,768,779]","[2034000,2054000,1952000,2279000,1730000,2190000,2162000,2253000]",815,16654000
26,37,8,"[651,676,858,721,661,668,765,594]","[1860000,1929000,2391000,2067000,1904000,1890000,2236000,1675000]",858,15952000
26,38,8,"[644,603,711,656,951,830,622,550]","[1813000,1731000,1998000,1885000,2755000,2291000,1835000,1559000]",951,15867000
26,39,8,"[601,579,610,641,1130,691,486,642]","[1722000,1671000,1724000,1834000,3406000,1982000,1372000,1798000]",1130,15509000
26,40,8,"[639,731,602,717,661,934,526,727]","[1863000,2071000,1839000,2066000,1879000,2641000,1526000,2032000]",934,15917000
26,41,8,"[697,650,708,679,697,814,691,665]","[1985000,1867000,1947000,1824000,1992000,2366000,2043000,1891000]",814,15915000
26,42,8,"[617,663,616,691,921,707,505,641]","[1735000,1886000,1712000,2010000,2825000,2017000,1422000,1801000]",921,15408000
26,43,8,"[570,591,553,544,1241,739,411,551]","[1617000,1714000,1559000,1544000,3693000,2124000,1155000,1576000]",1241,14982000
26,44,8,"[587,467,553,633,1005,804,614,717]","[1688000,1316000,1546000,1837000,2837000,2319000,1788000,2095000]",1005,15426000
26,45,8,"[696,626,895,741,643,734,688,600]","[1971000,1795000,2513000,2112000,1869000,2072000,2051000,1737000]",895,16120000
26,46,8,"[596,658,600,545,767,1030,607,608]","[1734000,1857000,1858000,1474000,2281000,2996000,1724000,1717000]",1030,15641000
26,47,8,"[609,723,676,722,769,698,594,702]","[1741000,2046000,1903000,2015000,2180000,1991000,1669000,2017000]",769,15562000
26,48,8,"[649,592,697,606,943,858,525,619]","[1836000,1677000,1988000,1753000,2625000,2482000,1449000,1702000]",943,15512000
26,49,8,"[731,557,705,633,824,787,775,703]","[2016000,1546000,2009000,1782000,2332000,2171000,2188000,2053000]",824,16097000
26,50,8,"[618,776,780,687,571,790,641,685]","[1760000,2221000,2331000,1929000,1619000,2209000,1821000,1914000]",790,15804000
26,51,8,"[676,575,568,621,1080,806,706,514]","[1903000,1581000,1599000,1748000,3286000,2328000,1978000,1409000]",1080,15832000
26,52,8,"[576,751,616,724,669,946,529,713]","[1655000,2120000,1906000,2044000,1980000,2642000,1557000,1991000]",946,15895000
26,53,8,"[629,628,569,765,901,731,604,640]","[1838000,1774000,1600000,2168000,2816000,2124000,1692000,1733000]",901,15745000
26,54,8,"[693,627,834,680,791,684,761,645]","[1986000,1772000,2334000,1904000,2207000,1889000,2238000,1862000]",834,16192000
26,55,8,"[533,554,668,659,1210,798,453,646]","[1540000,1486000,1814000,1906000,3590000,2316000,1296000,1843000]",1210,15791000
26,56,8,"[628,788,735,657,600,709,689,702]","[1804000,2269000,2213000,1828000,1727000,1994000,1957000,1965000]",788,15757000
26,57,8,"[774,535,609,728,842,727,725,778]","[2239000,1463000,1701000,2094000,2379000,2029000,2165000,2309000]",842,16379000
26,58,8,"[618,582,607,568,1118,685,525,643]","[1734000,1671000,1711000,1655000,3377000,1970000,1491000,1812000]",1118,15421000
26,59,8,"[775,588,661,718,597,991,626,639]","[2180000,1650000,2047000,1977000,1719000,2736000,1798000,1791000]",991,15898000
26,60,8,"[627,664,606,673,891,744,503,637]","[1747000,1900000,1709000,1941000,2771000,2131000,1409000,1793000]",891,15401000
26,61,8,"[543,581,578,587,1186,814,437,575]","[1560000,1673000,1636000,1640000,3577000,2339000,1237000,1628000]",1186,15290000
26,62,8,"[772,638,752,834,559,865,778,678]","[2214000,1847000,2075000,2319000,1585000,2377000,2232000,1991000]",865,16640000
26,63,8,"[565,555,702,568,1132,929,471,644]","[1602000,1605000,1953000,1628000,3322000,2650000,1329000,1812000]",1132,15901000
26,64,8,"[839,662,671,625,838,954,769,823]","[2294000,1792000,1861000,1763000,2371000,2601000,2181000,2410000]",954,17273000
26,65,8,"[570,729,649,717,719,865,572,686]","[1644000,2073000,2006000,2067000,2037000,2444000,1655000,1894000]",865,15820000
26,66,8,"[444,582,662,431,1215,949,443,566]","[1281000,1638000,1855000,1222000,3698000,2740000,1244000,1606000]",1215,15284000
26,67,8,"[618,655,540,567,747,1009,625,629]","[1769000,1863000,1707000,1533000,2196000,2954000,1786000,1786000]",1009,15594000
26,68,8,"[633,790,652,676,556,753,632,690]","[1821000,2282000,1997000,1888000,1577000,2193000,1795000,1931000]",790,15484000
26,69,8,"[654,587,790,714,745,723,739,763]","[1821000,1585000,2173000,2045000,2153000,2069000,2156000,2211000]",790,16213000
26,70,8,"[700,621,789,708,792,643,727,767]","[1993000,1753000,2199000,2020000,2208000,1777000,2123000,2189000]",792,16262000
26,71,8,"[635,621,538,549,742,1045,622,628]","[1841000,1758000,1697000,1487000,2186000,3041000,1773000,1771000]",1045,15554000
26,72,8,"[548,582,585,633,1139,730,468,629]","[1573000,1669000,1653000,1795000,3448000,2096000,1308000,1769000]",1139,15311000
26,73,8,"[638,598,812,763,658,753,764,579]","[1801000,1706000,2231000,2188000,1890000,2122000,2227000,1649000]",812,15814000
26,74,8,"[651,639,792,713,746,707,741,761]","[1819000,1732000,2174000,2038000,2146000,1980000,2167000,2209000]",792,16265000
26,75,8,"[509,610,646,756,703,739,737,776]","[1462000,1666000,1792000,2156000,1991000,2071000,2161000,2236000]",776,15535000
26,76,8,"[541,604,596,638,999,886,468,638]","[1550000,1727000,1694000,1808000,3021000,2566000,1308000,1801000]",999,15475000
26,77,8,"[644,597,808,761,652,875,770,583]","[1822000,1710000,2225000,2191000,1838000,2424000,2235000,1646000]",875,16091000
26,78,8,"[642,641,812,774,664,812,758,613]","[1818000,1786000,2237000,2226000,1845000,2242000,2215000,1746000]",812,16115000
26,79,8,"[763,708,610,693,530,961,551,714]","[2165000,2025000,1860000,1897000,1510000,2726000,1569000,1999000]",961,15751000
26,80,8,"[711,595,732,710,770,799,680,760]","[2016000,1604000,2000000,2023000,2196000,2262000,1981000,2215000]",799,16297000
26,81,8,"[750,689,601,606,499,973,550,757]","[2154000,1999000,1829000,1678000,1422000,2732000,1568000,2129000]",973,15511000
26,82,8,"[635,625,858,724,660,807,692,592]","[1801000,1793000,2398000,2106000,1911000,2239000,2053000,1667000]",858,15968000
26,83,8,"[723,645,712,742,691,817,742,606]","[2031000,1815000,2026000,2060000,1978000,2317000,2126000,1719000]",817,16072000
26,84,8,"[467,590,639,437,1217,949,449,566]","[1328000,1661000,1793000,1234000,3704000,2737000,1273000,1621000]",1217,15351000
26,85,8,"[669,669,663,708,700,817,742,595]","[1971000,1899000,1869000,1985000,2009000,2314000,2121000,1676000]",817,15844000
26,86,8,"[468,643,649,391,1287,916,445,565]","[1344000,1813000,1833000,1079000,3840000,2629000,1240000,1604000]",1287,15382000
26,87,8,"[754,583,705,631,754,798,716,762]","[2098000,1616000,1947000,1760000,2165000,2258000,2098000,2226000]",798,16168000
26,88,8,"[634,601,825,721,620,808,765,622]","[1787000,1733000,2289000,2075000,1781000,2231000,2235000,1808000]",825,15939000
26,89,8,"[414,536,500,552,1448,890,426,567]","[1170000,1514000,1406000,1540000,4360000,2550000,1194000,1611000]",1448,15345000
26,90,8,"[553,580,610,634,1130,751,472,638]","[1589000,1673000,1724000,1805000,3406000,2159000,1329000,1796000]",1130,15481000
27,1,8,"[256,1028,251,1136,337,287,1639,392]","[731000,3048000,712000,3312000,957000,867000,4894000,1087000]",1639,15608000
27,2,8,"[640,869,690,693,464,519,964,664]","[1814000,2473000,1977000,1986000,1302000,1483000,2885000,2076000]",964,15996000
27,3,8,"[751,726,685,740,634,678,778,719]","[2087000,2063000,2004000,2152000,1829000,1963000,2225000,2064000]",778,16387000
27,4,8,"[574,746,643,764,661,748,691,757]","[1642000,2141000,1865000,2187000,1910000,2076000,1989000,2226000]",764,16036000
27,5,8,"[484,984,515,827,388,552,1021,582]","[1364000,2766000,1492000,2352000,1070000,1604000,3075000,1680000]",1021,15403000
27,6,8,"[469,980,517,827,390,546,1029,585]","[1306000,2764000,1496000,2355000,1074000,1587000,3087000,1686000]",1029,15355000
27,7,8,"[575,743,638,842,656,748,626,748]","[1645000,2132000,1855000,2402000,1887000,2075000,1781000,2205000]",842,15982000
27,8,8,"[256,1030,286,1098,337,287,1639,393]","[731000,3052000,824000,3203000,957000,867000,4894000,1087000]",1639,15615000
27,9,8,"[611,847,528,713,519,704,983,581]","[1710000,2363000,1470000,2002000,1485000,2127000,2839000,1672000]",983,15668000
27,10,8,"[609,837,528,719,519,702,991,581]","[1700000,2337000,1470000,2016000,1485000,2127000,2857000,1672000]",991,15664000
27,11,8,"[625,1014,582,775,532,479,878,582]","[1759000,2849000,1686000,2232000,1482000,1406000,2625000,1858000]",1014,15897000
27,12,8,"[196,1905,193,358,156,137,2239,113]","[546000,5479000,545000,1061000,425000,368000,6791000,313000]",2239,15528000
27,13,8,"[777,820,648,752,538,554,758,716]","[2185000,2312000,1882000,2150000,1490000,1648000,2243000,2230000]",820,16140000
27,14,8,"[771,825,655,754,544,558,744,719]","[2166000,2322000,1904000,2158000,1502000,1642000,2193000,2240000]",825,16127000
27,15,8,"[708,810,780,612,764,754,679,603]","[2047000,2237000,2160000,1698000,2209000,2117000,1928000,1809000]",810,16205000
27,16,8,"[588,1010,585,784,533,536,876,663]","[1637000,2845000,1697000,2271000,1484000,1534000,2619000,2076000]",1010,16163000
27,17,8,"[637,1011,586,777,550,475,843,662]","[1777000,2847000,1709000,2238000,1519000,1400000,2527000,2057000]",1011,16074000
27,18,8,"[262,1025,251,1138,342,286,1641,392]","[734000,3046000,712000,3332000,966000,857000,4914000,1087000]",1641,15648000
27,19,8,"[683,1016,580,808,550,478,748,665]","[1957000,2864000,1685000,2354000,1517000,1406000,2220000,2070000]",1016,16073000
27,20,8,"[610,905,936,432,425,700,889,696]","[1724000,2527000,2626000,1211000,1204000,2040000,2599000,2109000]",936,16040000
27,21,8,"[385,793,402,919,390,779,1085,756]","[1052000,2318000,1188000,2582000,1111000,2350000,3162000,2162000]",1085,15925000
27,22,8,"[256,1025,299,1161,333,289,1594,450]","[725000,3031000,858000,3268000,961000,865000,4749000,1281000]",1594,15738000
27,23,8,"[195,2039,141,357,136,124,2238,113]","[544000,5843000,378000,1059000,361000,332000,6789000,313000]",2238,15619000
27,24,8,"[263,1174,315,1062,334,375,1495,464]","[726000,3239000,910000,2994000,920000,1098000,4471000,1404000]",1495,15762000
27,25,8,"[270,1172,315,1062,334,386,1493,464]","[741000,3226000,910000,2994000,920000,1107000,4467000,1404000]",1493,15769000
27,26,8,"[578,654,626,886,892,850,417,716]","[1627000,1889000,1780000,2513000,2518000,2426000,1205000,2118000]",892,16076000
27,27,8,"[256,1024,251,1161,332,288,1635,451]","[731000,3033000,712000,3268000,956000,870000,4886000,1283000]",1635,15739000
27,28,8,"[641,958,682,697,462,518,960,666]","[1816000,2647000,1951000,2001000,1304000,1478000,2883000,2079000]",960,16159000
27,29,8,"[653,956,687,696,459,511,969,661]","[1831000,2643000,1964000,1997000,1299000,1443000,2884000,2066000]",969,16127000
27,30,8,"[670,805,784,633,775,752,721,661]","[1922000,2237000,2169000,1748000,2228000,2119000,2066000,1910000]",805,16399000
27,31,8,"[596,1017,582,779,531,479,878,659]","[1662000,2855000,1686000,2240000,1482000,1406000,2625000,2051000]",1017,16007000
27,32,8,"[713,854,880,531,652,569,779,642]","[2012000,2407000,2447000,1515000,1901000,1639000,2235000,1934000]",880,16090000
27,33,8,"[751,726,694,786,631,676,778,714]","[2093000,2060000,2021000,2238000,1817000,1956000,2226000,2055000]",786,16466000
27,34,8,"[197,1905,193,358,157,147,2239,113]","[548000,5479000,545000,1061000,427000,390000,6794000,313000]",2239,15557000
27,35,8,"[394,974,423,946,613,388,1093,604]","[1094000,2898000,1209000,2749000,1812000,1088000,3295000,1733000]",1093,15878000
27,36,8,"[626,1017,586,763,530,476,888,590]","[1763000,2858000,1704000,2196000,1477000,1400000,2672000,1893000]",1017,15963000
27,37,8,"[696,736,660,779,674,743,560,807]","[1874000,2135000,1905000,2197000,1972000,2066000,1604000,2393000]",807,16146000
27,38,8,"[665,724,689,790,606,675,777,719]","[1912000,2057000,2007000,2242000,1779000,1952000,2218000,2071000]",790,16238000
27,39,8,"[401,898,392,1095,577,431,1072,535]","[1124000,2696000,1091000,3210000,1684000,1239000,3216000,1510000]",1095,15770000
27,40,8,"[596,1014,584,777,550,479,875,665]","[1662000,2849000,1690000,2236000,1510000,1406000,2620000,2070000]",1014,16043000
27,41,8,"[421,1310,442,526,390,270,1606,517]","[1175000,3747000,1289000,1475000,1110000,783000,4765000,1584000]",1606,15928000
27,42,8,"[699,828,677,757,625,835,884,633]","[1910000,2293000,1950000,2139000,1797000,2312000,2513000,1817000]",884,16731000
27,43,8,"[530,1132,464,957,385,362,1263,540]","[1480000,3197000,1319000,2701000,1064000,1018000,3775000,1717000]",1263,16271000
27,44,8,"[561,1037,589,778,523,483,848,657]","[1639000,2901000,1689000,2225000,1457000,1409000,2533000,2049000]",1037,15902000
27,45,8,"[790,729,673,810,711,746,736,764]","[2109000,2094000,1952000,2308000,2020000,2104000,2084000,2190000]",810,16861000
27,46,8,"[494,985,589,834,400,543,1000,663]","[1420000,2864000,1676000,2419000,1116000,1531000,3002000,2063000]",1000,16091000
27,47,8,"[498,1357,444,527,384,272,1613,517]","[1377000,3789000,1284000,1473000,1095000,787000,4781000,1584000]",1613,16170000
27,48,8,"[547,973,652,756,420,483,915,596]","[1540000,2739000,1874000,2166000,1191000,1411000,2735000,1704000]",973,15360000
27,49,8,"[448,828,541,936,746,572,993,652]","[1223000,2478000,1492000,2696000,2197000,1669000,2848000,1864000]",993,16467000
27,50,8,"[658,932,626,778,570,599,756,720]","[1854000,2600000,1876000,2235000,1585000,1711000,2209000,2240000]",932,16310000
27,51,8,"[686,843,687,752,473,480,834,718]","[1939000,2402000,1977000,2145000,1360000,1406000,2475000,2230000]",843,15934000
27,52,8,"[383,871,368,954,488,521,1401,546]","[1082000,2484000,997000,2667000,1359000,1586000,4058000,1617000]",1401,15850000
27,53,8,"[460,1002,492,953,619,390,1083,542]","[1312000,2851000,1332000,2760000,1826000,1104000,3174000,1568000]",1083,15927000
27,54,8,"[376,955,501,801,571,397,1113,593]","[1000000,2827000,1393000,2287000,1600000,1114000,3267000,1768000]",1113,15256000
27,55,8,"[310,1079,240,1084,333,336,1622,390]","[856000,3157000,666000,3161000,958000,993000,4863000,1083000]",1622,15737000
27,56,8,"[393,987,558,1015,546,375,1114,605]","[1101000,2929000,1542000,2887000,1598000,1043000,3334000,1747000]",1114,16181000
27,57,8,"[371,955,409,932,470,445,1353,594]","[1027000,2825000,1162000,2634000,1322000,1301000,4038000,1710000]",1353,16019000
27,58,8,"[599,799,609,706,714,754,658,818]","[1661000,2207000,1682000,2006000,2092000,2079000,1879000,2464000]",818,16070000
27,59,8,"[416,1344,455,586,329,260,1598,467]","[1205000,3801000,1329000,1658000,877000,755000,4799000,1410000]",1598,15834000
27,60,8,"[265,1176,315,1139,316,289,1518,460]","[727000,3243000,906000,3193000,878000,822000,4509000,1400000]",1518,15678000
27,61,8,"[667,932,619,775,528,535,784,719]","[1869000,2611000,1784000,2229000,1476000,1565000,2314000,2241000]",932,16089000
27,62,8,"[526,936,562,796,573,475,1392,508]","[1494000,2623000,1556000,2212000,1680000,1313000,3991000,1454000]",1392,16323000
27,63,8,"[432,951,544,1141,505,361,1233,610]","[1237000,2726000,1506000,3198000,1461000,1008000,3621000,1696000]",1233,16453000
27,64,8,"[587,697,654,794,759,752,632,744]","[1660000,2005000,1844000,2271000,2229000,2087000,1819000,2196000]",794,16111000
27,65,8,"[418,1410,510,458,317,266,1477,569]","[1197000,3977000,1480000,1287000,868000,778000,4303000,1760000]",1477,15650000
27,66,8,"[254,1036,268,1137,337,287,1640,395]","[721000,3076000,740000,3315000,961000,867000,4901000,1093000]",1640,15674000
27,67,8,"[636,884,691,700,463,523,974,659]","[1794000,2518000,1975000,2031000,1302000,1491000,2914000,2053000]",974,16078000
27,68,8,"[751,725,685,735,627,678,778,722]","[2093000,2058000,2012000,2145000,1803000,1963000,2218000,2077000]",778,16369000
27,69,8,"[577,736,643,764,661,749,691,753]","[1648000,2121000,1865000,2187000,1905000,2076000,1989000,2217000]",764,16008000
27,70,8,"[480,984,510,824,396,541,1030,593]","[1334000,2766000,1480000,2359000,1065000,1592000,3088000,1697000]",1030,15381000
27,71,8,"[469,980,495,829,390,543,1035,583]","[1306000,2758000,1447000,2359000,1074000,1587000,3112000,1682000]",1035,15325000
27,72,8,"[580,746,639,847,657,719,627,737]","[1643000,2147000,1854000,2396000,1899000,2029000,1790000,2188000]",847,15946000
27,73,8,"[296,1023,245,1105,332,293,1649,398]","[826000,3023000,718000,3236000,951000,880000,4916000,1104000]",1649,15654000
27,74,8,"[607,845,530,655,523,697,983,613]","[1705000,2365000,1483000,1858000,1490000,2111000,2839000,1769000]",983,15620000
27,75,8,"[602,834,527,721,529,706,988,582]","[1677000,2328000,1458000,2039000,1508000,2128000,2845000,1674000]",988,15657000
27,76,8,"[631,966,582,775,535,479,928,582]","[1780000,2689000,1686000,2232000,1482000,1406000,2785000,1858000]",966,15918000
27,77,8,"[198,1894,193,357,156,137,2239,124]","[550000,5450000,545000,1059000,425000,368000,6791000,344000]",2239,15532000
27,78,8,"[778,820,641,748,541,553,757,717]","[2182000,2312000,1876000,2141000,1496000,1637000,2232000,2232000]",820,16108000
27,79,8,"[778,820,655,759,542,556,741,705]","[2179000,2312000,1902000,2167000,1498000,1652000,2196000,2202000]",820,16108000
27,80,8,"[702,810,754,609,766,753,683,603]","[2028000,2243000,2107000,1694000,2225000,2121000,1938000,1806000]",810,16162000
27,81,8,"[620,1011,585,779,533,536,876,583]","[1740000,2843000,1697000,2258000,1484000,1534000,2619000,1868000]",1011,16043000
27,82,8,"[643,1015,590,789,561,489,846,646]","[1817000,2867000,1702000,2262000,1530000,1437000,2528000,2019000]",1015,16162000
27,83,8,"[265,1027,299,1141,345,289,1642,333]","[743000,3044000,867000,3323000,979000,877000,4924000,915000]",1642,15672000
27,84,8,"[671,1019,590,824,546,479,748,662]","[1918000,2869000,1699000,2397000,1508000,1404000,2227000,2064000]",1019,16086000
27,85,8,"[595,901,932,434,423,706,883,700]","[1689000,2519000,2611000,1219000,1199000,2049000,2596000,2108000]",932,15990000
27,86,8,"[392,794,400,916,428,780,1096,763]","[1066000,2320000,1184000,2560000,1189000,2358000,3194000,2164000]",1096,16035000
27,87,8,"[291,1032,302,1165,286,287,1598,447]","[820000,3033000,868000,3281000,829000,874000,4767000,1275000]",1598,15747000
27,88,8,"[195,1800,138,357,139,121,2248,115]","[546000,5374000,372000,1059000,367000,326000,6818000,318000]",2248,15180000
27,89,8,"[263,1174,315,1062,334,375,1495,442]","[726000,3239000,910000,2994000,920000,1098000,4471000,1360000]",1495,15718000
27,90,8,"[270,1172,315,1062,334,386,1493,442]","[741000,3226000,910000,2994000,920000,1107000,4467000,1360000]",1493,15725000
28,1,8,"[855,662,826,849,609,852,603,477]","[2415000,1905000,2334000,2361000,1725000,2424000,1818000,1359000]",855,16341000
28,2,8,"[715,731,823,786,733,854,600,475]","[2039000,2068000,2340000,2164000,2066000,2466000,1812000,1358000]",854,16313000
28,3,8,"[782,670,817,820,705,824,570,564]","[2230000,1890000,2288000,2432000,2018000,2339000,1623000,1656000]",824,16476000
28,4,8,"[595,742,736,658,1078,624,466,518]","[1613000,2040000,2112000,1989000,3107000,1789000,1292000,1479000]",1078,15421000
28,5,8,"[809,735,822,786,731,796,603,475]","[2302000,2072000,2333000,2175000,2062000,2267000,1818000,1358000]",822,16387000
28,6,8,"[790,731,772,804,793,751,616,500]","[2260000,2059000,2258000,2191000,2247000,2180000,1748000,1396000]",804,16339000
28,7,8,"[757,517,806,751,940,604,505,543]","[2063000,1391000,2232000,2175000,2820000,1744000,1421000,1563000]",940,15409000
28,8,8,"[875,599,757,703,800,736,748,491]","[2523000,1741000,2147000,1945000,2281000,2066000,2256000,1368000]",875,16327000
28,9,8,"[857,656,828,850,610,854,606,478]","[2419000,1878000,2338000,2369000,1727000,2422000,1824000,1362000]",857,16339000
28,10,8,"[747,775,788,600,908,722,603,497]","[2144000,2171000,2303000,1727000,2540000,2073000,1686000,1373000]",908,16017000
28,11,8,"[768,879,878,621,729,722,634,502]","[2172000,2519000,2581000,1673000,2089000,2041000,1772000,1451000]",879,16298000
28,12,8,"[617,689,898,571,789,722,618,510]","[1743000,2045000,2679000,1544000,2229000,2078000,1791000,1488000]",898,15597000
28,13,8,"[591,742,736,659,1077,632,464,516]","[1605000,2029000,2112000,1991000,3102000,1808000,1282000,1469000]",1077,15398000
28,14,8,"[827,665,815,814,702,780,569,566]","[2359000,1881000,2276000,2405000,2009000,2217000,1618000,1666000]",827,16431000
28,15,8,"[749,686,704,761,916,598,498,610]","[2052000,1856000,2001000,2272000,2594000,1744000,1380000,1711000]",916,15610000
28,16,8,"[880,553,868,688,892,714,515,489]","[2463000,1610000,2546000,2002000,2524000,2027000,1532000,1364000]",892,16068000
28,17,8,"[539,927,851,413,876,668,607,508]","[1522000,2686000,2521000,1147000,2482000,1936000,1781000,1485000]",927,15560000
28,18,8,"[859,659,823,796,619,856,603,506]","[2426000,1888000,2328000,2225000,1751000,2440000,1818000,1442000]",859,16318000
28,19,8,"[746,773,800,602,907,724,603,490]","[2133000,2164000,2339000,1727000,2555000,2064000,1686000,1367000]",907,16035000
28,20,8,"[541,928,847,468,871,669,613,507]","[1522000,2691000,2519000,1257000,2480000,1935000,1785000,1483000]",928,15672000
28,21,8,"[679,470,731,729,1104,616,497,626]","[1849000,1312000,1992000,2162000,3185000,1842000,1380000,1758000]",1104,15480000
28,22,8,"[691,470,797,707,1002,687,470,648]","[1866000,1302000,2210000,2051000,2985000,1955000,1321000,1823000]",1002,15513000
28,23,8,"[816,736,774,794,757,794,660,508]","[2304000,2080000,2193000,2173000,2173000,2221000,1948000,1445000]",816,16537000
28,24,8,"[872,652,821,851,609,854,605,476]","[2470000,1851000,2322000,2374000,1723000,2424000,1822000,1357000]",872,16343000
28,25,8,"[869,556,869,703,892,714,516,483]","[2497000,1615000,2548000,2063000,2526000,2032000,1468000,1340000]",892,16089000
28,26,8,"[854,723,832,853,607,856,538,477]","[2419000,2108000,2358000,2380000,1721000,2437000,1595000,1359000]",856,16377000
28,27,8,"[828,689,794,814,702,780,569,566]","[2359000,1948000,2213000,2405000,2009000,2217000,1618000,1666000]",828,16435000
28,28,8,"[828,689,794,814,702,780,569,566]","[2359000,1948000,2213000,2405000,2009000,2217000,1618000,1666000]",828,16435000
28,29,8,"[816,730,778,793,694,792,715,516]","[2300000,2059000,2213000,2170000,1987000,2211000,2174000,1479000]",816,16593000
28,30,8,"[545,923,851,470,914,667,677,480]","[1538000,2681000,2525000,1264000,2626000,1929000,1906000,1412000]",923,15881000
28,31,8,"[730,470,797,697,1005,648,486,620]","[1968000,1313000,2205000,2031000,3000000,1884000,1345000,1738000]",1005,15484000
28,32,8,"[729,470,798,706,999,646,502,619]","[1966000,1313000,2220000,2045000,2979000,1871000,1391000,1736000]",999,15521000
28,33,8,"[691,470,797,709,1004,640,498,650]","[1870000,1302000,2221000,2055000,2987000,1853000,1380000,1818000]",1004,15486000
28,34,8,"[871,660,830,810,645,853,601,475]","[2462000,1875000,2342000,2247000,1835000,2436000,1814000,1358000]",871,16369000
28,35,8,"[815,737,785,782,728,806,661,508]","[2322000,2089000,2233000,2146000,2082000,2306000,1975000,1441000]",815,16594000
28,36,8,"[717,687,797,517,929,664,676,520]","[2001000,2058000,2303000,1394000,2689000,1857000,1901000,1525000]",929,15728000
28,37,8,"[713,669,776,715,922,716,650,512]","[2017000,1915000,2248000,1953000,2594000,2068000,1828000,1425000]",922,16048000
28,38,8,"[777,825,801,715,738,712,679,514]","[2214000,2319000,2268000,2000000,2114000,2025000,2033000,1455000]",825,16428000
28,39,8,"[810,655,830,891,610,850,606,478]","[2262000,1876000,2351000,2502000,1727000,2410000,1824000,1362000]",891,16314000
28,40,8,"[733,745,772,763,813,748,597,667]","[2166000,2078000,2169000,2273000,2336000,2193000,1703000,1885000]",813,16803000
28,41,8,"[786,633,890,566,905,712,647,511]","[2212000,1887000,2626000,1542000,2548000,2050000,1881000,1511000]",905,16257000
28,42,8,"[1021,658,786,747,722,752,728,590]","[2801000,1829000,2235000,2010000,2075000,2075000,2041000,1676000]",1021,16742000
28,43,8,"[771,676,685,740,843,749,620,560]","[2230000,1843000,1922000,2152000,2405000,2138000,1767000,1610000]",843,16067000
28,44,8,"[920,685,632,865,725,721,739,650]","[2653000,1949000,1788000,2518000,2031000,2038000,2157000,1933000]",920,17067000
28,45,8,"[828,726,773,731,753,792,706,512]","[2357000,2033000,2188000,2019000,2119000,2215000,2125000,1469000]",828,16525000
28,46,8,"[751,592,814,796,854,599,584,549]","[2048000,1622000,2299000,2263000,2557000,1717000,1625000,1547000]",854,15678000
28,47,8,"[830,643,802,742,934,760,482,630]","[2302000,1787000,2218000,2173000,2696000,2153000,1337000,1741000]",934,16407000
28,48,8,"[599,801,844,644,784,767,639,507]","[1666000,2253000,2485000,1795000,2246000,2185000,1780000,1471000]",844,15881000
28,49,8,"[699,734,867,681,863,708,658,496]","[2014000,2048000,2488000,1928000,2415000,2052000,1849000,1376000]",867,16170000
28,50,8,"[969,872,847,534,875,780,806,674]","[2742000,2464000,2356000,1443000,2458000,2161000,2287000,1886000]",969,17797000
28,51,8,"[801,848,940,665,953,599,609,548]","[2253000,2361000,2754000,1884000,2716000,1648000,1800000,1516000]",953,16932000
28,52,8,"[662,676,902,611,719,691,709,489]","[1869000,2000000,2629000,1689000,2063000,1934000,2145000,1383000]",902,15712000
28,53,8,"[715,674,726,723,970,565,681,516]","[1991000,1885000,2106000,2185000,2804000,1681000,2001000,1430000]",970,16083000
28,54,8,"[788,629,814,755,804,791,532,662]","[2168000,1804000,2258000,2225000,2328000,2272000,1493000,1843000]",814,16391000
28,55,8,"[750,740,761,549,814,814,610,544]","[2148000,2087000,2218000,1566000,2300000,2345000,1718000,1550000]",814,15932000
28,56,8,"[1109,551,866,749,682,703,670,585]","[3144000,1606000,2543000,2077000,1924000,1967000,1937000,1647000]",1109,16845000
28,57,8,"[935,696,851,805,780,763,618,643]","[2765000,1968000,2361000,2348000,2251000,2150000,1768000,1850000]",935,17461000
28,58,8,"[700,538,683,704,1106,572,550,627]","[1918000,1502000,1892000,2092000,3180000,1695000,1549000,1750000]",1106,15578000
28,59,8,"[806,647,881,758,678,800,724,548]","[2275000,1791000,2467000,2104000,1926000,2263000,2180000,1542000]",881,16548000
28,60,8,"[831,926,688,665,819,774,583,623]","[2438000,2659000,1944000,1872000,2240000,2238000,1655000,1780000]",926,16826000
28,61,8,"[693,771,925,581,736,787,623,544]","[1944000,2257000,2646000,1562000,2159000,2258000,1782000,1562000]",925,16170000
28,62,8,"[773,696,768,818,765,782,565,570]","[2221000,1967000,2143000,2422000,2187000,2212000,1610000,1671000]",818,16433000
28,63,8,"[887,660,827,785,696,778,566,565]","[2530000,1860000,2298000,2300000,1999000,2219000,1603000,1667000]",887,16476000
28,64,8,"[630,689,901,597,921,631,727,629]","[1793000,2043000,2711000,1710000,2587000,1796000,2081000,1798000]",921,16519000
28,65,8,"[729,537,790,760,951,594,559,626]","[1963000,1469000,2258000,2297000,2731000,1737000,1565000,1757000]",951,15777000
28,66,8,"[865,664,826,849,646,852,564,474]","[2438000,1915000,2334000,2373000,1835000,2414000,1707000,1344000]",865,16360000
28,67,8,"[725,732,821,748,732,837,604,469]","[2047000,2072000,2335000,2113000,2051000,2427000,1823000,1334000]",837,16202000
28,68,8,"[782,670,817,820,705,824,570,564]","[2230000,1890000,2288000,2432000,2018000,2339000,1623000,1656000]",824,16476000
28,69,8,"[604,755,751,658,1078,623,471,530]","[1648000,2072000,2147000,1994000,3109000,1784000,1313000,1498000]",1078,15565000
28,70,8,"[802,731,823,747,731,788,601,469]","[2270000,2070000,2348000,2112000,2046000,2258000,1814000,1334000]",823,16252000
28,71,8,"[788,732,784,670,788,749,606,498]","[2245000,2048000,2263000,1930000,2231000,2176000,1701000,1398000]",788,15992000
28,72,8,"[758,519,806,752,941,601,506,542]","[2067000,1395000,2229000,2176000,2822000,1732000,1423000,1554000]",941,15398000
28,73,8,"[883,603,762,711,803,744,752,497]","[2546000,1744000,2154000,1964000,2290000,2068000,2270000,1392000]",883,16428000
28,74,8,"[865,658,825,853,611,850,606,478]","[2440000,1879000,2329000,2367000,1738000,2435000,1824000,1364000]",865,16376000
28,75,8,"[755,771,777,601,902,737,600,497]","[2147000,2163000,2269000,1727000,2536000,2118000,1680000,1372000]",902,16012000
28,76,8,"[766,879,846,628,727,720,636,501]","[2170000,2509000,2498000,1688000,2083000,2048000,1758000,1444000]",879,16198000
28,77,8,"[624,689,898,578,788,721,613,511]","[1757000,2056000,2688000,1572000,2234000,2068000,1781000,1506000]",898,15662000
28,78,8,"[548,743,737,663,1081,627,467,543]","[1474000,2031000,2116000,1993000,3109000,1802000,1286000,1544000]",1081,15355000
28,79,8,"[835,664,684,818,707,775,564,566]","[2387000,1883000,2006000,2408000,2022000,2198000,1611000,1666000]",835,16181000
28,80,8,"[766,683,702,758,914,585,502,609]","[2088000,1848000,1999000,2271000,2590000,1710000,1383000,1700000]",914,15589000
28,81,8,"[823,566,870,698,898,751,516,493]","[2321000,1662000,2543000,2021000,2530000,2148000,1531000,1367000]",898,16123000
28,82,8,"[476,925,849,444,874,671,607,509]","[1370000,2681000,2521000,1248000,2482000,1939000,1781000,1487000]",925,15509000
28,83,8,"[861,661,825,797,646,851,564,507]","[2430000,1903000,2330000,2230000,1838000,2421000,1707000,1450000]",861,16309000
28,84,8,"[752,781,798,599,900,721,607,488]","[2151000,2190000,2338000,1717000,2532000,2062000,1693000,1357000]",900,16040000
28,85,8,"[541,929,847,469,876,669,613,507]","[1522000,2693000,2519000,1255000,2499000,1935000,1785000,1483000]",929,15691000
28,86,8,"[673,463,726,737,1106,633,497,614]","[1820000,1290000,1982000,2190000,3178000,1903000,1397000,1718000]",1106,15478000
28,87,8,"[610,464,795,704,1012,687,466,649]","[1737000,1291000,2188000,2045000,2996000,1952000,1302000,1833000]",1012,15344000
28,88,8,"[728,790,775,797,758,794,657,508]","[2068000,2242000,2195000,2179000,2178000,2233000,1943000,1445000]",797,16483000
28,89,8,"[873,651,822,852,610,855,606,474]","[2472000,1854000,2325000,2382000,1725000,2424000,1821000,1344000]",873,16347000
28,90,8,"[815,554,868,734,896,714,516,483]","[2347000,1611000,2555000,2155000,2540000,2032000,1468000,1340000]",896,16048000
29,1,8,"[754,693,674,723,767,734,698,603]","[2136000,1968000,1966000,2047000,2179000,1997000,1973000,1737000]",767,16003000
29,2,8,"[739,642,631,709,565,768,774,621]","[2119000,1857000,1816000,2039000,1633000,2216000,2222000,1802000]",774,15704000
29,3,8,"[756,685,736,663,725,749,698,645]","[2138000,2003000,2092000,1987000,1980000,2185000,2033000,1860000]",756,16278000
29,4,8,"[614,746,754,720,766,665,618,721]","[1753000,2202000,2207000,2035000,2157000,1848000,1746000,2037000]",766,15985000
29,5,8,"[770,641,619,709,704,729,758,638]","[2196000,1848000,1783000,2059000,1882000,2180000,2159000,1891000]",770,15998000
29,6,8,"[754,635,674,716,768,734,691,602]","[2141000,1875000,1959000,2032000,2202000,2000000,1954000,1736000]",768,15899000
29,7,8,"[780,651,622,703,550,734,761,647]","[2213000,1877000,1807000,2046000,1562000,2191000,2159000,1902000]",780,15757000
29,8,8,"[727,688,683,753,753,748,659,662]","[2060000,1952000,1992000,2108000,2131000,2154000,1803000,1901000]",753,16101000
29,9,8,"[763,636,677,703,744,740,584,790]","[2177000,1837000,1938000,2038000,2006000,2155000,1599000,2164000]",790,15914000
29,10,8,"[715,702,730,660,702,764,712,702]","[2024000,2045000,2079000,1980000,1961000,2227000,1931000,1986000]",764,16233000
29,11,8,"[814,804,669,640,637,710,565,775]","[2244000,2310000,1910000,1821000,1827000,2113000,1584000,2188000]",814,15997000
29,12,8,"[758,843,644,598,700,849,564,613]","[2096000,2376000,1839000,1706000,1975000,2493000,1542000,1781000]",849,15808000
29,13,8,"[738,642,670,705,724,733,773,622]","[2140000,1855000,1929000,2036000,1947000,2138000,2217000,1821000]",773,16083000
29,14,8,"[730,864,690,553,677,710,513,724]","[2131000,2477000,1962000,1544000,1945000,2115000,1453000,2088000]",864,15715000
29,15,8,"[611,755,748,717,766,664,621,728]","[1732000,2221000,2187000,2030000,2155000,1845000,1758000,2082000]",766,16010000
29,16,8,"[774,657,609,770,472,782,833,655]","[2196000,1905000,1740000,2175000,1386000,2231000,2425000,1903000]",833,15961000
29,17,8,"[729,856,653,551,709,709,545,788]","[2130000,2451000,1814000,1533000,2048000,2117000,1550000,2196000]",856,15839000
29,18,8,"[774,657,610,772,473,725,831,709]","[2199000,1908000,1742000,2180000,1388000,2060000,2421000,2065000]",831,15963000
29,19,8,"[756,845,643,604,738,798,564,614]","[2095000,2383000,1837000,1715000,2093000,2372000,1542000,1788000]",845,15825000
29,20,8,"[760,637,674,718,740,737,587,795]","[2175000,1850000,1933000,2057000,2005000,2157000,1619000,2202000]",795,15998000
29,21,8,"[733,858,685,550,751,712,513,701]","[2143000,2457000,1900000,1538000,2178000,2119000,1453000,1986000]",858,15774000
29,22,8,"[613,701,695,754,729,818,625,690]","[1730000,1988000,2046000,2111000,2037000,2409000,1722000,1950000]",818,15993000
29,23,8,"[593,705,738,656,709,772,716,706]","[1793000,2050000,2087000,1974000,1973000,2244000,1939000,2014000]",772,16074000
29,24,8,"[809,661,610,648,800,698,613,798]","[2311000,1891000,1759000,1800000,2305000,1984000,1711000,2191000]",809,15952000
29,25,8,"[760,848,645,602,743,801,564,615]","[2107000,2389000,1847000,1711000,2096000,2378000,1542000,1781000]",848,15851000
29,26,8,"[747,859,670,552,682,713,544,790]","[2193000,2455000,1866000,1539000,1969000,2117000,1556000,2202000]",859,15897000
29,27,8,"[737,641,671,703,731,732,781,623]","[2137000,1855000,1933000,2033000,1971000,2136000,2233000,1821000]",781,16119000
29,28,8,"[731,859,683,551,711,709,512,792]","[2135000,2459000,1900000,1538000,2061000,2117000,1453000,2216000]",859,15879000
29,29,8,"[733,642,634,715,721,774,773,622]","[2123000,1856000,1826000,2054000,1941000,2242000,2217000,1825000]",774,16084000
29,30,8,"[731,859,683,551,711,709,512,792]","[2135000,2459000,1900000,1538000,2061000,2117000,1453000,2216000]",859,15879000
29,31,8,"[718,701,735,656,703,766,714,630]","[2026000,2044000,2087000,1970000,1959000,2240000,1937000,1860000]",766,16123000
29,32,8,"[654,761,699,724,820,679,667,614]","[1879000,2232000,2036000,2062000,2321000,1845000,1894000,1752000]",820,16021000
29,33,8,"[737,860,641,553,712,714,548,791]","[2161000,2455000,1795000,1541000,2057000,2115000,1559000,2199000]",860,15882000
29,34,8,"[758,848,647,600,741,801,602,578]","[2095000,2395000,1845000,1703000,2099000,2379000,1654000,1690000]",848,15860000
29,35,8,"[672,747,697,717,801,807,631,562]","[1895000,2107000,2040000,2031000,2257000,2350000,1754000,1613000]",807,16047000
29,36,8,"[693,806,667,726,835,793,553,591]","[1938000,2291000,1882000,1999000,2309000,2270000,1602000,1752000]",835,16043000
29,37,8,"[671,741,693,713,814,804,632,562]","[1896000,2108000,2023000,2023000,2300000,2349000,1746000,1591000]",814,16036000
29,38,8,"[785,684,737,665,714,767,702,645]","[2222000,1994000,2094000,1988000,1938000,2209000,2034000,1884000]",785,16363000
29,39,8,"[730,868,688,549,675,706,511,798]","[2133000,2482000,1958000,1533000,1946000,2107000,1451000,2238000]",868,15848000
29,40,8,"[862,761,707,565,707,717,501,792]","[2388000,2276000,1958000,1571000,2051000,2129000,1406000,2201000]",862,15980000
29,41,8,"[645,630,731,651,754,786,772,510]","[1877000,1824000,2023000,1947000,2043000,2272000,2232000,1450000]",786,15668000
29,42,8,"[763,849,651,605,753,844,546,592]","[2114000,2385000,1859000,1726000,2146000,2459000,1500000,1744000]",849,15933000
29,43,8,"[602,753,729,658,755,783,719,579]","[1810000,2213000,2038000,1968000,2139000,2226000,1978000,1651000]",783,16023000
29,44,8,"[744,692,759,759,810,804,653,546]","[2122000,2040000,2167000,2109000,2303000,2315000,1816000,1567000]",810,16439000
29,45,8,"[834,738,594,703,742,710,737,707]","[2437000,2120000,1720000,2069000,2098000,1961000,2105000,2068000]",834,16578000
29,46,8,"[685,800,678,712,611,821,732,717]","[1967000,2279000,1967000,2021000,1709000,2381000,1980000,2024000]",821,16328000
29,47,8,"[623,951,689,558,704,706,548,785]","[1831000,2686000,1927000,1565000,2044000,2114000,1549000,2194000]",951,15910000
29,48,8,"[756,845,645,598,703,848,603,576]","[2080000,2389000,1840000,1703000,1981000,2493000,1656000,1683000]",848,15825000
29,49,8,"[767,643,684,724,596,718,760,651]","[2193000,1842000,1978000,2065000,1652000,2148000,2160000,1941000]",767,15979000
29,50,8,"[750,721,653,704,662,677,678,765]","[2146000,2048000,1846000,2095000,1872000,1846000,1871000,2072000]",765,15796000
29,51,8,"[753,584,723,757,752,714,625,727]","[2141000,1699000,2083000,2107000,2137000,1958000,1760000,2078000]",757,15963000
29,52,8,"[626,769,695,582,753,733,686,823]","[1806000,2250000,2030000,1662000,2090000,2095000,1906000,2286000]",823,16125000
29,53,8,"[671,708,678,718,740,746,745,672]","[1915000,2023000,1932000,2055000,2014000,2161000,2111000,1911000]",746,16122000
29,54,8,"[731,655,617,700,578,880,562,667]","[2075000,1890000,1781000,2027000,1663000,2486000,1545000,1898000]",880,15365000
29,55,8,"[674,764,728,690,823,707,669,612]","[1928000,2232000,2080000,1978000,2320000,1927000,1898000,1739000]",823,16102000
29,56,8,"[639,890,676,706,514,770,556,914]","[1867000,2525000,1921000,2014000,1477000,2230000,1522000,2561000]",914,16117000
29,57,8,"[720,805,677,748,874,760,621,609]","[2036000,2294000,1921000,2093000,2517000,2163000,1702000,1804000]",874,16530000
29,58,8,"[726,661,692,667,695,837,571,705]","[2008000,1962000,1976000,1994000,1986000,2416000,1597000,1962000]",837,15901000
29,59,8,"[597,706,738,626,707,813,720,700]","[1798000,2072000,2084000,1857000,1969000,2412000,1953000,1981000]",813,16126000
29,60,8,"[758,847,647,600,740,800,602,572]","[2095000,2393000,1846000,1703000,2091000,2379000,1654000,1673000]",847,15834000
29,61,8,"[626,893,724,609,663,717,624,784]","[1830000,2520000,2034000,1695000,1883000,2119000,1748000,2188000]",893,16017000
29,62,8,"[642,837,625,699,595,773,548,860]","[1854000,2361000,1821000,1998000,1693000,2228000,1546000,2386000]",860,15887000
29,63,8,"[695,738,802,729,719,731,783,596]","[2010000,2121000,2323000,2023000,1994000,2125000,2246000,1710000]",802,16552000
29,64,8,"[677,799,628,688,754,752,615,610]","[1884000,2280000,1775000,1930000,2084000,2160000,1821000,1800000]",799,15734000
29,65,8,"[621,798,722,656,714,786,735,601]","[1764000,2271000,2042000,1980000,2001000,2319000,2025000,1709000]",798,16111000
29,66,8,"[773,760,675,726,721,735,687,599]","[2205000,2195000,1963000,2054000,2030000,2003000,1950000,1729000]",773,16129000
29,67,8,"[734,641,702,719,565,775,772,576]","[2106000,1852000,2020000,2059000,1633000,2242000,2215000,1655000]",775,15782000
29,68,8,"[780,683,732,662,570,751,697,636]","[2206000,1976000,2075000,1967000,1656000,2188000,2021000,1818000]",780,15907000
29,69,8,"[608,745,749,677,767,675,651,731]","[1741000,2200000,2195000,1920000,2160000,1886000,1840000,2066000]",767,16008000
29,70,8,"[740,651,626,715,724,737,761,641]","[2118000,1875000,1790000,2062000,1937000,2205000,2171000,1891000]",761,16049000
29,71,8,"[752,638,674,715,769,733,692,598]","[2141000,1887000,1954000,2026000,2204000,1998000,1950000,1724000]",769,15884000
29,72,8,"[766,649,638,702,545,729,760,636]","[2180000,1866000,1843000,2044000,1547000,2188000,2167000,1881000]",766,15716000
29,73,8,"[637,670,680,752,752,752,648,650]","[1857000,1910000,1990000,2110000,2130000,2190000,1764000,1850000]",752,15801000
29,74,8,"[764,639,679,699,598,738,582,788]","[2158000,1839000,1943000,2027000,1720000,2156000,1593000,2164000]",788,15600000
29,75,8,"[714,760,655,659,702,771,712,702]","[2022000,2249000,1843000,1980000,1959000,2248000,1934000,1995000]",771,16230000
29,76,8,"[818,804,672,637,688,713,566,687]","[2252000,2310000,1925000,1816000,1964000,2117000,1582000,1976000]",818,15942000
29,77,8,"[754,845,639,604,707,865,567,616]","[2090000,2389000,1822000,1714000,1989000,2532000,1542000,1799000]",865,15877000
29,78,8,"[604,642,670,705,724,804,773,622]","[1771000,1860000,1929000,2036000,1947000,2376000,2217000,1821000]",804,15957000
29,79,8,"[727,861,696,552,679,689,512,721]","[2127000,2465000,1986000,1539000,1953000,2083000,1453000,2090000]",861,15696000
29,80,8,"[641,705,753,718,765,668,616,721]","[1837000,2069000,2193000,2032000,2157000,1853000,1745000,2062000]",765,15948000
29,81,8,"[773,669,606,712,549,783,831,651]","[2183000,1925000,1744000,2014000,1580000,2227000,2409000,1899000]",831,15981000
29,82,8,"[732,855,654,549,751,712,545,701]","[2140000,2454000,1802000,1533000,2172000,2119000,1550000,1986000]",855,15756000
29,83,8,"[771,664,620,772,471,722,827,693]","[2206000,1913000,1769000,2185000,1386000,2062000,2399000,2030000]",827,15950000
29,84,8,"[757,846,651,605,745,794,519,614]","[2093000,2386000,1868000,1735000,2109000,2343000,1488000,1797000]",846,15819000
29,85,8,"[761,651,676,779,741,740,586,795]","[2183000,1878000,1933000,2177000,2016000,2176000,1611000,2192000]",795,16166000
29,86,8,"[734,756,688,549,740,711,509,699]","[2147000,2263000,1905000,1533000,2157000,2123000,1428000,1989000]",756,15545000
29,87,8,"[649,661,696,760,722,819,624,698]","[1852000,1885000,2061000,2129000,2023000,2400000,1710000,1994000]",819,16054000
29,88,8,"[595,706,736,658,706,771,672,725]","[1797000,2057000,2085000,1979000,1965000,2244000,1814000,2061000]",771,16002000
29,89,8,"[809,661,612,651,800,698,613,798]","[2311000,1891000,1763000,1821000,2305000,1984000,1711000,2191000]",809,15977000
29,90,8,"[663,843,648,597,743,802,562,617]","[1923000,2379000,1850000,1702000,2096000,2383000,1538000,1791000]",843,15662000
30,1,8,"[534,721,755,777,622,748,689,732]","[1464000,1979000,2169000,2188000,1787000,2210000,1902000,2108000]",777,15807000
30,2,8,"[565,709,769,778,643,742,660,755]","[1566000,1952000,2207000,2180000,1860000,2180000,1833000,2111000]",778,15889000
30,3,8,"[692,732,718,765,679,653,685,703]","[1935000,2096000,2022000,2126000,1969000,1933000,1913000,2028000]",765,16022000
30,4,8,"[624,668,692,781,721,735,581,687]","[1795000,1909000,1981000,2233000,2034000,2169000,1597000,1943000]",781,15661000
30,5,8,"[620,664,620,797,713,729,612,695]","[1765000,1895000,1782000,2265000,2010000,2155000,1714000,1970000]",797,15556000
30,6,8,"[661,665,764,782,723,599,692,722]","[1862000,1886000,2169000,2176000,2085000,1786000,1966000,2074000]",782,16004000
30,7,8,"[466,718,768,777,614,750,698,733]","[1337000,1965000,2202000,2177000,1773000,2217000,1936000,2108000]",777,15715000
30,8,8,"[691,740,736,726,723,719,638,757]","[1967000,2053000,2085000,1993000,2084000,2061000,1790000,2178000]",757,16211000
30,9,8,"[614,671,763,781,725,605,695,722]","[1789000,1905000,2162000,2183000,2098000,1797000,1979000,2081000]",781,15994000
30,10,8,"[625,670,697,780,722,731,591,686]","[1797000,1920000,1962000,2222000,2028000,2161000,1624000,1941000]",780,15655000
30,11,8,"[682,760,743,685,723,672,666,726]","[1905000,2128000,2097000,1961000,2091000,1913000,1879000,2083000]",760,16057000
30,12,8,"[622,666,620,787,720,729,615,693]","[1785000,1905000,1784000,2248000,2027000,2155000,1730000,1970000]",787,15604000
30,13,8,"[670,658,717,710,635,745,669,769]","[1951000,1896000,1995000,1987000,1812000,2122000,1932000,2200000]",769,15895000
30,14,8,"[679,763,740,677,720,672,637,765]","[1904000,2140000,2093000,1945000,2077000,1909000,1776000,2196000]",765,16040000
30,15,8,"[526,588,719,638,677,708,728,867]","[1457000,1699000,2109000,1828000,1973000,2092000,2060000,2457000]",867,15675000
30,16,8,"[544,719,766,774,666,672,740,762]","[1502000,2020000,2168000,2147000,1982000,1913000,2110000,2184000]",774,16026000
30,17,8,"[526,662,765,776,614,745,655,796]","[1439000,1911000,2202000,2175000,1776000,2189000,1814000,2234000]",796,15740000
30,18,8,"[694,765,752,688,722,660,646,713]","[1943000,2140000,2140000,1982000,2103000,1865000,1834000,2134000]",765,16141000
30,19,8,"[679,738,716,787,674,653,682,703]","[1880000,2117000,2026000,2192000,1944000,1939000,1896000,2046000]",787,16040000
30,20,8,"[524,673,757,780,643,746,693,792]","[1439000,1852000,2164000,2187000,1848000,2206000,1929000,2228000]",792,15853000
30,21,8,"[626,702,624,770,657,715,732,791]","[1847000,1928000,1761000,2136000,1924000,2036000,2124000,2277000]",791,16033000
30,22,8,"[489,645,778,681,672,711,756,800]","[1357000,1787000,2311000,1941000,1921000,2090000,2107000,2316000]",800,15830000
30,23,8,"[635,662,716,709,640,746,758,769]","[1829000,1900000,2001000,1985000,1836000,2120000,2161000,2220000]",769,16052000
30,24,8,"[701,682,731,763,689,711,741,738]","[1972000,1894000,2069000,2147000,1974000,2031000,2100000,2086000]",763,16273000
30,25,8,"[528,584,710,606,677,714,788,863]","[1463000,1684000,2083000,1767000,1974000,2103000,2184000,2452000]",863,15710000
30,26,8,"[660,721,766,783,720,598,666,723]","[1851000,2025000,2174000,2178000,2085000,1771000,1883000,2078000]",783,16045000
30,27,8,"[534,712,762,779,613,746,692,791]","[1476000,1966000,2199000,2189000,1770000,2191000,1919000,2219000]",791,15929000
30,28,8,"[670,727,717,796,682,652,644,728]","[1856000,2089000,2030000,2219000,1967000,1924000,1820000,2098000]",796,16003000
30,29,8,"[518,574,781,619,738,747,722,819]","[1447000,1649000,2300000,1750000,2129000,2202000,1991000,2326000]",819,15794000
30,30,8,"[700,591,725,772,685,706,736,737]","[1967000,1731000,2049000,2165000,1957000,2023000,2090000,2086000]",772,16068000
30,31,8,"[620,664,670,880,705,720,582,638]","[1776000,1906000,1919000,2510000,2070000,2058000,1579000,1805000]",880,15623000
30,32,8,"[633,753,748,717,726,717,648,761]","[1869000,2109000,2108000,1977000,2103000,2050000,1806000,2197000]",761,16219000
30,33,8,"[689,726,655,747,616,751,664,770]","[1939000,2033000,1856000,2107000,1811000,2146000,1881000,2207000]",770,15980000
30,34,8,"[629,668,716,718,692,746,696,769]","[1820000,1933000,1994000,1999000,2008000,2124000,1969000,2220000]",769,16067000
30,35,8,"[546,717,764,780,718,670,733,763]","[1516000,2007000,2149000,2172000,2068000,1906000,2092000,2182000]",780,16092000
30,36,8,"[720,691,715,682,639,716,774,762]","[1992000,1986000,2027000,1927000,1836000,2023000,2188000,2170000]",774,16149000
30,37,8,"[631,702,592,766,652,719,733,796]","[1851000,1925000,1689000,2114000,1907000,2040000,2113000,2281000]",796,15920000
30,38,8,"[534,715,771,782,609,743,695,794]","[1476000,1982000,2213000,2203000,1766000,2186000,1928000,2225000]",794,15979000
30,39,8,"[717,688,714,710,656,707,768,702]","[1994000,1985000,2031000,1978000,1903000,1988000,2185000,2095000]",768,16159000
30,40,8,"[528,701,768,777,643,748,660,797]","[1445000,1925000,2211000,2181000,1853000,2195000,1827000,2236000]",797,15873000
30,41,8,"[535,722,768,785,618,836,635,797]","[1477000,2005000,2214000,2202000,1790000,2429000,1752000,2222000]",836,16091000
30,42,8,"[535,717,769,783,618,841,635,798]","[1477000,1986000,2213000,2202000,1780000,2433000,1752000,2225000]",841,16068000
30,43,8,"[622,617,678,756,721,812,578,686]","[1774000,1780000,1929000,2158000,2033000,2408000,1603000,1943000]",812,15628000
30,44,8,"[541,733,705,752,618,823,723,774]","[1499000,2087000,1950000,2101000,1763000,2416000,2067000,2222000]",823,16105000
30,45,8,"[613,760,696,780,716,813,527,680]","[1797000,2129000,1971000,2228000,2014000,2386000,1439000,1880000]",813,15844000
30,46,8,"[752,706,742,761,730,795,787,773]","[2151000,1940000,2084000,2104000,2129000,2301000,2232000,2272000]",795,17213000
30,47,8,"[697,728,679,824,685,807,619,732]","[1954000,2034000,1931000,2270000,1963000,2304000,1743000,2070000]",824,16269000
30,48,8,"[477,721,742,776,617,748,703,743]","[1329000,1975000,2139000,2173000,1777000,2210000,1943000,2142000]",776,15688000
30,49,8,"[525,665,782,760,618,768,733,764]","[1478000,1824000,2254000,2146000,1809000,2256000,2029000,2149000]",782,15945000
30,50,8,"[522,577,784,723,760,733,734,788]","[1451000,1661000,2299000,2160000,2136000,2159000,2036000,2186000]",788,16088000
30,51,8,"[689,849,726,747,698,784,659,833]","[1925000,2355000,2023000,2103000,2002000,2191000,1827000,2379000]",849,16805000
30,52,8,"[697,722,661,690,691,791,644,725]","[1963000,2021000,1863000,1939000,2026000,2249000,1812000,2161000]",791,16034000
30,53,8,"[650,757,706,692,663,753,697,762]","[1909000,2098000,1995000,1931000,1921000,2142000,1970000,2211000]",762,16177000
30,54,8,"[641,695,845,638,714,754,653,947]","[1830000,1896000,2356000,1865000,2070000,2237000,1789000,2670000]",947,16713000
30,55,8,"[719,734,785,774,692,792,671,740]","[1992000,2065000,2241000,2189000,1972000,2231000,1913000,2149000]",792,16752000
30,56,8,"[847,684,805,668,598,796,721,853]","[2623000,1904000,2352000,1863000,1743000,2386000,1992000,2418000]",853,17281000
30,57,8,"[527,677,762,785,604,797,691,797]","[1444000,1866000,2176000,2200000,1731000,2358000,1932000,2242000]",797,15949000
30,58,8,"[623,661,704,787,659,806,595,687]","[1802000,1897000,1989000,2236000,1850000,2370000,1627000,1941000]",806,15712000
30,59,8,"[703,690,731,687,676,836,770,669]","[1999000,1908000,2068000,1892000,1961000,2388000,2242000,1954000]",836,16412000
30,60,8,"[694,781,634,745,661,747,691,685]","[1948000,2184000,1802000,2115000,1949000,2121000,1945000,2037000]",781,16101000
30,61,8,"[731,733,674,775,678,753,615,740]","[2035000,2078000,1886000,2172000,1976000,2098000,1728000,2177000]",775,16150000
30,62,8,"[594,717,676,634,701,668,739,733]","[1655000,2037000,1919000,1781000,1974000,1919000,2108000,2116000]",739,15509000
30,63,8,"[517,709,768,816,718,683,682,782]","[1439000,1952000,2223000,2313000,2063000,1997000,1957000,2176000]",816,16120000
30,64,8,"[480,676,749,785,645,802,702,781]","[1358000,1841000,2138000,2243000,1902000,2283000,1945000,2176000]",802,15886000
30,65,8,"[611,685,709,802,599,832,730,752]","[1722000,1940000,2005000,2286000,1684000,2487000,1985000,2094000]",832,16203000
30,66,8,"[529,720,766,731,623,749,686,772]","[1442000,1975000,2199000,2053000,1803000,2211000,1902000,2236000]",772,15821000
30,67,8,"[562,702,691,776,651,741,692,754]","[1564000,1946000,2030000,2176000,1873000,2178000,1924000,2111000]",776,15802000
30,68,8,"[700,731,720,746,680,655,681,703]","[1953000,2079000,2020000,2095000,1949000,1938000,1904000,2043000]",746,15981000
30,69,8,"[624,668,692,783,721,725,581,687]","[1795000,1909000,1981000,2243000,2034000,2143000,1597000,1943000]",783,15645000
30,70,8,"[562,661,615,789,715,729,608,689]","[1666000,1889000,1760000,2258000,2012000,2157000,1703000,1956000]",789,15401000
30,71,8,"[661,661,764,782,723,599,692,722]","[1862000,1872000,2169000,2176000,2085000,1786000,1969000,2074000]",782,15993000
30,72,8,"[473,728,800,721,614,754,694,733]","[1337000,1985000,2300000,2039000,1773000,2222000,1928000,2102000]",800,15686000
30,73,8,"[695,742,741,724,725,721,632,709]","[1965000,2060000,2093000,1987000,2090000,2068000,1776000,2107000]",742,16146000
30,74,8,"[612,672,760,793,721,603,691,720]","[1778000,1897000,2139000,2228000,2076000,1796000,1952000,2075000]",793,15941000
30,75,8,"[619,697,695,779,729,731,593,643]","[1770000,2008000,1956000,2221000,2036000,2161000,1632000,1816000]",779,15600000
30,76,8,"[620,775,756,678,720,664,683,741]","[1791000,2175000,2134000,1953000,2074000,1888000,1941000,2130000]",775,16086000
30,77,8,"[620,696,618,789,715,678,614,695]","[1784000,1996000,1776000,2262000,2010000,2019000,1709000,1969000]",789,15525000
30,78,8,"[669,670,718,719,627,748,670,770]","[1934000,1937000,2004000,2008000,1800000,2122000,1927000,2202000]",770,15934000
30,79,8,"[687,762,693,682,723,674,664,760]","[1912000,2133000,1975000,1958000,2090000,1902000,1898000,2180000]",762,16048000
30,80,8,"[521,588,719,637,680,708,726,867]","[1447000,1699000,2109000,1822000,1982000,2092000,2060000,2457000]",867,15668000
30,81,8,"[530,730,771,776,663,667,729,759]","[1493000,2068000,2161000,2154000,1976000,1893000,2075000,2178000]",776,15998000
30,82,8,"[533,658,766,765,611,738,660,797]","[1475000,1883000,2204000,2147000,1765000,2178000,1827000,2240000]",797,15719000
30,83,8,"[696,695,756,679,716,720,642,702]","[1957000,1942000,2157000,1954000,2068000,2058000,1799000,2098000]",756,16033000
30,84,8,"[677,745,718,787,675,656,681,701]","[1876000,2131000,2034000,2192000,1948000,1939000,1898000,2036000]",787,16054000
30,85,8,"[525,601,757,776,639,749,700,802]","[1441000,1714000,2170000,2173000,1846000,2210000,1943000,2250000]",802,15747000
30,86,8,"[650,702,623,764,636,717,743,796]","[1910000,1944000,1749000,2120000,1854000,2039000,2144000,2286000]",796,16046000
30,87,8,"[488,643,805,686,672,710,753,799]","[1352000,1788000,2343000,1962000,1936000,2096000,2092000,2320000]",805,15889000
30,88,8,"[627,664,660,713,625,738,756,770]","[1811000,1919000,1896000,1994000,1800000,2113000,2157000,2220000]",770,15910000
30,89,8,"[699,685,727,771,646,713,731,744]","[1965000,1898000,2063000,2172000,1878000,2033000,2068000,2105000]",771,16182000
30,90,8,"[528,586,711,604,675,762,788,868]","[1464000,1673000,2085000,1761000,1979000,2206000,2167000,2474000]",868,15809000
