iteration_id,solution_id,agv_count,running_times_seconds,energy_consumptions_joules,max_running_time_seconds,total_energy_consumption_joules
1,1,5,"[294,399,387,391,296]","[849000,1226000,1164000,1202000,875000]",399,5316000
1,2,5,"[269,399,402,391,296]","[770000,1236000,1215000,1202000,875000]",402,5298000
1,3,5,"[269,399,402,392,295]","[770000,1236000,1215000,1202000,875000]",402,5298000
1,4,5,"[317,392,377,391,296]","[919000,1201000,1135000,1202000,875000]",392,5332000
1,5,5,"[257,401,404,397,295]","[724000,1240000,1215000,1232000,875000]",404,5286000
1,6,5,"[374,376,320,357,362]","[1084000,1160000,949000,1093000,1078000]",376,5364000
1,7,5,"[257,374,387,397,350]","[728000,1156000,1167000,1232000,1033000]",397,5316000
1,8,5,"[366,377,369,361,312]","[1056000,1160000,1107000,1113000,918000]",377,5354000
1,9,5,"[317,392,377,391,296]","[919000,1201000,1135000,1202000,875000]",392,5332000
1,10,5,"[372,380,341,381,312]","[1080000,1160000,1022000,1170000,918000]",381,5350000
1,11,5,"[258,399,403,399,295]","[741000,1236000,1213000,1227000,875000]",403,5292000
1,12,5,"[257,347,411,441,295]","[724000,1081000,1224000,1371000,875000]",441,5275000
1,13,5,"[276,399,397,399,295]","[786000,1236000,1192000,1227000,875000]",399,5316000
1,14,5,"[275,401,401,397,293]","[769000,1240000,1192000,1232000,871000]",401,5304000
1,15,5,"[257,413,389,399,293]","[724000,1282000,1167000,1232000,871000]",413,5276000
1,16,5,"[257,413,389,399,295]","[724000,1282000,1167000,1232000,875000]",413,5280000
1,17,5,"[257,347,405,439,305]","[724000,1081000,1213000,1367000,895000]",439,5280000
1,18,5,"[275,401,401,397,295]","[769000,1240000,1194000,1232000,875000]",401,5310000
1,19,5,"[257,401,355,397,356]","[724000,1240000,1057000,1232000,1057000]",401,5310000
1,20,5,"[270,399,403,391,296]","[770000,1236000,1213000,1202000,875000]",403,5296000
1,21,5,"[317,400,454,356,299]","[909000,1217000,1340000,1090000,885000]",454,5441000
1,22,5,"[379,394,368,396,312]","[1094000,1167000,1100000,1204000,918000]",396,5483000
1,23,5,"[369,451,318,421,307]","[1065000,1346000,945000,1274000,905000]",451,5535000
1,24,5,"[276,399,397,399,294]","[786000,1236000,1192000,1227000,873000]",399,5314000
1,25,5,"[333,418,443,378,297]","[951000,1239000,1296000,1152000,871000]",443,5509000
1,26,5,"[290,407,441,433,340]","[835000,1251000,1278000,1301000,942000]",441,5607000
1,27,5,"[328,428,344,444,342]","[935000,1303000,1026000,1331000,957000]",444,5552000
1,28,5,"[280,399,434,422,295]","[800000,1236000,1266000,1265000,875000]",434,5442000
1,29,5,"[306,402,403,394,322]","[837000,1242000,1217000,1208000,943000]",403,5447000
1,30,5,"[333,415,429,360,296]","[949000,1265000,1254000,1105000,886000]",429,5459000
1,31,5,"[323,415,443,412,317]","[919000,1266000,1298000,1203000,917000]",443,5603000
1,32,5,"[328,398,423,360,299]","[937000,1204000,1259000,1113000,885000]",423,5398000
1,33,5,"[338,400,376,397,295]","[958000,1204000,1129000,1223000,875000]",400,5389000
1,34,5,"[257,418,401,397,293]","[728000,1270000,1213000,1232000,871000]",418,5314000
1,35,5,"[270,403,395,399,323]","[751000,1240000,1192000,1227000,941000]",403,5351000
1,36,5,"[304,399,401,391,296]","[845000,1236000,1200000,1202000,876000]",401,5359000
1,37,5,"[339,401,416,361,302]","[981000,1218000,1240000,1113000,877000]",416,5429000
1,38,5,"[298,394,401,397,295]","[836000,1205000,1199000,1232000,875000]",401,5347000
1,39,5,"[324,386,440,438,340]","[925000,1166000,1292000,1312000,943000]",440,5638000
1,40,5,"[331,430,391,441,310]","[926000,1303000,1124000,1326000,910000]",441,5589000
1,41,5,"[255,401,446,408,305]","[724000,1236000,1309000,1248000,895000]",446,5412000
1,42,5,"[347,378,418,397,305]","[999000,1157000,1195000,1232000,895000]",418,5478000
1,43,5,"[254,415,423,399,305]","[724000,1288000,1238000,1239000,895000]",423,5384000
1,44,5,"[401,383,444,392,336]","[1147000,1124000,1296000,1158000,983000]",444,5708000
1,45,5,"[257,394,431,397,293]","[730000,1205000,1294000,1232000,871000]",431,5332000
1,46,5,"[319,431,374,360,297]","[922000,1313000,1114000,1113000,885000]",431,5347000
1,47,5,"[257,394,443,398,295]","[730000,1205000,1316000,1232000,875000]",443,5358000
1,48,5,"[366,427,341,381,293]","[1038000,1301000,1022000,1170000,871000]",427,5402000
1,49,5,"[378,429,341,381,293]","[1051000,1301000,1022000,1170000,871000]",429,5415000
1,50,5,"[269,397,418,399,295]","[769000,1226000,1243000,1223000,875000]",418,5336000
1,51,5,"[311,427,342,399,295]","[887000,1306000,1022000,1232000,875000]",427,5322000
1,52,5,"[275,403,399,399,349]","[769000,1240000,1192000,1185000,1030000]",403,5416000
1,53,5,"[341,399,433,393,326]","[924000,1236000,1264000,1200000,958000]",433,5582000
1,54,5,"[312,378,371,498,295]","[886000,1161000,1096000,1470000,875000]",498,5488000
1,55,5,"[270,411,389,391,296]","[770000,1278000,1167000,1202000,876000]",411,5293000
1,56,5,"[312,402,376,398,295]","[898000,1217000,1131000,1223000,875000]",402,5344000
1,57,5,"[359,418,365,360,298]","[1024000,1269000,1099000,1113000,890000]",418,5395000
1,58,5,"[320,409,417,374,299]","[934000,1258000,1221000,1135000,882000]",417,5430000
1,59,5,"[275,404,424,443,297]","[769000,1242000,1224000,1341000,885000]",443,5461000
1,60,5,"[379,418,370,362,312]","[1078000,1270000,1079000,1118000,918000]",418,5463000
1,61,5,"[275,404,401,397,295]","[769000,1255000,1187000,1232000,875000]",404,5318000
1,62,5,"[275,401,401,397,293]","[775000,1240000,1192000,1232000,871000]",401,5310000
1,63,5,"[326,386,403,391,296]","[907000,1189000,1217000,1202000,875000]",403,5390000
1,64,5,"[377,390,407,450,324]","[1060000,1148000,1186000,1344000,951000]",450,5689000
1,65,5,"[348,403,407,391,311]","[990000,1242000,1219000,1151000,904000]",407,5506000
1,66,5,"[313,397,444,436,343]","[881000,1211000,1294000,1307000,959000]",444,5652000
1,67,5,"[257,406,404,399,298]","[728000,1244000,1218000,1232000,890000]",406,5312000
1,68,5,"[352,443,362,397,295]","[1013000,1332000,1039000,1232000,875000]",443,5491000
1,69,5,"[368,443,401,356,297]","[1031000,1341000,1158000,1099000,885000]",443,5514000
1,70,5,"[341,380,381,391,345]","[979000,1129000,1143000,1202000,1029000]",391,5482000
1,71,5,"[286,425,402,396,294]","[824000,1286000,1215000,1212000,871000]",425,5408000
1,72,5,"[254,414,441,433,317]","[724000,1266000,1292000,1304000,919000]",441,5505000
1,73,5,"[322,430,445,357,298]","[920000,1312000,1274000,1101000,886000]",445,5493000
1,74,5,"[254,416,440,407,297]","[724000,1270000,1294000,1255000,885000]",440,5428000
1,75,5,"[254,416,468,399,305]","[724000,1270000,1345000,1234000,895000]",468,5468000
1,76,5,"[254,394,459,398,293]","[724000,1211000,1346000,1234000,871000]",459,5386000
1,77,5,"[260,400,424,399,295]","[741000,1238000,1257000,1227000,875000]",424,5338000
1,78,5,"[257,413,408,397,293]","[730000,1282000,1208000,1232000,871000]",413,5323000
1,79,5,"[275,399,427,434,335]","[769000,1236000,1229000,1299000,973000]",434,5506000
1,80,5,"[342,373,471,361,296]","[981000,1093000,1419000,1113000,862000]",471,5468000
1,81,5,"[290,392,458,393,298]","[826000,1201000,1348000,1200000,880000]",458,5455000
1,82,5,"[258,399,403,399,305]","[741000,1236000,1213000,1227000,895000]",403,5312000
1,83,5,"[275,399,415,424,294]","[769000,1236000,1210000,1304000,876000]",424,5395000
1,84,5,"[295,400,388,352,360]","[849000,1226000,1164000,1069000,1074000]",400,5382000
1,85,5,"[246,451,402,393,296]","[700000,1373000,1215000,1206000,875000]",451,5369000
1,86,5,"[271,400,465,358,297]","[782000,1238000,1378000,1097000,885000]",465,5380000
1,87,5,"[344,394,378,394,298]","[973000,1205000,1133000,1208000,880000]",394,5399000
1,88,5,"[254,399,355,489,298]","[724000,1236000,1064000,1469000,881000]",489,5374000
1,89,5,"[358,433,317,357,362]","[1028000,1301000,943000,1093000,1078000]",433,5443000
1,90,5,"[296,374,387,368,352]","[845000,1156000,1167000,1137000,1043000]",387,5348000
1,91,5,"[366,377,369,361,312]","[1056000,1160000,1107000,1113000,918000]",377,5354000
1,92,5,"[320,396,383,394,297]","[934000,1201000,1143000,1208000,875000]",396,5361000
1,93,5,"[463,381,344,319,312]","[1343000,1160000,1027000,963000,918000]",463,5411000
1,94,5,"[297,403,406,397,295]","[849000,1214000,1223000,1223000,875000]",406,5384000
1,95,5,"[257,303,468,438,296]","[724000,931000,1410000,1365000,880000]",468,5310000
1,96,5,"[276,399,397,399,308]","[786000,1236000,1192000,1227000,901000]",399,5342000
1,97,5,"[304,403,378,397,295]","[853000,1244000,1133000,1232000,881000]",403,5343000
1,98,5,"[262,413,389,399,293]","[740000,1282000,1167000,1232000,871000]",413,5292000
1,99,5,"[234,415,389,399,334]","[658000,1286000,1167000,1232000,977000]",415,5320000
1,100,5,"[255,345,438,409,305]","[726000,1077000,1335000,1264000,895000]",438,5297000
1,101,5,"[345,360,397,399,296]","[978000,1105000,1192000,1236000,875000]",399,5386000
1,102,5,"[257,399,354,423,356]","[724000,1236000,1055000,1284000,1057000]",423,5356000
1,103,5,"[280,399,403,364,350]","[791000,1236000,1213000,1111000,1024000]",403,5375000
2,1,5,"[368,367,330,313,382]","[1085000,1119000,985000,950000,1154000]",382,5293000
2,2,5,"[319,353,281,372,416]","[929000,1072000,827000,1149000,1282000]",416,5259000
2,3,5,"[321,353,281,372,416]","[929000,1072000,827000,1149000,1282000]",416,5259000
2,4,5,"[367,352,282,373,386]","[1083000,1070000,827000,1149000,1156000]",386,5285000
2,5,5,"[375,366,280,360,376]","[1118000,1119000,827000,1104000,1127000]",376,5295000
2,6,5,"[366,354,280,372,385]","[1083000,1072000,827000,1149000,1156000]",385,5287000
2,7,5,"[365,367,329,365,368]","[1083000,1119000,980000,1089000,1096000]",368,5367000
2,8,5,"[376,354,280,374,376]","[1118000,1074000,827000,1149000,1127000]",376,5295000
2,9,5,"[365,367,282,360,384]","[1083000,1119000,827000,1104000,1154000]",384,5287000
2,10,5,"[365,367,280,360,385]","[1083000,1119000,827000,1104000,1154000]",385,5287000
2,11,5,"[375,366,280,360,376]","[1118000,1119000,827000,1104000,1127000]",376,5295000
2,12,5,"[318,303,282,419,417]","[929000,912000,827000,1303000,1282000]",419,5253000
2,13,5,"[376,354,280,374,376]","[1118000,1074000,827000,1149000,1127000]",376,5295000
2,14,5,"[381,353,280,372,370]","[1133000,1072000,827000,1149000,1112000]",381,5293000
2,15,5,"[379,353,280,372,372]","[1132000,1072000,827000,1149000,1113000]",379,5293000
2,16,5,"[366,353,281,372,388]","[1069000,1072000,827000,1149000,1168000]",388,5285000
2,17,5,"[368,369,343,363,342]","[1089000,1119000,1025000,1101000,1002000]",369,5336000
2,18,5,"[380,353,280,372,374]","[1119000,1072000,827000,1149000,1126000]",380,5293000
2,19,5,"[365,367,329,371,336]","[1083000,1119000,985000,1134000,998000]",371,5319000
2,20,5,"[366,371,337,372,334]","[1088000,1119000,1004000,1128000,993000]",372,5332000
2,21,5,"[328,353,281,372,418]","[955000,1072000,827000,1149000,1280000]",418,5283000
2,22,5,"[365,367,278,389,384]","[1083000,1119000,820000,1163000,1156000]",389,5341000
2,23,5,"[383,375,348,372,373]","[1133000,1128000,972000,1149000,1117000]",383,5499000
2,24,5,"[347,392,295,389,414]","[1012000,1167000,851000,1189000,1251000]",414,5470000
2,25,5,"[368,372,281,399,419]","[1092000,1125000,832000,1146000,1264000]",419,5459000
2,26,5,"[368,367,321,390,369]","[1098000,1119000,960000,1158000,1093000]",390,5428000
2,27,5,"[390,372,332,396,378]","[1151000,1140000,964000,1143000,1123000]",396,5521000
2,28,5,"[366,369,284,381,416]","[1088000,1119000,835000,1110000,1258000]",416,5410000
2,29,5,"[385,370,281,360,375]","[1133000,1139000,829000,1104000,1126000]",385,5331000
2,30,5,"[369,369,281,373,416]","[1093000,1119000,829000,1094000,1258000]",416,5393000
2,31,5,"[379,366,328,385,365]","[1129000,1071000,977000,1162000,1091000]",385,5430000
2,32,5,"[381,357,288,416,409]","[1124000,1092000,846000,1198000,1230000]",416,5490000
2,33,5,"[319,352,312,416,416]","[929000,1070000,892000,1230000,1282000]",416,5403000
2,34,5,"[376,388,327,376,378]","[1120000,1119000,970000,1158000,1113000]",388,5480000
2,35,5,"[382,358,294,407,411]","[1125000,1082000,867000,1167000,1231000]",411,5472000
2,36,5,"[358,382,281,399,403]","[1042000,1112000,826000,1238000,1223000]",403,5441000
2,37,5,"[378,370,280,360,375]","[1119000,1139000,827000,1104000,1126000]",378,5315000
2,38,5,"[368,356,280,404,369]","[1088000,1074000,827000,1243000,1096000]",404,5328000
2,39,5,"[318,368,295,395,416]","[929000,1093000,851000,1227000,1282000]",416,5382000
2,40,5,"[384,359,294,405,407]","[1142000,1096000,867000,1167000,1216000]",407,5488000
2,41,5,"[369,372,297,371,416]","[1094000,1119000,872000,1074000,1258000]",416,5417000
2,42,5,"[365,352,280,356,421]","[1074000,1070000,827000,1093000,1272000]",421,5336000
2,43,5,"[381,382,334,374,382]","[1130000,1112000,962000,1159000,1127000]",382,5490000
2,44,5,"[365,367,362,364,368]","[1083000,1119000,1040000,1085000,1096000]",368,5423000
2,45,5,"[366,371,267,438,385]","[1085000,1099000,783000,1309000,1161000]",438,5437000
2,46,5,"[321,353,280,372,432]","[929000,1072000,827000,1149000,1314000]",432,5291000
2,47,5,"[369,401,294,379,421]","[1092000,1183000,840000,1116000,1264000]",421,5495000
2,48,5,"[367,368,330,381,336]","[1087000,1121000,987000,1147000,998000]",381,5340000
2,49,5,"[362,368,295,393,386]","[1069000,1093000,851000,1227000,1168000]",393,5408000
2,50,5,"[365,352,281,366,397]","[1083000,1070000,827000,1119000,1202000]",397,5301000
2,51,5,"[377,357,280,387,376]","[1118000,1086000,827000,1177000,1127000]",387,5335000
2,52,5,"[375,354,283,388,418]","[1101000,1080000,833000,1145000,1260000]",418,5419000
2,53,5,"[380,374,334,379,383]","[1074000,1131000,991000,1121000,1159000]",383,5476000
2,54,5,"[319,400,259,372,416]","[929000,1193000,758000,1149000,1282000]",416,5311000
2,55,5,"[380,356,280,372,401]","[1107000,1077000,827000,1149000,1192000]",401,5352000
2,56,5,"[370,360,284,406,432]","[1085000,1091000,827000,1214000,1256000]",432,5473000
2,57,5,"[375,326,284,363,487]","[1118000,987000,835000,1110000,1400000]",487,5450000
2,58,5,"[414,318,281,372,383]","[1226000,957000,827000,1149000,1156000]",414,5315000
2,59,5,"[365,367,329,395,368]","[1083000,1119000,979000,1155000,1096000]",395,5432000
2,60,5,"[454,354,282,373,344]","[1336000,1074000,827000,1154000,999000]",454,5390000
2,61,5,"[382,367,281,381,382]","[1129000,1124000,827000,1143000,1154000]",382,5377000
2,62,5,"[365,367,319,342,386]","[1083000,1119000,938000,1045000,1161000]",386,5346000
2,63,5,"[375,366,340,360,399]","[1118000,1119000,949000,1104000,1167000]",399,5457000
2,64,5,"[318,305,315,420,417]","[929000,922000,909000,1305000,1282000]",420,5347000
2,65,5,"[376,354,280,372,406]","[1118000,1074000,827000,1149000,1187000]",406,5355000
2,66,5,"[381,353,280,372,370]","[1133000,1072000,827000,1149000,1112000]",381,5293000
2,67,5,"[405,353,280,372,372]","[1184000,1072000,827000,1149000,1113000]",405,5345000
2,68,5,"[363,360,284,430,389]","[1076000,1091000,827000,1265000,1173000]",430,5432000
2,69,5,"[368,425,343,363,325]","[1089000,1278000,1025000,1101000,932000]",425,5425000
2,70,5,"[380,353,280,372,404]","[1119000,1072000,827000,1149000,1186000]",404,5353000
2,71,5,"[366,357,329,390,337]","[1083000,1084000,985000,1178000,998000]",390,5328000
2,72,5,"[304,440,339,372,337]","[893000,1329000,1014000,1128000,998000]",440,5362000
3,1,5,"[391,241,393,388,369]","[1161000,702000,1176000,1187000,1115000]",393,5341000
3,2,5,"[387,241,394,388,371]","[1158000,702000,1176000,1187000,1116000]",394,5339000
3,3,5,"[360,274,388,388,382]","[1080000,785000,1170000,1180000,1143000]",388,5358000
3,4,5,"[366,274,386,386,378]","[1090000,785000,1166000,1180000,1143000]",386,5364000
3,5,5,"[372,365,381,356,375]","[1111000,1049000,1149000,1048000,1126000]",381,5483000
3,6,5,"[366,274,386,386,378]","[1090000,785000,1166000,1180000,1143000]",386,5364000
3,7,5,"[372,365,381,356,375]","[1111000,1046000,1149000,1051000,1126000]",381,5483000
3,8,5,"[360,274,388,388,382]","[1080000,785000,1170000,1180000,1143000]",388,5358000
3,9,5,"[366,274,386,386,378]","[1090000,785000,1166000,1180000,1143000]",386,5364000
3,10,5,"[360,274,388,388,382]","[1080000,785000,1170000,1180000,1143000]",388,5358000
3,11,5,"[392,242,392,387,372]","[1162000,709000,1174000,1180000,1116000]",392,5341000
3,12,5,"[360,274,388,388,382]","[1080000,785000,1170000,1180000,1143000]",388,5358000
3,13,5,"[366,274,386,386,378]","[1090000,785000,1166000,1180000,1143000]",386,5364000
3,14,5,"[360,274,388,388,382]","[1080000,785000,1170000,1180000,1143000]",388,5358000
3,15,5,"[340,244,392,391,402]","[1022000,709000,1174000,1188000,1227000]",402,5320000
3,16,5,"[360,274,388,388,382]","[1080000,785000,1170000,1180000,1143000]",388,5358000
3,17,5,"[373,351,380,383,351]","[1111000,1045000,1144000,1115000,1034000]",383,5449000
3,18,5,"[360,274,390,390,379]","[1080000,785000,1170000,1180000,1141000]",390,5356000
3,19,5,"[360,274,390,390,379]","[1080000,785000,1170000,1180000,1141000]",390,5356000
3,20,5,"[371,348,379,384,353]","[1111000,1014000,1152000,1121000,1038000]",384,5436000
3,21,5,"[438,342,429,310,381]","[1293000,991000,1266000,885000,1147000]",438,5582000
3,22,5,"[440,300,433,343,371]","[1293000,854000,1272000,1014000,1109000]",440,5542000
3,23,5,"[372,298,388,420,382]","[1111000,857000,1170000,1209000,1143000]",420,5490000
3,24,5,"[465,308,434,389,351]","[1342000,888000,1292000,1152000,1005000]",465,5679000
3,25,5,"[407,291,405,390,378]","[1173000,805000,1221000,1186000,1143000]",407,5528000
3,26,5,"[371,302,422,372,378]","[1111000,878000,1273000,1096000,1125000]",422,5483000
3,27,5,"[413,280,437,464,334]","[1221000,815000,1311000,1321000,980000]",464,5648000
3,28,5,"[361,276,387,426,346]","[1080000,795000,1170000,1297000,1040000]",426,5382000
3,29,5,"[322,398,424,360,407]","[970000,1111000,1274000,1056000,1213000]",424,5624000
3,30,5,"[407,342,399,386,364]","[1181000,982000,1183000,1180000,1048000]",407,5574000
3,31,5,"[373,306,424,358,374]","[1112000,889000,1283000,1055000,1126000]",424,5465000
3,32,5,"[318,395,424,388,372]","[954000,1078000,1274000,1155000,1121000]",424,5582000
3,33,5,"[448,313,438,355,399]","[1269000,919000,1282000,1019000,1197000]",448,5686000
3,34,5,"[353,283,387,386,378]","[1042000,827000,1170000,1180000,1143000]",387,5362000
3,35,5,"[424,274,390,387,432]","[1227000,785000,1170000,1173000,1235000]",432,5590000
3,36,5,"[364,245,403,409,383]","[1090000,719000,1185000,1268000,1147000]",409,5409000
3,37,5,"[360,274,387,384,409]","[1080000,785000,1170000,1149000,1228000]",409,5412000
3,38,5,"[363,252,386,439,379]","[1082000,717000,1166000,1313000,1145000]",439,5423000
3,39,5,"[455,285,406,397,347]","[1313000,816000,1209000,1201000,1008000]",455,5547000
3,40,5,"[316,355,425,363,378]","[940000,1004000,1288000,1090000,1143000]",425,5465000
3,41,5,"[447,263,387,389,405]","[1300000,737000,1170000,1186000,1171000]",447,5564000
3,42,5,"[389,290,385,391,414]","[1162000,844000,1166000,1184000,1164000]",414,5520000
3,43,5,"[363,241,396,418,378]","[1095000,704000,1178000,1273000,1128000]",418,5378000
3,44,5,"[438,307,456,346,352]","[1293000,888000,1392000,969000,1034000]",456,5576000
3,45,5,"[316,340,386,392,393]","[950000,963000,1166000,1180000,1185000]",393,5444000
3,46,5,"[360,339,464,366,330]","[1080000,975000,1376000,1082000,984000]",464,5497000
3,47,5,"[317,405,412,382,374]","[946000,1118000,1229000,1154000,1126000]",412,5573000
3,48,5,"[443,312,461,341,355]","[1306000,919000,1390000,959000,1033000]",461,5607000
3,49,5,"[486,245,400,386,439]","[1377000,709000,1196000,1180000,1235000]",486,5697000
3,50,5,"[347,242,392,442,415]","[1027000,709000,1174000,1325000,1226000]",442,5461000
3,51,5,"[371,296,387,430,393]","[1111000,857000,1166000,1238000,1176000]",430,5548000
3,52,5,"[316,363,424,388,391]","[950000,1004000,1274000,1149000,1168000]",424,5545000
3,53,5,"[367,339,413,434,374]","[1088000,963000,1252000,1237000,1122000]",434,5662000
3,54,5,"[359,424,421,396,378]","[1063000,1172000,1268000,1107000,1130000]",424,5740000
3,55,5,"[315,369,396,389,386]","[940000,1027000,1185000,1187000,1145000]",396,5484000
3,56,5,"[438,233,428,422,351]","[1293000,665000,1298000,1234000,1034000]",438,5524000
3,57,5,"[340,423,431,353,351]","[1022000,1239000,1266000,1036000,1007000]",431,5570000
3,58,5,"[320,369,425,396,408]","[950000,1020000,1274000,1179000,1206000]",425,5629000
3,59,5,"[340,244,393,393,405]","[1022000,709000,1174000,1198000,1233000]",405,5336000
3,60,5,"[371,325,387,432,378]","[1106000,914000,1170000,1239000,1143000]",432,5572000
3,61,5,"[362,276,392,392,395]","[1080000,785000,1185000,1210000,1165000]",395,5425000
3,62,5,"[373,303,426,364,389]","[1121000,878000,1288000,1061000,1150000]",426,5498000
3,63,5,"[448,274,391,389,407]","[1275000,785000,1174000,1186000,1168000]",448,5588000
3,64,5,"[360,274,389,468,330]","[1080000,785000,1170000,1407000,980000]",468,5422000
3,65,5,"[360,295,439,358,405]","[1080000,835000,1332000,1043000,1218000]",439,5508000
3,66,5,"[462,245,393,395,404]","[1325000,701000,1182000,1191000,1179000]",462,5578000
3,67,5,"[349,321,391,388,388]","[1028000,909000,1170000,1184000,1157000]",391,5448000
3,68,5,"[390,243,398,418,385]","[1173000,704000,1178000,1273000,1110000]",418,5438000
3,69,5,"[387,302,399,392,370]","[1131000,878000,1209000,1192000,1076000]",399,5486000
3,70,5,"[339,241,392,391,448]","[999000,702000,1174000,1187000,1332000]",448,5394000
3,71,5,"[422,215,396,391,372]","[1258000,622000,1174000,1193000,1118000]",422,5365000
3,72,5,"[362,276,371,427,377]","[1080000,785000,1111000,1295000,1138000]",427,5409000
3,73,5,"[415,274,389,363,378]","[1220000,785000,1181000,1104000,1143000]",415,5433000
3,74,5,"[293,362,381,419,375]","[877000,1043000,1149000,1255000,1126000]",419,5450000
3,75,5,"[373,277,386,386,378]","[1109000,790000,1166000,1180000,1143000]",386,5388000
3,76,5,"[372,352,381,356,430]","[1111000,1023000,1149000,1051000,1235000]",430,5569000
3,77,5,"[328,315,389,389,383]","[969000,915000,1170000,1186000,1143000]",389,5383000
3,78,5,"[320,274,462,386,378]","[950000,785000,1368000,1180000,1143000]",462,5426000
3,79,5,"[360,274,391,388,382]","[1080000,785000,1174000,1180000,1143000]",391,5362000
3,80,5,"[392,242,443,387,372]","[1162000,709000,1275000,1180000,1120000]",443,5446000
3,81,5,"[440,274,425,390,378]","[1267000,785000,1243000,1186000,1143000]",440,5624000
3,82,5,"[360,274,388,388,378]","[1080000,785000,1170000,1180000,1143000]",388,5358000
3,83,5,"[404,252,393,386,380]","[1204000,723000,1180000,1180000,1143000]",404,5430000
3,84,5,"[340,276,392,390,402]","[1022000,783000,1174000,1188000,1227000]",402,5394000
3,85,5,"[336,274,468,386,380]","[1000000,785000,1362000,1180000,1143000]",468,5470000
3,86,5,"[420,351,387,374,337]","[1230000,1045000,1156000,1102000,989000]",420,5522000
3,87,5,"[362,276,433,363,385]","[1090000,785000,1290000,1104000,1150000]",433,5419000
3,88,5,"[360,274,434,389,357]","[1080000,785000,1309000,1195000,1050000]",434,5419000
3,89,5,"[295,418,384,382,349]","[887000,1239000,1158000,1121000,1034000]",418,5439000
4,1,5,"[357,283,427,295,384]","[1059000,833000,1312000,886000,1182000]",427,5272000
4,2,5,"[361,334,363,364,346]","[1064000,989000,1092000,1109000,1054000]",364,5308000
4,3,5,"[357,324,369,368,338]","[1059000,966000,1118000,1109000,1036000]",369,5288000
4,4,5,"[360,354,362,352,350]","[1059000,1032000,1092000,1072000,1062000]",362,5317000
4,5,5,"[359,339,365,364,345]","[1055000,995000,1092000,1109000,1048000]",365,5299000
4,6,5,"[356,283,390,343,388]","[1057000,833000,1190000,1032000,1177000]",390,5289000
4,7,5,"[357,283,427,296,384]","[1059000,833000,1312000,890000,1182000]",427,5276000
4,8,5,"[363,334,363,364,346]","[1065000,989000,1092000,1109000,1054000]",364,5309000
4,9,5,"[360,328,370,365,341]","[1060000,960000,1113000,1111000,1046000]",370,5290000
4,10,5,"[357,324,369,368,337]","[1059000,966000,1118000,1109000,1043000]",369,5295000
4,11,5,"[360,358,362,356,341]","[1064000,1052000,1086000,1080000,1046000]",362,5328000
4,12,5,"[361,341,363,365,338]","[1063000,1008000,1092000,1109000,1036000]",365,5308000
4,13,5,"[360,354,362,361,350]","[1059000,1032000,1092000,1090000,1062000]",362,5335000
4,14,5,"[356,283,388,345,386]","[1057000,833000,1186000,1041000,1177000]",388,5294000
4,15,5,"[356,284,391,344,383]","[1057000,835000,1190000,1032000,1177000]",391,5291000
4,16,5,"[358,283,390,343,388]","[1061000,833000,1190000,1032000,1177000]",390,5293000
4,17,5,"[353,295,390,342,378]","[1047000,875000,1190000,1032000,1149000]",390,5293000
4,18,5,"[360,336,362,364,350]","[1059000,989000,1092000,1109000,1062000]",364,5311000
4,19,5,"[360,330,370,365,336]","[1061000,974000,1113000,1109000,1038000]",370,5295000
4,20,5,"[357,327,369,369,347]","[1055000,960000,1113000,1119000,1058000]",369,5305000
4,21,5,"[351,301,365,394,415]","[1047000,893000,1081000,1187000,1216000]",415,5424000
4,22,5,"[357,284,363,404,392]","[1058000,833000,1082000,1213000,1200000]",404,5386000
4,23,5,"[364,336,364,366,342]","[1065000,991000,1092000,1109000,1048000]",366,5305000
4,24,5,"[358,283,392,344,384]","[1061000,833000,1190000,1036000,1177000]",392,5297000
4,25,5,"[351,286,362,477,397]","[1047000,839000,1060000,1414000,1181000]",477,5541000
4,26,5,"[358,286,422,477,416]","[1058000,836000,1174000,1399000,1215000]",477,5682000
4,27,5,"[357,338,366,369,337]","[1059000,1002000,1092000,1116000,1043000]",369,5312000
4,28,5,"[353,284,388,374,405]","[1047000,835000,1186000,1120000,1204000]",405,5392000
4,29,5,"[360,272,464,354,444]","[1067000,805000,1318000,1059000,1325000]",464,5574000
4,30,5,"[362,356,364,353,356]","[1064000,1030000,1092000,1074000,1085000]",364,5345000
4,31,5,"[361,341,363,365,337]","[1063000,1008000,1092000,1109000,1043000]",365,5315000
4,32,5,"[355,365,333,436,385]","[1055000,1051000,971000,1264000,1181000]",436,5522000
4,33,5,"[359,324,474,343,383]","[1062000,902000,1371000,1037000,1177000]",474,5549000
4,34,5,"[362,339,362,364,351]","[1060000,994000,1092000,1109000,1062000]",364,5317000
4,35,5,"[362,339,362,371,351]","[1060000,994000,1092000,1117000,1062000]",371,5325000
4,36,5,"[361,297,422,447,400]","[1062000,867000,1174000,1306000,1224000]",447,5633000
4,37,5,"[357,270,428,435,409]","[1058000,801000,1195000,1264000,1260000]",435,5578000
4,38,5,"[362,326,370,368,359]","[1064000,962000,1113000,1117000,1081000]",370,5337000
4,39,5,"[361,283,467,350,415]","[1060000,839000,1351000,1049000,1240000]",467,5539000
4,40,5,"[360,362,368,358,344]","[1064000,1045000,1113000,1094000,1050000]",368,5366000
4,41,5,"[355,338,422,463,413]","[1054000,952000,1174000,1362000,1215000]",463,5757000
4,42,5,"[360,358,362,356,341]","[1064000,1046000,1092000,1080000,1046000]",362,5328000
4,43,5,"[358,364,332,430,385]","[1070000,1043000,975000,1257000,1177000]",430,5522000
4,44,5,"[358,330,370,370,336]","[1061000,974000,1113000,1117000,1038000]",370,5303000
4,45,5,"[358,274,464,346,425]","[1058000,809000,1318000,1052000,1291000]",464,5528000
4,46,5,"[354,310,431,403,380]","[1052000,932000,1201000,1208000,1149000]",431,5542000
4,47,5,"[357,327,369,368,347]","[1055000,960000,1113000,1116000,1058000]",369,5302000
4,48,5,"[358,295,391,320,466]","[1059000,875000,1190000,946000,1369000]",466,5439000
4,49,5,"[362,354,362,352,350]","[1060000,1032000,1092000,1072000,1067000]",362,5323000
4,50,5,"[352,294,332,475,404]","[1047000,873000,975000,1399000,1195000]",475,5489000
4,51,5,"[358,364,338,430,385]","[1070000,1043000,991000,1257000,1177000]",430,5538000
4,52,5,"[355,287,385,474,415]","[1055000,841000,1098000,1399000,1221000]",474,5614000
4,53,5,"[356,288,390,396,408]","[1056000,837000,1190000,1158000,1204000]",408,5445000
4,54,5,"[359,310,422,437,432]","[1062000,909000,1168000,1264000,1288000]",437,5691000
4,55,5,"[353,285,410,474,404]","[1051000,828000,1158000,1399000,1195000]",474,5631000
4,56,5,"[353,287,401,474,402]","[1051000,841000,1131000,1399000,1191000]",474,5613000
4,57,5,"[355,290,352,432,383]","[1055000,847000,1063000,1261000,1177000]",432,5403000
4,58,5,"[357,285,422,477,414]","[1058000,830000,1174000,1399000,1216000]",477,5677000
4,59,5,"[360,270,457,449,465]","[1058000,795000,1290000,1260000,1361000]",465,5764000
4,60,5,"[359,324,369,367,337]","[1059000,966000,1118000,1111000,1043000]",369,5297000
4,61,5,"[355,284,422,477,413]","[1054000,836000,1174000,1399000,1213000]",477,5676000
4,62,5,"[357,338,366,369,337]","[1059000,1003000,1092000,1116000,1043000]",369,5313000
4,63,5,"[351,286,390,477,397]","[1047000,839000,1109000,1414000,1181000]",477,5590000
4,64,5,"[359,283,428,477,417]","[1058000,820000,1195000,1399000,1223000]",477,5695000
4,65,5,"[356,280,428,477,414]","[1054000,815000,1195000,1399000,1220000]",477,5683000
4,66,5,"[353,339,322,465,386]","[1051000,954000,949000,1375000,1182000]",465,5511000
4,67,5,"[357,283,422,477,412]","[1058000,830000,1174000,1399000,1216000]",477,5677000
4,68,5,"[357,277,428,467,401]","[1058000,815000,1198000,1372000,1185000]",467,5628000
4,69,5,"[359,300,422,463,382]","[1062000,876000,1174000,1362000,1151000]",463,5625000
4,70,5,"[351,284,388,374,397]","[1047000,835000,1186000,1120000,1181000]",397,5369000
4,71,5,"[357,308,428,437,387]","[1058000,907000,1195000,1264000,1185000]",437,5609000
4,72,5,"[359,339,365,364,345]","[1055000,1003000,1092000,1109000,1048000]",365,5307000
4,73,5,"[354,283,352,403,391]","[1051000,833000,1063000,1203000,1206000]",403,5356000
4,74,5,"[359,294,433,434,383]","[1062000,858000,1241000,1255000,1165000]",434,5581000
4,75,5,"[360,295,390,342,396]","[1061000,875000,1190000,1032000,1194000]",396,5352000
4,76,5,"[362,284,488,346,398]","[1068000,838000,1405000,1043000,1194000]",488,5548000
4,77,5,"[357,273,428,477,411]","[1058000,797000,1195000,1399000,1215000]",477,5664000
4,78,5,"[360,295,390,344,378]","[1065000,875000,1190000,1032000,1147000]",390,5309000
4,79,5,"[358,303,422,451,405]","[1060000,885000,1168000,1306000,1234000]",451,5653000
4,80,5,"[357,309,422,463,382]","[1054000,897000,1168000,1362000,1156000]",463,5637000
4,81,5,"[358,283,390,345,391]","[1061000,820000,1190000,1047000,1209000]",391,5327000
4,82,5,"[355,284,422,477,413]","[1054000,830000,1174000,1399000,1215000]",477,5672000
4,83,5,"[355,295,388,345,378]","[1052000,875000,1186000,1041000,1149000]",388,5303000
4,84,5,"[354,287,352,461,406]","[1051000,841000,1063000,1337000,1205000]",461,5497000
4,85,5,"[357,283,422,483,412]","[1058000,830000,1174000,1410000,1216000]",483,5688000
4,86,5,"[359,287,422,477,391]","[1062000,844000,1174000,1399000,1169000]",477,5648000
4,87,5,"[358,286,458,404,412]","[1060000,834000,1297000,1213000,1211000]",458,5615000
4,88,5,"[356,293,386,352,392]","[1057000,853000,1165000,1047000,1214000]",392,5336000
4,89,5,"[357,323,465,296,390]","[1059000,910000,1391000,888000,1202000]",465,5450000
4,90,5,"[360,334,427,306,347]","[1064000,989000,1306000,911000,1056000]",427,5326000
4,91,5,"[359,325,370,422,339]","[1063000,966000,1117000,1221000,1041000]",422,5408000
4,92,5,"[360,327,362,351,389]","[1061000,952000,1092000,1072000,1174000]",389,5351000
4,93,5,"[356,339,402,367,345]","[1055000,1000000,1172000,1114000,1048000]",402,5389000
4,94,5,"[357,283,467,296,384]","[1065000,833000,1392000,886000,1182000]",467,5358000
4,95,5,"[357,283,509,296,384]","[1059000,833000,1482000,890000,1182000]",509,5446000
4,96,5,"[359,395,365,364,342]","[1055000,1111000,1098000,1109000,1051000]",395,5424000
4,97,5,"[358,331,358,380,343]","[1060000,965000,1081000,1159000,1046000]",380,5311000
4,98,5,"[357,324,406,368,337]","[1059000,966000,1189000,1109000,1043000]",406,5366000
4,99,5,"[360,361,362,357,380]","[1064000,1058000,1086000,1095000,1126000]",380,5429000
4,100,5,"[359,341,423,308,338]","[1063000,1008000,1301000,906000,1036000]",423,5314000
4,101,5,"[357,351,416,318,354]","[1055000,1030000,1266000,952000,1087000]",416,5390000
4,102,5,"[340,283,388,352,443]","[1001000,833000,1186000,1057000,1324000]",443,5401000
4,103,5,"[351,289,422,349,420]","[1047000,844000,1255000,1042000,1254000]",422,5442000
4,104,5,"[358,283,392,306,469]","[1067000,833000,1190000,911000,1403000]",469,5404000
4,105,5,"[351,295,390,390,378]","[1047000,875000,1190000,1137000,1148000]",390,5397000
4,106,5,"[359,334,356,378,348]","[1059000,989000,1080000,1149000,1062000]",378,5339000
4,107,5,"[357,412,369,368,337]","[1059000,1142000,1119000,1111000,1043000]",412,5474000
4,108,5,"[355,326,370,421,356]","[1055000,960000,1117000,1221000,1079000]",421,5432000
5,1,5,"[302,371,370,360,370]","[907000,1121000,1095000,1080000,1118000]",371,5321000
5,2,5,"[302,371,370,360,370]","[907000,1121000,1095000,1080000,1118000]",371,5321000
5,3,5,"[302,398,305,356,390]","[907000,1210000,893000,1082000,1191000]",398,5283000
5,4,5,"[302,367,342,356,390]","[907000,1099000,1004000,1082000,1191000]",390,5283000
5,5,5,"[302,400,307,356,390]","[907000,1210000,893000,1082000,1191000]",400,5283000
5,6,5,"[302,379,344,358,376]","[907000,1139000,1005000,1084000,1154000]",379,5289000
5,7,5,"[302,379,344,358,376]","[907000,1139000,1005000,1084000,1154000]",379,5289000
5,8,5,"[302,367,340,356,388]","[907000,1099000,1005000,1082000,1190000]",388,5283000
5,9,5,"[302,359,374,375,351]","[907000,1099000,1107000,1130000,1058000]",375,5301000
5,10,5,"[302,371,370,360,370]","[907000,1121000,1095000,1080000,1118000]",371,5321000
5,11,5,"[302,373,350,373,372]","[907000,1132000,1027000,1123000,1128000]",373,5317000
5,12,5,"[302,373,350,373,372]","[907000,1132000,1029000,1124000,1128000]",373,5320000
5,13,5,"[302,373,349,373,372]","[907000,1132000,1029000,1124000,1128000]",373,5320000
5,14,5,"[302,373,350,373,372]","[907000,1132000,1029000,1124000,1128000]",373,5320000
5,15,5,"[302,364,353,377,375]","[907000,1099000,1029000,1135000,1134000]",377,5304000
5,16,5,"[302,364,351,377,375]","[907000,1099000,1029000,1135000,1134000]",377,5304000
5,17,5,"[302,374,350,364,376]","[907000,1126000,1027000,1091000,1154000]",376,5305000
5,18,5,"[302,374,348,364,376]","[907000,1126000,1027000,1091000,1154000]",376,5305000
5,19,5,"[302,355,353,377,379]","[907000,1067000,1029000,1130000,1160000]",379,5293000
5,20,5,"[302,355,351,377,379]","[907000,1067000,1029000,1130000,1160000]",379,5293000
5,21,5,"[302,373,323,399,372]","[907000,1132000,934000,1218000,1128000]",399,5319000
5,22,5,"[302,365,353,383,380]","[907000,1096000,1029000,1142000,1156000]",383,5330000
5,23,5,"[302,367,340,389,404]","[907000,1094000,1005000,1163000,1219000]",404,5388000
5,24,5,"[302,364,349,383,375]","[907000,1099000,1015000,1153000,1134000]",383,5308000
5,25,5,"[302,373,349,373,372]","[907000,1132000,1027000,1123000,1128000]",373,5317000
5,26,5,"[302,363,338,392,376]","[907000,1068000,1004000,1190000,1154000]",392,5323000
5,27,5,"[302,375,291,446,385]","[907000,1131000,847000,1319000,1172000]",446,5376000
5,28,5,"[302,364,348,359,388]","[907000,1097000,1027000,1085000,1190000]",388,5306000
5,29,5,"[302,405,340,358,358]","[907000,1242000,1004000,1082000,1064000]",405,5299000
5,30,5,"[302,411,325,444,376]","[907000,1219000,909000,1305000,1139000]",444,5479000
5,31,5,"[302,383,350,399,394]","[907000,1129000,1027000,1195000,1181000]",399,5439000
5,32,5,"[302,333,374,411,446]","[907000,984000,1087000,1183000,1334000]",446,5495000
5,33,5,"[302,359,337,379,416]","[907000,1099000,978000,1151000,1239000]",416,5374000
5,34,5,"[302,373,371,360,408]","[907000,1136000,1097000,1090000,1194000]",408,5424000
5,35,5,"[412,371,370,358,404]","[1187000,1121000,1095000,1080000,1126000]",412,5609000
5,36,5,"[302,399,308,408,377]","[907000,1210000,899000,1240000,1111000]",408,5367000
5,37,5,"[302,396,332,359,390]","[907000,1195000,948000,1097000,1191000]",396,5338000
5,38,5,"[421,353,310,358,390]","[1205000,1056000,908000,1082000,1191000]",421,5442000
5,39,5,"[279,423,342,357,376]","[840000,1246000,1005000,1082000,1154000]",423,5327000
5,40,5,"[302,384,293,431,377]","[907000,1154000,850000,1289000,1154000]",431,5354000
5,41,5,"[302,368,370,356,391]","[907000,1103000,1067000,1082000,1196000]",391,5355000
5,42,5,"[320,359,374,375,351]","[943000,1099000,1107000,1130000,1058000]",375,5337000
5,43,5,"[263,371,472,360,370]","[787000,1126000,1341000,1080000,1118000]",472,5452000
5,44,5,"[302,371,350,381,376]","[907000,1132000,1027000,1137000,1132000]",381,5335000
5,45,5,"[302,432,354,370,381]","[907000,1290000,1034000,1109000,1113000]",432,5453000
5,46,5,"[302,378,386,368,352]","[907000,1142000,1118000,1109000,1064000]",386,5340000
5,47,5,"[302,454,350,374,307]","[907000,1378000,1029000,1139000,914000]",454,5367000
5,48,5,"[304,364,353,377,375]","[911000,1099000,1029000,1135000,1134000]",377,5308000
5,49,5,"[263,364,477,377,375]","[781000,1109000,1329000,1135000,1134000]",477,5488000
5,50,5,"[302,374,353,410,384]","[907000,1126000,1032000,1225000,1140000]",410,5430000
5,51,5,"[305,442,348,310,376]","[922000,1337000,1027000,926000,1154000]",442,5366000
5,52,5,"[302,358,355,335,422]","[907000,1073000,1029000,997000,1297000]",422,5303000
5,53,5,"[279,353,383,375,377]","[840000,1067000,1116000,1130000,1154000]",383,5307000
6,1,5,"[376,372,360,239,416]","[1124000,1114000,1071000,684000,1315000]",416,5308000
6,2,5,"[376,398,357,239,397]","[1124000,1199000,1065000,684000,1244000]",398,5316000
6,3,5,"[372,368,348,343,371]","[1110000,1087000,1059000,987000,1143000]",372,5386000
6,4,5,"[376,392,365,239,397]","[1124000,1175000,1093000,684000,1244000]",397,5320000
6,5,5,"[378,364,353,325,369]","[1134000,1071000,1067000,937000,1143000]",378,5352000
6,6,5,"[385,389,299,225,444]","[1156000,1181000,881000,638000,1398000]",444,5254000
6,7,5,"[381,356,350,325,371]","[1147000,1049000,1061000,937000,1147000]",381,5341000
6,8,5,"[380,390,310,223,438]","[1147000,1181000,930000,634000,1368000]",438,5260000
6,9,5,"[375,364,353,325,374]","[1129000,1071000,1067000,937000,1152000]",375,5356000
6,10,5,"[429,392,297,239,400]","[1277000,1189000,883000,684000,1259000]",429,5292000
6,11,5,"[368,356,355,363,369]","[1096000,1051000,1077000,1056000,1143000]",369,5423000
6,12,5,"[378,389,309,236,437]","[1143000,1181000,928000,664000,1363000]",437,5279000
6,13,5,"[377,364,327,325,392]","[1129000,1071000,972000,937000,1228000]",392,5337000
6,14,5,"[383,356,327,325,393]","[1147000,1049000,972000,937000,1228000]",393,5333000
6,15,5,"[367,358,348,370,367]","[1076000,1055000,1059000,1071000,1139000]",370,5400000
6,16,5,"[373,357,350,346,370]","[1107000,1049000,1061000,1012000,1143000]",373,5372000
6,17,5,"[373,368,348,343,372]","[1110000,1087000,1059000,987000,1143000]",373,5386000
6,18,5,"[363,368,351,369,370]","[1060000,1077000,1065000,1065000,1143000]",370,5410000
6,19,5,"[384,356,350,325,369]","[1152000,1049000,1061000,937000,1143000]",384,5342000
6,20,5,"[377,358,349,337,377]","[1126000,1055000,1059000,979000,1165000]",377,5384000
6,21,5,"[369,358,348,370,370]","[1078000,1055000,1059000,1067000,1143000]",370,5402000
6,22,5,"[378,399,312,238,440]","[1143000,1199000,934000,668000,1378000]",440,5322000
6,23,5,"[384,392,316,224,480]","[1155000,1175000,931000,649000,1475000]",480,5385000
6,24,5,"[368,367,352,346,369]","[1084000,1081000,1065000,1012000,1143000]",369,5385000
6,25,5,"[404,399,311,343,503]","[1174000,1203000,925000,923000,1487000]",503,5712000
6,26,5,"[381,365,311,388,529]","[1098000,1090000,914000,1066000,1577000]",529,5745000
6,27,5,"[380,390,310,223,473]","[1147000,1181000,911000,634000,1448000]",473,5321000
6,28,5,"[374,359,350,365,371]","[1082000,1057000,1059000,1061000,1145000]",374,5404000
6,29,5,"[379,385,348,241,470]","[1134000,1140000,1034000,684000,1444000]",470,5436000
6,30,5,"[373,360,361,259,468]","[1104000,1051000,1080000,752000,1440000]",468,5427000
6,31,5,"[384,357,332,228,494]","[1158000,1051000,985000,669000,1531000]",494,5394000
6,32,5,"[385,389,300,226,470]","[1163000,1181000,883000,640000,1449000]",470,5316000
6,33,5,"[364,426,385,229,468]","[1101000,1223000,1103000,656000,1440000]",468,5523000
6,34,5,"[430,371,307,346,466]","[1232000,1114000,908000,936000,1437000]",466,5627000
6,35,5,"[376,399,297,240,475]","[1124000,1199000,883000,689000,1460000]",475,5355000
6,36,5,"[364,364,353,223,461]","[1097000,1071000,1067000,634000,1433000]",461,5302000
6,37,5,"[380,416,380,353,462]","[1116000,1216000,1074000,946000,1399000]",462,5751000
6,38,5,"[417,356,306,350,487]","[1230000,1044000,902000,950000,1481000]",487,5607000
6,39,5,"[378,364,353,236,438]","[1143000,1072000,1059000,664000,1365000]",438,5303000
6,40,5,"[358,416,389,349,496]","[1051000,1216000,1093000,944000,1485000]",496,5789000
6,41,5,"[382,348,326,223,494]","[1147000,1033000,970000,634000,1529000]",494,5313000
6,42,5,"[396,373,313,353,522]","[1147000,1112000,929000,957000,1560000]",522,5705000
6,43,5,"[364,363,325,364,390]","[1078000,1071000,972000,1056000,1224000]",390,5401000
6,44,5,"[382,356,363,225,444]","[1151000,1049000,1075000,638000,1398000]",444,5311000
6,45,5,"[378,374,349,242,469]","[1128000,1087000,1061000,699000,1442000]",469,5417000
6,46,5,"[378,369,366,236,439]","[1143000,1071000,1117000,664000,1373000]",439,5368000
6,47,5,"[381,373,309,349,509]","[1094000,1112000,908000,944000,1566000]",509,5624000
6,48,5,"[418,416,377,347,449]","[1195000,1216000,1070000,936000,1381000]",449,5798000
6,49,5,"[374,379,308,379,510]","[1088000,1122000,904000,1022000,1528000]",510,5664000
6,50,5,"[360,374,361,275,468]","[1056000,1093000,1083000,786000,1440000]",468,5458000
6,51,5,"[368,376,346,275,469]","[1074000,1114000,1018000,789000,1440000]",469,5435000
6,52,5,"[381,397,309,318,496]","[1149000,1177000,907000,859000,1471000]",496,5563000
6,53,5,"[359,374,455,239,491]","[1053000,1054000,1332000,683000,1510000]",491,5632000
6,54,5,"[378,358,349,236,448]","[1143000,1053000,1059000,664000,1392000]",448,5311000
6,55,5,"[381,402,314,343,449]","[1136000,1199000,913000,926000,1381000]",449,5555000
6,56,5,"[380,356,352,223,450]","[1147000,1049000,1066000,634000,1396000]",450,5292000
6,57,5,"[362,415,303,349,467]","[1082000,1202000,900000,946000,1441000]",467,5571000
6,58,5,"[360,416,383,381,467]","[1044000,1216000,1081000,1031000,1410000]",467,5782000
6,59,5,"[376,373,360,346,451]","[1124000,1118000,1036000,935000,1385000]",451,5598000
6,60,5,"[407,360,324,344,508]","[1185000,1033000,972000,931000,1566000]",508,5687000
6,61,5,"[377,355,349,262,448]","[1129000,1049000,1059000,734000,1397000]",448,5368000
6,62,5,"[381,367,308,337,511]","[1143000,1068000,904000,893000,1572000]",511,5580000
6,63,5,"[378,389,309,236,442]","[1143000,1181000,928000,664000,1373000]",442,5289000
6,64,5,"[402,391,309,352,471]","[1170000,1175000,921000,968000,1424000]",471,5658000
6,65,5,"[380,399,303,343,452]","[1132000,1201000,900000,926000,1372000]",452,5531000
6,66,5,"[368,416,369,226,504]","[1111000,1216000,1059000,642000,1508000]",504,5536000
6,67,5,"[472,366,308,347,472]","[1394000,1092000,910000,946000,1385000]",472,5727000
6,68,5,"[382,397,313,241,473]","[1140000,1199000,921000,684000,1450000]",473,5394000
6,69,5,"[434,355,362,260,454]","[1279000,1049000,1073000,740000,1383000]",454,5524000
6,70,5,"[351,389,310,223,467]","[1056000,1181000,930000,634000,1459000]",467,5260000
6,71,5,"[433,370,326,241,416]","[1277000,1112000,960000,688000,1315000]",433,5352000
6,72,5,"[376,400,357,239,397]","[1124000,1203000,1065000,684000,1244000]",400,5320000
6,73,5,"[377,370,348,379,368]","[1115000,1077000,1059000,1107000,1103000]",379,5461000
6,74,5,"[376,391,341,241,452]","[1124000,1175000,1014000,689000,1384000]",452,5386000
6,75,5,"[417,364,353,325,325]","[1257000,1071000,1067000,937000,1010000]",417,5342000
6,76,5,"[425,388,305,225,444]","[1237000,1181000,896000,649000,1398000]",444,5361000
6,77,5,"[387,492,352,329,391]","[1182000,1387000,1061000,949000,1121000]",492,5700000
6,78,5,"[383,415,333,226,437]","[1153000,1263000,946000,649000,1363000]",437,5374000
6,79,5,"[375,367,364,325,374]","[1129000,1069000,1097000,937000,1149000]",375,5381000
6,80,5,"[427,395,297,244,426]","[1273000,1195000,885000,693000,1311000]",427,5357000
6,81,5,"[368,355,390,365,373]","[1096000,1049000,1141000,1066000,1150000]",390,5502000
6,82,5,"[382,516,314,236,469]","[1157000,1506000,936000,664000,1358000]",516,5621000
6,83,5,"[474,301,327,325,392]","[1411000,861000,972000,937000,1228000]",474,5409000
6,84,5,"[356,440,328,327,393]","[1070000,1242000,979000,937000,1230000]",440,5458000
6,85,5,"[374,357,348,371,372]","[1087000,1049000,1059000,1089000,1149000]",374,5433000
6,86,5,"[383,359,351,355,372]","[1118000,1049000,1059000,1035000,1156000]",383,5417000
6,87,5,"[440,365,354,338,389]","[1285000,1071000,1071000,982000,1140000]",440,5549000
6,88,5,"[369,363,350,368,370]","[1069000,1071000,1063000,1083000,1143000]",370,5429000
6,89,5,"[384,363,350,325,369]","[1147000,1063000,1061000,937000,1143000]",384,5351000
6,90,5,"[377,295,425,337,377]","[1126000,845000,1295000,979000,1165000]",425,5410000
7,1,5,"[367,326,356,360,376]","[1101000,946000,1067000,1099000,1132000]",376,5345000
7,2,5,"[378,263,378,378,379]","[1137000,754000,1134000,1170000,1136000]",379,5331000
7,3,5,"[378,250,378,379,383]","[1137000,716000,1134000,1175000,1160000]",383,5322000
7,4,5,"[379,263,378,378,379]","[1137000,754000,1134000,1170000,1136000]",379,5331000
7,5,5,"[332,250,421,379,385]","[982000,716000,1281000,1178000,1160000]",421,5317000
7,6,5,"[379,250,378,379,383]","[1137000,716000,1134000,1175000,1160000]",383,5322000
7,7,5,"[364,308,367,373,375]","[1097000,889000,1100000,1138000,1134000]",375,5358000
7,8,5,"[370,263,393,384,379]","[1099000,752000,1166000,1170000,1134000]",393,5321000
7,9,5,"[333,250,422,379,385]","[982000,716000,1281000,1178000,1160000]",422,5317000
7,10,5,"[366,327,368,362,374]","[1099000,948000,1111000,1103000,1126000]",374,5387000
7,11,5,"[370,362,356,373,354]","[1108000,1042000,1069000,1128000,1062000]",373,5409000
7,12,5,"[303,250,453,382,385]","[894000,716000,1377000,1170000,1160000]",453,5317000
7,13,5,"[370,347,369,363,369]","[1108000,995000,1111000,1103000,1107000]",370,5424000
7,14,5,"[370,372,356,373,354]","[1106000,1075000,1072000,1123000,1060000]",373,5436000
7,15,5,"[365,328,367,374,373]","[1099000,946000,1106000,1133000,1111000]",374,5395000
7,16,5,"[303,251,453,382,385]","[894000,718000,1377000,1170000,1160000]",453,5319000
7,17,5,"[378,251,378,379,383]","[1137000,718000,1134000,1175000,1160000]",383,5324000
7,18,5,"[368,250,392,382,389]","[1104000,716000,1168000,1170000,1165000]",392,5323000
7,19,5,"[379,251,378,379,383]","[1137000,718000,1134000,1175000,1160000]",383,5324000
7,20,5,"[378,264,379,379,380]","[1137000,756000,1136000,1170000,1142000]",380,5341000
7,21,5,"[371,264,394,385,380]","[1109000,756000,1168000,1175000,1140000]",394,5348000
7,22,5,"[379,253,380,380,383]","[1137000,722000,1138000,1175000,1160000]",383,5332000
7,23,5,"[366,353,401,378,355]","[1102000,985000,1209000,1138000,1060000]",401,5494000
7,24,5,"[365,296,396,413,381]","[1099000,865000,1200000,1193000,1122000]",413,5479000
7,25,5,"[381,253,378,383,385]","[1142000,725000,1134000,1195000,1161000]",385,5357000
7,26,5,"[359,309,412,398,362]","[1044000,878000,1253000,1205000,1076000]",412,5456000
7,27,5,"[367,294,427,373,381]","[1099000,840000,1265000,1120000,1145000]",427,5469000
7,28,5,"[367,324,398,382,419]","[1106000,927000,1204000,1076000,1249000]",419,5562000
7,29,5,"[364,362,372,366,369]","[1097000,1018000,1117000,1108000,1107000]",372,5447000
7,30,5,"[378,277,406,393,377]","[1137000,791000,1220000,1177000,1121000]",406,5446000
7,31,5,"[374,260,431,386,382]","[1107000,745000,1269000,1174000,1150000]",431,5445000
7,32,5,"[333,306,456,378,359]","[984000,876000,1355000,1153000,1063000]",456,5431000
7,33,5,"[378,288,381,371,379]","[1137000,809000,1139000,1147000,1140000]",381,5372000
7,34,5,"[376,272,425,375,361]","[1124000,769000,1287000,1164000,1067000]",425,5411000
7,35,5,"[369,294,412,373,382]","[1102000,840000,1226000,1120000,1160000]",412,5448000
7,36,5,"[373,267,512,378,382]","[1073000,756000,1442000,1179000,1160000]",512,5610000
7,37,5,"[378,320,415,410,346]","[1137000,916000,1207000,1205000,1058000]",415,5523000
7,38,5,"[364,255,426,371,374]","[1097000,724000,1273000,1153000,1132000]",426,5379000
7,39,5,"[372,272,418,362,380]","[1111000,786000,1252000,1105000,1134000]",418,5388000
7,40,5,"[369,260,400,379,382]","[1102000,745000,1180000,1170000,1160000]",400,5357000
7,41,5,"[373,255,410,392,456]","[1083000,714000,1215000,1179000,1353000]",456,5544000
7,42,5,"[379,262,381,371,407]","[1139000,752000,1140000,1132000,1209000]",407,5372000
7,43,5,"[378,289,384,378,382]","[1137000,809000,1148000,1166000,1152000]",384,5412000
7,44,5,"[332,250,438,380,385]","[982000,716000,1317000,1183000,1160000]",438,5358000
7,45,5,"[364,309,409,369,372]","[1097000,875000,1239000,1113000,1113000]",409,5437000
7,46,5,"[370,308,369,376,372]","[1104000,889000,1106000,1152000,1112000]",376,5363000
7,47,5,"[367,346,397,380,356]","[1112000,964000,1205000,1131000,1066000]",397,5478000
7,48,5,"[370,286,423,367,415]","[1077000,809000,1262000,1118000,1236000]",423,5502000
7,49,5,"[372,278,421,362,380]","[1107000,802000,1264000,1105000,1128000]",421,5406000
7,50,5,"[374,276,423,379,382]","[1071000,774000,1257000,1168000,1160000]",423,5430000
7,51,5,"[366,397,413,372,346]","[1097000,1136000,1223000,1061000,1065000]",413,5582000
7,52,5,"[369,344,385,373,353]","[1102000,991000,1160000,1123000,1060000]",385,5436000
7,53,5,"[365,255,393,379,384]","[1097000,726000,1172000,1181000,1160000]",393,5336000
7,54,5,"[369,294,427,371,427]","[1103000,840000,1239000,1147000,1249000]",427,5578000
7,55,5,"[380,252,378,379,384]","[1141000,720000,1134000,1175000,1160000]",384,5330000
7,56,5,"[381,270,423,362,376]","[1143000,767000,1246000,1105000,1142000]",423,5403000
7,57,5,"[366,321,401,378,355]","[1102000,924000,1209000,1138000,1060000]",401,5433000
7,58,5,"[369,272,422,383,448]","[1068000,762000,1261000,1142000,1318000]",448,5551000
7,59,5,"[368,260,422,372,376]","[1101000,745000,1258000,1149000,1142000]",422,5395000
7,60,5,"[364,262,394,385,386]","[1097000,752000,1166000,1170000,1144000]",394,5329000
7,61,5,"[365,253,412,375,377]","[1097000,722000,1219000,1164000,1134000]",412,5336000
7,62,5,"[367,366,435,375,327]","[1101000,1032000,1312000,1127000,948000]",435,5520000
7,63,5,"[380,269,421,381,377]","[1124000,760000,1257000,1170000,1108000]",421,5419000
7,64,5,"[367,256,416,382,387]","[1062000,740000,1251000,1175000,1160000]",416,5388000
7,65,5,"[381,259,378,383,385]","[1142000,734000,1134000,1195000,1164000]",385,5369000
7,66,5,"[337,251,421,379,383]","[987000,718000,1281000,1178000,1160000]",421,5324000
7,67,5,"[366,290,412,376,377]","[1097000,816000,1218000,1155000,1134000]",412,5420000
7,68,5,"[378,253,421,377,363]","[1128000,722000,1281000,1168000,1066000]",421,5365000
7,69,5,"[366,258,434,365,376]","[1101000,737000,1278000,1123000,1142000]",434,5381000
7,70,5,"[369,248,438,377,416]","[1075000,709000,1316000,1166000,1216000]",438,5482000
7,71,5,"[368,298,447,390,357]","[1114000,877000,1302000,1149000,1064000]",447,5506000
7,72,5,"[362,419,419,402,339]","[1054000,1164000,1214000,1191000,1037000]",419,5660000
7,73,5,"[366,354,399,400,379]","[1097000,1010000,1209000,1138000,1121000]",400,5575000
7,74,5,"[368,265,392,380,381]","[1102000,758000,1170000,1170000,1136000]",392,5336000
7,75,5,"[370,338,369,363,369]","[1108000,977000,1111000,1103000,1107000]",370,5406000
7,76,5,"[370,326,369,363,369]","[1108000,946000,1106000,1104000,1107000]",370,5371000
7,77,5,"[338,285,414,380,383]","[991000,803000,1251000,1183000,1160000]",414,5388000
7,78,5,"[365,262,391,371,407]","[1099000,752000,1172000,1142000,1214000]",407,5379000
7,79,5,"[380,324,424,394,353]","[1141000,926000,1230000,1178000,1061000]",424,5536000
7,80,5,"[357,296,514,372,357]","[1031000,863000,1472000,1123000,1064000]",514,5553000
7,81,5,"[366,279,421,405,383]","[1097000,807000,1254000,1185000,1129000]",421,5472000
7,82,5,"[367,251,422,371,375]","[1099000,716000,1264000,1150000,1132000]",422,5361000
7,83,5,"[368,262,426,378,382]","[1060000,728000,1287000,1179000,1160000]",426,5414000
7,84,5,"[371,326,433,378,364]","[1106000,946000,1305000,1068000,1096000]",433,5521000
7,85,5,"[364,275,421,362,380]","[1097000,796000,1264000,1105000,1128000]",421,5390000
7,86,5,"[364,276,407,391,420]","[1097000,789000,1219000,1172000,1221000]",420,5498000
7,87,5,"[378,263,378,378,379]","[1137000,752000,1134000,1170000,1139000]",379,5332000
7,88,5,"[380,280,383,372,384]","[1137000,791000,1140000,1138000,1170000]",384,5376000
7,89,5,"[365,297,447,391,354]","[1102000,849000,1274000,1205000,1071000]",447,5501000
7,90,5,"[378,270,438,378,386]","[1137000,771000,1253000,1173000,1180000]",438,5514000
7,91,5,"[355,310,411,394,440]","[1037000,876000,1203000,1180000,1298000]",440,5594000
7,92,5,"[367,378,356,318,376]","[1101000,1107000,1067000,959000,1132000]",378,5366000
7,93,5,"[433,240,378,382,382]","[1273000,681000,1134000,1172000,1136000]",433,5396000
7,94,5,"[411,254,385,386,387]","[1212000,727000,1144000,1200000,1168000]",411,5451000
7,95,5,"[441,300,387,375,376]","[1254000,839000,1140000,1164000,1132000]",441,5529000
7,96,5,"[337,250,420,414,384]","[987000,716000,1281000,1245000,1162000]",420,5391000
7,97,5,"[332,251,383,383,469]","[985000,716000,1136000,1179000,1400000]",469,5416000
7,98,5,"[364,310,414,370,374]","[1097000,889000,1192000,1143000,1132000]",414,5453000
7,99,5,"[332,263,390,384,427]","[997000,752000,1166000,1170000,1280000]",427,5365000
7,100,5,"[336,250,484,338,383]","[989000,716000,1466000,1043000,1160000]",484,5374000
7,101,5,"[378,327,361,362,374]","[1137000,948000,1085000,1103000,1126000]",378,5399000
7,102,5,"[370,370,359,374,351]","[1101000,1064000,1072000,1128000,1056000]",374,5421000
7,103,5,"[303,250,453,382,439]","[894000,716000,1377000,1170000,1274000]",453,5431000
7,104,5,"[378,347,362,363,372]","[1137000,995000,1088000,1103000,1122000]",378,5445000
7,105,5,"[370,372,336,452,353]","[1101000,1075000,958000,1356000,1060000]",452,5550000
7,106,5,"[366,328,343,373,448]","[1097000,946000,1025000,1128000,1298000]",448,5494000
7,107,5,"[325,251,453,382,383]","[938000,718000,1377000,1170000,1160000]",453,5363000
7,108,5,"[379,251,378,415,384]","[1137000,718000,1134000,1250000,1162000]",415,5401000
7,109,5,"[365,259,393,379,384]","[1097000,734000,1172000,1181000,1160000]",393,5344000
7,110,5,"[436,251,378,361,383]","[1308000,718000,1134000,1082000,1160000]",436,5402000
7,111,5,"[382,254,379,379,395]","[1142000,727000,1136000,1170000,1177000]",395,5352000
8,1,5,"[420,432,259,236,398]","[1256000,1365000,761000,712000,1175000]",432,5269000
8,2,5,"[459,433,259,236,354]","[1381000,1367000,761000,712000,1044000]",459,5265000
8,3,5,"[382,391,361,279,354]","[1137000,1229000,1071000,831000,1034000]",391,5302000
8,4,5,"[370,389,359,302,353]","[1100000,1225000,1071000,892000,1033000]",389,5321000
8,5,5,"[368,390,357,302,351]","[1100000,1223000,1071000,892000,1029000]",390,5315000
8,6,5,"[379,370,391,279,351]","[1137000,1155000,1169000,831000,1029000]",391,5321000
8,7,5,"[420,432,259,282,360]","[1260000,1365000,761000,847000,1056000]",432,5289000
8,8,5,"[420,432,259,282,360]","[1260000,1365000,761000,847000,1056000]",432,5289000
8,9,5,"[442,433,259,259,354]","[1337000,1367000,761000,766000,1044000]",442,5275000
8,10,5,"[442,433,259,259,354]","[1337000,1367000,761000,766000,1044000]",442,5275000
8,11,5,"[420,432,259,246,398]","[1256000,1365000,761000,732000,1175000]",432,5289000
8,12,5,"[456,433,265,236,354]","[1375000,1367000,774000,712000,1044000]",456,5272000
8,13,5,"[344,389,357,325,359]","[1024000,1225000,1071000,968000,1055000]",389,5343000
8,14,5,"[441,436,263,257,354]","[1335000,1372000,765000,766000,1044000]",441,5282000
8,15,5,"[418,367,388,242,351]","[1246000,1155000,1155000,718000,1029000]",418,5303000
8,16,5,"[353,389,345,383,387]","[1051000,1145000,1012000,1157000,1131000]",389,5496000
8,17,5,"[441,434,259,259,360]","[1335000,1365000,761000,766000,1056000]",441,5283000
8,18,5,"[441,432,259,259,360]","[1335000,1365000,761000,766000,1056000]",441,5283000
8,19,5,"[441,432,259,259,360]","[1335000,1365000,761000,766000,1056000]",441,5283000
8,20,5,"[441,434,259,259,360]","[1335000,1365000,761000,766000,1056000]",441,5283000
8,21,5,"[428,419,493,309,341]","[1261000,1234000,1401000,869000,1000000]",493,5765000
8,22,5,"[464,435,365,259,377]","[1352000,1302000,1065000,752000,1103000]",464,5574000
8,23,5,"[403,532,295,256,360]","[1158000,1645000,854000,756000,1055000]",532,5468000
8,24,5,"[441,439,365,291,351]","[1330000,1306000,1059000,831000,1013000]",441,5539000
8,25,5,"[448,478,373,242,391]","[1337000,1451000,1052000,691000,1130000]",478,5661000
8,26,5,"[354,527,320,242,370]","[1042000,1639000,930000,697000,1095000]",527,5403000
8,27,5,"[355,458,399,281,368]","[1042000,1411000,1140000,847000,1074000]",458,5514000
8,28,5,"[428,515,282,235,366]","[1274000,1577000,810000,681000,1089000]",515,5431000
8,29,5,"[430,435,364,283,344]","[1293000,1302000,1070000,833000,1000000]",435,5498000
8,30,5,"[446,456,404,240,368]","[1291000,1394000,1148000,702000,1077000]",456,5612000
8,31,5,"[360,556,242,374,357]","[1044000,1691000,683000,1090000,1059000]",556,5567000
8,32,5,"[326,458,221,507,457]","[952000,1348000,641000,1505000,1271000]",507,5717000
8,33,5,"[430,517,280,258,356]","[1272000,1579000,794000,771000,1044000]",517,5460000
8,34,5,"[401,433,363,301,385]","[1186000,1283000,1065000,892000,1129000]",433,5555000
8,35,5,"[409,448,353,242,376]","[1199000,1367000,1049000,718000,1112000]",448,5445000
8,36,5,"[416,435,362,292,391]","[1251000,1302000,1063000,842000,1118000]",435,5576000
8,37,5,"[365,500,459,279,369]","[1077000,1465000,1322000,831000,1046000]",500,5741000
8,38,5,"[417,437,398,289,356]","[1254000,1306000,1135000,845000,1047000]",437,5587000
8,39,5,"[455,439,377,237,354]","[1371000,1310000,1067000,717000,1033000]",455,5498000
8,40,5,"[377,539,324,259,368]","[1122000,1614000,940000,770000,1076000]",539,5522000
8,41,5,"[409,528,282,235,401]","[1194000,1641000,810000,681000,1165000]",528,5491000
8,42,5,"[386,513,355,257,360]","[1153000,1575000,977000,766000,1056000]",513,5527000
8,43,5,"[358,520,361,238,387]","[1038000,1559000,1059000,698000,1153000]",520,5507000
8,44,5,"[397,469,388,263,354]","[1158000,1431000,1146000,763000,1035000]",469,5533000
8,45,5,"[555,410,423,301,349]","[1614000,1164000,1173000,878000,1034000]",555,5863000
8,46,5,"[368,468,322,301,353]","[1100000,1431000,960000,890000,1033000]",468,5414000
8,47,5,"[478,433,363,238,394]","[1418000,1274000,1059000,698000,1154000]",478,5603000
8,48,5,"[459,409,406,288,351]","[1367000,1181000,1190000,848000,1027000]",459,5613000
8,49,5,"[437,421,483,293,345]","[1283000,1228000,1374000,844000,1021000]",483,5750000
8,50,5,"[381,442,509,286,351]","[1041000,1341000,1465000,848000,1027000]",509,5722000
8,51,5,"[378,530,318,234,351]","[1109000,1649000,930000,690000,1035000]",530,5413000
8,52,5,"[356,384,284,435,392]","[1051000,1114000,828000,1321000,1153000]",435,5467000
8,53,5,"[406,455,403,257,355]","[1196000,1396000,1148000,766000,1028000]",455,5534000
8,54,5,"[371,501,397,260,352]","[1108000,1516000,1133000,757000,1031000]",501,5545000
8,55,5,"[442,530,298,241,367]","[1246000,1645000,860000,719000,1076000]",530,5546000
8,56,5,"[402,533,321,249,443]","[1143000,1650000,945000,696000,1263000]",533,5697000
8,57,5,"[334,525,240,472,423]","[970000,1448000,696000,1430000,1218000]",525,5762000
8,58,5,"[418,437,375,282,362]","[1252000,1306000,1067000,852000,1061000]",437,5538000
8,59,5,"[387,449,363,242,357]","[1144000,1405000,1055000,718000,1041000]",449,5363000
8,60,5,"[435,481,264,236,355]","[1308000,1488000,774000,712000,1046000]",481,5328000
8,61,5,"[393,536,279,296,358]","[1165000,1615000,804000,871000,1050000]",536,5505000
8,62,5,"[407,455,406,242,360]","[1199000,1396000,1148000,718000,1065000]",455,5526000
8,63,5,"[346,471,411,266,356]","[1028000,1449000,1206000,769000,1044000]",471,5496000
8,64,5,"[376,551,368,260,365]","[1119000,1661000,1010000,781000,1071000]",551,5642000
8,65,5,"[417,452,525,262,358]","[1164000,1390000,1458000,761000,1052000]",525,5825000
8,66,5,"[465,396,403,257,358]","[1406000,1167000,1148000,766000,1059000]",465,5546000
8,67,5,"[381,393,362,279,353]","[1137000,1227000,1075000,831000,1033000]",393,5303000
8,68,5,"[440,439,364,274,348]","[1330000,1308000,1059000,783000,1018000]",440,5498000
8,69,5,"[403,532,271,259,358]","[1192000,1645000,773000,772000,1052000]",532,5434000
8,70,5,"[377,498,365,260,356]","[1115000,1512000,1070000,757000,1033000]",498,5487000
8,71,5,"[452,435,356,258,360]","[1367000,1302000,1021000,771000,1056000]",452,5517000
8,72,5,"[380,495,477,268,374]","[1124000,1452000,1341000,764000,1114000]",495,5795000
8,73,5,"[419,449,354,257,340]","[1264000,1367000,1049000,766000,981000]",449,5427000
8,74,5,"[398,531,262,233,400]","[1177000,1645000,776000,677000,1163000]",531,5438000
8,75,5,"[416,514,279,242,377]","[1231000,1577000,804000,718000,1111000]",514,5441000
8,76,5,"[456,518,279,242,369]","[1350000,1581000,804000,697000,1089000]",518,5521000
8,77,5,"[436,409,386,290,354]","[1307000,1223000,1141000,853000,1037000]",436,5561000
8,78,5,"[416,527,269,242,370]","[1227000,1639000,769000,697000,1095000]",527,5427000
8,79,5,"[426,452,417,266,380]","[1245000,1390000,1164000,778000,1113000]",452,5690000
8,80,5,"[450,441,379,279,360]","[1341000,1315000,1064000,813000,1071000]",450,5604000
8,81,5,"[404,458,403,257,363]","[1177000,1402000,1144000,766000,1071000]",458,5560000
8,82,5,"[382,442,394,257,360]","[1129000,1309000,1178000,766000,1055000]",442,5437000
8,83,5,"[379,499,360,253,356]","[1141000,1512000,1059000,731000,1035000]",499,5478000
8,84,5,"[442,420,355,257,365]","[1341000,1277000,1003000,766000,1063000]",442,5450000
8,85,5,"[410,507,405,303,335]","[1140000,1572000,1152000,887000,949000]",507,5700000
8,86,5,"[447,426,402,238,398]","[1322000,1233000,1180000,698000,1177000]",447,5610000
8,87,5,"[385,461,363,288,397]","[1066000,1425000,1068000,848000,1169000]",461,5576000
8,88,5,"[393,488,503,236,360]","[1161000,1405000,1405000,712000,1065000]",503,5748000
8,89,5,"[463,435,364,260,350]","[1395000,1302000,1070000,757000,1006000]",463,5530000
8,90,5,"[679,408,347,299,338]","[1934000,1164000,972000,874000,991000]",679,5935000
8,91,5,"[417,448,348,242,365]","[1244000,1367000,1029000,718000,1060000]",448,5418000
8,92,5,"[370,471,326,284,367]","[1109000,1437000,953000,852000,1085000]",471,5436000
8,93,5,"[418,516,279,242,369]","[1256000,1581000,804000,697000,1089000]",516,5427000
8,94,5,"[438,517,279,245,403]","[1288000,1583000,804000,703000,1176000]",517,5554000
8,95,5,"[451,542,282,233,401]","[1321000,1623000,810000,677000,1165000]",542,5596000
8,96,5,"[347,438,418,323,363]","[1003000,1337000,1211000,940000,1061000]",438,5552000
8,97,5,"[462,435,316,257,360]","[1396000,1302000,922000,766000,1056000]",462,5442000
8,98,5,"[414,421,392,257,360]","[1251000,1319000,1081000,766000,1056000]",421,5473000
8,99,5,"[448,527,260,242,369]","[1283000,1639000,761000,697000,1089000]",527,5469000
8,100,5,"[439,452,401,267,370]","[1271000,1390000,1144000,780000,1081000]",452,5666000
8,101,5,"[392,527,264,253,357]","[1163000,1639000,774000,744000,1050000]",527,5370000
8,102,5,"[362,485,246,479,444]","[1020000,1453000,707000,1386000,1254000]",485,5820000
8,103,5,"[390,514,280,313,365]","[1159000,1577000,804000,899000,1071000]",514,5510000
8,104,5,"[448,444,345,257,365]","[1356000,1313000,996000,766000,1071000]",448,5502000
8,105,5,"[417,519,279,236,357]","[1252000,1592000,796000,712000,1049000]",519,5401000
8,106,5,"[419,516,287,257,366]","[1258000,1577000,799000,757000,1089000]",516,5480000
8,107,5,"[485,445,412,260,357]","[1441000,1304000,1155000,757000,1043000]",485,5700000
8,108,5,"[355,571,411,247,373]","[1046000,1670000,1203000,703000,1073000]",571,5695000
8,109,5,"[415,426,244,436,356]","[1229000,1234000,710000,1342000,1042000]",436,5557000
8,110,5,"[420,432,259,236,398]","[1256000,1365000,761000,712000,1175000]",432,5269000
8,111,5,"[458,433,259,236,381]","[1379000,1367000,761000,712000,1096000]",458,5315000
8,112,5,"[379,460,358,279,290]","[1137000,1436000,1071000,831000,838000]",460,5313000
8,113,5,"[344,389,357,330,359]","[1024000,1225000,1071000,984000,1055000]",389,5359000
8,114,5,"[433,390,358,302,352]","[1231000,1223000,1071000,892000,1031000]",433,5448000
8,115,5,"[379,370,455,283,351]","[1139000,1155000,1318000,818000,1029000]",455,5459000
8,116,5,"[422,434,241,281,431]","[1266000,1365000,698000,847000,1221000]",434,5397000
8,117,5,"[471,434,259,281,365]","[1360000,1365000,761000,847000,1063000]",471,5396000
8,118,5,"[443,434,313,260,411]","[1339000,1365000,866000,771000,1182000]",443,5523000
8,119,5,"[444,374,259,259,439]","[1341000,1168000,761000,766000,1293000]",444,5329000
8,120,5,"[421,447,259,246,398]","[1256000,1395000,761000,732000,1175000]",447,5319000
8,121,5,"[421,433,268,288,355]","[1260000,1367000,775000,870000,1046000]",433,5318000
8,122,5,"[343,391,402,278,359]","[1022000,1229000,1215000,823000,1049000]",402,5338000
8,123,5,"[442,436,261,310,307]","[1335000,1372000,765000,932000,890000]",442,5294000
8,124,5,"[413,368,439,242,352]","[1240000,1155000,1258000,718000,1029000]",439,5400000
8,125,5,"[353,333,345,463,391]","[1051000,976000,1012000,1376000,1141000]",463,5556000
8,126,5,"[449,434,238,257,424]","[1345000,1365000,692000,766000,1211000]",449,5379000
8,127,5,"[445,435,259,273,364]","[1345000,1365000,761000,798000,1076000]",445,5345000
8,128,5,"[479,432,259,259,362]","[1410000,1365000,761000,766000,1060000]",479,5362000
8,129,5,"[485,434,259,259,340]","[1456000,1365000,761000,766000,981000]",485,5329000
9,1,5,"[293,361,368,357,365]","[889000,1090000,1096000,1092000,1117000]",368,5284000
9,2,5,"[293,361,404,271,385]","[889000,1091000,1227000,821000,1181000]",404,5209000
9,3,5,"[293,363,402,271,389]","[889000,1095000,1227000,821000,1181000]",402,5213000
9,4,5,"[293,375,345,337,372]","[889000,1128000,1032000,1034000,1146000]",375,5229000
9,5,5,"[293,375,345,338,372]","[889000,1128000,1032000,1034000,1146000]",375,5229000
9,6,5,"[293,361,370,357,366]","[889000,1081000,1100000,1092000,1119000]",370,5281000
9,7,5,"[293,361,368,357,365]","[889000,1090000,1096000,1092000,1117000]",368,5284000
9,8,5,"[248,364,405,268,427]","[748000,1097000,1233000,815000,1315000]",427,5208000
9,9,5,"[362,360,346,358,367]","[1048000,1076000,1034000,1094000,1121000]",367,5373000
9,10,5,"[362,362,355,360,363]","[1048000,1086000,1044000,1094000,1113000]",363,5385000
9,11,5,"[293,361,370,358,366]","[889000,1081000,1100000,1094000,1119000]",370,5283000
9,12,5,"[293,361,370,358,366]","[889000,1081000,1100000,1094000,1119000]",370,5283000
9,13,5,"[293,361,374,351,367]","[889000,1090000,1114000,1074000,1115000]",374,5282000
9,14,5,"[293,361,329,357,385]","[889000,1091000,978000,1092000,1181000]",385,5231000
9,15,5,"[293,361,343,341,385]","[889000,1091000,1028000,1042000,1181000]",385,5231000
9,16,5,"[293,361,333,351,385]","[889000,1091000,996000,1074000,1181000]",385,5231000
9,17,5,"[293,373,345,337,375]","[889000,1127000,1032000,1034000,1149000]",375,5231000
9,18,5,"[293,361,368,361,366]","[889000,1090000,1096000,1096000,1115000]",368,5286000
9,19,5,"[293,361,402,271,389]","[889000,1091000,1227000,821000,1189000]",402,5217000
9,20,5,"[248,364,403,271,427]","[748000,1097000,1229000,821000,1315000]",427,5210000
9,21,5,"[404,332,376,358,375]","[1150000,985000,1116000,1092000,1134000]",404,5477000
9,22,5,"[293,364,374,366,363]","[889000,1086000,1104000,1108000,1113000]",374,5300000
9,23,5,"[293,314,461,338,365]","[889000,925000,1356000,1039000,1117000]",461,5326000
9,24,5,"[313,344,466,317,370]","[899000,1020000,1414000,945000,1123000]",466,5401000
9,25,5,"[293,350,392,346,372]","[889000,1041000,1154000,1057000,1146000]",392,5287000
9,26,5,"[307,343,441,360,376]","[887000,1014000,1301000,1094000,1135000]",441,5431000
9,27,5,"[307,341,435,389,373]","[887000,1014000,1292000,1155000,1138000]",435,5486000
9,28,5,"[244,352,446,336,410]","[740000,1055000,1330000,1009000,1249000]",446,5383000
9,29,5,"[283,336,467,330,387]","[839000,958000,1412000,990000,1181000]",467,5380000
9,30,5,"[293,292,458,389,395]","[889000,863000,1328000,1156000,1197000]",458,5433000
9,31,5,"[313,354,454,346,370]","[899000,1037000,1345000,1051000,1123000]",454,5455000
9,32,5,"[248,326,426,464,370]","[748000,959000,1227000,1399000,1123000]",464,5456000
9,33,5,"[293,306,446,357,373]","[889000,900000,1306000,1092000,1157000]",446,5344000
9,34,5,"[309,342,430,333,425]","[900000,1019000,1276000,992000,1275000]",430,5462000
9,35,5,"[248,397,446,340,377]","[748000,1136000,1324000,1038000,1165000]",446,5411000
9,36,5,"[244,306,432,432,395]","[740000,918000,1285000,1287000,1199000]",432,5429000
9,37,5,"[293,361,382,357,365]","[889000,1090000,1124000,1092000,1117000]",382,5312000
9,38,5,"[248,375,434,332,388]","[748000,1123000,1288000,994000,1190000]",434,5343000
9,39,5,"[248,384,399,465,365]","[748000,1091000,1144000,1404000,1117000]",465,5504000
9,40,5,"[248,384,399,466,366]","[748000,1087000,1141000,1403000,1117000]",466,5496000
9,41,5,"[248,392,477,332,370]","[748000,1130000,1435000,994000,1110000]",477,5417000
9,42,5,"[293,371,379,354,363]","[889000,1095000,1114000,1079000,1113000]",379,5290000
9,43,5,"[251,406,450,339,380]","[763000,1175000,1328000,1038000,1153000]",450,5457000
9,44,5,"[297,341,431,362,375]","[867000,1014000,1278000,1104000,1134000]",431,5397000
9,45,5,"[311,295,429,385,391]","[925000,867000,1270000,1154000,1192000]",429,5408000
9,46,5,"[287,341,431,362,375]","[847000,1014000,1278000,1104000,1134000]",431,5377000
9,47,5,"[293,378,345,364,376]","[889000,1137000,1032000,1088000,1154000]",378,5300000
9,48,5,"[319,314,428,360,365]","[941000,925000,1271000,1107000,1117000]",428,5361000
9,49,5,"[301,340,441,330,395]","[896000,1007000,1308000,986000,1201000]",441,5398000
9,50,5,"[283,394,426,358,367]","[839000,1127000,1262000,1097000,1127000]",426,5452000
9,51,5,"[293,355,403,389,367]","[889000,1067000,1184000,1156000,1100000]",403,5396000
9,52,5,"[250,330,432,442,373]","[737000,984000,1285000,1328000,1132000]",442,5466000
9,53,5,"[293,365,376,360,389]","[889000,1095000,1112000,1098000,1165000]",389,5359000
9,54,5,"[293,404,404,261,385]","[889000,1198000,1227000,774000,1177000]",404,5265000
9,55,5,"[293,382,403,271,390]","[889000,1142000,1227000,821000,1185000]",403,5264000
9,56,5,"[381,376,376,343,375]","[1089000,1128000,1073000,1046000,1152000]",381,5488000
9,57,5,"[293,376,324,394,376]","[889000,1130000,966000,1178000,1157000]",394,5320000
9,58,5,"[293,360,380,357,365]","[889000,1076000,1122000,1092000,1117000]",380,5296000
9,59,5,"[293,371,380,357,370]","[889000,1102000,1109000,1092000,1119000]",380,5311000
9,60,5,"[248,412,403,268,425]","[748000,1235000,1196000,815000,1315000]",425,5309000
9,61,5,"[375,360,348,357,371]","[1086000,1076000,1046000,1092000,1123000]",375,5423000
9,62,5,"[380,362,355,360,363]","[1084000,1086000,1044000,1097000,1113000]",380,5424000
9,63,5,"[305,361,370,358,366]","[913000,1081000,1100000,1094000,1119000]",370,5307000
9,64,5,"[356,361,370,397,365]","[1033000,1078000,1100000,1160000,1113000]",397,5484000
9,65,5,"[293,359,388,355,390]","[889000,1074000,1141000,1080000,1167000]",390,5351000
9,66,5,"[325,361,329,381,385]","[962000,1091000,978000,1131000,1181000]",385,5343000
9,67,5,"[293,365,323,341,429]","[889000,1099000,962000,1042000,1289000]",429,5281000
9,68,5,"[293,365,365,352,416]","[889000,1111000,1072000,1079000,1241000]",416,5392000
9,69,5,"[293,419,343,335,376]","[889000,1252000,1028000,995000,1154000]",419,5318000
9,70,5,"[372,359,348,359,365]","[1067000,1071000,1029000,1096000,1113000]",372,5376000
9,71,5,"[340,361,464,271,389]","[967000,1091000,1355000,821000,1189000]",464,5423000
9,72,5,"[248,396,402,275,405]","[748000,1189000,1227000,829000,1243000]",405,5236000
10,1,5,"[365,364,352,360,365]","[1093000,1077000,1064000,1065000,1107000]",365,5406000
10,2,5,"[333,376,370,314,394]","[969000,1145000,1114000,903000,1205000]",394,5336000
10,3,5,"[304,337,395,277,430]","[890000,1032000,1189000,793000,1364000]",430,5268000
10,4,5,"[304,422,395,277,355]","[890000,1304000,1189000,793000,1115000]",422,5291000
10,5,5,"[366,364,336,357,357]","[1095000,1090000,1005000,1065000,1089000]",366,5344000
10,6,5,"[304,409,395,277,371]","[890000,1257000,1189000,793000,1165000]",409,5294000
10,7,5,"[304,337,395,357,372]","[890000,1032000,1189000,1034000,1167000]",395,5312000
10,8,5,"[334,338,368,356,380]","[974000,1037000,1114000,1014000,1199000]",380,5338000
10,9,5,"[304,398,395,277,384]","[890000,1214000,1189000,793000,1215000]",398,5301000
10,10,5,"[305,399,396,277,385]","[895000,1214000,1189000,793000,1214000]",399,5305000
10,11,5,"[304,398,395,277,394]","[890000,1214000,1189000,793000,1228000]",398,5314000
10,12,5,"[304,409,395,277,373]","[890000,1257000,1189000,793000,1169000]",409,5298000
10,13,5,"[366,364,336,357,357]","[1095000,1094000,1005000,1065000,1089000]",366,5348000
10,14,5,"[304,337,395,278,431]","[881000,1032000,1189000,805000,1364000]",431,5271000
10,15,5,"[304,349,395,277,430]","[890000,1054000,1189000,793000,1364000]",430,5290000
10,16,5,"[304,348,395,277,430]","[890000,1054000,1189000,793000,1364000]",430,5290000
10,17,5,"[304,409,395,277,373]","[890000,1257000,1189000,793000,1169000]",409,5298000
10,18,5,"[305,336,396,357,376]","[890000,1032000,1189000,1031000,1173000]",396,5315000
10,19,5,"[305,336,396,357,376]","[890000,1032000,1189000,1032000,1173000]",396,5316000
10,20,5,"[304,399,395,277,394]","[890000,1214000,1189000,793000,1228000]",399,5314000
10,21,5,"[329,397,413,341,480]","[943000,1177000,1208000,925000,1452000]",480,5705000
10,22,5,"[306,339,397,272,494]","[890000,1037000,1189000,771000,1508000]",494,5395000
10,23,5,"[280,421,400,501,400]","[815000,1234000,1084000,1409000,1238000]",501,5780000
10,24,5,"[309,326,458,294,489]","[905000,996000,1378000,836000,1429000]",489,5544000
10,25,5,"[403,334,405,268,418]","[1187000,953000,1214000,758000,1305000]",418,5417000
10,26,5,"[304,346,395,278,467]","[890000,1048000,1189000,793000,1439000]",467,5359000
10,27,5,"[306,336,431,291,488]","[900000,1032000,1270000,815000,1478000]",488,5495000
10,28,5,"[308,339,447,342,469]","[892000,1037000,1296000,945000,1415000]",469,5585000
10,29,5,"[304,346,395,284,476]","[890000,1052000,1189000,800000,1462000]",476,5393000
10,30,5,"[304,348,395,342,479]","[890000,1055000,1189000,936000,1453000]",479,5523000
10,31,5,"[305,340,406,343,490]","[890000,1034000,1181000,947000,1489000]",490,5541000
10,32,5,"[306,343,442,379,431]","[885000,1038000,1238000,1055000,1369000]",442,5585000
10,33,5,"[305,339,393,342,479]","[890000,1034000,1174000,945000,1448000]",479,5491000
10,34,5,"[304,349,402,344,431]","[890000,1054000,1180000,945000,1369000]",431,5438000
10,35,5,"[280,396,445,317,497]","[815000,1179000,1296000,850000,1507000]",497,5647000
10,36,5,"[304,336,423,372,489]","[890000,1032000,1236000,1003000,1464000]",489,5625000
10,37,5,"[372,461,409,383,308]","[1076000,1356000,1202000,1101000,915000]",461,5650000
10,38,5,"[364,369,412,441,333]","[1091000,1111000,1204000,1212000,1014000]",441,5632000
10,39,5,"[305,355,436,342,478]","[890000,1077000,1265000,945000,1436000]",478,5613000
10,40,5,"[305,301,436,394,480]","[890000,901000,1265000,1103000,1452000]",480,5611000
10,41,5,"[307,346,445,342,469]","[895000,1052000,1295000,945000,1421000]",469,5608000
10,42,5,"[310,338,395,279,458]","[902000,1036000,1189000,797000,1416000]",458,5340000
10,43,5,"[305,349,401,342,498]","[892000,1054000,1169000,945000,1509000]",498,5569000
10,44,5,"[310,339,460,291,478]","[896000,981000,1381000,815000,1462000]",478,5535000
10,45,5,"[317,352,470,315,403]","[901000,1037000,1414000,906000,1225000]",470,5483000
10,46,5,"[304,357,440,375,431]","[890000,1028000,1273000,1038000,1369000]",440,5598000
10,47,5,"[304,394,435,342,458]","[905000,1194000,1259000,945000,1354000]",458,5657000
10,48,5,"[288,439,380,381,380]","[843000,1306000,1114000,1086000,1177000]",439,5526000
10,49,5,"[283,380,432,445,419]","[830000,1105000,1254000,1243000,1288000]",445,5720000
10,50,5,"[361,355,411,274,432]","[1031000,1083000,1206000,766000,1351000]",432,5437000
10,51,5,"[305,418,377,397,477]","[899000,1219000,1096000,1112000,1411000]",477,5737000
10,52,5,"[280,397,402,342,497]","[815000,1177000,1169000,945000,1507000]",497,5613000
10,53,5,"[375,347,399,277,430]","[1080000,1004000,1200000,793000,1364000]",430,5441000
10,54,5,"[371,358,404,364,488]","[1105000,1065000,1153000,1019000,1418000]",488,5760000
10,55,5,"[308,338,444,328,462]","[890000,1032000,1292000,917000,1394000]",462,5525000
10,56,5,"[308,313,417,382,483]","[900000,934000,1194000,1112000,1457000]",483,5597000
10,57,5,"[342,370,402,358,382]","[981000,1091000,1204000,1015000,1204000]",402,5495000
10,58,5,"[420,284,410,276,439]","[1202000,813000,1252000,788000,1373000]",439,5428000
10,59,5,"[365,364,414,397,331]","[1093000,1094000,1196000,1134000,1004000]",414,5521000
10,60,5,"[299,374,409,322,487]","[868000,1158000,1202000,896000,1453000]",487,5577000
10,61,5,"[307,338,454,275,482]","[905000,1032000,1346000,765000,1460000]",482,5508000
10,62,5,"[341,348,409,316,485]","[1009000,1033000,1202000,893000,1459000]",485,5596000
10,63,5,"[305,338,426,400,476]","[890000,1032000,1180000,1122000,1444000]",476,5668000
10,64,5,"[304,409,395,277,371]","[890000,1257000,1189000,793000,1165000]",409,5294000
10,65,5,"[315,395,481,352,386]","[921000,1177000,1418000,977000,1156000]",481,5649000
10,66,5,"[307,302,461,362,381]","[900000,901000,1384000,1025000,1199000]",461,5409000
10,67,5,"[305,354,473,267,481]","[892000,1061000,1417000,724000,1439000]",481,5533000
10,68,5,"[306,339,413,291,479]","[890000,1037000,1221000,815000,1477000]",479,5440000
10,69,5,"[403,315,471,401,331]","[1187000,897000,1376000,1148000,1004000]",471,5612000
10,70,5,"[305,339,385,342,488]","[890000,1034000,1137000,945000,1489000]",488,5495000
10,71,5,"[310,367,405,281,436]","[917000,1107000,1230000,795000,1331000]",436,5380000
10,72,5,"[312,341,406,404,399]","[918000,1048000,1202000,1153000,1190000]",406,5511000
10,73,5,"[305,322,436,342,490]","[890000,976000,1265000,945000,1491000]",490,5567000
10,74,5,"[379,360,425,264,462]","[1078000,1079000,1261000,759000,1398000]",462,5575000
10,75,5,"[302,379,433,342,501]","[889000,1091000,1259000,945000,1515000]",501,5699000
10,76,5,"[306,338,397,279,498]","[894000,1032000,1189000,788000,1509000]",498,5412000
10,77,5,"[385,338,398,238,479]","[1104000,1032000,1189000,677000,1444000]",479,5446000
10,78,5,"[364,352,474,353,386]","[1091000,1035000,1387000,977000,1156000]",474,5646000
10,79,5,"[304,348,394,343,476]","[890000,1059000,1160000,945000,1462000]",476,5516000
10,80,5,"[399,348,409,374,459]","[1182000,1032000,1202000,1036000,1302000]",459,5754000
10,81,5,"[332,360,411,269,485]","[982000,1065000,1242000,760000,1456000]",485,5505000
10,82,5,"[304,349,398,308,497]","[890000,1054000,1189000,845000,1507000]",497,5485000
10,83,5,"[306,335,457,291,484]","[900000,1004000,1376000,815000,1439000]",484,5534000
10,84,5,"[335,397,421,371,457]","[981000,1165000,1241000,1039000,1338000]",457,5764000
10,85,5,"[306,339,405,357,498]","[892000,1032000,1168000,972000,1509000]",498,5573000
10,86,5,"[364,315,429,378,431]","[1052000,917000,1260000,1086000,1308000]",431,5623000
10,87,5,"[305,347,396,356,480]","[895000,1054000,1189000,964000,1452000]",480,5554000
10,88,5,"[305,322,457,331,490]","[890000,978000,1340000,889000,1493000]",490,5590000
10,89,5,"[358,333,441,344,501]","[1070000,956000,1278000,945000,1482000]",501,5731000
10,90,5,"[357,339,446,348,489]","[1020000,1037000,1292000,953000,1431000]",489,5733000
10,91,5,"[306,321,468,291,488]","[900000,976000,1374000,815000,1471000]",488,5536000
10,92,5,"[304,369,473,264,451]","[890000,1124000,1411000,752000,1319000]",473,5496000
10,93,5,"[309,344,399,370,388]","[896000,1048000,1189000,1060000,1208000]",399,5401000
10,94,5,"[310,338,395,335,480]","[901000,1032000,1189000,920000,1452000]",480,5494000
10,95,5,"[326,353,423,347,481]","[949000,1037000,1243000,951000,1454000]",481,5634000
10,96,5,"[305,324,440,386,431]","[890000,941000,1273000,1081000,1369000]",440,5554000
10,97,5,"[365,364,352,290,441]","[1093000,1077000,1064000,847000,1343000]",441,5424000
10,98,5,"[333,376,370,314,394]","[969000,1145000,1114000,902000,1205000]",394,5335000
10,99,5,"[268,344,395,326,435]","[770000,1040000,1189000,940000,1370000]",435,5309000
10,100,5,"[306,493,397,277,354]","[890000,1499000,1189000,793000,1062000]",493,5433000
10,101,5,"[366,367,352,360,362]","[1095000,1090000,1037000,1070000,1098000]",367,5390000
10,102,5,"[304,409,397,342,371]","[890000,1257000,1136000,981000,1165000]",409,5429000
10,103,5,"[306,370,397,357,374]","[890000,1092000,1189000,1034000,1171000]",397,5376000
10,104,5,"[400,339,369,356,381]","[1101000,1037000,1114000,1014000,1203000]",400,5469000
10,105,5,"[334,403,372,279,386]","[971000,1224000,1119000,793000,1214000]",403,5321000
10,106,5,"[382,402,407,276,387]","[1045000,1219000,1221000,788000,1218000]",407,5491000
10,107,5,"[307,398,420,334,395]","[905000,1214000,1218000,932000,1234000]",420,5503000
10,108,5,"[266,416,395,277,460]","[764000,1271000,1189000,790000,1391000]",460,5405000
10,109,5,"[361,367,358,360,362]","[1059000,1094000,1072000,1070000,1101000]",367,5396000
10,110,5,"[376,340,404,279,432]","[1024000,1042000,1216000,805000,1368000]",432,5455000
10,111,5,"[294,350,395,302,430]","[851000,1054000,1189000,865000,1364000]",430,5323000
10,112,5,"[310,374,395,278,430]","[909000,1108000,1189000,795000,1364000]",430,5365000
10,113,5,"[309,489,400,279,328]","[896000,1485000,1195000,793000,1019000]",489,5388000
10,114,5,"[306,336,397,371,369]","[890000,1032000,1189000,1071000,1147000]",397,5329000
10,115,5,"[304,336,395,357,386]","[890000,1032000,1189000,1034000,1194000]",395,5339000
10,116,5,"[304,398,411,277,393]","[890000,1214000,1219000,793000,1228000]",411,5344000
11,1,5,"[325,360,347,361,368]","[971000,1083000,1033000,1099000,1117000]",368,5303000
11,2,5,"[325,360,360,358,361]","[971000,1083000,1080000,1094000,1076000]",361,5304000
11,3,5,"[325,360,360,363,354]","[971000,1083000,1080000,1113000,1059000]",363,5306000
11,4,5,"[325,360,347,362,368]","[971000,1083000,1033000,1102000,1117000]",368,5306000
11,5,5,"[296,391,349,363,365]","[877000,1193000,1033000,1098000,1103000]",391,5304000
11,6,5,"[296,394,347,360,364]","[877000,1197000,1033000,1094000,1103000]",394,5304000
11,7,5,"[325,360,347,362,368]","[971000,1083000,1033000,1102000,1117000]",368,5306000
11,8,5,"[325,360,360,363,354]","[971000,1083000,1080000,1113000,1059000]",363,5306000
11,9,5,"[325,360,360,358,361]","[971000,1087000,1080000,1094000,1076000]",361,5308000
11,10,5,"[356,361,359,343,358]","[1063000,1097000,1070000,1037000,1067000]",361,5334000
11,11,5,"[325,360,360,362,361]","[971000,1083000,1080000,1102000,1076000]",362,5312000
11,12,5,"[325,360,358,358,363]","[971000,1083000,1070000,1094000,1090000]",363,5308000
11,13,5,"[296,391,347,363,365]","[877000,1193000,1033000,1099000,1103000]",391,5305000
11,14,5,"[325,361,361,374,345]","[971000,1083000,1080000,1150000,1024000]",374,5308000
11,15,5,"[356,361,360,343,360]","[1063000,1087000,1075000,1037000,1077000]",361,5339000
11,16,5,"[325,360,360,362,361]","[971000,1087000,1080000,1102000,1076000]",362,5316000
11,17,5,"[325,360,347,362,368]","[971000,1087000,1033000,1102000,1117000]",368,5310000
11,18,5,"[325,360,360,363,354]","[971000,1087000,1080000,1113000,1059000]",363,5310000
11,19,5,"[330,359,362,363,355]","[976000,1083000,1080000,1113000,1059000]",363,5311000
11,20,5,"[357,361,361,343,359]","[1063000,1097000,1076000,1039000,1067000]",361,5342000
11,21,5,"[354,410,361,340,363]","[1025000,1231000,1085000,1035000,1083000]",410,5459000
11,22,5,"[368,407,408,324,397]","[1087000,1181000,1215000,987000,1143000]",408,5613000
11,23,5,"[313,392,347,359,366]","[911000,1187000,1033000,1094000,1113000]",392,5338000
11,24,5,"[313,393,347,358,369]","[903000,1197000,1033000,1094000,1117000]",393,5344000
11,25,5,"[325,360,360,367,354]","[971000,1087000,1080000,1121000,1059000]",367,5318000
11,26,5,"[369,406,392,345,360]","[1081000,1181000,1147000,1055000,1077000]",406,5541000
11,27,5,"[419,352,406,324,379]","[1242000,991000,1208000,990000,1133000]",419,5564000
11,28,5,"[354,407,408,343,367]","[1068000,1181000,1172000,1037000,1090000]",408,5548000
11,29,5,"[365,443,362,324,362]","[1072000,1318000,1087000,985000,1036000]",443,5498000
11,30,5,"[378,361,362,342,362]","[1114000,1087000,1079000,1035000,1081000]",378,5396000
11,31,5,"[372,363,362,341,400]","[1088000,1101000,1076000,1033000,1160000]",400,5458000
11,32,5,"[439,359,358,343,334]","[1291000,1083000,1070000,1033000,965000]",439,5442000
11,33,5,"[408,406,401,305,386]","[1180000,1181000,1176000,904000,1162000]",408,5603000
11,34,5,"[370,409,398,337,371]","[1092000,1185000,1171000,1021000,1118000]",409,5587000
11,35,5,"[385,360,369,326,372]","[1135000,1083000,1084000,981000,1110000]",385,5393000
11,36,5,"[378,384,366,344,368]","[1102000,1141000,1094000,1038000,1091000]",384,5466000
11,37,5,"[337,363,350,360,366]","[991000,1097000,1038000,1098000,1113000]",366,5337000
11,38,5,"[378,363,364,319,371]","[1124000,1101000,1081000,967000,1098000]",378,5371000
11,39,5,"[348,386,358,341,393]","[1008000,1145000,1070000,1038000,1186000]",393,5447000
11,40,5,"[332,365,352,369,369]","[982000,1101000,1033000,1108000,1111000]",369,5335000
11,41,5,"[335,361,361,360,362]","[985000,1091000,1080000,1094000,1076000]",362,5326000
11,42,5,"[315,394,347,360,366]","[913000,1197000,1033000,1094000,1103000]",394,5340000
11,43,5,"[371,409,410,320,366]","[1089000,1185000,1210000,970000,1092000]",410,5546000
11,44,5,"[358,406,401,320,369]","[1086000,1181000,1176000,968000,1107000]",406,5518000
11,45,5,"[354,415,416,400,320]","[1062000,1198000,1227000,1189000,931000]",416,5607000
11,46,5,"[367,408,402,343,365]","[1088000,1185000,1211000,1035000,1049000]",408,5568000
11,47,5,"[361,361,365,361,355]","[1063000,1087000,1070000,1090000,1031000]",365,5341000
11,48,5,"[368,407,472,324,352]","[1082000,1181000,1332000,990000,1055000]",472,5640000
11,49,5,"[419,359,398,326,377]","[1241000,1083000,1162000,980000,1081000]",419,5547000
11,50,5,"[313,393,360,363,353]","[903000,1197000,1080000,1113000,1055000]",393,5348000
11,51,5,"[344,412,399,339,394]","[997000,1193000,1153000,1038000,1173000]",412,5554000
11,52,5,"[328,369,350,362,369]","[976000,1101000,1033000,1094000,1112000]",369,5316000
11,53,5,"[356,365,398,396,360]","[1072000,1107000,1162000,1143000,1071000]",398,5555000
11,54,5,"[298,392,358,358,363]","[875000,1198000,1070000,1094000,1090000]",392,5327000
11,55,5,"[433,409,410,322,336]","[1268000,1187000,1225000,980000,966000]",433,5626000
11,56,5,"[419,376,407,332,368]","[1242000,1063000,1194000,1012000,1088000]",419,5599000
11,57,5,"[325,360,347,362,368]","[971000,1087000,1033000,1102000,1117000]",368,5310000
11,58,5,"[373,408,404,345,365]","[1087000,1183000,1169000,1053000,1088000]",408,5580000
11,59,5,"[345,428,365,341,365]","[1005000,1263000,1089000,1035000,1080000]",428,5472000
11,60,5,"[325,361,361,374,345]","[971000,1087000,1080000,1150000,1024000]",374,5312000
11,61,5,"[317,357,361,363,383]","[942000,1083000,1080000,1104000,1131000]",383,5340000
11,62,5,"[325,360,360,365,365]","[971000,1087000,1080000,1107000,1090000]",365,5335000
11,63,5,"[325,394,347,359,366]","[932000,1198000,1033000,1096000,1113000]",394,5372000
11,64,5,"[356,409,398,320,368]","[1079000,1185000,1171000,968000,1103000]",409,5506000
11,65,5,"[325,407,349,361,368]","[971000,1183000,1037000,1099000,1113000]",407,5403000
11,66,5,"[328,410,360,338,361]","[975000,1231000,1080000,1026000,1076000]",410,5388000
11,67,5,"[325,360,344,363,451]","[971000,1083000,1027000,1113000,1280000]",451,5474000
11,68,5,"[328,357,374,365,366]","[976000,1083000,1120000,1104000,1076000]",374,5359000
11,69,5,"[382,391,362,370,366]","[1100000,1193000,1010000,1128000,1103000]",391,5534000
11,70,5,"[339,396,406,367,364]","[944000,1212000,1175000,1125000,1103000]",406,5559000
11,71,5,"[328,424,392,367,368]","[976000,1223000,1120000,1108000,1117000]",424,5544000
11,72,5,"[364,361,362,363,354]","[1045000,1087000,1084000,1113000,1059000]",364,5388000
11,73,5,"[326,366,360,469,316]","[973000,1096000,1080000,1373000,935000]",469,5457000
11,74,5,"[356,361,359,343,395]","[1063000,1097000,1070000,1037000,1147000]",395,5414000
11,75,5,"[330,376,361,360,377]","[990000,1138000,1082000,1098000,1111000]",377,5419000
11,76,5,"[330,359,360,373,370]","[976000,1087000,1070000,1124000,1102000]",373,5359000
11,77,5,"[349,391,347,363,365]","[982000,1193000,1033000,1099000,1103000]",391,5410000
11,78,5,"[325,360,363,374,356]","[971000,1083000,1095000,1150000,1046000]",374,5345000
11,79,5,"[330,359,360,404,360]","[968000,1083000,1070000,1190000,1077000]",404,5388000
11,80,5,"[416,360,285,362,359]","[1252000,1087000,840000,1102000,1076000]",416,5357000
11,81,5,"[396,365,352,362,366]","[1114000,1117000,1038000,1098000,1113000]",396,5480000
11,82,5,"[325,360,360,422,317]","[971000,1087000,1080000,1276000,940000]",422,5354000
11,83,5,"[410,361,360,365,354]","[1133000,1097000,1080000,1117000,1059000]",410,5486000
11,84,5,"[390,361,361,340,386]","[1138000,1097000,1074000,1033000,1108000]",390,5450000
12,1,5,"[324,303,386,383,390]","[978000,858000,1141000,1153000,1227000]",390,5357000
12,2,5,"[325,299,387,383,392]","[978000,850000,1141000,1153000,1227000]",392,5349000
12,3,5,"[327,299,388,442,331]","[978000,850000,1145000,1352000,1024000]",442,5349000
12,4,5,"[366,336,373,366,372]","[1113000,975000,1118000,1093000,1106000]",373,5405000
12,5,5,"[324,304,386,383,390]","[978000,858000,1141000,1153000,1227000]",390,5357000
12,6,5,"[324,306,388,383,391]","[978000,863000,1136000,1153000,1227000]",391,5357000
12,7,5,"[324,304,386,383,390]","[978000,858000,1141000,1153000,1227000]",390,5357000
12,8,5,"[348,307,385,384,376]","[1047000,869000,1134000,1153000,1178000]",385,5381000
12,9,5,"[350,300,387,384,376]","[1047000,852000,1143000,1153000,1178000]",387,5373000
12,10,5,"[348,304,386,384,376]","[1047000,859000,1134000,1155000,1178000]",386,5373000
12,11,5,"[348,303,386,384,376]","[1047000,858000,1141000,1153000,1178000]",386,5377000
12,12,5,"[348,304,386,384,376]","[1047000,856000,1141000,1155000,1178000]",386,5377000
12,13,5,"[348,303,386,384,376]","[1047000,858000,1141000,1153000,1178000]",386,5377000
12,14,5,"[325,299,387,385,392]","[978000,850000,1141000,1157000,1227000]",392,5353000
12,15,5,"[327,299,388,444,331]","[978000,850000,1145000,1356000,1024000]",444,5353000
12,16,5,"[324,303,386,385,390]","[978000,858000,1141000,1157000,1227000]",390,5361000
12,17,5,"[366,343,373,372,372]","[1100000,998000,1118000,1103000,1106000]",373,5425000
12,18,5,"[366,337,374,366,372]","[1100000,977000,1120000,1104000,1106000]",374,5407000
12,19,5,"[366,342,373,372,372]","[1113000,996000,1118000,1094000,1104000]",373,5425000
12,20,5,"[324,303,386,385,390]","[978000,858000,1141000,1157000,1227000]",390,5361000
12,21,5,"[324,298,385,376,458]","[978000,851000,1134000,1130000,1371000]",458,5464000
12,22,5,"[366,337,374,366,372]","[1100000,977000,1120000,1104000,1106000]",374,5407000
12,23,5,"[391,268,335,400,486]","[1178000,743000,985000,1148000,1495000]",486,5549000
12,24,5,"[425,272,338,404,549]","[1255000,760000,987000,1162000,1608000]",549,5772000
12,25,5,"[428,354,333,398,454]","[1267000,987000,971000,1144000,1339000]",454,5708000
12,26,5,"[326,311,387,377,458]","[988000,877000,1140000,1129000,1371000]",458,5505000
12,27,5,"[324,304,387,383,392]","[978000,862000,1134000,1153000,1227000]",392,5354000
12,28,5,"[435,325,436,366,376]","[1250000,899000,1301000,1095000,1120000]",436,5665000
12,29,5,"[381,269,358,477,460]","[1113000,751000,1014000,1377000,1427000]",477,5682000
12,30,5,"[450,310,345,361,507]","[1326000,862000,1010000,1013000,1533000]",507,5744000
12,31,5,"[349,305,385,384,376]","[1047000,865000,1136000,1153000,1178000]",385,5379000
12,32,5,"[398,360,410,405,439]","[1169000,1005000,1198000,1164000,1270000]",439,5806000
12,33,5,"[325,299,387,385,392]","[978000,853000,1134000,1157000,1227000]",392,5349000
12,34,5,"[422,272,336,398,549]","[1252000,751000,985000,1144000,1611000]",549,5743000
12,35,5,"[366,261,452,476,375]","[1083000,729000,1345000,1370000,1110000]",476,5637000
12,36,5,"[402,287,335,470,425]","[1194000,802000,971000,1369000,1285000]",470,5621000
12,37,5,"[399,270,335,386,580]","[1194000,753000,981000,1108000,1706000]",580,5742000
12,38,5,"[434,356,375,373,371]","[1285000,995000,1118000,1085000,1104000]",434,5587000
12,39,5,"[357,321,374,326,520]","[1071000,922000,1120000,886000,1574000]",520,5573000
12,40,5,"[431,336,373,365,397]","[1244000,975000,1118000,1093000,1155000]",431,5585000
12,41,5,"[448,335,378,364,408]","[1241000,969000,1128000,1091000,1218000]",448,5647000
12,42,5,"[434,333,374,322,455]","[1243000,969000,1118000,911000,1378000]",455,5619000
12,43,5,"[414,308,374,441,391]","[1232000,856000,1092000,1294000,1172000]",441,5646000
12,44,5,"[368,261,349,479,459]","[1087000,732000,995000,1378000,1417000]",479,5609000
12,45,5,"[348,316,385,384,376]","[1047000,896000,1136000,1153000,1178000]",385,5410000
12,46,5,"[381,310,358,388,537]","[1095000,848000,1064000,1113000,1632000]",537,5752000
12,47,5,"[422,334,374,364,395]","[1213000,969000,1118000,1091000,1160000]",422,5551000
12,48,5,"[364,342,374,371,388]","[1100000,996000,1118000,1105000,1136000]",388,5455000
12,49,5,"[406,315,336,401,528]","[1220000,864000,985000,1150000,1542000]",528,5761000
12,50,5,"[398,270,346,476,479]","[1174000,753000,1019000,1345000,1444000]",479,5735000
12,51,5,"[356,265,455,444,374]","[1066000,737000,1351000,1305000,1129000]",455,5588000
12,52,5,"[370,261,333,470,497]","[1088000,732000,978000,1361000,1494000]",497,5653000
12,53,5,"[417,309,357,398,507]","[1236000,864000,1056000,1144000,1479000]",507,5779000
12,54,5,"[370,321,335,411,465]","[1120000,893000,975000,1168000,1422000]",465,5578000
12,55,5,"[337,342,455,372,372]","[1001000,978000,1360000,1103000,1106000]",455,5548000
12,56,5,"[375,269,337,464,486]","[1101000,748000,985000,1348000,1474000]",486,5656000
12,57,5,"[431,272,339,399,498]","[1280000,751000,989000,1145000,1500000]",498,5665000
12,58,5,"[324,304,370,448,390]","[978000,858000,1087000,1304000,1227000]",448,5454000
12,59,5,"[359,276,387,383,392]","[1072000,780000,1141000,1153000,1227000]",392,5373000
12,60,5,"[285,355,388,442,331]","[852000,1008000,1145000,1352000,1024000]",442,5381000
12,61,5,"[401,338,373,365,371]","[1207000,958000,1118000,1093000,1106000]",401,5482000
12,62,5,"[375,304,439,384,395]","[1074000,863000,1253000,1158000,1227000]",439,5575000
12,63,5,"[326,304,387,442,330]","[978000,861000,1138000,1352000,1024000]",442,5353000
12,64,5,"[324,304,392,383,392]","[978000,858000,1153000,1153000,1237000]",392,5379000
12,65,5,"[416,308,387,362,376]","[1219000,869000,1139000,1084000,1178000]",416,5489000
12,66,5,"[395,300,385,384,376]","[1167000,852000,1109000,1153000,1178000]",395,5459000
12,67,5,"[350,300,384,385,442]","[1047000,851000,1134000,1157000,1304000]",442,5493000
12,68,5,"[348,303,386,384,376]","[1047000,858000,1141000,1153000,1178000]",386,5377000
12,69,5,"[348,304,454,380,378]","[1047000,856000,1328000,1096000,1178000]",454,5505000
12,70,5,"[377,280,386,384,376]","[1132000,785000,1141000,1153000,1178000]",386,5389000
12,71,5,"[325,321,387,385,392]","[978000,894000,1141000,1157000,1227000]",392,5397000
12,72,5,"[329,298,438,446,350]","[991000,848000,1256000,1360000,1060000]",446,5515000
12,73,5,"[395,307,352,387,392]","[1165000,878000,1037000,1161000,1231000]",395,5472000
12,74,5,"[366,343,388,372,372]","[1100000,998000,1148000,1103000,1106000]",388,5455000
12,75,5,"[366,336,373,425,372]","[1102000,973000,1118000,1225000,1104000]",425,5522000
12,76,5,"[454,344,381,373,371]","[1337000,1000000,1092000,1112000,1104000]",454,5645000
12,77,5,"[324,303,471,385,323]","[978000,858000,1401000,1157000,1003000]",471,5397000
13,1,5,"[360,341,362,357,362]","[1072000,1010000,1085000,1077000,1088000]",362,5332000
13,2,5,"[359,340,361,356,361]","[1072000,1010000,1085000,1077000,1093000]",361,5337000
13,3,5,"[360,341,276,439,360]","[1072000,1010000,814000,1342000,1088000]",439,5326000
13,4,5,"[359,340,275,437,358]","[1072000,1010000,814000,1342000,1088000]",437,5326000
13,5,5,"[333,351,395,370,324]","[984000,1055000,1204000,1108000,978000]",395,5329000
13,6,5,"[333,351,395,370,324]","[984000,1055000,1204000,1108000,978000]",395,5329000
13,7,5,"[334,351,395,368,327]","[984000,1055000,1204000,1108000,979000]",395,5330000
13,8,5,"[336,352,395,370,329]","[984000,1055000,1204000,1108000,979000]",395,5330000
13,9,5,"[336,352,395,370,329]","[984000,1055000,1204000,1108000,979000]",395,5330000
13,10,5,"[361,381,361,356,325]","[1076000,1110000,1079000,1077000,992000]",381,5334000
13,11,5,"[335,352,438,327,327]","[984000,1055000,1338000,970000,981000]",438,5328000
13,12,5,"[360,341,276,439,360]","[1072000,1010000,814000,1342000,1090000]",439,5328000
13,13,5,"[360,341,362,357,362]","[1072000,1010000,1085000,1077000,1090000]",362,5334000
13,14,5,"[361,342,363,358,363]","[1074000,1010000,1085000,1077000,1089000]",363,5335000
13,15,5,"[361,342,363,358,363]","[1074000,1010000,1085000,1077000,1089000]",363,5335000
13,16,5,"[361,342,277,439,361]","[1074000,1010000,814000,1342000,1089000]",439,5329000
13,17,5,"[361,342,277,438,361]","[1074000,1010000,814000,1342000,1089000]",438,5329000
13,18,5,"[334,351,395,368,327]","[984000,1055000,1204000,1108000,981000]",395,5332000
13,19,5,"[336,352,395,370,329]","[984000,1055000,1204000,1108000,981000]",395,5332000
13,20,5,"[334,352,395,368,327]","[984000,1057000,1204000,1108000,979000]",395,5332000
13,21,5,"[380,402,440,324,334]","[1129000,1161000,1333000,963000,976000]",440,5562000
13,22,5,"[369,374,442,316,346]","[1104000,1066000,1343000,938000,1033000]",442,5484000
13,23,5,"[416,366,367,359,328]","[1191000,1101000,1089000,1096000,988000]",416,5465000
13,24,5,"[371,343,277,467,370]","[1104000,1016000,814000,1387000,1112000]",467,5433000
13,25,5,"[365,330,331,400,422]","[1083000,952000,973000,1214000,1244000]",422,5466000
13,26,5,"[337,423,418,342,330]","[984000,1224000,1280000,999000,986000]",423,5473000
13,27,5,"[413,366,373,372,331]","[1194000,1062000,1136000,1108000,986000]",413,5486000
13,28,5,"[335,407,361,356,363]","[981000,1208000,1085000,1077000,1083000]",407,5434000
13,29,5,"[373,429,397,354,327]","[1081000,1245000,1157000,1077000,973000]",429,5533000
13,30,5,"[327,424,340,497,328]","[966000,1228000,971000,1483000,971000]",497,5619000
13,31,5,"[333,391,385,421,359]","[984000,1129000,1117000,1252000,1090000]",421,5572000
13,32,5,"[375,343,439,406,373]","[1083000,1016000,1328000,1129000,1123000]",439,5679000
13,33,5,"[333,422,370,370,332]","[984000,1224000,1127000,1108000,986000]",422,5429000
13,34,5,"[364,392,367,408,458]","[1082000,1090000,1048000,1191000,1351000]",458,5762000
13,35,5,"[423,367,400,327,331]","[1242000,1064000,1220000,983000,985000]",423,5494000
13,36,5,"[371,411,439,316,322]","[1108000,1185000,1328000,938000,944000]",439,5503000
13,37,5,"[360,337,367,459,360]","[1072000,975000,1058000,1368000,1089000]",459,5562000
13,38,5,"[449,340,367,359,343]","[1311000,1010000,1091000,1096000,999000]",449,5507000
13,39,5,"[361,342,277,439,361]","[1074000,1010000,814000,1342000,1089000]",439,5329000
13,40,5,"[362,423,372,380,331]","[1048000,1226000,1131000,1131000,979000]",423,5515000
13,41,5,"[392,328,365,429,461]","[1133000,958000,1048000,1233000,1356000]",461,5728000
13,42,5,"[362,354,399,392,362]","[1072000,1024000,1150000,1183000,1094000]",399,5523000
13,43,5,"[324,425,372,423,318]","[954000,1230000,1131000,1254000,922000]",425,5491000
13,44,5,"[361,342,334,400,361]","[1072000,1010000,979000,1219000,1089000]",400,5369000
13,45,5,"[367,468,342,419,337]","[1074000,1362000,1000000,1218000,1001000]",468,5655000
13,46,5,"[337,359,363,405,357]","[988000,1075000,1085000,1204000,1061000]",405,5413000
13,47,5,"[360,346,442,329,363]","[1074000,983000,1333000,979000,1089000]",442,5458000
13,48,5,"[451,342,363,358,352]","[1318000,1010000,1085000,1081000,1013000]",451,5507000
13,49,5,"[326,392,365,359,365]","[954000,1168000,1085000,1092000,1099000]",392,5398000
13,50,5,"[371,423,372,391,330]","[1100000,1224000,1131000,1131000,986000]",423,5572000
13,51,5,"[334,422,389,388,327]","[984000,1226000,1129000,1190000,983000]",422,5512000
13,52,5,"[472,414,354,325,329]","[1382000,1200000,1033000,973000,981000]",472,5569000
13,53,5,"[324,386,366,413,348]","[954000,1147000,1090000,1225000,1046000]",413,5462000
13,54,5,"[359,346,395,356,361]","[1072000,1021000,1153000,1077000,1088000]",395,5411000
13,55,5,"[374,466,434,301,328]","[1083000,1358000,1281000,878000,975000]",466,5575000
13,56,5,"[333,425,440,319,332]","[984000,1226000,1328000,942000,984000]",440,5464000
13,57,5,"[339,426,428,403,329]","[996000,1232000,1246000,1183000,967000]",428,5624000
13,58,5,"[362,422,417,326,317]","[1078000,1224000,1275000,964000,921000]",422,5462000
13,59,5,"[359,341,367,438,360]","[1072000,1000000,1058000,1296000,1089000]",438,5515000
13,60,5,"[362,423,374,388,314]","[1076000,1224000,1131000,1142000,918000]",423,5491000
13,61,5,"[324,364,277,496,364]","[954000,1084000,814000,1490000,1095000]",496,5437000
13,62,5,"[373,416,363,358,327]","[1081000,1214000,1085000,1081000,973000]",416,5434000
13,63,5,"[412,427,277,443,335]","[1191000,1277000,818000,1288000,999000]",443,5573000
13,64,5,"[374,422,376,380,326]","[1081000,1224000,1131000,1117000,978000]",422,5531000
13,65,5,"[374,396,414,325,328]","[1110000,1134000,1259000,971000,977000]",414,5451000
13,66,5,"[390,329,450,375,391]","[1153000,973000,1299000,1086000,1190000]",450,5701000
13,67,5,"[372,344,277,477,357]","[1119000,1016000,814000,1449000,1047000]",477,5445000
13,68,5,"[365,421,446,320,335]","[1069000,1226000,1334000,931000,1003000]",446,5563000
13,69,5,"[370,345,355,408,355]","[1104000,1018000,1067000,1218000,1043000]",408,5450000
13,70,5,"[359,387,254,436,359]","[1072000,1128000,748000,1336000,1090000]",436,5374000
13,71,5,"[463,340,363,339,356]","[1355000,1010000,1085000,990000,1056000]",463,5496000
13,72,5,"[362,402,426,358,328]","[1078000,1161000,1242000,1081000,971000]",426,5533000
13,73,5,"[362,343,335,440,359]","[1072000,1015000,979000,1293000,1088000]",440,5447000
13,74,5,"[372,405,437,324,369]","[1106000,1179000,1256000,978000,1106000]",437,5625000
13,75,5,"[324,423,372,411,327]","[954000,1230000,1131000,1215000,965000]",423,5495000
13,76,5,"[333,423,331,471,332]","[984000,1224000,924000,1428000,981000]",471,5541000
13,77,5,"[371,346,277,478,359]","[1114000,1025000,814000,1447000,1046000]",478,5446000
13,78,5,"[362,402,440,329,326]","[1078000,1161000,1333000,979000,949000]",440,5500000
13,79,5,"[362,402,358,420,324]","[1078000,1161000,1052000,1255000,959000]",420,5505000
13,80,5,"[359,340,322,400,359]","[1072000,1010000,947000,1229000,1090000]",400,5348000
13,81,5,"[360,343,311,437,361]","[1074000,1016000,886000,1342000,1089000]",437,5407000
13,82,5,"[362,404,375,397,320]","[1078000,1161000,1138000,1166000,958000]",404,5501000
13,83,5,"[351,424,372,382,331]","[1004000,1229000,1131000,1142000,979000]",424,5485000
13,84,5,"[339,465,361,323,332]","[999000,1410000,1085000,937000,993000]",465,5424000
13,85,5,"[334,422,271,485,327]","[984000,1224000,767000,1501000,979000]",485,5455000
13,86,5,"[335,420,278,436,327]","[994000,1277000,814000,1310000,979000]",436,5374000
13,87,5,"[363,345,369,386,363]","[1078000,1020000,1074000,1164000,1099000]",386,5435000
13,88,5,"[359,344,402,354,331]","[1072000,1015000,1200000,1077000,1001000]",402,5365000
13,89,5,"[359,388,275,400,358]","[1072000,1145000,814000,1229000,1088000]",400,5348000
13,90,5,"[359,315,275,438,447]","[1072000,930000,814000,1342000,1296000]",447,5454000
13,91,5,"[333,350,395,379,353]","[984000,1055000,1204000,1115000,1048000]",395,5406000
13,92,5,"[333,353,395,373,344]","[984000,1055000,1204000,1106000,1027000]",395,5376000
13,93,5,"[334,353,399,368,327]","[984000,1059000,1212000,1108000,979000]",399,5342000
13,94,5,"[389,351,383,373,327]","[1149000,1055000,1119000,1108000,979000]",389,5410000
13,95,5,"[334,351,446,316,327]","[984000,1055000,1366000,941000,979000]",446,5325000
13,96,5,"[361,379,274,439,325]","[1076000,1110000,808000,1342000,992000]",439,5328000
13,97,5,"[335,352,438,324,327]","[984000,1055000,1338000,965000,981000]",438,5323000
13,98,5,"[416,344,276,439,362]","[1182000,1018000,814000,1352000,1090000]",439,5456000
13,99,5,"[359,386,361,356,444]","[1072000,1087000,1085000,1082000,1272000]",444,5598000
13,100,5,"[361,334,363,375,363]","[1074000,980000,1085000,1137000,1089000]",375,5365000
13,101,5,"[361,343,363,317,438]","[1074000,1015000,1085000,964000,1282000]",438,5420000
13,102,5,"[370,343,372,439,360]","[1047000,1014000,1059000,1347000,1089000]",439,5556000
13,103,5,"[438,344,277,401,361]","[1277000,1010000,814000,1221000,1089000]",438,5411000
13,104,5,"[339,399,395,370,389]","[1005000,1124000,1204000,1109000,1136000]",399,5578000
13,105,5,"[396,338,395,373,328]","[1166000,975000,1204000,1113000,981000]",396,5439000
13,106,5,"[361,353,395,370,331]","[1057000,1059000,1204000,1118000,965000]",395,5403000
14,1,5,"[356,371,347,357,347]","[1066000,1117000,1030000,1071000,1057000]",371,5341000
14,2,5,"[356,371,347,357,347]","[1066000,1117000,1030000,1071000,1057000]",371,5341000
14,3,5,"[368,325,284,382,392]","[1108000,969000,844000,1157000,1207000]",392,5285000
14,4,5,"[368,324,284,382,393]","[1108000,969000,844000,1157000,1207000]",393,5285000
14,5,5,"[332,330,293,382,409]","[991000,990000,874000,1157000,1259000]",409,5271000
14,6,5,"[338,324,293,382,408]","[1012000,969000,874000,1157000,1259000]",408,5271000
14,7,5,"[336,324,295,400,394]","[1008000,969000,874000,1214000,1214000]",400,5279000
14,8,5,"[336,324,295,335,453]","[1008000,969000,874000,1003000,1413000]",453,5267000
14,9,5,"[356,325,295,385,394]","[1069000,969000,874000,1157000,1214000]",394,5283000
14,10,5,"[338,330,293,376,409]","[1012000,990000,874000,1136000,1259000]",409,5271000
14,11,5,"[357,361,347,360,348]","[1066000,1094000,1030000,1092000,1059000]",361,5341000
14,12,5,"[356,330,293,378,398]","[1069000,990000,874000,1136000,1214000]",398,5283000
14,13,5,"[330,325,300,384,404]","[999000,969000,894000,1157000,1252000]",404,5271000
14,14,5,"[330,325,300,384,404]","[999000,969000,894000,1157000,1252000]",404,5271000
14,15,5,"[334,324,293,382,410]","[998000,969000,874000,1157000,1273000]",410,5271000
14,16,5,"[338,330,343,376,363]","[1012000,990000,1037000,1136000,1115000]",376,5290000
14,17,5,"[337,326,293,403,391]","[1008000,969000,874000,1232000,1192000]",403,5275000
14,18,5,"[333,325,300,384,404]","[999000,969000,894000,1157000,1252000]",404,5271000
14,19,5,"[356,332,293,385,389]","[1069000,990000,874000,1162000,1192000]",389,5287000
14,20,5,"[291,373,343,379,377]","[870000,1113000,1025000,1136000,1157000]",379,5301000
14,21,5,"[338,332,294,384,401]","[1012000,990000,876000,1164000,1237000]",401,5279000
14,22,5,"[338,325,294,382,415]","[1006000,971000,876000,1157000,1292000]",415,5302000
14,23,5,"[325,328,294,462,407]","[955000,977000,876000,1383000,1233000]",462,5424000
14,24,5,"[356,332,306,385,389]","[1069000,990000,904000,1162000,1192000]",389,5317000
14,25,5,"[340,332,293,403,398]","[1028000,990000,874000,1232000,1199000]",403,5323000
14,26,5,"[371,330,304,394,403]","[1123000,979000,896000,1169000,1229000]",403,5396000
14,27,5,"[348,325,365,371,408]","[1050000,971000,1064000,1090000,1263000]",408,5438000
14,28,5,"[320,327,293,484,389]","[952000,971000,874000,1439000,1174000]",484,5410000
14,29,5,"[332,332,293,404,391]","[991000,990000,874000,1232000,1192000]",404,5279000
14,30,5,"[363,330,293,437,411]","[1095000,990000,874000,1309000,1198000]",437,5466000
14,31,5,"[356,296,382,423,387]","[1069000,876000,1100000,1264000,1186000]",423,5495000
14,32,5,"[357,303,382,403,429]","[1071000,891000,1100000,1178000,1301000]",429,5541000
14,33,5,"[336,324,295,418,395]","[1008000,969000,874000,1250000,1214000]",418,5315000
14,34,5,"[353,325,284,382,408]","[1060000,969000,844000,1157000,1266000]",408,5296000
14,35,5,"[411,342,310,378,381]","[1242000,970000,917000,1139000,1166000]",411,5434000
14,36,5,"[340,325,312,385,405]","[1013000,969000,918000,1162000,1254000]",405,5316000
14,37,5,"[350,330,388,404,419]","[1039000,976000,1121000,1200000,1242000]",419,5578000
14,38,5,"[324,303,403,385,406]","[966000,895000,1160000,1159000,1256000]",406,5436000
14,39,5,"[331,425,305,387,405]","[962000,1240000,904000,1169000,1215000]",425,5490000
14,40,5,"[332,331,306,383,410]","[991000,990000,903000,1157000,1256000]",410,5297000
14,41,5,"[334,338,287,430,426]","[991000,1011000,856000,1279000,1275000]",430,5412000
14,42,5,"[329,324,300,420,415]","[991000,969000,894000,1266000,1240000]",420,5360000
14,43,5,"[348,325,294,438,406]","[1014000,974000,876000,1326000,1220000]",438,5410000
14,44,5,"[342,335,293,424,441]","[1020000,1005000,886000,1243000,1320000]",441,5474000
14,45,5,"[320,327,293,498,389]","[952000,971000,874000,1467000,1174000]",498,5438000
14,46,5,"[356,332,295,387,398]","[1069000,1000000,869000,1162000,1212000]",398,5312000
14,47,5,"[340,325,294,403,391]","[1016000,974000,876000,1232000,1192000]",403,5290000
14,48,5,"[338,330,295,382,409]","[1012000,990000,869000,1155000,1259000]",409,5285000
14,49,5,"[348,325,322,377,411]","[1050000,971000,936000,1127000,1269000]",411,5353000
14,50,5,"[340,325,294,400,398]","[1016000,971000,876000,1214000,1218000]",400,5295000
14,51,5,"[331,326,341,388,408]","[1001000,973000,1013000,1135000,1263000]",408,5385000
14,52,5,"[356,326,386,379,396]","[1069000,943000,1110000,1134000,1214000]",396,5470000
14,53,5,"[360,293,380,426,410]","[1076000,871000,1085000,1278000,1231000]",426,5541000
14,54,5,"[336,350,293,383,389]","[1008000,1047000,874000,1162000,1192000]",389,5283000
14,55,5,"[336,324,293,405,414]","[1008000,969000,874000,1202000,1272000]",414,5325000
14,56,5,"[337,427,310,378,410]","[983000,1242000,917000,1143000,1228000]",427,5513000
14,57,5,"[346,330,287,417,427]","[1026000,990000,850000,1255000,1280000]",427,5401000
14,58,5,"[338,330,293,401,429]","[1012000,990000,874000,1222000,1290000]",429,5388000
14,59,5,"[346,333,375,375,362]","[1031000,996000,1090000,1131000,1115000]",375,5363000
14,60,5,"[332,329,385,381,412]","[991000,958000,1105000,1155000,1265000]",412,5474000
14,61,5,"[322,329,293,465,401]","[956000,975000,874000,1386000,1214000]",465,5405000
14,62,5,"[359,303,382,432,423]","[1081000,889000,1100000,1253000,1276000]",432,5599000
14,63,5,"[333,292,383,427,423]","[991000,866000,1102000,1280000,1284000]",427,5523000
14,64,5,"[334,333,293,385,422]","[991000,996000,874000,1163000,1291000]",422,5315000
14,65,5,"[338,330,293,392,409]","[1012000,990000,874000,1168000,1259000]",409,5303000
14,66,5,"[336,335,293,382,414]","[999000,1012000,874000,1157000,1278000]",414,5320000
14,67,5,"[497,373,348,359,373]","[1408000,1117000,1035000,1071000,1043000]",497,5674000
14,68,5,"[318,373,349,415,345]","[939000,1121000,1030000,1237000,1053000]",415,5380000
14,69,5,"[368,325,344,402,393]","[1108000,969000,997000,1164000,1209000]",402,5447000
14,70,5,"[370,362,259,384,401]","[1118000,1072000,767000,1157000,1223000]",401,5337000
14,71,5,"[332,355,315,387,407]","[991000,1043000,911000,1165000,1261000]",407,5371000
14,72,5,"[338,324,287,382,412]","[1012000,969000,856000,1157000,1277000]",412,5271000
14,73,5,"[338,324,306,400,397]","[1008000,969000,900000,1214000,1220000]",400,5311000
14,74,5,"[382,326,293,335,527]","[1079000,969000,874000,1003000,1578000]",527,5503000
14,75,5,"[358,324,321,387,394]","[1073000,969000,942000,1167000,1214000]",394,5365000
14,76,5,"[384,332,293,391,411]","[1140000,990000,874000,1128000,1259000]",411,5391000
14,77,5,"[356,378,342,366,351]","[1066000,1143000,997000,1106000,1061000]",378,5373000
14,78,5,"[370,330,293,378,398]","[1097000,990000,874000,1136000,1214000]",398,5311000
14,79,5,"[330,325,306,384,404]","[999000,969000,906000,1157000,1252000]",404,5283000
14,80,5,"[293,383,300,384,404]","[874000,1130000,894000,1157000,1252000]",404,5307000
14,81,5,"[334,404,293,335,410]","[998000,1182000,874000,1006000,1273000]",410,5333000
14,82,5,"[358,330,343,390,362]","[1043000,990000,1037000,1173000,1120000]",390,5363000
14,83,5,"[336,328,294,342,452]","[1008000,969000,874000,1029000,1391000]",452,5271000
14,84,5,"[446,327,303,383,409]","[1223000,969000,900000,1162000,1260000]",446,5514000
14,85,5,"[373,332,297,383,386]","[1118000,990000,881000,1162000,1162000]",386,5313000
14,86,5,"[246,373,419,379,377]","[720000,1113000,1233000,1136000,1157000]",419,5359000
15,1,5,"[379,378,376,366,342]","[1145000,1136000,1104000,1059000,1014000]",379,5458000
15,2,5,"[394,393,379,320,344]","[1212000,1189000,1100000,907000,1018000]",394,5426000
15,3,5,"[372,391,374,349,344]","[1132000,1171000,1100000,1011000,1018000]",391,5432000
15,4,5,"[378,388,374,348,346]","[1151000,1169000,1102000,1008000,1017000]",388,5447000
15,5,5,"[390,389,375,330,347]","[1195000,1171000,1100000,948000,1021000]",390,5435000
15,6,5,"[370,389,373,349,347]","[1132000,1171000,1100000,1011000,1021000]",389,5435000
15,7,5,"[395,393,397,284,342]","[1217000,1185000,1187000,802000,1017000]",397,5408000
15,8,5,"[391,396,398,290,342]","[1195000,1183000,1189000,823000,1017000]",398,5407000
15,9,5,"[395,393,397,284,342]","[1217000,1185000,1187000,802000,1017000]",397,5408000
15,10,5,"[391,396,398,290,342]","[1195000,1183000,1189000,823000,1017000]",398,5407000
15,11,5,"[397,395,399,325,302]","[1217000,1189000,1187000,928000,882000]",399,5403000
15,12,5,"[389,394,420,268,341]","[1200000,1183000,1256000,748000,1012000]",420,5399000
15,13,5,"[394,393,409,268,344]","[1212000,1185000,1229000,748000,1027000]",409,5401000
15,14,5,"[395,446,397,284,289]","[1217000,1352000,1187000,802000,842000]",446,5400000
15,15,5,"[395,388,402,284,344]","[1217000,1169000,1201000,802000,1018000]",402,5407000
15,16,5,"[395,393,397,284,346]","[1217000,1185000,1187000,802000,1018000]",397,5409000
15,17,5,"[395,393,397,284,346]","[1217000,1185000,1187000,802000,1018000]",397,5409000
15,18,5,"[395,393,401,284,342]","[1214000,1175000,1201000,802000,1017000]",401,5409000
15,19,5,"[370,389,373,349,347]","[1132000,1171000,1100000,1011000,1024000]",389,5438000
15,20,5,"[378,388,374,348,347]","[1151000,1169000,1100000,1008000,1021000]",388,5449000
15,21,5,"[411,376,427,320,344]","[1226000,1110000,1270000,907000,1014000]",427,5527000
15,22,5,"[469,393,397,284,297]","[1428000,1185000,1187000,802000,857000]",469,5459000
15,23,5,"[388,393,376,351,348]","[1176000,1174000,1100000,1005000,1026000]",393,5481000
15,24,5,"[442,446,439,284,292]","[1335000,1309000,1301000,802000,863000]",446,5610000
15,25,5,"[426,440,446,363,324]","[1275000,1294000,1263000,1007000,972000]",446,5811000
15,26,5,"[411,391,379,348,345]","[1226000,1174000,1112000,999000,1020000]",411,5531000
15,27,5,"[423,393,401,298,347]","[1263000,1184000,1201000,839000,1020000]",423,5507000
15,28,5,"[466,435,361,340,340]","[1423000,1273000,1034000,944000,1004000]",466,5678000
15,29,5,"[379,393,397,366,351]","[1151000,1183000,1187000,999000,1041000]",397,5561000
15,30,5,"[456,439,398,363,302]","[1349000,1289000,1177000,1008000,892000]",456,5715000
15,31,5,"[496,432,397,322,292]","[1464000,1260000,1167000,926000,853000]",496,5670000
15,32,5,"[441,448,415,295,300]","[1335000,1313000,1238000,824000,888000]",448,5598000
15,33,5,"[425,448,417,318,339]","[1273000,1313000,1238000,870000,998000]",448,5692000
15,34,5,"[428,439,398,359,322]","[1279000,1289000,1171000,997000,962000]",439,5698000
15,35,5,"[392,401,411,265,352]","[1212000,1195000,1231000,746000,1033000]",411,5417000
15,36,5,"[458,446,427,284,292]","[1374000,1309000,1275000,802000,863000]",458,5623000
15,37,5,"[372,391,405,324,343]","[1132000,1175000,1206000,918000,1022000]",405,5453000
15,38,5,"[464,428,405,338,355]","[1387000,1234000,1187000,931000,1050000]",464,5789000
15,39,5,"[390,389,375,355,351]","[1183000,1171000,1100000,1010000,1035000]",390,5499000
15,40,5,"[471,396,411,284,289]","[1430000,1184000,1208000,802000,845000]",471,5469000
15,41,5,"[441,426,400,284,327]","[1330000,1248000,1191000,802000,960000]",441,5531000
15,42,5,"[441,448,415,309,303]","[1335000,1313000,1238000,852000,897000]",448,5635000
15,43,5,"[394,393,409,268,348]","[1212000,1185000,1229000,748000,1038000]",409,5412000
15,44,5,"[415,392,421,284,348]","[1236000,1183000,1258000,802000,1018000]",421,5497000
15,45,5,"[433,439,419,290,303]","[1313000,1289000,1246000,823000,897000]",439,5568000
15,46,5,"[378,394,375,348,349]","[1151000,1187000,1101000,1008000,1031000]",394,5478000
15,47,5,"[486,406,419,314,291]","[1476000,1184000,1245000,858000,848000]",486,5611000
15,48,5,"[468,393,423,299,300]","[1423000,1185000,1257000,825000,852000]",468,5542000
15,49,5,"[377,392,385,348,348]","[1124000,1183000,1142000,1011000,1029000]",392,5489000
15,50,5,"[464,440,421,288,292]","[1423000,1289000,1232000,804000,843000]",464,5591000
15,51,5,"[446,393,417,298,301]","[1367000,1185000,1227000,823000,890000]",446,5492000
15,52,5,"[396,391,381,348,350]","[1187000,1174000,1110000,1008000,1033000]",396,5512000
15,53,5,"[397,396,371,330,346]","[1217000,1187000,1088000,939000,1025000]",397,5456000
15,54,5,"[441,448,410,324,303]","[1335000,1313000,1207000,903000,897000]",448,5655000
15,55,5,"[428,439,398,325,302]","[1297000,1289000,1172000,932000,892000]",439,5582000
15,56,5,"[466,439,398,286,292]","[1423000,1289000,1176000,812000,863000]",466,5563000
15,57,5,"[441,448,413,288,302]","[1335000,1313000,1237000,807000,892000]",448,5584000
15,58,5,"[434,388,403,284,368]","[1300000,1169000,1201000,802000,1058000]",434,5530000
15,59,5,"[434,392,402,284,345]","[1300000,1183000,1196000,802000,1029000]",434,5510000
15,60,5,"[470,431,415,284,309]","[1433000,1254000,1228000,802000,891000]",470,5608000
15,61,5,"[455,447,425,287,302]","[1339000,1303000,1274000,807000,888000]",455,5611000
15,62,5,"[333,382,379,440,343]","[1008000,1161000,1111000,1256000,1019000]",440,5555000
15,63,5,"[392,404,377,385,345]","[1212000,1169000,1100000,1079000,1023000]",404,5583000
15,64,5,"[346,391,421,349,344]","[1026000,1171000,1250000,1011000,1018000]",421,5476000
15,65,5,"[468,424,375,348,351]","[1362000,1214000,1104000,1008000,1032000]",468,5720000
15,66,5,"[454,388,373,333,347]","[1331000,1169000,1100000,963000,1021000]",454,5584000
15,67,5,"[402,388,373,348,347]","[1196000,1169000,1100000,1011000,1021000]",402,5497000
15,68,5,"[395,393,397,285,344]","[1217000,1185000,1187000,804000,1027000]",397,5420000
15,69,5,"[346,395,399,290,428]","[1067000,1195000,1192000,823000,1237000]",428,5514000
15,70,5,"[394,443,396,284,341]","[1212000,1330000,1143000,802000,1012000]",443,5499000
15,71,5,"[391,505,397,269,342]","[1195000,1436000,1187000,754000,1017000]",505,5589000
15,72,5,"[399,396,403,325,321]","[1222000,1187000,1195000,928000,922000]",403,5454000
15,73,5,"[379,392,424,302,341]","[1151000,1183000,1264000,846000,1012000]",424,5456000
15,74,5,"[394,393,409,268,359]","[1212000,1185000,1229000,748000,1048000]",409,5422000
15,75,5,"[396,450,431,259,289]","[1223000,1360000,1281000,722000,848000]",450,5434000
15,76,5,"[395,371,401,329,344]","[1217000,1096000,1201000,925000,1018000]",401,5457000
15,77,5,"[392,366,483,286,350]","[1212000,1101000,1388000,806000,1051000]",483,5558000
15,78,5,"[351,400,453,286,349]","[1083000,1208000,1353000,802000,1046000]",453,5492000
15,79,5,"[397,440,403,284,318]","[1217000,1303000,1205000,802000,936000]",440,5463000
15,80,5,"[370,463,373,297,346]","[1132000,1380000,1100000,849000,1019000]",463,5480000
15,81,5,"[410,388,379,378,347]","[1212000,1169000,1112000,1067000,1021000]",410,5581000
16,1,5,"[372,366,372,351,373]","[1101000,1137000,1131000,994000,1084000]",373,5447000
16,2,5,"[372,366,372,351,373]","[1101000,1137000,1131000,994000,1084000]",373,5447000
16,3,5,"[319,383,384,302,383]","[938000,1186000,1203000,866000,1134000]",384,5327000
16,4,5,"[341,368,383,298,383]","[1015000,1126000,1198000,850000,1138000]",383,5327000
16,5,5,"[313,384,385,302,381]","[917000,1181000,1203000,877000,1134000]",385,5312000
16,6,5,"[372,372,370,352,372]","[1104000,1149000,1124000,996000,1084000]",372,5457000
16,7,5,"[369,371,378,303,371]","[1087000,1145000,1173000,877000,1084000]",378,5366000
16,8,5,"[353,371,380,303,373]","[1057000,1145000,1177000,877000,1084000]",380,5340000
16,9,5,"[373,370,375,303,373]","[1115000,1145000,1149000,877000,1084000]",375,5370000
16,10,5,"[341,368,383,298,383]","[1015000,1126000,1198000,850000,1138000]",383,5327000
16,11,5,"[302,409,412,244,387]","[883000,1281000,1278000,701000,1142000]",412,5285000
16,12,5,"[341,380,383,300,376]","[1015000,1180000,1198000,850000,1084000]",383,5327000
16,13,5,"[263,401,385,306,407]","[761000,1248000,1203000,885000,1210000]",407,5307000
16,14,5,"[263,410,385,299,407]","[756000,1286000,1198000,856000,1210000]",410,5306000
16,15,5,"[261,409,383,297,411]","[756000,1281000,1198000,850000,1214000]",411,5299000
16,16,5,"[261,400,384,302,411]","[756000,1248000,1203000,877000,1218000]",411,5302000
16,17,5,"[373,370,375,322,373]","[1096000,1145000,1149000,924000,1084000]",375,5398000
16,18,5,"[261,432,383,297,381]","[756000,1349000,1198000,850000,1134000]",432,5287000
16,19,5,"[357,370,380,303,373]","[1065000,1145000,1177000,877000,1084000]",380,5348000
16,20,5,"[365,371,379,303,372]","[1083000,1145000,1173000,877000,1089000]",379,5367000
16,21,5,"[292,512,453,250,382]","[826000,1522000,1367000,712000,1136000]",512,5563000
16,22,5,"[358,429,408,251,388]","[1067000,1282000,1242000,712000,1147000]",429,5450000
16,23,5,"[361,407,385,306,375]","[1073000,1268000,1175000,843000,1101000]",407,5460000
16,24,5,"[268,414,384,303,398]","[766000,1290000,1203000,877000,1178000]",414,5314000
16,25,5,"[273,417,374,322,420]","[779000,1296000,1147000,924000,1240000]",420,5386000
16,26,5,"[315,409,361,297,411]","[924000,1281000,1090000,850000,1214000]",411,5359000
16,27,5,"[268,488,413,244,373]","[785000,1496000,1288000,701000,1088000]",488,5358000
16,28,5,"[353,392,481,347,385]","[1009000,1180000,1412000,958000,1151000]",481,5710000
16,29,5,"[273,503,414,247,389]","[795000,1492000,1296000,716000,1144000]",503,5443000
16,30,5,"[319,383,384,304,381]","[938000,1186000,1203000,872000,1134000]",384,5333000
16,31,5,"[324,473,417,294,396]","[924000,1441000,1293000,792000,1158000]",473,5608000
16,32,5,"[341,395,383,297,379]","[1015000,1206000,1198000,850000,1094000]",395,5363000
16,33,5,"[344,368,436,300,384]","[1015000,1126000,1300000,854000,1140000]",436,5435000
16,34,5,"[323,444,407,296,419]","[945000,1344000,1261000,829000,1197000]",444,5576000
16,35,5,"[318,416,378,303,371]","[921000,1300000,1173000,877000,1084000]",416,5355000
16,36,5,"[313,418,380,303,375]","[912000,1298000,1177000,877000,1088000]",418,5352000
16,37,5,"[285,432,391,316,375]","[834000,1349000,1205000,897000,1095000]",432,5380000
16,38,5,"[378,406,386,317,374]","[1123000,1265000,1164000,871000,1099000]",406,5522000
16,39,5,"[345,392,386,298,379]","[1023000,1216000,1203000,850000,1089000]",392,5381000
16,40,5,"[368,405,390,301,375]","[1096000,1261000,1191000,833000,1104000]",405,5485000
16,41,5,"[371,443,370,318,371]","[1094000,1342000,1109000,902000,1084000]",443,5531000
16,42,5,"[403,417,383,285,416]","[1151000,1266000,1160000,801000,1231000]",417,5609000
16,43,5,"[381,442,355,305,372]","[1128000,1344000,1064000,883000,1082000]",442,5501000
16,44,5,"[362,392,362,298,383]","[1078000,1216000,1095000,850000,1134000]",392,5373000
16,45,5,"[337,384,386,305,378]","[992000,1181000,1210000,883000,1096000]",386,5362000
16,46,5,"[324,454,386,261,387]","[950000,1394000,1183000,759000,1142000]",454,5428000
16,47,5,"[363,492,415,252,388]","[1007000,1470000,1273000,697000,1148000]",492,5595000
16,48,5,"[265,493,416,267,415]","[779000,1472000,1279000,753000,1224000]",493,5507000
16,49,5,"[357,443,489,302,375]","[1017000,1339000,1441000,838000,1104000]",489,5739000
16,50,5,"[377,404,375,303,374]","[1126000,1213000,1149000,877000,1089000]",404,5454000
16,51,5,"[358,456,414,247,374]","[1058000,1370000,1272000,689000,1086000]",456,5475000
16,52,5,"[376,414,370,303,375]","[1121000,1260000,1118000,877000,1091000]",414,5467000
16,53,5,"[265,491,411,311,374]","[769000,1495000,1250000,882000,1088000]",491,5484000
16,54,5,"[375,371,374,305,377]","[1115000,1147000,1147000,883000,1096000]",377,5388000
16,55,5,"[331,400,384,302,370]","[953000,1248000,1203000,877000,1079000]",400,5360000
16,56,5,"[341,380,414,300,375]","[1015000,1180000,1260000,854000,1091000]",414,5400000
16,57,5,"[353,434,382,283,375]","[1057000,1343000,1160000,791000,1101000]",434,5452000
16,58,5,"[305,381,383,301,410]","[881000,1182000,1198000,856000,1216000]",410,5333000
16,59,5,"[348,382,386,302,373]","[1026000,1181000,1203000,866000,1088000]",386,5364000
16,60,5,"[354,376,387,378,371]","[1057000,1115000,1179000,1085000,1084000]",387,5520000
16,61,5,"[318,373,384,302,413]","[921000,1150000,1203000,877000,1218000]",413,5369000
16,62,5,"[355,430,384,303,377]","[1057000,1325000,1165000,833000,1104000]",430,5484000
16,63,5,"[367,438,385,324,371]","[1094000,1330000,1126000,925000,1077000]",438,5552000
16,64,5,"[421,418,384,287,377]","[1232000,1269000,1162000,808000,1101000]",421,5572000
16,65,5,"[416,430,386,287,379]","[1204000,1307000,1168000,808000,1101000]",430,5588000
16,66,5,"[336,436,384,302,377]","[965000,1322000,1198000,866000,1094000]",436,5445000
16,67,5,"[358,459,386,285,374]","[1065000,1390000,1164000,791000,1099000]",459,5509000
16,68,5,"[371,366,411,353,432]","[1104000,1137000,1185000,1003000,1227000]",432,5656000
16,69,5,"[372,341,372,429,373]","[1101000,1024000,1131000,1213000,1084000]",429,5553000
16,70,5,"[365,383,384,355,383]","[1030000,1183000,1203000,971000,1134000]",384,5521000
16,71,5,"[341,368,398,352,383]","[1015000,1126000,1213000,982000,1138000]",398,5474000
16,72,5,"[317,392,443,303,381]","[919000,1176000,1351000,879000,1134000]",443,5459000
16,73,5,"[370,376,408,318,376]","[1099000,1155000,1230000,912000,1093000]",408,5489000
16,74,5,"[364,372,381,303,371]","[1079000,1145000,1179000,877000,1084000]",381,5364000
16,75,5,"[353,371,380,302,415]","[1057000,1145000,1177000,877000,1164000]",415,5420000
16,76,5,"[374,374,409,304,373]","[1115000,1165000,1234000,881000,1066000]",409,5461000
16,77,5,"[346,467,345,300,387]","[1015000,1375000,1071000,854000,1145000]",467,5460000
16,78,5,"[281,411,412,323,387]","[814000,1287000,1278000,886000,1142000]",412,5407000
16,79,5,"[341,439,383,258,376]","[1015000,1343000,1198000,732000,1086000]",439,5374000
16,80,5,"[320,403,384,301,409]","[911000,1254000,1203000,836000,1217000]",409,5421000
16,81,5,"[263,411,385,343,412]","[756000,1285000,1198000,940000,1221000]",412,5400000
16,82,5,"[261,416,384,297,462]","[756000,1256000,1203000,850000,1356000]",462,5421000
16,83,5,"[240,400,384,302,468]","[683000,1246000,1203000,877000,1359000]",468,5368000
16,84,5,"[399,358,378,322,371]","[1184000,1085000,1167000,924000,1084000]",399,5444000
16,85,5,"[340,432,383,276,381]","[941000,1349000,1198000,781000,1134000]",432,5403000
16,86,5,"[427,370,380,251,373]","[1264000,1145000,1177000,712000,1084000]",427,5382000
16,87,5,"[365,371,379,364,372]","[1073000,1145000,1173000,1001000,1089000]",379,5481000
17,1,5,"[383,384,386,293,339]","[1171000,1150000,1151000,860000,1011000]",386,5343000
17,2,5,"[365,368,331,359,367]","[1107000,1089000,992000,1065000,1100000]",368,5353000
17,3,5,"[367,370,332,359,368]","[1107000,1089000,988000,1065000,1100000]",370,5349000
17,4,5,"[392,368,386,294,339]","[1208000,1095000,1153000,862000,1011000]",392,5329000
17,5,5,"[367,365,337,360,367]","[1109000,1080000,1002000,1070000,1100000]",367,5361000
17,6,5,"[383,384,386,293,339]","[1171000,1152000,1151000,860000,1011000]",386,5345000
17,7,5,"[383,384,386,293,339]","[1171000,1152000,1151000,860000,1011000]",386,5345000
17,8,5,"[368,367,338,363,368]","[1107000,1080000,1008000,1072000,1100000]",368,5367000
17,9,5,"[392,368,386,296,339]","[1208000,1095000,1153000,866000,1011000]",392,5333000
17,10,5,"[365,385,332,359,355]","[1107000,1131000,988000,1065000,1064000]",385,5355000
17,11,5,"[368,370,334,349,369]","[1110000,1089000,1010000,1043000,1104000]",370,5356000
17,12,5,"[377,380,385,294,353]","[1153000,1125000,1154000,862000,1063000]",385,5357000
17,13,5,"[379,380,384,294,353]","[1157000,1125000,1152000,862000,1063000]",384,5359000
17,14,5,"[393,369,387,293,340]","[1210000,1101000,1156000,860000,1013000]",393,5340000
17,15,5,"[391,375,383,293,342]","[1208000,1106000,1151000,860000,1021000]",391,5346000
17,16,5,"[385,384,386,294,339]","[1178000,1148000,1151000,862000,1011000]",386,5350000
17,17,5,"[365,364,340,349,371]","[1108000,1080000,1028000,1043000,1104000]",371,5363000
17,18,5,"[385,384,386,294,339]","[1178000,1148000,1151000,862000,1011000]",386,5350000
17,19,5,"[424,317,330,359,357]","[1306000,914000,988000,1065000,1064000]",424,5337000
17,20,5,"[379,372,382,294,370]","[1157000,1089000,1151000,862000,1106000]",382,5365000
17,21,5,"[393,350,398,307,369]","[1212000,1009000,1187000,900000,1104000]",398,5412000
17,22,5,"[379,395,382,296,341]","[1157000,1176000,1151000,866000,1021000]",395,5371000
17,23,5,"[368,395,396,306,344]","[1110000,1172000,1184000,903000,1030000]",396,5399000
17,24,5,"[365,364,399,307,371]","[1108000,1082000,1197000,903000,1104000]",399,5394000
17,25,5,"[345,428,328,357,367]","[1026000,1270000,963000,1065000,1100000]",428,5424000
17,26,5,"[384,385,387,297,340]","[1173000,1154000,1156000,874000,1013000]",387,5370000
17,27,5,"[367,365,397,314,368]","[1113000,1084000,1185000,916000,1102000]",397,5400000
17,28,5,"[366,427,393,307,360]","[1109000,1223000,1179000,902000,1083000]",427,5496000
17,29,5,"[388,364,383,294,373]","[1177000,1075000,1148000,870000,1124000]",388,5394000
17,30,5,"[361,456,388,293,339]","[1103000,1320000,1166000,860000,1011000]",456,5460000
17,31,5,"[368,382,334,349,357]","[1110000,1125000,1010000,1043000,1068000]",382,5356000
17,32,5,"[377,395,389,294,339]","[1153000,1176000,1174000,862000,1020000]",395,5385000
17,33,5,"[383,364,387,306,371]","[1168000,1079000,1149000,903000,1104000]",387,5403000
17,34,5,"[393,371,388,306,357]","[1208000,1052000,1169000,900000,1068000]",393,5397000
17,35,5,"[368,373,393,294,369]","[1110000,1095000,1206000,866000,1104000]",393,5381000
17,36,5,"[361,460,386,296,342]","[1103000,1324000,1168000,864000,1011000]",460,5470000
17,37,5,"[364,386,394,301,342]","[1107000,1158000,1200000,872000,1026000]",394,5363000
17,38,5,"[397,374,394,307,345]","[1222000,1082000,1188000,900000,1029000]",397,5421000
17,39,5,"[368,393,391,306,345]","[1111000,1160000,1184000,900000,1029000]",393,5384000
17,40,5,"[367,370,347,359,368]","[1108000,1089000,1021000,1065000,1100000]",370,5383000
17,41,5,"[379,363,396,297,370]","[1157000,1057000,1210000,868000,1100000]",396,5392000
17,42,5,"[380,388,383,306,359]","[1159000,1145000,1144000,900000,1068000]",388,5416000
17,43,5,"[347,449,393,312,355]","[1057000,1285000,1175000,921000,1064000]",449,5502000
17,44,5,"[393,378,386,293,339]","[1208000,1111000,1156000,860000,1011000]",393,5346000
17,45,5,"[350,448,334,349,358]","[1060000,1283000,1010000,1043000,1068000]",448,5464000
17,46,5,"[387,387,386,381,339]","[1173000,1134000,1156000,1063000,1011000]",387,5537000
17,47,5,"[363,374,333,360,381]","[1107000,1106000,992000,1065000,1120000]",381,5390000
17,48,5,"[397,379,337,360,367]","[1172000,1118000,1013000,1070000,1100000]",397,5473000
17,49,5,"[438,365,390,251,340]","[1349000,1091000,1172000,731000,1013000]",438,5356000
17,50,5,"[367,378,337,360,355]","[1109000,1118000,1002000,1070000,1064000]",378,5363000
17,51,5,"[383,384,386,332,339]","[1171000,1152000,1156000,944000,1011000]",386,5434000
17,52,5,"[385,388,386,293,339]","[1178000,1163000,1151000,860000,1008000]",388,5360000
17,53,5,"[372,366,342,404,394]","[1112000,1080000,1015000,1152000,1157000]",404,5516000
17,54,5,"[392,367,385,296,350]","[1208000,1093000,1153000,866000,1031000]",392,5351000
17,55,5,"[424,380,330,359,357]","[1229000,1125000,988000,1065000,1068000]",424,5475000
17,56,5,"[368,363,340,349,371]","[1113000,1080000,1024000,1043000,1104000]",371,5364000
17,57,5,"[378,381,421,377,355]","[1153000,1127000,1198000,1052000,1067000]",421,5597000
17,58,5,"[380,431,383,269,353]","[1159000,1254000,1153000,782000,1063000]",431,5411000
17,59,5,"[393,369,387,340,340]","[1208000,1101000,1155000,956000,1011000]",393,5431000
17,60,5,"[391,371,418,293,341]","[1208000,1104000,1223000,860000,1021000]",418,5416000
17,61,5,"[449,348,388,294,339]","[1336000,1047000,1161000,860000,1011000]",449,5415000
17,62,5,"[365,376,340,349,357]","[1108000,1116000,1028000,1043000,1068000]",376,5363000
17,63,5,"[385,384,386,294,339]","[1178000,1148000,1151000,862000,1011000]",386,5350000
17,64,5,"[424,354,330,359,319]","[1306000,1033000,988000,1065000,945000]",424,5337000
17,65,5,"[332,373,382,294,434]","[1009000,1094000,1151000,862000,1288000]",434,5404000
18,1,5,"[364,314,360,372,334]","[1073000,942000,1125000,1110000,1007000]",372,5257000
18,2,5,"[364,312,363,369,343]","[1075000,940000,1125000,1110000,1026000]",369,5276000
18,3,5,"[363,313,362,370,334]","[1077000,940000,1129000,1110000,1007000]",370,5263000
18,4,5,"[365,316,362,370,334]","[1077000,940000,1129000,1110000,1007000]",370,5263000
18,5,5,"[365,314,362,347,368]","[1080000,941000,1129000,1040000,1099000]",368,5289000
18,6,5,"[361,316,362,370,334]","[1073000,944000,1129000,1110000,1007000]",370,5263000
18,7,5,"[308,246,425,414,333]","[906000,733000,1336000,1243000,1005000]",425,5223000
18,8,5,"[363,313,362,370,334]","[1077000,940000,1129000,1110000,1007000]",370,5263000
18,9,5,"[361,360,360,346,334]","[1073000,1056000,1125000,1038000,1007000]",361,5299000
18,10,5,"[363,312,362,395,307]","[1073000,940000,1129000,1187000,924000]",395,5253000
18,11,5,"[362,265,401,373,335]","[1069000,785000,1258000,1110000,1005000]",401,5227000
18,12,5,"[364,355,363,345,334]","[1073000,1048000,1131000,1036000,1007000]",364,5295000
18,13,5,"[361,262,401,374,335]","[1073000,785000,1258000,1110000,1005000]",401,5231000
18,14,5,"[366,349,361,348,339]","[1078000,1035000,1125000,1047000,1016000]",366,5301000
18,15,5,"[363,362,360,347,336]","[1073000,1056000,1125000,1040000,1011000]",363,5305000
18,16,5,"[362,361,361,359,335]","[1073000,1056000,1125000,1057000,1009000]",362,5320000
18,17,5,"[363,362,360,347,336]","[1073000,1056000,1125000,1040000,1011000]",363,5305000
18,18,5,"[351,246,425,370,333]","[1047000,733000,1336000,1110000,1005000]",425,5231000
18,19,5,"[369,312,363,369,343]","[1089000,940000,1125000,1110000,1026000]",369,5290000
18,20,5,"[365,315,361,373,335]","[1073000,942000,1125000,1112000,1009000]",373,5261000
18,21,5,"[366,316,415,348,336]","[1073000,942000,1252000,1047000,1009000]",415,5323000
18,22,5,"[366,316,414,416,291]","[1073000,947000,1251000,1233000,876000]",416,5380000
18,23,5,"[362,318,416,359,335]","[1073000,946000,1266000,1059000,1009000]",416,5353000
18,24,5,"[361,316,412,391,310]","[1073000,944000,1248000,1160000,928000]",412,5353000
18,25,5,"[373,312,418,375,309]","[1097000,940000,1263000,1125000,926000]",418,5351000
18,26,5,"[363,314,417,350,336]","[1077000,940000,1259000,1042000,1009000]",417,5327000
18,27,5,"[352,325,427,353,335]","[1026000,966000,1308000,1052000,1009000]",427,5361000
18,28,5,"[366,316,412,348,336]","[1073000,942000,1248000,1047000,1009000]",412,5319000
18,29,5,"[365,314,416,375,352]","[1080000,941000,1248000,1119000,1032000]",416,5420000
18,30,5,"[363,322,390,374,334]","[1076000,965000,1173000,1110000,1007000]",390,5331000
18,31,5,"[351,291,482,372,333]","[1047000,864000,1404000,1114000,1005000]",482,5434000
18,32,5,"[352,262,451,374,343]","[1026000,795000,1393000,1116000,1031000]",451,5361000
18,33,5,"[366,316,412,414,295]","[1073000,947000,1248000,1236000,876000]",414,5380000
18,34,5,"[361,331,355,461,334]","[1069000,987000,1061000,1372000,1007000]",461,5496000
18,35,5,"[363,294,414,402,309]","[1073000,877000,1275000,1175000,930000]",414,5330000
18,36,5,"[366,282,441,373,337]","[1080000,847000,1320000,1112000,1013000]",441,5372000
18,37,5,"[363,312,413,411,298]","[1073000,940000,1258000,1218000,878000]",413,5367000
18,38,5,"[449,281,415,348,339]","[1295000,830000,1257000,1047000,1013000]",449,5442000
18,39,5,"[389,260,421,370,333]","[1158000,785000,1261000,1110000,1005000]",421,5319000
18,40,5,"[364,356,400,348,337]","[1078000,1062000,1177000,1047000,1016000]",400,5380000
18,41,5,"[364,312,418,375,309]","[1073000,940000,1263000,1125000,926000]",418,5327000
18,42,5,"[454,279,414,348,338]","[1310000,832000,1252000,1047000,1011000]",454,5452000
18,43,5,"[329,345,372,460,333]","[952000,1043000,1101000,1373000,1005000]",460,5474000
18,44,5,"[369,320,413,348,339]","[1087000,956000,1253000,1047000,1016000]",413,5359000
18,45,5,"[361,301,340,461,334]","[1073000,886000,1042000,1367000,1007000]",461,5375000
18,46,5,"[366,314,418,378,309]","[1079000,940000,1263000,1125000,926000]",418,5333000
18,47,5,"[360,326,413,348,339]","[1069000,966000,1253000,1047000,1016000]",413,5351000
18,48,5,"[369,323,413,348,336]","[1087000,956000,1253000,1047000,1009000]",413,5352000
18,49,5,"[366,312,415,348,339]","[1078000,940000,1251000,1042000,1016000]",415,5327000
18,50,5,"[364,421,360,301,334]","[1073000,1249000,1125000,879000,1007000]",421,5333000
18,51,5,"[361,376,363,369,328]","[1073000,1107000,1125000,1110000,957000]",376,5372000
18,52,5,"[367,409,363,371,289]","[1075000,1179000,1129000,1110000,866000]",409,5359000
18,53,5,"[374,312,398,370,334]","[1096000,940000,1204000,1110000,1005000]",398,5355000
18,54,5,"[365,314,297,420,368]","[1080000,941000,915000,1273000,1099000]",420,5308000
18,55,5,"[361,316,384,383,334]","[1073000,944000,1184000,1157000,1007000]",384,5365000
18,56,5,"[308,248,425,414,333]","[906000,737000,1336000,1243000,1005000]",425,5227000
18,57,5,"[363,399,315,370,334]","[1077000,1177000,968000,1110000,1007000]",399,5339000
18,58,5,"[359,409,360,347,338]","[1069000,1166000,1125000,1051000,1025000]",409,5436000
18,59,5,"[362,288,406,403,309]","[1073000,864000,1259000,1194000,924000]",406,5314000
18,60,5,"[359,262,401,376,357]","[1069000,785000,1258000,1130000,1056000]",401,5298000
18,61,5,"[365,315,363,375,335]","[1073000,942000,1125000,1122000,1009000]",375,5271000
18,62,5,"[363,340,401,376,365]","[1075000,977000,1258000,1110000,1039000]",401,5459000
18,63,5,"[366,351,361,367,334]","[1062000,1037000,1125000,1094000,1007000]",367,5325000
18,64,5,"[359,421,362,347,379]","[1069000,1192000,1129000,1040000,1091000]",421,5521000
18,65,5,"[359,436,365,355,293]","[1069000,1259000,1127000,1067000,876000]",436,5398000
18,66,5,"[361,362,360,347,350]","[1073000,1060000,1125000,1040000,1039000]",362,5337000
18,67,5,"[352,272,427,373,307]","[1047000,815000,1341000,1115000,926000]",427,5244000
18,68,5,"[433,291,363,369,343]","[1247000,880000,1125000,1110000,1026000]",433,5388000
18,69,5,"[364,372,318,374,335]","[1073000,1114000,990000,1117000,1009000]",374,5303000
19,1,5,"[384,286,362,379,378]","[1153000,843000,1058000,1127000,1142000]",384,5323000
19,2,5,"[384,286,362,379,378]","[1153000,843000,1058000,1127000,1142000]",384,5323000
19,3,5,"[384,286,362,298,453]","[1153000,843000,1058000,874000,1385000]",453,5313000
19,4,5,"[381,289,363,380,379]","[1153000,847000,1058000,1127000,1142000]",381,5327000
19,5,5,"[363,321,349,376,375]","[1094000,962000,1022000,1127000,1132000]",376,5337000
19,6,5,"[380,327,317,379,378]","[1153000,978000,927000,1127000,1142000]",380,5327000
19,7,5,"[341,321,374,374,373]","[1021000,964000,1102000,1127000,1133000]",374,5347000
19,8,5,"[384,286,362,379,378]","[1153000,843000,1058000,1127000,1142000]",384,5323000
19,9,5,"[329,341,362,379,378]","[991000,1013000,1062000,1127000,1142000]",379,5335000
19,10,5,"[329,325,377,377,376]","[991000,970000,1106000,1127000,1142000]",377,5336000
19,11,5,"[329,341,362,379,378]","[991000,1013000,1062000,1127000,1142000]",379,5335000
19,12,5,"[363,321,349,294,444]","[1094000,962000,1022000,874000,1363000]",444,5315000
19,13,5,"[363,321,349,294,444]","[1094000,962000,1022000,874000,1363000]",444,5315000
19,14,5,"[380,327,317,295,451]","[1153000,978000,927000,874000,1385000]",451,5317000
19,15,5,"[380,327,317,295,451]","[1153000,978000,927000,874000,1385000]",451,5317000
19,16,5,"[380,288,362,379,378]","[1153000,847000,1060000,1127000,1142000]",380,5329000
19,17,5,"[363,321,349,293,449]","[1094000,962000,1022000,874000,1375000]",449,5327000
19,18,5,"[380,327,317,365,388]","[1153000,978000,927000,1095000,1174000]",388,5327000
19,19,5,"[341,321,370,293,449]","[1021000,964000,1097000,874000,1371000]",449,5327000
19,20,5,"[380,327,317,295,453]","[1153000,978000,927000,874000,1385000]",453,5317000
19,21,5,"[419,283,361,354,413]","[1231000,845000,1064000,1043000,1267000]",419,5450000
19,22,5,"[409,345,318,381,380]","[1199000,1024000,927000,1127000,1159000]",409,5436000
19,23,5,"[396,336,349,373,429]","[1161000,999000,1031000,1127000,1248000]",429,5566000
19,24,5,"[468,314,338,368,390]","[1391000,885000,1000000,1100000,1181000]",468,5557000
19,25,5,"[424,286,361,375,409]","[1243000,847000,1064000,1127000,1208000]",424,5489000
19,26,5,"[443,324,390,324,405]","[1304000,954000,1110000,966000,1236000]",443,5570000
19,27,5,"[414,340,322,373,416]","[1229000,1005000,944000,1127000,1204000]",416,5509000
19,28,5,"[409,344,336,375,393]","[1199000,1019000,986000,1127000,1166000]",409,5497000
19,29,5,"[410,284,359,376,375]","[1231000,847000,1060000,1127000,1132000]",410,5397000
19,30,5,"[409,324,377,377,376]","[1199000,926000,1103000,1131000,1142000]",409,5501000
19,31,5,"[426,342,321,293,448]","[1250000,1002000,942000,874000,1376000]",448,5444000
19,32,5,"[409,365,317,382,381]","[1199000,1066000,927000,1132000,1147000]",409,5471000
19,33,5,"[421,352,363,356,404]","[1229000,995000,1064000,1057000,1234000]",421,5579000
19,34,5,"[465,280,329,374,437]","[1370000,821000,979000,1132000,1269000]",465,5571000
19,35,5,"[483,323,396,341,404]","[1401000,958000,1114000,1029000,1185000]",483,5687000
19,36,5,"[420,404,316,295,449]","[1225000,1156000,927000,878000,1373000]",449,5559000
19,37,5,"[408,327,317,293,449]","[1215000,978000,931000,874000,1375000]",449,5373000
19,38,5,"[412,320,370,383,382]","[1205000,931000,1083000,1132000,1156000]",412,5507000
19,39,5,"[388,296,352,374,373]","[1175000,882000,1040000,1127000,1139000]",388,5363000
19,40,5,"[420,416,315,352,411]","[1216000,1185000,927000,1043000,1254000]",420,5625000
19,41,5,"[399,323,352,293,447]","[1206000,940000,1036000,874000,1367000]",447,5423000
19,42,5,"[389,284,362,295,443]","[1186000,843000,1060000,874000,1359000]",443,5322000
19,43,5,"[329,349,362,378,385]","[991000,1030000,1062000,1129000,1148000]",385,5360000
19,44,5,"[355,333,373,373,381]","[1049000,1007000,1102000,1127000,1136000]",381,5421000
19,45,5,"[400,284,363,377,376]","[1220000,845000,1049000,1127000,1145000]",400,5386000
19,46,5,"[462,321,322,295,451]","[1332000,943000,942000,874000,1385000]",462,5476000
19,47,5,"[400,330,353,377,376]","[1178000,967000,1035000,1127000,1142000]",400,5449000
19,48,5,"[434,414,316,375,412]","[1248000,1175000,932000,1127000,1209000]",434,5691000
19,49,5,"[383,305,372,355,424]","[1163000,922000,1066000,1048000,1279000]",424,5478000
19,50,5,"[390,318,347,375,391]","[1169000,933000,1027000,1127000,1168000]",391,5424000
19,51,5,"[382,299,388,382,380]","[1155000,901000,1100000,1152000,1162000]",388,5470000
19,52,5,"[483,323,417,341,359]","[1399000,946000,1195000,1029000,1054000]",483,5623000
19,53,5,"[384,333,333,379,378]","[1173000,969000,984000,1132000,1152000]",384,5410000
19,54,5,"[387,327,317,363,446]","[1162000,978000,927000,1095000,1290000]",446,5452000
19,55,5,"[463,290,345,356,413]","[1370000,838000,1014000,1063000,1254000]",463,5539000
19,56,5,"[337,331,374,374,373]","[1013000,986000,1112000,1127000,1139000]",374,5377000
19,57,5,"[409,282,377,377,376]","[1199000,834000,1102000,1127000,1142000]",409,5404000
19,58,5,"[429,286,349,354,401]","[1273000,863000,1020000,1043000,1231000]",429,5430000
19,59,5,"[441,347,322,352,403]","[1302000,990000,942000,1043000,1228000]",441,5505000
19,60,5,"[444,280,356,293,449]","[1304000,834000,1036000,874000,1371000]",449,5419000
19,61,5,"[418,346,403,326,398]","[1219000,1021000,1150000,966000,1222000]",418,5578000
19,62,5,"[380,327,317,353,461]","[1153000,978000,931000,1043000,1350000]",461,5455000
19,63,5,"[409,360,361,379,378]","[1199000,1023000,1060000,1131000,1142000]",409,5555000
19,64,5,"[471,289,335,352,439]","[1385000,830000,985000,1043000,1304000]",471,5547000
19,65,5,"[465,280,329,352,414]","[1370000,821000,979000,1043000,1256000]",465,5469000
19,66,5,"[473,280,354,375,401]","[1374000,836000,1027000,1127000,1168000]",473,5532000
19,67,5,"[469,293,360,367,386]","[1374000,847000,1031000,1102000,1174000]",469,5528000
19,68,5,"[420,339,396,327,417]","[1229000,996000,1116000,966000,1272000]",420,5579000
19,69,5,"[398,391,317,352,415]","[1146000,1145000,927000,1043000,1261000]",415,5522000
19,70,5,"[399,327,350,375,433]","[1173000,969000,1033000,1132000,1250000]",433,5557000
19,71,5,"[380,310,362,379,378]","[1153000,899000,1062000,1132000,1142000]",380,5388000
19,72,5,"[381,283,361,375,430]","[1153000,845000,1064000,1127000,1250000]",430,5439000
19,73,5,"[409,288,362,377,472]","[1172000,855000,1064000,1127000,1369000]",472,5587000
19,74,5,"[380,296,360,299,468]","[1153000,874000,1062000,885000,1415000]",468,5389000
19,75,5,"[359,288,362,428,382]","[1084000,855000,1058000,1264000,1146000]",428,5407000
19,76,5,"[364,319,346,387,379]","[1106000,958000,1016000,1158000,1144000]",387,5382000
19,77,5,"[410,330,296,378,377]","[1237000,993000,861000,1127000,1144000]",410,5362000
19,78,5,"[416,321,373,373,344]","[1201000,972000,1102000,1127000,1042000]",416,5444000
19,79,5,"[384,357,362,325,378]","[1153000,1045000,1058000,958000,1142000]",384,5356000
19,80,5,"[332,342,361,332,434]","[997000,1015000,1064000,993000,1298000]",434,5367000
19,81,5,"[310,325,445,377,376]","[911000,970000,1292000,1127000,1142000]",445,5442000
19,82,5,"[331,338,361,375,400]","[991000,991000,1064000,1127000,1214000]",400,5387000
19,83,5,"[366,324,349,390,384]","[1099000,969000,1026000,1149000,1164000]",390,5407000
19,84,5,"[363,348,349,294,444]","[1094000,1049000,1022000,842000,1363000]",444,5370000
19,85,5,"[380,328,318,297,504]","[1153000,983000,931000,878000,1491000]",504,5436000
19,86,5,"[383,311,387,297,452]","[1159000,920000,1088000,874000,1387000]",452,5428000
19,87,5,"[380,425,361,377,369]","[1153000,1193000,1060000,1127000,1052000]",425,5585000
19,88,5,"[362,324,349,293,506]","[1096000,977000,1022000,874000,1483000]",506,5452000
19,89,5,"[317,328,320,369,455]","[958000,983000,927000,1102000,1379000]",455,5349000
19,90,5,"[341,472,373,293,374]","[1021000,1367000,1103000,874000,1122000]",472,5487000
19,91,5,"[380,327,370,295,414]","[1153000,978000,1077000,874000,1266000]",414,5348000
20,1,5,"[356,295,351,387,393]","[1054000,876000,1053000,1168000,1190000]",393,5341000
20,2,5,"[354,300,350,386,389]","[1047000,896000,1051000,1168000,1183000]",389,5345000
20,3,5,"[381,283,354,386,386]","[1146000,827000,1059000,1168000,1156000]",386,5356000
20,4,5,"[381,283,354,387,383]","[1146000,827000,1059000,1168000,1152000]",387,5352000
20,5,5,"[381,283,378,374,381]","[1146000,827000,1123000,1126000,1148000]",381,5370000
20,6,5,"[363,275,351,386,400]","[1069000,827000,1053000,1168000,1213000]",400,5330000
20,7,5,"[381,283,378,374,381]","[1146000,827000,1123000,1126000,1148000]",381,5370000
20,8,5,"[371,261,330,408,400]","[1112000,772000,980000,1239000,1212000]",408,5315000
20,9,5,"[372,261,350,386,401]","[1112000,772000,1051000,1168000,1212000]",401,5315000
20,10,5,"[381,283,354,387,383]","[1146000,827000,1059000,1168000,1152000]",387,5352000
20,11,5,"[381,283,378,374,381]","[1146000,827000,1123000,1126000,1148000]",381,5370000
20,12,5,"[373,333,367,374,367]","[1097000,994000,1091000,1111000,1110000]",374,5403000
20,13,5,"[367,333,372,371,370]","[1076000,994000,1100000,1112000,1127000]",372,5409000
20,14,5,"[356,295,351,387,393]","[1054000,876000,1053000,1168000,1190000]",393,5341000
20,15,5,"[380,295,374,375,380]","[1117000,882000,1120000,1126000,1147000]",380,5392000
20,16,5,"[378,301,374,377,380]","[1115000,896000,1117000,1128000,1147000]",380,5403000
20,17,5,"[369,365,372,372,370]","[1080000,1058000,1097000,1109000,1127000]",372,5471000
20,18,5,"[375,261,330,408,410]","[1113000,772000,982000,1239000,1237000]",410,5343000
20,19,5,"[380,295,351,388,382]","[1117000,882000,1053000,1168000,1151000]",388,5371000
20,20,5,"[380,295,351,387,383]","[1117000,882000,1053000,1168000,1152000]",387,5372000
20,21,5,"[378,281,375,355,455]","[1085000,827000,1128000,1045000,1390000]",455,5475000
20,22,5,"[372,262,349,421,454]","[1112000,774000,1046000,1184000,1388000]",454,5504000
20,23,5,"[399,281,373,375,385]","[1181000,827000,1115000,1126000,1157000]",399,5406000
20,24,5,"[381,261,334,409,403]","[1146000,772000,992000,1239000,1200000]",409,5349000
20,25,5,"[380,295,352,387,383]","[1117000,882000,1055000,1168000,1152000]",387,5374000
20,26,5,"[342,295,350,375,458]","[996000,876000,1051000,1103000,1395000]",458,5421000
20,27,5,"[371,275,352,387,401]","[1087000,827000,1058000,1168000,1215000]",401,5355000
20,28,5,"[380,295,342,389,410]","[1117000,882000,999000,1183000,1250000]",410,5431000
20,29,5,"[356,295,372,374,398]","[1054000,876000,1113000,1126000,1211000]",398,5380000
20,30,5,"[406,261,357,386,408]","[1193000,772000,1064000,1168000,1217000]",408,5414000
20,31,5,"[372,261,351,365,460]","[1112000,772000,1053000,1059000,1406000]",460,5402000
20,32,5,"[371,281,350,386,401]","[1094000,827000,1051000,1168000,1215000]",401,5355000
20,33,5,"[370,346,355,388,372]","[1112000,1002000,1064000,1168000,1101000]",388,5447000
20,34,5,"[382,315,396,342,457]","[1133000,901000,1147000,984000,1394000]",457,5559000
20,35,5,"[411,295,373,375,356]","[1215000,876000,1115000,1126000,1069000]",411,5401000
20,36,5,"[364,300,350,386,418]","[1045000,897000,1051000,1168000,1259000]",418,5420000
20,37,5,"[354,297,373,375,406]","[1047000,886000,1113000,1126000,1217000]",406,5389000
20,38,5,"[380,295,330,408,380]","[1117000,882000,982000,1239000,1147000]",408,5367000
20,39,5,"[355,295,352,387,435]","[1018000,876000,1051000,1168000,1313000]",435,5426000
20,40,5,"[390,282,386,366,451]","[1158000,832000,1135000,1035000,1373000]",451,5533000
20,41,5,"[364,300,351,386,412]","[1045000,897000,1053000,1168000,1247000]",412,5410000
20,42,5,"[378,303,392,322,449]","[1102000,898000,1142000,945000,1369000]",449,5456000
20,43,5,"[351,295,378,405,458]","[1008000,882000,1116000,1151000,1394000]",458,5551000
20,44,5,"[380,295,398,338,393]","[1108000,876000,1207000,1015000,1192000]",398,5398000
20,45,5,"[386,295,351,388,382]","[1137000,876000,1053000,1168000,1151000]",388,5385000
20,46,5,"[356,295,351,387,402]","[1054000,876000,1053000,1168000,1221000]",402,5372000
20,47,5,"[380,295,352,388,382]","[1117000,882000,1055000,1168000,1151000]",388,5373000
20,48,5,"[375,261,352,386,413]","[1113000,772000,1055000,1168000,1242000]",413,5350000
20,49,5,"[402,281,378,374,367]","[1201000,827000,1124000,1126000,1100000]",402,5378000
20,50,5,"[401,329,392,340,416]","[1174000,959000,1150000,1016000,1252000]",416,5551000
20,51,5,"[399,261,332,409,403]","[1178000,772000,990000,1239000,1206000]",409,5385000
20,52,5,"[362,297,374,377,399]","[1065000,876000,1115000,1126000,1203000]",399,5385000
20,53,5,"[380,295,350,388,401]","[1097000,882000,1051000,1173000,1207000]",401,5410000
20,54,5,"[350,295,331,408,401]","[1033000,876000,982000,1239000,1217000]",408,5347000
20,55,5,"[380,297,351,389,383]","[1117000,886000,1053000,1168000,1151000]",389,5375000
20,56,5,"[375,309,423,372,402]","[1101000,919000,1263000,1053000,1210000]",423,5546000
20,57,5,"[377,295,394,360,451]","[1089000,882000,1139000,1049000,1369000]",451,5528000
20,58,5,"[367,295,417,321,460]","[1064000,882000,1206000,940000,1402000]",460,5494000
20,59,5,"[352,295,380,389,458]","[1013000,882000,1135000,1098000,1394000]",458,5522000
20,60,5,"[353,328,395,357,456]","[1012000,955000,1185000,1009000,1390000]",456,5551000
20,61,5,"[370,261,350,386,412]","[1112000,772000,1051000,1168000,1237000]",412,5340000
20,62,5,"[380,295,377,377,382]","[1117000,882000,1132000,1126000,1151000]",382,5408000
20,63,5,"[350,295,361,392,458]","[1036000,876000,1075000,1104000,1395000]",458,5486000
20,64,5,"[350,295,373,376,433]","[1036000,876000,1115000,1126000,1276000]",433,5429000
20,65,5,"[396,329,392,347,428]","[1155000,956000,1150000,1026000,1279000]",428,5566000
20,66,5,"[351,317,331,409,433]","[1008000,922000,980000,1239000,1299000]",433,5448000
20,67,5,"[368,295,351,387,434]","[1064000,882000,1053000,1168000,1277000]",434,5444000
20,68,5,"[375,261,351,386,413]","[1113000,772000,1053000,1168000,1242000]",413,5348000
20,69,5,"[380,295,374,375,385]","[1117000,882000,1115000,1126000,1157000]",385,5397000
20,70,5,"[364,297,351,389,412]","[1055000,886000,1053000,1168000,1247000]",412,5409000
20,71,5,"[406,295,385,361,453]","[1202000,864000,1133000,1015000,1365000]",453,5579000
20,72,5,"[386,272,387,352,457]","[1137000,797000,1164000,998000,1394000]",457,5490000
20,73,5,"[376,261,350,386,401]","[1121000,772000,1051000,1168000,1215000]",401,5327000
20,74,5,"[399,261,350,386,401]","[1181000,772000,1051000,1168000,1208000]",401,5380000
20,75,5,"[361,276,330,408,426]","[1052000,827000,980000,1239000,1273000]",426,5371000
20,76,5,"[394,281,374,375,380]","[1168000,827000,1120000,1126000,1147000]",394,5388000
20,77,5,"[380,295,374,377,380]","[1117000,882000,1117000,1126000,1147000]",380,5389000
20,78,5,"[350,297,376,347,459]","[1036000,876000,1120000,1005000,1397000]",459,5434000
20,79,5,"[402,308,389,359,450]","[1173000,915000,1140000,1009000,1351000]",450,5588000
20,80,5,"[398,261,331,408,404]","[1178000,772000,985000,1239000,1207000]",408,5381000
20,81,5,"[348,295,350,379,451]","[1011000,882000,1051000,1110000,1369000]",451,5423000
20,82,5,"[371,354,372,372,371]","[1084000,1036000,1097000,1109000,1129000]",372,5455000
20,83,5,"[399,281,372,374,405]","[1154000,827000,1113000,1126000,1224000]",405,5444000
20,84,5,"[410,295,351,379,393]","[1207000,876000,1053000,1107000,1190000]",410,5433000
20,85,5,"[354,357,355,362,392]","[1047000,1036000,1076000,1090000,1189000]",392,5438000
20,86,5,"[393,280,351,388,382]","[1183000,827000,1034000,1168000,1151000]",393,5363000
20,87,5,"[383,331,354,386,424]","[1146000,942000,1059000,1168000,1220000]",424,5535000
20,88,5,"[381,240,378,464,382]","[1146000,703000,1121000,1347000,1153000]",464,5470000
20,89,5,"[360,288,351,402,402]","[1065000,858000,1053000,1197000,1213000]",402,5386000
20,90,5,"[369,305,377,379,381]","[1104000,893000,1123000,1132000,1148000]",381,5400000
20,91,5,"[415,263,332,408,373]","[1227000,772000,984000,1239000,1131000]",415,5353000
20,92,5,"[372,261,350,388,409]","[1097000,772000,1051000,1168000,1243000]",409,5331000
20,93,5,"[381,283,354,388,390]","[1146000,827000,1059000,1175000,1160000]",390,5367000
20,94,5,"[378,281,378,357,429]","[1140000,827000,1125000,1060000,1268000]",429,5420000
20,95,5,"[376,334,403,373,366]","[1109000,996000,1175000,1111000,1110000]",403,5501000
20,96,5,"[350,333,388,372,376]","[1019000,994000,1152000,1108000,1147000]",388,5420000
20,97,5,"[356,295,331,448,395]","[1054000,876000,975000,1323000,1190000]",448,5418000
20,98,5,"[389,295,377,428,381]","[1149000,882000,1123000,1234000,1150000]",428,5538000
20,99,5,"[378,301,446,368,383]","[1115000,896000,1282000,1090000,1161000]",446,5544000
20,100,5,"[417,364,334,368,370]","[1233000,1056000,966000,1105000,1127000]",417,5487000
20,101,5,"[375,300,332,408,410]","[1113000,855000,992000,1239000,1237000]",410,5436000
20,102,5,"[380,313,351,387,387]","[1117000,918000,1053000,1168000,1160000]",387,5416000
20,103,5,"[380,309,351,389,384]","[1117000,910000,1053000,1172000,1154000]",389,5406000
21,1,5,"[405,289,384,323,364]","[1243000,861000,1152000,976000,1076000]",405,5308000
21,2,5,"[436,321,319,304,372]","[1355000,960000,930000,929000,1104000]",436,5278000
21,3,5,"[364,334,365,361,361]","[1103000,980000,1081000,1112000,1074000]",365,5350000
21,4,5,"[365,320,367,361,361]","[1103000,956000,1085000,1112000,1074000]",367,5330000
21,5,5,"[290,377,382,358,361]","[871000,1130000,1148000,1097000,1074000]",382,5320000
21,6,5,"[430,321,340,304,372]","[1328000,960000,983000,929000,1104000]",430,5304000
21,7,5,"[378,322,384,328,360]","[1156000,956000,1150000,979000,1074000]",384,5315000
21,8,5,"[379,320,384,323,362]","[1156000,956000,1152000,976000,1076000]",384,5316000
21,9,5,"[378,320,376,341,361]","[1156000,956000,1112000,1036000,1074000]",378,5334000
21,10,5,"[436,321,319,304,372]","[1355000,960000,930000,929000,1106000]",436,5280000
21,11,5,"[365,320,367,361,366]","[1103000,956000,1085000,1112000,1078000]",367,5334000
21,12,5,"[379,320,377,328,373]","[1156000,956000,1112000,1001000,1107000]",379,5332000
21,13,5,"[290,377,382,358,364]","[871000,1130000,1148000,1097000,1078000]",382,5324000
21,14,5,"[430,321,340,304,373]","[1328000,960000,983000,929000,1106000]",430,5306000
21,15,5,"[409,289,384,324,364]","[1247000,861000,1152000,976000,1078000]",409,5314000
21,16,5,"[364,328,365,361,363]","[1103000,984000,1081000,1112000,1074000]",365,5354000
21,17,5,"[378,320,384,323,367]","[1156000,956000,1152000,976000,1078000]",384,5318000
21,18,5,"[342,320,384,361,361]","[1024000,956000,1152000,1112000,1074000]",384,5318000
21,19,5,"[348,320,384,355,361]","[1045000,956000,1152000,1091000,1074000]",384,5318000
21,20,5,"[348,320,384,355,361]","[1045000,956000,1152000,1091000,1074000]",384,5318000
21,21,5,"[417,382,369,307,392]","[1220000,1097000,1089000,935000,1165000]",417,5506000
21,22,5,"[450,322,416,305,378]","[1323000,935000,1228000,926000,1119000]",450,5531000
21,23,5,"[459,335,365,323,375]","[1401000,974000,1090000,976000,1063000]",459,5504000
21,24,5,"[378,344,374,343,361]","[1156000,1004000,1108000,1040000,1074000]",378,5382000
21,25,5,"[378,331,366,347,372]","[1156000,980000,1083000,1048000,1107000]",378,5374000
21,26,5,"[367,369,382,355,361]","[1073000,1068000,1148000,1091000,1074000]",382,5454000
21,27,5,"[486,321,317,323,362]","[1458000,960000,932000,976000,1076000]",486,5402000
21,28,5,"[332,437,389,331,360]","[999000,1258000,1169000,979000,1074000]",437,5479000
21,29,5,"[455,321,327,323,364]","[1398000,960000,948000,976000,1076000]",455,5358000
21,30,5,"[425,342,381,306,411]","[1258000,990000,1126000,939000,1197000]",425,5510000
21,31,5,"[420,322,372,309,373]","[1251000,962000,1116000,934000,1108000]",420,5371000
21,32,5,"[431,321,338,282,416]","[1333000,960000,983000,840000,1249000]",431,5365000
21,33,5,"[472,322,367,344,362]","[1376000,935000,1090000,1036000,1078000]",472,5515000
21,34,5,"[366,344,391,341,361]","[1107000,1004000,1175000,1030000,1074000]",391,5390000
21,35,5,"[419,390,375,307,369]","[1230000,1119000,1112000,934000,1104000]",419,5499000
21,36,5,"[426,344,351,361,377]","[1258000,990000,1020000,1112000,1104000]",426,5484000
21,37,5,"[387,321,368,355,362]","[1147000,960000,1091000,1091000,1074000]",387,5363000
21,38,5,"[428,344,351,361,378]","[1262000,990000,1020000,1112000,1110000]",428,5494000
21,39,5,"[380,333,395,343,366]","[1109000,996000,1190000,1040000,1078000]",395,5413000
21,40,5,"[412,335,430,326,365]","[1241000,974000,1242000,981000,1081000]",430,5519000
21,41,5,"[380,333,384,351,364]","[1109000,996000,1153000,1071000,1080000]",384,5409000
21,42,5,"[370,320,376,363,366]","[1124000,956000,1112000,1092000,1084000]",376,5368000
21,43,5,"[440,322,373,304,397]","[1313000,935000,1101000,929000,1170000]",440,5448000
21,44,5,"[377,328,367,359,366]","[1156000,984000,1081000,1081000,1079000]",377,5381000
21,45,5,"[379,414,392,324,365]","[1109000,1206000,1173000,976000,1082000]",414,5546000
21,46,5,"[456,322,378,323,367]","[1362000,935000,1109000,973000,1085000]",456,5464000
21,47,5,"[425,424,319,304,388]","[1258000,1232000,930000,929000,1147000]",425,5496000
21,48,5,"[434,322,353,355,373]","[1279000,935000,1033000,1091000,1106000]",434,5444000
21,49,5,"[336,437,389,330,361]","[998000,1258000,1169000,981000,1074000]",437,5480000
21,50,5,"[456,322,400,304,372]","[1362000,935000,1158000,929000,1106000]",456,5490000
21,51,5,"[430,321,337,307,377]","[1328000,960000,985000,934000,1119000]",430,5326000
21,52,5,"[434,335,365,323,373]","[1299000,974000,1090000,976000,1098000]",434,5437000
21,53,5,"[413,365,361,327,368]","[1267000,1042000,1080000,981000,1085000]",413,5455000
21,54,5,"[404,440,369,352,362]","[1192000,1273000,1095000,1019000,1076000]",440,5655000
21,55,5,"[418,322,348,365,363]","[1230000,962000,1017000,1116000,1074000]",418,5399000
21,56,5,"[434,322,367,356,350]","[1279000,935000,1085000,1091000,1040000]",434,5430000
21,57,5,"[430,321,346,344,363]","[1328000,960000,988000,1029000,1079000]",430,5384000
21,58,5,"[476,322,362,330,361]","[1402000,935000,1085000,981000,1074000]",476,5477000
21,59,5,"[440,322,354,364,391]","[1294000,935000,1025000,1127000,1137000]",440,5518000
21,60,5,"[454,326,347,374,365]","[1330000,943000,1022000,1123000,1079000]",454,5497000
21,61,5,"[437,322,362,302,363]","[1355000,962000,1079000,876000,1074000]",437,5346000
21,62,5,"[450,322,357,341,402]","[1323000,935000,1050000,1036000,1183000]",450,5527000
21,63,5,"[324,446,368,361,367]","[967000,1270000,1085000,1112000,1084000]",446,5518000
21,64,5,"[405,289,357,369,364]","[1243000,861000,1062000,1104000,1076000]",405,5346000
21,65,5,"[436,321,369,306,376]","[1355000,960000,1080000,929000,1082000]",436,5406000
21,66,5,"[364,334,365,447,303]","[1103000,980000,1081000,1352000,888000]",447,5404000
21,67,5,"[433,289,367,361,361]","[1269000,864000,1085000,1112000,1074000]",433,5404000
21,68,5,"[345,377,382,358,361]","[986000,1130000,1148000,1097000,1074000]",382,5435000
21,69,5,"[430,319,338,336,372]","[1328000,956000,981000,1005000,1106000]",430,5376000
21,70,5,"[377,320,389,328,360]","[1156000,956000,1165000,984000,1074000]",389,5335000
21,71,5,"[380,320,386,334,374]","[1156000,956000,1152000,981000,1117000]",386,5362000
21,72,5,"[424,306,374,341,361]","[1286000,892000,1108000,1036000,1074000]",424,5396000
21,73,5,"[437,324,365,312,373]","[1357000,966000,1073000,901000,1108000]",437,5405000
21,74,5,"[365,320,367,436,361]","[1103000,956000,1085000,1301000,1030000]",436,5475000
21,75,5,"[384,374,384,331,390]","[1186000,1100000,1135000,1007000,1113000]",390,5541000
21,76,5,"[312,377,382,358,376]","[921000,1130000,1148000,1097000,1096000]",382,5392000
21,77,5,"[430,322,309,356,373]","[1328000,962000,906000,1058000,1108000]",430,5362000
21,78,5,"[491,289,321,324,363]","[1498000,861000,942000,976000,1076000]",491,5353000
21,79,5,"[364,328,366,372,412]","[1103000,984000,1083000,1120000,1187000]",412,5477000
21,80,5,"[449,320,385,323,367]","[1300000,956000,1154000,976000,1083000]",449,5469000
21,81,5,"[351,320,385,361,361]","[1044000,956000,1152000,1112000,1074000]",385,5338000
21,82,5,"[347,320,384,324,424]","[1043000,956000,1152000,990000,1253000]",424,5394000
21,83,5,"[348,320,449,324,364]","[1047000,956000,1328000,990000,1094000]",449,5415000
22,1,5,"[407,361,341,383,278]","[1236000,1091000,979000,1150000,841000]",407,5297000
22,2,5,"[403,362,340,383,278]","[1236000,1093000,977000,1150000,841000]",403,5297000
22,3,5,"[370,370,357,347,364]","[1106000,1112000,1030000,1036000,1100000]",370,5384000
22,4,5,"[363,350,345,356,371]","[1119000,1054000,995000,1059000,1129000]",371,5356000
22,5,5,"[397,376,340,384,278]","[1212000,1133000,977000,1150000,841000]",397,5313000
22,6,5,"[367,365,361,366,366]","[1101000,1085000,1049000,1089000,1103000]",367,5427000
22,7,5,"[402,401,298,381,278]","[1236000,1222000,853000,1146000,841000]",402,5298000
22,8,5,"[353,359,341,383,333]","[1078000,1091000,987000,1146000,1011000]",383,5313000
22,9,5,"[358,359,341,378,333]","[1103000,1091000,987000,1121000,1011000]",378,5313000
22,10,5,"[358,359,341,379,333]","[1103000,1091000,985000,1123000,1011000]",379,5313000
22,11,5,"[362,361,343,376,333]","[1111000,1091000,993000,1115000,1011000]",376,5321000
22,12,5,"[353,359,341,384,333]","[1078000,1091000,985000,1148000,1011000]",384,5313000
22,13,5,"[362,361,343,374,333]","[1111000,1091000,996000,1115000,1011000]",374,5324000
22,14,5,"[353,359,341,384,333]","[1078000,1091000,985000,1148000,1011000]",384,5313000
22,15,5,"[358,359,341,378,333]","[1103000,1091000,987000,1121000,1011000]",378,5313000
22,16,5,"[401,376,340,384,278]","[1212000,1133000,975000,1150000,841000]",401,5311000
22,17,5,"[401,375,341,383,278]","[1212000,1131000,979000,1150000,841000]",401,5313000
22,18,5,"[367,361,344,378,333]","[1117000,1091000,987000,1115000,1011000]",378,5321000
22,19,5,"[362,359,339,378,333]","[1111000,1091000,987000,1121000,1011000]",378,5321000
22,20,5,"[357,359,339,384,335]","[1082000,1091000,985000,1148000,1011000]",384,5317000
22,21,5,"[490,403,348,361,282]","[1460000,1182000,977000,1080000,845000]",490,5544000
22,22,5,"[444,395,339,385,285]","[1317000,1178000,989000,1154000,861000]",444,5499000
22,23,5,"[396,376,339,396,392]","[1212000,1131000,982000,1092000,1149000]",396,5566000
22,24,5,"[436,405,385,368,339]","[1277000,1180000,1064000,1092000,1028000]",436,5641000
22,25,5,"[476,401,394,375,344]","[1375000,1176000,1065000,1097000,1051000]",476,5764000
22,26,5,"[422,376,341,384,278]","[1258000,1133000,975000,1148000,841000]",422,5355000
22,27,5,"[451,420,360,341,341]","[1333000,1197000,1060000,1009000,1028000]",451,5627000
22,28,5,"[515,358,292,417,291]","[1534000,1094000,848000,1192000,866000]",515,5534000
22,29,5,"[412,400,360,422,280]","[1235000,1178000,1020000,1258000,845000]",422,5536000
22,30,5,"[413,372,364,415,278]","[1275000,1074000,1027000,1245000,841000]",415,5462000
22,31,5,"[507,396,328,423,289]","[1500000,1131000,938000,1242000,875000]",507,5686000
22,32,5,"[507,355,301,413,290]","[1518000,1085000,875000,1187000,861000]",507,5526000
22,33,5,"[468,415,333,384,278]","[1398000,1204000,941000,1152000,841000]",468,5536000
22,34,5,"[461,437,370,356,286]","[1350000,1285000,1041000,1069000,853000]",461,5598000
22,35,5,"[428,359,339,388,289]","[1312000,1091000,984000,1148000,881000]",428,5416000
22,36,5,"[445,366,356,352,339]","[1339000,1085000,1033000,1013000,1022000]",445,5492000
22,37,5,"[450,339,342,391,343]","[1341000,1003000,1003000,1145000,1027000]",450,5519000
22,38,5,"[451,393,353,458,341]","[1343000,1143000,976000,1275000,1027000]",458,5764000
22,39,5,"[441,400,362,418,285]","[1311000,1174000,1018000,1226000,852000]",441,5581000
22,40,5,"[447,399,345,489,284]","[1338000,1174000,967000,1385000,850000]",489,5714000
22,41,5,"[497,410,347,363,283]","[1462000,1210000,980000,1065000,860000]",497,5577000
22,42,5,"[406,389,360,345,337]","[1217000,1189000,1023000,1016000,1016000]",406,5461000
22,43,5,"[449,402,345,427,288]","[1336000,1199000,999000,1215000,846000]",449,5595000
22,44,5,"[431,383,347,411,290]","[1255000,1158000,998000,1205000,863000]",431,5479000
22,45,5,"[452,370,354,349,344]","[1309000,1112000,1030000,1036000,1030000]",452,5517000
22,46,5,"[457,420,358,361,353]","[1328000,1197000,1029000,1054000,1046000]",457,5654000
22,47,5,"[401,375,361,385,278]","[1212000,1131000,1027000,1154000,841000]",401,5365000
22,48,5,"[498,410,310,383,290]","[1467000,1191000,896000,1150000,874000]",498,5578000
22,49,5,"[443,400,344,410,336]","[1315000,1176000,967000,1183000,1011000]",443,5652000
22,50,5,"[444,401,389,391,285]","[1320000,1178000,1116000,1145000,861000]",444,5620000
22,51,5,"[473,372,363,342,338]","[1359000,1112000,1050000,1009000,1019000]",473,5549000
22,52,5,"[492,356,298,355,386]","[1473000,1087000,862000,1010000,1136000]",492,5568000
22,53,5,"[526,409,306,428,288]","[1521000,1193000,854000,1270000,876000]",526,5714000
22,54,5,"[448,400,370,381,282]","[1343000,1176000,1063000,1118000,841000]",448,5541000
22,55,5,"[445,397,349,354,334]","[1304000,1172000,987000,1059000,1013000]",445,5535000
22,56,5,"[444,401,363,386,282]","[1320000,1178000,1044000,1154000,847000]",444,5543000
22,57,5,"[491,444,305,368,278]","[1458000,1294000,859000,1091000,841000]",491,5543000
22,58,5,"[353,359,341,403,334]","[1078000,1091000,985000,1185000,1011000]",403,5350000
22,59,5,"[497,394,355,400,339]","[1466000,1145000,991000,1139000,1014000]",497,5755000
22,60,5,"[403,375,335,435,328]","[1216000,1131000,978000,1227000,962000]",435,5514000
22,61,5,"[455,359,339,421,284]","[1318000,1091000,984000,1247000,848000]",455,5488000
22,62,5,"[509,398,313,431,293]","[1500000,1134000,887000,1271000,876000]",509,5668000
22,63,5,"[492,395,358,405,281]","[1462000,1136000,1014000,1182000,846000]",492,5640000
22,64,5,"[494,442,300,363,295]","[1466000,1310000,830000,1089000,874000]",494,5569000
22,65,5,"[401,368,341,406,278]","[1212000,1108000,979000,1202000,841000]",406,5342000
22,66,5,"[523,404,340,376,338]","[1481000,1182000,957000,1103000,1033000]",523,5756000
22,67,5,"[447,399,398,359,335]","[1338000,1147000,1102000,1068000,1015000]",447,5670000
22,68,5,"[401,375,350,316,398]","[1212000,1131000,1002000,930000,1161000]",401,5436000
22,69,5,"[447,399,348,479,280]","[1338000,1174000,971000,1366000,845000]",479,5694000
22,70,5,"[411,400,363,431,283]","[1203000,1194000,1044000,1272000,846000]",431,5559000
22,71,5,"[409,389,356,367,369]","[1188000,1133000,1045000,1087000,1099000]",409,5552000
22,72,5,"[444,388,341,383,279]","[1317000,1161000,989000,1150000,841000]",444,5458000
22,73,5,"[446,403,359,417,286]","[1330000,1179000,1018000,1223000,852000]",446,5602000
22,74,5,"[445,402,369,354,336]","[1315000,1176000,1029000,1059000,1017000]",445,5596000
22,75,5,"[411,399,349,488,280]","[1236000,1174000,987000,1390000,845000]",488,5632000
22,76,5,"[499,410,340,406,286]","[1469000,1195000,957000,1199000,866000]",499,5686000
22,77,5,"[420,394,359,413,289]","[1284000,1155000,1016000,1214000,867000]",420,5536000
22,78,5,"[443,400,346,364,361]","[1315000,1176000,967000,1083000,1071000]",443,5612000
22,79,5,"[423,376,340,316,342]","[1288000,1135000,984000,935000,1025000]",423,5367000
22,80,5,"[420,374,348,414,283]","[1282000,1133000,979000,1214000,846000]",420,5454000
22,81,5,"[401,375,379,372,284]","[1212000,1131000,1090000,1113000,851000]",401,5397000
22,82,5,"[423,377,339,388,289]","[1290000,1139000,984000,1148000,881000]",423,5442000
22,83,5,"[414,361,342,383,278]","[1244000,1091000,981000,1150000,841000]",414,5307000
22,84,5,"[403,353,381,383,278]","[1236000,1045000,1095000,1150000,841000]",403,5367000
22,85,5,"[360,370,354,344,401]","[1059000,1112000,1030000,1030000,1213000]",401,5444000
22,86,5,"[364,353,350,399,371]","[1121000,1060000,1005000,1173000,1105000]",399,5464000
22,87,5,"[398,452,339,382,281]","[1212000,1287000,987000,1148000,843000]",452,5477000
22,88,5,"[367,296,361,366,460]","[1101000,859000,1043000,1089000,1376000]",460,5468000
22,89,5,"[405,398,386,361,278]","[1236000,1217000,1089000,1046000,841000]",405,5429000
22,90,5,"[353,361,342,385,339]","[1078000,1098000,1005000,1146000,1020000]",385,5347000
22,91,5,"[366,360,339,379,417]","[1065000,1093000,987000,1127000,1233000]",417,5505000
22,92,5,"[362,361,339,380,357]","[1107000,1091000,985000,1123000,1061000]",380,5367000
22,93,5,"[358,364,422,375,336]","[1103000,1076000,1183000,1115000,1026000]",422,5503000
22,94,5,"[356,377,344,476,333]","[1083000,1097000,987000,1366000,1011000]",476,5544000
22,95,5,"[364,360,385,379,335]","[1115000,1091000,1091000,1120000,1016000]",385,5433000
22,96,5,"[353,359,341,392,333]","[1078000,1091000,985000,1164000,1011000]",392,5329000
22,97,5,"[355,395,338,378,333]","[1064000,1192000,985000,1121000,1011000]",395,5373000
22,98,5,"[399,378,338,387,285]","[1212000,1140000,988000,1154000,864000]",399,5358000
22,99,5,"[401,383,386,385,278]","[1212000,1126000,1090000,1154000,841000]",401,5423000
22,100,5,"[407,360,338,379,336]","[1197000,1091000,985000,1121000,1017000]",407,5411000
22,101,5,"[362,362,345,417,366]","[1111000,1096000,1000000,1221000,1055000]",417,5483000
22,102,5,"[357,359,378,383,307]","[1082000,1091000,1099000,1148000,927000]",383,5347000
23,1,5,"[327,387,369,366,299]","[996000,1196000,1097000,1100000,880000]",387,5269000
23,2,5,"[358,362,360,363,349]","[1074000,1090000,1064000,1104000,1034000]",363,5366000
23,3,5,"[327,385,372,366,309]","[996000,1196000,1099000,1102000,890000]",385,5283000
23,4,5,"[349,354,364,364,352]","[1058000,1077000,1068000,1100000,1039000]",364,5342000
23,5,5,"[327,378,372,365,319]","[996000,1164000,1099000,1100000,926000]",378,5285000
23,6,5,"[349,354,364,364,352]","[1058000,1077000,1068000,1100000,1039000]",364,5342000
23,7,5,"[327,385,372,365,309]","[996000,1196000,1099000,1102000,890000]",385,5283000
23,8,5,"[359,362,360,363,349]","[1078000,1090000,1064000,1104000,1030000]",363,5366000
23,9,5,"[359,362,360,363,349]","[1078000,1090000,1064000,1104000,1030000]",363,5366000
23,10,5,"[359,362,360,363,349]","[1078000,1090000,1064000,1104000,1030000]",363,5366000
23,11,5,"[330,360,363,365,345]","[1001000,1107000,1070000,1100000,1024000]",365,5302000
23,12,5,"[327,347,372,366,345]","[996000,1060000,1102000,1102000,1026000]",372,5286000
23,13,5,"[327,386,370,365,300]","[996000,1196000,1097000,1100000,882000]",386,5271000
23,14,5,"[327,347,370,366,351]","[996000,1060000,1101000,1102000,1038000]",370,5297000
23,15,5,"[358,362,360,363,349]","[1074000,1090000,1064000,1104000,1034000]",363,5366000
23,16,5,"[327,386,370,366,300]","[996000,1196000,1097000,1102000,882000]",386,5273000
23,17,5,"[329,366,369,365,331]","[1006000,1117000,1097000,1100000,983000]",369,5303000
23,18,5,"[356,354,360,364,354]","[1075000,1077000,1064000,1100000,1039000]",364,5355000
23,19,5,"[362,362,362,363,349]","[1076000,1090000,1064000,1104000,1034000]",363,5368000
23,20,5,"[330,360,365,365,350]","[1001000,1107000,1070000,1100000,1032000]",365,5310000
23,21,5,"[421,385,399,362,331]","[1248000,1130000,1163000,1068000,975000]",421,5584000
23,22,5,"[327,387,371,407,304]","[996000,1196000,1105000,1184000,892000]",407,5373000
23,23,5,"[422,366,383,346,310]","[1252000,1093000,1138000,1046000,890000]",422,5419000
23,24,5,"[426,358,379,422,329]","[1260000,1063000,1094000,1241000,930000]",426,5588000
23,25,5,"[339,378,372,365,319]","[1020000,1164000,1099000,1100000,926000]",378,5309000
23,26,5,"[388,388,399,397,304]","[1139000,1196000,1162000,1165000,890000]",399,5552000
23,27,5,"[328,437,370,365,301]","[1001000,1300000,1102000,1100000,882000]",437,5385000
23,28,5,"[422,357,429,357,326]","[1260000,1074000,1224000,1043000,964000]",429,5565000
23,29,5,"[327,390,447,364,318]","[996000,1133000,1328000,1100000,926000]",447,5483000
23,30,5,"[328,386,401,373,299]","[1001000,1196000,1161000,1121000,880000]",401,5359000
23,31,5,"[327,409,371,364,306]","[996000,1240000,1099000,1100000,890000]",409,5325000
23,32,5,"[343,430,409,362,323]","[1031000,1279000,1177000,1067000,962000]",430,5516000
23,33,5,"[342,385,378,337,353]","[1035000,1196000,1112000,976000,1051000]",385,5370000
23,34,5,"[277,457,396,365,351]","[842000,1337000,1164000,1100000,1047000]",457,5490000
23,35,5,"[363,354,363,365,344]","[1082000,1077000,1066000,1100000,1024000]",365,5349000
23,36,5,"[312,445,416,361,329]","[921000,1343000,1219000,1063000,981000]",445,5527000
23,37,5,"[327,413,398,361,329]","[996000,1227000,1175000,1064000,969000]",413,5431000
23,38,5,"[328,411,387,367,298]","[996000,1237000,1142000,1100000,876000]",411,5351000
23,39,5,"[275,467,363,365,351]","[832000,1379000,1068000,1100000,1048000]",467,5427000
23,40,5,"[336,411,405,363,335]","[1017000,1236000,1177000,1074000,997000]",411,5501000
23,41,5,"[330,393,394,368,345]","[1011000,1215000,1150000,1077000,1003000]",394,5456000
23,42,5,"[342,387,374,359,327]","[1041000,1196000,1103000,1063000,959000]",387,5362000
23,43,5,"[340,378,460,362,330]","[1031000,1128000,1348000,1072000,959000]",460,5538000
23,44,5,"[415,385,373,331,364]","[1204000,1196000,1099000,971000,1039000]",415,5509000
23,45,5,"[327,429,381,365,327]","[996000,1272000,1137000,1059000,966000]",429,5430000
23,46,5,"[410,355,407,394,303]","[1228000,1070000,1178000,1194000,868000]",410,5538000
23,47,5,"[345,379,372,373,337]","[1028000,1179000,1103000,1115000,969000]",379,5394000
23,48,5,"[423,358,419,331,328]","[1259000,1076000,1237000,970000,964000]",423,5506000
23,49,5,"[330,425,408,368,303]","[1011000,1279000,1176000,1100000,887000]",425,5453000
23,50,5,"[297,414,372,366,351]","[869000,1263000,1106000,1106000,1047000]",414,5391000
23,51,5,"[423,380,374,348,303]","[1257000,1134000,1108000,1046000,882000]",423,5427000
23,52,5,"[329,386,370,365,319]","[1006000,1196000,1097000,1100000,916000]",386,5315000
23,53,5,"[419,354,392,383,303]","[1249000,1059000,1145000,1142000,885000]",419,5480000
23,54,5,"[329,431,402,370,336]","[996000,1272000,1170000,1078000,989000]",431,5505000
23,55,5,"[307,429,391,360,331]","[914000,1319000,1146000,1066000,976000]",429,5421000
23,56,5,"[413,355,406,368,303]","[1240000,1061000,1174000,1100000,890000]",413,5465000
23,57,5,"[333,458,393,360,347]","[996000,1321000,1139000,1068000,1017000]",458,5541000
23,58,5,"[420,356,407,388,326]","[1248000,1069000,1176000,1121000,971000]",420,5585000
23,59,5,"[410,385,376,337,361]","[1193000,1196000,1108000,976000,1034000]",410,5507000
23,60,5,"[343,379,369,366,350]","[1026000,1164000,1099000,1100000,982000]",379,5371000
23,61,5,"[410,354,448,372,324]","[1207000,1059000,1262000,1105000,954000]",448,5587000
23,62,5,"[329,385,372,364,330]","[996000,1196000,1105000,1100000,946000]",385,5343000
23,63,5,"[317,386,372,387,352]","[952000,1161000,1103000,1161000,1038000]",387,5415000
23,64,5,"[329,375,452,369,300]","[996000,1108000,1329000,1115000,882000]",452,5430000
23,65,5,"[327,387,413,368,297]","[996000,1196000,1181000,1106000,876000]",413,5355000
23,66,5,"[423,372,384,351,304]","[1254000,1113000,1140000,1052000,887000]",423,5446000
23,67,5,"[363,362,363,363,354]","[1088000,1090000,1064000,1104000,1044000]",363,5390000
23,68,5,"[327,359,404,365,381]","[996000,1069000,1185000,1073000,1139000]",404,5462000
23,69,5,"[420,355,407,362,326]","[1248000,1070000,1178000,1067000,957000]",420,5520000
23,70,5,"[413,356,399,368,326]","[1213000,1075000,1164000,1100000,964000]",413,5516000
23,71,5,"[275,431,371,365,344]","[799000,1327000,1105000,1100000,1024000]",431,5355000
23,72,5,"[343,385,415,375,301]","[1003000,1196000,1214000,1122000,880000]",415,5415000
23,73,5,"[356,344,372,367,353]","[1075000,1042000,1110000,1100000,1051000]",372,5378000
23,74,5,"[342,385,370,365,317]","[1024000,1196000,1104000,1100000,914000]",385,5338000
23,75,5,"[404,358,430,365,327]","[1195000,1070000,1224000,1100000,967000]",430,5556000
23,76,5,"[327,356,404,366,298]","[996000,1097000,1213000,1102000,878000]",404,5286000
23,77,5,"[358,363,360,415,302]","[1076000,1090000,1064000,1262000,889000]",415,5381000
23,78,5,"[385,395,371,364,354]","[1111000,1211000,1099000,1100000,993000]",395,5514000
23,79,5,"[350,357,363,367,407]","[1060000,1050000,1070000,1106000,1179000]",407,5465000
23,80,5,"[385,382,376,369,361]","[1118000,1169000,1107000,1115000,1008000]",385,5517000
23,81,5,"[349,354,426,364,353]","[1058000,1077000,1196000,1100000,1038000]",426,5469000
23,82,5,"[335,385,372,365,309]","[1012000,1196000,1099000,1102000,890000]",385,5299000
23,83,5,"[359,362,380,361,349]","[1078000,1090000,1110000,1094000,1030000]",380,5402000
23,84,5,"[357,408,335,366,348]","[1074000,1210000,980000,1110000,1034000]",408,5408000
23,85,5,"[359,364,360,364,362]","[1078000,1094000,1059000,1106000,1067000]",364,5404000
23,86,5,"[330,360,364,367,345]","[1001000,1104000,1088000,1100000,1024000]",367,5317000
23,87,5,"[418,345,372,365,279]","[1265000,1056000,1102000,1100000,813000]",418,5336000
23,88,5,"[398,355,370,365,301]","[1177000,1097000,1099000,1100000,887000]",398,5360000
23,89,5,"[327,319,370,366,418]","[996000,930000,1103000,1102000,1253000]",418,5384000
23,90,5,"[358,363,360,404,323]","[1076000,1092000,1064000,1209000,951000]",404,5392000
23,91,5,"[327,435,373,366,285]","[996000,1334000,1101000,1102000,808000]",435,5341000
23,92,5,"[327,437,369,366,311]","[996000,1283000,1097000,1102000,922000]",437,5400000
23,93,5,"[355,376,358,368,358]","[1070000,1115000,1064000,1108000,1045000]",376,5402000
23,94,5,"[359,384,362,378,350]","[1074000,1133000,1062000,1131000,1035000]",384,5435000
23,95,5,"[329,390,336,367,351]","[996000,1191000,986000,1105000,1038000]",390,5316000
24,1,5,"[371,369,373,325,373]","[1120000,1089000,1142000,932000,1109000]",373,5392000
24,2,5,"[359,380,369,310,379]","[1067000,1133000,1137000,896000,1140000]",380,5373000
24,3,5,"[362,374,378,310,379]","[1067000,1112000,1162000,896000,1140000]",379,5377000
24,4,5,"[371,374,377,310,371]","[1103000,1112000,1162000,896000,1112000]",377,5385000
24,5,5,"[367,372,369,342,372]","[1109000,1087000,1137000,977000,1111000]",372,5421000
24,6,5,"[372,370,370,324,374]","[1120000,1094000,1123000,945000,1109000]",374,5391000
24,7,5,"[349,357,385,312,383]","[1031000,1074000,1181000,896000,1160000]",385,5342000
24,8,5,"[361,320,401,310,383]","[1080000,946000,1246000,896000,1160000]",401,5328000
24,9,5,"[349,362,383,312,383]","[1031000,1087000,1171000,896000,1160000]",383,5345000
24,10,5,"[347,348,387,310,383]","[1031000,1042000,1200000,896000,1160000]",387,5329000
24,11,5,"[361,320,401,310,383]","[1080000,946000,1246000,896000,1160000]",401,5328000
24,12,5,"[353,317,404,320,383]","[1055000,941000,1246000,925000,1160000]",404,5327000
24,13,5,"[386,320,387,310,384]","[1144000,941000,1200000,896000,1160000]",387,5341000
24,14,5,"[345,336,369,353,383]","[1017000,1003000,1137000,1030000,1160000]",383,5347000
24,15,5,"[386,320,387,310,384]","[1144000,941000,1200000,896000,1160000]",387,5341000
24,16,5,"[361,321,401,310,383]","[1080000,949000,1246000,896000,1160000]",401,5331000
24,17,5,"[355,317,404,320,383]","[1058000,941000,1246000,925000,1160000]",404,5330000
24,18,5,"[379,362,369,324,375]","[1141000,1053000,1137000,945000,1119000]",379,5395000
24,19,5,"[347,348,389,310,385]","[1031000,1042000,1202000,896000,1160000]",389,5331000
24,20,5,"[369,380,373,356,321]","[1108000,1133000,1142000,1024000,967000]",380,5374000
24,21,5,"[347,348,394,310,383]","[1031000,1042000,1212000,896000,1160000]",394,5341000
24,22,5,"[337,351,395,324,384]","[1004000,1054000,1206000,932000,1160000]",395,5356000
24,23,5,"[368,374,369,342,410]","[1078000,1091000,1137000,977000,1226000]",410,5509000
24,24,5,"[370,389,422,344,321]","[1100000,1169000,1254000,978000,967000]",422,5468000
24,25,5,"[352,371,393,320,394]","[1053000,1097000,1218000,925000,1149000]",394,5442000
24,26,5,"[337,348,388,324,389]","[1004000,1042000,1202000,932000,1170000]",389,5350000
24,27,5,"[361,355,371,324,402]","[1080000,1032000,1137000,945000,1210000]",402,5404000
24,28,5,"[370,378,441,344,321]","[1110000,1127000,1311000,977000,967000]",441,5492000
24,29,5,"[367,370,425,400,317]","[1109000,1083000,1276000,1123000,944000]",425,5535000
24,30,5,"[371,374,429,349,321]","[1105000,1112000,1287000,998000,967000]",429,5469000
24,31,5,"[338,362,383,328,391]","[1003000,1087000,1171000,944000,1176000]",391,5381000
24,32,5,"[371,378,439,345,325]","[1108000,1115000,1310000,977000,971000]",439,5481000
24,33,5,"[377,320,389,320,384]","[1117000,941000,1200000,925000,1160000]",389,5343000
24,34,5,"[348,348,388,310,383]","[1033000,1042000,1200000,896000,1160000]",388,5331000
24,35,5,"[342,404,385,324,374]","[991000,1217000,1181000,945000,1114000]",404,5448000
24,36,5,"[378,361,362,402,374]","[1141000,1053000,1056000,1170000,1116000]",402,5536000
24,37,5,"[366,364,369,324,388]","[1093000,1059000,1137000,945000,1170000]",388,5404000
24,38,5,"[347,348,449,381,323]","[1031000,1042000,1347000,1086000,971000]",449,5477000
24,39,5,"[349,350,383,334,383]","[1031000,1046000,1171000,961000,1160000]",383,5369000
24,40,5,"[379,323,396,391,375]","[1141000,966000,1179000,1113000,1129000]",396,5528000
24,41,5,"[364,367,386,334,383]","[1087000,1082000,1140000,969000,1160000]",386,5438000
24,42,5,"[348,360,436,381,323]","[1033000,1087000,1301000,1086000,971000]",436,5478000
24,43,5,"[361,316,403,324,383]","[1080000,923000,1246000,945000,1160000]",403,5354000
24,44,5,"[379,356,369,355,375]","[1141000,1031000,1137000,1019000,1119000]",379,5447000
24,45,5,"[361,389,367,310,383]","[1080000,1132000,1127000,896000,1160000]",389,5395000
24,46,5,"[361,376,377,310,383]","[1080000,1095000,1162000,896000,1160000]",383,5393000
24,47,5,"[360,319,418,406,383]","[1080000,918000,1235000,1164000,1160000]",418,5557000
24,48,5,"[403,367,371,324,360]","[1212000,1089000,1123000,945000,1051000]",403,5420000
24,49,5,"[375,348,385,318,383]","[1120000,1018000,1181000,910000,1160000]",385,5389000
24,50,5,"[388,377,367,325,372]","[1163000,1097000,1127000,932000,1109000]",388,5428000
24,51,5,"[367,372,392,332,388]","[1109000,1087000,1176000,961000,1146000]",392,5479000
24,52,5,"[368,386,373,361,321]","[1099000,1151000,1147000,1039000,967000]",386,5403000
24,53,5,"[388,323,387,391,376]","[1168000,966000,1152000,1113000,1129000]",391,5528000
24,54,5,"[364,379,369,310,385]","[1085000,1110000,1137000,896000,1160000]",385,5388000
24,55,5,"[376,367,369,319,384]","[1120000,1068000,1137000,910000,1160000]",384,5395000
24,56,5,"[367,373,349,335,413]","[1109000,1089000,1055000,966000,1235000]",413,5454000
24,57,5,"[352,345,394,320,383]","[1053000,1005000,1218000,925000,1160000]",394,5361000
24,58,5,"[405,324,372,324,384]","[1212000,949000,1133000,945000,1160000]",405,5399000
24,59,5,"[405,367,370,324,358]","[1212000,1089000,1123000,945000,1051000]",405,5420000
24,60,5,"[390,355,371,324,375]","[1168000,1032000,1137000,945000,1119000]",390,5401000
24,61,5,"[385,383,350,310,384]","[1142000,1138000,1060000,896000,1160000]",385,5396000
24,62,5,"[376,348,391,310,373]","[1105000,1042000,1202000,896000,1112000]",391,5357000
24,63,5,"[369,378,430,364,321]","[1110000,1123000,1287000,1017000,967000]",430,5504000
24,64,5,"[347,390,391,330,386]","[1017000,1142000,1181000,963000,1162000]",391,5465000
24,65,5,"[347,337,392,421,385]","[1031000,1002000,1161000,1182000,1167000]",421,5543000
24,66,5,"[384,321,454,326,323]","[1159000,946000,1371000,943000,967000]",454,5386000
24,67,5,"[374,367,370,361,396]","[1124000,1089000,1123000,1024000,1144000]",396,5504000
24,68,5,"[338,380,369,324,402]","[1004000,1118000,1137000,945000,1210000]",402,5414000
24,69,5,"[348,354,440,381,323]","[1033000,1069000,1315000,1086000,971000]",440,5474000
24,70,5,"[349,354,385,312,384]","[1031000,1069000,1181000,896000,1165000]",385,5342000
24,71,5,"[369,390,423,362,321]","[1110000,1155000,1257000,1013000,967000]",423,5502000
24,72,5,"[413,319,439,327,324]","[1243000,941000,1325000,939000,973000]",439,5421000
24,73,5,"[370,364,441,346,336]","[1110000,1072000,1323000,981000,1012000]",441,5498000
24,74,5,"[376,371,377,310,380]","[1116000,1085000,1162000,896000,1140000]",380,5399000
24,75,5,"[389,363,377,332,372]","[1160000,1053000,1148000,961000,1114000]",389,5436000
24,76,5,"[343,358,412,326,392]","[1017000,1014000,1281000,949000,1180000]",412,5441000
24,77,5,"[349,362,383,316,383]","[1031000,1087000,1171000,904000,1160000]",383,5353000
24,78,5,"[361,381,383,312,379]","[1067000,1133000,1163000,896000,1140000]",383,5399000
24,79,5,"[377,319,458,344,340]","[1127000,943000,1373000,980000,1022000]",458,5445000
24,80,5,"[366,371,366,385,397]","[1093000,1097000,1106000,1099000,1150000]",397,5545000
24,81,5,"[379,362,380,324,375]","[1141000,1053000,1159000,945000,1119000]",380,5417000
24,82,5,"[380,372,370,331,374]","[1141000,1083000,1142000,943000,1114000]",380,5423000
24,83,5,"[383,307,371,392,406]","[1142000,894000,1135000,1118000,1215000]",406,5504000
24,84,5,"[361,348,388,310,384]","[1080000,1042000,1183000,896000,1160000]",388,5361000
24,85,5,"[374,373,379,320,394]","[1115000,1103000,1172000,925000,1144000]",394,5459000
24,86,5,"[361,345,394,312,383]","[1080000,1005000,1218000,896000,1160000]",394,5359000
24,87,5,"[338,348,389,324,385]","[1004000,1042000,1202000,927000,1160000]",389,5335000
24,88,5,"[379,362,378,324,375]","[1141000,1053000,1155000,945000,1119000]",379,5413000
24,89,5,"[363,347,394,312,383]","[1084000,1013000,1218000,896000,1160000]",394,5371000
24,90,5,"[405,374,367,310,374]","[1210000,1112000,1103000,896000,1112000]",405,5433000
24,91,5,"[371,369,370,348,373]","[1120000,1089000,1109000,1008000,1116000]",373,5442000
24,92,5,"[332,443,373,310,379]","[995000,1289000,1152000,896000,1140000]",443,5472000
24,93,5,"[362,374,378,310,379]","[1067000,1112000,1162000,896000,1140000]",379,5377000
24,94,5,"[373,375,378,309,435]","[1107000,1117000,1167000,894000,1243000]",435,5528000
24,95,5,"[445,370,369,318,372]","[1286000,1083000,1137000,907000,1111000]",445,5524000
24,96,5,"[345,460,370,329,374]","[1036000,1301000,1128000,963000,1109000]",460,5537000
24,97,5,"[349,418,363,312,383]","[1031000,1251000,1086000,896000,1160000]",418,5424000
24,98,5,"[402,319,406,310,386]","[1165000,943000,1261000,896000,1162000]",406,5427000
24,99,5,"[350,304,384,313,519]","[1036000,894000,1171000,904000,1513000]",519,5518000
24,100,5,"[380,350,409,312,383]","[1117000,1042000,1235000,896000,1160000]",409,5450000
24,101,5,"[364,317,405,309,408]","[1086000,941000,1245000,894000,1217000]",408,5383000
24,102,5,"[374,318,390,320,385]","[1115000,941000,1200000,925000,1160000]",390,5341000
24,103,5,"[386,320,384,357,384]","[1144000,941000,1152000,1032000,1160000]",386,5429000
24,104,5,"[346,337,373,355,383]","[1021000,1003000,1152000,1032000,1160000]",383,5368000
24,105,5,"[384,319,387,364,392]","[1144000,941000,1200000,1049000,1127000]",392,5461000
24,106,5,"[379,377,404,310,383]","[1098000,1075000,1252000,896000,1160000]",404,5481000
24,107,5,"[355,375,401,281,383]","[1058000,1092000,1246000,811000,1160000]",401,5367000
24,108,5,"[349,362,426,324,376]","[1054000,1053000,1278000,945000,1121000]",426,5451000
24,109,5,"[420,348,389,310,328]","[1249000,1042000,1202000,896000,978000]",420,5367000
24,110,5,"[369,457,296,360,321]","[1108000,1386000,879000,1031000,967000]",457,5371000
25,1,5,"[357,352,347,358,354]","[1092000,1068000,1034000,1067000,1050000]",358,5311000
25,2,5,"[345,368,341,353,355]","[1047000,1121000,1013000,1057000,1065000]",368,5303000
25,3,5,"[359,360,342,357,348]","[1102000,1089000,1020000,1067000,1029000]",360,5307000
25,4,5,"[357,360,288,366,372]","[1092000,1089000,858000,1095000,1125000]",372,5259000
25,5,5,"[357,357,346,356,352]","[1092000,1096000,1034000,1062000,1046000]",357,5330000
25,6,5,"[359,360,284,366,372]","[1102000,1094000,844000,1095000,1127000]",372,5262000
25,7,5,"[359,360,353,366,327]","[1102000,1089000,1042000,1095000,981000]",366,5309000
25,8,5,"[345,356,340,353,370]","[1047000,1085000,1013000,1057000,1105000]",370,5307000
25,9,5,"[347,356,348,353,360]","[1039000,1091000,1038000,1057000,1086000]",360,5311000
25,10,5,"[344,358,348,353,362]","[1042000,1091000,1034000,1057000,1086000]",362,5310000
25,11,5,"[357,352,348,358,356]","[1092000,1068000,1036000,1057000,1069000]",358,5322000
25,12,5,"[344,358,347,353,362]","[1042000,1091000,1034000,1057000,1086000]",362,5310000
25,13,5,"[371,360,288,372,370]","[1123000,1089000,858000,1119000,1108000]",372,5297000
25,14,5,"[357,360,288,366,376]","[1092000,1089000,858000,1095000,1138000]",376,5272000
25,15,5,"[382,376,288,307,391]","[1169000,1143000,858000,908000,1193000]",391,5271000
25,16,5,"[359,342,288,366,392]","[1092000,1033000,858000,1095000,1193000]",392,5271000
25,17,5,"[357,358,288,370,374]","[1092000,1089000,858000,1099000,1138000]",374,5276000
25,18,5,"[345,353,348,353,371]","[1047000,1068000,1034000,1057000,1105000]",371,5311000
25,19,5,"[345,353,346,353,369]","[1047000,1068000,1034000,1057000,1105000]",369,5311000
25,20,5,"[345,368,348,353,355]","[1047000,1110000,1034000,1057000,1065000]",368,5313000
25,21,5,"[436,394,356,307,373]","[1298000,1153000,1021000,908000,1133000]",436,5513000
25,22,5,"[358,360,288,358,413]","[1092000,1089000,858000,1055000,1237000]",413,5331000
25,23,5,"[347,368,340,355,422]","[1051000,1121000,1013000,1044000,1216000]",422,5445000
25,24,5,"[357,357,340,356,358]","[1092000,1085000,1013000,1067000,1058000]",358,5315000
25,25,5,"[364,363,345,353,369]","[1102000,1089000,1035000,1057000,1075000]",369,5358000
25,26,5,"[451,398,308,335,363]","[1331000,1184000,925000,984000,1084000]",451,5508000
25,27,5,"[359,352,342,357,352]","[1102000,1068000,1020000,1067000,1046000]",359,5303000
25,28,5,"[436,391,284,364,373]","[1298000,1147000,838000,1083000,1118000]",436,5484000
25,29,5,"[438,393,301,362,371]","[1308000,1147000,896000,1102000,1078000]",438,5531000
25,30,5,"[420,392,306,353,360]","[1239000,1160000,915000,1057000,1086000]",420,5457000
25,31,5,"[351,390,349,358,371]","[1059000,1183000,1049000,1046000,1092000]",390,5429000
25,32,5,"[344,376,354,353,369]","[1042000,1133000,1048000,1057000,1096000]",376,5376000
25,33,5,"[361,352,354,353,356]","[1102000,1068000,1042000,1057000,1069000]",361,5338000
25,34,5,"[344,379,340,353,354]","[1042000,1152000,1013000,1057000,1060000]",379,5324000
25,35,5,"[436,396,281,360,370]","[1298000,1161000,823000,1076000,1110000]",436,5468000
25,36,5,"[455,396,284,308,426]","[1322000,1151000,835000,908000,1298000]",455,5514000
25,37,5,"[427,399,304,353,362]","[1259000,1179000,906000,1057000,1081000]",427,5482000
25,38,5,"[359,360,284,366,412]","[1102000,1089000,844000,1071000,1234000]",412,5340000
25,39,5,"[438,379,302,351,397]","[1308000,1103000,896000,1052000,1169000]",438,5528000
25,40,5,"[437,388,281,351,378]","[1298000,1145000,823000,1042000,1139000]",437,5447000
25,41,5,"[420,392,306,353,368]","[1239000,1160000,915000,1057000,1102000]",420,5473000
25,42,5,"[344,361,342,363,378]","[1043000,1091000,1020000,1068000,1120000]",378,5342000
25,43,5,"[424,387,281,356,408]","[1253000,1143000,823000,1067000,1204000]",424,5490000
25,44,5,"[361,357,345,353,352]","[1102000,1096000,1035000,1057000,1046000]",361,5336000
25,45,5,"[438,394,301,362,364]","[1308000,1156000,896000,1093000,1061000]",438,5514000
25,46,5,"[412,392,306,353,395]","[1202000,1145000,915000,1057000,1185000]",412,5504000
25,47,5,"[407,379,288,354,361]","[1252000,1158000,858000,1062000,1053000]",407,5383000
25,48,5,"[436,391,308,361,371]","[1298000,1143000,915000,1078000,1084000]",436,5518000
25,49,5,"[427,372,282,363,402]","[1268000,1086000,828000,1078000,1227000]",427,5487000
25,50,5,"[436,392,281,361,376]","[1298000,1140000,823000,1086000,1129000]",436,5476000
25,51,5,"[345,354,351,353,368]","[1039000,1078000,1043000,1057000,1103000]",368,5320000
25,52,5,"[436,387,305,361,368]","[1298000,1143000,910000,1078000,1080000]",436,5509000
25,53,5,"[438,394,305,357,377]","[1298000,1118000,910000,1057000,1135000]",438,5518000
25,54,5,"[438,388,281,351,390]","[1300000,1145000,823000,1044000,1167000]",438,5479000
25,55,5,"[406,394,301,310,459]","[1176000,1162000,889000,923000,1378000]",459,5528000
25,56,5,"[364,359,353,353,351]","[1108000,1089000,1042000,1060000,1043000]",364,5342000
25,57,5,"[436,392,281,321,412]","[1298000,1153000,823000,942000,1253000]",436,5469000
25,58,5,"[436,391,305,360,349]","[1298000,1146000,910000,1081000,1040000]",436,5475000
25,59,5,"[436,391,306,355,352]","[1298000,1154000,910000,1057000,1043000]",436,5462000
25,60,5,"[436,391,306,358,348]","[1298000,1147000,915000,1063000,1041000]",436,5464000
25,61,5,"[359,352,356,303,427]","[1102000,1068000,1057000,883000,1262000]",427,5372000
25,62,5,"[412,389,306,353,393]","[1202000,1137000,915000,1057000,1185000]",412,5496000
25,63,5,"[452,403,289,355,390]","[1329000,1183000,839000,1060000,1140000]",452,5551000
25,64,5,"[436,392,281,355,381]","[1298000,1145000,823000,1041000,1153000]",436,5460000
25,65,5,"[361,376,353,302,416]","[1102000,1125000,1042000,881000,1252000]",416,5402000
25,66,5,"[436,380,305,355,389]","[1298000,1103000,910000,1057000,1138000]",436,5506000
25,67,5,"[436,392,306,356,370]","[1298000,1133000,910000,1059000,1109000]",436,5509000
25,68,5,"[450,391,283,383,354]","[1329000,1151000,833000,1144000,1059000]",450,5516000
25,69,5,"[344,358,353,353,359]","[1048000,1091000,1042000,1060000,1077000]",359,5318000
25,70,5,"[440,391,305,354,378]","[1298000,1147000,910000,1045000,1119000]",440,5519000
25,71,5,"[383,388,308,313,461]","[1169000,1140000,925000,920000,1342000]",461,5496000
25,72,5,"[436,391,308,358,348]","[1298000,1147000,925000,1063000,1041000]",436,5474000
25,73,5,"[437,388,281,351,386]","[1298000,1145000,823000,1044000,1155000]",437,5465000
25,74,5,"[424,379,291,353,415]","[1253000,1090000,858000,1057000,1255000]",424,5513000
25,75,5,"[427,391,304,360,369]","[1268000,1147000,911000,1078000,1099000]",427,5503000
25,76,5,"[348,369,370,356,337]","[1053000,1121000,1112000,1067000,995000]",370,5348000
25,77,5,"[360,371,345,358,343]","[1098000,1126000,1021000,1057000,1022000]",371,5324000
25,78,5,"[425,376,284,339,437]","[1253000,1097000,838000,996000,1317000]",437,5501000
25,79,5,"[357,357,347,358,354]","[1092000,1096000,1034000,1062000,1056000]",358,5340000
25,80,5,"[438,391,310,357,363]","[1298000,1147000,929000,1057000,1065000]",438,5496000
25,81,5,"[400,376,288,310,415]","[1211000,1143000,858000,920000,1235000]",415,5367000
25,82,5,"[441,394,277,379,375]","[1310000,1157000,809000,1109000,1133000]",441,5518000
25,83,5,"[424,403,308,353,355]","[1253000,1185000,925000,1057000,1054000]",424,5474000
25,84,5,"[425,386,284,361,396]","[1258000,1131000,838000,1077000,1209000]",425,5513000
25,85,5,"[420,376,284,348,427]","[1232000,1097000,838000,1036000,1291000]",427,5494000
25,86,5,"[383,372,320,356,392]","[1169000,1077000,958000,1067000,1159000]",392,5430000
25,87,5,"[436,379,281,349,418]","[1298000,1085000,823000,1036000,1263000]",436,5505000
25,88,5,"[441,414,290,353,373]","[1303000,1197000,837000,1047000,1133000]",441,5517000
25,89,5,"[436,391,337,340,346]","[1298000,1149000,998000,1009000,1025000]",436,5479000
25,90,5,"[421,387,282,351,397]","[1244000,1143000,828000,1043000,1208000]",421,5466000
25,91,5,"[450,391,312,358,375]","[1329000,1147000,919000,1086000,1079000]",450,5560000
25,92,5,"[424,390,311,343,374]","[1253000,1147000,940000,1022000,1119000]",424,5481000
25,93,5,"[428,310,352,357,356]","[1285000,933000,1054000,1069000,1054000]",428,5395000
25,94,5,"[349,372,343,353,359]","[1055000,1125000,1013000,1057000,1070000]",372,5320000
25,95,5,"[359,363,425,360,345]","[1102000,1095000,1242000,1022000,1023000]",425,5484000
25,96,5,"[360,358,294,398,371]","[1097000,1089000,845000,1180000,1129000]",398,5340000
25,97,5,"[357,357,346,361,350]","[1092000,1096000,1034000,1078000,1031000]",361,5331000
25,98,5,"[359,436,284,378,376]","[1102000,1250000,844000,1123000,1141000]",436,5460000
25,99,5,"[361,360,451,366,272]","[1106000,1089000,1325000,1095000,799000]",451,5414000
25,100,5,"[345,359,340,388,338]","[1047000,1087000,1013000,1152000,1017000]",388,5316000
25,101,5,"[347,356,348,361,362]","[1044000,1091000,1038000,1078000,1084000]",362,5335000
25,102,5,"[343,357,347,394,370]","[1037000,1091000,1034000,1138000,1096000]",394,5396000
25,103,5,"[298,353,416,353,356]","[893000,1068000,1251000,1057000,1069000]",416,5338000
25,104,5,"[343,358,347,394,331]","[1037000,1091000,1034000,1177000,997000]",394,5336000
25,105,5,"[371,364,288,417,371]","[1123000,1110000,858000,1212000,1110000]",417,5413000
25,106,5,"[358,405,288,367,377]","[1097000,1185000,858000,1100000,1137000]",405,5377000
25,107,5,"[383,376,251,308,444]","[1171000,1143000,741000,908000,1337000]",444,5300000
25,108,5,"[359,342,288,368,394]","[1092000,1033000,858000,1099000,1198000]",394,5280000
25,109,5,"[357,358,325,372,392]","[1092000,1089000,950000,1105000,1165000]",392,5401000
25,110,5,"[346,354,349,354,391]","[1047000,1068000,1034000,1057000,1161000]",391,5367000
25,111,5,"[346,355,346,354,408]","[1052000,1074000,1034000,1062000,1188000]",408,5410000
25,112,5,"[270,504,348,353,356]","[798000,1483000,1034000,1057000,1075000]",504,5447000
26,1,5,"[335,325,410,268,405]","[1015000,955000,1258000,785000,1249000]",410,5262000
26,2,5,"[335,298,411,293,406]","[1014000,878000,1258000,862000,1249000]",411,5261000
26,3,5,"[354,324,356,358,358]","[1066000,955000,1084000,1070000,1104000]",358,5279000
26,4,5,"[354,324,356,358,358]","[1066000,955000,1084000,1070000,1104000]",358,5279000
26,5,5,"[361,324,357,351,350]","[1095000,955000,1084000,1050000,1081000]",361,5265000
26,6,5,"[361,324,357,351,350]","[1095000,955000,1084000,1050000,1081000]",361,5265000
26,7,5,"[361,324,415,284,350]","[1095000,955000,1283000,835000,1079000]",415,5247000
26,8,5,"[361,324,414,290,348]","[1093000,955000,1281000,853000,1070000]",414,5252000
26,9,5,"[412,328,414,222,361]","[1262000,959000,1281000,642000,1109000]",414,5253000
26,10,5,"[357,324,356,358,358]","[1068000,955000,1084000,1070000,1104000]",358,5281000
26,11,5,"[357,324,356,358,358]","[1068000,955000,1084000,1070000,1104000]",358,5281000
26,12,5,"[361,324,357,354,350]","[1095000,955000,1084000,1056000,1079000]",361,5269000
26,13,5,"[361,324,357,354,350]","[1095000,955000,1084000,1056000,1079000]",361,5269000
26,14,5,"[360,323,416,285,350]","[1093000,955000,1285000,840000,1079000]",416,5252000
26,15,5,"[361,323,416,290,345]","[1095000,955000,1285000,853000,1065000]",416,5253000
26,16,5,"[361,324,416,284,351]","[1095000,955000,1285000,835000,1083000]",416,5253000
26,17,5,"[361,324,415,290,348]","[1093000,955000,1283000,853000,1070000]",415,5254000
26,18,5,"[361,323,416,290,345]","[1095000,955000,1285000,853000,1065000]",416,5253000
26,19,5,"[361,324,415,290,348]","[1093000,955000,1283000,853000,1070000]",415,5254000
26,20,5,"[353,324,357,333,380]","[1064000,955000,1084000,993000,1175000]",380,5271000
26,21,5,"[374,339,504,302,365]","[1135000,950000,1527000,829000,1113000]",504,5554000
26,22,5,"[361,324,414,290,350]","[1095000,955000,1281000,853000,1074000]",414,5258000
26,23,5,"[361,324,410,352,352]","[1097000,933000,1214000,1050000,1081000]",410,5375000
26,24,5,"[360,398,409,313,381]","[1050000,1142000,1213000,931000,1175000]",409,5511000
26,25,5,"[360,347,416,290,351]","[1093000,1000000,1285000,853000,1070000]",416,5301000
26,26,5,"[361,324,415,284,350]","[1095000,955000,1283000,835000,1079000]",415,5247000
26,27,5,"[368,398,433,291,361]","[1123000,1140000,1322000,810000,1109000]",433,5504000
26,28,5,"[361,324,416,284,351]","[1095000,957000,1285000,835000,1083000]",416,5255000
26,29,5,"[362,324,432,284,350]","[1099000,955000,1317000,835000,1079000]",432,5285000
26,30,5,"[361,324,450,284,351]","[1095000,955000,1362000,835000,1083000]",450,5330000
26,31,5,"[388,302,481,302,406]","[1171000,860000,1418000,874000,1199000]",481,5522000
26,32,5,"[397,404,433,277,381]","[1175000,1154000,1266000,794000,1170000]",433,5559000
26,33,5,"[404,388,442,317,365]","[1193000,1114000,1325000,922000,1060000]",442,5614000
26,34,5,"[362,324,438,295,351]","[1097000,955000,1321000,863000,1083000]",438,5319000
26,35,5,"[358,325,439,303,358]","[1074000,955000,1321000,885000,1104000]",439,5339000
26,36,5,"[367,377,417,290,347]","[1076000,1096000,1290000,853000,1069000]",417,5384000
26,37,5,"[349,329,361,351,372]","[1058000,965000,1090000,1050000,1143000]",372,5306000
26,38,5,"[361,324,422,284,350]","[1095000,955000,1293000,835000,1079000]",422,5257000
26,39,5,"[361,324,405,290,375]","[1090000,955000,1236000,853000,1154000]",405,5288000
26,40,5,"[385,328,444,277,387]","[1163000,974000,1325000,797000,1173000]",444,5432000
26,41,5,"[388,382,442,277,352]","[1181000,1093000,1314000,797000,1079000]",442,5464000
26,42,5,"[368,352,532,299,367]","[1117000,985000,1582000,811000,1121000]",532,5616000
26,43,5,"[385,362,418,293,347]","[1139000,1040000,1285000,858000,1075000]",418,5397000
26,44,5,"[357,319,472,354,349]","[1048000,905000,1400000,1056000,1079000]",472,5488000
26,45,5,"[408,350,415,290,348]","[1216000,982000,1283000,853000,1070000]",415,5404000
26,46,5,"[426,281,522,277,409]","[1267000,811000,1548000,794000,1211000]",522,5631000
26,47,5,"[354,292,470,398,395]","[1054000,836000,1394000,1129000,1182000]",470,5595000
26,48,5,"[362,324,407,407,353]","[1099000,955000,1203000,1141000,1083000]",407,5481000
26,49,5,"[361,324,414,290,348]","[1093000,955000,1281000,853000,1070000]",414,5252000
26,50,5,"[368,352,485,319,367]","[1117000,982000,1445000,896000,1121000]",485,5561000
26,51,5,"[361,323,442,331,346]","[1095000,955000,1323000,941000,1070000]",442,5384000
26,52,5,"[361,324,407,311,350]","[1093000,955000,1246000,916000,1070000]",407,5280000
26,53,5,"[362,325,416,319,351]","[1095000,955000,1246000,944000,1083000]",416,5323000
26,54,5,"[380,328,438,277,403]","[1149000,964000,1325000,797000,1192000]",438,5427000
26,55,5,"[363,324,421,359,351]","[1095000,955000,1250000,1024000,1083000]",421,5407000
26,56,5,"[361,324,406,402,350]","[1095000,957000,1203000,1137000,1080000]",406,5472000
26,57,5,"[353,325,433,335,358]","[1064000,957000,1255000,1003000,1104000]",433,5383000
26,58,5,"[355,324,418,327,358]","[1068000,955000,1250000,968000,1104000]",418,5345000
26,59,5,"[377,364,417,285,350]","[1117000,1049000,1287000,840000,1079000]",417,5372000
26,60,5,"[376,385,444,292,375]","[1142000,1103000,1325000,857000,1107000]",444,5534000
26,61,5,"[352,331,405,379,381]","[1064000,972000,1203000,1064000,1179000]",405,5482000
26,62,5,"[373,344,409,272,404]","[1110000,966000,1258000,799000,1249000]",409,5382000
26,63,5,"[409,296,472,290,345]","[1218000,846000,1419000,853000,1065000]",472,5401000
26,64,5,"[434,299,417,294,365]","[1285000,878000,1296000,842000,1105000]",434,5406000
26,65,5,"[385,327,439,277,393]","[1162000,959000,1319000,797000,1182000]",439,5419000
26,66,5,"[361,324,422,290,348]","[1093000,955000,1293000,853000,1065000]",422,5259000
26,67,5,"[366,398,419,288,437]","[1082000,1135000,1255000,822000,1294000]",437,5588000
26,68,5,"[363,326,437,320,350]","[1100000,955000,1288000,946000,1079000]",437,5368000
26,69,5,"[376,333,501,302,365]","[1139000,942000,1512000,829000,1115000]",501,5537000
26,70,5,"[354,356,401,360,416]","[1026000,1024000,1203000,1074000,1240000]",416,5567000
26,71,5,"[361,323,461,305,398]","[1089000,955000,1399000,834000,1194000]",461,5471000
26,72,5,"[360,355,415,290,348]","[1093000,1019000,1283000,853000,1070000]",415,5318000
26,73,5,"[366,397,464,302,361]","[1113000,1141000,1373000,829000,1109000]",464,5565000
26,74,5,"[349,264,476,428,401]","[1058000,744000,1408000,1210000,1181000]",476,5601000
26,75,5,"[363,326,424,320,377]","[1100000,955000,1260000,949000,1131000]",424,5395000
26,76,5,"[358,324,434,311,358]","[1074000,955000,1302000,908000,1104000]",434,5343000
26,77,5,"[355,324,431,310,380]","[1064000,955000,1255000,926000,1175000]",431,5375000
26,78,5,"[335,325,410,266,405]","[1015000,962000,1258000,778000,1249000]",410,5262000
26,79,5,"[335,298,411,307,406]","[1014000,878000,1258000,890000,1249000]",411,5289000
26,80,5,"[355,325,356,520,291]","[1066000,965000,1084000,1484000,891000]",520,5490000
26,81,5,"[356,323,358,361,360]","[1071000,955000,1088000,1075000,1119000]",361,5308000
26,82,5,"[360,323,313,406,351]","[1093000,955000,930000,1220000,1081000]",406,5279000
26,83,5,"[360,323,360,352,352]","[1093000,955000,1088000,1050000,1081000]",360,5267000
26,84,5,"[359,349,417,285,351]","[1093000,1007000,1293000,840000,1084000]",417,5317000
26,85,5,"[327,327,416,292,393]","[980000,960000,1285000,863000,1206000]",416,5294000
26,86,5,"[369,324,414,289,361]","[1125000,955000,1281000,827000,1109000]",414,5297000
26,87,5,"[357,296,357,449,358]","[1083000,871000,1086000,1282000,1104000]",449,5426000
26,88,5,"[451,330,356,358,357]","[1258000,987000,1084000,1070000,1104000]",451,5503000
26,89,5,"[366,297,391,354,352]","[1113000,871000,1184000,1056000,1079000]",391,5303000
26,90,5,"[319,377,356,354,349]","[962000,1114000,1084000,1056000,1079000]",377,5295000
26,91,5,"[437,325,421,284,349]","[1247000,959000,1295000,835000,1079000]",437,5415000
26,92,5,"[327,323,418,294,395]","[980000,955000,1289000,873000,1206000]",418,5303000
26,93,5,"[327,326,417,286,398]","[980000,960000,1287000,835000,1220000]",417,5282000
26,94,5,"[369,351,415,290,348]","[1123000,1011000,1283000,853000,1070000]",415,5340000
26,95,5,"[361,323,416,287,346]","[1093000,955000,1285000,847000,1067000]",416,5247000
26,96,5,"[299,324,418,358,348]","[902000,955000,1289000,1058000,1070000]",418,5274000
26,97,5,"[353,329,358,334,430]","[1063000,960000,1084000,998000,1279000]",430,5384000
27,1,5,"[374,293,346,373,373]","[1144000,826000,1031000,1122000,1170000]",374,5293000
27,2,5,"[376,291,306,341,430]","[1146000,826000,903000,1025000,1364000]",430,5264000
27,3,5,"[375,294,321,392,372]","[1144000,835000,947000,1190000,1165000]",392,5281000
27,4,5,"[376,298,299,406,372]","[1144000,849000,877000,1236000,1165000]",406,5271000
27,5,5,"[336,344,345,372,372]","[1017000,985000,1021000,1124000,1170000]",372,5317000
27,6,5,"[374,304,313,391,374]","[1144000,864000,918000,1190000,1169000]",391,5285000
27,7,5,"[367,346,369,370,370]","[1092000,968000,1089000,1117000,1147000]",370,5413000
27,8,5,"[371,348,368,371,371]","[1095000,968000,1085000,1122000,1147000]",371,5417000
27,9,5,"[371,346,368,371,371]","[1095000,968000,1085000,1122000,1147000]",371,5417000
27,10,5,"[369,316,345,372,372]","[1108000,895000,1026000,1122000,1170000]",372,5321000
27,11,5,"[377,297,300,406,373]","[1144000,847000,882000,1236000,1165000]",406,5274000
27,12,5,"[374,297,316,393,371]","[1144000,847000,938000,1190000,1165000]",393,5284000
27,13,5,"[376,293,322,393,371]","[1144000,833000,952000,1190000,1165000]",393,5284000
27,14,5,"[375,287,319,403,371]","[1144000,815000,938000,1222000,1165000]",403,5284000
27,15,5,"[377,291,346,372,372]","[1150000,826000,1031000,1117000,1170000]",377,5294000
27,16,5,"[374,297,302,343,430]","[1144000,847000,886000,1029000,1364000]",430,5270000
27,17,5,"[374,299,348,375,375]","[1144000,842000,1037000,1122000,1176000]",375,5321000
27,18,5,"[376,291,306,341,432]","[1146000,826000,903000,1025000,1368000]",432,5268000
27,19,5,"[377,297,300,341,433]","[1144000,847000,882000,1025000,1369000]",433,5267000
27,20,5,"[374,298,320,391,372]","[1144000,849000,938000,1190000,1165000]",391,5286000
27,21,5,"[375,303,296,406,371]","[1144000,862000,871000,1236000,1165000]",406,5278000
27,22,5,"[376,298,285,443,382]","[1144000,847000,827000,1334000,1197000]",443,5349000
27,23,5,"[376,297,302,406,377]","[1146000,847000,886000,1236000,1173000]",406,5288000
27,24,5,"[417,339,348,373,373]","[1203000,941000,1025000,1132000,1172000]",417,5473000
27,25,5,"[404,297,282,445,368]","[1219000,844000,828000,1338000,1144000]",445,5373000
27,26,5,"[375,287,314,406,371]","[1144000,815000,920000,1236000,1165000]",406,5280000
27,27,5,"[350,298,332,441,400]","[1048000,849000,979000,1305000,1253000]",441,5434000
27,28,5,"[370,325,346,373,373]","[1113000,917000,1027000,1124000,1170000]",373,5351000
27,29,5,"[374,306,327,391,372]","[1144000,874000,953000,1190000,1165000]",391,5326000
27,30,5,"[362,309,376,406,379]","[1087000,846000,1106000,1203000,1199000]",406,5441000
27,31,5,"[366,350,285,446,378]","[1103000,963000,834000,1336000,1190000]",446,5426000
27,32,5,"[394,309,347,406,371]","[1177000,851000,998000,1230000,1165000]",406,5421000
27,33,5,"[353,288,354,448,388]","[1048000,804000,1047000,1326000,1214000]",448,5439000
27,34,5,"[375,318,327,413,381]","[1144000,868000,954000,1233000,1203000]",413,5402000
27,35,5,"[352,299,359,442,381]","[1050000,842000,1034000,1334000,1191000]",442,5451000
27,36,5,"[393,293,282,446,369]","[1191000,830000,834000,1343000,1146000]",446,5344000
27,37,5,"[376,294,320,402,401]","[1144000,821000,938000,1197000,1250000]",402,5350000
27,38,5,"[376,277,304,442,388]","[1144000,786000,888000,1334000,1205000]",442,5357000
27,39,5,"[394,297,302,427,378]","[1192000,847000,886000,1255000,1181000]",427,5361000
27,40,5,"[346,308,353,449,385]","[1040000,848000,1032000,1328000,1213000]",449,5461000
27,41,5,"[367,348,369,370,370]","[1092000,968000,1089000,1117000,1147000]",370,5413000
27,42,5,"[378,313,306,413,379]","[1151000,868000,898000,1233000,1199000]",413,5349000
27,43,5,"[380,299,349,441,373]","[1114000,851000,1019000,1332000,1158000]",441,5474000
27,44,5,"[375,307,288,443,376]","[1146000,879000,825000,1334000,1184000]",443,5368000
27,45,5,"[408,306,301,406,369]","[1221000,870000,877000,1236000,1147000]",408,5351000
27,46,5,"[355,309,381,405,371]","[1058000,851000,1122000,1230000,1165000]",405,5426000
27,47,5,"[346,308,353,443,382]","[1040000,848000,1042000,1336000,1193000]",443,5459000
27,48,5,"[372,305,352,393,371]","[1121000,851000,1037000,1192000,1165000]",393,5366000
27,49,5,"[372,309,352,393,371]","[1121000,859000,1037000,1192000,1165000]",393,5374000
27,50,5,"[363,317,314,413,379]","[1102000,895000,912000,1233000,1199000]",413,5341000
27,51,5,"[399,329,318,395,371]","[1173000,932000,947000,1194000,1165000]",399,5411000
27,52,5,"[365,309,351,445,371]","[1087000,852000,1032000,1340000,1149000]",445,5460000
27,53,5,"[374,288,310,442,374]","[1144000,815000,895000,1334000,1180000]",442,5368000
27,54,5,"[393,304,313,391,368]","[1196000,870000,923000,1190000,1142000]",393,5321000
27,55,5,"[374,300,314,402,407]","[1144000,849000,923000,1192000,1255000]",407,5363000
27,56,5,"[372,287,337,403,371]","[1123000,815000,987000,1222000,1165000]",403,5312000
27,57,5,"[356,358,357,444,377]","[1057000,950000,1052000,1337000,1185000]",444,5581000
27,58,5,"[370,329,355,445,375]","[1102000,890000,1036000,1332000,1156000]",445,5516000
27,59,5,"[376,277,304,442,388]","[1144000,786000,888000,1334000,1205000]",442,5357000
27,60,5,"[374,298,319,404,379]","[1144000,842000,941000,1207000,1199000]",404,5333000
27,61,5,"[374,298,286,442,374]","[1144000,847000,839000,1334000,1180000]",442,5344000
27,62,5,"[374,320,313,391,374]","[1144000,896000,918000,1190000,1169000]",391,5317000
27,63,5,"[355,324,351,414,381]","[1053000,888000,1044000,1238000,1203000]",414,5426000
27,64,5,"[377,299,306,414,373]","[1149000,844000,904000,1252000,1169000]",414,5318000
27,65,5,"[374,293,352,370,384]","[1144000,826000,1041000,1117000,1194000]",384,5322000
27,66,5,"[377,367,306,341,426]","[1148000,1035000,903000,1025000,1299000]",426,5410000
27,67,5,"[404,294,322,393,373]","[1203000,835000,952000,1194000,1170000]",404,5354000
27,68,5,"[438,298,299,428,374]","[1305000,849000,877000,1243000,1180000]",438,5454000
27,69,5,"[334,459,356,373,348]","[1013000,1305000,1051000,1117000,1050000]",459,5536000
27,70,5,"[337,304,312,394,428]","[1022000,864000,918000,1205000,1320000]",428,5329000
27,71,5,"[443,346,366,370,370]","[1249000,968000,1083000,1122000,1147000]",443,5569000
27,72,5,"[404,348,366,352,373]","[1190000,968000,1088000,1064000,1147000]",404,5457000
27,73,5,"[367,348,486,333,371]","[1097000,968000,1374000,1008000,1149000]",486,5596000
27,74,5,"[366,373,345,412,372]","[1103000,1021000,1026000,1193000,1170000]",412,5513000
27,75,5,"[375,346,326,406,372]","[1144000,975000,909000,1236000,1165000]",406,5429000
27,76,5,"[390,297,316,393,382]","[1172000,847000,938000,1190000,1196000]",393,5343000
27,77,5,"[378,293,377,395,371]","[1114000,833000,1084000,1190000,1165000]",395,5386000
27,78,5,"[374,266,313,404,460]","[1144000,752000,923000,1222000,1371000]",460,5412000
27,79,5,"[429,291,346,402,372]","[1258000,826000,1026000,1179000,1170000]",429,5459000
27,80,5,"[374,297,302,353,432]","[1144000,847000,886000,1049000,1364000]",432,5290000
27,81,5,"[379,340,355,371,377]","[1154000,947000,1053000,1094000,1176000]",379,5424000
27,82,5,"[376,291,309,445,361]","[1148000,826000,908000,1326000,1133000]",445,5341000
27,83,5,"[434,296,299,344,431]","[1264000,847000,879000,1031000,1364000]",434,5385000
27,84,5,"[374,298,317,434,372]","[1144000,849000,933000,1283000,1170000]",434,5379000
28,1,5,"[384,327,395,390,250]","[1147000,985000,1178000,1224000,731000]",395,5265000
28,2,5,"[389,327,390,390,250]","[1172000,985000,1153000,1224000,731000]",390,5265000
28,3,5,"[389,327,390,390,250]","[1172000,985000,1153000,1224000,731000]",390,5265000
28,4,5,"[384,327,395,390,250]","[1147000,985000,1178000,1224000,731000]",395,5265000
28,5,5,"[390,327,390,392,250]","[1172000,985000,1153000,1224000,731000]",392,5265000
28,6,5,"[385,327,395,392,250]","[1147000,985000,1178000,1224000,731000]",395,5265000
28,7,5,"[388,330,389,389,255]","[1172000,989000,1153000,1222000,741000]",389,5277000
28,8,5,"[379,314,380,337,359]","[1133000,938000,1145000,1058000,1048000]",380,5322000
28,9,5,"[379,314,380,337,359]","[1133000,938000,1145000,1058000,1048000]",380,5322000
28,10,5,"[389,327,390,390,250]","[1172000,985000,1153000,1224000,731000]",390,5265000
28,11,5,"[379,314,380,339,359]","[1133000,938000,1145000,1058000,1048000]",380,5322000
28,12,5,"[379,314,380,339,359]","[1133000,938000,1145000,1058000,1048000]",380,5322000
28,13,5,"[377,314,366,363,361]","[1129000,938000,1083000,1140000,1046000]",377,5336000
28,14,5,"[381,312,380,337,353]","[1149000,936000,1145000,1058000,1017000]",381,5305000
28,15,5,"[383,312,380,337,353]","[1149000,936000,1145000,1058000,1017000]",383,5305000
28,16,5,"[383,366,378,336,304]","[1143000,1084000,1143000,1056000,886000]",383,5312000
28,17,5,"[388,330,389,389,255]","[1172000,990000,1153000,1222000,741000]",389,5278000
28,18,5,"[384,327,395,390,250]","[1149000,985000,1178000,1224000,731000]",395,5267000
28,19,5,"[379,315,366,363,361]","[1139000,934000,1083000,1140000,1041000]",379,5337000
28,20,5,"[379,314,380,343,359]","[1133000,938000,1145000,1070000,1048000]",380,5334000
28,21,5,"[395,312,397,411,313]","[1164000,936000,1186000,1255000,890000]",411,5431000
28,22,5,"[407,321,364,440,334]","[1224000,952000,1083000,1342000,903000]",440,5504000
28,23,5,"[389,364,391,391,307]","[1173000,1037000,1161000,1229000,869000]",391,5469000
28,24,5,"[388,382,384,410,283]","[1153000,1109000,1159000,1251000,803000]",410,5475000
28,25,5,"[379,314,380,439,310]","[1133000,941000,1114000,1352000,892000]",439,5432000
28,26,5,"[381,315,380,343,357]","[1143000,934000,1145000,1070000,1041000]",381,5333000
28,27,5,"[379,314,380,343,359]","[1133000,938000,1145000,1070000,1048000]",380,5334000
28,28,5,"[385,312,397,410,309]","[1150000,936000,1187000,1251000,864000]",410,5388000
28,29,5,"[393,326,392,410,303]","[1177000,985000,1161000,1255000,839000]",410,5417000
28,30,5,"[379,367,398,410,308]","[1139000,1052000,1188000,1255000,880000]",410,5514000
28,31,5,"[393,328,392,410,307]","[1178000,989000,1161000,1255000,860000]",410,5443000
28,32,5,"[381,315,380,417,307]","[1137000,946000,1144000,1266000,896000]",417,5389000
28,33,5,"[386,385,379,411,308]","[1139000,1112000,1140000,1255000,878000]",411,5524000
28,34,5,"[400,315,366,436,319]","[1181000,934000,1083000,1337000,916000]",436,5451000
28,35,5,"[388,315,398,390,305]","[1165000,946000,1183000,1227000,862000]",398,5383000
28,36,5,"[383,312,380,389,316]","[1153000,936000,1145000,1222000,887000]",389,5343000
28,37,5,"[391,329,391,393,333]","[1176000,985000,1157000,1227000,902000]",393,5447000
28,38,5,"[385,327,394,392,281]","[1147000,985000,1166000,1228000,805000]",394,5331000
28,39,5,"[402,327,338,453,310]","[1181000,985000,987000,1376000,917000]",453,5446000
28,40,5,"[380,322,352,449,305]","[1133000,954000,1052000,1366000,891000]",449,5396000
28,41,5,"[383,312,380,409,308]","[1149000,936000,1145000,1253000,876000]",409,5359000
28,42,5,"[388,329,390,387,309]","[1172000,995000,1155000,1191000,884000]",390,5397000
28,43,5,"[384,312,393,412,302]","[1147000,936000,1183000,1251000,856000]",412,5373000
28,44,5,"[383,315,385,446,280]","[1145000,934000,1145000,1357000,821000]",446,5402000
28,45,5,"[390,329,368,436,303]","[1176000,989000,1082000,1337000,851000]",436,5435000
28,46,5,"[380,317,359,475,317]","[1141000,938000,1073000,1415000,908000]",475,5475000
28,47,5,"[386,333,376,449,307]","[1145000,1015000,1081000,1366000,880000]",449,5487000
28,48,5,"[383,340,394,396,261]","[1147000,1016000,1194000,1234000,738000]",396,5329000
28,49,5,"[379,312,352,450,331]","[1133000,934000,1050000,1377000,952000]",450,5446000
28,50,5,"[379,312,366,363,351]","[1145000,936000,1083000,1140000,1017000]",379,5321000
28,51,5,"[390,328,382,388,294]","[1172000,985000,1122000,1190000,865000]",390,5334000
28,52,5,"[384,330,394,454,306]","[1152000,987000,1099000,1370000,896000]",454,5504000
28,53,5,"[381,315,380,434,302]","[1135000,946000,1145000,1300000,879000]",434,5405000
28,54,5,"[385,312,400,392,323]","[1156000,936000,1201000,1227000,888000]",400,5408000
28,55,5,"[383,315,401,415,314]","[1136000,946000,1193000,1268000,894000]",415,5437000
28,56,5,"[402,327,383,414,305]","[1179000,985000,1151000,1255000,864000]",414,5434000
28,57,5,"[385,382,385,442,283]","[1151000,1109000,1127000,1361000,793000]",442,5541000
28,58,5,"[417,326,392,413,313]","[1227000,985000,1163000,1257000,866000]",417,5498000
28,59,5,"[387,313,399,412,334]","[1152000,936000,1189000,1251000,914000]",412,5442000
28,60,5,"[388,336,350,441,310]","[1172000,976000,1048000,1335000,899000]",441,5430000
28,61,5,"[383,327,394,389,290]","[1147000,985000,1178000,1222000,811000]",394,5343000
28,62,5,"[391,327,393,451,228]","[1177000,985000,1157000,1378000,662000]",451,5359000
28,63,5,"[388,327,390,389,262]","[1172000,985000,1171000,1222000,749000]",390,5299000
28,64,5,"[383,327,376,451,255]","[1147000,985000,1120000,1371000,736000]",451,5359000
28,65,5,"[339,331,465,391,252]","[1017000,995000,1362000,1229000,735000]",465,5338000
28,66,5,"[386,327,398,392,263]","[1152000,985000,1183000,1232000,758000]",398,5310000
28,67,5,"[388,329,408,421,260]","[1172000,989000,1222000,1254000,745000]",421,5382000
28,68,5,"[378,281,492,340,358]","[1129000,839000,1411000,1064000,1046000]",492,5489000
28,69,5,"[387,316,382,337,358]","[1149000,938000,1145000,1056000,1046000]",387,5334000
28,70,5,"[392,373,356,390,252]","[1172000,1113000,1051000,1224000,741000]",392,5301000
28,71,5,"[382,340,383,342,364]","[1135000,998000,1151000,1064000,1054000]",383,5402000
28,72,5,"[383,315,382,337,371]","[1143000,942000,1145000,1058000,1059000]",383,5347000
28,73,5,"[383,293,367,419,362]","[1140000,884000,1091000,1279000,1046000]",419,5440000
28,74,5,"[383,312,380,337,367]","[1149000,936000,1145000,1058000,1054000]",383,5342000
28,75,5,"[381,312,380,354,353]","[1149000,936000,1145000,1091000,1017000]",381,5338000
28,76,5,"[461,365,380,336,304]","[1299000,1084000,1151000,1056000,886000]",461,5476000
28,77,5,"[388,327,433,384,255]","[1172000,985000,1284000,1166000,741000]",433,5348000
28,78,5,"[410,327,395,388,250]","[1210000,985000,1178000,1211000,731000]",410,5315000
28,79,5,"[382,318,394,363,360]","[1143000,949000,1143000,1140000,1047000]",394,5422000
28,80,5,"[379,314,377,352,359]","[1133000,938000,1136000,1091000,1048000]",379,5346000
29,1,5,"[341,412,341,291,382]","[1021000,1259000,1004000,867000,1160000]",412,5311000
29,2,5,"[351,363,338,362,358]","[1053000,1089000,1006000,1081000,1097000]",363,5326000
29,3,5,"[342,361,338,362,366]","[1023000,1089000,1006000,1081000,1125000]",366,5324000
29,4,5,"[342,420,338,291,366]","[1023000,1288000,1006000,858000,1125000]",420,5300000
29,5,5,"[353,411,340,294,368]","[1063000,1260000,1011000,864000,1125000]",411,5323000
29,6,5,"[343,432,321,312,367]","[1021000,1323000,943000,906000,1114000]",432,5307000
29,7,5,"[343,432,318,316,360]","[1021000,1323000,938000,931000,1094000]",432,5307000
29,8,5,"[343,432,316,316,360]","[1021000,1323000,938000,931000,1094000]",432,5307000
29,9,5,"[345,434,319,305,365]","[1021000,1323000,943000,901000,1114000]",434,5302000
29,10,5,"[341,374,318,339,401]","[1021000,1129000,938000,1005000,1233000]",401,5326000
29,11,5,"[342,373,321,376,366]","[1023000,1124000,943000,1124000,1114000]",376,5328000
29,12,5,"[342,373,319,376,366]","[1023000,1124000,943000,1124000,1114000]",376,5328000
29,13,5,"[342,374,318,380,360]","[1023000,1129000,938000,1144000,1094000]",380,5328000
29,14,5,"[342,373,321,376,366]","[1023000,1124000,943000,1124000,1114000]",376,5328000
29,15,5,"[344,373,350,355,368]","[1023000,1124000,1051000,1031000,1114000]",373,5343000
29,16,5,"[351,352,371,353,354]","[1053000,1061000,1114000,1031000,1086000]",371,5345000
29,17,5,"[351,352,371,353,354]","[1053000,1061000,1114000,1031000,1086000]",371,5345000
29,18,5,"[353,359,339,370,362]","[1053000,1081000,1001000,1100000,1111000]",370,5346000
29,19,5,"[351,356,341,366,366]","[1053000,1076000,1011000,1089000,1125000]",366,5354000
29,20,5,"[351,422,336,293,366]","[1053000,1281000,999000,879000,1107000]",422,5319000
29,21,5,"[351,404,315,401,356]","[1053000,1178000,936000,1195000,1082000]",404,5444000
29,22,5,"[351,419,342,291,376]","[1053000,1272000,1006000,858000,1145000]",419,5334000
29,23,5,"[344,375,357,459,361]","[1027000,1122000,1026000,1295000,1109000]",459,5579000
29,24,5,"[344,373,318,461,360]","[1027000,1124000,932000,1309000,1105000]",461,5497000
29,25,5,"[341,371,317,378,370]","[1021000,1117000,936000,1122000,1139000]",378,5335000
29,26,5,"[355,358,362,448,360]","[1061000,1076000,1026000,1298000,1066000]",448,5527000
29,27,5,"[353,407,444,283,372]","[1063000,1192000,1285000,833000,1137000]",444,5510000
29,28,5,"[341,373,316,432,366]","[1021000,1124000,941000,1247000,1105000]",432,5438000
29,29,5,"[344,420,271,429,366]","[1027000,1288000,781000,1230000,1125000]",429,5451000
29,30,5,"[342,426,325,367,382]","[1026000,1234000,954000,1081000,1169000]",426,5464000
29,31,5,"[344,358,358,466,364]","[1026000,1076000,1021000,1329000,1120000]",466,5572000
29,32,5,"[344,376,357,446,363]","[1027000,1124000,1012000,1283000,1096000]",446,5542000
29,33,5,"[355,359,404,367,368]","[1063000,1026000,1191000,1100000,1125000]",404,5505000
29,34,5,"[345,359,359,431,377]","[1027000,1078000,1026000,1240000,1159000]",431,5530000
29,35,5,"[343,346,402,381,368]","[1025000,997000,1178000,1143000,1118000]",402,5461000
29,36,5,"[351,474,336,279,426]","[1053000,1352000,999000,836000,1280000]",474,5520000
29,37,5,"[354,416,314,358,350]","[1058000,1266000,931000,1050000,1066000]",416,5371000
29,38,5,"[351,408,360,406,356]","[1053000,1197000,1029000,1179000,1088000]",408,5546000
29,39,5,"[342,396,315,369,366]","[1023000,1172000,936000,1095000,1125000]",396,5351000
29,40,5,"[341,415,433,291,368]","[1021000,1223000,1245000,858000,1125000]",433,5472000
29,41,5,"[341,441,316,399,361]","[1021000,1260000,938000,1176000,1105000]",441,5500000
29,42,5,"[341,377,319,394,364]","[1021000,1129000,946000,1160000,1114000]",394,5370000
29,43,5,"[344,444,267,421,380]","[1027000,1320000,771000,1220000,1153000]",444,5491000
29,44,5,"[344,439,267,434,366]","[1027000,1322000,771000,1245000,1125000]",439,5490000
29,45,5,"[342,415,410,291,366]","[1023000,1220000,1203000,858000,1125000]",415,5429000
29,46,5,"[341,414,341,297,380]","[1021000,1263000,1004000,891000,1156000]",414,5335000
29,47,5,"[341,414,392,299,367]","[1021000,1263000,1118000,877000,1125000]",414,5404000
29,48,5,"[351,434,267,441,427]","[1040000,1297000,771000,1282000,1224000]",441,5614000
29,49,5,"[351,410,316,386,355]","[1053000,1187000,938000,1155000,1082000]",410,5415000
29,50,5,"[351,408,354,353,356]","[1053000,1197000,1061000,1031000,1090000]",408,5432000
29,51,5,"[357,361,401,348,370]","[1073000,1080000,1189000,993000,1131000]",401,5466000
29,52,5,"[351,383,404,359,356]","[1053000,1122000,1180000,1051000,1091000]",404,5497000
29,53,5,"[356,357,357,406,365]","[1058000,1074000,1025000,1213000,1100000]",406,5470000
29,54,5,"[355,415,317,449,357]","[1059000,1220000,934000,1267000,1086000]",449,5566000
29,55,5,"[342,376,318,404,355]","[1023000,1129000,938000,1204000,1071000]",404,5365000
29,56,5,"[354,407,328,442,356]","[1059000,1192000,953000,1265000,1088000]",442,5557000
29,57,5,"[356,417,285,425,369]","[1059000,1272000,807000,1234000,1113000]",425,5485000
29,58,5,"[352,383,316,370,364]","[1055000,1146000,936000,1097000,1111000]",383,5345000
29,59,5,"[351,393,456,297,357]","[1053000,1146000,1327000,871000,1086000]",456,5483000
29,60,5,"[355,408,425,294,368]","[1063000,1200000,1243000,864000,1125000]",425,5495000
29,61,5,"[358,391,359,447,351]","[1059000,1151000,1026000,1283000,1071000]",447,5590000
29,62,5,"[344,373,318,445,360]","[1027000,1124000,932000,1283000,1094000]",445,5460000
29,63,5,"[346,374,353,351,384]","[1026000,1132000,1054000,1028000,1164000]",384,5404000
29,64,5,"[351,421,338,291,358]","[1053000,1293000,1006000,858000,1097000]",421,5307000
29,65,5,"[342,418,403,309,366]","[1021000,1224000,1157000,926000,1125000]",418,5453000
29,66,5,"[345,426,426,280,443]","[1041000,1237000,1201000,838000,1309000]",443,5626000
29,67,5,"[351,370,399,365,359]","[1053000,1052000,1172000,1096000,1097000]",399,5470000
29,68,5,"[360,393,361,441,353]","[1064000,1152000,1023000,1263000,1078000]",441,5580000
29,69,5,"[341,404,318,394,358]","[1021000,1198000,945000,1163000,1094000]",404,5421000
29,70,5,"[353,413,398,308,362]","[1058000,1208000,1148000,921000,1111000]",413,5446000
29,71,5,"[344,358,358,445,364]","[1027000,1074000,1023000,1283000,1114000]",445,5521000
29,72,5,"[344,417,269,435,385]","[1027000,1265000,773000,1234000,1175000]",435,5474000
29,73,5,"[358,400,359,459,351]","[1059000,1171000,1023000,1299000,1071000]",459,5623000
29,74,5,"[341,413,342,318,384]","[1021000,1259000,1001000,933000,1160000]",413,5374000
29,75,5,"[351,351,338,379,358]","[1053000,1057000,1006000,1121000,1097000]",379,5334000
29,76,5,"[342,351,338,379,366]","[1023000,1057000,1006000,1121000,1125000]",379,5332000
29,77,5,"[349,420,338,292,368]","[1037000,1288000,1006000,858000,1129000]",420,5318000
29,78,5,"[381,411,340,294,374]","[1113000,1260000,1011000,864000,1165000]",411,5413000
29,79,5,"[344,433,321,345,365]","[1026000,1328000,943000,1004000,1083000]",433,5384000
29,80,5,"[343,432,365,317,362]","[1021000,1323000,1055000,911000,1098000]",432,5408000
29,81,5,"[383,432,317,313,362]","[1105000,1323000,938000,926000,1098000]",432,5390000
29,82,5,"[400,442,320,308,362]","[1139000,1341000,940000,901000,1114000]",442,5435000
29,83,5,"[381,382,318,339,399]","[1101000,1139000,942000,1005000,1233000]",399,5420000
29,84,5,"[286,438,321,376,366]","[851000,1310000,943000,1124000,1114000]",438,5342000
29,85,5,"[370,374,316,379,367]","[1078000,1126000,938000,1130000,1120000]",379,5392000
29,86,5,"[343,397,316,385,369]","[1025000,1183000,938000,1150000,1097000]",397,5393000
29,87,5,"[343,406,321,377,366]","[1025000,1190000,943000,1124000,1114000]",406,5396000
29,88,5,"[348,428,355,355,362]","[1026000,1234000,1055000,1036000,1114000]",428,5465000
29,89,5,"[460,352,302,353,354]","[1361000,1061000,886000,1031000,1086000]",460,5425000
29,90,5,"[462,352,389,352,354]","[1324000,1061000,1099000,1031000,1086000]",462,5601000
29,91,5,"[351,418,338,294,362]","[1053000,1280000,1001000,864000,1111000]",418,5309000
29,92,5,"[351,342,342,381,366]","[1053000,1029000,1011000,1127000,1125000]",381,5345000
29,93,5,"[391,422,336,293,366]","[1133000,1278000,999000,879000,1107000]",422,5396000
30,1,5,"[431,279,299,339,407]","[1351000,826000,855000,999000,1252000]",431,5283000
30,2,5,"[368,341,323,378,375]","[1132000,1013000,933000,1109000,1153000]",378,5340000
30,3,5,"[384,304,324,358,384]","[1197000,908000,938000,1058000,1188000]",384,5289000
30,4,5,"[368,338,365,371,370]","[1132000,1009000,1038000,1091000,1133000]",371,5403000
30,5,5,"[378,326,319,379,376]","[1164000,973000,928000,1113000,1153000]",379,5331000
30,6,5,"[384,304,322,360,386]","[1197000,908000,928000,1062000,1192000]",386,5287000
30,7,5,"[378,324,324,365,382]","[1170000,963000,928000,1076000,1178000]",382,5315000
30,8,5,"[368,341,340,376,371]","[1132000,1013000,979000,1105000,1133000]",376,5362000
30,9,5,"[384,299,278,382,409]","[1215000,890000,801000,1127000,1256000]",409,5289000
30,10,5,"[368,341,339,376,370]","[1132000,1015000,977000,1109000,1133000]",376,5366000
30,11,5,"[373,343,322,377,374]","[1144000,1016000,943000,1109000,1153000]",377,5365000
30,12,5,"[385,309,322,359,385]","[1194000,921000,928000,1058000,1190000]",385,5291000
30,13,5,"[369,339,324,368,382]","[1137000,1009000,930000,1084000,1174000]",382,5334000
30,14,5,"[379,328,322,373,380]","[1166000,978000,930000,1089000,1174000]",380,5337000
30,15,5,"[368,341,323,379,374]","[1132000,1015000,933000,1115000,1153000]",379,5348000
30,16,5,"[432,279,299,340,411]","[1351000,826000,855000,999000,1256000]",432,5287000
30,17,5,"[431,279,299,339,409]","[1351000,826000,855000,999000,1256000]",431,5287000
30,18,5,"[368,338,366,371,370]","[1132000,1009000,1048000,1091000,1127000]",371,5407000
30,19,5,"[384,304,324,374,382]","[1197000,908000,940000,1086000,1174000]",384,5305000
30,20,5,"[376,335,367,366,374]","[1157000,990000,1038000,1083000,1134000]",376,5402000
30,21,5,"[476,311,323,343,409]","[1427000,910000,907000,1013000,1252000]",476,5509000
30,22,5,"[433,279,299,339,409]","[1355000,826000,855000,999000,1256000]",433,5291000
30,23,5,"[380,332,368,361,389]","[1157000,991000,1044000,1064000,1172000]",389,5428000
30,24,5,"[368,338,326,369,424]","[1132000,1009000,916000,1087000,1277000]",424,5421000
30,25,5,"[430,366,313,382,422]","[1312000,1031000,896000,1092000,1282000]",430,5613000
30,26,5,"[454,348,276,327,453]","[1362000,1017000,792000,959000,1362000]",454,5492000
30,27,5,"[391,343,368,367,389]","[1172000,1013000,1044000,1080000,1167000]",391,5476000
30,28,5,"[368,340,340,362,388]","[1132000,1009000,974000,1064000,1191000]",388,5370000
30,29,5,"[438,386,273,330,455]","[1293000,1128000,786000,965000,1366000]",455,5538000
30,30,5,"[368,342,324,368,383]","[1132000,1013000,930000,1082000,1180000]",383,5337000
30,31,5,"[488,357,324,384,416]","[1387000,1046000,912000,1120000,1251000]",488,5716000
30,32,5,"[379,330,324,358,384]","[1166000,988000,943000,1058000,1188000]",384,5343000
30,33,5,"[378,326,325,381,376]","[1170000,963000,947000,1115000,1157000]",381,5352000
30,34,5,"[377,331,364,389,392]","[1159000,986000,1038000,1131000,1177000]",392,5491000
30,35,5,"[381,329,366,377,370]","[1170000,978000,1048000,1099000,1127000]",381,5422000
30,36,5,"[441,373,276,307,469]","[1320000,1085000,797000,908000,1411000]",469,5521000
30,37,5,"[449,361,298,336,457]","[1325000,1052000,857000,971000,1366000]",457,5571000
30,38,5,"[381,333,324,375,382]","[1161000,1001000,940000,1090000,1184000]",382,5376000
30,39,5,"[376,334,370,394,389]","[1157000,992000,1055000,1145000,1155000]",394,5504000
30,40,5,"[431,303,302,345,440]","[1351000,880000,876000,1007000,1308000]",440,5422000
30,41,5,"[457,349,281,307,467]","[1373000,1012000,808000,906000,1407000]",467,5506000
30,42,5,"[432,302,273,335,459]","[1349000,885000,792000,991000,1371000]",459,5388000
30,43,5,"[439,314,302,346,416]","[1346000,931000,861000,1018000,1272000]",439,5428000
30,44,5,"[433,419,300,342,413]","[1281000,1189000,860000,1009000,1260000]",433,5599000
30,45,5,"[368,351,337,378,375]","[1132000,1044000,973000,1113000,1155000]",378,5417000
30,46,5,"[449,371,272,316,460]","[1327000,1086000,790000,931000,1388000]",460,5522000
30,47,5,"[483,362,326,378,414]","[1368000,1061000,916000,1115000,1251000]",483,5711000
30,48,5,"[385,308,323,381,374]","[1199000,928000,942000,1119000,1153000]",385,5341000
30,49,5,"[368,342,324,362,387]","[1132000,1017000,940000,1064000,1190000]",387,5343000
30,50,5,"[379,330,321,371,385]","[1166000,973000,928000,1097000,1181000]",385,5345000
30,51,5,"[439,384,301,318,421]","[1293000,1134000,870000,935000,1280000]",439,5512000
30,52,5,"[379,336,325,359,385]","[1170000,1009000,934000,1058000,1190000]",385,5361000
30,53,5,"[456,386,274,337,441]","[1329000,1147000,792000,976000,1340000]",456,5584000
30,54,5,"[378,331,336,380,376]","[1164000,981000,968000,1115000,1153000]",380,5381000
30,55,5,"[377,331,341,387,384]","[1162000,986000,977000,1124000,1180000]",387,5429000
30,56,5,"[371,341,320,382,376]","[1137000,1009000,928000,1115000,1157000]",382,5346000
30,57,5,"[450,371,272,317,421]","[1341000,1090000,790000,931000,1307000]",450,5459000
30,58,5,"[457,350,298,340,411]","[1369000,1000000,863000,999000,1256000]",457,5487000
30,59,5,"[389,346,324,366,381]","[1163000,1041000,943000,1076000,1179000]",389,5402000
30,60,5,"[383,328,328,364,384]","[1170000,974000,950000,1060000,1188000]",384,5342000
30,61,5,"[534,311,325,380,394]","[1554000,910000,920000,1120000,1177000]",534,5681000
30,62,5,"[404,364,300,342,412]","[1231000,1058000,855000,1004000,1261000]",412,5409000
30,63,5,"[385,311,364,377,374]","[1194000,925000,1038000,1103000,1134000]",385,5394000
30,64,5,"[389,346,322,381,377]","[1172000,1034000,938000,1117000,1153000]",389,5414000
30,65,5,"[458,327,281,392,388]","[1396000,968000,805000,1142000,1164000]",458,5475000
30,66,5,"[493,360,328,382,421]","[1409000,1052000,918000,1123000,1256000]",493,5758000
30,67,5,"[393,343,323,371,385]","[1172000,1019000,928000,1086000,1178000]",393,5383000
30,68,5,"[435,304,301,331,427]","[1351000,905000,861000,964000,1300000]",435,5381000
30,69,5,"[368,339,364,366,389]","[1132000,1009000,1041000,1080000,1171000]",389,5433000
30,70,5,"[447,367,342,310,421]","[1318000,1082000,967000,924000,1276000]",447,5567000
30,71,5,"[410,307,322,360,386]","[1249000,914000,928000,1062000,1192000]",410,5345000
30,72,5,"[490,311,324,398,399]","[1420000,910000,908000,1152000,1235000]",490,5625000
30,73,5,"[438,354,299,347,457]","[1293000,1046000,857000,1002000,1373000]",457,5571000
30,74,5,"[450,369,285,348,420]","[1327000,1086000,819000,1022000,1274000]",450,5528000
30,75,5,"[438,386,278,346,418]","[1293000,1132000,801000,1016000,1270000]",438,5512000
30,76,5,"[437,279,300,349,462]","[1359000,828000,859000,1003000,1382000]",462,5431000
30,77,5,"[378,362,322,379,376]","[1150000,1054000,938000,1113000,1153000]",379,5408000
30,78,5,"[484,363,324,386,416]","[1371000,1064000,912000,1132000,1251000]",484,5730000
30,79,5,"[378,330,325,365,381]","[1170000,973000,936000,1076000,1174000]",381,5329000
30,80,5,"[461,386,276,400,395]","[1326000,1137000,804000,1156000,1198000]",461,5621000
30,81,5,"[428,344,276,317,444]","[1324000,987000,792000,928000,1357000]",444,5388000
30,82,5,"[432,320,371,346,413]","[1347000,900000,1009000,1014000,1266000]",432,5536000
30,83,5,"[469,374,313,313,417]","[1367000,1102000,896000,934000,1272000]",469,5571000
30,84,5,"[439,345,297,347,409]","[1330000,991000,861000,1014000,1256000]",439,5452000
30,85,5,"[432,301,350,322,424]","[1351000,877000,993000,934000,1284000]",432,5439000
30,86,5,"[432,282,300,324,468]","[1353000,843000,859000,939000,1422000]",468,5416000
30,87,5,"[394,344,366,375,370]","[1177000,1020000,1038000,1093000,1133000]",394,5461000
30,88,5,"[466,383,335,393,371]","[1358000,1122000,941000,1140000,1129000]",466,5690000
30,89,5,"[431,279,300,351,409]","[1351000,826000,860000,1023000,1256000]",431,5316000
30,90,5,"[438,279,300,339,462]","[1361000,828000,859000,987000,1382000]",462,5417000
30,91,5,"[457,333,304,339,423]","[1373000,970000,880000,999000,1278000]",457,5500000
30,92,5,"[368,341,368,380,383]","[1132000,1009000,1059000,1113000,1145000]",383,5458000
30,93,5,"[411,310,322,370,388]","[1249000,916000,930000,1087000,1187000]",411,5369000
30,94,5,"[438,373,303,347,412]","[1293000,1087000,860000,1023000,1262000]",438,5525000
30,95,5,"[440,381,300,351,414]","[1293000,1122000,841000,1025000,1266000]",440,5547000
30,96,5,"[459,261,298,339,407]","[1437000,759000,857000,999000,1252000]",459,5304000
30,97,5,"[368,341,356,378,375]","[1132000,1013000,1005000,1116000,1153000]",378,5419000
30,98,5,"[388,305,320,412,342]","[1207000,908000,933000,1207000,1059000]",412,5314000
30,99,5,"[373,343,366,400,371]","[1145000,1024000,1038000,1151000,1133000]",400,5491000
30,100,5,"[378,359,320,379,376]","[1164000,1039000,928000,1113000,1153000]",379,5397000
30,101,5,"[382,304,354,359,385]","[1193000,908000,1002000,1063000,1188000]",385,5354000
30,102,5,"[378,335,324,401,353]","[1170000,992000,942000,1189000,1081000]",401,5374000
30,103,5,"[299,342,341,383,488]","[901000,1016000,972000,1130000,1471000]",488,5490000
30,104,5,"[384,382,254,384,412]","[1215000,1076000,727000,1127000,1254000]",412,5399000
30,105,5,"[339,343,406,379,370]","[1002000,1025000,1184000,1115000,1133000]",406,5459000
30,106,5,"[464,343,323,378,374]","[1354000,1016000,909000,1111000,1153000]",464,5543000
30,107,5,"[383,305,322,399,387]","[1190000,895000,928000,1161000,1200000]",399,5374000
30,108,5,"[307,413,322,364,380]","[929000,1240000,928000,1076000,1174000]",413,5347000
30,109,5,"[378,327,320,404,344]","[1164000,973000,930000,1193000,1063000]",404,5323000
30,110,5,"[398,343,320,379,374]","[1192000,1015000,928000,1121000,1153000]",398,5409000
30,111,5,"[505,254,299,340,411]","[1527000,746000,855000,999000,1256000]",505,5383000
30,112,5,"[431,330,298,339,409]","[1347000,930000,863000,999000,1256000]",431,5395000
30,113,5,"[369,339,369,369,384]","[1137000,1009000,1043000,1087000,1151000]",384,5427000
30,114,5,"[384,415,276,371,385]","[1200000,1186000,798000,1088000,1190000]",415,5462000
30,115,5,"[382,338,468,363,371]","[1096000,998000,1311000,1081000,1129000]",468,5615000
