iteration_id,solution_id,agv_count,running_times_seconds,energy_consumptions_joules,max_running_time_seconds,total_energy_consumption_joules
1,1,10,"[310,382,373,374,311,370,384,368,315,384]","[869000,1100000,1046000,1045000,907000,1082000,1123000,1057000,888000,1116000]",384,10233000
1,2,10,"[299,348,402,392,295,288,388,390,291,303]","[847000,1035000,1177000,1143000,836000,854000,1123000,1135000,831000,831000]",402,9812000
1,3,10,"[298,343,405,382,295,356,402,339,298,301]","[839000,1015000,1186000,1088000,836000,1026000,1157000,980000,833000,827000]",405,9787000
1,4,10,"[297,377,351,419,295,286,380,389,291,307]","[840000,1117000,1030000,1202000,836000,849000,1096000,1136000,831000,837000]",419,9774000
1,5,10,"[300,353,371,379,329,348,353,360,290,385]","[850000,1045000,1056000,1052000,932000,1011000,1008000,1029000,826000,1115000]",385,9924000
1,6,10,"[365,350,395,314,335,394,354,373,292,277]","[1053000,1019000,1165000,904000,951000,1143000,1026000,1058000,827000,755000]",395,9901000
1,7,10,"[300,375,401,322,332,394,356,388,300,284]","[838000,1107000,1183000,913000,946000,1147000,1036000,1112000,853000,769000]",401,9904000
1,8,10,"[316,375,388,358,299,332,377,350,295,388]","[913000,1094000,1133000,1001000,850000,952000,1092000,1015000,847000,1126000]",388,10023000
1,9,10,"[354,372,390,358,332,373,370,392,289,264]","[1019000,1051000,1133000,1013000,940000,1077000,1077000,1125000,793000,726000]",392,9954000
1,10,10,"[300,352,373,390,330,338,352,361,290,386]","[853000,1043000,1062000,1083000,937000,992000,1005000,1039000,826000,1117000]",390,9957000
1,11,10,"[300,375,404,381,297,343,377,341,291,307]","[848000,1107000,1183000,1091000,840000,1015000,1091000,989000,831000,832000]",404,9827000
1,12,10,"[295,377,403,381,295,347,363,385,301,283]","[833000,1114000,1183000,1101000,845000,1019000,1051000,1102000,843000,767000]",403,9858000
1,13,10,"[298,382,405,324,299,397,366,388,285,283]","[838000,1068000,1203000,913000,859000,1192000,1047000,1105000,801000,776000]",405,9802000
1,14,10,"[352,373,375,365,282,325,376,348,298,387]","[1016000,1094000,1083000,1011000,816000,947000,1089000,1008000,865000,1128000]",387,10057000
1,15,10,"[300,377,325,391,353,327,393,356,370,276]","[856000,1120000,942000,1121000,985000,936000,1155000,1038000,1026000,759000]",393,9938000
1,16,10,"[333,321,385,361,316,356,379,379,298,386]","[943000,957000,1136000,1003000,882000,1038000,1103000,1094000,851000,1123000]",386,10130000
1,17,10,"[338,372,386,364,324,335,375,352,298,386]","[942000,1092000,1140000,1009000,911000,957000,1087000,1015000,859000,1126000]",386,10138000
1,18,10,"[299,376,406,380,295,288,379,390,291,303]","[850000,1109000,1181000,1086000,836000,854000,1097000,1135000,831000,831000]",406,9810000
1,19,10,"[312,377,325,391,353,327,395,357,370,254]","[896000,1120000,942000,1121000,985000,938000,1162000,1050000,1026000,700000]",395,9940000
1,20,10,"[345,373,357,364,324,327,376,351,298,387]","[1000000,1092000,1034000,1009000,911000,951000,1087000,1010000,865000,1131000]",387,10090000
1,21,10,"[292,501,370,404,321,408,364,390,341,398]","[833000,1482000,1061000,1107000,893000,1175000,1029000,1138000,973000,1153000]",501,10844000
1,22,10,"[302,382,405,316,341,400,374,419,310,284]","[858000,1133000,1181000,896000,972000,1149000,1081000,1228000,894000,787000]",419,10179000
1,23,10,"[259,416,370,395,338,378,380,342,292,395]","[730000,1204000,1062000,1089000,952000,1081000,1094000,990000,851000,1153000]",416,10206000
1,24,10,"[302,344,408,385,295,325,362,390,291,303]","[844000,1018000,1188000,1118000,836000,937000,1066000,1135000,831000,829000]",408,9802000
1,25,10,"[300,377,430,345,306,445,360,391,309,285]","[833000,1117000,1264000,954000,855000,1275000,1053000,1118000,865000,786000]",445,10120000
1,26,10,"[199,461,421,316,399,358,369,437,292,398]","[553000,1326000,1178000,878000,1120000,1017000,1070000,1258000,836000,1140000]",461,10376000
1,27,10,"[301,335,418,356,393,371,399,392,308,308]","[852000,982000,1208000,985000,1101000,1058000,1172000,1126000,875000,856000]",418,10215000
1,28,10,"[358,362,407,321,384,355,370,396,292,254]","[1052000,1042000,1174000,896000,1092000,1018000,1083000,1129000,801000,703000]",407,9990000
1,29,10,"[238,417,345,373,326,419,385,408,297,395]","[669000,1209000,972000,1043000,907000,1204000,1091000,1185000,848000,1145000]",419,10273000
1,30,10,"[371,360,328,379,327,343,406,365,293,345]","[1059000,1062000,933000,1059000,926000,1000000,1190000,1029000,832000,1005000]",406,10095000
1,31,10,"[302,379,327,389,355,397,397,357,383,258]","[857000,1127000,942000,1121000,987000,1144000,1160000,1008000,1035000,713000]",397,10094000
1,32,10,"[370,362,327,388,327,337,407,366,293,345]","[1055000,1082000,928000,1086000,926000,982000,1192000,1014000,832000,1005000]",407,10102000
1,33,10,"[363,403,419,364,294,424,347,336,302,284]","[1006000,1160000,1180000,1047000,839000,1270000,994000,976000,850000,778000]",424,10100000
1,34,10,"[303,354,317,378,348,354,389,359,291,393]","[850000,1040000,904000,1092000,960000,984000,1124000,1043000,837000,1126000]",393,9960000
1,35,10,"[336,347,307,384,312,390,385,401,299,388]","[945000,994000,872000,1053000,867000,1158000,1103000,1159000,868000,1122000]",401,10141000
1,36,10,"[311,401,334,379,324,342,405,354,299,344]","[868000,1202000,944000,1053000,914000,1003000,1169000,999000,857000,989000]",405,9998000
1,37,10,"[353,346,339,373,301,387,388,400,288,351]","[1025000,1007000,960000,1045000,857000,1147000,1104000,1154000,804000,1041000]",400,10144000
1,38,10,"[506,445,334,360,331,373,373,415,347,365]","[1560000,1328000,947000,1026000,944000,1069000,1076000,1181000,991000,1129000]",506,11251000
1,39,10,"[257,470,371,400,337,381,311,342,290,412]","[752000,1369000,1075000,1103000,944000,1087000,893000,990000,841000,1193000]",470,10247000
1,40,10,"[234,393,378,407,294,406,390,344,299,404]","[667000,1158000,1075000,1109000,806000,1166000,1126000,1000000,871000,1166000]",407,10144000
1,41,10,"[362,326,360,423,362,397,409,360,307,294]","[1082000,976000,1029000,1163000,1008000,1160000,1187000,1026000,874000,825000]",423,10330000
1,42,10,"[315,433,331,398,360,407,401,382,351,255]","[890000,1244000,953000,1157000,999000,1177000,1154000,1084000,945000,713000]",433,10316000
1,43,10,"[218,418,396,443,374,392,404,415,346,279]","[604000,1214000,1127000,1268000,1042000,1094000,1178000,1214000,957000,763000]",443,10461000
1,44,10,"[204,483,402,323,371,382,388,358,323,402]","[571000,1352000,1165000,888000,1075000,1109000,1118000,1010000,943000,1176000]",483,10407000
1,45,10,"[303,375,405,393,293,350,367,335,297,306]","[853000,1098000,1173000,1138000,838000,1031000,1081000,977000,831000,852000]",405,9872000
1,46,10,"[384,371,372,409,287,408,393,362,294,407]","[1076000,1056000,1054000,1119000,796000,1165000,1131000,1011000,827000,1176000]",409,10411000
1,47,10,"[207,439,313,374,328,348,358,417,299,589]","[576000,1279000,887000,1049000,920000,1023000,1031000,1188000,841000,1704000]",589,10498000
1,48,10,"[359,393,423,414,315,382,344,342,298,283]","[1009000,1150000,1187000,1200000,878000,1122000,988000,969000,842000,767000]",423,10112000
1,49,10,"[387,327,428,352,337,378,383,340,290,398]","[1075000,951000,1230000,967000,935000,1108000,1094000,949000,841000,1158000]",428,10308000
1,50,10,"[304,381,406,390,323,357,375,387,289,282]","[835000,1070000,1208000,1087000,906000,1051000,1077000,1128000,808000,774000]",406,9944000
1,51,10,"[395,429,426,398,343,349,363,385,323,298]","[1231000,1315000,1192000,1124000,995000,1034000,1051000,1102000,879000,927000]",429,10850000
1,52,10,"[367,338,404,320,338,389,377,398,301,280]","[1048000,979000,1177000,911000,966000,1137000,1096000,1133000,857000,773000]",404,10077000
1,53,10,"[343,373,405,331,296,404,392,397,301,373]","[965000,1049000,1191000,926000,850000,1208000,1147000,1115000,867000,1054000]",405,10372000
1,54,10,"[453,436,380,331,345,391,358,348,328,446]","[1400000,1256000,1101000,928000,987000,1152000,1006000,984000,914000,1267000]",453,10995000
1,55,10,"[369,359,395,404,295,365,386,338,305,398]","[1059000,1029000,1127000,1105000,830000,1098000,1095000,952000,874000,1151000]",404,10320000
1,56,10,"[307,459,341,382,326,356,359,445,329,276]","[848000,1342000,981000,1066000,925000,1033000,1041000,1277000,911000,774000]",459,10198000
1,57,10,"[329,376,385,413,334,385,385,345,294,389]","[909000,1082000,1100000,1115000,934000,1096000,1116000,1006000,855000,1132000]",413,10345000
1,58,10,"[305,425,425,359,294,400,374,401,302,272]","[873000,1214000,1192000,1022000,840000,1168000,1091000,1117000,856000,754000]",425,10127000
1,59,10,"[230,416,433,342,401,389,402,413,343,258]","[646000,1207000,1225000,973000,1121000,1099000,1173000,1194000,954000,720000]",433,10312000
1,60,10,"[264,497,372,402,348,408,382,344,294,396]","[719000,1401000,1065000,1103000,962000,1169000,1102000,992000,846000,1155000]",497,10514000
1,61,10,"[305,381,373,461,300,318,390,366,312,392]","[854000,1093000,1057000,1276000,830000,943000,1097000,1053000,891000,1141000]",461,10235000
1,62,10,"[331,382,353,375,300,365,383,349,298,398]","[924000,1094000,1001000,1080000,845000,1056000,1100000,999000,856000,1153000]",398,10108000
1,63,10,"[222,416,403,425,339,385,405,355,337,295]","[620000,1204000,1145000,1228000,958000,1122000,1179000,1031000,935000,826000]",425,10248000
1,64,10,"[328,376,378,369,339,388,390,343,294,399]","[900000,1082000,1072000,1016000,963000,1100000,1112000,988000,855000,1148000]",399,10236000
1,65,10,"[304,337,407,352,338,406,312,393,293,313]","[863000,994000,1192000,1016000,958000,1179000,914000,1143000,825000,860000]",407,9944000
1,66,10,"[306,378,327,393,353,394,398,379,348,258]","[860000,1125000,941000,1133000,985000,1133000,1159000,1082000,953000,712000]",398,10083000
1,67,10,"[357,401,423,355,296,362,403,358,288,261]","[1021000,1166000,1186000,1022000,850000,1047000,1169000,1022000,796000,700000]",423,9979000
1,68,10,"[204,444,386,373,356,356,384,403,301,394]","[575000,1302000,1057000,1045000,1027000,1018000,1108000,1169000,863000,1128000]",444,10292000
1,69,10,"[236,419,333,371,326,406,386,417,295,394]","[656000,1195000,943000,1041000,907000,1181000,1091000,1203000,830000,1132000]",419,10179000
1,70,10,"[627,379,329,388,355,397,398,356,339,273]","[1959000,1127000,942000,1121000,987000,1140000,1162000,1012000,932000,768000]",627,11150000
1,71,10,"[259,436,351,389,330,337,385,403,299,587]","[752000,1277000,990000,1099000,935000,989000,1090000,1156000,850000,1675000]",587,10813000
1,72,10,"[305,375,405,393,294,350,363,386,301,282]","[857000,1109000,1173000,1138000,839000,1029000,1061000,1107000,855000,774000]",405,9942000
1,73,10,"[433,377,370,458,291,353,401,357,295,413]","[1258000,1070000,1051000,1270000,834000,1001000,1170000,1005000,839000,1187000]",458,10685000
1,74,10,"[493,419,419,358,293,428,342,336,381,391]","[1471000,1216000,1176000,1032000,838000,1285000,969000,935000,1074000,1123000]",493,11119000
1,75,10,"[431,394,384,388,311,369,382,395,315,292]","[1287000,1169000,1088000,1082000,905000,1068000,1097000,1189000,892000,828000]",431,10605000
1,76,10,"[367,401,420,355,299,354,398,378,293,361]","[1079000,1183000,1184000,1021000,858000,1044000,1153000,1083000,812000,1043000]",420,10460000
1,77,10,"[343,423,349,362,332,386,374,408,288,269]","[998000,1230000,976000,1012000,939000,1099000,1064000,1134000,787000,763000]",423,10002000
1,78,10,"[651,459,354,410,293,406,388,387,297,394]","[2058000,1333000,1010000,1125000,820000,1161000,1119000,1104000,837000,1064000]",651,11631000
1,79,10,"[302,452,398,415,320,414,386,350,287,386]","[827000,1306000,1153000,1113000,877000,1172000,1094000,1015000,799000,1090000]",452,10446000
1,80,10,"[256,472,419,356,294,395,357,358,299,373]","[750000,1312000,1189000,1027000,840000,1174000,1028000,1034000,851000,1082000]",472,10287000
1,81,10,"[440,358,394,337,334,330,402,350,341,392]","[1278000,1055000,1152000,948000,956000,940000,1148000,985000,922000,1078000]",440,10462000
1,82,10,"[239,355,423,364,447,400,394,412,373,313]","[649000,1040000,1184000,1021000,1271000,1126000,1160000,1170000,1025000,838000]",447,10484000
1,83,10,"[529,397,406,367,293,407,360,347,295,300]","[1601000,1223000,1171000,1076000,835000,1203000,1047000,972000,845000,809000]",529,10782000
1,84,10,"[315,383,373,374,317,365,386,382,313,389]","[891000,1098000,1047000,1051000,899000,1072000,1128000,1094000,890000,1126000]",389,10296000
1,85,10,"[357,348,352,394,295,288,387,392,291,303]","[1029000,1035000,1015000,1130000,836000,854000,1121000,1135000,831000,831000]",394,9817000
1,86,10,"[321,346,406,389,295,335,405,341,298,305]","[900000,1030000,1184000,1103000,838000,963000,1166000,988000,833000,833000]",406,9838000
1,87,10,"[298,379,356,420,298,287,377,389,293,296]","[848000,1112000,1034000,1193000,844000,849000,1090000,1131000,841000,812000]",420,9754000
1,88,10,"[303,396,375,338,327,348,351,360,290,385]","[862000,1176000,1060000,923000,916000,1021000,1008000,1037000,826000,1115000]",396,9944000
1,89,10,"[376,302,395,314,395,394,357,382,295,277]","[1088000,865000,1165000,899000,1144000,1143000,1031000,1087000,832000,764000]",395,10018000
1,90,10,"[279,375,403,315,332,396,361,388,298,286]","[809000,1107000,1185000,895000,946000,1147000,1051000,1115000,843000,774000]",403,9872000
1,91,10,"[317,376,383,350,298,329,381,347,294,395]","[912000,1099000,1128000,985000,848000,947000,1094000,1009000,855000,1136000]",395,10013000
1,92,10,"[350,371,383,358,335,377,376,386,290,267]","[1004000,1059000,1095000,1014000,949000,1077000,1074000,1117000,799000,735000]",386,9923000
1,93,10,"[300,352,374,391,331,338,365,358,294,389]","[838000,1038000,1072000,1097000,936000,987000,1022000,1028000,837000,1113000]",391,9968000
1,94,10,"[299,376,404,383,295,341,297,409,291,303]","[845000,1109000,1183000,1105000,836000,1005000,847000,1205000,831000,831000]",409,9797000
1,95,10,"[296,380,397,391,295,350,363,385,302,283]","[832000,1119000,1169000,1129000,845000,1025000,1065000,1102000,853000,767000]",397,9906000
1,96,10,"[301,377,409,324,300,396,360,386,293,277]","[837000,1078000,1220000,911000,864000,1185000,1047000,1103000,828000,749000]",409,9822000
1,97,10,"[353,375,382,312,277,329,383,385,298,390]","[1006000,1095000,1100000,849000,794000,947000,1114000,1130000,865000,1132000]",390,10032000
1,98,10,"[296,377,325,391,353,327,393,356,370,276]","[839000,1120000,942000,1121000,985000,936000,1155000,1045000,1026000,759000]",393,9928000
1,99,10,"[324,321,385,361,316,357,380,439,298,308]","[913000,957000,1136000,1003000,882000,1038000,1105000,1283000,851000,883000]",439,10051000
1,100,10,"[342,374,388,364,324,371,379,349,298,352]","[949000,1102000,1140000,1009000,911000,1075000,1095000,1010000,859000,1010000]",388,10160000
1,101,10,"[303,347,407,384,295,317,376,391,291,303]","[868000,1020000,1179000,1110000,836000,945000,1091000,1137000,831000,831000]",407,9848000
1,102,10,"[312,373,325,407,353,326,391,357,369,254]","[896000,1099000,942000,1165000,985000,936000,1154000,1050000,1027000,700000]",407,9954000
1,103,10,"[345,373,364,360,316,327,379,349,300,387]","[989000,1092000,1056000,1001000,887000,957000,1092000,1010000,869000,1131000]",387,10084000
2,1,10,"[209,317,350,372,382,367,367,387,375,314]","[613000,895000,953000,1081000,1075000,1058000,1025000,1107000,1073000,916000]",387,9796000
2,2,10,"[241,347,366,365,371,338,372,387,375,374]","[698000,991000,1025000,1046000,1061000,977000,1033000,1110000,1074000,1117000]",387,10132000
2,3,10,"[210,315,377,372,406,341,371,391,403,364]","[613000,904000,1027000,1071000,1109000,975000,1031000,1114000,1154000,1058000]",406,10056000
2,4,10,"[212,316,379,373,411,339,410,379,392,282]","[613000,909000,1042000,1073000,1115000,948000,1156000,1059000,1129000,795000]",411,9839000
2,5,10,"[226,333,317,347,408,336,370,392,385,378]","[659000,945000,886000,1022000,1103000,959000,1027000,1113000,1134000,1129000]",408,9977000
2,6,10,"[210,318,379,373,413,339,412,383,394,285]","[613000,904000,1044000,1073000,1115000,955000,1166000,1067000,1132000,802000]",413,9871000
2,7,10,"[349,351,365,364,371,341,374,387,378,354]","[1101000,997000,1023000,1046000,1045000,989000,1046000,1125000,1105000,985000]",387,10462000
2,8,10,"[330,350,364,360,372,348,373,388,382,331]","[990000,997000,1020000,1029000,1047000,993000,1031000,1112000,1082000,946000]",388,10247000
2,9,10,"[229,315,345,372,409,339,369,387,403,362]","[672000,904000,951000,1071000,1107000,955000,1028000,1111000,1154000,1060000]",409,10013000
2,10,10,"[210,315,377,389,407,341,366,394,401,364]","[613000,904000,1027000,1114000,1106000,975000,1021000,1129000,1150000,1058000]",407,10097000
2,11,10,"[330,349,362,358,366,348,319,389,377,375]","[990000,995000,1007000,1025000,1035000,993000,873000,1120000,1078000,1067000]",389,10183000
2,12,10,"[210,315,376,372,409,339,371,391,403,364]","[613000,904000,1027000,1071000,1107000,955000,1027000,1119000,1154000,1060000]",409,10037000
2,13,10,"[210,316,392,373,407,290,389,395,422,305]","[613000,904000,1084000,1076000,1102000,807000,1132000,1120000,1249000,879000]",422,9966000
2,14,10,"[203,378,389,315,362,335,403,409,418,301]","[603000,1043000,1038000,918000,1042000,945000,1169000,1157000,1196000,870000]",418,9981000
2,15,10,"[210,315,425,374,409,339,387,391,359,313]","[613000,904000,1157000,1075000,1107000,955000,1119000,1112000,1000000,892000]",425,9934000
2,16,10,"[233,404,368,348,358,336,427,393,334,270]","[664000,1130000,1036000,999000,1016000,966000,1244000,1122000,967000,766000]",427,9910000
2,17,10,"[219,316,374,375,411,342,416,389,317,388]","[640000,914000,1036000,1077000,1123000,961000,1180000,1066000,911000,1106000]",416,10014000
2,18,10,"[319,348,354,366,389,342,376,389,351,331]","[964000,1004000,994000,1050000,1116000,981000,1041000,1117000,993000,963000]",389,10223000
2,19,10,"[318,346,357,352,364,345,372,398,378,334]","[960000,989000,1000000,1013000,1027000,988000,1029000,1144000,1079000,972000]",398,10201000
2,20,10,"[244,377,362,330,407,380,374,389,369,345]","[722000,1039000,1001000,936000,1196000,1103000,1038000,1138000,1068000,981000]",407,10222000
2,21,10,"[331,348,361,364,366,343,385,395,393,327]","[981000,996000,1008000,1045000,1031000,977000,1098000,1094000,1149000,961000]",395,10340000
2,22,10,"[216,353,342,368,406,336,383,389,403,361]","[623000,1015000,942000,1066000,1103000,944000,1078000,1109000,1154000,1058000]",406,10092000
2,23,10,"[241,351,369,371,380,363,375,390,375,374]","[698000,1015000,1037000,1076000,1051000,1050000,1046000,1122000,1077000,1117000]",390,10289000
2,24,10,"[203,378,389,315,362,335,403,409,418,344]","[603000,1043000,1038000,918000,1042000,945000,1169000,1157000,1196000,1004000]",418,10115000
2,25,10,"[397,416,317,363,373,338,374,389,439,341]","[1239000,1179000,883000,1047000,1049000,977000,1031000,1111000,1289000,999000]",439,10804000
2,26,10,"[285,347,364,365,361,340,374,395,377,403]","[845000,991000,1020000,1046000,1017000,981000,1050000,1145000,1105000,1119000]",403,10319000
2,27,10,"[218,318,411,373,418,341,409,368,325,287]","[635000,915000,1139000,1073000,1121000,961000,1163000,1002000,925000,796000]",418,9730000
2,28,10,"[210,359,342,373,404,337,372,391,405,361]","[613000,1016000,942000,1073000,1107000,955000,1040000,1122000,1158000,1058000]",405,10084000
2,29,10,"[265,406,362,321,358,343,428,394,335,272]","[738000,1132000,1015000,921000,1016000,988000,1239000,1124000,969000,768000]",428,9910000
2,30,10,"[203,368,318,348,407,333,369,389,439,345]","[610000,1033000,894000,1035000,1109000,963000,1027000,1109000,1289000,1007000]",439,10076000
2,31,10,"[250,444,327,334,408,377,372,390,372,344]","[741000,1208000,877000,950000,1194000,1099000,1041000,1140000,1065000,976000]",444,10291000
2,32,10,"[211,360,340,377,413,340,415,381,390,277]","[613000,1011000,941000,1081000,1113000,955000,1172000,1075000,1125000,807000]",415,9893000
2,33,10,"[204,303,309,337,421,307,411,399,429,380]","[610000,846000,863000,1006000,1170000,863000,1173000,1142000,1260000,1106000]",429,10039000
2,34,10,"[210,315,387,383,407,343,369,393,392,342]","[613000,904000,1078000,1102000,1106000,988000,1028000,1130000,1130000,998000]",407,10077000
2,35,10,"[244,379,364,330,438,379,390,392,393,328]","[722000,1052000,1003000,936000,1281000,1103000,1125000,1138000,1092000,947000]",438,10399000
2,36,10,"[253,316,350,375,390,341,366,390,360,336]","[726000,913000,953000,1069000,1096000,986000,1027000,1128000,1023000,983000]",390,9904000
2,37,10,"[255,448,324,343,370,393,365,391,405,317]","[732000,1265000,885000,992000,1042000,1107000,1025000,1113000,1151000,903000]",448,10215000
2,38,10,"[211,360,340,377,413,338,416,382,392,281]","[613000,1011000,941000,1081000,1113000,950000,1167000,1077000,1132000,814000]",416,9899000
2,39,10,"[217,317,373,375,418,339,414,387,384,300]","[635000,909000,1034000,1077000,1142000,959000,1170000,1062000,1094000,840000]",418,9922000
2,40,10,"[217,321,378,348,416,375,368,465,388,341]","[639000,908000,1032000,1005000,1165000,1076000,1023000,1311000,1121000,959000]",465,10239000
2,41,10,"[203,378,389,315,362,335,403,409,418,301]","[603000,1043000,1038000,918000,1042000,945000,1169000,1157000,1196000,869000]",418,9980000
2,42,10,"[326,382,320,361,408,336,372,390,381,330]","[991000,1121000,898000,1040000,1120000,974000,1033000,1109000,1099000,957000]",408,10342000
2,43,10,"[233,408,361,350,372,335,427,396,334,268]","[664000,1140000,1013000,1006000,1062000,964000,1248000,1129000,954000,756000]",427,9936000
2,44,10,"[215,378,342,370,406,337,381,387,403,360]","[623000,1078000,942000,1063000,1103000,942000,1077000,1105000,1154000,1056000]",406,10143000
2,45,10,"[260,361,363,344,360,362,365,394,408,323]","[748000,1031000,1022000,997000,1016000,1038000,1033000,1139000,1160000,932000]",408,10116000
2,46,10,"[254,358,381,368,373,343,369,387,380,349]","[770000,984000,1045000,1057000,1050000,990000,1035000,1125000,1100000,977000]",387,10133000
2,47,10,"[243,367,356,347,425,355,365,389,356,343]","[695000,1029000,1003000,997000,1231000,1037000,1021000,1144000,1025000,962000]",425,10144000
2,48,10,"[244,376,368,330,447,379,369,391,378,381]","[722000,1037000,1020000,936000,1300000,1103000,1032000,1142000,1072000,1053000]",447,10417000
2,49,10,"[328,416,318,363,371,349,376,387,379,326]","[995000,1177000,882000,1038000,1043000,993000,1032000,1107000,1090000,930000]",416,10287000
2,50,10,"[210,322,375,388,409,343,353,440,322,364]","[613000,930000,1018000,1121000,1110000,959000,987000,1250000,914000,1061000]",440,9963000
2,51,10,"[206,318,386,379,408,343,369,389,373,361]","[628000,902000,1073000,1095000,1131000,977000,1027000,1110000,1071000,1082000]",408,10096000
2,52,10,"[327,350,360,362,371,348,394,390,396,282]","[987000,1006000,1005000,1029000,1050000,993000,1115000,1097000,1141000,802000]",396,10225000
2,53,10,"[207,389,353,366,353,339,405,417,418,297]","[623000,1105000,973000,1045000,991000,957000,1183000,1188000,1184000,863000]",418,10112000
2,54,10,"[328,366,315,371,410,337,367,386,362,332]","[993000,1027000,865000,1054000,1184000,971000,1025000,1105000,1015000,964000]",410,10203000
2,55,10,"[244,378,362,330,407,379,374,389,316,288]","[722000,1039000,1001000,936000,1204000,1103000,1038000,1138000,896000,836000]",407,9913000
2,56,10,"[209,365,315,372,382,367,367,387,375,314]","[613000,1012000,867000,1081000,1075000,1058000,1025000,1107000,1083000,913000]",387,9834000
2,57,10,"[328,356,352,364,372,349,391,391,326,376]","[989000,1017000,989000,1044000,1047000,993000,1112000,1090000,929000,1071000]",391,10281000
2,58,10,"[233,404,369,348,358,336,427,393,334,270]","[661000,1128000,1041000,999000,1016000,969000,1244000,1122000,967000,766000]",427,9913000
2,59,10,"[318,346,361,352,363,345,357,381,335,334]","[960000,989000,1013000,1013000,1032000,988000,991000,1089000,975000,972000]",381,10022000
2,60,10,"[210,318,411,373,409,290,392,394,376,315]","[613000,904000,1115000,1076000,1117000,807000,1138000,1127000,1088000,887000]",411,9872000
2,61,10,"[358,348,324,345,423,307,410,427,386,419]","[1055000,1012000,909000,974000,1173000,863000,1171000,1187000,1119000,1181000]",427,10644000
2,62,10,"[244,377,364,330,409,379,377,391,368,358]","[722000,1039000,1001000,936000,1191000,1103000,1055000,1129000,1063000,1041000]",409,10280000
2,63,10,"[319,348,358,363,389,342,374,386,351,331]","[964000,1004000,999000,1040000,1116000,981000,1039000,1108000,993000,951000]",389,10195000
2,64,10,"[315,346,357,352,364,337,372,398,378,334]","[939000,989000,1000000,1013000,1027000,977000,1031000,1144000,1079000,972000]",398,10171000
2,65,10,"[339,343,368,363,409,336,388,389,414,348]","[1066000,996000,1024000,1035000,1114000,940000,1068000,1124000,1187000,975000]",414,10529000
2,66,10,"[349,416,321,366,371,341,366,385,378,334]","[1099000,1175000,884000,1056000,1036000,984000,1023000,1121000,1105000,924000]",416,10407000
2,67,10,"[215,322,351,373,374,373,370,388,373,314]","[630000,902000,952000,1085000,1045000,1076000,1041000,1109000,1069000,912000]",388,9821000
2,68,10,"[252,355,353,366,362,339,370,396,374,377]","[729000,994000,989000,1059000,1027000,978000,1031000,1134000,1075000,1123000]",396,10139000
2,69,10,"[223,323,374,368,404,336,372,391,405,361]","[642000,942000,1023000,1063000,1112000,944000,1031000,1124000,1161000,1058000]",405,10100000
2,70,10,"[230,316,340,377,413,338,416,382,392,281]","[672000,904000,941000,1081000,1113000,950000,1167000,1077000,1132000,814000]",416,9851000
2,71,10,"[254,330,318,346,408,335,382,392,385,377]","[722000,939000,891000,1020000,1111000,963000,1049000,1113000,1139000,1124000]",408,10071000
2,72,10,"[210,315,379,372,412,339,413,384,371,304]","[613000,904000,1044000,1071000,1113000,955000,1168000,1075000,1063000,869000]",413,9875000
2,73,10,"[347,353,359,322,374,365,375,390,376,352]","[1099000,1009000,1013000,930000,1061000,1056000,1039000,1140000,1093000,983000]",390,10423000
2,74,10,"[330,356,359,358,368,348,368,415,377,339]","[993000,1017000,999000,1025000,1039000,993000,1027000,1181000,1072000,972000]",415,10318000
2,75,10,"[229,315,344,372,409,339,351,387,403,362]","[672000,906000,949000,1071000,1107000,955000,983000,1109000,1151000,1060000]",409,9963000
2,76,10,"[229,317,344,383,407,337,375,391,405,360]","[672000,914000,952000,1102000,1106000,955000,1052000,1122000,1154000,1056000]",407,10085000
2,77,10,"[330,349,365,360,362,348,320,384,384,378]","[990000,995000,1025000,1025000,1030000,993000,873000,1104000,1092000,1070000]",384,10197000
2,78,10,"[210,323,382,366,411,342,367,391,406,360]","[613000,923000,1050000,1059000,1114000,964000,1022000,1122000,1148000,1050000]",411,10065000
2,79,10,"[210,316,393,373,407,290,389,395,422,309]","[613000,904000,1080000,1076000,1102000,807000,1144000,1120000,1249000,887000]",422,9982000
2,80,10,"[184,378,389,315,419,335,403,409,418,297]","[544000,1043000,1038000,918000,1177000,945000,1169000,1157000,1187000,862000]",419,10040000
2,81,10,"[219,320,425,348,409,341,375,394,356,312]","[633000,927000,1157000,1023000,1115000,958000,1086000,1127000,994000,890000]",425,9910000
2,82,10,"[230,385,368,348,359,335,426,392,333,293]","[649000,1076000,1036000,999000,1021000,964000,1248000,1117000,944000,823000]",426,9877000
2,83,10,"[221,299,381,372,413,335,418,381,317,390]","[641000,896000,1055000,1071000,1117000,945000,1185000,1047000,913000,1108000]",418,9978000
2,84,10,"[319,348,364,363,389,342,374,388,357,331]","[964000,1004000,1013000,1040000,1116000,981000,1035000,1108000,1014000,951000]",389,10226000
2,85,10,"[321,350,363,352,371,355,375,391,378,334]","[975000,1006000,1008000,1013000,1054000,998000,1034000,1121000,1078000,972000]",391,10259000
2,86,10,"[244,380,362,330,408,379,362,390,368,349]","[722000,1045000,1001000,936000,1188000,1103000,1008000,1131000,1063000,1001000]",408,10198000
3,1,10,"[290,217,334,347,351,348,353,335,339,176]","[782000,609000,944000,968000,1000000,1002000,995000,952000,976000,492000]",353,8720000
3,2,10,"[153,240,327,395,301,318,246,322,325,180]","[448000,704000,951000,1131000,844000,906000,682000,892000,914000,514000]",395,7986000
3,3,10,"[203,220,273,358,295,318,260,323,303,298]","[587000,625000,774000,1037000,828000,902000,701000,916000,843000,777000]",358,7990000
3,4,10,"[289,195,339,317,339,312,356,315,324,264]","[781000,538000,957000,886000,945000,891000,1035000,890000,940000,710000]",356,8573000
3,5,10,"[289,209,355,291,341,318,324,346,329,268]","[782000,593000,1097000,821000,979000,879000,905000,986000,952000,704000]",355,8698000
3,6,10,"[153,290,279,398,302,321,247,322,321,174]","[448000,851000,814000,1149000,844000,918000,674000,899000,890000,506000]",398,7993000
3,7,10,"[171,260,358,301,342,341,352,349,345,181]","[500000,752000,1019000,839000,954000,973000,1014000,993000,921000,524000]",358,8489000
3,8,10,"[289,209,355,356,343,318,324,315,330,268]","[782000,593000,1097000,990000,999000,879000,905000,883000,952000,704000]",356,8784000
3,9,10,"[203,219,272,389,314,301,298,315,333,289]","[585000,625000,781000,1123000,881000,793000,815000,886000,953000,768000]",389,8210000
3,10,10,"[153,274,310,392,350,322,242,268,329,178]","[448000,808000,877000,1125000,985000,913000,667000,746000,943000,516000]",392,8028000
3,11,10,"[155,270,352,357,360,294,349,308,283,206]","[448000,764000,997000,965000,1009000,841000,1012000,879000,791000,608000]",360,8314000
3,12,10,"[153,274,310,395,301,320,246,321,334,178]","[448000,808000,877000,1133000,844000,909000,682000,897000,956000,512000]",395,8066000
3,13,10,"[175,219,282,383,295,335,321,314,335,304]","[499000,625000,797000,1101000,814000,956000,905000,885000,961000,816000]",383,8359000
3,14,10,"[155,272,352,325,362,294,348,354,287,206]","[448000,764000,997000,876000,1009000,841000,1010000,1010000,801000,608000]",362,8364000
3,15,10,"[154,269,358,328,359,351,359,342,304,196]","[450000,764000,1015000,878000,1009000,1005000,1038000,954000,867000,558000]",359,8538000
3,16,10,"[202,220,268,376,296,320,263,292,391,292]","[585000,625000,773000,1085000,834000,919000,724000,835000,1085000,766000]",391,8231000
3,17,10,"[168,290,279,399,304,316,245,325,316,177]","[483000,866000,814000,1151000,850000,908000,661000,895000,884000,512000]",399,8024000
3,18,10,"[202,220,268,355,296,320,262,319,392,290]","[585000,625000,773000,1031000,834000,919000,722000,907000,1087000,762000]",392,8245000
3,19,10,"[294,210,355,307,361,307,320,357,331,274]","[791000,595000,1088000,868000,1009000,869000,903000,984000,962000,726000]",361,8795000
3,20,10,"[155,228,329,371,338,340,350,291,348,179]","[453000,676000,914000,1068000,979000,968000,1027000,832000,933000,516000]",371,8366000
3,21,10,"[152,272,354,310,335,378,348,312,283,204]","[448000,768000,1001000,824000,946000,1083000,1017000,889000,791000,600000]",378,8367000
3,22,10,"[154,273,357,306,403,345,351,340,305,191]","[448000,768000,1009000,814000,1136000,998000,1016000,952000,870000,544000]",403,8555000
3,23,10,"[152,262,431,421,325,324,385,294,353,174]","[448000,792000,1237000,1232000,939000,927000,1115000,849000,939000,510000]",431,8988000
3,24,10,"[175,222,342,349,341,331,320,319,337,304]","[502000,627000,946000,980000,988000,954000,906000,888000,961000,814000]",349,8566000
3,25,10,"[152,278,306,394,306,310,259,316,340,179]","[448000,818000,876000,1131000,864000,888000,746000,872000,953000,518000]",394,8114000
3,26,10,"[152,272,354,310,336,378,346,354,302,185]","[448000,770000,1001000,818000,948000,1083000,1016000,994000,865000,540000]",378,8483000
3,27,10,"[294,214,355,300,368,313,324,358,334,321]","[792000,597000,1088000,849000,1014000,890000,904000,984000,992000,861000]",368,8971000
3,28,10,"[304,218,330,368,337,350,244,331,317,177]","[811000,612000,926000,995000,919000,999000,684000,914000,879000,512000]",368,8251000
3,29,10,"[197,274,413,308,338,317,360,324,327,202]","[571000,778000,1129000,862000,932000,898000,1033000,914000,909000,550000]",413,8576000
3,30,10,"[289,214,412,347,407,343,360,292,323,266]","[782000,603000,1222000,944000,1159000,979000,1037000,830000,944000,708000]",412,9208000
3,31,10,"[207,282,337,395,302,321,245,320,336,182]","[633000,801000,978000,1133000,846000,922000,656000,892000,934000,535000]",395,8330000
3,32,10,"[289,211,355,358,323,319,330,303,323,265]","[782000,596000,1092000,1010000,905000,910000,918000,870000,940000,717000]",358,8740000
3,33,10,"[155,229,324,415,338,357,292,331,352,177]","[453000,675000,895000,1226000,979000,1043000,821000,938000,941000,512000]",415,8483000
3,34,10,"[155,272,354,349,341,359,371,287,302,190]","[453000,770000,1093000,980000,985000,1033000,1053000,802000,861000,542000]",371,8572000
3,35,10,"[157,265,407,362,327,325,332,325,352,175]","[455000,744000,1153000,1039000,928000,944000,907000,925000,938000,512000]",407,8545000
3,36,10,"[154,269,358,367,360,353,358,342,302,196]","[450000,764000,1015000,987000,998000,1009000,1036000,954000,863000,558000]",367,8634000
3,37,10,"[204,219,281,358,301,334,337,292,398,287]","[591000,625000,808000,1031000,850000,947000,984000,819000,1096000,754000]",398,8505000
3,38,10,"[177,219,270,373,288,327,329,310,398,292]","[506000,625000,768000,1076000,808000,948000,922000,850000,1106000,779000]",398,8388000
3,39,10,"[152,265,395,420,402,339,389,319,352,173]","[448000,798000,1133000,1218000,1164000,988000,1135000,879000,934000,506000]",420,9203000
3,40,10,"[152,263,292,391,309,297,295,332,305,188]","[448000,752000,805000,1127000,865000,798000,817000,920000,870000,540000]",391,7942000
3,41,10,"[152,323,398,354,321,353,323,326,311,185]","[448000,950000,1192000,946000,906000,993000,910000,897000,882000,532000]",398,8656000
3,42,10,"[202,220,276,375,295,317,258,300,317,297]","[585000,625000,783000,1085000,826000,907000,699000,832000,881000,785000]",375,8008000
3,43,10,"[152,271,353,306,389,345,348,357,294,189]","[448000,769000,1010000,804000,1111000,978000,1015000,1009000,838000,536000]",389,8518000
3,44,10,"[155,283,374,374,338,346,365,310,293,183]","[453000,833000,1096000,1074000,979000,981000,1083000,870000,822000,518000]",374,8709000
3,45,10,"[202,220,268,355,328,324,260,319,394,290]","[585000,625000,773000,1031000,902000,933000,707000,907000,1087000,762000]",394,8312000
3,46,10,"[152,229,331,374,336,377,353,361,352,178]","[448000,681000,928000,1078000,946000,1081000,1042000,1005000,937000,508000]",377,8654000
3,47,10,"[153,304,425,368,352,407,239,359,297,188]","[448000,905000,1227000,1015000,1001000,1165000,651000,1006000,870000,546000]",425,8834000
3,48,10,"[152,273,313,392,311,293,294,322,325,175]","[448000,802000,896000,1125000,874000,779000,808000,882000,915000,510000]",392,8039000
3,49,10,"[203,219,281,374,328,256,363,294,396,290]","[589000,625000,814000,1083000,914000,667000,1064000,829000,1094000,768000]",396,8447000
3,50,10,"[183,219,283,279,346,332,321,312,333,302]","[525000,625000,802000,787000,924000,956000,909000,882000,957000,817000]",346,8184000
3,51,10,"[152,276,305,394,320,326,259,346,326,175]","[448000,811000,871000,1133000,885000,934000,698000,929000,913000,506000]",394,8128000
3,52,10,"[168,254,339,391,307,347,249,335,320,179]","[483000,751000,1015000,1127000,860000,994000,685000,907000,892000,528000]",391,8242000
3,53,10,"[290,269,374,455,398,322,255,326,321,264]","[784000,757000,1016000,1378000,1192000,946000,690000,937000,933000,713000]",455,9346000
3,54,10,"[152,272,365,357,388,311,262,319,321,180]","[448000,809000,1081000,988000,1010000,888000,746000,884000,896000,522000]",388,8272000
3,55,10,"[168,236,329,394,301,317,239,320,327,174]","[483000,700000,960000,1133000,844000,906000,655000,889000,910000,506000]",394,7986000
3,56,10,"[154,225,358,333,339,349,362,292,356,181]","[448000,637000,1104000,954000,978000,988000,1049000,836000,951000,524000]",362,8469000
3,57,10,"[156,239,331,352,365,359,373,327,342,185]","[453000,693000,930000,1010000,1013000,1042000,1077000,933000,913000,522000]",373,8586000
3,58,10,"[152,303,382,325,359,341,373,342,303,192]","[448000,865000,1100000,893000,979000,973000,1087000,954000,867000,542000]",382,8708000
3,59,10,"[175,259,376,395,295,331,320,337,317,197]","[495000,755000,1048000,1131000,826000,947000,897000,926000,873000,566000]",395,8464000
3,60,10,"[290,217,334,347,351,389,303,335,339,176]","[782000,609000,944000,970000,1000000,1135000,840000,952000,976000,492000]",389,8700000
3,61,10,"[153,240,334,390,351,318,242,268,331,182]","[448000,704000,957000,1121000,987000,912000,667000,746000,935000,526000]",390,8003000
3,62,10,"[202,220,316,358,344,314,262,325,305,291]","[585000,625000,860000,1037000,949000,902000,714000,920000,835000,765000]",358,8192000
3,63,10,"[289,193,339,317,335,312,356,353,273,264]","[781000,534000,957000,874000,925000,891000,1035000,1027000,784000,710000]",356,8518000
3,64,10,"[329,211,357,294,344,318,320,340,295,273]","[877000,606000,1091000,831000,987000,888000,916000,977000,858000,728000]",357,8759000
3,65,10,"[153,290,279,393,301,316,247,322,336,181]","[448000,851000,814000,1129000,844000,908000,668000,899000,960000,525000]",393,8046000
3,66,10,"[171,269,359,312,315,347,353,351,346,182]","[500000,784000,1027000,872000,883000,1003000,1027000,1003000,923000,526000]",359,8548000
3,67,10,"[288,210,356,355,343,317,320,316,331,266]","[780000,595000,1096000,990000,991000,881000,902000,888000,950000,706000]",356,8779000
3,68,10,"[201,219,268,392,310,307,296,318,326,292]","[585000,625000,768000,1136000,866000,826000,814000,905000,937000,775000]",392,8237000
3,69,10,"[153,275,275,393,352,316,242,269,332,178]","[448000,819000,803000,1127000,989000,911000,667000,746000,938000,518000]",393,7966000
3,70,10,"[152,269,353,359,362,240,412,305,292,221]","[448000,764000,999000,969000,1011000,666000,1195000,873000,819000,673000]",412,8417000
3,71,10,"[153,274,316,396,301,331,239,323,316,174]","[448000,802000,893000,1142000,844000,946000,648000,897000,880000,510000]",396,8010000
3,72,10,"[175,219,282,383,288,335,320,315,308,325]","[499000,625000,797000,1093000,811000,951000,905000,885000,883000,882000]",383,8331000
3,73,10,"[153,270,354,299,361,291,348,344,286,227]","[448000,764000,996000,824000,1009000,840000,1010000,978000,795000,665000]",361,8329000
3,74,10,"[158,303,360,327,361,353,361,296,306,198]","[473000,851000,1025000,892000,1013000,1012000,1051000,841000,858000,550000]",361,8566000
3,75,10,"[219,220,244,376,296,318,263,292,391,292]","[637000,625000,711000,1085000,834000,910000,718000,842000,1083000,764000]",391,8209000
3,76,10,"[168,289,258,394,302,319,239,321,322,174]","[483000,861000,771000,1129000,846000,916000,655000,894000,902000,506000]",394,7963000
3,77,10,"[202,237,244,355,296,320,262,319,392,290]","[585000,677000,711000,1031000,834000,914000,716000,907000,1085000,760000]",392,8220000
3,78,10,"[291,251,359,304,363,310,323,361,304,269]","[786000,687000,1104000,851000,1014000,877000,894000,985000,872000,720000]",363,8790000
3,79,10,"[155,228,329,424,303,340,350,293,349,179]","[453000,676000,914000,1220000,867000,968000,1027000,837000,933000,516000]",424,8411000
4,1,10,"[215,324,393,382,310,390,359,321,305,300]","[630000,918000,1098000,1102000,860000,1152000,1014000,900000,838000,877000]",393,9389000
4,2,10,"[203,332,389,385,316,389,329,370,340,277]","[608000,949000,1102000,1114000,866000,1156000,920000,1039000,930000,772000]",389,9456000
4,3,10,"[262,376,367,371,369,338,342,384,345,358]","[737000,1033000,1025000,1099000,1052000,998000,957000,1149000,995000,993000]",384,10038000
4,4,10,"[264,376,365,370,366,354,369,383,312,386]","[739000,1037000,1024000,1097000,1037000,1038000,1024000,1119000,900000,1074000]",386,10089000
4,5,10,"[258,324,408,394,260,435,327,360,229,301]","[738000,927000,1137000,1178000,724000,1296000,948000,1005000,620000,824000]",435,9397000
4,6,10,"[205,298,392,378,310,371,367,358,356,313]","[607000,856000,1099000,1098000,860000,1105000,1014000,986000,985000,888000]",392,9498000
4,7,10,"[262,374,369,371,369,387,342,384,323,365]","[737000,1033000,1032000,1099000,1052000,1126000,957000,1149000,921000,1007000]",387,10113000
4,8,10,"[210,297,385,382,302,398,382,362,332,323]","[627000,849000,1085000,1119000,832000,1174000,1060000,994000,912000,937000]",398,9589000
4,9,10,"[255,326,412,394,260,435,329,362,278,267]","[717000,931000,1141000,1173000,724000,1296000,948000,1010000,738000,737000]",435,9415000
4,10,10,"[274,376,366,371,367,354,370,383,312,386]","[766000,1037000,1024000,1093000,1035000,1038000,1024000,1119000,900000,1078000]",386,10114000
4,11,10,"[259,321,404,398,249,420,406,349,267,290]","[739000,921000,1143000,1188000,706000,1245000,1096000,960000,749000,817000]",420,9564000
4,12,10,"[214,385,394,374,367,382,370,325,297,289]","[615000,1061000,1115000,1097000,1035000,1103000,1047000,919000,824000,805000]",394,9621000
4,13,10,"[232,387,396,375,365,351,361,327,298,289]","[684000,1063000,1115000,1099000,1035000,1023000,1049000,919000,832000,805000]",396,9624000
4,14,10,"[260,321,401,396,253,425,405,346,265,290]","[739000,921000,1139000,1179000,716000,1270000,1098000,952000,739000,817000]",425,9570000
4,15,10,"[260,324,410,396,260,437,327,362,275,267]","[742000,927000,1141000,1188000,724000,1306000,948000,1005000,736000,731000]",437,9448000
4,16,10,"[208,301,385,379,314,399,383,356,335,321]","[619000,863000,1085000,1115000,864000,1183000,1068000,985000,912000,919000]",399,9613000
4,17,10,"[260,321,409,395,253,432,404,346,262,297]","[732000,921000,1148000,1173000,721000,1278000,1087000,954000,734000,821000]",432,9569000
4,18,10,"[262,374,370,370,368,386,368,388,323,364]","[737000,1033000,1033000,1097000,1037000,1126000,1033000,1135000,921000,1005000]",388,10157000
4,19,10,"[222,357,389,383,310,435,405,312,260,289]","[658000,1007000,1093000,1110000,860000,1282000,1090000,876000,727000,823000]",435,9526000
4,20,10,"[204,369,402,375,365,384,362,327,266,316]","[600000,1032000,1136000,1103000,1035000,1099000,1054000,919000,742000,887000]",402,9607000
4,21,10,"[207,334,400,370,332,443,352,322,273,292]","[627000,926000,1136000,1097000,928000,1275000,1010000,903000,765000,815000]",443,9482000
4,22,10,"[562,455,384,377,320,393,355,328,303,299]","[1825000,1302000,1075000,1102000,897000,1160000,1025000,912000,831000,852000]",562,10981000
4,23,10,"[270,373,428,397,353,344,347,400,300,342]","[749000,1031000,1186000,1187000,1003000,953000,1005000,1205000,852000,941000]",428,10112000
4,24,10,"[258,324,400,398,238,441,358,373,326,292]","[734000,927000,1128000,1192000,680000,1269000,967000,1038000,892000,827000]",441,9654000
4,25,10,"[256,328,407,394,260,435,327,361,231,298]","[721000,935000,1135000,1173000,724000,1296000,948000,1005000,620000,820000]",435,9377000
4,26,10,"[258,329,397,396,316,484,368,380,326,296]","[732000,943000,1113000,1177000,934000,1387000,1010000,1048000,892000,838000]",484,10074000
4,27,10,"[557,375,393,377,321,359,353,345,333,385]","[1809000,1046000,1099000,1096000,900000,1033000,966000,1005000,896000,1086000]",557,10936000
4,28,10,"[243,265,417,370,385,391,404,392,346,338]","[675000,731000,1184000,1097000,1087000,1126000,1139000,1159000,997000,931000]",417,10126000
4,29,10,"[207,400,398,377,371,398,324,370,280,272]","[602000,1100000,1121000,1105000,1048000,1154000,939000,1035000,752000,745000]",400,9601000
4,30,10,"[206,372,400,375,319,427,345,383,318,314]","[603000,1048000,1120000,1094000,883000,1252000,948000,1084000,868000,882000]",427,9782000
4,31,10,"[271,374,430,390,353,421,391,388,240,338]","[758000,1039000,1184000,1156000,1012000,1194000,1103000,1120000,675000,928000]",430,10169000
4,32,10,"[209,367,414,396,254,437,328,370,299,367]","[606000,1013000,1151000,1179000,712000,1294000,950000,1040000,829000,1023000]",437,9797000
4,33,10,"[434,411,445,429,319,400,378,369,360,365]","[1398000,1170000,1264000,1248000,884000,1174000,1053000,999000,971000,1062000]",445,11223000
4,34,10,"[203,369,405,376,370,351,384,396,297,352]","[598000,1032000,1144000,1108000,1045000,1015000,1068000,1162000,791000,984000]",405,9947000
4,35,10,"[210,307,392,384,317,395,380,388,349,320]","[630000,887000,1100000,1128000,873000,1174000,1056000,1071000,966000,895000]",395,9780000
4,36,10,"[268,373,425,394,350,426,376,397,248,337]","[746000,1031000,1181000,1172000,997000,1182000,1073000,1186000,705000,925000]",426,10198000
4,37,10,"[208,377,409,401,254,442,328,328,355,311]","[611000,1049000,1144000,1187000,712000,1310000,950000,929000,988000,889000]",442,9769000
4,38,10,"[182,381,461,379,303,405,380,372,339,355]","[536000,1057000,1332000,1114000,851000,1168000,1058000,1020000,922000,995000]",461,10053000
4,39,10,"[210,389,400,377,367,384,367,325,269,316]","[608000,1073000,1136000,1103000,1035000,1108000,1056000,919000,746000,887000]",400,9671000
4,40,10,"[229,354,385,376,310,431,405,342,290,258]","[694000,1005000,1085000,1100000,860000,1282000,1090000,945000,811000,725000]",431,9597000
4,41,10,"[208,412,399,382,376,387,365,350,357,342]","[608000,1139000,1129000,1111000,1064000,1117000,1060000,991000,954000,984000]",412,10157000
4,42,10,"[260,326,408,393,258,445,359,372,286,318]","[738000,931000,1169000,1176000,719000,1289000,970000,1032000,780000,894000]",445,9698000
4,43,10,"[175,364,370,382,389,424,357,345,417,409]","[518000,976000,1052000,1093000,1127000,1214000,1008000,1020000,1161000,1159000]",424,10328000
4,44,10,"[202,292,388,385,301,404,393,326,297,276]","[602000,828000,1100000,1118000,830000,1192000,1095000,921000,837000,771000]",404,9294000
4,45,10,"[367,304,395,375,318,431,425,365,340,316]","[1091000,883000,1099000,1098000,885000,1291000,1194000,1057000,926000,890000]",431,10414000
4,46,10,"[322,309,390,383,400,389,342,401,312,345]","[884000,873000,1104000,1123000,1173000,1114000,994000,1201000,877000,946000]",401,10289000
4,47,10,"[208,318,391,382,300,419,350,410,320,309]","[619000,900000,1103000,1113000,828000,1219000,973000,1158000,916000,894000]",419,9723000
4,48,10,"[207,321,400,389,320,390,340,403,315,312]","[614000,912000,1125000,1126000,884000,1114000,984000,1204000,902000,897000]",403,9762000
4,49,10,"[208,292,401,377,320,426,346,382,309,314]","[622000,842000,1129000,1098000,891000,1250000,948000,1068000,855000,886000]",426,9589000
4,50,10,"[333,290,388,376,324,424,345,386,361,458]","[973000,829000,1096000,1098000,912000,1249000,948000,1093000,991000,1282000]",458,10471000
4,51,10,"[260,324,402,475,236,437,355,371,287,318]","[738000,927000,1132000,1381000,680000,1258000,965000,1030000,785000,894000]",475,9790000
4,52,10,"[557,384,462,388,321,394,373,335,330,316]","[1806000,1077000,1355000,1117000,896000,1172000,1064000,937000,884000,887000]",557,11195000
4,53,10,"[201,399,385,355,370,358,370,386,344,345]","[601000,1135000,1085000,1001000,1054000,1054000,1034000,1150000,979000,975000]",399,10068000
4,54,10,"[262,328,410,396,365,437,327,364,282,269]","[746000,935000,1159000,1173000,971000,1300000,945000,1011000,758000,741000]",437,9739000
4,55,10,"[277,374,417,397,357,337,379,395,273,366]","[769000,1039000,1164000,1164000,1012000,945000,1091000,1156000,770000,1007000]",417,10117000
4,56,10,"[276,373,428,397,353,344,347,400,270,367]","[760000,1031000,1186000,1187000,1003000,953000,1005000,1205000,765000,1008000]",428,10103000
4,57,10,"[208,295,397,375,332,397,385,358,333,324]","[619000,845000,1096000,1116000,922000,1179000,1064000,992000,912000,910000]",397,9655000
4,58,10,"[233,257,408,383,367,388,342,399,322,339]","[652000,712000,1155000,1124000,1043000,1112000,979000,1206000,923000,935000]",408,9841000
4,59,10,"[258,329,397,397,280,443,353,453,238,332]","[734000,943000,1115000,1190000,781000,1279000,961000,1219000,674000,922000]",453,9818000
4,60,10,"[370,346,494,377,318,392,379,405,337,382]","[1139000,956000,1441000,1092000,876000,1174000,1076000,1194000,904000,1068000]",494,10920000
4,61,10,"[213,453,378,382,443,431,402,339,340,370]","[611000,1250000,1096000,1097000,1257000,1234000,1085000,954000,911000,1058000]",453,10553000
4,62,10,"[410,379,397,372,392,520,357,321,403,479]","[1215000,1041000,1133000,1101000,1183000,1550000,1014000,900000,1077000,1469000]",520,11683000
4,63,10,"[375,401,487,379,311,354,363,397,274,389]","[1167000,1091000,1428000,1102000,874000,1000000,1039000,1172000,772000,1094000]",487,10739000
4,64,10,"[258,324,402,398,235,439,355,371,286,318]","[738000,927000,1132000,1191000,675000,1268000,965000,1030000,785000,894000]",439,9605000
4,65,10,"[226,334,400,400,236,446,358,413,337,369]","[675000,953000,1123000,1188000,674000,1275000,973000,1267000,955000,1035000]",446,10118000
4,66,10,"[233,376,407,375,369,388,342,388,342,337]","[648000,1047000,1123000,1103000,1054000,1130000,957000,1154000,984000,932000]",407,10132000
4,67,10,"[256,330,415,396,296,419,363,375,337,315]","[737000,939000,1146000,1179000,841000,1243000,1044000,1077000,916000,884000]",419,10006000
4,68,10,"[204,297,407,384,367,385,367,397,273,363]","[594000,837000,1152000,1143000,1043000,1107000,1074000,1173000,770000,1004000]",407,9897000
4,69,10,"[305,290,393,390,300,406,370,371,381,397]","[964000,822000,1117000,1131000,826000,1205000,1028000,1017000,1014000,1112000]",406,10236000
4,70,10,"[318,461,399,382,350,403,350,326,297,301]","[912000,1304000,1102000,1094000,973000,1167000,980000,918000,839000,837000]",461,10126000
4,71,10,"[208,388,416,382,257,435,329,368,410,354]","[608000,1045000,1198000,1124000,712000,1296000,955000,1026000,1100000,1020000]",435,10084000
4,72,10,"[260,321,399,397,251,423,401,344,262,297]","[736000,921000,1137000,1188000,721000,1254000,1079000,954000,734000,821000]",423,9545000
4,73,10,"[228,412,398,400,237,429,404,312,301,269]","[675000,1182000,1114000,1177000,675000,1196000,1088000,882000,841000,753000]",429,9583000
4,74,10,"[198,314,389,388,313,397,326,390,298,279]","[591000,883000,1087000,1140000,864000,1169000,913000,1094000,834000,776000]",397,9351000
4,75,10,"[212,319,394,375,336,444,355,318,288,301]","[617000,899000,1099000,1097000,934000,1277000,1020000,894000,806000,878000]",444,9521000
4,76,10,"[230,370,389,380,321,440,328,361,275,265]","[702000,1061000,1105000,1108000,876000,1309000,950000,1008000,736000,729000]",440,9584000
4,77,10,"[183,333,397,380,308,388,357,331,273,277]","[549000,929000,1135000,1106000,856000,1154000,1026000,938000,765000,772000]",397,9230000
4,78,10,"[267,387,397,374,366,383,366,341,335,293]","[787000,1111000,1109000,1077000,1023000,1078000,1055000,967000,899000,805000]",397,9911000
4,79,10,"[214,387,398,375,353,379,371,322,299,289]","[615000,1071000,1121000,1099000,948000,1105000,1062000,914000,826000,805000]",398,9566000
4,80,10,"[434,347,359,374,319,396,328,388,378,462]","[1297000,952000,1030000,1096000,897000,1180000,909000,1096000,1027000,1346000]",462,10830000
4,81,10,"[258,326,402,396,316,481,337,430,287,331]","[737000,931000,1127000,1191000,927000,1374000,953000,1221000,784000,911000]",481,10156000
4,82,10,"[199,292,405,379,318,413,372,364,341,315]","[588000,845000,1124000,1127000,897000,1190000,1029000,996000,927000,886000]",413,9609000
4,83,10,"[229,392,433,395,346,348,368,396,261,316]","[678000,1126000,1214000,1177000,995000,993000,1078000,1162000,728000,897000]",433,10048000
4,84,10,"[227,338,429,398,353,374,348,409,268,276]","[674000,930000,1204000,1183000,1007000,1048000,997000,1229000,758000,784000]",429,9814000
4,85,10,"[178,375,398,370,332,439,354,318,273,295]","[516000,1035000,1119000,1097000,928000,1271000,1015000,890000,765000,811000]",439,9447000
4,86,10,"[317,311,387,375,314,391,324,368,379,432]","[883000,869000,1096000,1098000,864000,1156000,903000,1024000,1071000,1230000]",432,10194000
4,87,10,"[206,386,394,381,365,385,368,354,345,336]","[603000,1056000,1115000,1113000,1035000,1123000,1066000,989000,969000,946000]",394,10015000
4,88,10,"[258,320,410,394,260,435,327,360,275,267]","[732000,916000,1137000,1178000,724000,1296000,948000,1003000,736000,734000]",435,9404000
4,89,10,"[233,353,408,379,369,388,338,399,298,341]","[652000,979000,1155000,1110000,1043000,1112000,979000,1206000,848000,937000]",408,10021000
4,90,10,"[209,298,395,382,304,397,362,362,290,357]","[625000,860000,1115000,1119000,834000,1184000,1012000,999000,789000,1014000]",397,9551000
4,91,10,"[256,323,417,397,283,375,354,319,273,295]","[732000,925000,1188000,1181000,766000,1134000,1017000,894000,765000,809000]",417,9411000
4,92,10,"[234,357,405,377,367,392,367,396,273,370]","[652000,987000,1149000,1103000,1041000,1117000,1068000,1168000,776000,1012000]",405,10073000
4,93,10,"[334,382,428,391,361,341,373,345,281,347]","[1046000,1063000,1192000,1160000,1033000,970000,1066000,1017000,773000,971000]",428,10291000
4,94,10,"[249,296,394,378,358,407,311,385,295,266]","[727000,856000,1094000,1085000,998000,1172000,862000,1124000,796000,745000]",407,9459000
4,95,10,"[222,375,409,396,235,448,352,327,284,268]","[650000,1086000,1139000,1175000,671000,1289000,959000,942000,798000,747000]",448,9456000
4,96,10,"[266,384,431,392,318,428,393,390,241,341]","[730000,1065000,1222000,1162000,904000,1199000,1108000,1120000,679000,930000]",431,10119000
4,97,10,"[241,297,385,380,377,389,399,380,339,339]","[665000,841000,1083000,1111000,1065000,1126000,1134000,1117000,969000,939000]",399,10050000
4,98,10,"[217,335,390,344,307,389,353,326,305,375]","[672000,940000,1104000,970000,854000,1148000,1006000,915000,835000,1047000]",390,9491000
4,99,10,"[203,346,395,385,318,392,331,371,347,277]","[608000,988000,1124000,1114000,879000,1160000,915000,1041000,932000,772000]",395,9533000
4,100,10,"[266,381,369,374,370,337,347,384,355,362]","[741000,1047000,1032000,1105000,1056000,998000,962000,1149000,1011000,1001000]",384,10102000
4,101,10,"[264,376,366,371,367,353,403,332,312,385]","[739000,1037000,1026000,1099000,1043000,1036000,1138000,988000,900000,1072000]",403,10078000
4,102,10,"[258,324,408,394,260,374,327,360,272,301]","[738000,927000,1137000,1178000,724000,1132000,948000,1005000,748000,824000]",408,9361000
4,103,10,"[202,301,400,380,290,364,372,359,363,322]","[601000,863000,1131000,1100000,835000,1085000,1021000,988000,995000,914000]",400,9533000
4,104,10,"[286,372,369,372,367,383,283,391,316,365]","[797000,1029000,1032000,1101000,1041000,1110000,829000,1163000,911000,1009000]",391,10022000
4,105,10,"[208,301,389,379,302,396,374,359,299,335]","[623000,863000,1092000,1115000,832000,1174000,1049000,988000,819000,955000]",396,9510000
4,106,10,"[257,302,407,396,260,437,328,363,276,294]","[726000,862000,1135000,1179000,724000,1303000,953000,1014000,736000,822000]",437,9454000
4,107,10,"[274,375,366,370,367,348,370,407,310,384]","[762000,1035000,1029000,1091000,1035000,1015000,1042000,1170000,890000,1076000]",407,10145000
4,108,10,"[357,328,394,395,254,421,357,349,273,292]","[981000,935000,1109000,1186000,710000,1256000,944000,967000,752000,827000]",421,9667000
4,109,10,"[210,398,394,374,367,380,370,325,303,289]","[607000,1080000,1115000,1097000,1035000,1101000,1047000,919000,842000,805000]",398,9648000
4,110,10,"[256,343,396,374,364,349,359,327,297,289]","[737000,953000,1115000,1103000,1035000,1013000,1039000,919000,824000,805000]",396,9543000
4,111,10,"[260,328,398,396,270,425,409,380,270,290]","[739000,935000,1129000,1175000,735000,1260000,1100000,1046000,750000,817000]",425,9686000
4,112,10,"[259,324,410,396,259,437,309,362,302,267]","[743000,927000,1141000,1181000,722000,1303000,882000,1005000,810000,736000]",437,9450000
4,113,10,"[208,308,385,382,314,401,379,356,333,321]","[619000,877000,1085000,1121000,868000,1183000,1057000,991000,912000,919000]",401,9632000
4,114,10,"[261,321,382,394,261,437,409,344,262,297]","[732000,921000,1085000,1168000,729000,1294000,1097000,956000,734000,832000]",437,9548000
4,115,10,"[262,376,365,370,366,337,369,388,347,358]","[737000,1033000,1024000,1097000,1037000,998000,1030000,1135000,999000,993000]",388,10083000
4,116,10,"[236,354,388,379,310,446,405,311,250,293]","[712000,1002000,1091000,1102000,860000,1323000,1088000,877000,695000,831000]",446,9581000
4,117,10,"[204,369,402,375,365,384,362,396,268,316]","[600000,1032000,1136000,1103000,1035000,1101000,1054000,1062000,749000,887000]",402,9759000
5,1,10,"[348,343,392,323,368,336,342,370,382,306]","[990000,951000,1127000,988000,1089000,935000,955000,1073000,1021000,891000]",392,10020000
5,2,10,"[347,334,393,323,365,329,345,365,381,310]","[982000,935000,1112000,988000,1083000,929000,965000,1053000,1044000,926000]",393,10017000
5,3,10,"[342,336,376,325,377,356,323,411,299,350]","[969000,926000,1072000,989000,1104000,1026000,898000,1194000,829000,992000]",411,9999000
5,4,10,"[334,337,376,324,377,356,326,411,309,353]","[958000,934000,1072000,987000,1104000,1026000,904000,1194000,843000,997000]",411,10019000
5,5,10,"[313,341,381,353,409,343,385,395,399,252]","[871000,1000000,1085000,1067000,1158000,1031000,1114000,1124000,1054000,716000]",409,10220000
5,6,10,"[348,333,377,386,390,352,405,356,366,251]","[1011000,916000,1084000,1167000,1147000,1013000,1202000,1027000,975000,727000]",405,10269000
5,7,10,"[317,388,382,351,346,335,376,399,376,358]","[925000,1052000,1078000,1063000,1022000,981000,1079000,1146000,1023000,1034000]",399,10403000
5,8,10,"[314,379,363,351,403,338,377,398,372,307]","[901000,1043000,1038000,1065000,1169000,991000,1079000,1144000,1001000,884000]",403,10315000
5,9,10,"[319,341,376,394,372,338,388,402,404,258]","[878000,998000,1073000,1202000,1041000,1008000,1116000,1134000,1095000,743000]",404,10288000
5,10,10,"[324,291,409,351,401,328,323,412,359,303]","[928000,839000,1142000,1065000,1108000,940000,873000,1214000,1024000,887000]",412,10020000
5,11,10,"[316,349,382,351,403,338,378,404,375,308]","[905000,948000,1084000,1065000,1174000,986000,1079000,1165000,1008000,884000]",404,10298000
5,12,10,"[322,380,403,384,399,369,402,382,342,349]","[898000,1101000,1184000,1151000,1156000,999000,1145000,1061000,977000,1012000]",403,10684000
5,13,10,"[333,330,383,353,411,337,384,393,399,252]","[939000,887000,1089000,1065000,1166000,995000,1112000,1115000,1058000,723000]",411,10149000
5,14,10,"[317,405,381,351,403,336,377,398,372,306]","[922000,1093000,1087000,1063000,1169000,983000,1079000,1144000,1003000,886000]",405,10429000
5,15,10,"[314,386,403,394,399,389,402,361,343,349]","[877000,1126000,1179000,1174000,1160000,1054000,1145000,998000,982000,1012000]",403,10707000
5,16,10,"[324,350,413,356,374,323,324,416,333,306]","[908000,988000,1150000,1084000,1064000,925000,873000,1216000,943000,897000]",416,10048000
5,17,10,"[346,345,410,349,376,366,393,367,397,260]","[1002000,942000,1144000,1048000,1098000,1080000,1146000,1070000,1059000,748000]",410,10337000
5,18,10,"[317,363,408,353,411,355,378,405,354,295]","[893000,1019000,1140000,1063000,1133000,1043000,1079000,1158000,948000,811000]",411,10287000
5,19,10,"[341,332,377,326,375,363,323,412,317,338]","[983000,916000,1080000,987000,1102000,1020000,905000,1196000,885000,985000]",412,10059000
5,20,10,"[317,295,386,353,411,344,383,402,377,347]","[925000,805000,1085000,1065000,1171000,1002000,1110000,1150000,1024000,1005000]",411,10342000
5,21,10,"[297,372,384,316,446,338,388,400,382,304]","[873000,1043000,1080000,983000,1258000,994000,1129000,1157000,1017000,880000]",446,10414000
5,22,10,"[299,366,412,353,406,355,378,398,357,295]","[844000,1011000,1160000,1063000,1153000,1038000,1079000,1144000,954000,819000]",412,10265000
5,23,10,"[333,347,383,353,411,337,384,393,399,251]","[939000,985000,1089000,1065000,1166000,995000,1112000,1115000,1058000,718000]",411,10242000
5,24,10,"[319,382,380,350,400,400,376,402,374,302]","[929000,1021000,1088000,1063000,1172000,1157000,1079000,1161000,1012000,882000]",402,10564000
5,25,10,"[317,465,424,326,373,305,333,412,432,282]","[906000,1260000,1183000,997000,1098000,859000,950000,1144000,1216000,825000]",465,10438000
5,26,10,"[344,335,380,328,381,322,423,452,365,287]","[998000,921000,1095000,991000,1112000,948000,1192000,1279000,1015000,819000]",452,10370000
5,27,10,"[337,345,383,332,381,321,394,455,330,389]","[960000,944000,1092000,997000,1114000,924000,1056000,1282000,925000,1082000]",455,10376000
5,28,10,"[320,454,395,415,402,353,438,390,296,351]","[881000,1343000,1118000,1207000,1179000,977000,1220000,1097000,829000,999000]",454,10850000
5,29,10,"[319,386,374,329,373,353,368,420,354,286]","[897000,1068000,1068000,997000,1100000,1009000,1077000,1218000,960000,822000]",420,10216000
5,30,10,"[319,341,380,320,442,340,384,401,402,262]","[876000,998000,1077000,991000,1233000,1009000,1116000,1130000,1093000,751000]",442,10274000
5,31,10,"[305,361,414,354,398,343,379,399,348,287]","[865000,1012000,1165000,1071000,1165000,1003000,1079000,1142000,942000,803000]",414,10247000
5,32,10,"[297,355,412,357,373,358,385,418,371,280]","[846000,1010000,1148000,1089000,1076000,1046000,1112000,1235000,1034000,777000]",418,10373000
5,33,10,"[286,374,376,353,404,344,388,421,408,288]","[833000,1052000,1082000,1063000,1144000,1026000,1125000,1190000,1104000,829000]",421,10448000
5,34,10,"[256,383,429,356,403,332,325,415,378,371]","[716000,1120000,1219000,1071000,1112000,960000,872000,1214000,1020000,1025000]",429,10329000
5,35,10,"[292,451,435,406,410,306,394,414,354,300]","[844000,1328000,1251000,1182000,1194000,834000,1090000,1122000,966000,832000]",451,10643000
5,36,10,"[302,342,384,354,408,384,435,396,340,255]","[859000,1004000,1101000,1069000,1156000,1133000,1244000,1118000,911000,718000]",435,10313000
5,37,10,"[358,342,393,330,365,328,347,421,487,416]","[1030000,952000,1116000,1002000,1073000,941000,973000,1176000,1361000,1173000]",487,10797000
5,38,10,"[313,319,390,353,400,346,378,401,373,306]","[899000,868000,1132000,1069000,1159000,1011000,1081000,1149000,1007000,886000]",401,10261000
5,39,10,"[346,429,408,347,380,359,410,365,390,236]","[1002000,1193000,1140000,1048000,1102000,1063000,1123000,1055000,1043000,666000]",429,10435000
5,40,10,"[329,426,456,409,395,299,409,400,302,382]","[916000,1257000,1251000,1183000,1159000,820000,1187000,1151000,837000,1077000]",456,10838000
5,41,10,"[346,342,411,397,409,359,389,365,390,255]","[1002000,936000,1146000,1163000,1187000,1047000,1117000,1057000,1043000,734000]",411,10432000
5,42,10,"[399,421,394,383,371,325,450,404,391,400]","[1148000,1162000,1113000,1143000,1128000,898000,1285000,1118000,1098000,1177000]",450,11270000
5,43,10,"[327,358,420,354,375,389,371,408,352,285]","[928000,1006000,1186000,1079000,1107000,1129000,1066000,1164000,942000,824000]",420,10431000
5,44,10,"[421,275,369,373,348,345,320,446,283,425]","[1179000,750000,1052000,1118000,1062000,977000,906000,1264000,790000,1228000]",446,10326000
5,45,10,"[314,341,379,323,362,333,377,405,367,313]","[913000,940000,1068000,994000,1071000,976000,1072000,1158000,1000000,896000]",405,10088000
5,46,10,"[317,410,405,380,403,393,377,430,380,325]","[910000,1164000,1183000,1147000,1161000,1063000,1069000,1211000,1017000,950000]",430,10875000
5,47,10,"[315,380,382,353,408,358,425,378,392,307]","[915000,1039000,1121000,1063000,1160000,1008000,1201000,1053000,1075000,894000]",425,10529000
5,48,10,"[317,446,398,334,369,379,403,430,298,349]","[876000,1319000,1151000,1025000,1076000,1032000,1169000,1202000,833000,1013000]",446,10696000
5,49,10,"[336,360,387,353,428,323,409,401,382,324]","[947000,989000,1095000,1072000,1181000,957000,1148000,1148000,1037000,907000]",428,10481000
5,50,10,"[322,443,444,414,405,352,420,369,369,341]","[934000,1270000,1275000,1212000,1173000,967000,1211000,1026000,1004000,981000]",444,11053000
5,51,10,"[302,352,389,356,399,345,377,400,347,280]","[852000,980000,1123000,1067000,1165000,1005000,1079000,1146000,944000,805000]",400,10166000
5,52,10,"[310,360,411,352,375,326,350,454,345,328]","[895000,1036000,1146000,1070000,1062000,931000,954000,1277000,950000,920000]",454,10241000
5,53,10,"[295,335,409,351,375,360,389,417,401,262]","[863000,925000,1142000,1055000,1113000,1071000,1085000,1222000,1067000,746000]",417,10289000
5,54,10,"[357,339,382,354,409,380,407,420,405,337]","[996000,1002000,1106000,1063000,1183000,1036000,1165000,1182000,1120000,939000]",420,10792000
5,55,10,"[299,360,411,353,411,355,382,401,357,293]","[853000,1002000,1155000,1063000,1133000,1038000,1108000,1150000,954000,813000]",411,10269000
5,56,10,"[350,410,381,385,392,286,418,424,376,257]","[1014000,1124000,1098000,1165000,1147000,815000,1247000,1214000,999000,737000]",424,10560000
5,57,10,"[400,285,376,415,396,490,439,501,473,384]","[1205000,765000,1075000,1228000,1141000,1319000,1241000,1401000,1333000,1129000]",501,11837000
5,58,10,"[317,335,379,351,409,441,424,356,340,254]","[913000,916000,1084000,1063000,1160000,1243000,1249000,997000,925000,720000]",441,10270000
5,59,10,"[324,341,373,355,428,329,378,397,373,361]","[956000,896000,1076000,1073000,1240000,964000,1079000,1139000,1012000,1058000]",428,10493000
5,60,10,"[313,322,391,328,375,411,380,404,371,316]","[911000,872000,1138000,995000,1100000,1170000,1087000,1159000,1002000,901000]",411,10335000
5,61,10,"[324,353,375,330,378,307,322,451,335,331]","[924000,1029000,1051000,995000,1115000,868000,908000,1292000,956000,935000]",451,10073000
5,62,10,"[331,333,383,354,413,335,352,395,424,252]","[940000,893000,1089000,1067000,1177000,995000,960000,1119000,1184000,724000]",424,10148000
5,63,10,"[319,341,377,328,374,340,390,402,399,258]","[886000,1000000,1080000,993000,1101000,1016000,1114000,1134000,1080000,750000]",402,10154000
5,64,10,"[340,333,385,358,402,355,414,453,371,284]","[986000,921000,1099000,1085000,1161000,1015000,1161000,1286000,1010000,817000]",453,10541000
5,65,10,"[325,332,404,382,394,353,436,413,397,284]","[937000,907000,1150000,1134000,1112000,1014000,1245000,1134000,1073000,824000]",436,10530000
5,66,10,"[402,416,410,360,375,323,391,414,322,348]","[1164000,1141000,1144000,1083000,1066000,925000,1053000,1218000,898000,994000]",416,10686000
5,67,10,"[315,344,398,371,390,374,348,440,311,305]","[897000,1012000,1123000,1096000,1078000,1064000,941000,1259000,891000,894000]",440,10255000
5,68,10,"[381,418,403,355,373,330,389,452,306,379]","[1155000,1181000,1140000,1082000,1065000,951000,1060000,1314000,844000,1093000]",452,10885000
5,69,10,"[320,357,412,350,374,378,358,437,272,306]","[904000,1008000,1148000,1063000,1068000,1069000,980000,1260000,760000,897000]",437,10157000
5,70,10,"[341,339,397,326,369,376,368,382,325,304]","[975000,954000,1140000,993000,1094000,1061000,1028000,1084000,850000,892000]",397,10071000
5,71,10,"[346,336,388,328,378,316,328,458,333,333]","[984000,931000,1096000,991000,1110000,877000,928000,1301000,930000,962000]",458,10110000
5,72,10,"[297,335,377,318,420,285,418,369,324,255]","[838000,985000,1074000,983000,1198000,813000,1253000,1070000,894000,726000]",420,9834000
5,73,10,"[367,346,374,417,397,440,410,458,352,352]","[1017000,958000,1072000,1236000,1147000,1180000,1157000,1309000,1027000,1031000]",458,11134000
5,74,10,"[280,375,393,325,369,336,344,362,383,307]","[814000,1068000,1131000,988000,1099000,935000,961000,1047000,1015000,890000]",393,9948000
5,75,10,"[322,346,391,323,366,332,342,364,387,311]","[958000,970000,1105000,988000,1088000,935000,965000,1051000,1067000,927000]",391,10054000
5,76,10,"[344,338,377,324,379,363,324,421,297,336]","[976000,938000,1072000,987000,1106000,1038000,898000,1225000,825000,947000]",421,10012000
5,77,10,"[334,336,376,324,377,356,326,423,309,353]","[958000,932000,1072000,987000,1104000,1026000,904000,1221000,843000,997000]",423,10044000
5,78,10,"[315,339,378,350,408,379,386,398,325,249]","[888000,993000,1085000,1063000,1156000,1103000,1116000,1130000,885000,718000]",408,10137000
5,79,10,"[348,338,380,387,392,355,409,404,371,256]","[1012000,936000,1093000,1171000,1144000,1018000,1212000,1124000,1000000,729000]",409,10439000
5,80,10,"[317,388,382,277,390,335,376,400,376,358]","[925000,1052000,1078000,852000,1164000,981000,1079000,1148000,1023000,1034000]",400,10336000
5,81,10,"[311,383,363,355,405,339,432,346,373,311]","[895000,1042000,1038000,1065000,1175000,993000,1262000,973000,1006000,889000]",432,10338000
5,82,10,"[300,336,376,395,371,338,342,393,395,307]","[850000,987000,1073000,1200000,1039000,1008000,982000,1123000,1059000,884000]",395,10205000
5,83,10,"[331,292,410,354,391,346,316,416,369,307]","[940000,843000,1144000,1069000,1090000,978000,866000,1214000,1046000,887000]",416,10077000
5,84,10,"[312,350,381,351,402,343,405,397,376,308]","[897000,950000,1082000,1065000,1170000,1001000,1137000,1130000,1013000,884000]",405,10329000
5,85,10,"[322,385,457,384,404,369,398,382,347,347]","[897000,1117000,1292000,1157000,1174000,999000,1141000,1061000,987000,1009000]",457,10834000
5,86,10,"[331,329,380,353,411,335,385,396,388,267]","[964000,889000,1093000,1067000,1162000,974000,1114000,1121000,1042000,773000]",411,10199000
5,87,10,"[380,397,393,351,357,336,377,397,369,306]","[1093000,1059000,1124000,1063000,1035000,977000,1079000,1142000,1011000,887000]",397,10470000
5,88,10,"[318,386,405,391,402,389,405,361,345,349]","[883000,1128000,1180000,1174000,1169000,1048000,1162000,998000,987000,1031000]",405,10760000
5,89,10,"[310,356,413,354,379,323,325,419,342,310]","[887000,993000,1150000,1071000,1074000,928000,878000,1220000,955000,900000]",419,10056000
5,90,10,"[344,346,411,350,374,364,391,368,353,280]","[1002000,944000,1146000,1063000,1106000,1083000,1146000,1072000,938000,809000]",411,10309000
5,91,10,"[317,363,408,352,410,277,378,476,354,295]","[893000,1019000,1140000,1063000,1131000,806000,1079000,1378000,948000,811000]",476,10268000
5,92,10,"[340,336,383,324,378,357,327,421,319,338]","[979000,931000,1093000,987000,1106000,1008000,911000,1211000,875000,985000]",421,10086000
5,93,10,"[317,295,378,354,412,341,383,403,375,340]","[925000,805000,1063000,1065000,1173000,1002000,1110000,1152000,1020000,1001000]",412,10316000
6,1,10,"[330,396,258,347,377,321,361,403,348,282]","[915000,1098000,723000,981000,1082000,921000,1028000,1110000,989000,762000]",403,9609000
6,2,10,"[335,394,256,366,368,332,359,332,366,358]","[937000,1097000,721000,1042000,1072000,930000,1027000,982000,1042000,1021000]",394,9871000
6,3,10,"[334,366,252,348,371,331,366,384,373,373]","[933000,1019000,699000,987000,1070000,932000,1050000,1079000,1091000,1076000]",384,9936000
6,4,10,"[302,381,305,348,376,327,360,402,346,275]","[847000,1083000,809000,976000,1100000,936000,1026000,1121000,989000,744000]",402,9631000
6,5,10,"[332,400,260,344,368,321,364,401,348,282]","[928000,1116000,734000,970000,1072000,921000,1042000,1110000,993000,774000]",401,9660000
6,6,10,"[337,398,257,349,370,332,366,334,371,363]","[940000,1097000,716000,987000,1070000,930000,1050000,986000,1076000,1026000]",398,9878000
6,7,10,"[330,393,258,347,379,323,354,407,348,282]","[918000,1093000,723000,981000,1082000,925000,1022000,1119000,989000,762000]",407,9614000
6,8,10,"[336,361,259,342,371,333,369,384,371,374]","[942000,1014000,718000,979000,1074000,936000,1039000,1079000,1087000,1081000]",384,9949000
6,9,10,"[331,401,285,346,356,329,363,335,372,361]","[929000,1099000,791000,980000,1024000,924000,1029000,981000,1078000,1020000]",401,9855000
6,10,10,"[330,397,280,348,351,323,362,404,348,283]","[915000,1095000,788000,987000,1019000,925000,1035000,1115000,989000,761000]",404,9629000
6,11,10,"[330,401,252,348,368,329,366,333,373,368]","[918000,1097000,703000,987000,1076000,924000,1046000,984000,1078000,1053000]",401,9866000
6,12,10,"[293,381,299,306,317,417,353,402,402,271]","[831000,1081000,805000,862000,909000,1179000,1018000,1104000,1150000,746000]",417,9685000
6,13,10,"[332,380,276,368,384,325,345,323,381,374]","[961000,1081000,760000,1023000,1103000,932000,976000,950000,1068000,1096000]",384,9950000
6,14,10,"[325,379,293,346,378,324,339,408,352,293]","[940000,1079000,788000,972000,1110000,930000,968000,1113000,997000,826000]",408,9723000
6,15,10,"[324,397,251,350,368,325,371,360,414,288]","[921000,1093000,674000,988000,1068000,927000,1010000,1023000,1196000,804000]",414,9704000
6,16,10,"[290,386,377,346,383,345,381,345,374,382]","[810000,1062000,1073000,980000,1093000,974000,1086000,991000,1057000,1064000]",386,10190000
6,17,10,"[274,381,288,349,373,331,383,392,394,342]","[776000,1131000,774000,992000,1090000,959000,1105000,1138000,1133000,919000]",394,10017000
6,18,10,"[276,379,298,381,311,411,359,399,402,272]","[772000,1079000,791000,1031000,897000,1162000,1029000,1098000,1150000,741000]",411,9750000
6,19,10,"[334,400,252,348,371,331,366,384,373,356]","[924000,1102000,699000,987000,1070000,932000,1050000,1079000,1091000,1021000]",400,9955000
6,20,10,"[335,403,250,361,372,332,362,323,373,359]","[946000,1112000,701000,1037000,1076000,930000,1042000,955000,1064000,1026000]",403,9889000
6,21,10,"[288,399,309,400,313,424,341,355,423,372]","[836000,1078000,876000,1093000,898000,1189000,989000,1003000,1213000,1077000]",424,10252000
6,22,10,"[285,385,263,343,372,335,378,389,444,332]","[838000,1089000,721000,980000,1080000,946000,1050000,1089000,1296000,957000]",444,10046000
6,23,10,"[332,396,219,383,374,321,350,350,369,312]","[921000,1095000,619000,1039000,1073000,917000,983000,988000,1071000,861000]",396,9567000
6,24,10,"[277,451,285,379,310,412,362,362,455,282]","[788000,1241000,740000,1029000,882000,1160000,1028000,1017000,1303000,758000]",455,9946000
6,25,10,"[329,373,298,382,312,418,362,410,400,272]","[914000,1042000,791000,1033000,899000,1179000,1038000,1117000,1143000,751000]",418,9907000
6,26,10,"[283,403,314,400,311,410,341,433,442,348]","[830000,1086000,902000,1103000,908000,1156000,994000,1205000,1217000,995000]",442,10396000
6,27,10,"[271,380,301,382,316,411,368,399,402,274]","[763000,1081000,816000,1029000,914000,1164000,1057000,1098000,1142000,756000]",411,9820000
6,28,10,"[319,369,300,380,313,416,363,401,401,278]","[879000,1031000,806000,1027000,902000,1177000,1041000,1100000,1140000,771000]",416,9874000
6,29,10,"[335,361,261,345,368,339,376,388,445,324]","[927000,1012000,723000,983000,1070000,954000,1053000,1087000,1298000,927000]",445,10034000
6,30,10,"[346,364,313,377,314,426,364,367,457,364]","[943000,1027000,850000,1027000,899000,1188000,1057000,1051000,1279000,1033000]",457,10354000
6,31,10,"[336,396,255,346,369,330,366,403,337,389]","[926000,1101000,707000,975000,1072000,981000,1061000,1132000,959000,1098000]",403,10012000
6,32,10,"[345,395,256,346,367,332,371,333,374,346]","[972000,1094000,716000,983000,1074000,939000,1060000,984000,1080000,961000]",395,9863000
6,33,10,"[272,391,302,362,352,417,356,367,425,353]","[760000,1121000,804000,962000,991000,1164000,1033000,1045000,1230000,1010000]",425,10120000
6,34,10,"[307,323,326,384,357,318,356,400,422,285]","[843000,902000,905000,1049000,1036000,915000,1025000,1106000,1211000,827000]",422,9819000
6,35,10,"[296,478,448,337,366,318,364,348,387,333]","[843000,1319000,1281000,931000,1068000,915000,1038000,1003000,1091000,912000]",478,10401000
6,36,10,"[288,387,359,346,374,348,442,366,393,343]","[805000,1059000,1035000,970000,1088000,996000,1272000,1051000,1101000,935000]",442,10312000
6,37,10,"[334,396,217,385,373,322,360,402,374,358]","[925000,1107000,614000,1043000,1077000,912000,1014000,1118000,1056000,1019000]",402,9885000
6,38,10,"[284,383,323,385,372,347,356,338,370,363]","[800000,1087000,862000,1043000,1098000,971000,1021000,983000,1086000,1035000]",385,9986000
6,39,10,"[338,368,329,351,376,345,406,330,374,364]","[950000,1002000,930000,993000,1092000,975000,1114000,970000,1081000,1030000]",406,10137000
6,40,10,"[323,383,279,364,375,323,347,327,373,382]","[944000,1083000,769000,1021000,1100000,924000,990000,960000,1066000,1090000]",383,9947000
6,41,10,"[338,398,262,385,374,339,358,342,368,359]","[937000,1093000,727000,1043000,1077000,964000,1020000,1000000,1071000,1027000]",398,9959000
6,42,10,"[332,406,259,385,373,324,361,403,348,275]","[915000,1125000,722000,1043000,1079000,924000,1014000,1115000,989000,745000]",406,9671000
6,43,10,"[312,322,326,381,317,423,356,399,398,274]","[854000,902000,902000,1031000,899000,1197000,1016000,1096000,1142000,747000]",423,9786000
6,44,10,"[349,359,315,389,347,418,360,395,444,354]","[963000,1011000,854000,1046000,964000,1169000,1044000,1090000,1294000,1018000]",444,10453000
6,45,10,"[271,420,269,363,311,420,380,397,400,350]","[769000,1252000,733000,1041000,888000,1170000,1111000,1135000,1147000,965000]",420,10211000
6,46,10,"[333,401,257,349,374,332,366,353,371,355]","[936000,1103000,716000,987000,1070000,930000,1050000,1044000,1064000,1016000]",401,9916000
6,47,10,"[360,401,273,346,371,324,361,335,367,390]","[1002000,1114000,789000,976000,1075000,923000,1036000,985000,1071000,1119000]",401,10090000
6,48,10,"[292,381,253,364,384,323,344,354,365,359]","[827000,1081000,692000,1027000,1112000,934000,977000,1002000,1044000,1019000]",384,9715000
6,49,10,"[273,384,315,415,314,441,429,397,418,299]","[766000,1095000,871000,1111000,892000,1232000,1242000,1081000,1210000,862000]",441,10362000
6,50,10,"[329,387,312,346,376,325,357,405,348,290]","[940000,1093000,862000,968000,1091000,932000,1024000,1133000,989000,805000]",405,9837000
6,51,10,"[329,380,266,356,368,330,340,407,333,314]","[953000,1081000,739000,1015000,1072000,934000,963000,1111000,956000,873000]",407,9697000
6,52,10,"[340,345,373,339,378,337,422,357,367,386]","[945000,954000,1065000,966000,1093000,949000,1199000,1002000,1043000,1080000]",422,10296000
6,53,10,"[277,408,333,386,379,331,360,408,346,280]","[784000,1128000,896000,1045000,1107000,940000,1046000,1115000,989000,754000]",408,9804000
6,54,10,"[275,382,225,373,315,416,432,397,395,340]","[771000,1131000,611000,1073000,888000,1174000,1251000,1129000,1135000,932000]",432,10095000
6,55,10,"[279,432,302,412,305,420,357,361,430,354]","[785000,1237000,831000,1123000,865000,1170000,1038000,1012000,1218000,1011000]",432,10290000
6,56,10,"[286,399,341,385,310,416,345,399,399,290]","[834000,1076000,946000,1040000,899000,1174000,987000,1083000,1138000,811000]",416,9988000
6,57,10,"[273,403,294,360,351,411,357,409,398,280]","[777000,1134000,787000,968000,989000,1158000,1021000,1121000,1136000,760000]",411,9851000
6,58,10,"[330,322,294,405,372,332,360,387,444,327]","[961000,902000,828000,1089000,1083000,934000,1028000,1085000,1296000,920000]",444,10126000
6,59,10,"[330,323,299,384,303,425,368,383,447,294]","[949000,900000,834000,1052000,867000,1204000,1030000,1081000,1298000,828000]",447,10043000
6,60,10,"[463,357,263,346,375,332,375,408,349,384]","[1439000,996000,728000,973000,1084000,961000,1085000,1148000,995000,1116000]",463,10525000
6,61,10,"[263,394,326,380,317,417,356,400,402,274]","[753000,1076000,910000,1032000,917000,1172000,1021000,1096000,1140000,750000]",417,9867000
6,62,10,"[335,360,260,384,324,417,363,362,454,351]","[924000,1014000,713000,1042000,917000,1161000,1031000,1005000,1294000,1008000]",454,10109000
6,63,10,"[300,398,368,350,372,344,421,421,405,339]","[846000,1085000,1057000,982000,1082000,973000,1191000,1150000,1134000,918000]",421,10418000
6,64,10,"[359,401,251,347,366,325,368,360,414,308]","[1035000,1112000,685000,982000,1066000,927000,1002000,1023000,1196000,873000]",414,9901000
6,65,10,"[325,379,306,344,379,324,340,408,352,285]","[940000,1079000,858000,966000,1112000,930000,966000,1113000,997000,790000]",408,9751000
6,66,10,"[335,398,257,349,370,321,366,358,371,355]","[940000,1097000,709000,987000,1070000,908000,1055000,1062000,1064000,1022000]",398,9914000
6,67,10,"[329,379,274,364,377,324,363,322,374,354]","[952000,1079000,771000,1025000,1091000,921000,1032000,950000,1064000,1023000]",379,9908000
6,68,10,"[325,368,300,365,348,411,359,347,413,280]","[915000,1042000,798000,984000,973000,1156000,1027000,973000,1188000,754000]",413,9810000
6,69,10,"[329,397,268,346,371,323,359,400,351,301]","[940000,1101000,757000,980000,1070000,925000,1030000,1097000,995000,839000]",400,9734000
6,70,10,"[326,490,356,354,369,322,363,354,413,351]","[944000,1370000,990000,991000,1068000,919000,1038000,1017000,1204000,968000]",490,10509000
6,71,10,"[299,385,264,343,378,322,347,404,346,284]","[845000,1087000,717000,966000,1104000,926000,984000,1125000,989000,782000]",404,9525000
6,72,10,"[272,421,268,369,312,417,381,398,398,352]","[771000,1251000,736000,1051000,888000,1177000,1096000,1137000,1137000,970000]",421,10214000
6,73,10,"[331,381,254,347,371,321,371,404,350,305]","[933000,1055000,701000,976000,1087000,921000,1063000,1116000,997000,827000]",404,9676000
6,74,10,"[335,399,253,361,372,332,409,333,317,357]","[943000,1103000,716000,1031000,1076000,930000,1193000,984000,900000,1021000]",409,9897000
6,75,10,"[330,365,253,348,369,330,368,386,375,375]","[922000,1014000,734000,987000,1062000,930000,1055000,1083000,1096000,1064000]",386,9947000
6,76,10,"[302,381,305,345,377,325,358,398,303,294]","[847000,1083000,807000,976000,1100000,932000,1024000,1114000,882000,803000]",398,9568000
6,77,10,"[326,401,271,352,376,321,366,402,346,299]","[905000,1123000,790000,995000,1093000,921000,1043000,1106000,989000,816000]",402,9781000
6,78,10,"[337,398,257,349,370,278,366,336,371,355]","[940000,1097000,716000,987000,1070000,832000,1059000,986000,1076000,1022000]",398,9785000
6,79,10,"[331,399,250,348,371,328,364,406,347,282]","[928000,1101000,700000,987000,1074000,936000,1038000,1121000,989000,777000]",406,9651000
6,80,10,"[342,359,273,338,347,334,371,384,381,378]","[953000,1012000,772000,964000,1007000,947000,1039000,1079000,1095000,1077000]",384,9945000
6,81,10,"[341,392,289,345,352,331,358,337,380,363]","[964000,1089000,842000,978000,1020000,923000,1034000,986000,1085000,1035000]",392,9956000
6,82,10,"[326,376,283,350,344,321,396,404,348,277]","[906000,1049000,794000,991000,1006000,918000,1119000,1113000,989000,766000]",404,9651000
6,83,10,"[334,387,264,349,371,334,396,343,367,363]","[935000,1070000,744000,983000,1082000,940000,1137000,1024000,1073000,1038000]",396,10026000
6,84,10,"[293,384,299,308,318,413,353,406,400,325]","[831000,1087000,805000,862000,911000,1162000,1018000,1110000,1146000,865000]",413,9797000
6,85,10,"[334,395,278,367,375,325,342,325,382,375]","[951000,1113000,768000,1027000,1091000,932000,970000,950000,1069000,1091000]",395,9962000
6,86,10,"[325,380,305,344,378,323,409,419,352,305]","[944000,1081000,833000,966000,1101000,925000,1133000,1153000,1001000,843000]",419,9980000
6,87,10,"[321,391,251,348,368,325,363,362,414,292]","[922000,1090000,671000,980000,1064000,927000,998000,1027000,1196000,818000]",414,9693000
6,88,10,"[289,391,373,349,374,348,380,376,319,388]","[804000,1063000,1071000,989000,1083000,993000,1082000,1080000,913000,1088000]",391,10166000
6,89,10,"[276,381,286,349,341,331,385,398,395,368]","[785000,1131000,781000,995000,1003000,959000,1103000,1147000,1131000,1000000]",398,10035000
6,90,10,"[279,379,295,379,313,350,352,398,403,273]","[776000,1079000,785000,1027000,901000,1044000,1016000,1096000,1148000,750000]",403,9622000
6,91,10,"[333,377,262,348,371,342,414,385,374,356]","[940000,1030000,746000,977000,1077000,978000,1180000,1081000,1102000,1027000]",414,10138000
6,92,10,"[335,403,250,361,372,278,362,323,373,359]","[946000,1112000,701000,1037000,1076000,832000,1051000,955000,1064000,1032000]",403,9806000
7,1,10,"[325,385,378,381,364,353,303,315,323,385]","[931000,1130000,1143000,1085000,976000,1003000,897000,892000,890000,1063000]",385,10010000
7,2,10,"[189,372,389,386,374,380,292,358,368,307]","[553000,1024000,1153000,1135000,1003000,1105000,798000,1003000,1054000,878000]",389,9706000
7,3,10,"[325,386,379,328,365,354,372,307,321,385]","[935000,1132000,1145000,925000,976000,1013000,1098000,851000,875000,1055000]",386,10005000
7,4,10,"[202,315,394,391,370,326,307,311,341,276]","[542000,855000,1176000,1124000,1009000,903000,879000,850000,950000,778000]",394,9066000
7,5,10,"[189,372,386,387,378,380,292,366,370,308]","[553000,1022000,1147000,1135000,1017000,1105000,798000,1015000,1058000,889000]",387,9739000
7,6,10,"[245,330,390,377,365,352,373,317,292,362]","[651000,929000,1146000,1071000,1029000,1001000,1023000,880000,815000,986000]",390,9531000
7,7,10,"[184,312,399,404,364,375,291,355,310,286]","[538000,846000,1185000,1133000,981000,1095000,801000,987000,830000,776000]",404,9172000
7,8,10,"[189,383,393,381,353,375,289,366,313,363]","[546000,1049000,1152000,1026000,961000,1078000,793000,1023000,901000,1011000]",393,9540000
7,9,10,"[168,322,402,390,387,353,275,389,319,280]","[499000,881000,1201000,1105000,1083000,1011000,769000,1063000,872000,766000]",402,9250000
7,10,10,"[189,372,385,388,322,380,382,382,378,301]","[553000,1024000,1145000,1141000,863000,1103000,1066000,1073000,1095000,844000]",388,9907000
7,11,10,"[135,300,390,388,386,396,297,363,395,347]","[396000,810000,1154000,1083000,1093000,1084000,858000,1008000,1066000,924000]",396,9476000
7,12,10,"[189,383,394,381,354,375,289,353,313,363]","[546000,1049000,1154000,1035000,962000,1078000,793000,975000,901000,1011000]",394,9504000
7,13,10,"[326,385,378,381,364,353,340,310,323,385]","[936000,1130000,1143000,1085000,976000,1003000,992000,873000,890000,1063000]",385,10091000
7,14,10,"[279,390,392,348,343,384,267,371,388,351]","[763000,1125000,1148000,963000,946000,1110000,762000,1022000,1052000,968000]",392,9859000
7,15,10,"[340,382,391,369,323,353,344,299,306,374]","[941000,1115000,1151000,1067000,894000,1003000,994000,834000,851000,1019000]",391,9869000
7,16,10,"[153,313,389,389,369,357,294,310,397,347]","[450000,849000,1172000,1123000,1008000,995000,840000,897000,1066000,928000]",397,9328000
7,17,10,"[227,351,403,314,359,386,291,352,304,286]","[678000,967000,1189000,919000,971000,1129000,793000,985000,824000,788000]",403,9243000
7,18,10,"[325,386,379,329,364,354,372,307,322,385]","[935000,1132000,1145000,934000,977000,1013000,1098000,851000,877000,1055000]",386,10017000
7,19,10,"[184,311,402,407,392,334,288,358,310,285]","[544000,841000,1191000,1150000,1072000,976000,785000,998000,839000,774000]",407,9170000
7,20,10,"[340,382,391,367,319,352,336,314,300,380]","[954000,1124000,1151000,1070000,877000,1003000,960000,872000,827000,1031000]",391,9869000
7,21,10,"[189,366,392,397,371,380,296,358,318,370]","[546000,1048000,1150000,1114000,1025000,1102000,807000,986000,908000,1046000]",397,9732000
7,22,10,"[254,382,399,374,298,358,334,404,368,306]","[718000,1052000,1182000,1122000,797000,1026000,978000,1154000,1070000,848000]",404,9947000
7,23,10,"[339,462,391,367,316,352,301,313,300,380]","[949000,1314000,1151000,1070000,871000,1003000,862000,861000,831000,1031000]",462,9943000
7,24,10,"[153,316,388,389,372,372,282,301,393,349]","[448000,855000,1163000,1113000,1007000,1083000,793000,844000,1066000,932000]",393,9304000
7,25,10,"[231,352,401,311,361,348,294,383,307,283]","[693000,972000,1185000,904000,973000,1017000,801000,1080000,830000,782000]",401,9237000
7,26,10,"[246,300,407,412,392,392,373,318,292,364]","[681000,834000,1132000,1168000,1114000,1083000,1020000,882000,820000,1004000]",412,9738000
7,27,10,"[199,361,408,391,426,339,306,356,321,294]","[573000,985000,1215000,1133000,1155000,973000,846000,945000,859000,840000]",426,9524000
7,28,10,"[201,332,414,406,390,375,386,416,412,377]","[579000,942000,1142000,1154000,1088000,1033000,1069000,1176000,1173000,987000]",416,10343000
7,29,10,"[330,391,393,368,375,336,293,355,348,395]","[930000,1167000,1153000,1072000,1031000,988000,803000,1003000,966000,1019000]",395,10132000
7,30,10,"[217,290,410,382,428,336,326,309,301,364]","[593000,811000,1136000,1081000,1209000,972000,955000,879000,843000,1008000]",428,9487000
7,31,10,"[346,423,391,380,355,378,296,393,366,422]","[989000,1242000,1148000,1067000,958000,1110000,809000,1128000,1087000,1125000]",423,10663000
7,32,10,"[247,304,414,402,440,394,325,380,337,304]","[696000,845000,1138000,1152000,1236000,1090000,899000,1059000,876000,805000]",440,9796000
7,33,10,"[335,388,399,365,321,379,339,302,338,379]","[955000,1126000,1156000,1052000,885000,1115000,972000,840000,959000,1017000]",399,10077000
7,34,10,"[238,342,405,319,362,379,295,349,305,289]","[708000,986000,1197000,949000,968000,1103000,805000,983000,824000,796000]",405,9319000
7,35,10,"[238,438,392,433,401,347,303,304,321,374]","[782000,1305000,1146000,1152000,1135000,988000,867000,824000,921000,1023000]",438,10143000
7,36,10,"[266,384,390,385,395,327,309,313,337,277]","[731000,1128000,1171000,1034000,1009000,904000,887000,838000,942000,774000]",395,9418000
7,37,10,"[311,427,405,391,363,381,244,303,306,381]","[877000,1229000,1222000,1135000,975000,1100000,666000,823000,830000,1041000]",427,9898000
7,38,10,"[359,492,410,433,369,380,385,370,377,390]","[1016000,1433000,1239000,1290000,994000,1117000,1079000,1043000,1035000,1062000]",492,11308000
7,39,10,"[184,312,427,407,418,376,291,356,367,284]","[538000,841000,1284000,1165000,1123000,1091000,801000,988000,1060000,787000]",427,9678000
7,40,10,"[223,344,402,353,411,397,343,381,312,300]","[663000,960000,1183000,983000,1124000,1121000,947000,1070000,850000,849000]",411,9750000
7,41,10,"[222,392,382,407,348,399,247,378,348,287]","[645000,1157000,1144000,1147000,939000,1111000,675000,1033000,888000,781000]",407,9520000
7,42,10,"[347,411,397,421,391,329,293,384,393,351]","[956000,1182000,1161000,1176000,1038000,922000,829000,1054000,1065000,967000]",421,10350000
7,43,10,"[340,388,384,368,319,353,331,288,392,311]","[950000,1134000,1143000,1078000,875000,1003000,942000,820000,1056000,865000]",392,9866000
7,44,10,"[469,467,386,387,368,350,386,390,376,414]","[1454000,1411000,1118000,1108000,1006000,987000,1066000,1091000,1108000,1259000]",469,11608000
7,45,10,"[152,318,392,393,362,376,288,356,289,252]","[448000,860000,1169000,1128000,982000,1100000,799000,997000,806000,688000]",393,8977000
7,46,10,"[262,343,393,372,333,384,267,337,376,353]","[727000,967000,1153000,1038000,899000,1091000,752000,900000,1010000,957000]",393,9494000
7,47,10,"[242,316,417,405,367,349,300,304,363,322]","[682000,851000,1251000,1176000,1004000,982000,848000,887000,1023000,927000]",417,9631000
7,48,10,"[226,352,405,315,357,387,293,354,315,305]","[666000,970000,1197000,909000,963000,1140000,793000,936000,813000,848000]",405,9235000
7,49,10,"[182,317,399,404,346,390,289,357,308,294]","[531000,871000,1185000,1133000,944000,1152000,797000,999000,826000,814000]",404,9252000
7,50,10,"[207,389,385,363,415,338,325,336,419,347]","[600000,1130000,1163000,1017000,1121000,967000,942000,873000,1107000,934000]",419,9854000
7,51,10,"[224,390,381,362,391,352,326,293,428,352]","[652000,1134000,1144000,1016000,1040000,983000,940000,826000,1125000,945000]",428,9805000
7,52,10,"[153,319,395,383,314,340,389,404,403,348]","[450000,871000,1169000,1131000,853000,982000,1126000,1093000,1065000,930000]",404,9670000
7,53,10,"[181,311,422,443,416,397,296,310,334,288]","[527000,831000,1265000,1225000,1168000,1091000,826000,889000,882000,785000]",443,9489000
7,54,10,"[220,352,421,306,330,375,381,380,364,254]","[658000,987000,1246000,879000,889000,1095000,1074000,1072000,1041000,699000]",421,9640000
7,55,10,"[152,328,390,387,401,349,376,317,310,337]","[448000,893000,1176000,1133000,1071000,979000,1039000,878000,831000,888000]",401,9336000
7,56,10,"[327,390,386,362,416,336,327,299,324,384]","[945000,1131000,1156000,1021000,1120000,966000,945000,837000,888000,1049000]",416,10058000
7,57,10,"[365,384,389,369,416,336,327,300,319,386]","[1111000,1101000,1149000,1033000,1130000,966000,942000,839000,873000,1056000]",416,10200000
7,58,10,"[197,401,418,393,372,412,341,377,363,247]","[592000,1089000,1241000,1112000,1010000,1144000,958000,1063000,1035000,686000]",418,9930000
7,59,10,"[255,399,384,311,401,395,255,378,335,294]","[768000,1169000,1141000,878000,1122000,1111000,681000,1062000,953000,802000]",401,9687000
7,60,10,"[155,339,375,382,361,350,308,419,417,346]","[448000,939000,1124000,1081000,965000,1006000,873000,1121000,1101000,932000]",419,9590000
7,61,10,"[339,382,391,367,316,352,362,307,309,396]","[953000,1124000,1151000,1070000,873000,1003000,1039000,850000,843000,1047000]",396,9953000
7,62,10,"[203,403,407,397,374,352,310,414,384,333]","[585000,1205000,1216000,1164000,1018000,1007000,872000,1177000,1055000,1035000]",414,10334000
7,63,10,"[437,472,400,401,370,357,300,430,380,422]","[1326000,1403000,1154000,1138000,1002000,1008000,852000,1261000,1122000,1303000]",472,11569000
7,64,10,"[178,376,384,386,362,381,290,362,307,295]","[524000,1035000,1143000,1056000,987000,1100000,796000,1008000,824000,824000]",386,9297000
7,65,10,"[153,316,391,390,370,358,307,285,390,348]","[450000,855000,1176000,1119000,1010000,1001000,884000,788000,1043000,930000]",391,9256000
7,66,10,"[340,386,398,386,418,413,411,327,300,383]","[962000,1129000,1158000,1108000,1120000,1126000,1129000,905000,850000,1027000]",418,10514000
7,67,10,"[201,377,406,437,391,389,344,370,320,303]","[579000,1051000,1207000,1246000,1094000,1078000,937000,1023000,865000,864000]",437,9944000
7,68,10,"[184,327,411,410,443,386,288,387,342,287]","[532000,879000,1136000,1168000,1276000,1092000,791000,1077000,895000,772000]",443,9618000
7,69,10,"[324,393,395,370,379,376,288,365,312,391]","[913000,1159000,1148000,1074000,1065000,1091000,789000,1020000,891000,1019000]",395,10169000
7,70,10,"[322,426,429,389,379,351,292,370,315,434]","[930000,1210000,1238000,1096000,1032000,978000,830000,1068000,924000,1226000]",434,10532000
7,71,10,"[252,299,416,404,390,398,354,392,309,356]","[674000,841000,1150000,1150000,1103000,1092000,981000,1075000,845000,990000]",416,9901000
7,72,10,"[230,424,402,393,371,356,293,323,365,325]","[679000,1198000,1200000,1128000,1005000,989000,830000,936000,968000,905000]",424,9838000
7,73,10,"[312,388,383,364,417,345,340,325,331,383]","[887000,1120000,1162000,1025000,1131000,1023000,950000,928000,907000,1051000]",417,10184000
7,74,10,"[190,321,412,410,386,364,396,408,308,366]","[551000,856000,1142000,1176000,1077000,1006000,1119000,1154000,870000,1051000]",412,10002000
7,75,10,"[321,389,380,384,383,354,341,313,327,383]","[911000,1140000,1143000,1091000,1016000,1003000,994000,879000,896000,1046000]",389,10119000
7,76,10,"[240,351,429,330,320,326,394,372,375,288]","[735000,969000,1287000,958000,931000,909000,1105000,1077000,1038000,770000]",429,9779000
7,77,10,"[322,385,380,385,368,382,368,317,329,382]","[923000,1128000,1144000,1096000,986000,1114000,1024000,897000,902000,1038000]",385,10252000
7,78,10,"[152,315,386,386,437,372,229,274,394,344]","[448000,856000,1163000,1109000,1190000,1083000,621000,818000,1066000,922000]",437,9276000
7,79,10,"[195,377,387,385,370,377,291,360,306,335]","[565000,1034000,1145000,1139000,1003000,1100000,792000,1011000,870000,938000]",387,9597000
7,80,10,"[337,375,392,386,360,363,321,327,297,342]","[1027000,1026000,1162000,1141000,965000,1043000,891000,907000,858000,966000]",392,9986000
7,81,10,"[184,312,399,404,364,375,291,378,310,286]","[538000,846000,1185000,1133000,981000,1095000,801000,1074000,830000,776000]",404,9259000
7,82,10,"[328,389,382,385,367,300,352,310,324,381]","[931000,1136000,1151000,1097000,982000,864000,1059000,873000,888000,1041000]",389,10022000
7,83,10,"[189,373,461,384,372,381,289,357,367,304]","[553000,1024000,1282000,1144000,980000,1104000,793000,995000,1058000,866000]",461,9799000
7,84,10,"[328,386,379,327,325,356,372,304,321,388]","[935000,1141000,1145000,920000,904000,1018000,1093000,851000,878000,1064000]",388,9949000
7,85,10,"[197,317,393,390,371,328,305,284,347,275]","[529000,855000,1178000,1122000,1019000,908000,871000,787000,954000,771000]",393,8994000
7,86,10,"[189,378,389,386,378,376,295,360,368,302]","[553000,1039000,1153000,1137000,1014000,1088000,797000,1014000,1056000,838000]",389,9689000
7,87,10,"[282,322,390,384,368,353,372,284,295,371]","[795000,887000,1146000,1081000,1037000,1006000,1021000,796000,820000,1013000]",390,9602000
7,88,10,"[184,317,399,404,364,334,291,355,338,286]","[538000,846000,1185000,1133000,981000,982000,801000,989000,919000,774000]",404,9148000
7,89,10,"[212,392,398,380,360,374,306,356,296,337]","[636000,1084000,1162000,1021000,980000,1088000,823000,988000,855000,920000]",398,9557000
7,90,10,"[169,322,398,335,422,353,278,387,315,280]","[504000,881000,1201000,947000,1199000,1011000,775000,1056000,855000,771000]",422,9200000
7,91,10,"[195,377,385,387,316,373,383,383,375,301]","[571000,1034000,1145000,1139000,851000,1073000,1062000,1075000,1091000,846000]",387,9887000
7,92,10,"[135,302,391,389,387,280,296,363,394,417]","[396000,810000,1156000,1088000,1095000,789000,840000,1013000,1060000,1124000]",417,9371000
7,93,10,"[190,398,406,380,349,377,290,342,333,379]","[554000,1124000,1208000,1033000,936000,1094000,795000,949000,1000000,1085000]",406,9778000
7,94,10,"[292,388,383,378,360,353,340,327,330,383]","[839000,1137000,1158000,1070000,972000,1001000,986000,921000,905000,1050000]",388,10039000
7,95,10,"[281,441,395,350,325,384,268,372,385,354]","[771000,1247000,1156000,967000,888000,1110000,772000,1030000,1046000,962000]",441,9949000
7,96,10,"[362,392,394,368,325,354,337,302,310,369]","[1002000,1114000,1151000,1062000,904000,1005000,975000,836000,855000,1005000]",394,9909000
7,97,10,"[153,313,389,389,369,357,294,303,397,347]","[450000,849000,1172000,1123000,1008000,1000000,840000,891000,1066000,928000]",397,9327000
7,98,10,"[221,352,405,319,371,379,294,348,307,289]","[660000,982000,1189000,911000,996000,1103000,797000,981000,849000,795000]",405,9263000
7,99,10,"[325,401,373,321,361,352,377,302,324,382]","[915000,1177000,1124000,903000,958000,1003000,1101000,840000,885000,1045000]",401,9951000
7,100,10,"[184,312,365,407,392,334,288,358,334,285]","[544000,841000,1090000,1150000,1072000,976000,785000,995000,912000,774000]",407,9139000
7,101,10,"[340,384,392,366,315,352,338,310,302,374]","[949000,1112000,1151000,1068000,871000,1003000,970000,855000,832000,1009000]",392,9820000
8,1,10,"[202,264,378,377,377,357,349,374,323,200]","[546000,757000,1007000,1041000,1054000,1019000,946000,1043000,914000,595000]",378,8922000
8,2,10,"[188,283,413,367,403,405,353,370,304,202]","[526000,776000,1093000,1021000,1114000,1129000,966000,1019000,843000,591000]",413,9078000
8,3,10,"[233,258,380,376,379,378,380,373,332,220]","[654000,744000,1013000,1038000,1061000,1067000,1104000,1034000,917000,644000]",380,9276000
8,4,10,"[278,267,412,373,356,382,382,369,321,198]","[729000,788000,1074000,1040000,994000,1049000,1040000,1017000,906000,549000]",412,9186000
8,5,10,"[172,285,416,412,342,398,317,404,317,188]","[471000,784000,1095000,1105000,957000,1108000,886000,1133000,901000,533000]",416,8973000
8,6,10,"[188,282,413,367,399,405,353,370,324,204]","[526000,771000,1093000,1021000,1111000,1129000,966000,1019000,908000,586000]",413,9130000
8,7,10,"[196,305,414,330,382,358,364,371,326,211]","[547000,848000,1127000,925000,1060000,1021000,1007000,1045000,915000,600000]",414,9095000
8,8,10,"[199,293,409,401,374,368,309,378,334,262]","[571000,802000,1087000,1105000,1052000,1041000,855000,1061000,955000,755000]",409,9284000
8,9,10,"[233,258,377,376,382,380,380,373,332,220]","[654000,744000,1000000,1038000,1076000,1080000,1104000,1034000,917000,644000]",382,9291000
8,10,10,"[187,280,450,367,393,365,354,364,317,196]","[503000,771000,1216000,1023000,1078000,1004000,966000,1015000,888000,566000]",450,9030000
8,11,10,"[289,257,376,338,404,408,353,376,332,202]","[773000,744000,1010000,946000,1130000,1140000,954000,1054000,940000,599000]",408,9290000
8,12,10,"[188,293,416,372,388,360,366,371,329,200]","[530000,804000,1122000,1024000,1075000,1031000,992000,1027000,917000,591000]",416,9113000
8,13,10,"[198,290,410,400,385,366,358,378,329,213]","[569000,796000,1089000,1103000,1063000,1035000,995000,1064000,931000,642000]",410,9287000
8,14,10,"[356,272,378,388,362,385,350,378,375,289]","[997000,771000,1076000,1065000,997000,1084000,961000,1051000,1042000,891000]",388,9935000
8,15,10,"[350,269,372,389,381,386,340,347,328,287]","[979000,756000,1059000,1061000,1058000,1089000,941000,976000,909000,880000]",389,9708000
8,16,10,"[197,262,380,374,361,384,328,396,345,325]","[546000,767000,1010000,1042000,999000,1089000,906000,1133000,968000,888000]",396,9348000
8,17,10,"[288,224,415,369,358,408,355,360,324,207]","[796000,644000,1097000,1025000,970000,1130000,974000,1000000,922000,579000]",415,9137000
8,18,10,"[280,258,378,374,409,381,363,372,308,244]","[715000,746000,1007000,1030000,1130000,1047000,1002000,1056000,879000,706000]",409,9318000
8,19,10,"[188,283,354,369,403,455,355,370,304,202]","[526000,776000,918000,1021000,1114000,1285000,970000,1019000,843000,591000]",455,9063000
8,20,10,"[192,255,375,371,414,412,303,330,368,304]","[548000,744000,1001000,1026000,1153000,1157000,835000,928000,1045000,840000]",414,9277000
8,21,10,"[350,269,367,390,396,405,350,365,494,390]","[1015000,756000,1041000,1066000,1101000,1134000,964000,1033000,1385000,1207000]",494,10702000
8,22,10,"[275,262,375,379,417,407,354,357,389,323]","[900000,767000,1005000,1043000,1172000,1138000,1000000,1006000,1156000,953000]",417,10140000
8,23,10,"[325,307,394,399,454,368,350,379,407,377]","[1028000,898000,1067000,1101000,1240000,1044000,914000,1100000,1136000,1162000]",454,10690000
8,24,10,"[200,258,409,377,413,422,314,342,337,273]","[566000,750000,1070000,1041000,1149000,1191000,862000,954000,958000,765000]",422,9306000
8,25,10,"[351,271,370,387,389,385,352,343,346,287]","[989000,760000,1040000,1065000,1084000,1097000,980000,958000,988000,867000]",389,9828000
8,26,10,"[345,273,371,394,340,402,408,385,369,287]","[975000,774000,1051000,1077000,938000,1127000,1123000,1077000,1007000,875000]",408,10024000
8,27,10,"[229,266,417,368,385,380,359,352,330,207]","[719000,773000,1097000,1022000,1076000,1073000,987000,1002000,925000,636000]",417,9310000
8,28,10,"[182,283,412,418,398,427,386,390,338,230]","[506000,782000,1091000,1123000,1091000,1182000,1038000,1074000,973000,673000]",427,9533000
8,29,10,"[241,293,414,374,357,384,384,370,327,200]","[696000,820000,1127000,1042000,996000,1051000,1038000,1013000,914000,572000]",414,9269000
8,30,10,"[243,307,408,404,408,367,353,371,328,214]","[778000,851000,1089000,1105000,1138000,1058000,962000,1066000,921000,610000]",408,9578000
8,31,10,"[234,312,399,410,381,378,343,348,325,268]","[741000,861000,1069000,1119000,1059000,1062000,933000,982000,913000,744000]",410,9483000
8,32,10,"[183,283,398,371,411,424,362,366,314,207]","[503000,786000,1068000,1013000,1155000,1157000,987000,1022000,882000,586000]",424,9159000
8,33,10,"[347,276,372,390,382,391,342,348,329,285]","[975000,777000,1053000,1083000,1064000,1119000,936000,972000,912000,875000]",391,9766000
8,34,10,"[271,263,377,364,381,381,348,345,327,208]","[884000,767000,1019000,1016000,1060000,1079000,937000,975000,909000,621000]",381,9267000
8,35,10,"[238,264,381,367,387,354,331,431,335,326]","[734000,763000,1012000,1018000,1080000,1008000,923000,1198000,946000,928000]",431,9610000
8,36,10,"[365,272,369,387,413,384,438,383,521,351]","[1081000,771000,1037000,1065000,1147000,1075000,1259000,1111000,1442000,1020000]",521,11008000
8,37,10,"[196,266,386,395,370,383,308,385,350,318]","[540000,773000,1062000,1072000,1018000,1090000,852000,1096000,970000,866000]",395,9339000
8,38,10,"[248,265,384,385,365,382,345,370,345,319]","[781000,773000,1019000,1080000,1010000,1082000,930000,1013000,963000,879000]",385,9530000
8,39,10,"[192,255,375,370,413,418,303,381,341,304]","[548000,744000,1001000,1026000,1151000,1167000,835000,1051000,970000,840000]",418,9333000
8,40,10,"[198,290,410,402,388,366,358,363,331,213]","[569000,796000,1089000,1107000,1069000,1035000,995000,1031000,935000,642000]",410,9268000
8,41,10,"[210,293,417,376,413,412,354,372,313,209]","[559000,787000,1088000,1012000,1171000,1137000,973000,1010000,880000,610000]",417,9227000
8,42,10,"[283,261,374,396,364,422,366,360,332,324]","[897000,759000,999000,1097000,1019000,1137000,1002000,994000,928000,872000]",422,9704000
8,43,10,"[361,288,375,389,362,380,351,379,376,291]","[1042000,806000,1064000,1069000,997000,1081000,963000,1053000,1047000,895000]",389,10017000
8,44,10,"[235,259,388,377,379,426,331,411,309,228]","[597000,754000,1021000,1054000,1023000,1169000,888000,1156000,869000,644000]",426,9175000
8,45,10,"[235,258,434,376,381,379,378,373,333,230]","[662000,744000,1119000,1043000,1074000,1066000,1098000,1036000,916000,668000]",434,9426000
8,46,10,"[218,258,384,379,406,423,379,373,368,323]","[628000,746000,1029000,1046000,1120000,1178000,1008000,1050000,1074000,919000]",423,9798000
8,47,10,"[327,231,414,373,358,417,330,379,325,209]","[920000,666000,1087000,1038000,994000,1148000,871000,1098000,908000,588000]",417,9318000
8,48,10,"[273,315,428,407,423,361,360,378,400,290]","[833000,867000,1159000,1115000,1183000,1043000,980000,1109000,1109000,857000]",428,10255000
8,49,10,"[243,295,413,415,369,395,385,390,351,235]","[729000,824000,1096000,1107000,1026000,1105000,1043000,1078000,1000000,684000]",415,9692000
8,50,10,"[329,284,414,413,344,398,314,405,355,332]","[961000,784000,1095000,1107000,956000,1108000,881000,1138000,997000,1039000]",414,10066000
8,51,10,"[195,291,417,375,411,413,362,377,304,211]","[533000,798000,1092000,1017000,1156000,1149000,979000,1053000,839000,614000]",417,9230000
8,52,10,"[384,273,377,390,431,411,375,419,243,234]","[1099000,768000,1072000,1065000,1276000,1123000,1022000,1183000,680000,678000]",431,9966000
8,53,10,"[282,264,417,376,357,389,380,381,431,300]","[934000,772000,1110000,1052000,987000,1064000,1024000,1041000,1212000,843000]",431,10039000
8,54,10,"[273,279,430,373,415,378,357,372,418,280]","[780000,806000,1175000,1032000,1163000,1060000,977000,1092000,1161000,849000]",430,10095000
8,55,10,"[243,308,398,371,408,373,351,337,322,270]","[774000,844000,1084000,1045000,1134000,1061000,959000,952000,906000,789000]",408,9548000
8,56,10,"[362,296,414,415,381,384,342,398,418,304]","[1206000,863000,1122000,1108000,1071000,1070000,923000,1130000,1205000,919000]",418,10617000
8,57,10,"[311,286,418,415,337,400,317,482,381,311]","[946000,784000,1099000,1130000,915000,1112000,889000,1326000,1131000,937000]",482,10269000
8,58,10,"[184,230,377,367,411,360,365,375,327,197]","[518000,652000,1003000,1009000,1122000,1041000,1013000,1038000,931000,564000]",411,8891000
8,59,10,"[295,262,377,385,417,413,386,430,250,195]","[788000,765000,1005000,1055000,1164000,1127000,1052000,1223000,699000,563000]",430,9441000
8,60,10,"[453,505,614,514,506,497,493,594,495,415]","[1249000,1280000,1508000,1316000,1275000,1576000,1266000,2145000,1755000,1275000]",614,14645000
8,61,10,"[1043,396,466,373,1111,565,445,1122,865,969]","[4464000,1032000,1185000,1007000,3128000,1490000,1146000,2848000,2058000,2985000]",1122,21343000
8,62,10,"[194,293,379,394,412,398,355,367,305,205]","[529000,785000,1009000,1095000,1164000,1091000,970000,1011000,859000,580000]",412,9093000
8,63,10,"[314,347,417,427,343,396,313,404,327,291]","[939000,972000,1102000,1148000,953000,1100000,869000,1135000,928000,791000]",427,9937000
8,64,10,"[188,298,397,357,416,427,353,378,317,206]","[525000,836000,1069000,983000,1183000,1167000,967000,1098000,890000,621000]",427,9339000
8,65,10,"[351,272,374,394,410,402,361,337,332,250]","[979000,761000,1043000,1073000,1130000,1117000,993000,948000,908000,744000]",410,9696000
8,66,10,"[203,271,344,372,415,412,306,370,328,304]","[553000,780000,931000,1026000,1161000,1157000,845000,1041000,932000,832000]",415,9258000
8,67,10,"[194,261,376,389,363,414,352,398,347,305]","[525000,756000,999000,1089000,999000,1154000,971000,1120000,963000,827000]",414,9403000
8,68,10,"[286,261,377,386,416,414,381,347,326,204]","[764000,765000,1010000,1057000,1158000,1131000,1038000,967000,934000,605000]",416,9429000
8,69,10,"[362,275,366,388,432,359,361,368,452,396]","[1036000,777000,1031000,1067000,1209000,1035000,997000,1017000,1294000,1206000]",452,10669000
8,70,10,"[188,332,416,367,401,405,354,372,320,211]","[526000,943000,1098000,1021000,1134000,1129000,966000,1023000,907000,600000]",416,9347000
8,71,10,"[251,255,376,366,388,408,352,383,318,224]","[710000,744000,1014000,1020000,1081000,1130000,966000,1090000,928000,650000]",408,9333000
8,72,10,"[354,272,368,392,434,373,361,317,452,396]","[1020000,771000,1041000,1071000,1209000,1055000,997000,910000,1294000,1210000]",452,10578000
8,73,10,"[244,284,409,372,379,390,347,339,353,305]","[762000,792000,1075000,1032000,1055000,1102000,935000,952000,978000,871000]",409,9554000
8,74,10,"[346,269,368,395,321,390,395,345,334,280]","[973000,756000,1045000,1094000,882000,1102000,1104000,976000,923000,857000]",395,9712000
8,75,10,"[237,292,421,384,417,413,345,381,323,263]","[702000,815000,1084000,1031000,1168000,1171000,933000,1059000,936000,754000]",421,9653000
8,76,10,"[317,269,372,388,363,381,372,397,442,388]","[988000,756000,1044000,1063000,991000,1043000,1027000,1136000,1286000,1169000]",442,10503000
8,77,10,"[281,262,376,377,409,373,385,374,309,233]","[725000,763000,1007000,1038000,1130000,1025000,1049000,1051000,888000,675000]",409,9351000
8,78,10,"[287,324,397,409,381,415,407,437,376,308]","[978000,885000,1070000,1115000,1059000,1127000,1092000,1267000,1040000,1015000]",437,10648000
8,79,10,"[246,277,416,373,365,385,373,373,368,309]","[777000,814000,1093000,1055000,1002000,1055000,1016000,1010000,1021000,911000]",416,9754000
8,80,10,"[217,262,381,380,382,355,334,377,324,201]","[570000,761000,1009000,1048000,1070000,1019000,916000,1054000,910000,574000]",382,8931000
8,81,10,"[211,285,415,369,356,406,353,405,308,206]","[631000,769000,1094000,1034000,996000,1127000,966000,1145000,878000,614000]",415,9254000
8,82,10,"[233,288,380,374,382,378,378,369,334,220]","[654000,806000,1011000,1033000,1061000,1067000,1100000,1025000,918000,644000]",382,9319000
8,83,10,"[280,267,413,373,362,382,381,367,324,196]","[739000,798000,1070000,1037000,1011000,1046000,1038000,1013000,915000,549000]",413,9216000
8,84,10,"[183,285,416,413,343,378,314,405,318,194]","[506000,784000,1095000,1107000,954000,1068000,867000,1142000,899000,560000]",416,8982000
8,85,10,"[191,282,413,367,391,408,353,319,324,204]","[526000,771000,1096000,1021000,1091000,1135000,966000,920000,915000,578000]",413,9019000
8,86,10,"[202,316,414,380,383,363,371,295,336,214]","[565000,870000,1134000,1077000,1063000,1023000,1001000,851000,948000,652000]",414,9184000
8,87,10,"[204,283,409,401,370,358,315,374,287,263]","[579000,768000,1089000,1103000,1028000,1031000,881000,1051000,839000,738000]",409,9107000
8,88,10,"[239,259,380,395,350,383,378,374,335,237]","[680000,759000,1002000,1094000,976000,1092000,1104000,1036000,918000,703000]",395,9364000
8,89,10,"[187,280,449,399,349,366,354,365,315,201]","[508000,771000,1216000,1113000,975000,1015000,976000,1011000,897000,576000]",449,9058000
8,90,10,"[289,258,378,353,359,404,357,371,329,202]","[773000,759000,1020000,997000,1016000,1132000,959000,1048000,939000,599000]",404,9242000
8,91,10,"[206,292,417,331,386,361,367,367,338,199]","[593000,800000,1123000,929000,1068000,1033000,1008000,1022000,939000,591000]",417,9106000
8,92,10,"[195,286,360,402,383,360,366,374,360,205]","[542000,789000,963000,1110000,1065000,1031000,1006000,1057000,1015000,590000]",402,9168000
8,93,10,"[353,272,378,388,370,385,352,380,377,291]","[1000000,771000,1076000,1067000,1025000,1082000,974000,1063000,1051000,901000]",388,10010000
8,94,10,"[350,280,372,389,390,386,340,347,328,289]","[979000,770000,1059000,1061000,1082000,1089000,941000,976000,919000,884000]",390,9760000
8,95,10,"[198,261,378,379,370,383,311,387,343,322]","[578000,754000,1010000,1066000,1015000,1084000,886000,1106000,963000,889000]",387,9351000
8,96,10,"[280,229,415,363,338,404,355,375,334,205]","[767000,667000,1093000,1017000,955000,1122000,968000,1052000,955000,600000]",415,9196000
8,97,10,"[280,259,381,377,454,386,364,370,310,239]","[715000,764000,1018000,1037000,1229000,1054000,994000,1046000,870000,692000]",454,9419000
8,98,10,"[188,282,354,373,432,457,356,367,306,203]","[526000,771000,918000,1027000,1177000,1290000,972000,1013000,857000,593000]",457,9144000
8,99,10,"[192,255,408,307,414,412,306,330,371,306]","[548000,744000,1094000,879000,1153000,1157000,841000,928000,1047000,854000]",414,9245000
9,1,10,"[243,241,299,390,343,346,392,358,371,366]","[703000,681000,814000,1083000,1031000,954000,1136000,1016000,1086000,1023000]",392,9527000
9,2,10,"[250,256,281,382,389,303,404,350,393,346]","[726000,712000,756000,1039000,1111000,880000,1150000,959000,1131000,974000]",404,9438000
9,3,10,"[243,259,212,395,403,315,342,397,413,344]","[711000,711000,592000,1080000,1155000,852000,972000,1090000,1138000,964000]",413,9265000
9,4,10,"[246,262,331,315,345,348,412,296,425,331]","[716000,717000,881000,860000,977000,1008000,1173000,841000,1194000,925000]",425,9292000
9,5,10,"[285,336,326,388,395,328,360,390,385,336]","[816000,917000,890000,1066000,1124000,886000,969000,1111000,1103000,906000]",395,9788000
9,6,10,"[295,262,320,408,405,340,404,344,384,251]","[839000,729000,884000,1070000,1155000,1000000,1125000,931000,1069000,684000]",408,9486000
9,7,10,"[216,265,333,412,415,339,403,296,406,283]","[639000,760000,921000,1093000,1180000,996000,1123000,814000,1136000,800000]",415,9462000
9,8,10,"[245,258,317,410,407,334,411,345,407,332]","[711000,715000,883000,1072000,1155000,971000,1135000,936000,1137000,925000]",411,9640000
9,9,10,"[289,349,311,387,398,340,369,386,387,327]","[821000,954000,896000,1059000,1124000,929000,982000,1116000,1107000,894000]",398,9882000
9,10,10,"[214,266,317,409,412,332,405,345,409,281]","[639000,765000,883000,1085000,1175000,971000,1127000,933000,1137000,800000]",412,9515000
9,11,10,"[294,383,311,344,340,301,376,381,395,396]","[838000,1054000,888000,913000,960000,808000,1075000,1104000,1146000,1172000]",396,9958000
9,12,10,"[289,346,302,391,400,353,354,353,389,332]","[821000,947000,887000,1059000,1138000,970000,946000,1019000,1111000,904000]",400,9802000
9,13,10,"[249,258,326,410,407,334,406,354,406,339]","[722000,715000,875000,1075000,1155000,971000,1129000,951000,1134000,931000]",410,9658000
9,14,10,"[273,361,213,393,386,318,393,366,404,371]","[786000,986000,615000,1067000,1114000,854000,1140000,1050000,1155000,1028000]",404,9795000
9,15,10,"[272,361,221,394,404,319,402,359,402,363]","[788000,989000,613000,1075000,1157000,848000,1152000,1018000,1171000,999000]",404,9810000
9,16,10,"[261,331,217,395,402,311,411,418,405,260]","[735000,928000,618000,1074000,1146000,839000,1160000,1217000,1167000,741000]",418,9625000
9,17,10,"[385,367,329,320,353,389,386,380,400,313]","[1009000,1007000,891000,895000,1007000,1062000,1106000,1096000,1147000,896000]",400,10116000
9,18,10,"[397,357,317,382,343,348,394,366,370,362]","[1103000,983000,885000,1042000,1031000,952000,1140000,1036000,1094000,1018000]",397,10284000
9,19,10,"[291,354,312,401,337,321,380,393,393,388]","[823000,969000,912000,1049000,948000,864000,1092000,1124000,1135000,1160000]",401,10076000
9,20,10,"[245,258,317,410,413,335,405,347,409,332]","[711000,715000,883000,1071000,1177000,973000,1131000,939000,1137000,925000]",413,9662000
9,21,10,"[284,322,306,362,344,351,413,409,344,274]","[785000,896000,906000,983000,951000,1014000,1170000,1124000,987000,743000]",413,9559000
9,22,10,"[251,306,321,381,230,354,422,303,408,397]","[708000,874000,941000,1001000,630000,1022000,1197000,851000,1171000,1181000]",422,9576000
9,23,10,"[277,359,217,391,387,327,402,370,402,372]","[791000,982000,620000,1052000,1122000,884000,1166000,1061000,1159000,1036000]",402,9873000
9,24,10,"[251,343,303,387,391,309,400,371,401,333]","[748000,931000,794000,1047000,1124000,834000,1162000,1075000,1156000,949000]",401,9820000
9,25,10,"[263,341,243,390,396,337,372,386,385,357]","[747000,948000,699000,1077000,1124000,918000,974000,1111000,1103000,978000]",396,9679000
9,26,10,"[475,340,331,314,344,350,417,295,428,375]","[1442000,953000,914000,856000,971000,1008000,1187000,836000,1206000,1062000]",475,10435000
9,27,10,"[275,361,254,398,417,353,370,430,406,372]","[780000,989000,733000,1060000,1187000,961000,995000,1224000,1168000,1020000]",430,10117000
9,28,10,"[244,254,335,311,342,350,412,343,430,346]","[711000,706000,907000,862000,968000,1008000,1175000,941000,1211000,956000]",430,9445000
9,29,10,"[293,349,309,393,398,297,386,403,388,331]","[825000,943000,901000,1067000,1139000,793000,1056000,1133000,1114000,902000]",403,9873000
9,30,10,"[286,358,311,405,420,351,422,433,414,357]","[815000,959000,893000,1120000,1188000,1000000,1182000,1218000,1198000,1021000]",433,10594000
9,31,10,"[287,252,291,436,410,304,408,366,419,276]","[796000,783000,799000,1143000,1169000,884000,1146000,1029000,1174000,781000]",436,9704000
9,32,10,"[212,277,303,411,414,341,404,344,410,285]","[636000,776000,844000,1067000,1176000,977000,1123000,929000,1140000,824000]",414,9492000
9,33,10,"[213,264,319,404,407,340,404,344,383,249]","[643000,748000,884000,1063000,1160000,1002000,1125000,931000,1058000,684000]",407,9298000
9,34,10,"[273,395,332,382,404,338,395,412,387,327]","[779000,1067000,891000,1047000,1148000,924000,1140000,1170000,1072000,872000]",412,10110000
9,35,10,"[291,371,331,367,413,315,396,308,421,296]","[831000,1021000,904000,977000,1152000,915000,1140000,862000,1157000,875000]",421,9834000
9,36,10,"[355,380,351,345,388,383,376,408,399,268]","[971000,1048000,959000,979000,1113000,1078000,1011000,1155000,1137000,799000]",408,10250000
9,37,10,"[400,447,202,382,411,299,407,364,413,415]","[1164000,1241000,553000,999000,1161000,874000,1131000,1014000,1150000,1140000]",447,10427000
9,38,10,"[356,342,358,387,401,347,380,386,435,359]","[1013000,914000,990000,1057000,1147000,955000,1018000,1122000,1205000,993000]",435,10414000
9,39,10,"[300,271,289,452,327,299,377,383,404,394]","[867000,743000,822000,1186000,919000,809000,1081000,1110000,1171000,1171000]",452,9879000
9,40,10,"[293,252,330,296,339,360,416,333,390,251]","[832000,702000,904000,813000,951000,1026000,1186000,924000,1075000,687000]",416,9100000
9,41,10,"[290,310,311,397,398,338,370,388,387,331]","[821000,866000,886000,1100000,1124000,919000,982000,1121000,1107000,904000]",398,9830000
9,42,10,"[331,369,318,319,355,394,391,381,374,313]","[889000,1014000,866000,877000,1020000,1074000,1113000,1096000,1056000,910000]",394,9915000
9,43,10,"[377,368,317,404,414,317,336,402,430,374]","[1135000,1051000,932000,1144000,1203000,847000,958000,1102000,1176000,1037000]",430,10585000
9,44,10,"[402,315,351,329,368,399,388,420,425,305]","[1045000,865000,984000,921000,1041000,1099000,1102000,1200000,1231000,894000]",425,10382000
9,45,10,"[277,366,303,335,412,342,387,382,407,317]","[785000,992000,804000,913000,1158000,1014000,1114000,1090000,1157000,917000]",412,9944000
9,46,10,"[248,261,230,398,407,312,398,356,398,341]","[720000,729000,644000,1091000,1154000,833000,1146000,1012000,1155000,881000]",407,9365000
9,47,10,"[244,317,216,395,404,315,401,419,409,261]","[700000,868000,619000,1084000,1149000,845000,1144000,1219000,1170000,741000]",419,9539000
9,48,10,"[274,252,336,318,380,322,396,360,325,381]","[756000,698000,893000,856000,1084000,943000,1144000,1026000,931000,1075000]",396,9406000
9,49,10,"[285,389,223,422,396,316,412,365,401,369]","[829000,1062000,628000,1164000,1137000,847000,1189000,1018000,1146000,1047000]",422,10067000
9,50,10,"[211,261,272,434,430,302,402,369,407,283]","[637000,748000,738000,1150000,1227000,860000,1122000,1031000,1151000,793000]",434,9457000
9,51,10,"[247,263,323,413,401,321,403,353,406,347]","[721000,724000,890000,1104000,1142000,879000,1127000,962000,1134000,975000]",413,9658000
9,52,10,"[243,260,322,403,330,385,402,355,416,351]","[701000,713000,887000,1056000,930000,1067000,1125000,967000,1190000,985000]",416,9621000
9,53,10,"[228,346,286,435,402,330,404,361,458,261]","[668000,965000,767000,1148000,1151000,885000,1155000,1010000,1238000,751000]",458,9738000
9,54,10,"[243,251,322,411,428,305,450,323,411,323]","[711000,696000,891000,1091000,1242000,886000,1257000,891000,1150000,907000]",450,9722000
9,55,10,"[211,261,272,436,410,304,402,367,409,283]","[637000,748000,738000,1154000,1169000,882000,1131000,1027000,1156000,793000]",436,9435000
9,56,10,"[255,244,336,436,419,377,438,384,401,349]","[749000,669000,917000,1139000,1213000,1153000,1272000,1105000,1171000,995000]",438,10383000
9,57,10,"[312,422,256,396,393,320,406,358,434,414]","[893000,1162000,658000,1069000,1140000,865000,1174000,1031000,1224000,1091000]",434,10307000
9,58,10,"[237,259,303,396,403,313,342,396,407,316]","[781000,748000,886000,1079000,1152000,848000,972000,1088000,1126000,896000]",407,9576000
9,59,10,"[393,413,331,340,327,389,390,388,404,319]","[1050000,1144000,901000,938000,926000,1068000,1112000,1101000,1165000,925000]",413,10330000
9,60,10,"[271,362,245,393,427,347,366,377,389,394]","[778000,991000,702000,1070000,1172000,942000,973000,1089000,1109000,1109000]",427,9935000
9,61,10,"[352,371,317,308,410,400,384,381,405,315]","[946000,995000,852000,900000,1155000,1089000,1102000,1096000,1169000,895000]",410,10199000
9,62,10,"[357,346,336,405,339,324,374,383,398,397]","[1010000,949000,909000,1053000,950000,862000,1075000,1114000,1162000,1178000]",405,10262000
9,63,10,"[432,258,212,393,404,322,342,396,411,346]","[1185000,716000,592000,1065000,1151000,866000,972000,1088000,1134000,974000]",432,9743000
9,64,10,"[314,334,225,373,406,334,434,476,375,260]","[895000,942000,651000,978000,1148000,977000,1264000,1356000,1047000,745000]",476,10003000
9,65,10,"[355,393,353,386,400,338,389,409,369,331]","[988000,1092000,955000,1051000,1142000,896000,1085000,1151000,1073000,883000]",409,10316000
9,66,10,"[248,261,323,398,397,290,403,355,427,346]","[714000,711000,874000,1043000,1136000,792000,1127000,966000,1196000,956000]",427,9515000
9,67,10,"[214,265,270,434,406,337,401,347,411,282]","[635000,754000,734000,1134000,1150000,992000,1123000,935000,1166000,789000]",434,9412000
9,68,10,"[400,359,372,390,409,333,400,404,378,342]","[1160000,976000,1019000,1067000,1153000,975000,1117000,1159000,1067000,932000]",409,10625000
9,69,10,"[281,365,246,395,463,299,398,356,384,307]","[817000,998000,686000,1084000,1303000,826000,1144000,1012000,1110000,874000]",463,9854000
9,70,10,"[322,349,286,381,336,380,409,363,406,313]","[910000,965000,820000,1044000,961000,1004000,1169000,1008000,1171000,850000]",409,9902000
9,71,10,"[304,353,290,453,453,333,370,382,397,400]","[869000,992000,838000,1177000,1237000,917000,1010000,1100000,1166000,1180000]",453,10486000
9,72,10,"[297,259,327,368,395,345,431,363,375,307]","[838000,719000,876000,973000,1096000,1053000,1264000,1028000,1091000,862000]",431,9800000
9,73,10,"[272,351,221,394,404,320,402,359,400,378]","[788000,972000,613000,1075000,1157000,850000,1152000,1018000,1167000,993000]",404,9785000
9,74,10,"[294,252,317,410,413,336,400,349,291,310]","[843000,702000,873000,1080000,1180000,975000,1121000,937000,818000,872000]",413,9401000
9,75,10,"[249,256,320,359,397,303,394,421,406,275]","[722000,696000,872000,976000,1136000,801000,1143000,1226000,1167000,780000]",421,9519000
9,76,10,"[250,257,321,404,423,495,343,354,406,331]","[721000,707000,883000,1059000,1195000,1419000,954000,953000,1143000,923000]",495,9957000
9,77,10,"[243,241,302,390,343,344,392,358,369,387]","[703000,681000,807000,1083000,1031000,944000,1136000,1016000,1083000,1058000]",392,9542000
9,78,10,"[213,260,361,381,390,336,368,357,392,277]","[642000,740000,961000,1010000,1086000,981000,1047000,965000,1156000,772000]",392,9360000
9,79,10,"[293,338,328,388,397,297,360,392,390,334]","[850000,917000,894000,1066000,1134000,808000,969000,1111000,1105000,906000]",397,9760000
9,80,10,"[244,252,305,313,345,346,410,350,408,357]","[711000,702000,820000,848000,969000,1019000,1161000,958000,1182000,1001000]",410,9371000
9,81,10,"[249,233,321,409,412,454,403,358,436,328]","[735000,646000,866000,1079000,1175000,1275000,1133000,971000,1232000,911000]",454,10023000
9,82,10,"[417,397,372,370,397,295,386,405,396,345]","[1126000,1066000,1074000,963000,1139000,814000,1057000,1149000,1116000,920000]",417,10424000
9,83,10,"[296,340,232,392,410,322,401,424,407,261]","[799000,940000,629000,1055000,1141000,845000,1148000,1221000,1165000,746000]",424,9689000
9,84,10,"[252,256,296,354,336,323,395,359,371,365]","[724000,718000,793000,975000,993000,886000,1144000,1021000,1081000,1012000]",395,9347000
9,85,10,"[249,274,277,325,380,302,407,353,396,352]","[727000,774000,736000,904000,1075000,880000,1148000,973000,1133000,988000]",407,9338000
9,86,10,"[246,234,212,398,399,317,347,398,408,348]","[717000,670000,592000,1085000,1140000,865000,990000,1090000,1128000,981000]",408,9258000
9,87,10,"[288,264,324,311,340,350,416,295,427,324]","[812000,730000,874000,850000,958000,1010000,1177000,836000,1204000,898000]",427,9349000
9,88,10,"[276,340,326,381,397,341,373,390,388,328]","[773000,925000,891000,1040000,1130000,927000,998000,1108000,1109000,894000]",397,9795000
9,89,10,"[267,263,322,408,405,385,405,345,384,252]","[745000,729000,881000,1070000,1155000,1102000,1131000,929000,1072000,686000]",408,9500000
9,90,10,"[216,265,333,357,410,339,404,325,406,283]","[639000,760000,921000,938000,1157000,996000,1123000,908000,1136000,800000]",410,9378000
9,91,10,"[245,257,316,407,410,333,406,296,406,352]","[716000,708000,878000,1075000,1162000,975000,1129000,814000,1136000,984000]",410,9577000
9,92,10,"[291,346,308,374,400,341,370,385,403,326]","[834000,939000,890000,1021000,1124000,931000,984000,1114000,1147000,892000]",403,9876000
9,93,10,"[214,267,318,403,431,333,402,342,402,282]","[637000,767000,878000,1066000,1237000,978000,1125000,925000,1143000,796000]",431,9552000
9,94,10,"[290,378,314,341,335,304,375,394,390,393]","[829000,1047000,919000,894000,941000,863000,1086000,1140000,1138000,1173000]",394,10030000
9,95,10,"[292,349,311,407,399,360,321,358,386,332]","[823000,962000,908000,1124000,1139000,996000,873000,1040000,1105000,904000]",407,9874000
9,96,10,"[249,258,326,405,333,334,406,354,446,339]","[722000,715000,875000,1055000,956000,971000,1129000,951000,1264000,931000]",446,9569000
9,97,10,"[273,363,246,367,386,315,393,366,404,371]","[786000,990000,720000,981000,1114000,848000,1140000,1050000,1155000,1028000]",404,9812000
9,98,10,"[275,363,226,328,408,347,399,361,400,364]","[787000,993000,632000,911000,1167000,942000,1154000,1018000,1161000,1003000]",408,9768000
9,99,10,"[261,323,216,395,404,311,408,421,405,260]","[735000,900000,616000,1083000,1150000,839000,1158000,1222000,1167000,741000]",421,9611000
9,100,10,"[385,367,329,320,353,389,386,380,400,313]","[1009000,1007000,891000,895000,1007000,1062000,1099000,1096000,1144000,896000]",400,10106000
9,101,10,"[404,354,317,384,342,345,443,368,368,370]","[1101000,963000,889000,1046000,1011000,954000,1236000,1042000,1084000,1031000]",443,10357000
9,102,10,"[292,321,320,401,374,313,380,384,393,396]","[834000,878000,921000,1049000,1057000,829000,1075000,1110000,1144000,1174000]",401,10071000
9,103,10,"[249,256,333,409,404,333,442,358,407,326]","[726000,707000,886000,1053000,1144000,973000,1215000,981000,1135000,905000]",442,9725000
10,1,10,"[353,231,362,377,391,376,345,331,374,216]","[1020000,656000,964000,1147000,1067000,1058000,954000,947000,1024000,633000]",391,9470000
10,2,10,"[337,237,350,395,368,383,356,384,300,203]","[982000,672000,932000,1169000,978000,1068000,976000,1125000,855000,554000]",395,9311000
10,3,10,"[283,256,328,398,275,324,355,393,309,194]","[836000,726000,864000,1188000,754000,887000,997000,1121000,839000,547000]",398,8759000
10,4,10,"[281,266,354,394,351,391,342,380,374,197]","[823000,720000,942000,1163000,927000,1110000,936000,1087000,1057000,558000]",394,9323000
10,5,10,"[305,259,355,393,315,342,377,362,311,278]","[885000,710000,950000,1165000,876000,999000,1058000,1025000,892000,778000]",393,9338000
10,6,10,"[227,256,354,395,310,362,333,396,297,196]","[661000,728000,933000,1173000,850000,1063000,933000,1122000,806000,554000]",396,8823000
10,7,10,"[226,237,353,405,414,333,340,394,213,175]","[668000,683000,934000,1195000,1155000,927000,950000,1122000,599000,498000]",414,8731000
10,8,10,"[313,270,355,393,317,342,377,368,312,268]","[887000,720000,950000,1165000,882000,999000,1064000,1042000,894000,767000]",393,9370000
10,9,10,"[225,261,356,400,314,365,336,397,296,199]","[660000,734000,936000,1181000,850000,1078000,939000,1120000,811000,572000]",400,8881000
10,10,10,"[226,255,352,404,423,330,334,396,213,175]","[656000,726000,932000,1193000,1185000,927000,935000,1127000,599000,493000]",423,8773000
10,11,10,"[349,224,362,379,391,378,353,337,374,215]","[1016000,633000,964000,1152000,1067000,1062000,973000,962000,1024000,631000]",391,9484000
10,12,10,"[249,255,352,398,315,367,349,395,310,194]","[723000,726000,927000,1188000,876000,1038000,967000,1121000,844000,547000]",398,8957000
10,13,10,"[228,256,358,404,352,391,342,396,220,181]","[662000,723000,937000,1198000,968000,1115000,957000,1124000,629000,508000]",404,8821000
10,14,10,"[253,266,353,395,342,366,333,397,297,196]","[749000,720000,942000,1170000,933000,1075000,931000,1130000,806000,563000]",397,9019000
10,15,10,"[298,230,363,380,396,377,356,396,287,215]","[857000,644000,975000,1153000,1073000,1050000,979000,1124000,808000,632000]",396,9295000
10,16,10,"[258,238,357,403,351,388,339,397,212,222]","[706000,658000,944000,1193000,966000,1097000,951000,1126000,586000,609000]",403,8836000
10,17,10,"[261,265,352,395,361,367,370,383,370,194]","[771000,712000,944000,1175000,966000,1034000,1017000,1102000,1041000,553000]",395,9315000
10,18,10,"[260,264,352,392,364,396,342,381,367,194]","[769000,712000,944000,1163000,960000,1122000,939000,1089000,1046000,553000]",396,9297000
10,19,10,"[222,268,356,396,363,399,334,395,295,200]","[657000,717000,954000,1177000,986000,1122000,935000,1118000,806000,573000]",399,9045000
10,20,10,"[249,255,352,404,348,319,356,395,307,194]","[723000,723000,927000,1193000,953000,882000,1002000,1125000,839000,562000]",404,8929000
10,21,10,"[282,265,350,398,347,394,347,439,334,197]","[825000,717000,934000,1173000,927000,1118000,940000,1234000,920000,558000]",439,9346000
10,22,10,"[257,267,351,395,342,372,331,396,218,204]","[763000,715000,942000,1170000,935000,1084000,929000,1128000,613000,587000]",396,8866000
10,23,10,"[276,264,353,405,362,323,370,428,205,223]","[782000,719000,931000,1193000,977000,882000,1050000,1155000,576000,616000]",428,8881000
10,24,10,"[249,257,352,404,345,322,288,394,305,196]","[723000,727000,927000,1193000,949000,922000,806000,1120000,843000,562000]",404,8772000
10,25,10,"[262,267,351,459,372,422,346,383,373,196]","[773000,722000,938000,1378000,996000,1174000,950000,1089000,1049000,563000]",459,9632000
10,26,10,"[260,268,352,394,364,415,342,380,365,194]","[769000,732000,944000,1167000,960000,1188000,936000,1087000,1024000,553000]",415,9360000
10,27,10,"[297,229,361,378,395,378,355,396,282,295]","[859000,644000,971000,1149000,1071000,1052000,977000,1124000,792000,885000]",396,9524000
10,28,10,"[412,227,348,381,393,381,350,463,275,248]","[1144000,646000,943000,1145000,1065000,1070000,964000,1274000,801000,709000]",463,9761000
10,29,10,"[226,255,356,408,346,326,401,396,313,194]","[656000,723000,935000,1202000,953000,898000,1122000,1123000,848000,562000]",408,9022000
10,30,10,"[351,229,350,444,397,379,361,399,295,210]","[1015000,652000,940000,1314000,1069000,1054000,985000,1126000,814000,601000]",444,9570000
10,31,10,"[388,233,348,403,367,382,385,470,284,371]","[1109000,657000,933000,1197000,989000,1070000,1064000,1342000,809000,1087000]",470,10257000
10,32,10,"[255,273,352,397,367,385,335,395,207,204]","[748000,715000,947000,1182000,1000000,1091000,936000,1120000,579000,587000]",397,8905000
10,33,10,"[256,257,319,369,396,378,356,396,287,219]","[694000,774000,878000,1122000,1073000,1052000,979000,1124000,798000,596000]",396,9090000
10,34,10,"[226,237,353,405,350,386,337,396,213,175]","[668000,683000,934000,1193000,964000,1093000,944000,1126000,599000,498000]",405,8702000
10,35,10,"[350,397,387,384,395,393,417,408,364,255]","[983000,1243000,1066000,1167000,1065000,1100000,1149000,1156000,1007000,718000]",417,10654000
10,36,10,"[305,263,363,395,315,343,376,424,273,283]","[864000,718000,958000,1163000,867000,999000,1063000,1210000,759000,824000]",424,9425000
10,37,10,"[260,266,352,394,364,388,343,380,367,194]","[769000,712000,944000,1163000,962000,1087000,934000,1087000,1026000,553000]",394,9237000
10,38,10,"[280,239,357,403,353,388,341,396,209,201]","[766000,685000,938000,1193000,966000,1097000,957000,1127000,579000,549000]",403,8857000
10,39,10,"[281,263,353,393,340,372,370,390,297,196]","[826000,716000,948000,1168000,935000,1048000,1046000,1082000,810000,549000]",393,9128000
10,40,10,"[285,366,343,402,364,384,356,381,340,252]","[780000,1092000,926000,1199000,967000,1073000,967000,1119000,965000,721000]",402,9809000
10,41,10,"[353,226,363,380,396,382,357,396,293,187]","[1021000,635000,966000,1148000,1078000,1060000,982000,1124000,811000,532000]",396,9357000
10,42,10,"[260,273,353,395,344,396,348,396,381,194]","[769000,738000,946000,1172000,938000,1112000,948000,1086000,1062000,553000]",396,9324000
10,43,10,"[293,236,353,405,354,388,339,398,195,170]","[761000,654000,932000,1193000,970000,1093000,954000,1130000,543000,446000]",405,8676000
10,44,10,"[262,263,338,399,359,342,406,396,308,201]","[764000,742000,883000,1186000,954000,978000,1094000,1127000,853000,578000]",406,9159000
10,45,10,"[228,256,357,403,351,363,346,395,220,181]","[662000,723000,937000,1193000,966000,1065000,968000,1122000,629000,508000]",403,8773000
10,46,10,"[282,269,356,394,347,431,365,384,352,197]","[825000,722000,940000,1163000,927000,1183000,978000,1100000,974000,558000]",431,9370000
10,47,10,"[256,259,354,406,354,386,342,397,365,192]","[759000,780000,942000,1198000,972000,1093000,953000,1130000,1002000,552000]",406,9381000
10,48,10,"[255,264,363,394,366,405,334,461,263,219]","[697000,744000,979000,1167000,975000,1118000,935000,1299000,778000,597000]",461,9289000
10,49,10,"[227,256,354,395,310,337,333,396,297,196]","[661000,728000,933000,1173000,850000,1013000,933000,1122000,806000,554000]",396,8773000
10,50,10,"[228,260,360,400,310,361,344,401,340,198]","[666000,736000,950000,1181000,854000,1061000,960000,1131000,917000,573000]",401,9029000
10,51,10,"[260,263,344,398,363,413,344,439,340,197]","[772000,715000,928000,1181000,964000,1136000,946000,1240000,930000,554000]",439,9366000
10,52,10,"[306,228,353,376,388,349,294,444,303,207]","[885000,644000,936000,1151000,1061000,1008000,825000,1239000,855000,598000]",444,9202000
10,53,10,"[249,342,332,395,311,362,333,396,299,197]","[744000,1045000,952000,1175000,854000,1063000,936000,1122000,808000,558000]",396,9257000
10,54,10,"[274,262,358,404,352,391,342,395,209,226]","[743000,734000,942000,1198000,968000,1103000,960000,1120000,581000,622000]",404,8971000
10,55,10,"[262,260,356,396,368,399,385,398,295,229]","[740000,710000,953000,1179000,984000,1122000,1076000,1098000,822000,648000]",399,9332000
10,56,10,"[252,269,353,397,346,369,334,399,308,196]","[749000,730000,942000,1182000,956000,1081000,933000,1124000,878000,563000]",399,9138000
10,57,10,"[272,253,354,409,313,369,352,405,197,220]","[778000,710000,933000,1193000,863000,1038000,975000,1143000,560000,608000]",409,8801000
10,58,10,"[349,382,386,383,399,372,362,407,350,255]","[935000,1211000,1043000,1174000,1072000,1044000,982000,1152000,969000,720000]",407,10302000
10,59,10,"[226,387,381,406,354,363,346,398,305,194]","[656000,1215000,1022000,1208000,978000,1065000,974000,1128000,841000,562000]",406,9649000
10,60,10,"[366,259,356,404,313,426,412,335,379,208]","[1043000,710000,947000,1211000,867000,1209000,1150000,947000,1011000,557000]",426,9652000
10,61,10,"[296,228,350,429,396,376,356,396,299,218]","[857000,644000,952000,1283000,1073000,1051000,979000,1124000,848000,664000]",429,9475000
10,62,10,"[260,264,352,398,364,420,342,382,369,194]","[769000,712000,944000,1178000,960000,1160000,936000,1087000,1041000,553000]",420,9340000
10,63,10,"[353,226,363,380,394,382,357,396,284,218]","[1021000,635000,966000,1148000,1078000,1060000,984000,1124000,775000,646000]",396,9437000
10,64,10,"[261,239,358,449,405,461,329,412,213,219]","[698000,660000,953000,1326000,1087000,1321000,925000,1163000,587000,596000]",461,9316000
10,65,10,"[251,266,355,400,376,342,374,422,326,198]","[733000,739000,931000,1188000,1028000,999000,1061000,1185000,898000,570000]",422,9332000
10,66,10,"[386,257,362,379,422,353,354,386,299,222]","[1109000,732000,982000,1154000,1159000,1036000,970000,1125000,853000,651000]",422,9771000
10,67,10,"[292,232,356,383,393,373,346,393,292,219]","[851000,664000,964000,1165000,1067000,1046000,970000,1122000,818000,650000]",393,9317000
10,68,10,"[397,245,358,402,379,395,362,391,383,393]","[1130000,695000,948000,1191000,1006000,1110000,994000,1145000,1096000,1230000]",402,10545000
10,69,10,"[271,261,356,394,358,398,322,437,335,240]","[792000,710000,953000,1169000,968000,1118000,884000,1228000,929000,691000]",437,9442000
10,70,10,"[222,262,348,400,327,387,338,394,213,178]","[647000,710000,936000,1197000,887000,1095000,943000,1118000,599000,499000]",400,8631000
10,71,10,"[213,251,355,408,347,404,361,381,305,216]","[666000,701000,933000,1206000,958000,1151000,983000,1119000,871000,575000]",408,9163000
10,72,10,"[251,258,355,397,306,372,352,393,313,197]","[733000,732000,931000,1171000,824000,1060000,978000,1121000,852000,568000]",397,8970000
10,73,10,"[351,261,361,394,319,356,406,381,376,299]","[1008000,714000,961000,1165000,902000,1051000,1151000,1089000,1027000,829000]",406,9897000
10,74,10,"[310,234,359,386,388,376,358,457,409,260]","[849000,651000,965000,1174000,1061000,1038000,1001000,1287000,1148000,728000]",457,9902000
10,75,10,"[258,255,352,404,354,378,352,396,307,194]","[747000,723000,927000,1198000,968000,1071000,967000,1130000,839000,562000]",404,9132000
10,76,10,"[228,257,359,411,347,406,416,390,220,181]","[656000,725000,932000,1203000,958000,1102000,1169000,1082000,629000,518000]",416,8974000
10,77,10,"[261,338,344,402,315,371,344,417,363,197]","[777000,1045000,937000,1170000,856000,1087000,959000,1148000,1016000,558000]",417,9553000
10,78,10,"[329,239,355,395,367,357,364,437,371,173]","[956000,681000,946000,1175000,970000,979000,1009000,1228000,1020000,485000]",437,9449000
10,79,10,"[326,283,331,396,273,327,373,463,276,271]","[944000,854000,884000,1167000,751000,892000,1056000,1333000,768000,777000]",463,9426000
10,80,10,"[271,382,354,398,307,369,350,395,313,196]","[784000,1159000,946000,1178000,833000,1038000,963000,1121000,863000,549000]",398,9434000
10,81,10,"[225,243,354,398,364,384,362,456,371,198]","[651000,675000,944000,1180000,973000,1074000,1012000,1284000,1020000,549000]",456,9362000
10,82,10,"[355,232,359,382,392,380,346,337,336,216]","[1024000,650000,967000,1169000,1065000,1062000,956000,955000,951000,636000]",392,9435000
10,83,10,"[336,237,347,404,366,392,354,383,299,203]","[972000,672000,926000,1203000,982000,1096000,972000,1119000,856000,554000]",404,9352000
10,84,10,"[283,258,331,398,359,327,352,393,236,197]","[836000,731000,870000,1188000,974000,893000,995000,1121000,643000,552000]",398,8803000
10,85,10,"[281,266,354,395,351,393,342,377,374,197]","[823000,720000,942000,1163000,927000,1111000,936000,1076000,1057000,558000]",395,9313000
10,86,10,"[305,262,357,393,315,359,376,367,309,278]","[885000,716000,950000,1165000,876000,1025000,1058000,1034000,888000,783000]",393,9380000
10,87,10,"[227,256,354,444,310,361,298,396,297,196]","[661000,728000,933000,1298000,850000,1061000,839000,1122000,806000,554000]",444,8852000
10,88,10,"[221,240,354,406,414,330,345,394,213,175]","[649000,689000,926000,1195000,1155000,921000,963000,1122000,603000,488000]",414,8711000
10,89,10,"[312,260,307,398,316,344,378,363,311,270]","[883000,710000,842000,1175000,877000,1001000,1064000,1027000,892000,772000]",398,9243000
10,90,10,"[225,261,356,416,314,365,336,389,296,199]","[660000,734000,936000,1225000,850000,1078000,939000,1098000,811000,572000]",416,8903000
10,91,10,"[228,256,359,405,417,316,343,396,220,181]","[662000,723000,937000,1206000,1161000,884000,954000,1124000,629000,508000]",417,8788000
10,92,10,"[349,224,362,379,363,378,353,334,393,215]","[1016000,633000,964000,1152000,999000,1062000,973000,956000,1089000,631000]",393,9475000
10,93,10,"[251,266,355,399,362,368,352,395,311,201]","[733000,736000,931000,1186000,969000,1040000,978000,1121000,853000,575000]",399,9122000
10,94,10,"[231,256,358,404,352,387,336,396,220,182]","[668000,722000,938000,1198000,968000,1095000,935000,1122000,629000,506000]",404,8781000
10,95,10,"[256,266,353,397,342,370,337,398,299,202]","[759000,720000,949000,1180000,933000,1077000,950000,1127000,812000,577000]",398,9084000
10,96,10,"[298,225,363,380,365,378,356,396,316,218]","[857000,633000,975000,1151000,990000,1052000,979000,1124000,884000,640000]",396,9285000
10,97,10,"[259,242,357,403,314,388,337,397,239,222]","[721000,658000,944000,1193000,862000,1097000,947000,1126000,670000,615000]",403,8833000
10,98,10,"[260,265,352,392,360,292,368,439,370,194]","[769000,712000,944000,1156000,964000,811000,1017000,1277000,1041000,553000]",439,9244000
10,99,10,"[288,273,360,394,363,391,343,380,366,203]","[816000,726000,961000,1172000,950000,1110000,944000,1087000,1029000,566000]",394,9361000
10,100,10,"[222,264,354,394,386,398,334,361,298,202]","[657000,710000,951000,1167000,1049000,1120000,935000,1028000,812000,577000]",398,9006000
10,101,10,"[258,238,354,406,343,320,361,394,312,193]","[748000,683000,933000,1198000,947000,882000,1008000,1121000,860000,552000]",406,8932000
11,1,10,"[290,264,350,367,368,274,265,348,292,255]","[823000,757000,982000,1084000,1074000,801000,741000,920000,831000,759000]",368,8772000
11,2,10,"[293,269,348,321,343,350,316,346,295,258]","[838000,779000,972000,890000,981000,979000,865000,923000,844000,779000]",350,8850000
11,3,10,"[252,272,347,316,347,346,347,343,309,271]","[755000,786000,983000,876000,967000,1001000,959000,940000,882000,787000]",347,8936000
11,4,10,"[224,276,352,352,361,321,313,291,316,295]","[658000,785000,986000,1052000,1023000,909000,856000,785000,877000,886000]",361,8817000
11,5,10,"[304,185,372,326,350,336,375,257,286,293]","[875000,539000,1058000,930000,1027000,927000,1022000,697000,809000,877000]",375,8761000
11,6,10,"[230,271,353,360,359,322,314,345,313,250]","[670000,774000,988000,1066000,1033000,914000,856000,945000,875000,743000]",360,8864000
11,7,10,"[252,340,341,317,341,349,345,347,305,268]","[737000,981000,977000,878000,969000,1006000,959000,963000,857000,794000]",349,9121000
11,8,10,"[207,279,360,392,364,301,314,327,300,262]","[622000,773000,1002000,1147000,1003000,859000,857000,872000,851000,782000]",392,8768000
11,9,10,"[293,268,353,331,348,325,347,346,295,256]","[838000,765000,984000,937000,1020000,923000,964000,926000,844000,772000]",353,8973000
11,10,10,"[261,271,356,309,351,328,345,322,313,272]","[782000,809000,986000,893000,1007000,922000,963000,878000,888000,792000]",356,8920000
11,11,10,"[290,264,351,368,335,313,262,347,292,253]","[823000,757000,982000,1084000,978000,906000,735000,924000,831000,759000]",368,8779000
11,12,10,"[291,270,350,355,356,304,315,354,293,260]","[828000,763000,982000,1054000,1021000,866000,869000,971000,839000,783000]",356,8976000
11,13,10,"[306,185,365,325,349,335,375,309,293,254]","[888000,544000,1031000,935000,1023000,927000,1022000,861000,828000,764000]",375,8823000
11,14,10,"[216,273,353,360,360,323,314,344,297,298]","[647000,778000,988000,1075000,1029000,907000,851000,929000,864000,884000]",360,8952000
11,15,10,"[293,267,364,332,364,323,309,344,296,252]","[833000,764000,1016000,936000,1036000,907000,855000,925000,854000,759000]",364,8885000
11,16,10,"[247,301,367,304,359,312,315,332,303,271]","[727000,852000,1040000,896000,1034000,893000,855000,904000,871000,806000]",367,8878000
11,17,10,"[292,270,349,358,357,304,314,351,284,260]","[823000,761000,980000,1069000,1023000,866000,864000,958000,829000,783000]",358,8956000
11,18,10,"[250,339,333,314,341,349,351,345,304,268]","[742000,975000,954000,881000,967000,1022000,983000,934000,875000,801000]",351,9134000
11,19,10,"[216,269,355,355,355,326,349,345,294,292]","[659000,776000,986000,1006000,1024000,928000,964000,934000,849000,872000]",355,8998000
11,20,10,"[261,272,355,330,353,328,345,322,313,279]","[782000,808000,984000,945000,1024000,922000,960000,878000,888000,818000]",355,9009000
11,21,10,"[254,265,354,330,350,339,345,316,312,267]","[749000,781000,986000,939000,1020000,942000,960000,859000,897000,775000]",354,8908000
11,22,10,"[299,182,371,323,355,333,381,316,282,264]","[865000,526000,1056000,928000,1038000,923000,1034000,844000,793000,793000]",381,8800000
11,23,10,"[294,267,364,332,364,323,309,344,304,252]","[838000,764000,1016000,936000,1036000,907000,855000,925000,870000,759000]",364,8906000
11,24,10,"[247,345,317,345,365,425,406,323,297,286]","[727000,1006000,873000,975000,1051000,1255000,1151000,871000,845000,846000]",425,9600000
11,25,10,"[255,282,441,312,349,360,352,323,316,271]","[750000,824000,1248000,875000,973000,1044000,994000,881000,908000,794000]",441,9291000
11,26,10,"[240,276,298,390,355,321,314,310,299,280]","[697000,789000,845000,1161000,1019000,903000,856000,848000,845000,827000]",390,8790000
11,27,10,"[307,183,365,328,351,337,385,316,345,271]","[894000,538000,1035000,929000,1020000,936000,1041000,872000,973000,790000]",385,9028000
11,28,10,"[197,227,371,384,390,331,313,330,310,284]","[589000,660000,1042000,1133000,1068000,917000,865000,899000,887000,856000]",390,8916000
11,29,10,"[253,306,371,310,357,318,321,304,316,292]","[748000,859000,1046000,908000,1032000,922000,884000,847000,886000,833000]",371,8965000
11,30,10,"[224,274,352,357,360,321,315,308,307,263]","[648000,774000,986000,1061000,1036000,909000,863000,842000,895000,787000]",360,8801000
11,31,10,"[275,341,336,316,341,349,352,343,310,281]","[797000,991000,969000,887000,973000,1001000,988000,951000,875000,821000]",352,9253000
11,32,10,"[246,299,385,296,357,314,317,328,301,271]","[727000,840000,1094000,863000,1032000,887000,866000,896000,861000,807000]",385,8873000
11,33,10,"[261,271,355,329,354,328,345,322,313,274]","[782000,809000,984000,931000,1026000,922000,963000,878000,888000,802000]",355,8985000
11,34,10,"[248,304,369,341,361,316,319,334,303,271]","[732000,850000,1050000,996000,1008000,909000,880000,890000,866000,810000]",369,8991000
11,35,10,"[230,271,354,370,360,343,382,342,310,254]","[670000,771000,990000,1052000,1032000,1006000,1054000,936000,869000,757000]",382,9137000
11,36,10,"[294,268,349,345,364,329,390,348,284,251]","[827000,761000,980000,1005000,1029000,917000,1082000,942000,829000,751000]",390,9123000
11,37,10,"[294,264,349,310,363,310,313,350,298,263]","[827000,771000,980000,889000,1033000,874000,856000,939000,851000,765000]",363,8785000
11,38,10,"[284,186,359,369,359,334,349,283,291,292]","[811000,545000,1002000,1037000,988000,939000,965000,771000,817000,877000]",369,8752000
11,39,10,"[336,302,359,321,348,335,352,312,338,253]","[991000,846000,1011000,918000,1020000,934000,974000,849000,974000,793000]",359,9310000
11,40,10,"[224,278,352,357,360,321,313,308,355,321]","[648000,773000,986000,1061000,1036000,909000,857000,847000,1076000,953000]",360,9146000
11,41,10,"[250,305,355,318,345,346,345,347,311,276]","[742000,878000,990000,880000,990000,1010000,959000,958000,876000,804000]",355,9087000
11,42,10,"[252,272,333,316,344,346,347,343,309,271]","[755000,786000,953000,876000,967000,1001000,959000,940000,882000,787000]",347,8906000
11,43,10,"[294,266,351,331,346,322,342,344,296,255]","[840000,761000,980000,941000,1019000,905000,954000,929000,854000,769000]",351,8952000
11,44,10,"[305,190,367,313,359,351,349,409,289,261]","[877000,560000,1039000,875000,1008000,1023000,971000,1101000,824000,772000]",409,9050000
11,45,10,"[262,276,354,309,352,327,346,321,316,275]","[775000,801000,986000,893000,1012000,933000,965000,876000,905000,797000]",354,8943000
11,46,10,"[296,271,360,330,360,321,315,342,298,270]","[836000,776000,1008000,939000,1029000,903000,857000,936000,851000,800000]",360,8935000
11,47,10,"[298,181,366,337,337,357,350,354,342,315]","[863000,528000,1041000,960000,972000,1033000,967000,990000,1007000,928000]",366,9289000
11,48,10,"[253,270,354,311,352,327,349,323,326,272]","[761000,789000,984000,900000,1011000,923000,971000,880000,935000,786000]",354,8940000
11,49,10,"[246,341,337,318,310,391,268,359,301,269]","[727000,973000,954000,891000,871000,1127000,755000,990000,853000,801000]",391,8942000
11,50,10,"[253,303,371,345,351,282,327,318,299,270]","[745000,854000,1051000,1014000,1017000,833000,915000,861000,856000,807000]",371,8953000
11,51,10,"[293,269,351,355,364,324,312,348,295,258]","[828000,766000,984000,1062000,1044000,909000,853000,933000,843000,766000]",364,8988000
11,52,10,"[249,303,453,345,363,316,319,377,306,269]","[731000,856000,1275000,1019000,1010000,911000,875000,1004000,872000,808000]",453,9361000
11,53,10,"[292,269,349,322,348,332,378,349,284,258]","[823000,763000,980000,918000,1026000,921000,1054000,939000,829000,776000]",378,9029000
11,54,10,"[251,302,370,303,363,332,297,327,298,273]","[742000,853000,1044000,882000,1036000,948000,854000,880000,847000,816000]",370,8902000
11,55,10,"[302,273,351,356,365,309,315,349,292,327]","[839000,766000,980000,1069000,1033000,880000,860000,956000,846000,990000]",365,9219000
11,56,10,"[241,266,352,305,350,337,318,342,296,265]","[721000,778000,984000,889000,1003000,930000,869000,914000,847000,770000]",352,8705000
11,57,10,"[256,278,354,224,344,344,350,324,317,270]","[759000,816000,996000,626000,967000,997000,965000,884000,922000,791000]",354,8723000
11,58,10,"[292,266,354,334,349,327,306,347,294,256]","[823000,757000,986000,949000,1025000,933000,863000,933000,839000,772000]",354,8880000
11,59,10,"[298,265,349,366,389,272,259,345,292,258]","[844000,757000,980000,1084000,1092000,803000,733000,917000,833000,779000]",389,8822000
11,60,10,"[293,269,349,344,308,350,312,344,295,258]","[838000,779000,972000,953000,884000,979000,854000,923000,844000,773000]",350,8799000
11,61,10,"[252,272,335,320,354,346,347,343,309,274]","[755000,786000,960000,891000,992000,1001000,959000,940000,882000,808000]",354,8974000
11,62,10,"[224,271,352,357,404,322,316,288,316,295]","[653000,774000,986000,1060000,1117000,908000,860000,783000,881000,902000]",404,8924000
11,63,10,"[304,185,367,326,357,335,375,257,292,294]","[875000,542000,1048000,919000,1060000,927000,1020000,697000,833000,886000]",375,8807000
11,64,10,"[230,271,351,364,357,318,312,345,313,250]","[670000,774000,984000,1077000,1023000,903000,856000,945000,875000,743000]",364,8850000
11,65,10,"[250,339,343,345,348,348,345,301,304,268]","[742000,975000,981000,965000,988000,1007000,959000,830000,860000,799000]",348,9106000
11,66,10,"[207,272,365,388,354,302,315,320,301,264]","[622000,774000,1014000,1141000,999000,867000,853000,856000,853000,783000]",388,8762000
11,67,10,"[215,268,352,331,350,325,344,348,293,293]","[654000,768000,984000,947000,1024000,923000,958000,942000,844000,879000]",352,8923000
11,68,10,"[261,272,357,311,353,328,348,253,311,313]","[782000,808000,988000,897000,1011000,922000,969000,701000,890000,907000]",357,8875000
11,69,10,"[290,264,349,377,327,320,258,345,292,249]","[838000,757000,980000,1117000,961000,912000,734000,917000,831000,736000]",377,8783000
11,70,10,"[278,270,349,360,359,300,314,350,292,253]","[807000,763000,980000,1069000,1023000,861000,859000,954000,839000,749000]",360,8904000
11,71,10,"[306,184,368,326,363,333,375,307,291,254]","[885000,542000,1050000,919000,1072000,923000,1020000,857000,832000,749000]",375,8849000
11,72,10,"[214,270,349,322,361,350,315,343,297,294]","[643000,776000,980000,964000,1031000,994000,858000,924000,858000,877000]",361,8905000
11,73,10,"[293,267,315,375,362,323,308,344,296,252]","[833000,764000,876000,1067000,1033000,907000,850000,925000,854000,759000]",375,8868000
11,74,10,"[247,305,372,302,364,303,314,324,300,294]","[727000,863000,1050000,878000,1049000,863000,862000,872000,860000,830000]",372,8854000
11,75,10,"[295,268,353,361,364,303,320,342,289,249]","[829000,757000,982000,1065000,1037000,865000,885000,915000,851000,771000]",364,8957000
11,76,10,"[248,339,333,314,343,345,350,299,304,303]","[732000,975000,954000,883000,972000,1008000,984000,807000,855000,915000]",350,9085000
11,77,10,"[216,269,353,321,385,326,349,346,294,292]","[659000,776000,984000,917000,1119000,928000,964000,939000,849000,872000]",385,9007000
11,78,10,"[234,275,355,330,353,328,345,322,305,277]","[712000,786000,990000,945000,1027000,923000,960000,881000,880000,821000]",355,8925000
12,1,10,"[275,404,374,376,371,267,392,395,356,223]","[795000,1166000,1019000,1068000,1087000,768000,1090000,1135000,963000,648000]",404,9739000
12,2,10,"[271,384,335,360,409,261,391,399,357,218]","[779000,1107000,924000,1029000,1204000,746000,1091000,1164000,962000,643000]",409,9649000
12,3,10,"[275,404,374,405,371,267,359,395,356,223]","[795000,1166000,1019000,1150000,1087000,768000,994000,1135000,963000,648000]",405,9725000
12,4,10,"[222,397,372,417,371,281,401,329,321,193]","[644000,1151000,1017000,1171000,1096000,807000,1105000,940000,854000,557000]",417,9342000
12,5,10,"[286,415,382,396,414,169,390,320,374,220]","[830000,1196000,1046000,1110000,1203000,479000,1077000,931000,1063000,643000]",415,9578000
12,6,10,"[275,388,381,379,380,267,388,394,356,223]","[795000,1148000,1038000,1068000,1102000,768000,1076000,1145000,963000,648000]",394,9751000
12,7,10,"[317,386,335,408,369,261,360,398,356,218]","[891000,1105000,924000,1170000,1079000,746000,1005000,1159000,966000,643000]",408,9688000
12,8,10,"[275,401,372,371,406,265,357,393,353,221]","[795000,1157000,1017000,1045000,1200000,764000,990000,1135000,958000,643000]",406,9704000
12,9,10,"[320,360,335,408,370,259,391,397,358,218]","[906000,1029000,924000,1170000,1081000,746000,1091000,1160000,962000,643000]",408,9712000
12,10,10,"[274,391,335,411,372,261,393,398,357,218]","[784000,1133000,924000,1176000,1085000,746000,1091000,1159000,962000,643000]",411,9703000
12,11,10,"[222,415,334,410,371,290,398,394,355,218]","[645000,1160000,932000,1168000,1081000,817000,1105000,1145000,958000,643000]",415,9654000
12,12,10,"[248,392,324,438,377,251,407,353,341,240]","[710000,1135000,898000,1251000,1093000,718000,1096000,1013000,962000,664000]",438,9540000
12,13,10,"[311,392,381,378,362,301,398,369,357,218]","[901000,1053000,1044000,1147000,1056000,847000,1103000,1044000,971000,643000]",398,9809000
12,14,10,"[273,400,336,435,369,262,404,396,355,199]","[791000,1103000,926000,1231000,1084000,750000,1120000,1123000,947000,562000]",435,9637000
12,15,10,"[272,350,386,414,369,266,394,394,352,222]","[781000,978000,1055000,1194000,1081000,755000,1097000,1145000,968000,643000]",414,9697000
12,16,10,"[272,341,387,415,369,266,394,395,355,222]","[781000,973000,1057000,1196000,1081000,755000,1097000,1145000,968000,643000]",415,9696000
12,17,10,"[271,388,369,414,378,283,402,328,327,269]","[775000,1115000,1011000,1167000,1110000,803000,1100000,938000,920000,781000]",414,9720000
12,18,10,"[325,411,376,388,373,265,386,380,352,221]","[928000,1150000,1037000,1081000,1086000,767000,1075000,1123000,956000,641000]",411,9844000
12,19,10,"[262,393,371,405,357,303,395,419,365,199]","[730000,1087000,1011000,1132000,1037000,840000,1083000,1221000,970000,559000]",419,9670000
12,20,10,"[272,386,369,337,372,280,471,327,323,268]","[777000,1102000,1011000,922000,1092000,803000,1323000,936000,919000,779000]",471,9664000
12,21,10,"[271,344,383,407,370,317,408,405,359,222]","[779000,976000,1050000,1157000,1098000,871000,1131000,1175000,972000,648000]",408,9857000
12,22,10,"[270,397,375,404,359,301,390,418,354,197]","[764000,1085000,1023000,1139000,1038000,836000,1072000,1220000,955000,574000]",418,9706000
12,23,10,"[275,404,374,441,348,266,361,399,358,222]","[799000,1164000,1017000,1232000,1042000,767000,992000,1160000,966000,643000]",441,9782000
12,24,10,"[272,316,423,414,369,270,394,397,358,220]","[781000,923000,1149000,1194000,1081000,759000,1097000,1160000,974000,643000]",423,9761000
12,25,10,"[272,341,384,408,371,281,405,330,348,355]","[775000,973000,1052000,1162000,1099000,799000,1103000,942000,943000,1133000]",408,9981000
12,26,10,"[278,344,342,399,451,323,412,404,360,222]","[799000,971000,958000,1121000,1304000,879000,1138000,1147000,975000,648000]",451,9940000
12,27,10,"[432,380,326,444,381,251,409,357,346,279]","[1260000,1099000,904000,1250000,1104000,718000,1108000,1029000,964000,873000]",444,10309000
12,28,10,"[272,359,390,433,379,270,397,398,356,220]","[781000,1023000,1076000,1251000,1096000,763000,1088000,1151000,977000,643000]",433,9849000
12,29,10,"[262,392,371,418,357,303,387,399,361,199]","[730000,1119000,1011000,1184000,1036000,840000,1059000,1161000,960000,559000]",418,9659000
12,30,10,"[290,387,334,441,367,267,399,392,352,205]","[833000,1071000,924000,1256000,1079000,756000,1103000,1121000,954000,594000]",441,9691000
12,31,10,"[252,405,338,407,357,296,390,397,363,196]","[702000,1106000,940000,1163000,1030000,826000,1074000,1151000,977000,559000]",407,9528000
12,32,10,"[251,399,357,420,357,299,393,415,364,196]","[700000,1108000,962000,1197000,1034000,832000,1078000,1220000,979000,559000]",420,9669000
12,33,10,"[273,379,334,428,429,245,353,398,357,220]","[779000,1091000,926000,1219000,1259000,688000,977000,1162000,975000,645000]",429,9721000
12,34,10,"[275,385,375,422,371,302,397,398,355,198]","[795000,1098000,1032000,1185000,1066000,859000,1085000,1159000,959000,559000]",422,9797000
12,35,10,"[225,411,329,484,370,277,403,328,328,269]","[644000,1159000,921000,1385000,1094000,799000,1095000,938000,926000,781000]",484,9742000
12,36,10,"[230,384,348,413,373,297,416,393,354,221]","[681000,1098000,973000,1155000,1085000,846000,1140000,1140000,956000,643000]",416,9717000
12,37,10,"[274,380,375,408,378,358,437,402,365,326]","[781000,1108000,1034000,1122000,1088000,1001000,1229000,1167000,989000,979000]",437,10498000
12,38,10,"[477,390,448,436,375,433,389,359,486,359]","[1692000,1131000,1198000,1241000,1089000,1157000,1081000,1049000,1408000,1027000]",486,12073000
12,39,10,"[274,422,342,407,372,259,389,399,358,218]","[789000,1216000,913000,1168000,1085000,746000,1076000,1164000,960000,643000]",422,9760000
12,40,10,"[262,394,359,401,358,300,390,416,367,199]","[730000,1092000,993000,1124000,1039000,834000,1077000,1215000,976000,559000]",416,9639000
12,41,10,"[320,324,340,401,456,319,408,409,357,222]","[903000,922000,958000,1126000,1308000,871000,1121000,1177000,960000,648000]",456,9994000
12,42,10,"[275,390,336,439,371,259,394,353,429,217]","[783000,1108000,929000,1247000,1090000,746000,1083000,997000,1159000,641000]",439,9783000
12,43,10,"[272,421,395,409,401,312,445,320,339,264]","[775000,1213000,1096000,1130000,1150000,872000,1211000,925000,923000,771000]",445,10066000
12,44,10,"[273,385,373,415,380,340,449,317,365,321]","[781000,1100000,1015000,1145000,1099000,964000,1244000,921000,1051000,1008000]",449,10328000
12,45,10,"[323,408,339,458,373,259,408,403,360,199]","[930000,1128000,932000,1288000,1090000,746000,1121000,1157000,949000,562000]",458,9903000
12,46,10,"[274,391,434,420,390,286,404,353,370,270]","[797000,1119000,1128000,1188000,1143000,834000,1103000,1011000,1037000,781000]",434,10141000
12,47,10,"[248,395,324,439,371,259,402,421,367,245]","[710000,1135000,898000,1253000,1085000,738000,1094000,1171000,1019000,688000]",439,9791000
12,48,10,"[279,387,393,412,380,287,398,300,326,269]","[788000,1119000,1088000,1163000,1114000,809000,1090000,858000,922000,781000]",412,9732000
12,49,10,"[274,384,373,412,383,343,450,337,360,291]","[781000,1098000,1018000,1154000,1111000,979000,1244000,983000,986000,859000]",450,10213000
12,50,10,"[319,387,384,436,380,377,410,353,341,315]","[930000,1121000,1038000,1218000,1105000,1027000,1114000,1022000,958000,877000]",436,10410000
12,51,10,"[273,399,329,434,375,263,405,401,361,196]","[791000,1103000,906000,1231000,1095000,766000,1119000,1150000,974000,559000]",434,9694000
12,52,10,"[278,404,374,378,371,267,390,380,356,223]","[801000,1169000,1019000,1080000,1087000,768000,1080000,1118000,964000,646000]",404,9732000
12,53,10,"[271,382,332,360,407,262,398,399,357,218]","[779000,1094000,907000,1029000,1200000,751000,1114000,1164000,971000,643000]",407,9652000
12,54,10,"[275,404,422,408,372,267,358,359,357,223]","[795000,1177000,1156000,1154000,1092000,768000,992000,1033000,965000,648000]",422,9780000
12,55,10,"[222,401,372,417,371,281,401,336,321,193]","[644000,1162000,1017000,1171000,1096000,807000,1099000,966000,854000,557000]",417,9373000
12,56,10,"[357,415,382,396,412,176,390,320,373,220]","[998000,1196000,1046000,1110000,1193000,501000,1077000,931000,1061000,643000]",415,9756000
12,57,10,"[275,389,376,403,335,265,390,393,354,221]","[795000,1142000,1028000,1149000,984000,767000,1083000,1135000,960000,643000]",403,9686000
12,58,10,"[318,383,334,433,373,265,359,402,358,221]","[902000,1093000,924000,1217000,1087000,767000,1006000,1164000,986000,643000]",433,9789000
12,59,10,"[275,375,372,392,407,265,357,394,355,221]","[795000,1074000,1017000,1111000,1198000,764000,990000,1145000,971000,643000]",407,9708000
12,60,10,"[321,363,335,434,373,259,393,398,358,218]","[912000,1035000,909000,1244000,1087000,746000,1095000,1153000,962000,643000]",434,9786000
12,61,10,"[274,386,359,408,372,262,357,398,357,218]","[784000,1102000,994000,1170000,1081000,751000,990000,1159000,965000,643000]",408,9639000
12,62,10,"[222,428,331,411,370,290,398,398,357,218]","[645000,1189000,929000,1168000,1084000,817000,1095000,1165000,971000,643000]",428,9706000
12,63,10,"[244,390,324,391,374,251,407,352,379,240]","[690000,1133000,898000,1112000,1087000,718000,1094000,1005000,1073000,664000]",407,9474000
12,64,10,"[310,392,382,386,363,297,400,368,356,219]","[896000,1057000,1044000,1170000,1068000,837000,1104000,1042000,960000,648000]",400,9826000
12,65,10,"[280,376,335,435,368,261,400,393,353,196]","[807000,1073000,924000,1231000,1084000,748000,1109000,1125000,945000,557000]",435,9603000
12,66,10,"[272,352,383,416,367,270,395,399,344,220]","[781000,990000,1054000,1198000,1077000,759000,1097000,1155000,946000,643000]",416,9700000
12,67,10,"[272,343,390,425,368,266,395,392,355,222]","[781000,973000,1062000,1222000,1081000,755000,1097000,1144000,968000,643000]",425,9726000
12,68,10,"[271,385,370,414,373,283,379,334,322,292]","[775000,1096000,1013000,1167000,1091000,805000,1034000,944000,916000,854000]",414,9695000
12,69,10,"[318,410,375,384,374,259,391,379,354,219]","[892000,1148000,1035000,1081000,1089000,744000,1084000,1108000,959000,651000]",410,9791000
12,70,10,"[262,393,371,407,357,303,395,413,361,199]","[730000,1087000,1011000,1142000,1036000,840000,1083000,1209000,962000,559000]",413,9659000
12,71,10,"[275,385,369,337,372,286,471,324,322,268]","[779000,1100000,1011000,922000,1092000,830000,1323000,930000,915000,779000]",471,9681000
13,1,10,"[214,271,381,379,397,352,352,370,324,326]","[652000,754000,1101000,1043000,1128000,995000,963000,1043000,949000,939000]",397,9567000
13,2,10,"[204,256,465,333,421,327,286,388,392,267]","[590000,745000,1242000,894000,1192000,890000,805000,1072000,1091000,711000]",465,9232000
13,3,10,"[167,397,351,402,391,333,290,378,400,264]","[497000,1044000,1027000,1155000,1130000,909000,800000,1017000,1097000,711000]",402,9387000
13,4,10,"[251,227,410,337,415,331,287,384,406,287]","[758000,651000,1138000,904000,1196000,898000,791000,1037000,1115000,793000]",415,9281000
13,5,10,"[235,305,364,379,398,316,356,372,358,289]","[716000,848000,1024000,1073000,1154000,866000,950000,1036000,1021000,765000]",398,9453000
13,6,10,"[204,253,470,334,417,330,281,389,396,267]","[590000,740000,1252000,896000,1170000,896000,793000,1080000,1101000,709000]",470,9227000
13,7,10,"[212,279,409,342,410,338,338,368,348,270]","[655000,774000,1181000,927000,1189000,973000,918000,1051000,968000,713000]",410,9349000
13,8,10,"[231,302,361,380,404,313,357,373,359,283]","[696000,836000,1035000,1075000,1172000,860000,952000,1035000,1023000,749000]",404,9433000
13,9,10,"[214,272,386,336,410,402,330,361,357,263]","[654000,765000,1126000,908000,1189000,1127000,895000,1019000,990000,703000]",410,9376000
13,10,10,"[220,247,379,339,410,394,320,320,415,269]","[653000,729000,1094000,923000,1189000,1106000,876000,871000,1121000,724000]",415,9286000
13,11,10,"[217,268,338,380,400,381,360,367,324,325]","[665000,749000,975000,1057000,1147000,1080000,975000,1028000,938000,933000]",400,9547000
13,12,10,"[265,269,398,333,407,386,344,318,418,266]","[757000,763000,1109000,884000,1183000,1068000,946000,855000,1126000,724000]",418,9415000
13,13,10,"[261,273,383,341,417,403,339,369,349,261]","[746000,724000,1103000,912000,1201000,1130000,921000,1042000,968000,710000]",417,9457000
13,14,10,"[222,270,380,419,417,290,305,385,400,261]","[673000,768000,1066000,1190000,1201000,814000,858000,1046000,1101000,697000]",419,9414000
13,15,10,"[213,249,381,404,404,392,292,375,396,285]","[650000,714000,1005000,1138000,1167000,1123000,818000,1017000,1096000,782000]",404,9510000
13,16,10,"[203,248,368,440,397,319,362,360,358,258]","[607000,658000,1053000,1252000,1150000,864000,963000,1014000,1007000,720000]",440,9288000
13,17,10,"[270,264,383,345,412,407,336,392,340,261]","[758000,693000,1111000,920000,1196000,1138000,904000,1084000,947000,730000]",412,9481000
13,18,10,"[228,233,364,429,401,319,361,367,357,282]","[690000,671000,1029000,1236000,1152000,862000,967000,1028000,999000,768000]",429,9402000
13,19,10,"[211,269,385,339,410,401,337,361,382,247]","[650000,757000,1121000,919000,1189000,1126000,921000,1016000,1100000,697000]",410,9496000
13,20,10,"[258,268,382,414,408,294,294,384,371,297]","[752000,764000,1059000,1179000,1181000,819000,821000,1095000,1043000,813000]",414,9526000
13,21,10,"[219,247,384,338,410,394,320,389,415,269]","[645000,729000,1110000,915000,1189000,1106000,876000,1051000,1121000,724000]",415,9466000
13,22,10,"[207,188,347,381,438,392,340,363,353,268]","[648000,528000,988000,1014000,1278000,1137000,932000,1010000,982000,715000]",438,9232000
13,23,10,"[197,398,385,335,410,393,339,350,353,259]","[589000,1051000,1121000,907000,1189000,1096000,939000,971000,984000,731000]",410,9578000
13,24,10,"[245,267,364,353,410,397,325,309,411,275]","[697000,768000,1037000,1006000,1188000,1125000,887000,839000,1113000,752000]",411,9412000
13,25,10,"[368,337,477,338,417,402,331,399,400,373]","[1182000,1080000,1299000,933000,1172000,1138000,916000,1113000,1105000,1142000]",477,11080000
13,26,10,"[216,242,378,326,408,389,369,313,411,269]","[649000,700000,1084000,863000,1185000,1069000,1002000,841000,1122000,739000]",411,9254000
13,27,10,"[204,266,380,337,414,270,342,369,362,267]","[616000,745000,1096000,919000,1192000,747000,911000,1050000,1006000,718000]",414,9000000
13,28,10,"[211,271,385,279,425,390,327,368,383,249]","[650000,762000,1127000,756000,1226000,1134000,891000,1022000,1102000,702000]",425,9372000
13,29,10,"[221,270,376,420,414,290,378,344,355,293]","[664000,766000,1050000,1197000,1202000,812000,1046000,992000,1001000,813000]",420,9543000
13,30,10,"[272,200,381,351,460,409,340,392,341,258]","[752000,572000,1106000,968000,1271000,1136000,934000,1071000,945000,695000]",460,9450000
13,31,10,"[241,226,429,334,412,338,289,378,399,302]","[710000,673000,1204000,908000,1183000,937000,793000,1023000,1109000,851000]",429,9391000
13,32,10,"[271,244,359,414,408,388,340,311,417,274]","[794000,692000,941000,1143000,1188000,1078000,956000,843000,1122000,743000]",417,9500000
13,33,10,"[216,247,416,337,415,391,319,318,400,270]","[637000,729000,1153000,910000,1203000,1082000,838000,855000,1100000,739000]",416,9246000
13,34,10,"[214,273,387,335,419,385,327,363,357,264]","[650000,762000,1125000,904000,1205000,1097000,891000,1021000,990000,703000]",419,9348000
13,35,10,"[246,226,410,339,413,329,289,386,405,284]","[733000,651000,1138000,908000,1172000,898000,795000,1041000,1108000,774000]",413,9218000
13,36,10,"[263,266,364,337,409,388,347,320,352,282]","[767000,778000,1040000,912000,1187000,1071000,960000,859000,974000,831000]",409,9379000
13,37,10,"[261,271,396,373,401,389,318,321,413,267]","[747000,759000,1147000,1055000,1156000,1073000,889000,877000,1116000,714000]",413,9533000
13,38,10,"[222,585,390,690,416,649,351,365,352,319]","[673000,2331000,1162000,2101000,1191000,1746000,959000,1028000,994000,923000]",690,13108000
13,39,10,"[221,251,389,460,391,330,287,385,397,270]","[658000,739000,1063000,1274000,1127000,896000,791000,1055000,1096000,731000]",460,9430000
13,40,10,"[200,236,372,327,415,328,282,381,386,263]","[586000,688000,1037000,858000,1175000,896000,796000,1050000,1075000,709000]",415,8870000
13,41,10,"[231,260,472,330,424,406,317,366,377,257]","[660000,749000,1250000,898000,1178000,1148000,849000,1022000,1039000,700000]",472,9493000
13,42,10,"[224,256,467,336,438,419,362,366,387,267]","[645000,739000,1205000,924000,1250000,1192000,991000,1019000,1067000,716000]",467,9748000
13,43,10,"[216,256,325,421,409,401,334,362,383,245]","[665000,703000,921000,1196000,1172000,1121000,924000,1019000,1088000,692000]",421,9501000
13,44,10,"[273,242,371,442,398,349,359,371,379,264]","[861000,652000,1064000,1240000,1156000,923000,952000,1034000,1048000,730000]",442,9660000
13,45,10,"[213,268,344,374,427,427,367,378,351,269]","[660000,755000,987000,1008000,1237000,1227000,1025000,1022000,967000,723000]",427,9611000
13,46,10,"[215,270,345,379,436,390,333,361,356,265]","[660000,755000,990000,1012000,1268000,1133000,899000,1015000,983000,708000]",436,9423000
13,47,10,"[236,299,355,381,405,319,362,374,356,315]","[721000,830000,1033000,1080000,1176000,873000,976000,1031000,1012000,863000]",405,9595000
13,48,10,"[211,283,463,265,410,408,336,364,386,247]","[617000,789000,1238000,727000,1189000,1143000,916000,1016000,1133000,712000]",463,9480000
13,49,10,"[235,240,400,416,411,409,294,419,374,297]","[691000,701000,1096000,1180000,1193000,1133000,821000,1148000,1055000,823000]",419,9841000
13,50,10,"[241,230,414,341,417,400,294,381,399,257]","[721000,650000,1161000,914000,1195000,1109000,834000,1025000,1106000,706000]",417,9421000
13,51,10,"[215,247,404,341,461,435,320,387,357,269]","[630000,695000,1117000,928000,1276000,1287000,865000,1073000,993000,717000]",461,9581000
13,52,10,"[205,274,383,378,396,354,356,370,368,266]","[594000,770000,1111000,1037000,1132000,1002000,967000,1028000,1015000,727000]",396,9383000
13,53,10,"[232,264,433,375,403,317,353,365,357,281]","[704000,754000,1141000,1063000,1152000,864000,945000,1029000,1007000,768000]",433,9427000
13,54,10,"[348,278,390,355,415,404,336,400,337,352]","[1039000,772000,1145000,991000,1194000,1128000,910000,1086000,995000,998000]",415,10258000
13,55,10,"[223,278,379,443,429,369,343,317,412,280]","[675000,793000,1061000,1263000,1240000,1022000,930000,844000,1115000,756000]",443,9699000
13,56,10,"[254,270,389,415,412,299,294,391,375,278]","[742000,766000,1080000,1178000,1189000,832000,827000,1139000,1049000,760000]",415,9562000
13,57,10,"[235,274,385,372,417,349,365,369,354,294]","[713000,761000,1146000,1005000,1192000,966000,979000,1032000,984000,812000]",417,9590000
13,58,10,"[263,249,383,369,399,324,349,392,342,256]","[742000,699000,1093000,1047000,1152000,882000,930000,1085000,947000,710000]",399,9287000
13,59,10,"[317,235,357,469,402,400,297,359,353,276]","[942000,674000,1023000,1347000,1155000,1108000,823000,997000,976000,756000]",469,9801000
13,60,10,"[204,207,347,381,438,392,332,363,357,256]","[633000,569000,988000,1014000,1278000,1137000,904000,1010000,997000,695000]",438,9225000
13,61,10,"[271,268,384,342,413,400,292,361,351,265]","[767000,720000,1122000,917000,1189000,1116000,819000,989000,996000,741000]",413,9376000
13,62,10,"[231,302,361,380,402,313,357,373,359,283]","[696000,836000,1035000,1075000,1168000,860000,952000,1035000,1023000,749000]",402,9429000
13,63,10,"[224,207,378,337,414,420,245,389,343,266]","[671000,595000,1104000,906000,1189000,1133000,657000,1069000,970000,745000]",420,9039000
13,64,10,"[377,324,463,345,421,334,286,389,392,364]","[1206000,998000,1301000,947000,1196000,904000,818000,1075000,1088000,1088000]",463,10621000
13,65,10,"[253,271,399,336,407,386,344,318,355,275]","[736000,755000,1111000,904000,1183000,1073000,949000,862000,980000,764000]",407,9317000
13,66,10,"[228,232,365,418,397,369,342,312,401,289]","[690000,679000,1038000,1215000,1150000,989000,943000,841000,1093000,791000]",418,9429000
13,67,10,"[241,300,462,350,420,360,349,370,384,321]","[558000,840000,1144000,975000,1200000,1023000,959000,1039000,1181000,927000]",462,9846000
13,68,10,"[213,266,345,375,438,391,324,365,375,353]","[660000,745000,979000,1004000,1266000,1129000,885000,1026000,1066000,961000]",438,9721000
13,69,10,"[313,294,457,418,400,321,364,370,359,256]","[1001000,859000,1265000,1198000,1160000,872000,963000,1037000,1015000,695000]",457,10065000
13,70,10,"[203,250,365,381,443,335,354,366,371,260]","[602000,663000,1064000,1008000,1219000,934000,942000,1041000,1025000,720000]",443,9218000
13,71,10,"[280,283,423,350,411,408,338,376,349,257]","[836000,855000,1248000,964000,1191000,1142000,934000,1060000,966000,695000]",423,9891000
13,72,10,"[243,268,382,416,408,302,294,384,371,295]","[708000,764000,1059000,1180000,1181000,844000,821000,1095000,1043000,808000]",416,9503000
13,73,10,"[238,379,384,338,406,397,325,329,410,266]","[683000,1050000,1074000,916000,1169000,1133000,896000,890000,1111000,724000]",410,9646000
13,74,10,"[195,245,384,409,404,392,291,349,350,259]","[588000,692000,1015000,1160000,1167000,1123000,816000,947000,973000,710000]",409,9191000
13,75,10,"[498,423,352,402,398,325,290,363,446,360]","[1620000,1116000,1027000,1155000,1168000,890000,810000,983000,1282000,1044000]",498,11095000
13,76,10,"[217,292,338,381,399,356,360,365,326,325]","[665000,827000,975000,1059000,1141000,1002000,975000,1024000,942000,933000]",399,9543000
13,77,10,"[204,252,464,346,420,323,289,393,408,266]","[590000,740000,1240000,935000,1178000,872000,807000,1064000,1111000,711000]",464,9248000
13,78,10,"[167,397,353,402,399,324,290,381,400,264]","[497000,1044000,1031000,1155000,1164000,876000,800000,1037000,1097000,711000]",402,9412000
13,79,10,"[249,227,409,348,415,330,298,329,406,287]","[748000,651000,1133000,963000,1204000,903000,825000,928000,1118000,790000]",415,9263000
13,80,10,"[232,306,363,376,420,320,367,369,363,290]","[710000,852000,1026000,1091000,1174000,874000,973000,1027000,1038000,765000]",420,9530000
13,81,10,"[204,253,470,334,366,330,281,389,435,267]","[590000,740000,1252000,896000,1017000,896000,793000,1080000,1227000,709000]",470,9200000
13,82,10,"[213,269,420,339,411,342,343,361,371,264]","[657000,750000,1208000,925000,1191000,981000,966000,1016000,1016000,704000]",420,9414000
13,83,10,"[233,301,362,378,404,314,355,371,357,290]","[706000,836000,1033000,1071000,1178000,856000,948000,1029000,1016000,785000]",404,9458000
13,84,10,"[218,257,388,337,412,401,330,371,359,258]","[685000,725000,1118000,918000,1187000,1126000,893000,1060000,995000,695000]",412,9402000
13,85,10,"[221,262,379,347,414,400,322,306,433,271]","[643000,760000,1094000,952000,1193000,1133000,886000,834000,1164000,719000]",433,9378000
13,86,10,"[217,268,332,379,395,382,356,377,327,328]","[665000,749000,951000,1040000,1135000,1085000,971000,1054000,953000,939000]",395,9542000
13,87,10,"[255,271,398,330,408,386,356,325,400,273]","[756000,778000,1106000,892000,1183000,1057000,994000,874000,1109000,746000]",408,9495000
13,88,10,"[320,269,387,337,416,403,340,372,338,258]","[899000,740000,1124000,918000,1201000,1130000,929000,1049000,922000,695000]",416,9607000
13,89,10,"[222,270,380,378,454,290,304,385,398,261]","[673000,768000,1066000,1077000,1316000,814000,853000,1046000,1097000,697000]",454,9407000
13,90,10,"[213,245,341,408,404,392,292,384,405,288]","[655000,692000,920000,1146000,1167000,1123000,818000,1044000,1133000,797000]",408,9495000
13,91,10,"[207,244,356,437,402,316,317,361,359,252]","[608000,665000,1046000,1232000,1164000,868000,870000,1014000,1012000,685000]",437,9164000
13,92,10,"[265,277,381,302,411,408,334,390,338,252]","[736000,752000,1116000,815000,1194000,1140000,902000,1065000,943000,685000]",411,9348000
13,93,10,"[228,233,384,431,400,318,361,363,357,282]","[690000,671000,1082000,1249000,1150000,868000,967000,1018000,999000,768000]",431,9462000
13,94,10,"[211,267,390,340,410,400,336,339,379,246]","[650000,747000,1142000,909000,1183000,1124000,919000,970000,1097000,697000]",410,9438000
13,95,10,"[258,268,380,414,408,293,298,382,370,268]","[757000,759000,1064000,1179000,1181000,814000,847000,1090000,1042000,756000]",414,9489000
14,1,10,"[312,368,378,324,303,347,336,377,360,148]","[876000,1045000,1092000,942000,888000,963000,930000,1067000,1008000,419000]",378,9230000
14,2,10,"[314,369,379,331,305,344,336,343,360,169]","[876000,1045000,1093000,956000,888000,957000,930000,990000,1010000,474000]",379,9219000
14,3,10,"[313,380,335,337,303,343,336,374,378,146]","[882000,1079000,987000,965000,888000,956000,928000,1076000,1040000,399000]",380,9200000
14,4,10,"[311,381,380,328,307,327,299,387,302,144]","[889000,1071000,1096000,938000,894000,917000,805000,1127000,826000,395000]",387,8958000
14,5,10,"[315,364,340,323,305,346,351,344,355,194]","[900000,1031000,1007000,932000,892000,967000,996000,984000,1008000,541000]",364,9258000
14,6,10,"[293,378,342,295,305,332,299,386,337,189]","[826000,1072000,1030000,846000,892000,939000,846000,1094000,972000,526000]",386,9043000
14,7,10,"[305,385,378,360,305,333,295,358,327,156]","[848000,1086000,1095000,1044000,892000,939000,794000,1065000,889000,459000]",385,9111000
14,8,10,"[305,373,377,339,305,334,286,387,311,149]","[842000,1064000,1088000,970000,888000,953000,802000,1137000,867000,410000]",387,9021000
14,9,10,"[314,364,344,332,307,341,351,378,346,177]","[886000,1031000,1025000,959000,896000,952000,996000,1069000,972000,498000]",378,9284000
14,10,10,"[316,384,377,324,303,337,301,388,278,144]","[889000,1073000,1082000,945000,888000,932000,843000,1142000,776000,403000]",388,8973000
14,11,10,"[316,376,383,332,312,338,333,360,343,168]","[882000,1071000,1103000,963000,912000,954000,915000,1017000,961000,476000]",383,9254000
14,12,10,"[266,370,376,332,303,341,326,396,287,159]","[762000,1047000,1078000,972000,888000,951000,885000,1149000,771000,461000]",396,8964000
14,13,10,"[357,372,348,331,308,337,315,347,334,175]","[1042000,1049000,1052000,956000,897000,956000,906000,987000,949000,495000]",372,9289000
14,14,10,"[315,364,340,326,305,346,351,377,355,177]","[900000,1031000,1017000,948000,892000,967000,996000,1065000,1008000,498000]",377,9322000
14,15,10,"[308,380,375,371,305,292,306,392,276,149]","[857000,1081000,1080000,1078000,888000,833000,866000,1146000,757000,425000]",392,9011000
14,16,10,"[312,373,378,340,303,335,270,387,342,151]","[876000,1067000,1092000,965000,888000,964000,765000,1137000,948000,427000]",387,9129000
14,17,10,"[303,374,342,328,307,334,300,380,354,180]","[861000,1053000,1026000,941000,892000,939000,854000,1088000,1064000,567000]",380,9285000
14,18,10,"[306,374,379,339,305,336,276,390,311,147]","[858000,1066000,1088000,972000,892000,957000,779000,1143000,870000,404000]",390,9029000
14,19,10,"[355,365,347,335,340,344,353,375,348,179]","[997000,1033000,1057000,968000,956000,961000,1009000,1058000,982000,512000]",375,9533000
14,20,10,"[313,372,377,279,303,374,271,388,338,151]","[878000,1062000,1082000,789000,888000,1113000,767000,1137000,925000,427000]",388,9068000
14,21,10,"[318,388,384,339,305,329,267,395,372,145]","[907000,1092000,1091000,965000,892000,921000,727000,1152000,1033000,413000]",395,9193000
14,22,10,"[315,384,379,331,306,344,279,415,384,159]","[897000,1093000,1097000,954000,894000,969000,749000,1202000,1064000,455000]",415,9374000
14,23,10,"[277,378,346,338,303,336,323,394,392,169]","[801000,1076000,1014000,998000,888000,948000,881000,1158000,1057000,464000]",394,9285000
14,24,10,"[307,374,342,330,308,336,262,397,357,178]","[870000,1055000,1018000,955000,898000,939000,735000,1145000,1073000,532000]",397,9220000
14,25,10,"[314,374,398,330,312,338,333,362,343,168]","[882000,1067000,1120000,956000,912000,954000,915000,1033000,959000,476000]",398,9274000
14,26,10,"[340,383,376,321,305,345,249,393,357,158]","[1011000,1077000,1082000,939000,888000,966000,702000,1145000,1043000,478000]",393,9331000
14,27,10,"[304,375,321,338,308,338,275,391,316,158]","[861000,1071000,950000,961000,898000,967000,771000,1142000,890000,454000]",391,8965000
14,28,10,"[259,381,379,334,303,341,277,390,346,149]","[738000,1079000,1083000,981000,888000,966000,785000,1146000,945000,423000]",390,9034000
14,29,10,"[324,371,339,327,310,347,349,378,367,171]","[899000,1060000,1018000,950000,917000,991000,989000,1074000,1028000,475000]",378,9401000
14,30,10,"[313,377,342,318,306,358,284,457,359,177]","[912000,1055000,1016000,912000,897000,991000,781000,1235000,1085000,549000]",457,9433000
14,31,10,"[300,379,344,364,306,325,296,386,372,172]","[838000,1080000,1038000,1023000,876000,948000,862000,1094000,1071000,498000]",386,9328000
14,32,10,"[313,365,345,322,305,347,298,385,390,177]","[882000,1031000,1034000,931000,892000,975000,858000,1092000,1093000,498000]",390,9286000
14,33,10,"[308,375,378,356,304,333,297,408,278,148]","[874000,1057000,1095000,1024000,888000,941000,797000,1198000,757000,422000]",408,9053000
14,34,10,"[307,375,378,348,309,358,287,387,339,148]","[855000,1060000,1093000,968000,880000,1046000,798000,1137000,957000,428000]",387,9222000
14,35,10,"[264,376,344,361,308,336,282,388,343,151]","[750000,1055000,1030000,1034000,876000,978000,797000,1139000,924000,433000]",388,9016000
14,36,10,"[329,374,384,328,305,335,272,414,412,283]","[905000,1055000,1094000,959000,888000,939000,736000,1197000,1165000,808000]",414,9746000
14,37,10,"[270,384,379,334,305,332,277,396,342,150]","[769000,1094000,1090000,978000,892000,950000,783000,1151000,948000,416000]",396,9071000
14,38,10,"[312,389,381,320,357,331,307,392,338,162]","[904000,1092000,1087000,917000,984000,952000,852000,1145000,943000,484000]",392,9360000
14,39,10,"[342,344,384,412,362,336,328,386,358,197]","[1022000,958000,1081000,1178000,1000000,963000,939000,1084000,1045000,579000]",412,9849000
14,40,10,"[319,368,338,329,310,343,271,397,387,151]","[894000,1045000,984000,955000,914000,947000,734000,1145000,1081000,430000]",397,9129000
14,41,10,"[306,371,378,340,303,333,276,382,303,147]","[858000,1051000,1093000,974000,888000,951000,779000,1074000,893000,404000]",382,8965000
14,42,10,"[309,374,376,340,306,336,276,387,398,158]","[880000,1057000,1082000,972000,894000,956000,768000,1087000,1090000,462000]",398,9248000
14,43,10,"[311,384,378,321,303,343,340,389,279,145]","[889000,1075000,1080000,939000,888000,957000,968000,1141000,769000,403000]",389,9109000
14,44,10,"[329,369,385,337,295,326,293,429,365,171]","[942000,1045000,1090000,957000,859000,944000,823000,1249000,1024000,522000]",429,9455000
14,45,10,"[322,383,381,323,307,358,336,389,364,148]","[920000,1087000,1095000,943000,899000,978000,927000,1102000,1001000,422000]",389,9374000
14,46,10,"[318,375,404,331,307,337,305,391,286,151]","[930000,1068000,1123000,952000,908000,944000,839000,1141000,813000,427000]",404,9145000
14,47,10,"[303,375,344,367,315,324,297,384,340,190]","[838000,1065000,1042000,1031000,890000,948000,867000,1084000,993000,527000]",384,9285000
14,48,10,"[320,376,378,328,308,343,284,366,395,145]","[882000,1060000,1082000,971000,907000,932000,802000,1045000,1092000,403000]",395,9176000
14,49,10,"[310,375,377,337,358,342,307,366,357,416]","[866000,1055000,1078000,989000,986000,982000,879000,989000,1008000,1293000]",416,10125000
14,50,10,"[313,382,347,362,306,344,273,394,358,148]","[893000,1079000,1042000,1000000,876000,1016000,768000,1152000,997000,406000]",394,9229000
14,51,10,"[266,373,375,333,303,340,324,394,285,161]","[762000,1056000,1080000,983000,888000,951000,884000,1145000,765000,465000]",394,8979000
14,52,10,"[307,382,377,344,305,336,297,380,398,163]","[874000,1074000,1090000,983000,888000,960000,846000,1045000,1097000,468000]",398,9325000
14,53,10,"[313,376,323,371,306,341,275,396,360,144]","[900000,1064000,954000,1031000,876000,994000,771000,1157000,1004000,395000]",396,9146000
14,54,10,"[319,384,379,325,306,357,281,395,360,171]","[913000,1092000,1087000,943000,894000,989000,756000,1137000,1010000,494000]",395,9315000
14,55,10,"[315,384,377,324,303,318,306,388,278,144]","[884000,1087000,1082000,945000,888000,919000,862000,1142000,776000,403000]",388,8988000
14,56,10,"[295,376,383,333,306,350,335,374,354,148]","[855000,1071000,1099000,975000,894000,979000,925000,1056000,1001000,419000]",383,9274000
14,57,10,"[371,379,381,335,304,350,335,341,307,165]","[1051000,1077000,1098000,964000,888000,979000,925000,975000,856000,477000]",381,9290000
14,58,10,"[313,375,337,334,303,300,351,378,375,146]","[882000,1065000,985000,948000,888000,848000,970000,1091000,1034000,399000]",378,9110000
14,59,10,"[308,363,379,333,306,327,298,384,306,158]","[852000,1023000,1088000,930000,888000,917000,809000,1125000,856000,439000]",384,8927000
14,60,10,"[322,365,342,348,310,346,300,340,352,193]","[908000,1031000,1014000,1009000,917000,979000,867000,980000,1005000,539000]",365,9249000
14,61,10,"[300,329,379,295,305,341,301,384,340,184]","[839000,920000,1140000,849000,892000,954000,846000,1072000,974000,527000]",384,9013000
14,62,10,"[303,379,381,330,304,336,327,359,330,148]","[853000,1074000,1093000,954000,888000,948000,882000,1057000,909000,418000]",381,9076000
14,63,10,"[305,370,375,339,305,429,286,314,311,149]","[842000,1049000,1078000,970000,888000,1230000,802000,904000,867000,410000]",429,9040000
14,64,10,"[321,371,344,333,309,328,342,373,342,176]","[896000,1057000,1016000,972000,912000,946000,963000,1049000,962000,496000]",373,9269000
14,65,10,"[272,381,376,325,306,335,300,386,278,146]","[811000,1083000,1082000,947000,894000,922000,829000,1133000,776000,407000]",386,8884000
14,66,10,"[317,374,384,331,312,343,333,358,323,191]","[897000,1067000,1100000,962000,911000,965000,915000,1019000,910000,555000]",384,9301000
14,67,10,"[269,375,379,295,305,336,358,396,284,146]","[781000,1066000,1094000,861000,898000,947000,985000,1149000,765000,413000]",396,8959000
14,68,10,"[353,373,342,334,307,348,312,348,323,176]","[1009000,1047000,1028000,967000,892000,982000,900000,991000,954000,495000]",373,9265000
14,69,10,"[324,377,339,327,310,358,389,373,329,171]","[899000,1090000,1018000,950000,917000,1051000,1104000,1058000,937000,475000]",389,9499000
14,70,10,"[305,331,410,379,304,295,318,390,283,156]","[844000,936000,1192000,1088000,888000,843000,912000,1142000,772000,435000]",410,9052000
14,71,10,"[314,375,380,337,303,333,269,387,337,160]","[890000,1062000,1098000,961000,888000,954000,763000,1137000,913000,445000]",387,9111000
14,72,10,"[303,374,342,328,307,334,300,380,354,180]","[861000,1053000,1026000,941000,892000,939000,854000,1088000,1064000,567000]",380,9285000
14,73,10,"[308,371,399,343,307,334,284,387,311,158]","[860000,1060000,1135000,992000,894000,959000,783000,1137000,850000,460000]",399,9130000
14,74,10,"[352,366,354,337,340,347,354,370,350,175]","[987000,1033000,1062000,976000,952000,981000,1011000,1030000,986000,490000]",370,9508000
14,75,10,"[312,374,384,279,303,367,269,391,339,151]","[876000,1067000,1107000,789000,888000,1090000,763000,1143000,927000,427000]",391,9077000
15,1,10,"[311,284,311,364,383,392,315,378,392,337]","[901000,794000,863000,1022000,1094000,1125000,897000,1119000,1092000,953000]",392,9860000
15,2,10,"[249,254,342,367,389,392,423,380,427,228]","[722000,713000,944000,1049000,1130000,1096000,1155000,1116000,1164000,610000]",427,9699000
15,3,10,"[344,248,318,383,397,396,317,374,381,293]","[988000,709000,848000,1056000,1196000,1130000,897000,1081000,1082000,795000]",397,9782000
15,4,10,"[379,322,380,372,385,343,360,370,369,281]","[1016000,869000,1060000,1028000,1145000,997000,1009000,1081000,1097000,799000]",385,10101000
15,5,10,"[338,285,311,363,352,392,315,378,394,339]","[977000,799000,863000,1020000,1037000,1125000,897000,1128000,1107000,957000]",394,9910000
15,6,10,"[392,294,326,379,393,353,373,376,360,360]","[1053000,825000,883000,1058000,1179000,1027000,1036000,1075000,1009000,961000]",393,10106000
15,7,10,"[382,301,316,342,395,370,345,371,365,295]","[1044000,824000,905000,961000,1182000,1096000,963000,1058000,1044000,813000]",395,9890000
15,8,10,"[307,285,313,364,384,394,317,384,398,298]","[896000,797000,868000,1017000,1091000,1129000,892000,1127000,1103000,896000]",398,9816000
15,9,10,"[246,253,345,369,390,398,414,381,427,230]","[720000,709000,951000,1054000,1144000,1112000,1143000,1103000,1163000,615000]",427,9714000
15,10,10,"[251,397,311,362,398,391,391,312,395,271]","[726000,1092000,883000,1039000,1160000,1091000,1088000,903000,1108000,744000]",398,9834000
15,11,10,"[379,243,322,381,394,378,373,370,382,340]","[1038000,693000,859000,1049000,1166000,1108000,1036000,1061000,1090000,915000]",394,10015000
15,12,10,"[351,373,366,366,378,392,352,379,393,340]","[1035000,1074000,1089000,1025000,1098000,1092000,1016000,1100000,1111000,946000]",393,10586000
15,13,10,"[338,401,353,375,358,405,299,368,370,224]","[932000,1118000,1009000,1066000,1010000,1173000,790000,1056000,1045000,631000]",405,9830000
15,14,10,"[332,285,314,364,362,397,317,385,391,341]","[960000,796000,878000,1022000,1030000,1135000,907000,1136000,1087000,951000]",397,9902000
15,15,10,"[250,389,348,356,393,371,393,378,396,204]","[737000,1130000,1002000,1010000,1144000,1026000,1098000,1107000,1106000,552000]",396,9912000
15,16,10,"[380,247,326,378,395,379,378,369,383,339]","[1043000,698000,894000,1047000,1179000,1116000,1045000,1059000,1090000,913000]",395,10084000
15,17,10,"[389,252,317,377,396,373,376,374,385,298]","[1101000,700000,864000,1051000,1194000,1101000,1045000,1076000,1055000,819000]",396,10006000
15,18,10,"[341,285,311,364,352,392,315,380,397,336]","[983000,807000,863000,1023000,1034000,1125000,894000,1132000,1112000,942000]",397,9915000
15,19,10,"[251,421,313,364,367,392,391,312,397,273]","[726000,1171000,890000,1049000,1076000,1091000,1088000,903000,1110000,749000]",421,9853000
15,20,10,"[334,286,305,369,398,345,390,364,363,282]","[916000,778000,855000,1026000,1197000,1006000,1110000,1088000,1080000,801000]",398,9857000
15,21,10,"[384,253,317,380,396,351,383,378,382,302]","[1046000,733000,864000,1057000,1181000,1030000,1041000,1079000,1107000,815000]",396,9953000
15,22,10,"[352,389,361,363,403,395,392,382,414,279]","[1079000,1156000,1061000,1019000,1166000,1104000,1091000,1117000,1137000,824000]",414,10754000
15,23,10,"[385,296,324,386,391,350,353,373,362,347]","[1059000,845000,880000,1073000,1156000,1000000,997000,1085000,1015000,952000]",391,10062000
15,24,10,"[346,286,309,368,420,394,345,371,352,386]","[1043000,792000,879000,1032000,1206000,1126000,962000,1099000,1004000,1062000]",420,10205000
15,25,10,"[476,479,429,382,397,394,314,377,379,277]","[1441000,1390000,1212000,1055000,1183000,1118000,882000,1077000,1082000,741000]",479,11181000
15,26,10,"[315,400,319,370,401,395,376,443,361,325]","[888000,1100000,905000,1053000,1171000,1099000,1061000,1244000,1034000,909000]",443,10464000
15,27,10,"[343,245,320,385,395,397,317,361,315,330]","[976000,700000,852000,1056000,1195000,1118000,897000,1067000,906000,900000]",397,9667000
15,28,10,"[252,445,312,363,393,366,395,385,422,204]","[728000,1184000,891000,1044000,1155000,1063000,1120000,1127000,1162000,556000]",445,10030000
15,29,10,"[341,338,350,364,356,401,314,378,392,343]","[922000,938000,973000,1043000,1015000,1141000,882000,1118000,1087000,950000]",401,10069000
15,30,10,"[319,339,379,368,391,348,356,375,401,357]","[965000,959000,1057000,1031000,1157000,1010000,1003000,1111000,1133000,1002000]",401,10428000
15,31,10,"[386,252,324,383,394,389,425,385,415,337]","[1052000,714000,864000,1057000,1154000,1085000,1162000,1116000,1184000,900000]",425,10288000
15,32,10,"[480,410,472,411,397,377,372,368,394,230]","[1401000,1176000,1355000,1197000,1202000,1114000,1036000,1060000,1115000,611000]",480,11267000
15,33,10,"[392,296,355,340,398,395,421,383,391,377]","[1058000,780000,994000,969000,1157000,1114000,1157000,1117000,1119000,1023000]",421,10488000
15,34,10,"[347,361,354,366,367,401,331,386,394,344]","[983000,1056000,1026000,1022000,1044000,1158000,986000,1145000,1108000,968000]",401,10496000
15,35,10,"[407,387,356,360,366,371,382,372,387,290]","[1193000,1131000,1030000,1011000,1073000,1098000,1050000,1054000,1103000,744000]",407,10487000
15,36,10,"[483,532,364,375,341,399,314,374,456,212]","[1447000,1526000,1018000,1065000,994000,1126000,881000,1102000,1260000,587000]",532,11006000
15,37,10,"[322,389,348,354,393,373,391,378,396,204]","[895000,1133000,1002000,996000,1149000,1034000,1097000,1107000,1107000,552000]",396,10072000
15,38,10,"[255,428,302,365,396,344,390,381,461,203]","[740000,1189000,850000,1046000,1164000,993000,1089000,1111000,1250000,562000]",461,9994000
15,39,10,"[332,294,294,374,367,404,330,378,391,340]","[957000,809000,805000,1083000,1042000,1142000,942000,1125000,1087000,952000]",404,9944000
15,40,10,"[369,354,349,371,398,341,394,365,372,284]","[1027000,1013000,1010000,1041000,1168000,997000,1112000,1089000,1046000,805000]",398,10308000
15,41,10,"[343,387,323,368,384,392,319,378,395,361]","[1004000,1142000,858000,1029000,1116000,1125000,901000,1125000,1097000,1079000]",395,10476000
15,42,10,"[389,352,356,364,395,385,374,353,393,293]","[1114000,1013000,1018000,1013000,1177000,1122000,1042000,1006000,1085000,803000]",395,10393000
15,43,10,"[292,253,343,369,390,393,414,386,443,230]","[821000,709000,947000,1054000,1146000,1096000,1143000,1113000,1192000,615000]",443,9836000
15,44,10,"[372,399,336,394,407,391,365,439,320,304]","[1010000,1094000,937000,1093000,1172000,1100000,1038000,1265000,943000,872000]",439,10524000
15,45,10,"[379,243,322,383,367,378,372,373,381,339]","[1038000,693000,859000,1053000,1064000,1109000,1034000,1062000,1090000,913000]",383,9915000
15,46,10,"[379,332,412,377,387,348,358,369,368,279]","[1034000,891000,1115000,1060000,1152000,1012000,1013000,1095000,1098000,804000]",412,10274000
15,47,10,"[391,268,319,339,382,376,430,388,418,273]","[1077000,750000,911000,959000,1134000,1085000,1205000,1136000,1137000,732000]",430,10126000
15,48,10,"[435,242,379,390,408,379,373,372,396,369]","[1284000,688000,1010000,1089000,1221000,1127000,1040000,1071000,1099000,1027000]",435,10656000
15,49,10,"[380,249,317,377,396,371,396,374,385,297]","[1075000,708000,864000,1051000,1183000,1097000,1102000,1076000,1054000,814000]",396,10024000
15,50,10,"[387,254,317,362,396,380,374,370,393,296]","[1104000,725000,864000,1011000,1194000,1109000,1042000,1061000,1064000,812000]",396,9986000
15,51,10,"[442,392,422,375,375,405,413,392,498,431]","[1304000,1099000,1179000,1044000,1092000,1148000,1192000,1138000,1563000,1386000]",498,12145000
15,52,10,"[448,414,321,395,383,382,401,397,459,402]","[1300000,1134000,904000,1099000,1104000,1118000,1123000,1151000,1477000,1260000]",459,11670000
15,53,10,"[390,284,311,369,395,399,423,387,363,340]","[1154000,796000,861000,1036000,1144000,1153000,1165000,1124000,1034000,957000]",423,10424000
15,54,10,"[332,292,305,374,405,403,391,365,378,289]","[906000,775000,855000,1050000,1172000,1136000,1109000,1068000,1100000,824000]",405,9995000
15,55,10,"[303,297,304,373,334,392,285,380,394,317]","[829000,828000,845000,1070000,916000,1122000,777000,1118000,1104000,879000]",394,9488000
15,56,10,"[280,363,292,369,394,396,417,379,423,235]","[849000,1030000,874000,1062000,1150000,1095000,1149000,1101000,1160000,633000]",423,10103000
15,57,10,"[254,298,301,364,400,343,363,367,367,287]","[727000,811000,837000,1026000,1195000,1000000,1038000,1081000,1077000,811000]",400,9603000
15,58,10,"[388,303,326,389,369,391,341,376,353,351]","[1045000,845000,848000,1065000,1079000,1120000,985000,1066000,996000,942000]",391,9991000
15,59,10,"[337,403,405,359,390,355,305,369,391,241]","[935000,1111000,1140000,1012000,1164000,1047000,809000,1077000,1124000,686000]",405,10105000
15,60,10,"[332,353,367,367,393,395,431,407,396,351]","[965000,1016000,1099000,1024000,1144000,1097000,1172000,1152000,1128000,991000]",431,10788000
15,61,10,"[504,434,387,374,380,400,321,377,395,367]","[1492000,1240000,1079000,1033000,1095000,1140000,918000,1120000,1110000,1113000]",504,11340000
15,62,10,"[388,324,375,372,393,361,354,388,394,335]","[1125000,870000,1050000,1043000,1162000,1051000,1049000,1133000,1129000,925000]",394,10537000
15,63,10,"[252,386,352,358,393,372,391,368,337,290]","[747000,1121000,1010000,1020000,1140000,1030000,1088000,1066000,929000,806000]",393,9957000
15,64,10,"[310,282,316,371,369,390,317,381,379,339]","[900000,792000,868000,1032000,1086000,1120000,901000,1123000,1065000,944000]",390,9831000
15,65,10,"[314,316,314,367,404,356,318,391,392,336]","[896000,870000,870000,1033000,1178000,1042000,891000,1151000,1105000,957000]",404,9993000
15,66,10,"[337,305,311,362,391,396,436,384,416,236]","[929000,842000,886000,1039000,1155000,1112000,1198000,1127000,1147000,628000]",436,10063000
15,67,10,"[447,376,343,350,395,370,416,442,401,300]","[1319000,1077000,974000,985000,1159000,1035000,1181000,1280000,1135000,861000]",447,11006000
15,68,10,"[379,295,317,387,413,392,343,378,394,448]","[1018000,836000,867000,1055000,1149000,1120000,963000,1128000,1106000,1271000]",448,10513000
15,69,10,"[245,294,325,363,394,392,417,379,423,261]","[720000,819000,886000,1039000,1146000,1091000,1149000,1106000,1157000,705000]",423,9818000
15,70,10,"[351,367,364,367,349,395,339,367,395,340]","[1042000,1062000,1067000,1030000,1019000,1131000,966000,1062000,1114000,940000]",395,10433000
15,71,10,"[409,244,322,384,393,398,410,421,438,411]","[1112000,696000,868000,1053000,1182000,1131000,1190000,1196000,1279000,1209000]",438,10916000
15,72,10,"[379,293,354,373,395,365,319,368,366,280]","[1023000,784000,989000,1040000,1179000,1039000,901000,1088000,1086000,809000]",395,9938000
15,73,10,"[283,252,334,367,393,395,415,378,424,229]","[860000,716000,919000,1047000,1142000,1097000,1145000,1101000,1159000,629000]",424,9815000
15,74,10,"[249,405,290,362,410,392,346,384,414,232]","[722000,1131000,817000,1045000,1193000,1090000,944000,1134000,1136000,620000]",414,9832000
15,75,10,"[335,248,306,367,425,390,431,385,415,249]","[927000,712000,816000,1048000,1242000,1087000,1190000,1127000,1139000,658000]",431,9946000
15,76,10,"[343,364,358,364,383,395,358,382,392,362]","[1014000,1056000,1043000,1019000,1111000,1094000,1043000,1102000,1125000,980000]",395,10587000
15,77,10,"[251,414,297,366,422,397,388,383,412,204]","[732000,1144000,831000,1038000,1225000,1105000,1079000,1123000,1136000,567000]",422,9980000
15,78,10,"[344,255,320,383,394,395,319,381,358,376]","[994000,710000,858000,1053000,1190000,1128000,894000,1137000,993000,1016000]",395,9973000
15,79,10,"[318,293,357,363,379,400,328,383,389,294]","[910000,825000,1047000,1017000,1087000,1140000,931000,1118000,1087000,894000]",400,10056000
15,80,10,"[396,274,325,383,382,381,430,388,422,381]","[1062000,784000,898000,1053000,1143000,1075000,1188000,1132000,1139000,998000]",430,10472000
15,81,10,"[344,287,314,359,356,394,318,383,400,338]","[1001000,796000,863000,1007000,1044000,1130000,906000,1128000,1117000,946000]",400,9938000
15,82,10,"[357,297,318,377,393,357,377,409,444,288]","[1010000,845000,869000,1054000,1185000,1038000,1047000,1207000,1214000,781000]",444,10250000
15,83,10,"[319,290,278,366,422,401,513,384,455,295]","[915000,808000,757000,1059000,1198000,1120000,1497000,1126000,1197000,835000]",513,10512000
15,84,10,"[380,253,325,375,396,378,373,368,382,338]","[1038000,716000,866000,1074000,1148000,1108000,1044000,1057000,1090000,911000]",396,10052000
15,85,10,"[254,280,311,352,390,372,407,382,428,226]","[757000,777000,868000,967000,1140000,1032000,1174000,1115000,1185000,651000]",428,9666000
15,86,10,"[344,279,313,364,382,343,317,380,388,338]","[1002000,775000,863000,1018000,1104000,987000,898000,1123000,1087000,955000]",388,9812000
15,87,10,"[233,252,340,368,391,389,417,382,469,230]","[679000,707000,940000,1047000,1142000,1090000,1143000,1116000,1260000,601000]",469,9725000
15,88,10,"[344,258,270,383,397,396,323,374,381,319]","[991000,726000,723000,1056000,1196000,1127000,918000,1078000,1082000,887000]",397,9784000
15,89,10,"[324,329,384,369,385,343,359,366,367,282]","[898000,893000,1061000,1019000,1145000,997000,1007000,1090000,1093000,804000]",385,10007000
15,90,10,"[338,283,313,364,350,396,317,382,396,288]","[977000,785000,868000,1017000,1027000,1133000,892000,1142000,1113000,867000]",396,9821000
15,91,10,"[390,294,326,378,372,363,377,375,363,387]","[1058000,828000,883000,1053000,1116000,1058000,1040000,1075000,1006000,1031000]",390,10148000
15,92,10,"[383,304,344,338,389,369,341,370,364,295]","[1054000,830000,984000,946000,1149000,1091000,956000,1058000,1038000,813000]",389,9919000
15,93,10,"[314,284,313,364,417,338,317,385,394,296]","[906000,795000,868000,1017000,1207000,978000,892000,1127000,1095000,892000]",417,9777000
15,94,10,"[255,256,342,371,401,394,415,381,413,232]","[746000,719000,935000,1059000,1162000,1101000,1143000,1116000,1131000,618000]",415,9730000
15,95,10,"[251,398,311,398,397,394,391,314,390,273]","[726000,1098000,883000,1111000,1172000,1093000,1081000,903000,1103000,759000]",398,9929000
15,96,10,"[382,247,319,379,405,381,379,369,384,344]","[1053000,697000,845000,1049000,1191000,1124000,1045000,1056000,1090000,932000]",405,10082000
15,97,10,"[374,373,366,366,352,392,352,381,389,340]","[1108000,1074000,1089000,1025000,1013000,1092000,1016000,1100000,1105000,946000]",392,10568000
15,98,10,"[343,404,317,375,363,405,326,367,375,225]","[959000,1127000,913000,1063000,1026000,1173000,874000,1051000,1053000,633000]",405,9872000
15,99,10,"[338,285,314,368,368,346,315,383,395,384]","[967000,796000,878000,1030000,1055000,989000,897000,1132000,1097000,1077000]",395,9918000
15,100,10,"[267,389,348,318,394,371,391,378,395,204]","[786000,1130000,1002000,903000,1144000,1026000,1097000,1107000,1105000,552000]",395,9852000
15,101,10,"[382,245,326,382,355,413,373,371,383,340]","[1043000,698000,892000,1051000,1047000,1232000,1036000,1060000,1100000,918000]",413,10077000
15,102,10,"[400,242,318,386,405,373,386,375,391,294]","[1121000,688000,866000,1060000,1221000,1101000,1062000,1064000,1070000,808000]",405,10061000
15,103,10,"[344,289,315,364,358,395,319,389,407,333]","[1004000,819000,873000,1023000,1043000,1131000,914000,1153000,1122000,930000]",407,10012000
15,104,10,"[251,420,313,364,408,391,391,312,321,273]","[726000,1169000,890000,1049000,1208000,1091000,1088000,903000,904000,749000]",420,9777000
15,105,10,"[335,289,306,377,399,343,401,366,367,292]","[919000,781000,873000,1051000,1199000,997000,1126000,1080000,1092000,822000]",401,9940000
16,1,10,"[250,337,334,323,338,308,346,351,311,344]","[743000,987000,962000,923000,931000,861000,961000,981000,887000,932000]",351,9168000
16,2,10,"[193,285,329,318,340,292,343,354,345,228]","[565000,827000,952000,908000,944000,819000,965000,1005000,955000,612000]",354,8552000
16,3,10,"[255,296,349,317,347,293,343,353,313,338]","[744000,830000,967000,903000,958000,824000,968000,981000,887000,909000]",353,8971000
16,4,10,"[300,260,366,327,271,317,399,339,348,258]","[830000,697000,1013000,942000,717000,838000,1122000,954000,915000,712000]",399,8740000
16,5,10,"[286,299,360,340,341,308,330,344,356,267]","[852000,807000,1004000,978000,931000,841000,920000,946000,994000,765000]",360,9038000
16,6,10,"[269,234,339,354,323,370,338,351,355,260]","[775000,646000,948000,994000,919000,993000,945000,985000,981000,727000]",370,8913000
16,7,10,"[250,246,324,351,345,385,388,384,370,207]","[687000,679000,866000,981000,907000,1068000,1064000,1065000,985000,554000]",388,8856000
16,8,10,"[255,337,349,315,351,345,337,356,316,344]","[762000,992000,987000,885000,964000,948000,955000,985000,906000,940000]",356,9324000
16,9,10,"[251,290,355,293,349,352,337,357,315,340]","[736000,864000,983000,845000,949000,974000,949000,983000,906000,917000]",357,9106000
16,10,10,"[300,260,366,344,271,323,390,340,347,260]","[830000,697000,1009000,991000,703000,864000,1083000,954000,916000,727000]",390,8774000
16,11,10,"[280,238,341,344,320,368,336,394,299,284]","[750000,647000,955000,976000,907000,992000,943000,1122000,859000,808000]",394,8959000
16,12,10,"[279,238,346,363,380,356,364,343,304,284]","[741000,649000,961000,1041000,1023000,973000,1000000,996000,878000,791000]",380,9053000
16,13,10,"[244,256,351,352,265,420,365,390,342,208]","[653000,725000,950000,983000,692000,1172000,982000,1125000,929000,575000]",420,8786000
16,14,10,"[278,323,359,332,353,289,350,355,359,308]","[826000,880000,997000,943000,975000,802000,994000,979000,994000,832000]",359,9222000
16,15,10,"[256,334,357,321,349,351,342,356,319,343]","[755000,977000,997000,893000,946000,969000,969000,982000,895000,923000]",357,9306000
16,16,10,"[307,278,357,327,275,316,401,342,346,256]","[833000,777000,1006000,933000,727000,844000,1114000,966000,932000,730000]",401,8862000
16,17,10,"[306,295,352,270,349,348,350,360,356,270]","[894000,812000,991000,759000,950000,949000,992000,981000,984000,743000]",360,9055000
16,18,10,"[287,300,359,288,271,307,398,346,362,267]","[854000,813000,1009000,840000,719000,833000,1111000,964000,1004000,765000]",398,8912000
16,19,10,"[276,262,353,337,226,319,406,385,351,262]","[765000,752000,993000,960000,600000,878000,1120000,1031000,951000,740000]",406,8790000
16,20,10,"[245,294,335,350,319,373,339,386,311,283]","[654000,804000,921000,986000,908000,1017000,947000,1073000,868000,809000]",386,8987000
16,21,10,"[213,345,351,287,350,350,330,353,339,235]","[617000,965000,987000,853000,950000,964000,939000,960000,958000,652000]",353,8845000
16,22,10,"[271,248,365,352,318,376,331,399,304,283]","[742000,692000,1014000,995000,903000,1015000,939000,1132000,869000,792000]",399,9093000
16,23,10,"[251,207,346,317,363,323,358,395,310,341]","[692000,570000,960000,913000,1007000,871000,1005000,1122000,884000,939000]",395,8963000
16,24,10,"[268,362,350,311,346,293,344,352,362,262]","[764000,948000,972000,880000,959000,795000,968000,966000,994000,731000]",362,8977000
16,25,10,"[247,336,346,325,348,308,358,351,311,338]","[728000,993000,988000,927000,960000,861000,1009000,966000,887000,909000]",358,9228000
16,26,10,"[301,262,358,321,268,318,397,340,344,259]","[832000,707000,976000,933000,702000,840000,1112000,952000,907000,715000]",397,8676000
16,27,10,"[254,256,349,372,235,319,404,307,339,263]","[694000,722000,984000,1033000,621000,878000,1115000,845000,918000,745000]",404,8555000
16,28,10,"[250,353,355,324,337,348,360,353,318,339]","[733000,1020000,1018000,917000,920000,935000,1041000,978000,895000,911000]",360,9368000
16,29,10,"[244,255,359,356,329,411,309,393,301,210]","[659000,708000,960000,995000,829000,1136000,895000,1117000,863000,549000]",411,8711000
16,30,10,"[395,313,368,328,346,301,347,358,412,342]","[1174000,845000,1028000,922000,956000,854000,986000,1043000,1140000,1015000]",412,9963000
16,31,10,"[297,262,346,343,271,322,394,357,348,259]","[824000,702000,963000,974000,717000,862000,1106000,1024000,942000,715000]",394,8829000
16,32,10,"[334,373,352,320,260,308,405,349,365,276]","[935000,982000,977000,887000,688000,835000,1125000,946000,1012000,795000]",405,9182000
16,33,10,"[307,278,357,331,316,319,401,341,342,256]","[833000,777000,1006000,953000,812000,849000,1114000,964000,924000,730000]",401,8962000
16,34,10,"[284,213,342,353,357,374,403,320,355,259]","[837000,620000,944000,1002000,1008000,1043000,1113000,919000,979000,725000]",403,9190000
16,35,10,"[253,277,324,390,342,258,369,394,311,283]","[682000,762000,912000,1101000,937000,727000,1050000,1109000,868000,803000]",394,8951000
16,36,10,"[246,319,335,338,322,370,338,385,311,283]","[638000,932000,925000,945000,914000,992000,941000,1071000,868000,809000]",385,9035000
16,37,10,"[253,337,355,311,355,355,340,356,314,338]","[745000,995000,1001000,877000,962000,970000,970000,985000,902000,913000]",356,9320000
16,38,10,"[1187,1208,1332,1195,1086,1249,1243,1377,1172,1227]","[2631000,5472000,3090000,2684000,4788000,2810000,2754000,4144000,2608000,3117000]",1377,34098000
16,39,10,"[359,339,338,358,318,294,353,401,312,312]","[1153000,1079000,952000,1019000,903000,799000,967000,1130000,898000,874000]",401,9774000
16,40,10,"[281,246,353,345,320,364,338,399,314,335]","[765000,674000,979000,976000,903000,990000,945000,1124000,888000,894000]",399,9138000
16,41,10,"[268,357,345,340,350,369,374,361,357,262]","[758000,945000,951000,998000,982000,1026000,1029000,980000,996000,730000]",374,9395000
16,42,10,"[532,677,416,398,365,386,401,343,314,282]","[1589000,2051000,1176000,1133000,1012000,1028000,1112000,961000,885000,795000]",677,11742000
16,43,10,"[279,241,355,346,322,368,340,359,358,292]","[741000,663000,983000,972000,909000,986000,959000,1014000,987000,796000]",368,9010000
16,44,10,"[287,309,366,312,220,312,407,336,359,276]","[863000,830000,1027000,895000,596000,846000,1122000,948000,1000000,810000]",407,8937000
16,45,10,"[287,308,360,315,216,306,405,353,363,276]","[850000,825000,1006000,888000,573000,831000,1123000,981000,1004000,810000]",405,8891000
16,46,10,"[272,405,373,332,345,296,363,356,361,261]","[772000,1076000,1059000,943000,942000,806000,1002000,956000,1006000,727000]",405,9289000
16,47,10,"[328,392,409,293,348,366,341,357,319,310]","[968000,1072000,1108000,831000,946000,994000,953000,985000,905000,917000]",409,9679000
16,48,10,"[405,354,338,319,395,438,406,393,371,231]","[1313000,1045000,931000,917000,1035000,1111000,1132000,1149000,992000,646000]",438,10271000
16,49,10,"[255,287,360,293,351,347,395,341,336,257]","[736000,864000,1013000,860000,949000,941000,1102000,956000,900000,732000]",395,9053000
16,50,10,"[309,292,371,346,267,418,366,388,316,232]","[814000,772000,1019000,989000,694000,1153000,975000,1120000,857000,684000]",418,9077000
16,51,10,"[271,366,377,378,348,349,354,339,361,262]","[767000,971000,1028000,1034000,951000,965000,1002000,929000,1002000,731000]",378,9380000
16,52,10,"[297,289,340,348,326,366,340,397,314,319]","[786000,791000,954000,968000,924000,988000,947000,1126000,883000,860000]",397,9227000
16,53,10,"[250,285,349,322,349,304,363,350,313,337]","[743000,841000,989000,926000,965000,846000,1031000,963000,897000,909000]",363,9110000
16,54,10,"[258,258,296,349,354,376,388,395,373,260]","[708000,757000,797000,982000,948000,1055000,1060000,1090000,981000,717000]",395,9095000
16,55,10,"[317,284,377,351,324,372,364,388,345,284]","[899000,783000,1049000,1028000,909000,998000,1015000,1081000,939000,835000]",388,9536000
16,56,10,"[280,225,342,352,320,368,337,377,315,285]","[773000,597000,951000,987000,910000,996000,943000,1081000,876000,808000]",377,8922000
16,57,10,"[262,261,328,329,360,380,386,383,368,209]","[729000,730000,861000,908000,979000,1059000,1060000,1063000,975000,559000]",386,8923000
16,58,10,"[302,241,369,329,336,319,351,403,307,346]","[801000,668000,1035000,930000,936000,884000,993000,1140000,876000,935000]",403,9198000
16,59,10,"[274,295,353,296,352,381,383,371,313,334]","[808000,871000,992000,826000,919000,1059000,1043000,994000,905000,942000]",383,9359000
16,60,10,"[297,294,350,326,273,320,398,342,349,265]","[810000,814000,960000,911000,730000,850000,1117000,964000,966000,751000]",398,8873000
16,61,10,"[265,312,368,355,229,312,401,392,351,266]","[710000,848000,1045000,996000,597000,843000,1123000,1049000,937000,754000]",401,8902000
16,62,10,"[287,268,360,338,226,320,352,374,347,275]","[815000,761000,1017000,965000,590000,875000,986000,1045000,929000,806000]",374,8789000
16,63,10,"[283,227,334,326,344,299,358,400,303,388]","[806000,670000,959000,936000,943000,852000,984000,1134000,873000,1061000]",400,9218000
16,64,10,"[308,372,347,322,347,397,351,368,319,343]","[901000,1032000,967000,920000,946000,1106000,981000,1012000,895000,929000]",397,9689000
16,65,10,"[326,231,340,355,323,367,363,415,356,265]","[903000,616000,945000,996000,919000,984000,1007000,1103000,979000,737000]",415,9189000
16,66,10,"[270,359,341,321,348,347,396,352,291,260]","[774000,949000,938000,918000,948000,961000,1097000,998000,813000,725000]",396,9121000
16,67,10,"[271,360,346,315,345,344,339,362,360,260]","[760000,951000,946000,903000,942000,946000,958000,981000,996000,725000]",362,9108000
16,68,10,"[245,253,346,351,316,417,311,380,361,296]","[654000,715000,928000,971000,788000,1146000,876000,1099000,957000,790000]",417,8924000
16,69,10,"[290,357,315,316,377,402,380,359,365,260]","[802000,945000,900000,909000,1049000,1092000,1065000,977000,1010000,725000]",402,9474000
16,70,10,"[285,287,361,308,262,318,395,343,342,254]","[771000,776000,1016000,892000,690000,838000,1102000,958000,903000,707000]",395,8653000
16,71,10,"[252,246,347,371,353,349,394,358,309,343]","[693000,705000,926000,1028000,954000,958000,1069000,989000,876000,913000]",394,9111000
16,72,10,"[209,364,304,341,324,371,331,369,318,289]","[621000,997000,830000,969000,910000,1001000,931000,1041000,882000,821000]",371,9003000
16,73,10,"[241,254,352,322,348,363,462,384,343,210]","[653000,709000,958000,923000,951000,988000,1302000,1113000,941000,535000]",462,9073000
16,74,10,"[279,311,359,355,279,293,350,358,356,312]","[828000,844000,1033000,994000,763000,819000,984000,986000,984000,829000]",359,9064000
16,75,10,"[252,295,314,319,346,300,343,350,314,338]","[738000,825000,895000,907000,953000,835000,961000,976000,887000,909000]",350,8886000
16,76,10,"[292,333,362,287,351,312,401,379,363,294]","[864000,975000,1018000,826000,950000,921000,1122000,1073000,1008000,894000]",401,9651000
16,77,10,"[286,300,360,340,341,308,377,309,358,267]","[852000,809000,1004000,978000,931000,841000,1060000,834000,998000,765000]",377,9072000
16,78,10,"[257,278,329,323,344,301,374,399,315,386]","[694000,766000,930000,928000,939000,861000,1036000,1094000,872000,1051000]",399,9171000
16,79,10,"[260,328,365,345,316,411,312,390,370,214]","[763000,894000,1021000,963000,794000,1138000,882000,1121000,973000,612000]",411,9161000
16,80,10,"[255,340,344,305,352,345,337,356,317,351]","[762000,997000,971000,874000,966000,948000,955000,985000,908000,966000]",356,9332000
16,81,10,"[249,336,315,320,344,326,347,352,311,342]","[732000,992000,888000,917000,950000,915000,968000,976000,887000,915000]",352,9140000
16,82,10,"[193,285,329,354,276,292,343,355,345,228]","[565000,827000,952000,1037000,765000,819000,965000,1007000,955000,612000]",355,8504000
16,83,10,"[272,277,345,318,345,296,343,358,316,343]","[807000,783000,963000,905000,951000,830000,965000,994000,902000,918000]",358,9018000
16,84,10,"[298,261,368,332,268,338,375,341,353,262]","[806000,693000,1017000,940000,704000,912000,1041000,967000,967000,761000]",375,8808000
16,85,10,"[286,300,360,344,343,311,329,359,356,267]","[852000,809000,1004000,1000000,933000,856000,922000,972000,994000,765000]",360,9107000
16,86,10,"[271,228,339,351,323,323,336,353,361,284]","[777000,595000,952000,994000,916000,875000,941000,1003000,985000,802000]",361,8840000
16,87,10,"[240,246,319,352,351,377,387,388,368,207]","[659000,705000,851000,1015000,920000,1055000,1058000,1073000,975000,550000]",388,8861000
16,88,10,"[254,303,350,333,352,353,342,356,318,341]","[741000,906000,980000,940000,948000,969000,951000,985000,921000,928000]",356,9269000
16,89,10,"[258,284,351,328,358,361,344,364,312,342]","[763000,849000,985000,911000,959000,989000,976000,999000,897000,919000]",364,9247000
16,90,10,"[319,287,372,340,272,321,394,342,343,281]","[880000,801000,1049000,968000,720000,878000,1088000,969000,917000,836000]",394,9106000
16,91,10,"[280,238,339,345,320,368,336,395,307,284]","[750000,647000,945000,978000,907000,992000,943000,1122000,881000,808000]",395,8973000
16,92,10,"[272,245,341,367,374,357,359,350,307,283]","[762000,615000,955000,1049000,1015000,975000,988000,1008000,884000,795000]",374,9046000
16,93,10,"[238,259,353,344,277,416,367,386,339,198]","[649000,737000,946000,967000,737000,1157000,990000,1126000,925000,524000]",416,8758000
16,94,10,"[283,322,317,331,352,306,381,350,361,306]","[843000,869000,892000,941000,982000,859000,1062000,957000,1009000,819000]",381,9233000
16,95,10,"[266,334,362,324,350,349,347,358,318,345]","[778000,989000,1003000,885000,944000,966000,971000,989000,891000,925000]",362,9341000
16,96,10,"[856,821,922,323,714,799,826,803,771,786]","[3608000,2458000,2450000,925000,1605000,1822000,1940000,1876000,1811000,1899000]",922,20394000
16,97,10,"[313,304,314,266,385,347,350,359,363,271]","[920000,829000,889000,754000,1047000,949000,977000,979000,1014000,780000]",385,9138000
16,98,10,"[285,308,356,290,277,310,397,344,361,276]","[850000,827000,1001000,850000,734000,839000,1102000,960000,995000,810000]",397,8968000
16,99,10,"[299,275,362,339,217,313,373,385,340,271]","[837000,739000,1008000,964000,581000,844000,1039000,1037000,920000,795000]",385,8764000
16,100,10,"[248,282,326,349,335,363,344,384,313,283]","[663000,774000,904000,995000,950000,978000,953000,1069000,867000,806000]",384,8959000
17,1,10,"[180,258,252,395,367,399,332,247,380,292]","[557000,734000,696000,1096000,1036000,1130000,916000,664000,1032000,814000]",399,8675000
17,2,10,"[209,256,266,360,417,417,336,248,310,266]","[565000,721000,755000,1030000,1172000,1139000,926000,643000,857000,755000]",417,8563000
17,3,10,"[204,343,325,318,312,356,288,285,355,368]","[595000,956000,906000,879000,888000,996000,851000,759000,1011000,1104000]",368,8945000
17,4,10,"[179,384,318,301,355,385,281,291,339,297]","[552000,1067000,879000,838000,1010000,1073000,775000,779000,894000,843000]",385,8710000
17,5,10,"[178,260,248,410,364,392,326,241,386,288]","[552000,736000,680000,1135000,1032000,1113000,894000,637000,1034000,810000]",410,8623000
17,6,10,"[201,348,326,336,345,352,285,292,333,367]","[590000,966000,907000,934000,976000,985000,846000,766000,941000,1099000]",367,9010000
17,7,10,"[177,356,299,366,364,382,280,311,336,307]","[552000,990000,821000,1036000,1024000,1075000,784000,841000,951000,923000]",382,8997000
17,8,10,"[201,341,329,319,313,352,348,293,335,368]","[590000,952000,926000,881000,888000,992000,977000,785000,949000,1104000]",368,9044000
17,9,10,"[180,385,311,298,366,382,287,298,342,299]","[557000,1069000,854000,816000,1026000,1052000,790000,793000,904000,858000]",385,8719000
17,10,10,"[201,341,329,327,313,349,348,293,335,367]","[590000,952000,926000,904000,888000,983000,977000,785000,949000,1104000]",367,9058000
17,11,10,"[202,376,337,302,414,351,281,236,298,306]","[595000,1037000,955000,848000,1123000,966000,770000,635000,834000,873000]",414,8636000
17,12,10,"[230,377,311,301,410,347,278,246,303,297]","[694000,1039000,860000,848000,1106000,968000,764000,650000,853000,865000]",410,8647000
17,13,10,"[180,391,311,270,390,385,294,318,299,303]","[567000,1079000,860000,737000,1046000,1073000,809000,851000,822000,872000]",391,8716000
17,14,10,"[225,252,253,402,421,416,329,243,329,262]","[611000,711000,689000,1106000,1176000,1137000,902000,638000,897000,732000]",421,8599000
17,15,10,"[211,251,251,399,367,422,293,241,381,302]","[624000,706000,673000,1099000,1030000,1170000,821000,627000,1017000,832000]",422,8599000
17,16,10,"[201,254,258,400,362,423,336,243,382,264]","[552000,709000,696000,1112000,1020000,1175000,926000,631000,1019000,766000]",423,8606000
17,17,10,"[201,377,316,301,413,394,282,229,295,297]","[590000,1041000,879000,850000,1120000,1084000,783000,612000,830000,864000]",413,8653000
17,18,10,"[208,342,303,328,365,356,352,296,335,367]","[605000,954000,838000,899000,1018000,997000,988000,790000,949000,1106000]",367,9144000
17,19,10,"[201,375,319,300,410,392,277,251,303,296]","[590000,1041000,875000,850000,1108000,1082000,767000,672000,855000,859000]",410,8699000
17,20,10,"[208,342,303,328,365,356,352,296,335,367]","[605000,954000,838000,899000,1018000,997000,988000,790000,949000,1106000]",367,9144000
17,21,10,"[203,386,349,320,363,398,337,250,378,441]","[605000,1076000,958000,835000,1021000,1128000,928000,678000,1025000,1291000]",441,9545000
17,22,10,"[199,346,309,319,388,395,287,290,344,369]","[590000,958000,847000,871000,1071000,1102000,856000,764000,967000,1107000]",395,9133000
17,23,10,"[212,387,319,292,459,457,358,259,351,392]","[634000,1062000,876000,796000,1316000,1323000,1005000,674000,986000,1134000]",459,9806000
17,24,10,"[223,327,345,356,427,423,408,387,363,355]","[671000,916000,959000,1014000,1181000,1159000,1104000,1083000,996000,1025000]",427,10108000
17,25,10,"[237,264,363,367,376,440,344,265,388,267]","[697000,724000,954000,1042000,1060000,1208000,944000,720000,1068000,780000]",440,9197000
17,26,10,"[312,414,319,328,389,390,291,290,370,354]","[984000,1157000,883000,923000,1082000,1083000,840000,787000,972000,1070000]",414,9781000
17,27,10,"[237,216,250,396,364,399,359,281,425,289]","[690000,623000,683000,1098000,1032000,1153000,985000,736000,1119000,814000]",425,8933000
17,28,10,"[199,363,280,329,421,421,341,295,337,417]","[590000,1009000,764000,889000,1183000,1154000,946000,785000,952000,1181000]",421,9453000
17,29,10,"[205,383,363,351,367,395,328,356,411,383]","[620000,1037000,984000,1015000,954000,1113000,908000,1020000,1175000,1180000]",411,10006000
17,30,10,"[205,378,318,301,437,379,283,226,298,298]","[620000,1042000,872000,820000,1201000,1061000,785000,608000,842000,857000]",437,8708000
17,31,10,"[199,343,307,322,383,413,271,328,342,367]","[590000,952000,851000,872000,1057000,1168000,779000,856000,959000,1103000]",413,9187000
17,32,10,"[180,368,316,291,357,416,266,277,353,375]","[567000,1019000,880000,809000,1016000,1109000,739000,743000,942000,1125000]",416,8949000
17,33,10,"[270,254,248,411,364,392,328,243,386,413]","[826000,713000,673000,1132000,1032000,1113000,902000,647000,1034000,1264000]",413,9336000
17,34,10,"[317,432,316,318,358,398,326,356,374,369]","[1022000,1209000,875000,859000,1010000,1122000,893000,986000,1033000,1101000]",432,10110000
17,35,10,"[204,377,318,313,410,386,338,253,378,348]","[595000,1049000,877000,909000,1106000,1072000,936000,652000,1010000,1005000]",410,9211000
17,36,10,"[206,345,299,335,361,385,289,268,330,368]","[605000,960000,828000,909000,1018000,1082000,845000,719000,945000,1104000]",385,9015000
17,37,10,"[180,392,317,311,371,400,279,301,297,298]","[567000,1104000,870000,839000,1021000,1139000,757000,791000,823000,847000]",400,8758000
17,38,10,"[204,345,325,320,394,306,286,290,332,374]","[595000,960000,905000,886000,1136000,837000,845000,764000,941000,1114000]",394,8983000
17,39,10,"[255,251,251,413,419,417,329,268,424,293]","[682000,715000,680000,1130000,1174000,1139000,896000,685000,1158000,835000]",424,9094000
17,40,10,"[227,323,352,306,442,383,283,249,301,299]","[702000,901000,974000,830000,1208000,1067000,768000,665000,860000,871000]",442,8846000
17,41,10,"[205,341,351,322,365,397,295,287,337,368]","[605000,952000,934000,874000,1008000,1099000,855000,766000,956000,1105000]",397,9154000
17,42,10,"[235,375,353,335,387,390,292,289,320,370]","[706000,1041000,995000,961000,1077000,1086000,850000,770000,901000,1109000]",390,9496000
17,43,10,"[201,371,280,300,370,393,318,248,377,259]","[590000,1038000,757000,820000,1067000,1092000,905000,659000,1022000,764000]",393,8714000
17,44,10,"[203,369,308,405,364,398,326,241,391,385]","[595000,1024000,820000,1122000,1032000,1137000,898000,639000,1046000,1110000]",405,9423000
17,45,10,"[186,391,319,332,386,396,331,241,387,346]","[597000,1102000,868000,931000,1075000,1133000,914000,637000,1046000,1006000]",396,9309000
17,46,10,"[204,362,318,289,412,417,274,281,336,292]","[595000,1006000,880000,796000,1120000,1110000,772000,750000,950000,854000]",417,8833000
17,47,10,"[260,382,314,319,443,384,288,250,304,300]","[768000,1060000,865000,941000,1231000,1067000,792000,664000,866000,873000]",443,9127000
17,48,10,"[222,344,292,367,345,408,357,251,389,256]","[595000,957000,837000,1051000,979000,1127000,971000,654000,1040000,728000]",408,8939000
17,49,10,"[199,342,265,359,418,424,339,239,301,442]","[590000,939000,721000,1021000,1169000,1160000,934000,624000,835000,1286000]",442,9279000
17,50,10,"[199,347,308,351,391,390,298,245,390,356]","[590000,956000,855000,969000,1122000,1092000,833000,652000,1039000,1036000]",391,9144000
17,51,10,"[199,251,245,426,407,349,314,349,394,367]","[590000,710000,667000,1182000,1115000,941000,883000,981000,1064000,1099000]",426,9232000
17,52,10,"[220,381,309,290,364,397,336,248,379,258]","[605000,1053000,862000,804000,1024000,1133000,928000,646000,1020000,760000]",397,8835000
17,53,10,"[201,375,316,365,411,394,280,348,340,411]","[590000,1037000,879000,1045000,1106000,1086000,772000,1041000,967000,1274000]",411,9797000
17,54,10,"[208,345,291,344,427,333,289,296,336,354]","[635000,954000,788000,918000,1190000,908000,831000,840000,946000,1045000]",427,9055000
17,55,10,"[177,394,309,354,344,376,339,362,340,334]","[552000,1104000,852000,1003000,967000,998000,870000,974000,926000,950000]",394,9196000
17,56,10,"[206,346,294,332,360,463,356,343,333,356]","[600000,965000,801000,897000,1019000,1305000,1011000,942000,945000,1090000]",463,9575000
17,57,10,"[233,215,363,291,365,387,274,242,390,273]","[652000,616000,997000,813000,1028000,1089000,759000,647000,1042000,805000]",390,8448000
17,58,10,"[177,258,238,398,416,421,351,276,319,287]","[552000,734000,665000,1114000,1164000,1170000,960000,726000,902000,813000]",421,8800000
17,59,10,"[210,266,254,395,363,399,428,285,350,299]","[620000,728000,691000,1096000,1032000,1143000,1159000,771000,936000,843000]",428,9019000
17,60,10,"[179,384,310,279,363,380,310,296,340,296]","[552000,1067000,852000,760000,1020000,1052000,847000,793000,903000,855000]",384,8701000
17,61,10,"[199,381,366,389,364,395,328,238,379,360]","[590000,1052000,996000,1090000,1029000,1128000,908000,622000,1025000,1089000]",395,9529000
17,62,10,"[208,346,298,332,369,385,305,287,331,372]","[605000,965000,828000,905000,1020000,1084000,843000,760000,941000,1110000]",385,9061000
17,63,10,"[229,289,274,392,430,369,333,239,351,261]","[603000,855000,747000,1053000,1184000,1030000,910000,637000,984000,740000]",430,8743000
17,64,10,"[219,209,250,401,360,422,342,244,382,262]","[590000,592000,695000,1117000,1020000,1170000,937000,633000,1015000,755000]",422,8524000
17,65,10,"[213,388,312,329,445,391,293,245,326,298]","[625000,1048000,866000,887000,1215000,1084000,805000,648000,871000,864000]",445,8913000
17,66,10,"[288,384,317,306,427,394,286,316,342,291]","[901000,1050000,870000,810000,1180000,1100000,780000,915000,967000,846000]",427,9419000
17,67,10,"[200,236,272,364,421,409,325,357,390,381]","[595000,661000,760000,1028000,1172000,1120000,908000,1008000,1051000,1165000]",421,9468000
17,68,10,"[199,368,328,307,437,417,335,238,308,391]","[590000,1020000,902000,836000,1216000,1139000,926000,622000,848000,1175000]",437,9274000
17,69,10,"[177,388,350,255,418,429,322,247,320,257]","[483000,1040000,970000,676000,1148000,1168000,890000,654000,885000,725000]",429,8639000
17,70,10,"[227,321,318,309,436,385,284,246,306,296]","[695000,903000,865000,833000,1203000,1082000,787000,652000,868000,854000]",436,8742000
17,71,10,"[230,377,311,301,410,405,250,249,303,297]","[694000,1039000,860000,848000,1106000,1129000,663000,655000,853000,865000]",410,8712000
17,72,10,"[199,378,435,288,383,397,333,272,342,335]","[590000,1046000,1203000,822000,1032000,1138000,942000,769000,967000,993000]",435,9502000
17,73,10,"[197,237,263,388,377,381,341,245,332,349]","[567000,687000,703000,1054000,1037000,1076000,961000,642000,932000,1006000]",388,8665000
17,74,10,"[204,341,324,318,394,329,270,329,331,370]","[595000,952000,904000,879000,1138000,916000,767000,855000,941000,1105000]",394,9052000
17,75,10,"[241,245,240,419,408,395,336,239,378,293]","[691000,697000,655000,1147000,1155000,1103000,946000,631000,1021000,820000]",419,8866000
17,76,10,"[180,385,316,292,371,384,336,313,401,339]","[557000,1067000,872000,804000,1038000,1107000,888000,806000,1045000,972000]",401,9156000
17,77,10,"[286,307,251,400,374,447,347,274,389,255]","[807000,842000,679000,1106000,1058000,1235000,954000,754000,1058000,744000]",447,9237000
17,78,10,"[218,362,317,403,421,415,329,259,329,251]","[595000,1095000,867000,1119000,1178000,1139000,913000,699000,935000,721000]",421,9261000
17,79,10,"[201,345,339,416,363,370,291,347,338,402]","[594000,960000,923000,1152000,1036000,1033000,849000,1006000,951000,1243000]",416,9747000
17,80,10,"[195,248,260,389,410,397,335,256,378,299]","[571000,699000,709000,1067000,1150000,1130000,942000,685000,1030000,837000]",410,8820000
17,81,10,"[179,391,315,403,399,401,337,252,384,350]","[552000,1096000,875000,1139000,1125000,1137000,925000,675000,1055000,1042000]",403,9621000
17,82,10,"[178,380,384,320,437,385,286,250,307,301]","[552000,1054000,1083000,922000,1219000,1074000,788000,655000,881000,863000]",437,9091000
17,83,10,"[205,249,255,407,414,424,341,249,321,306]","[611000,705000,686000,1157000,1191000,1168000,940000,636000,873000,879000]",424,8846000
17,84,10,"[177,260,271,395,369,399,332,249,353,294]","[552000,738000,735000,1096000,1042000,1135000,922000,655000,955000,822000]",399,8652000
17,85,10,"[209,325,258,366,420,420,341,250,349,268]","[562000,875000,732000,1048000,1182000,1149000,936000,656000,920000,796000]",420,8856000
17,86,10,"[204,343,325,311,315,356,302,285,355,368]","[595000,956000,906000,855000,894000,996000,884000,759000,1011000,1104000]",368,8960000
17,87,10,"[179,384,318,299,355,383,282,274,339,298]","[552000,1067000,879000,834000,1010000,1073000,780000,747000,894000,863000]",384,8699000
17,88,10,"[178,260,248,348,401,392,330,241,385,288]","[552000,736000,680000,987000,1133000,1113000,901000,637000,1028000,810000]",401,8577000
17,89,10,"[227,348,329,326,349,351,259,289,332,367]","[668000,966000,921000,897000,984000,987000,761000,760000,946000,1099000]",367,8989000
17,90,10,"[168,364,301,368,366,383,285,313,339,308]","[502000,1002000,831000,1040000,1027000,1076000,789000,841000,957000,925000]",383,8990000
17,91,10,"[201,344,330,322,313,357,354,294,331,373]","[590000,958000,925000,894000,892000,996000,995000,776000,941000,1120000]",373,9087000
17,92,10,"[180,387,311,297,367,381,286,280,343,303]","[557000,1069000,854000,816000,1026000,1054000,780000,747000,906000,872000]",387,8681000
17,93,10,"[201,341,329,327,314,349,347,293,335,367]","[590000,952000,926000,904000,888000,983000,975000,785000,949000,1104000]",367,9056000
17,94,10,"[202,376,341,300,414,347,279,237,295,303]","[595000,1037000,965000,848000,1121000,960000,768000,636000,839000,889000]",414,8658000
17,95,10,"[225,379,311,303,412,344,283,248,317,297]","[669000,1039000,860000,853000,1106000,964000,778000,647000,878000,860000]",412,8654000
17,96,10,"[180,391,318,286,389,385,237,311,296,305]","[567000,1081000,867000,809000,1052000,1081000,654000,856000,826000,877000]",391,8670000
17,97,10,"[227,250,246,410,422,419,326,256,321,250]","[603000,709000,665000,1128000,1174000,1143000,898000,651000,895000,725000]",422,8591000
17,98,10,"[211,254,250,396,368,420,290,255,336,294]","[624000,706000,675000,1093000,1028000,1168000,804000,691000,926000,822000]",420,8537000
17,99,10,"[201,254,258,346,399,427,336,243,383,264]","[552000,709000,696000,984000,1121000,1185000,926000,631000,1019000,766000]",427,8589000
17,100,10,"[220,379,321,311,424,393,291,231,304,298]","[658000,1052000,883000,888000,1142000,1086000,784000,616000,848000,844000]",424,8801000
17,101,10,"[220,341,301,284,367,354,354,295,337,369]","[649000,952000,832000,788000,1024000,992000,998000,785000,953000,1108000]",369,9081000
17,102,10,"[202,378,341,296,415,345,279,247,302,311]","[595000,1037000,965000,844000,1136000,964000,772000,655000,845000,897000]",415,8710000
17,103,10,"[208,341,301,319,370,357,367,298,335,373]","[605000,952000,834000,872000,1024000,997000,1030000,790000,952000,1116000]",373,9172000
18,1,10,"[365,255,391,377,383,334,378,345,348,325]","[1028000,756000,1101000,1124000,1017000,928000,1113000,984000,957000,924000]",391,9932000
18,2,10,"[334,399,411,397,366,313,348,356,187,398]","[992000,1107000,1185000,1184000,990000,844000,966000,998000,523000,1091000]",411,9880000
18,3,10,"[366,256,389,344,385,363,379,349,340,331]","[1028000,761000,1103000,1024000,1017000,1024000,1113000,986000,947000,945000]",389,9948000
18,4,10,"[341,301,418,419,428,293,389,373,228,260]","[969000,845000,1235000,1195000,1262000,787000,1115000,1012000,606000,702000]",428,9728000
18,5,10,"[365,255,391,377,363,320,392,375,352,326]","[1033000,759000,1103000,1127000,955000,896000,1146000,1052000,958000,932000]",392,9961000
18,6,10,"[371,283,360,397,422,268,410,382,278,333]","[1047000,832000,995000,1190000,1130000,718000,1178000,1085000,757000,959000]",422,9891000
18,7,10,"[355,247,410,416,438,315,401,366,234,288]","[975000,697000,1204000,1204000,1301000,858000,1116000,1028000,651000,806000]",438,9840000
18,8,10,"[336,406,414,394,367,312,337,355,189,409]","[983000,1130000,1185000,1169000,992000,843000,947000,992000,536000,1132000]",414,9909000
18,9,10,"[365,255,389,379,386,367,342,350,353,326]","[1033000,759000,1103000,1129000,1016000,1044000,995000,1000000,958000,932000]",389,9969000
18,10,10,"[338,317,389,422,388,370,337,371,222,335]","[980000,888000,1159000,1229000,1163000,1034000,930000,1036000,615000,915000]",422,9949000
18,11,10,"[357,292,413,418,406,295,429,354,234,288]","[985000,805000,1203000,1193000,1212000,824000,1228000,1014000,667000,810000]",429,9941000
18,12,10,"[390,255,388,377,371,326,393,348,351,326]","[1104000,759000,1101000,1127000,969000,908000,1139000,996000,954000,932000]",393,9989000
18,13,10,"[367,255,394,384,405,326,353,346,349,323]","[1037000,759000,1112000,1151000,1088000,906000,1056000,985000,966000,926000]",405,9986000
18,14,10,"[365,255,389,382,393,323,397,352,355,328]","[1033000,759000,1103000,1142000,1031000,896000,1162000,998000,963000,945000]",397,10032000
18,15,10,"[367,256,392,400,378,316,384,344,339,329]","[1040000,754000,1099000,1187000,1040000,880000,1126000,976000,948000,948000]",400,9998000
18,16,10,"[357,285,413,430,406,295,429,354,235,288]","[985000,795000,1203000,1205000,1212000,824000,1225000,1014000,669000,810000]",430,9942000
18,17,10,"[369,292,393,343,383,364,378,351,342,331]","[1030000,843000,1103000,1019000,1017000,1027000,1113000,999000,947000,945000]",393,10043000
18,18,10,"[338,317,389,422,388,370,314,403,221,335]","[980000,888000,1162000,1229000,1163000,1034000,864000,1118000,610000,915000]",422,9963000
18,19,10,"[339,301,415,426,424,295,380,367,298,270]","[959000,845000,1238000,1211000,1262000,791000,1096000,1004000,824000,744000]",426,9974000
18,20,10,"[334,331,406,419,401,376,348,374,184,338]","[977000,916000,1199000,1195000,1198000,1056000,982000,1042000,519000,924000]",419,10008000
18,21,10,"[334,319,394,402,418,351,392,375,218,343]","[962000,898000,1146000,1201000,1210000,983000,1092000,1029000,597000,937000]",418,10055000
18,22,10,"[339,433,392,379,417,362,394,364,307,279]","[969000,1202000,1198000,1130000,1130000,1017000,1145000,1003000,838000,777000]",433,10409000
18,23,10,"[368,225,423,396,412,325,398,353,347,319]","[1034000,676000,1194000,1152000,1115000,916000,1152000,996000,959000,919000]",423,10113000
18,24,10,"[333,401,415,394,349,351,396,374,268,391]","[977000,1102000,1197000,1158000,950000,987000,1107000,1060000,758000,1092000]",415,10388000
18,25,10,"[367,359,415,422,396,397,384,361,275,326]","[1034000,1016000,1186000,1197000,1111000,1112000,1074000,1051000,764000,964000]",422,10509000
18,26,10,"[375,379,431,386,329,366,414,356,287,334]","[1070000,1061000,1214000,1093000,880000,1010000,1236000,1012000,792000,973000]",431,10341000
18,27,10,"[455,395,407,423,369,380,390,356,271,323]","[1263000,1052000,1197000,1214000,1053000,1057000,1081000,1042000,765000,933000]",455,10657000
18,28,10,"[340,330,406,476,419,354,387,358,205,353]","[1000000,915000,1199000,1347000,1213000,993000,1080000,1034000,580000,972000]",476,10333000
18,29,10,"[429,291,409,421,403,300,422,363,233,326]","[1287000,807000,1204000,1197000,1202000,852000,1200000,1033000,667000,931000]",429,10380000
18,30,10,"[421,379,388,378,415,297,443,364,276,323]","[1158000,1076000,1084000,1078000,1241000,840000,1312000,1032000,756000,937000]",443,10514000
18,31,10,"[362,325,427,395,358,326,408,368,281,331]","[1024000,924000,1217000,1150000,987000,888000,1195000,1036000,779000,969000]",427,10169000
18,32,10,"[394,316,389,423,389,340,429,371,225,336]","[1082000,883000,1154000,1229000,1165000,947000,1212000,1041000,613000,912000]",429,10238000
18,33,10,"[327,319,390,441,336,364,385,378,269,328]","[945000,895000,1154000,1313000,921000,1018000,1072000,1066000,754000,937000]",441,10075000
18,34,10,"[356,250,420,413,413,352,363,376,223,344]","[985000,699000,1226000,1189000,1245000,1007000,1036000,1042000,609000,976000]",420,10014000
18,35,10,"[333,321,393,462,360,448,335,380,226,337]","[963000,898000,1167000,1287000,989000,1208000,928000,1064000,622000,919000]",462,10045000
18,36,10,"[364,256,393,400,378,356,353,346,341,328]","[1028000,749000,1105000,1187000,1032000,976000,1060000,980000,951000,946000]",400,10014000
18,37,10,"[476,303,450,416,425,336,357,408,210,368]","[1309000,845000,1316000,1189000,1268000,904000,1019000,1155000,570000,1047000]",476,10622000
18,38,10,"[365,255,389,378,386,339,384,349,352,328]","[1032000,759000,1103000,1127000,1011000,964000,1105000,995000,959000,930000]",389,9985000
18,39,10,"[369,309,424,392,334,324,417,352,288,336]","[1052000,893000,1208000,1155000,890000,916000,1240000,1004000,800000,980000]",424,10138000
18,40,10,"[336,306,409,459,416,320,384,398,296,281]","[963000,860000,1216000,1299000,1223000,856000,1098000,1072000,826000,748000]",459,10161000
18,41,10,"[339,289,408,434,415,294,428,354,235,288]","[924000,799000,1192000,1205000,1206000,824000,1228000,1014000,669000,816000]",434,9877000
18,42,10,"[356,293,412,419,405,294,424,361,219,291]","[985000,807000,1201000,1195000,1212000,824000,1204000,1025000,600000,780000]",424,9833000
18,43,10,"[334,305,415,427,419,319,409,363,278,316]","[956000,845000,1212000,1185000,1222000,860000,1212000,1035000,780000,893000]",427,10200000
18,44,10,"[367,289,391,408,378,315,383,346,341,331]","[1036000,823000,1099000,1203000,1042000,884000,1126000,989000,952000,952000]",408,10106000
18,45,10,"[364,306,435,391,368,315,407,354,285,336]","[1037000,890000,1236000,1157000,1006000,900000,1185000,1004000,769000,968000]",435,10152000
18,46,10,"[363,323,428,395,358,337,407,365,280,331]","[1026000,920000,1219000,1150000,989000,926000,1199000,1017000,779000,961000]",428,10186000
18,47,10,"[335,398,410,393,365,310,413,356,195,433]","[987000,1102000,1183000,1156000,984000,839000,1249000,999000,548000,1184000]",433,10231000
18,48,10,"[331,301,413,419,422,302,398,381,185,330]","[972000,845000,1228000,1197000,1262000,803000,1180000,1092000,544000,906000]",422,10029000
18,49,10,"[361,313,410,435,407,295,424,353,234,343]","[1018000,899000,1200000,1212000,1220000,820000,1206000,1012000,659000,1012000]",435,10258000
18,50,10,"[338,317,419,422,388,370,313,403,221,335]","[980000,888000,1219000,1229000,1163000,1034000,864000,1118000,610000,915000]",422,10020000
18,51,10,"[349,380,451,399,436,319,417,366,233,290]","[959000,1105000,1260000,1154000,1292000,857000,1138000,1025000,655000,814000]",451,10259000
18,52,10,"[387,307,431,397,370,367,382,354,275,395]","[1092000,878000,1234000,1164000,1007000,1033000,1080000,1013000,765000,1130000]",431,10396000
18,53,10,"[386,435,397,390,403,434,370,400,213,337]","[1099000,1206000,1142000,1151000,1216000,1203000,1034000,1109000,584000,929000]",435,10673000
18,54,10,"[344,332,406,476,411,358,343,377,182,331]","[1002000,912000,1205000,1352000,1198000,975000,962000,1043000,526000,906000]",476,10081000
18,55,10,"[363,323,427,395,358,324,408,368,277,331]","[1026000,920000,1217000,1150000,987000,883000,1195000,1034000,771000,969000]",427,10152000
18,56,10,"[475,380,427,399,357,323,408,393,225,284]","[1379000,1084000,1214000,1158000,985000,886000,1183000,1124000,643000,802000]",475,10458000
18,57,10,"[334,319,400,419,401,371,312,403,220,337]","[962000,887000,1205000,1201000,1198000,1036000,863000,1118000,605000,930000]",419,10005000
18,58,10,"[383,383,406,399,413,355,384,360,297,275]","[1076000,1123000,1199000,1166000,1164000,969000,1102000,989000,831000,769000]",413,10388000
18,59,10,"[352,287,460,391,421,349,430,347,231,290]","[962000,806000,1307000,1064000,1250000,967000,1226000,994000,646000,812000]",460,10034000
18,60,10,"[332,246,414,424,428,318,399,359,184,437]","[973000,697000,1221000,1207000,1285000,864000,1102000,1013000,522000,1184000]",437,10068000
18,61,10,"[380,433,464,397,366,358,382,350,211,403]","[1090000,1191000,1291000,1166000,1002000,999000,1064000,997000,580000,1107000]",464,10487000
18,62,10,"[378,393,429,401,339,354,388,377,210,404]","[1088000,1081000,1228000,1177000,924000,1002000,1072000,1070000,575000,1117000]",429,10334000
18,63,10,"[399,323,466,398,340,358,381,383,278,319]","[1153000,942000,1319000,1160000,919000,993000,1066000,1077000,778000,886000]",466,10293000
18,64,10,"[367,287,407,432,402,301,426,354,233,344]","[1019000,804000,1196000,1207000,1200000,854000,1220000,1010000,667000,976000]",432,10153000
18,65,10,"[404,248,414,421,433,378,363,379,181,344]","[1138000,699000,1208000,1197000,1291000,1035000,1038000,1046000,513000,970000]",433,10135000
18,66,10,"[334,332,408,420,402,303,414,353,183,348]","[980000,916000,1204000,1193000,1198000,862000,1184000,1010000,528000,968000]",420,10043000
18,67,10,"[339,306,415,434,424,295,380,363,302,270]","[959000,877000,1238000,1211000,1262000,791000,1096000,994000,832000,746000]",434,10006000
18,68,10,"[324,307,417,428,402,297,422,353,234,335]","[884000,875000,1200000,1203000,1203000,832000,1201000,1012000,668000,975000]",428,10053000
18,69,10,"[366,324,427,395,361,325,408,368,277,433]","[1044000,920000,1220000,1150000,998000,883000,1195000,1034000,773000,1202000]",433,10419000
18,70,10,"[363,256,386,385,347,348,379,347,351,322]","[1026000,752000,1104000,1140000,933000,972000,1114000,987000,972000,927000]",386,9927000
18,71,10,"[306,262,392,380,397,361,379,351,346,329]","[873000,777000,1111000,1138000,1049000,1015000,1115000,996000,962000,949000]",397,9985000
18,72,10,"[333,403,413,399,384,310,350,353,189,379]","[982000,1127000,1185000,1175000,1056000,839000,976000,994000,537000,1040000]",413,9911000
18,73,10,"[358,269,392,345,388,365,382,350,345,332]","[1022000,757000,1131000,1023000,1032000,1026000,1121000,988000,960000,940000]",392,10000000
18,74,10,"[341,301,407,417,425,298,382,357,216,264]","[969000,845000,1198000,1195000,1268000,797000,1101000,985000,590000,728000]",425,9676000
18,75,10,"[365,256,388,374,360,329,389,376,353,323]","[1033000,759000,1101000,1115000,953000,920000,1131000,1061000,959000,926000]",389,9958000
18,76,10,"[371,285,358,403,420,268,366,419,278,335]","[1047000,832000,995000,1208000,1126000,718000,1054000,1207000,757000,963000]",420,9907000
18,77,10,"[355,247,413,414,431,315,402,366,224,287]","[970000,697000,1210000,1194000,1297000,858000,1120000,1032000,623000,808000]",431,9809000
18,78,10,"[335,404,414,394,367,320,335,353,187,409]","[969000,1117000,1185000,1169000,1001000,861000,940000,996000,534000,1118000]",414,9890000
18,79,10,"[366,257,388,374,368,364,345,345,351,322]","[1032000,766000,1101000,1118000,997000,1018000,1001000,987000,965000,931000]",388,9916000
18,80,10,"[338,317,392,424,388,367,340,371,222,335]","[980000,888000,1168000,1239000,1163000,1025000,932000,1036000,615000,915000]",424,9961000
18,81,10,"[359,292,409,414,413,295,372,406,234,288]","[986000,805000,1201000,1191000,1231000,824000,1060000,1160000,667000,810000]",414,9935000
18,82,10,"[390,256,389,378,371,324,395,356,359,331]","[1104000,759000,1101000,1127000,971000,907000,1155000,1006000,967000,948000]",395,10045000
18,83,10,"[367,263,392,376,405,325,357,348,343,327]","[1029000,777000,1105000,1127000,1088000,906000,1067000,996000,959000,963000]",405,10017000
18,84,10,"[365,255,390,380,395,325,399,352,355,328]","[1033000,759000,1108000,1144000,1036000,900000,1168000,998000,963000,945000]",399,10054000
18,85,10,"[367,258,396,399,377,315,383,348,345,327]","[1034000,754000,1121000,1185000,1036000,873000,1126000,990000,972000,944000]",399,10035000
18,86,10,"[362,285,413,430,406,286,429,349,235,291]","[1004000,795000,1203000,1205000,1212000,814000,1225000,998000,669000,815000]",430,9940000
18,87,10,"[369,292,394,342,385,373,378,350,347,328]","[1030000,843000,1108000,1014000,1019000,1041000,1113000,1007000,972000,939000]",394,10086000
18,88,10,"[334,314,390,420,391,350,321,401,218,361]","[947000,881000,1157000,1239000,1169000,973000,881000,1114000,595000,998000]",420,9954000
18,89,10,"[339,277,415,424,424,295,384,363,298,272]","[959000,793000,1238000,1209000,1262000,791000,1100000,996000,824000,746000]",424,9918000
18,90,10,"[334,331,408,422,401,397,351,375,184,339]","[977000,924000,1201000,1205000,1198000,1097000,986000,1044000,524000,932000]",422,10088000
19,1,10,"[244,312,253,390,380,365,373,371,334,350]","[698000,882000,680000,1102000,1085000,1042000,1061000,1089000,944000,973000]",390,9556000
19,2,10,"[273,391,251,390,380,367,393,367,261,349]","[774000,1056000,681000,1084000,1084000,1058000,1141000,1071000,765000,971000]",393,9685000
19,3,10,"[206,369,252,386,386,396,397,377,257,381]","[592000,993000,680000,1078000,1098000,1108000,1160000,1081000,739000,1108000]",397,9637000
19,4,10,"[262,378,258,377,375,340,428,393,256,357]","[753000,1007000,687000,1063000,1069000,935000,1185000,1155000,743000,988000]",428,9585000
19,5,10,"[232,368,322,368,372,388,391,375,314,354]","[689000,1012000,858000,1032000,1048000,1137000,1138000,1098000,883000,973000]",391,9868000
19,6,10,"[254,385,254,393,384,365,374,367,339,349]","[722000,1051000,686000,1101000,1088000,1045000,1063000,1080000,949000,971000]",393,9756000
19,7,10,"[237,389,259,394,381,364,377,366,335,349]","[679000,1043000,714000,1104000,1078000,1040000,1068000,1071000,941000,971000]",394,9709000
19,8,10,"[251,374,251,383,403,398,342,390,322,355]","[704000,1012000,682000,1084000,1119000,1114000,977000,1140000,930000,980000]",403,9742000
19,9,10,"[232,399,252,388,387,370,374,374,332,368]","[667000,1114000,693000,1082000,1097000,1055000,1066000,1090000,939000,1000000]",399,9803000
19,10,10,"[237,351,317,402,370,372,365,377,328,361]","[680000,980000,846000,1100000,1049000,1068000,1041000,1095000,921000,990000]",402,9770000
19,11,10,"[305,289,261,375,382,393,389,373,360,375]","[897000,782000,716000,1048000,1086000,1110000,1138000,1083000,993000,1031000]",393,9884000
19,12,10,"[251,319,251,379,372,333,434,394,336,384]","[703000,884000,676000,1066000,1060000,943000,1213000,1160000,951000,1062000]",434,9718000
19,13,10,"[356,229,349,380,370,407,390,374,289,312]","[1010000,652000,935000,1033000,1070000,1152000,1136000,1084000,818000,848000]",407,9738000
19,14,10,"[226,377,271,413,371,376,363,375,326,354]","[659000,1039000,756000,1134000,1043000,1079000,1038000,1094000,915000,977000]",413,9734000
19,15,10,"[283,387,303,398,381,398,394,376,257,385]","[821000,987000,820000,1091000,1095000,1112000,1151000,1090000,729000,1128000]",398,10024000
19,16,10,"[256,400,248,382,388,397,393,375,263,394]","[706000,1094000,670000,1073000,1094000,1113000,1136000,1083000,757000,1127000]",400,9853000
19,17,10,"[285,392,297,397,396,395,396,380,257,389]","[825000,999000,808000,1089000,1122000,1106000,1153000,1096000,729000,1119000]",397,10046000
19,18,10,"[301,307,310,382,381,395,395,379,352,373]","[885000,814000,857000,1058000,1101000,1114000,1153000,1080000,968000,1044000]",395,10074000
19,19,10,"[263,399,311,399,391,389,386,329,334,356]","[763000,1066000,847000,1098000,1109000,1069000,1106000,950000,931000,981000]",399,9920000
19,20,10,"[290,383,328,382,372,406,391,375,288,259]","[797000,1028000,885000,1022000,1070000,1156000,1142000,1101000,816000,750000]",406,9767000
19,21,10,"[308,302,306,388,383,397,399,371,347,316]","[901000,805000,840000,1076000,1114000,1118000,1160000,1063000,949000,869000]",399,9895000
19,22,10,"[510,396,254,379,387,365,388,391,336,450]","[1615000,1108000,693000,1068000,1071000,1051000,1098000,1116000,943000,1449000]",510,11212000
19,23,10,"[255,400,248,378,378,394,393,375,263,394]","[706000,1094000,670000,1065000,1075000,1109000,1136000,1083000,757000,1127000]",400,9822000
19,24,10,"[226,367,325,391,384,409,394,371,261,357]","[641000,1010000,875000,1084000,1100000,1161000,1151000,1081000,733000,997000]",409,9833000
19,25,10,"[212,346,341,382,379,401,394,375,255,382]","[595000,966000,952000,1072000,1085000,1129000,1147000,1096000,729000,1110000]",401,9881000
19,26,10,"[235,392,251,388,385,365,374,367,333,349]","[672000,1048000,691000,1088000,1076000,1045000,1063000,1073000,941000,971000]",392,9668000
19,27,10,"[291,382,328,387,371,404,387,384,255,260]","[801000,1033000,885000,1032000,1065000,1152000,1134000,1119000,728000,750000]",404,9699000
19,28,10,"[242,388,362,441,373,394,370,380,329,300]","[718000,1041000,999000,1155000,1060000,1102000,1042000,1091000,925000,828000]",441,9961000
19,29,10,"[306,314,301,372,376,373,389,375,358,378]","[900000,826000,824000,1035000,1062000,1082000,1143000,1074000,980000,1043000]",389,9969000
19,30,10,"[283,385,302,399,398,396,398,373,257,391]","[821000,987000,818000,1091000,1141000,1116000,1145000,1087000,729000,1129000]",399,10064000
19,31,10,"[299,306,310,402,382,396,389,372,356,392]","[880000,813000,847000,1101000,1088000,1119000,1135000,1063000,985000,1111000]",402,10142000
19,32,10,"[278,285,262,369,382,394,392,367,254,389]","[800000,777000,706000,1028000,1089000,1108000,1136000,1079000,723000,1132000]",394,9578000
19,33,10,"[303,323,300,384,380,400,393,378,354,352]","[891000,898000,822000,1050000,1099000,1131000,1142000,1078000,978000,990000]",400,10079000
19,34,10,"[328,395,297,398,376,363,377,377,305,406]","[912000,1011000,811000,1092000,1058000,1038000,1108000,1102000,835000,1168000]",406,10135000
19,35,10,"[246,375,296,407,369,374,393,421,329,346]","[691000,1016000,811000,1110000,1041000,1064000,1144000,1202000,889000,935000]",421,9903000
19,36,10,"[250,371,308,386,385,364,370,370,331,306]","[709000,1002000,852000,1089000,1089000,1040000,1055000,1090000,929000,833000]",386,9688000
19,37,10,"[232,374,322,376,369,371,392,376,315,355]","[689000,1033000,858000,1037000,1030000,1075000,1140000,1100000,885000,978000]",392,9825000
19,38,10,"[243,373,295,405,365,396,375,418,337,346]","[702000,1017000,806000,1103000,1033000,1115000,1071000,1202000,926000,939000]",418,9914000
19,39,10,"[238,309,256,379,383,365,390,370,354,350]","[690000,873000,701000,1070000,1083000,1042000,1136000,1079000,973000,973000]",390,9620000
19,40,10,"[235,374,299,402,365,395,379,374,329,357]","[670000,1002000,814000,1099000,1033000,1102000,1075000,1102000,925000,984000]",402,9806000
19,41,10,"[229,383,325,403,366,373,367,379,331,368]","[656000,1060000,876000,1106000,1041000,1071000,1052000,1099000,927000,1038000]",403,9926000
19,42,10,"[323,396,293,386,382,364,374,376,335,399]","[902000,1037000,769000,1082000,1086000,1040000,1059000,1108000,940000,1142000]",399,10165000
19,43,10,"[251,381,256,389,379,365,389,367,324,349]","[700000,1031000,687000,1082000,1079000,1045000,1136000,1080000,915000,971000]",389,9726000
19,44,10,"[552,452,259,389,388,399,397,385,285,453]","[1619000,1333000,698000,1073000,1100000,1128000,1157000,1100000,804000,1473000]",552,11485000
19,45,10,"[237,345,316,370,373,392,394,377,314,363]","[683000,969000,846000,1026000,1051000,1147000,1142000,1095000,883000,991000]",394,9833000
19,46,10,"[287,383,279,391,381,378,377,366,358,368]","[803000,1043000,738000,1106000,1072000,1092000,1071000,1065000,964000,1036000]",391,9990000
19,47,10,"[290,381,328,402,372,404,389,375,315,259]","[797000,1028000,885000,1059000,1070000,1152000,1138000,1101000,884000,750000]",404,9864000
19,48,10,"[324,374,305,383,373,404,389,370,287,263]","[904000,1006000,820000,1039000,1065000,1150000,1136000,1079000,807000,754000]",404,9760000
19,49,10,"[325,395,279,400,375,368,365,374,304,403]","[907000,1008000,781000,1104000,1067000,1063000,1045000,1095000,833000,1161000]",403,10064000
19,50,10,"[298,400,274,383,371,406,389,383,288,334]","[812000,1070000,723000,1024000,1065000,1156000,1138000,1102000,816000,948000]",406,9854000
19,51,10,"[229,383,309,386,374,370,389,382,338,357]","[653000,1063000,813000,1096000,1066000,1067000,1094000,1111000,939000,982000]",389,9884000
19,52,10,"[283,391,302,402,396,396,397,373,257,388]","[821000,1008000,818000,1099000,1131000,1113000,1145000,1087000,729000,1132000]",402,10083000
19,53,10,"[312,292,205,379,380,371,379,371,332,354]","[945000,790000,575000,1070000,1087000,1063000,1081000,1080000,930000,990000]",380,9611000
19,54,10,"[234,358,315,409,373,371,364,373,328,354]","[668000,951000,852000,1136000,1049000,1051000,1033000,1089000,923000,977000]",409,9729000
19,55,10,"[360,236,443,387,369,401,369,423,349,337]","[1030000,670000,1180000,1071000,1041000,1118000,1044000,1214000,973000,902000]",443,10243000
19,56,10,"[232,396,252,389,387,370,374,374,332,368]","[667000,1105000,693000,1084000,1097000,1055000,1066000,1090000,939000,1000000]",396,9796000
19,57,10,"[217,380,308,372,379,406,393,375,291,283]","[662000,1026000,847000,1042000,1065000,1154000,1145000,1094000,820000,809000]",406,9664000
19,58,10,"[237,351,316,402,373,372,379,379,328,361]","[680000,980000,846000,1100000,1051000,1068000,1112000,1099000,921000,990000]",402,9847000
19,59,10,"[246,375,252,386,371,378,377,411,337,360]","[707000,1014000,682000,1088000,1059000,1043000,1076000,1169000,946000,994000]",411,9778000
19,60,10,"[232,394,252,383,384,363,385,372,256,362]","[663000,1103000,693000,1074000,1092000,1049000,1133000,1083000,743000,990000]",394,9623000
19,61,10,"[204,372,256,383,388,396,389,374,256,383]","[582000,997000,693000,1073000,1083000,1113000,1130000,1081000,739000,1108000]",396,9599000
19,62,10,"[285,358,258,385,396,396,389,383,266,387]","[807000,944000,685000,1071000,1100000,1110000,1132000,1089000,764000,1115000]",396,9817000
19,63,10,"[360,229,359,379,374,411,394,371,292,312]","[1029000,629000,964000,1034000,1063000,1169000,1146000,1075000,822000,848000]",411,9779000
19,64,10,"[325,395,297,397,373,363,367,376,305,406]","[907000,1011000,811000,1090000,1056000,1038000,1052000,1096000,835000,1168000]",406,10064000
19,65,10,"[240,374,259,390,390,404,391,368,320,356]","[670000,1003000,717000,1088000,1084000,1135000,1138000,1073000,933000,982000]",404,9823000
19,66,10,"[262,374,258,386,391,407,392,372,312,355]","[744000,1013000,692000,1081000,1108000,1137000,1144000,1079000,897000,980000]",407,9875000
19,67,10,"[251,378,256,392,381,366,380,368,324,349]","[700000,1016000,687000,1092000,1085000,1044000,1079000,1082000,915000,971000]",392,9671000
19,68,10,"[301,314,313,389,387,400,393,375,354,382]","[885000,829000,863000,1078000,1096000,1124000,1141000,1069000,975000,1085000]",400,10145000
19,69,10,"[397,404,254,380,391,409,395,380,466,436]","[1082000,1101000,692000,1063000,1103000,1132000,1160000,1100000,1304000,1388000]",466,11125000
19,70,10,"[303,301,300,406,375,394,388,372,252,463]","[891000,801000,822000,1100000,1084000,1114000,1136000,1075000,723000,1336000]",463,10082000
19,71,10,"[229,349,254,381,381,369,382,378,328,354]","[665000,970000,691000,1070000,1072000,1055000,1094000,1109000,923000,976000]",382,9625000
19,72,10,"[256,436,248,382,388,397,393,375,263,394]","[706000,1186000,670000,1073000,1094000,1113000,1136000,1083000,757000,1127000]",436,9945000
19,73,10,"[322,312,313,379,391,414,378,415,328,362]","[955000,855000,864000,1045000,1108000,1191000,1103000,1198000,923000,1012000]",415,10254000
19,74,10,"[265,369,252,384,384,397,398,377,256,381]","[812000,993000,680000,1076000,1091000,1108000,1162000,1081000,739000,1108000]",398,9850000
19,75,10,"[342,389,300,400,406,397,379,373,331,420]","[962000,995000,817000,1093000,1138000,1108000,1067000,1087000,925000,1212000]",420,10404000
19,76,10,"[505,434,250,379,381,366,389,366,252,469]","[1628000,1192000,681000,1066000,1088000,1056000,1138000,1071000,735000,1391000]",505,11046000
19,77,10,"[299,370,251,388,388,405,388,407,378,352]","[809000,995000,682000,1081000,1093000,1125000,1101000,1159000,1062000,978000]",407,10085000
19,78,10,"[200,368,319,395,379,406,392,376,258,386]","[557000,1012000,850000,1096000,1080000,1163000,1150000,1081000,725000,1133000]",406,9847000
19,79,10,"[269,313,310,384,381,395,392,379,391,380]","[758000,826000,857000,1062000,1101000,1114000,1138000,1080000,1088000,1078000]",395,10102000
19,80,10,"[240,313,257,381,380,363,381,375,301,402]","[650000,873000,680000,1072000,1066000,1038000,1088000,1095000,830000,1142000]",402,9534000
19,81,10,"[217,388,299,405,375,408,393,368,314,284]","[662000,1054000,814000,1119000,1077000,1152000,1143000,1071000,878000,814000]",408,9784000
19,82,10,"[251,390,249,386,382,364,370,369,339,433]","[701000,1054000,678000,1096000,1083000,1040000,1055000,1085000,949000,1237000]",433,9978000
19,83,10,"[328,302,316,399,376,366,377,373,306,400]","[917000,799000,846000,1105000,1063000,1040000,1111000,1091000,833000,1160000]",400,9965000
19,84,10,"[206,374,344,380,389,397,400,375,252,382]","[570000,1045000,924000,1069000,1105000,1110000,1160000,1086000,719000,1110000]",400,9898000
19,85,10,"[310,401,254,387,384,404,391,371,381,352]","[831000,1096000,690000,1075000,1087000,1129000,1134000,1079000,1071000,976000]",404,10168000
19,86,10,"[301,307,310,383,384,400,384,408,352,372]","[885000,814000,857000,1060000,1110000,1122000,1086000,1191000,968000,1042000]",408,10135000
19,87,10,"[290,381,330,404,404,400,387,371,294,262]","[797000,1028000,885000,1078000,1129000,1120000,1130000,1082000,840000,758000]",404,9847000
19,88,10,"[305,293,259,392,385,396,392,370,375,379]","[900000,799000,708000,1091000,1081000,1114000,1140000,1070000,1034000,1046000]",396,9983000
19,89,10,"[310,307,323,373,380,393,388,370,357,372]","[930000,813000,868000,1042000,1072000,1108000,1136000,1075000,976000,1083000]",393,10103000
19,90,10,"[285,390,295,401,396,395,396,382,257,389]","[825000,1008000,804000,1097000,1122000,1106000,1153000,1100000,729000,1119000]",401,10063000
19,91,10,"[284,271,327,396,395,397,400,378,253,386]","[823000,737000,864000,1089000,1120000,1108000,1148000,1102000,719000,1114000]",400,9824000
19,92,10,"[286,382,326,387,370,406,387,410,336,279]","[796000,1025000,880000,1061000,1050000,1163000,1133000,1163000,939000,774000]",410,9984000
19,93,10,"[248,311,257,388,376,365,372,371,304,349]","[705000,873000,688000,1097000,1068000,1038000,1059000,1086000,873000,971000]",388,9458000
19,94,10,"[270,387,251,383,385,363,392,368,261,351]","[762000,1049000,681000,1074000,1095000,1044000,1136000,1073000,765000,971000]",392,9650000
19,95,10,"[205,383,253,336,385,396,390,409,257,383]","[587000,1046000,678000,930000,1096000,1108000,1134000,1204000,739000,1108000]",409,9630000
19,96,10,"[247,384,253,373,386,342,425,394,258,362]","[705000,1043000,681000,1068000,1105000,948000,1186000,1160000,743000,1004000]",425,9643000
19,97,10,"[235,374,352,348,373,390,392,379,315,355]","[692000,1024000,942000,968000,1063000,1138000,1140000,1091000,885000,986000]",392,9929000
19,98,10,"[251,377,248,385,383,366,371,368,339,348]","[703000,1024000,676000,1091000,1082000,1040000,1060000,1080000,951000,972000]",385,9679000
19,99,10,"[237,390,248,386,382,364,377,401,345,349]","[679000,1049000,676000,1087000,1073000,1040000,1068000,1133000,969000,971000]",401,9745000
19,100,10,"[248,374,240,383,403,398,342,390,322,355]","[696000,1012000,660000,1084000,1119000,1114000,977000,1140000,915000,980000]",403,9697000
19,101,10,"[232,399,252,388,387,370,374,374,335,368]","[667000,1114000,693000,1082000,1094000,1055000,1066000,1090000,948000,1000000]",399,9809000
19,102,10,"[237,355,317,321,420,373,366,378,325,360]","[680000,1004000,846000,900000,1198000,1066000,1046000,1094000,917000,991000]",420,9742000
19,103,10,"[304,292,264,375,382,395,391,367,379,375]","[899000,798000,732000,1049000,1094000,1113000,1142000,1070000,1029000,1047000]",395,9973000
19,104,10,"[249,319,242,382,373,332,435,394,326,381]","[707000,884000,660000,1084000,1062000,941000,1224000,1160000,919000,1047000]",435,9688000
19,105,10,"[365,251,349,361,367,407,394,377,289,319]","[1043000,697000,935000,976000,1055000,1152000,1154000,1088000,818000,867000]",407,9785000
19,106,10,"[228,377,271,416,370,378,366,368,326,353]","[669000,1032000,752000,1152000,1045000,1074000,1045000,1075000,915000,974000]",416,9733000
19,107,10,"[287,386,300,397,415,399,344,376,255,386]","[838000,987000,814000,1089000,1178000,1114000,1009000,1110000,725000,1133000]",415,9997000
19,108,10,"[257,401,251,382,388,399,397,365,262,380]","[719000,1087000,672000,1073000,1094000,1120000,1142000,1079000,751000,1108000]",401,9845000
19,109,10,"[289,396,300,400,400,316,389,374,257,408]","[841000,1038000,814000,1104000,1128000,923000,1137000,1102000,735000,1194000]",408,10016000
19,110,10,"[303,300,304,394,383,395,393,375,344,362]","[894000,801000,833000,1076000,1103000,1114000,1142000,1078000,952000,1003000]",395,9996000
19,111,10,"[269,402,311,407,395,398,390,331,332,352]","[777000,1066000,847000,1110000,1117000,1087000,1107000,951000,931000,978000]",407,9971000
19,112,10,"[290,383,328,382,374,418,391,377,288,259]","[797000,1028000,885000,1022000,1068000,1170000,1142000,1101000,816000,750000]",418,9779000
20,1,10,"[292,315,289,356,363,360,359,336,340,264]","[833000,826000,833000,1010000,1065000,1017000,995000,910000,926000,777000]",363,9192000
20,2,10,"[243,239,316,335,360,366,345,359,376,259]","[672000,669000,872000,949000,1053000,1029000,978000,1010000,1077000,746000]",376,9055000
20,3,10,"[265,318,287,359,363,365,317,313,372,254]","[736000,882000,812000,1019000,1065000,1027000,864000,878000,1065000,751000]",372,9099000
20,4,10,"[250,231,293,350,345,391,355,356,370,253]","[690000,644000,846000,992000,1020000,1044000,998000,1002000,1067000,736000]",391,9039000
20,5,10,"[261,268,299,335,369,368,328,374,364,210]","[733000,752000,878000,942000,1081000,1037000,931000,1057000,1054000,596000]",374,9061000
20,6,10,"[295,311,294,353,367,366,356,330,360,253]","[836000,814000,845000,1009000,1071000,1026000,990000,898000,964000,719000]",367,9172000
20,7,10,"[266,272,291,322,369,403,374,260,223,220]","[779000,754000,855000,932000,1068000,1141000,1079000,743000,607000,673000]",403,8631000
20,8,10,"[267,283,289,320,377,404,372,292,223,219]","[796000,777000,848000,937000,1079000,1137000,1083000,805000,615000,690000]",404,8767000
20,9,10,"[272,325,284,358,361,369,323,372,365,206]","[769000,887000,811000,1017000,1067000,1035000,889000,1045000,1053000,595000]",372,9168000
20,10,10,"[226,278,278,392,397,365,354,340,354,211]","[644000,764000,783000,1104000,1145000,1054000,1052000,938000,946000,610000]",397,9040000
20,11,10,"[244,239,320,375,364,367,347,310,377,258]","[674000,669000,881000,1077000,1073000,1029000,975000,870000,1078000,744000]",377,9070000
20,12,10,"[294,268,275,391,377,399,373,291,313,216]","[830000,737000,796000,1116000,1073000,1127000,1085000,799000,860000,620000]",399,9043000
20,13,10,"[307,231,270,387,393,383,338,339,355,202]","[864000,638000,774000,1091000,1155000,1092000,994000,925000,944000,601000]",393,9078000
20,14,10,"[268,319,289,358,365,366,326,374,361,213]","[742000,893000,823000,1019000,1077000,1025000,907000,1057000,1049000,597000]",374,9189000
20,15,10,"[247,246,317,332,367,419,322,285,364,221]","[680000,680000,886000,936000,1063000,1177000,906000,809000,1040000,641000]",419,8818000
20,16,10,"[262,312,275,349,356,378,319,378,364,203]","[747000,843000,810000,992000,1054000,1052000,877000,1074000,1051000,586000]",378,9086000
20,17,10,"[265,318,287,358,364,377,316,312,377,254]","[736000,882000,812000,1017000,1067000,1063000,864000,873000,1066000,751000]",377,9131000
20,18,10,"[293,303,280,392,380,366,376,291,317,218]","[832000,832000,798000,1118000,1077000,1034000,1100000,798000,866000,624000]",392,9079000
20,19,10,"[267,316,288,359,363,367,325,380,366,211]","[740000,884000,827000,1030000,1077000,1025000,905000,1075000,1053000,592000]",380,9208000
20,20,10,"[253,278,316,353,352,361,357,349,374,256]","[692000,787000,928000,1003000,1036000,1015000,1036000,983000,1081000,746000]",374,9307000
20,21,10,"[309,366,297,348,369,373,338,380,381,269]","[944000,1041000,873000,984000,1100000,1043000,953000,1048000,1027000,892000]",381,9905000
20,22,10,"[323,308,292,355,366,366,370,328,358,253]","[928000,824000,831000,1016000,1071000,1029000,1022000,923000,950000,724000]",370,9318000
20,23,10,"[305,308,244,414,404,363,351,330,333,216]","[922000,856000,701000,1169000,1159000,1044000,1040000,894000,892000,634000]",414,9311000
20,24,10,"[274,304,283,320,375,404,374,326,232,228]","[849000,838000,803000,931000,1075000,1131000,1087000,912000,637000,709000]",404,8972000
20,25,10,"[266,269,295,324,369,403,374,282,223,220]","[779000,748000,866000,936000,1068000,1141000,1083000,798000,607000,673000]",403,8699000
20,26,10,"[335,263,290,323,370,384,386,357,319,235]","[1000000,713000,850000,919000,1083000,1087000,1132000,1053000,895000,675000]",386,9407000
20,27,10,"[269,270,290,336,366,358,343,370,367,207]","[743000,759000,845000,940000,1077000,1004000,971000,1053000,1069000,590000]",370,9051000
20,28,10,"[297,304,279,385,370,425,387,223,280,220]","[836000,845000,780000,1097000,1064000,1218000,1134000,616000,755000,641000]",425,8986000
20,29,10,"[271,278,291,344,376,358,386,372,413,285]","[746000,781000,849000,964000,1083000,1004000,1120000,1040000,1241000,897000]",413,9725000
20,30,10,"[264,273,290,336,366,362,351,371,363,213]","[732000,768000,845000,939000,1077000,1010000,1001000,1058000,1051000,594000]",371,9075000
20,31,10,"[330,330,298,393,393,372,348,410,429,312]","[947000,886000,843000,1118000,1145000,1006000,990000,1147000,1186000,1017000]",429,10285000
20,32,10,"[262,288,275,350,357,375,322,378,364,204]","[747000,783000,810000,994000,1054000,1046000,890000,1080000,1051000,586000]",378,9041000
20,33,10,"[291,326,313,359,340,399,323,368,376,238]","[841000,906000,918000,1021000,1004000,1113000,904000,1029000,1066000,713000]",399,9515000
20,34,10,"[250,324,310,359,341,396,347,374,374,210]","[717000,890000,892000,1021000,1004000,1095000,993000,1042000,1080000,600000]",396,9334000
20,35,10,"[227,300,277,391,401,366,342,346,360,209]","[654000,803000,777000,1115000,1149000,1027000,979000,937000,966000,613000]",401,9020000
20,36,10,"[288,282,280,385,397,365,359,338,352,222]","[788000,777000,792000,1090000,1145000,1054000,1057000,934000,940000,632000]",397,9209000
20,37,10,"[260,295,293,325,373,401,326,378,369,197]","[730000,805000,858000,944000,1075000,1141000,933000,1080000,1062000,548000]",401,9176000
20,38,10,"[266,273,301,276,369,403,374,259,223,220]","[779000,756000,890000,815000,1068000,1141000,1079000,741000,607000,673000]",403,8549000
20,39,10,"[236,225,329,354,360,350,395,354,384,255]","[661000,630000,898000,997000,1039000,991000,1103000,997000,1116000,744000]",395,9176000
20,40,10,"[262,318,275,351,375,365,314,387,408,298]","[747000,855000,810000,996000,1086000,995000,883000,1128000,1208000,915000]",408,9623000
20,41,10,"[261,296,294,323,376,412,323,375,375,191]","[730000,808000,863000,940000,1091000,1177000,898000,1054000,1086000,532000]",412,9179000
20,42,10,"[264,313,275,353,346,449,328,372,364,204]","[757000,851000,820000,1000000,1013000,1245000,914000,1045000,1051000,586000]",449,9282000
20,43,10,"[271,322,289,361,365,376,326,378,376,213]","[748000,899000,823000,1021000,1077000,1061000,907000,1063000,1080000,597000]",378,9276000
20,44,10,"[291,308,292,352,464,452,355,335,355,204]","[822000,816000,840000,1003000,1326000,1276000,1039000,902000,947000,610000]",464,9581000
20,45,10,"[236,228,283,361,346,398,313,290,362,225]","[661000,631000,773000,999000,1016000,1097000,867000,832000,1028000,630000]",398,8534000
20,46,10,"[290,300,246,402,370,425,382,233,298,225]","[829000,829000,729000,1162000,1074000,1222000,1120000,655000,817000,665000]",425,9102000
20,47,10,"[263,306,246,388,413,361,366,399,375,204]","[748000,851000,716000,1101000,1187000,1040000,1058000,1132000,1093000,588000]",413,9514000
20,48,10,"[264,269,285,359,346,448,303,295,358,176]","[734000,747000,849000,1015000,1000000,1246000,842000,833000,1014000,500000]",448,8780000
20,49,10,"[271,320,286,367,366,433,322,375,376,206]","[767000,877000,821000,1031000,1026000,1217000,890000,1050000,1096000,592000]",433,9367000
20,50,10,"[293,309,292,354,364,340,341,366,371,252]","[812000,828000,836000,1011000,1065000,953000,968000,1005000,1006000,766000]",371,9250000
20,51,10,"[245,245,317,332,367,333,389,356,365,229]","[676000,682000,870000,940000,1063000,941000,1073000,1012000,1046000,663000]",389,8966000
20,52,10,"[261,268,308,332,375,428,350,357,289,218]","[773000,739000,907000,949000,1089000,1189000,986000,1023000,868000,678000]",428,9201000
20,53,10,"[268,316,295,358,410,426,376,241,283,208]","[764000,865000,850000,1024000,1183000,1233000,1101000,692000,788000,603000]",426,9103000
20,54,10,"[266,271,298,337,368,364,353,372,365,212]","[747000,767000,866000,959000,1066000,1016000,1009000,1057000,1055000,602000]",372,9144000
20,55,10,"[295,288,289,329,373,425,380,215,291,227]","[826000,777000,844000,928000,1088000,1227000,1100000,591000,797000,642000]",425,8820000
20,56,10,"[670,434,286,361,361,365,319,381,462,349]","[2112000,1215000,827000,1017000,1067000,1025000,868000,1070000,1351000,1083000]",670,11635000
20,57,10,"[239,230,327,379,365,349,367,357,401,330]","[667000,636000,911000,1062000,1049000,986000,1021000,1000000,1171000,1044000]",401,9547000
20,58,10,"[305,308,247,386,405,361,348,330,341,217]","[909000,853000,721000,1092000,1159000,1040000,1035000,903000,923000,639000]",405,9274000
20,59,10,"[281,324,301,389,399,382,327,355,366,209]","[814000,860000,860000,1108000,1176000,1092000,921000,977000,976000,615000]",399,9399000
20,60,10,"[253,265,294,353,339,403,298,319,365,262]","[707000,750000,871000,994000,990000,1116000,839000,897000,1051000,812000]",403,9027000
20,61,10,"[276,304,296,322,372,402,375,296,229,233]","[813000,823000,855000,928000,1074000,1138000,1083000,847000,654000,708000]",402,8923000
20,62,10,"[268,319,289,356,365,366,324,375,361,213]","[742000,890000,823000,1015000,1078000,1025000,900000,1065000,1049000,597000]",375,9184000
20,63,10,"[267,314,289,326,401,365,325,379,364,190]","[740000,877000,826000,928000,1170000,1025000,901000,1079000,1051000,534000]",401,9131000
20,64,10,"[272,274,314,355,342,447,291,301,352,170]","[758000,770000,868000,1007000,996000,1243000,807000,845000,1026000,471000]",447,8791000
20,65,10,"[249,303,282,411,365,386,383,259,297,226]","[731000,840000,807000,1184000,1069000,1097000,1117000,724000,846000,667000]",411,9082000
20,66,10,"[245,398,276,398,379,373,310,391,353,298]","[654000,1097000,784000,1141000,1099000,1041000,853000,1121000,1003000,912000]",398,9705000
20,67,10,"[256,311,308,359,340,397,335,335,335,215]","[722000,841000,888000,1033000,1004000,1097000,933000,954000,934000,623000]",397,9029000
20,68,10,"[292,304,316,387,394,388,333,413,372,205]","[822000,817000,915000,1104000,1147000,1112000,993000,1130000,982000,616000]",413,9638000
20,69,10,"[292,318,312,356,364,366,303,318,346,259]","[827000,841000,900000,1007000,1067000,1025000,866000,876000,946000,758000]",366,9113000
20,70,10,"[246,239,316,335,306,365,346,396,378,258]","[678000,669000,872000,949000,909000,1029000,987000,1132000,1090000,744000]",396,9059000
20,71,10,"[265,317,287,358,364,368,336,311,375,254]","[736000,877000,812000,1011000,1067000,1032000,904000,868000,1065000,751000]",375,9123000
20,72,10,"[252,239,294,352,346,342,353,357,373,254]","[699000,690000,861000,997000,1022000,948000,1006000,1004000,1069000,742000]",373,9038000
20,73,10,"[263,266,293,336,370,433,334,379,307,212]","[732000,742000,858000,944000,1085000,1237000,941000,1062000,883000,606000]",433,9090000
20,74,10,"[295,314,294,355,366,366,361,332,352,254]","[836000,838000,846000,1022000,1071000,1020000,999000,909000,942000,723000]",366,9206000
20,75,10,"[267,267,291,322,371,370,374,260,221,248]","[791000,739000,855000,932000,1072000,1048000,1083000,743000,610000,743000]",374,8616000
20,76,10,"[265,283,289,320,374,371,371,291,262,220]","[790000,777000,848000,937000,1077000,1044000,1081000,799000,732000,689000]",374,8774000
20,77,10,"[272,325,284,358,361,369,323,378,365,206]","[763000,887000,811000,1017000,1067000,1035000,880000,1065000,1053000,595000]",378,9173000
20,78,10,"[225,277,277,340,400,373,352,334,363,210]","[637000,759000,784000,1001000,1149000,1068000,1039000,908000,965000,608000]",400,8918000
20,79,10,"[240,228,326,341,371,368,346,311,369,259]","[669000,635000,916000,1008000,1085000,1038000,976000,874000,1065000,759000]",371,9025000
20,80,10,"[270,266,278,392,376,400,382,287,311,222]","[797000,733000,803000,1118000,1075000,1129000,1099000,779000,860000,650000]",400,9043000
20,81,10,"[282,259,274,387,392,383,340,338,363,207]","[785000,721000,775000,1093000,1147000,1094000,998000,915000,973000,592000]",392,9093000
20,82,10,"[273,317,287,358,364,366,316,372,361,244]","[748000,890000,819000,1017000,1079000,1025000,866000,1045000,1049000,671000]",372,9209000
20,83,10,"[247,246,315,335,370,420,326,302,369,226]","[680000,680000,866000,954000,1069000,1184000,916000,865000,1049000,638000]",420,8901000
20,84,10,"[254,328,281,353,358,373,328,375,364,210]","[726000,886000,834000,1000000,1056000,1043000,904000,1057000,1053000,596000]",375,9155000
20,85,10,"[265,318,287,356,363,377,322,311,374,254]","[736000,882000,812000,1013000,1065000,1063000,888000,868000,1061000,751000]",377,9139000
20,86,10,"[292,306,277,391,376,357,374,294,318,218]","[829000,847000,790000,1113000,1075000,1038000,1096000,809000,861000,624000]",391,9082000
20,87,10,"[268,315,287,357,361,366,324,375,395,221]","[742000,879000,822000,1024000,1070000,1029000,894000,1058000,1132000,651000]",395,9301000
20,88,10,"[257,280,321,354,348,363,358,350,375,254]","[691000,786000,947000,999000,1032000,1019000,1038000,985000,1083000,742000]",375,9322000
21,1,10,"[284,267,323,316,257,238,363,289,309,225]","[805000,753000,895000,855000,682000,661000,998000,796000,910000,669000]",363,8024000
21,2,10,"[272,327,307,330,284,317,309,289,320,230]","[770000,975000,857000,904000,769000,828000,882000,810000,939000,673000]",330,8407000
21,3,10,"[274,325,295,297,255,262,331,285,332,280]","[765000,955000,816000,835000,729000,708000,895000,785000,987000,803000]",332,8278000
21,4,10,"[206,337,272,305,258,299,337,323,348,259]","[579000,995000,774000,831000,729000,810000,945000,865000,975000,707000]",348,8210000
21,5,10,"[206,337,300,306,255,280,329,324,349,259]","[589000,988000,841000,831000,724000,758000,926000,888000,977000,707000]",349,8229000
21,6,10,"[285,318,305,316,313,330,295,308,322,302]","[797000,944000,859000,809000,830000,857000,844000,861000,971000,893000]",330,8665000
21,7,10,"[336,283,322,252,314,329,296,309,322,285]","[933000,853000,902000,715000,835000,867000,851000,866000,971000,829000]",336,8622000
21,8,10,"[316,324,326,319,328,332,297,309,323,288]","[868000,967000,915000,848000,905000,871000,853000,872000,976000,835000]",332,8910000
21,9,10,"[322,310,319,308,272,246,353,317,340,244]","[911000,909000,876000,829000,731000,677000,1015000,865000,977000,689000]",353,8479000
21,10,10,"[259,281,334,286,260,303,356,308,344,286]","[717000,788000,923000,775000,729000,816000,996000,864000,989000,840000]",356,8437000
21,11,10,"[361,267,317,276,269,259,370,303,309,231]","[997000,753000,876000,727000,752000,707000,1018000,862000,912000,693000]",370,8297000
21,12,10,"[336,316,300,332,316,275,299,306,322,287]","[933000,948000,852000,882000,836000,727000,855000,851000,971000,831000]",336,8686000
21,13,10,"[205,342,306,311,267,302,358,317,353,257]","[584000,1011000,870000,841000,758000,818000,992000,865000,981000,701000]",358,8421000
21,14,10,"[267,322,300,325,283,320,350,315,272,303]","[751000,950000,839000,902000,769000,834000,1009000,879000,805000,885000]",350,8623000
21,15,10,"[339,314,300,314,316,324,297,308,322,287]","[939000,938000,852000,813000,836000,839000,851000,861000,971000,834000]",339,8734000
21,16,10,"[203,340,310,311,292,298,360,317,351,259]","[574000,1004000,883000,848000,793000,786000,1002000,865000,981000,707000]",360,8443000
21,17,10,"[268,307,330,312,314,329,356,303,338,241]","[752000,890000,918000,844000,847000,867000,1003000,835000,963000,696000]",356,8615000
21,18,10,"[269,322,336,319,283,276,350,314,338,284]","[752000,950000,955000,877000,769000,720000,1009000,883000,967000,829000]",350,8711000
21,19,10,"[262,328,333,269,345,328,357,279,336,243]","[736000,966000,918000,707000,929000,876000,1014000,800000,969000,689000]",357,8604000
21,20,10,"[221,400,300,307,255,280,292,328,325,256]","[627000,1128000,841000,835000,726000,758000,815000,906000,973000,701000]",400,8310000
21,21,10,"[261,334,274,327,315,316,362,314,342,290]","[748000,990000,762000,891000,860000,850000,1055000,888000,985000,847000]",362,8876000
21,22,10,"[263,328,314,324,337,295,353,339,352,259]","[763000,958000,844000,887000,992000,788000,997000,929000,979000,705000]",353,8842000
21,23,10,"[221,400,300,308,255,280,352,323,351,256]","[627000,1128000,841000,835000,726000,758000,983000,886000,977000,701000]",400,8462000
21,24,10,"[256,325,348,319,325,331,376,284,305,224]","[710000,952000,948000,835000,899000,869000,1041000,789000,892000,651000]",376,8586000
21,25,10,"[281,390,335,282,291,313,289,304,328,280]","[780000,1112000,933000,727000,779000,858000,849000,850000,978000,807000]",390,8673000
21,26,10,"[282,391,387,306,311,295,292,313,328,283]","[792000,1130000,1028000,831000,835000,794000,855000,870000,982000,812000]",391,8929000
21,27,10,"[260,335,335,288,250,330,298,310,325,281]","[717000,898000,934000,775000,710000,868000,852000,868000,975000,813000]",335,8410000
21,28,10,"[277,390,328,257,316,333,330,313,325,285]","[773000,1125000,910000,716000,839000,868000,966000,867000,976000,837000]",390,8877000
21,29,10,"[289,318,330,322,336,359,281,315,358,241]","[810000,937000,918000,827000,876000,958000,799000,875000,1073000,717000]",359,8790000
21,30,10,"[203,338,310,311,292,333,275,319,351,259]","[574000,1000000,888000,848000,796000,892000,779000,875000,979000,707000]",351,8338000
21,31,10,"[204,339,331,333,261,242,330,325,350,263]","[576000,1002000,962000,907000,742000,648000,922000,878000,980000,712000]",350,8329000
21,32,10,"[280,392,329,257,318,331,290,307,325,283]","[788000,1129000,910000,716000,843000,877000,842000,846000,976000,824000]",392,8751000
21,33,10,"[204,343,308,309,290,294,361,309,336,290]","[576000,1010000,875000,851000,794000,777000,1001000,851000,975000,798000]",361,8508000
21,34,10,"[276,305,343,276,311,329,357,301,342,242]","[770000,890000,933000,748000,841000,867000,1006000,845000,980000,701000]",357,8581000
21,35,10,"[242,393,334,307,340,315,289,330,327,261]","[689000,1137000,935000,795000,888000,836000,822000,896000,976000,707000]",393,8681000
21,36,10,"[324,392,329,240,306,326,361,312,335,241]","[911000,1126000,916000,646000,867000,860000,1020000,875000,960000,695000]",392,8876000
21,37,10,"[280,395,338,307,227,305,293,307,331,279]","[779000,1145000,948000,814000,601000,797000,857000,856000,978000,799000]",395,8574000
21,38,10,"[291,331,293,368,305,310,360,322,346,330]","[816000,891000,817000,1074000,843000,902000,1017000,914000,1009000,1020000]",368,9303000
21,39,10,"[262,327,264,327,351,304,357,275,333,249]","[746000,968000,753000,899000,931000,823000,1020000,783000,960000,694000]",357,8577000
21,40,10,"[276,331,290,319,286,327,345,319,333,233]","[766000,963000,814000,874000,784000,842000,990000,871000,988000,703000]",345,8595000
21,41,10,"[296,326,330,280,285,314,292,323,352,282]","[862000,973000,924000,719000,754000,871000,853000,890000,994000,794000]",352,8634000
21,42,10,"[274,369,348,306,278,317,308,316,331,283]","[764000,1104000,1008000,867000,762000,874000,904000,893000,987000,812000]",369,8975000
21,43,10,"[300,322,335,326,339,347,366,308,340,241]","[858000,953000,928000,835000,883000,909000,1036000,865000,974000,695000]",366,8936000
21,44,10,"[291,331,298,328,259,233,359,287,321,220]","[811000,891000,825000,913000,700000,643000,1002000,820000,921000,630000]",359,8156000
21,45,10,"[260,329,312,320,262,297,339,332,350,259]","[748000,959000,854000,855000,746000,807000,958000,903000,979000,707000]",350,8516000
21,46,10,"[217,395,306,310,258,283,297,326,329,256]","[623000,1127000,867000,847000,728000,762000,834000,881000,991000,701000]",395,8361000
21,47,10,"[242,389,335,309,321,318,291,310,335,277]","[689000,1117000,933000,805000,846000,826000,822000,854000,960000,767000]",389,8619000
21,48,10,"[262,330,333,272,345,328,357,312,381,244]","[736000,970000,918000,724000,931000,876000,1014000,887000,1098000,690000]",381,8844000
21,49,10,"[280,388,327,251,268,229,370,290,308,220]","[779000,1115000,904000,698000,690000,633000,1028000,807000,893000,639000]",388,8186000
21,50,10,"[270,326,304,309,289,358,283,319,246,234]","[736000,959000,853000,839000,777000,964000,796000,862000,678000,662000]",358,8126000
21,51,10,"[203,332,308,334,262,291,330,280,324,280]","[574000,970000,878000,895000,751000,773000,900000,782000,975000,807000]",334,8305000
21,52,10,"[421,336,371,399,406,351,281,312,447,383]","[1256000,992000,1118000,1170000,1179000,945000,794000,864000,1278000,1210000]",447,10806000
21,53,10,"[371,405,343,338,268,278,314,331,328,361]","[1167000,1157000,951000,952000,772000,752000,904000,936000,976000,1084000]",405,9651000
21,54,10,"[375,347,391,322,334,333,365,279,340,249]","[1147000,1069000,1058000,902000,949000,890000,1028000,801000,964000,698000]",391,9506000
21,55,10,"[259,319,297,314,265,328,292,314,363,231]","[731000,944000,834000,875000,734000,893000,818000,868000,1101000,682000]",363,8480000
21,56,10,"[283,268,321,306,271,265,345,320,341,280]","[790000,747000,890000,820000,727000,717000,967000,868000,970000,811000]",345,8307000
21,57,10,"[409,341,305,314,269,306,358,320,351,325]","[1259000,1031000,856000,847000,764000,834000,986000,874000,981000,959000]",409,9391000
21,58,10,"[280,386,340,284,313,315,286,287,305,281]","[778000,1105000,943000,742000,833000,869000,828000,809000,887000,830000]",386,8624000
21,59,10,"[330,384,326,317,261,253,325,336,332,320]","[1050000,1077000,892000,906000,727000,728000,939000,911000,1001000,949000]",384,9180000
21,60,10,"[339,314,337,314,316,277,297,308,322,287]","[939000,938000,944000,813000,836000,727000,851000,861000,971000,834000]",339,8714000
21,61,10,"[272,322,307,332,284,318,303,287,318,230]","[770000,923000,857000,908000,769000,836000,865000,803000,939000,673000]",332,8343000
21,62,10,"[278,397,296,287,264,336,296,309,329,290]","[778000,1119000,815000,785000,759000,874000,859000,869000,987000,848000]",397,8693000
21,63,10,"[267,307,366,308,314,329,356,308,338,242]","[747000,890000,984000,824000,847000,867000,1003000,845000,963000,696000]",366,8666000
21,64,10,"[343,270,323,316,257,237,363,328,309,233]","[920000,759000,891000,846000,695000,656000,1006000,864000,910000,704000]",363,8251000
21,65,10,"[275,283,309,318,283,317,312,302,322,238]","[803000,857000,868000,881000,769000,828000,892000,841000,934000,697000]",322,8370000
21,66,10,"[274,325,295,298,257,262,329,286,333,280]","[765000,969000,816000,834000,737000,708000,889000,787000,989000,799000]",333,8293000
21,67,10,"[221,336,272,305,258,294,307,323,348,259]","[628000,993000,774000,831000,729000,798000,867000,865000,975000,707000]",348,8167000
21,68,10,"[208,340,300,311,258,276,333,293,350,256]","[591000,998000,841000,855000,730000,750000,937000,811000,979000,701000]",350,8193000
21,69,10,"[285,317,306,335,314,277,304,305,325,310]","[797000,939000,861000,884000,832000,739000,858000,846000,977000,906000]",335,8639000
21,70,10,"[336,287,323,268,259,329,297,309,322,285]","[933000,863000,904000,740000,713000,867000,856000,845000,971000,833000]",336,8525000
21,71,10,"[329,324,325,319,266,336,297,309,323,286]","[905000,962000,915000,848000,763000,890000,865000,870000,976000,840000]",336,8834000
21,72,10,"[329,310,318,307,265,244,352,317,274,269]","[931000,909000,881000,822000,704000,672000,1013000,865000,809000,767000]",352,8373000
21,73,10,"[277,281,299,286,260,303,357,308,344,286]","[767000,788000,838000,775000,729000,816000,1011000,864000,989000,840000]",357,8417000
21,74,10,"[814,267,394,915,1333,1179,484,808,1352,1291]","[1816000,753000,1204000,643000,5404000,2595000,1252000,1840000,4930000,3585000]",1352,24022000
21,75,10,"[336,313,300,333,316,292,301,279,325,287]","[933000,933000,852000,873000,836000,782000,856000,782000,977000,839000]",336,8663000
21,76,10,"[205,345,333,296,269,304,358,317,350,257]","[584000,1016000,925000,795000,763000,824000,992000,859000,979000,701000]",358,8438000
21,77,10,"[264,326,301,322,288,340,363,310,272,306]","[745000,965000,843000,893000,788000,889000,1022000,860000,805000,891000]",363,8701000
21,78,10,"[339,314,300,314,316,347,300,285,326,296]","[939000,935000,852000,808000,836000,908000,857000,803000,979000,885000]",347,8802000
21,79,10,"[204,323,314,308,282,300,351,320,351,257]","[574000,971000,899000,846000,769000,803000,982000,861000,981000,701000]",351,8387000
21,80,10,"[277,311,322,329,315,338,350,281,333,251]","[786000,917000,908000,875000,849000,887000,992000,787000,960000,721000]",350,8682000
21,81,10,"[287,324,332,313,234,277,349,304,345,294]","[818000,950000,949000,861000,650000,722000,994000,843000,994000,859000]",349,8640000
21,82,10,"[259,338,331,279,342,331,353,237,338,278]","[731000,994000,920000,718000,927000,878000,1012000,687000,975000,796000]",353,8638000
21,83,10,"[217,403,294,313,258,299,295,332,329,256]","[623000,1143000,830000,854000,735000,815000,827000,902000,984000,701000]",403,8414000
22,1,10,"[353,418,313,246,293,343,396,354,268,198]","[963000,1195000,860000,717000,820000,1019000,1144000,975000,758000,572000]",418,9023000
22,2,10,"[255,379,324,302,290,367,363,346,372,308]","[681000,1036000,900000,814000,802000,1088000,1078000,969000,1071000,808000]",379,9247000
22,3,10,"[313,372,364,329,363,382,373,381,374,273]","[836000,1065000,1039000,844000,975000,1112000,1125000,1071000,1071000,728000]",382,9866000
22,4,10,"[355,382,367,323,298,381,356,384,376,272]","[939000,1099000,1064000,835000,831000,1123000,1044000,1088000,1082000,732000]",384,9837000
22,5,10,"[358,370,303,248,278,355,409,409,377,261]","[952000,1070000,855000,689000,745000,1039000,1210000,1182000,1072000,694000]",409,9508000
22,6,10,"[349,377,315,232,315,400,394,408,295,250]","[957000,1089000,862000,668000,894000,1183000,1189000,1179000,846000,707000]",408,9574000
22,7,10,"[319,419,323,236,319,417,388,343,273,193]","[882000,1192000,879000,674000,880000,1222000,1130000,947000,784000,548000]",419,9138000
22,8,10,"[386,356,321,349,306,328,372,384,371,289]","[1036000,1029000,889000,927000,814000,974000,1107000,1114000,1069000,779000]",386,9738000
22,9,10,"[314,372,362,339,363,353,375,380,373,274]","[846000,1068000,1034000,888000,978000,1041000,1129000,1071000,1073000,743000]",380,9871000
22,10,10,"[393,325,322,329,289,370,364,354,372,293]","[1050000,924000,894000,865000,773000,1106000,1100000,1024000,1071000,793000]",393,9600000
22,11,10,"[353,376,306,247,274,317,407,353,415,280]","[936000,1072000,842000,692000,732000,946000,1202000,1007000,1196000,762000]",415,9387000
22,12,10,"[357,369,302,245,277,352,366,411,374,289]","[949000,1065000,841000,675000,745000,1027000,1105000,1179000,1068000,765000]",411,9419000
22,13,10,"[355,364,298,249,225,355,384,416,376,270]","[951000,1053000,836000,685000,633000,1037000,1169000,1195000,1075000,724000]",416,9358000
22,14,10,"[352,418,313,241,293,375,396,374,268,198]","[965000,1195000,859000,695000,820000,1098000,1144000,1042000,758000,572000]",418,9148000
22,15,10,"[352,412,324,236,320,403,396,386,269,217]","[966000,1181000,879000,681000,892000,1183000,1196000,1066000,775000,604000]",412,9423000
22,16,10,"[357,369,298,253,276,350,388,411,375,266]","[949000,1068000,834000,703000,745000,1027000,1196000,1179000,1074000,709000]",411,9484000
22,17,10,"[362,384,367,263,289,378,374,386,376,307]","[979000,1091000,1058000,681000,815000,1108000,1115000,1092000,1082000,805000]",386,9826000
22,18,10,"[396,374,320,342,291,329,367,352,370,288]","[1074000,1081000,883000,897000,778000,977000,1103000,1019000,1065000,774000]",396,9651000
22,19,10,"[398,375,318,324,300,323,365,357,372,294]","[1075000,1072000,879000,864000,792000,964000,1095000,1030000,1067000,784000]",398,9622000
22,20,10,"[356,370,303,247,273,353,409,353,415,260]","[937000,1060000,836000,692000,730000,1042000,1206000,1007000,1196000,692000]",415,9398000
22,21,10,"[362,292,318,306,298,338,386,443,376,302]","[961000,835000,870000,817000,834000,1012000,1125000,1275000,1077000,795000]",443,9601000
22,22,10,"[299,324,325,343,258,339,418,387,367,294]","[815000,931000,884000,947000,693000,973000,1234000,1116000,1059000,801000]",418,9453000
22,23,10,"[320,379,334,261,277,404,373,387,391,345]","[958000,1064000,925000,695000,745000,1197000,1106000,1101000,1107000,968000]",404,9866000
22,24,10,"[358,369,296,244,276,394,373,425,407,204]","[947000,1058000,820000,672000,756000,1174000,1121000,1231000,1126000,542000]",425,9447000
22,25,10,"[390,332,322,329,289,333,420,356,374,292]","[1040000,960000,894000,886000,776000,999000,1238000,1029000,1071000,782000]",420,9675000
22,26,10,"[259,314,356,326,291,366,410,374,367,304]","[686000,859000,1001000,888000,775000,1065000,1221000,1047000,1061000,792000]",410,9395000
22,27,10,"[381,357,303,348,296,355,451,385,266,221]","[1053000,1015000,838000,965000,831000,1028000,1342000,1124000,769000,623000]",451,9588000
22,28,10,"[349,364,320,261,314,408,392,408,412,207]","[930000,1028000,864000,718000,868000,1195000,1184000,1185000,1127000,573000]",412,9672000
22,29,10,"[346,412,311,238,296,420,416,339,270,195]","[959000,1197000,861000,683000,826000,1212000,1186000,954000,773000,559000]",420,9210000
22,30,10,"[389,403,304,277,347,373,388,411,379,315]","[1081000,1210000,841000,785000,956000,1096000,1169000,1189000,1072000,862000]",411,10261000
22,31,10,"[339,373,298,316,316,347,419,419,398,239]","[927000,1095000,831000,865000,914000,1007000,1252000,1207000,1127000,659000]",419,9884000
22,32,10,"[253,371,307,307,291,387,366,398,406,244]","[676000,1013000,855000,815000,804000,1154000,1078000,1115000,1120000,631000]",406,9261000
22,33,10,"[374,359,319,312,309,350,424,373,374,306]","[1010000,1031000,875000,879000,867000,1013000,1246000,1049000,1075000,840000]",424,9885000
22,34,10,"[257,380,299,250,274,353,412,410,390,263]","[696000,1026000,833000,699000,744000,1037000,1214000,1181000,1091000,699000]",412,9220000
22,35,10,"[356,328,281,312,272,365,409,415,378,289]","[943000,917000,802000,825000,745000,1028000,1229000,1182000,1077000,768000]",415,9516000
22,36,10,"[371,375,363,262,268,415,407,396,408,323]","[952000,1084000,963000,723000,712000,1157000,1207000,1117000,1141000,889000]",415,9945000
22,37,10,"[365,324,325,343,258,347,418,387,369,294]","[971000,931000,884000,947000,693000,985000,1234000,1116000,1059000,801000]",418,9621000
22,38,10,"[320,383,294,253,271,394,378,356,388,316]","[838000,1088000,825000,703000,715000,1174000,1119000,1042000,1109000,866000]",394,9479000
22,39,10,"[308,415,314,245,296,420,419,371,420,254]","[850000,1204000,858000,712000,826000,1211000,1240000,1063000,1188000,718000]",420,9870000
22,40,10,"[390,392,315,296,303,368,409,406,371,309]","[1055000,1130000,879000,807000,815000,1082000,1208000,1166000,1071000,804000]",409,10017000
22,41,10,"[389,335,322,329,289,333,441,356,374,291]","[1040000,967000,894000,886000,776000,999000,1325000,1029000,1071000,779000]",441,9766000
22,42,10,"[364,330,325,230,351,338,416,422,415,230]","[970000,957000,886000,662000,968000,1016000,1234000,1192000,1126000,618000]",422,9629000
22,43,10,"[339,397,324,323,279,372,410,406,368,271]","[913000,1131000,923000,825000,746000,1074000,1212000,1175000,1063000,708000]",410,9770000
22,44,10,"[442,338,319,304,290,341,421,341,402,224]","[1178000,963000,880000,833000,806000,983000,1237000,973000,1133000,603000]",442,9589000
22,45,10,"[347,385,302,382,317,366,407,408,375,251]","[994000,1098000,837000,1026000,860000,1080000,1210000,1182000,1058000,667000]",408,10012000
22,46,10,"[362,362,325,358,287,334,412,407,407,227]","[979000,1039000,891000,963000,763000,992000,1239000,1180000,1132000,617000]",412,9795000
22,47,10,"[359,373,313,308,282,411,368,371,323,246]","[1028000,1027000,876000,810000,765000,1215000,1090000,1038000,955000,698000]",411,9502000
22,48,10,"[353,412,322,236,320,407,396,386,269,217]","[971000,1181000,896000,681000,892000,1206000,1196000,1066000,775000,604000]",412,9468000
22,49,10,"[359,369,301,283,279,408,355,425,438,208]","[947000,1053000,833000,739000,759000,1206000,1072000,1231000,1225000,560000]",438,9625000
22,50,10,"[354,378,293,249,281,366,422,367,392,319]","[932000,1101000,823000,677000,789000,1059000,1238000,1052000,1109000,873000]",422,9653000
22,51,10,"[361,348,324,324,292,338,422,414,403,222]","[977000,997000,899000,865000,772000,1018000,1258000,1197000,1130000,616000]",422,9729000
22,52,10,"[329,352,404,325,288,331,408,445,391,232]","[887000,996000,1121000,902000,819000,974000,1214000,1256000,1092000,626000]",445,9887000
22,53,10,"[343,373,307,237,296,422,424,440,270,198]","[944000,1092000,848000,681000,816000,1212000,1198000,1261000,764000,559000]",440,9375000
22,54,10,"[315,455,312,239,299,338,392,347,356,451]","[902000,1311000,852000,691000,841000,1005000,1144000,964000,1048000,1257000]",455,10015000
22,55,10,"[400,349,320,342,291,329,407,352,370,288]","[1082000,1010000,883000,897000,778000,977000,1216000,1019000,1065000,774000]",407,9701000
22,56,10,"[353,363,296,244,276,350,411,436,402,221]","[941000,1046000,820000,672000,756000,1027000,1219000,1249000,1099000,598000]",436,9427000
22,57,10,"[408,376,353,236,317,406,394,392,386,241]","[1084000,1092000,970000,669000,874000,1195000,1181000,1117000,1081000,679000]",408,9942000
22,58,10,"[316,370,326,233,311,353,424,359,364,238]","[825000,1041000,907000,667000,861000,1002000,1240000,1032000,1010000,633000]",424,9218000
22,59,10,"[359,370,297,244,279,394,381,426,399,202]","[946000,1059000,825000,672000,771000,1179000,1131000,1236000,1099000,542000]",426,9460000
22,60,10,"[344,341,318,326,289,337,421,410,363,262]","[937000,970000,888000,864000,776000,1028000,1238000,1198000,1023000,697000]",421,9619000
22,61,10,"[416,357,378,404,287,478,413,338,268,201]","[1168000,1023000,1040000,1107000,816000,1297000,1176000,952000,774000,557000]",478,9910000
22,62,10,"[365,343,324,233,335,344,417,407,403,230]","[965000,989000,904000,624000,903000,1025000,1232000,1183000,1133000,607000]",417,9565000
22,63,10,"[313,384,324,376,273,345,416,373,410,224]","[832000,1105000,915000,1033000,741000,1043000,1234000,1053000,1147000,619000]",416,9722000
22,64,10,"[362,412,302,248,226,352,388,378,374,259]","[981000,1191000,838000,690000,638000,1032000,1169000,1084000,1075000,680000]",412,9378000
22,65,10,"[399,373,326,238,316,406,376,379,427,270]","[1119000,1061000,894000,698000,869000,1191000,1134000,1086000,1144000,718000]",427,9914000
22,66,10,"[494,391,389,231,312,400,391,350,275,232]","[1448000,1131000,1037000,675000,880000,1181000,1151000,970000,792000,647000]",494,9912000
22,67,10,"[361,343,327,325,289,332,422,403,373,269]","[974000,968000,917000,871000,776000,997000,1238000,1159000,1073000,718000]",422,9691000
22,68,10,"[348,414,327,230,345,411,396,365,274,208]","[973000,1191000,901000,681000,939000,1233000,1196000,1024000,785000,572000]",414,9495000
22,69,10,"[338,425,324,323,279,372,409,403,368,267]","[903000,1218000,923000,825000,746000,1074000,1210000,1149000,1063000,708000]",425,9819000
22,70,10,"[343,370,305,240,295,420,474,427,335,312]","[940000,1018000,844000,687000,824000,1212000,1371000,1218000,951000,954000]",474,10019000
22,71,10,"[358,369,296,244,276,394,373,425,401,204]","[947000,1058000,820000,672000,756000,1174000,1121000,1231000,1114000,542000]",425,9435000
22,72,10,"[364,366,311,351,293,357,460,410,395,262]","[983000,1036000,877000,932000,772000,1059000,1398000,1166000,1126000,730000]",460,10079000
22,73,10,"[542,418,331,226,318,405,392,351,501,379]","[1638000,1197000,905000,650000,893000,1192000,1139000,969000,1501000,1090000]",542,11174000
22,74,10,"[440,429,321,231,310,409,402,375,273,415]","[1235000,1235000,875000,655000,865000,1200000,1209000,1047000,773000,1144000]",440,10238000
22,75,10,"[367,348,317,338,258,346,423,437,332,222]","[987000,1008000,872000,934000,693000,993000,1251000,1264000,957000,604000]",437,9563000
22,76,10,"[314,377,363,326,285,372,411,403,374,271]","[847000,1101000,1041000,837000,769000,1075000,1214000,1149000,1075000,718000]",411,9826000
22,77,10,"[338,343,342,242,363,347,417,410,413,232]","[908000,980000,923000,697000,1006000,1055000,1232000,1198000,1148000,613000]",417,9760000
22,78,10,"[354,418,313,246,269,343,396,352,263,198]","[964000,1189000,858000,717000,775000,1019000,1149000,971000,749000,569000]",418,8960000
22,79,10,"[254,328,321,298,288,369,363,370,375,311]","[688000,908000,906000,801000,798000,1098000,1078000,1049000,1073000,817000]",375,9216000
22,80,10,"[313,371,366,324,365,378,374,382,375,264]","[849000,1061000,1052000,821000,988000,1134000,1129000,1073000,1081000,701000]",382,9889000
22,81,10,"[368,386,363,327,290,376,356,383,373,272]","[986000,1126000,1042000,827000,814000,1103000,1046000,1093000,1073000,723000]",386,9833000
22,82,10,"[356,368,300,286,275,354,410,408,350,254]","[941000,1058000,835000,796000,732000,1038000,1206000,1178000,988000,668000]",410,9440000
22,83,10,"[358,372,327,234,317,404,327,485,295,250]","[981000,1070000,886000,678000,892000,1189000,978000,1398000,835000,710000]",485,9617000
22,84,10,"[329,415,326,233,326,413,388,355,267,190]","[910000,1191000,889000,660000,904000,1223000,1134000,977000,754000,551000]",415,9193000
22,85,10,"[393,355,310,349,305,331,364,384,370,299]","[1048000,1011000,855000,923000,814000,986000,1097000,1114000,1067000,804000]",393,9719000
22,86,10,"[316,371,362,336,362,354,374,386,374,275]","[855000,1063000,1024000,871000,973000,1049000,1127000,1088000,1071000,748000]",386,9869000
22,87,10,"[454,325,322,329,289,370,318,354,372,292]","[1220000,929000,894000,865000,773000,1106000,953000,1024000,1071000,793000]",454,9628000
22,88,10,"[353,327,293,247,274,358,410,354,418,280]","[935000,926000,814000,684000,732000,1079000,1208000,1014000,1213000,765000]",418,9370000
22,89,10,"[357,371,298,265,277,352,368,415,386,274]","[943000,1058000,836000,740000,745000,1031000,1106000,1197000,1104000,709000]",415,9469000
22,90,10,"[358,321,294,249,227,395,384,410,373,261]","[950000,918000,825000,682000,643000,1170000,1169000,1174000,1062000,697000]",410,9290000
22,91,10,"[352,417,311,245,298,464,395,374,271,169]","[969000,1198000,849000,706000,826000,1303000,1146000,1042000,762000,479000]",464,9280000
22,92,10,"[381,417,323,233,326,404,362,373,275,209]","[1043000,1208000,879000,663000,905000,1187000,1102000,1034000,780000,589000]",417,9390000
22,93,10,"[360,372,301,279,276,357,388,414,348,266]","[954000,1074000,842000,786000,745000,1045000,1196000,1181000,988000,700000]",414,9511000
22,94,10,"[360,391,365,262,313,352,372,386,385,305]","[971000,1114000,1051000,702000,872000,1040000,1115000,1088000,1085000,800000]",391,9838000
22,95,10,"[397,385,319,343,291,330,368,352,373,292]","[1071000,1125000,881000,899000,783000,978000,1101000,1019000,1073000,774000]",397,9704000
22,96,10,"[399,374,320,327,292,383,364,352,319,293]","[1060000,1073000,883000,865000,773000,1126000,1100000,1019000,911000,790000]",399,9600000
22,97,10,"[355,371,306,248,278,357,405,350,424,265]","[940000,1071000,851000,687000,755000,1044000,1202000,1007000,1210000,708000]",424,9475000
23,1,10,"[218,334,361,351,366,363,335,261,285,243]","[610000,894000,1082000,975000,1035000,1021000,934000,717000,787000,680000]",366,8735000
23,2,10,"[316,287,361,360,340,362,341,306,336,255]","[918000,806000,1045000,971000,944000,985000,1021000,820000,938000,716000]",362,9164000
23,3,10,"[175,318,344,360,322,364,336,308,281,319]","[468000,870000,991000,1031000,871000,1017000,978000,856000,781000,902000]",364,8765000
23,4,10,"[242,333,361,363,304,363,360,285,342,252]","[724000,891000,1082000,999000,854000,1023000,1026000,748000,951000,734000]",363,9032000
23,5,10,"[175,316,342,360,325,365,362,303,282,315]","[468000,866000,987000,1031000,884000,1017000,1036000,846000,783000,882000]",365,8800000
23,6,10,"[348,317,362,343,358,360,337,299,341,235]","[963000,862000,1085000,932000,992000,1013000,982000,813000,945000,666000]",362,9253000
23,7,10,"[218,334,361,345,357,364,360,286,309,240]","[610000,894000,1085000,960000,987000,1004000,1026000,774000,865000,665000]",364,8870000
23,8,10,"[176,284,366,360,310,371,429,298,269,224]","[494000,815000,1095000,995000,855000,1034000,1181000,869000,748000,667000]",429,8753000
23,9,10,"[175,317,391,360,366,324,301,304,282,316]","[468000,868000,1079000,1029000,999000,928000,883000,837000,783000,887000]",391,8761000
23,10,10,"[309,271,364,361,311,364,360,296,323,242]","[894000,768000,1056000,998000,859000,1024000,1022000,801000,911000,683000]",364,9016000
23,11,10,"[175,317,391,360,352,364,304,303,281,317]","[468000,871000,1081000,1031000,952000,1017000,891000,839000,781000,886000]",391,8817000
23,12,10,"[218,337,366,345,373,368,364,277,287,229]","[615000,882000,1101000,960000,1051000,1006000,1040000,746000,795000,644000]",373,8840000
23,13,10,"[171,312,380,377,325,374,368,294,313,221]","[469000,837000,1079000,1011000,892000,1035000,1091000,877000,877000,652000]",380,8820000
23,14,10,"[185,355,350,365,306,355,362,225,283,354]","[499000,1001000,1013000,1013000,830000,1012000,1015000,659000,809000,1005000]",365,8856000
23,15,10,"[176,317,361,341,356,373,360,285,351,260]","[473000,836000,1082000,943000,991000,1029000,1029000,771000,945000,752000]",373,8851000
23,16,10,"[183,283,365,338,353,374,361,286,345,270]","[518000,778000,1102000,923000,985000,1026000,1025000,765000,945000,776000]",374,8843000
23,17,10,"[196,364,354,366,303,360,362,216,282,355]","[543000,1013000,1011000,1018000,830000,1008000,1015000,620000,807000,1001000]",366,8866000
23,18,10,"[344,322,344,326,361,365,359,301,314,244]","[913000,826000,988000,937000,1006000,1025000,1027000,797000,888000,646000]",365,9053000
23,19,10,"[173,339,375,360,308,371,407,296,307,220]","[476000,933000,1056000,992000,855000,1037000,1128000,879000,843000,644000]",407,8843000
23,20,10,"[218,333,361,344,372,364,360,285,300,240]","[608000,878000,1085000,955000,1051000,1004000,1026000,772000,813000,665000]",372,8857000
23,21,10,"[310,274,370,340,340,368,362,298,325,242]","[892000,781000,1062000,925000,984000,1025000,1042000,801000,922000,678000]",370,9112000
23,22,10,"[189,284,364,362,316,360,297,303,329,230]","[520000,803000,1087000,1020000,853000,1042000,872000,837000,877000,646000]",364,8557000
23,23,10,"[183,346,346,334,311,365,432,243,310,366]","[486000,951000,982000,923000,846000,1004000,1223000,695000,885000,1042000]",432,9037000
23,24,10,"[339,319,402,297,364,364,350,281,277,249]","[940000,836000,1179000,838000,1018000,990000,1018000,798000,784000,707000]",402,9108000
23,25,10,"[174,361,365,335,315,398,388,251,312,361]","[469000,943000,1053000,921000,858000,1146000,1058000,710000,891000,1027000]",398,9076000
23,26,10,"[177,346,371,380,319,362,430,266,368,354]","[484000,922000,1057000,1041000,889000,1023000,1194000,772000,1063000,990000]",430,9435000
23,27,10,"[171,308,380,385,358,370,368,294,308,221]","[469000,829000,1079000,1004000,989000,1031000,1091000,877000,864000,652000]",385,8885000
23,28,10,"[213,328,365,351,396,367,342,304,291,239]","[609000,877000,1096000,968000,1104000,995000,1023000,862000,793000,661000]",396,8988000
23,29,10,"[182,325,344,361,367,360,303,305,282,329]","[488000,910000,997000,1031000,1003000,985000,897000,843000,789000,922000]",367,8865000
23,30,10,"[181,313,362,357,304,362,367,301,317,239]","[494000,833000,1082000,1012000,811000,1034000,1070000,837000,885000,678000]",367,8736000
23,31,10,"[217,336,364,364,403,369,368,299,308,231]","[603000,892000,1094000,1048000,1073000,1010000,1051000,801000,831000,634000]",403,9037000
23,32,10,"[179,342,372,357,346,375,409,296,318,220]","[494000,951000,1052000,1014000,925000,1034000,1132000,871000,876000,647000]",409,8996000
23,33,10,"[193,278,362,356,327,363,333,295,351,268]","[538000,770000,1087000,1020000,881000,1020000,968000,790000,949000,773000]",363,8796000
23,34,10,"[230,338,363,349,383,364,332,250,317,229]","[633000,888000,1086000,961000,1067000,1015000,917000,685000,884000,644000]",383,8780000
23,35,10,"[310,354,363,310,359,374,352,284,293,276]","[897000,957000,1089000,829000,1018000,1008000,1027000,804000,835000,781000]",374,9245000
23,36,10,"[248,321,367,349,355,374,361,295,352,260]","[664000,860000,1100000,969000,989000,1029000,1034000,805000,950000,752000]",374,9152000
23,37,10,"[177,315,367,355,355,399,346,287,356,260]","[483000,842000,1106000,1016000,920000,1110000,1008000,796000,959000,761000]",399,9001000
23,38,10,"[315,282,362,367,387,381,292,301,330,238]","[907000,797000,1057000,998000,1054000,1054000,866000,807000,943000,657000]",387,9140000
23,39,10,"[182,331,376,359,366,388,375,290,321,224]","[486000,926000,1069000,1011000,980000,1087000,1029000,856000,905000,661000]",388,9010000
23,40,10,"[182,347,345,370,325,339,426,252,303,349]","[494000,953000,977000,1047000,877000,920000,1208000,726000,871000,982000]",426,9055000
23,41,10,"[180,327,362,346,404,361,366,307,278,326]","[489000,866000,1084000,950000,1046000,1034000,1051000,847000,781000,919000]",404,9067000
23,42,10,"[219,331,364,356,395,374,299,285,309,233]","[608000,879000,1100000,984000,1096000,1001000,869000,775000,861000,648000]",395,8821000
23,43,10,"[175,328,486,366,366,400,369,359,340,318]","[493000,882000,1347000,1023000,1021000,1127000,1006000,998000,937000,897000]",486,9731000
23,44,10,"[178,319,344,363,337,349,360,314,295,325]","[481000,890000,991000,1043000,901000,973000,1054000,866000,812000,917000]",363,8928000
23,45,10,"[219,332,361,350,367,367,344,285,300,243]","[608000,878000,1085000,976000,1028000,1004000,989000,743000,813000,670000]",367,8794000
23,46,10,"[360,326,365,344,397,362,299,306,348,250]","[992000,866000,1095000,935000,1115000,989000,879000,823000,953000,724000]",397,9371000
23,47,10,"[177,331,391,360,306,363,362,302,278,318]","[494000,861000,1108000,1035000,816000,1034000,1043000,837000,781000,883000]",391,8892000
23,48,10,"[210,323,387,344,372,380,422,295,313,229]","[590000,866000,1107000,950000,1062000,1034000,1159000,860000,875000,642000]",422,9145000
23,49,10,"[181,320,389,363,314,363,350,250,263,327]","[484000,900000,1084000,1049000,843000,1044000,1023000,703000,728000,917000]",389,8775000
23,50,10,"[180,326,356,352,414,359,362,301,278,323]","[510000,883000,1038000,968000,1113000,1030000,1055000,826000,781000,904000]",414,9108000
23,51,10,"[172,304,367,342,354,365,426,290,263,219]","[480000,829000,1100000,929000,973000,1025000,1172000,874000,736000,648000]",426,8766000
23,52,10,"[182,324,491,364,341,366,336,357,343,328]","[489000,887000,1359000,984000,933000,1015000,1011000,1002000,947000,907000]",491,9534000
23,53,10,"[222,339,361,345,418,361,302,263,285,234]","[614000,904000,1082000,963000,1172000,991000,851000,728000,779000,655000]",418,8739000
23,54,10,"[189,272,391,358,307,367,361,301,337,243]","[534000,768000,1085000,1010000,811000,1042000,1055000,832000,909000,685000]",391,8731000
23,55,10,"[184,365,474,336,318,364,334,307,284,360]","[478000,1035000,1352000,919000,883000,1046000,965000,824000,809000,1014000]",474,9325000
23,56,10,"[167,309,390,357,319,346,306,293,321,230]","[461000,849000,1087000,1021000,852000,1004000,936000,858000,893000,675000]",390,8636000
23,57,10,"[164,333,374,339,345,367,407,290,298,220]","[449000,925000,1059000,925000,966000,1029000,1128000,869000,828000,644000]",407,8822000
23,58,10,"[183,308,390,365,319,357,300,306,289,233]","[504000,828000,1079000,1033000,862000,1036000,884000,839000,799000,657000]",390,8521000
23,59,10,"[218,339,368,345,355,367,364,255,311,233]","[615000,890000,1108000,960000,989000,1017000,1046000,695000,873000,658000]",368,8851000
23,60,10,"[179,324,390,359,376,352,325,335,280,316]","[474000,900000,1079000,1042000,1059000,1004000,946000,941000,785000,879000]",390,9109000
23,61,10,"[218,334,362,349,364,363,331,261,283,243]","[610000,894000,1087000,971000,1022000,1021000,915000,717000,783000,680000]",364,8700000
23,62,10,"[312,285,358,395,342,311,345,302,336,255]","[918000,802000,1040000,1089000,946000,856000,1031000,813000,934000,716000]",395,9145000
23,63,10,"[169,317,340,353,330,366,330,306,279,317]","[474000,862000,983000,1021000,891000,1019000,957000,845000,779000,879000]",366,8710000
23,64,10,"[221,334,368,364,309,373,370,279,291,231]","[630000,889000,1105000,1019000,868000,1049000,1062000,741000,843000,645000]",373,8851000
23,65,10,"[175,315,342,358,356,321,360,302,281,314]","[468000,866000,987000,1037000,973000,913000,1021000,847000,781000,877000]",360,8770000
23,66,10,"[348,317,362,372,358,320,337,299,341,235]","[963000,862000,1085000,1008000,992000,915000,982000,813000,945000,666000]",372,9231000
23,67,10,"[220,334,366,345,355,324,357,286,309,252]","[608000,889000,1102000,960000,987000,909000,1011000,772000,865000,703000]",366,8806000
23,68,10,"[184,284,368,421,310,362,427,274,266,220]","[529000,792000,1105000,1144000,855000,1012000,1187000,804000,745000,653000]",427,8826000
23,69,10,"[185,326,392,351,366,321,298,304,288,330]","[493000,901000,1087000,1008000,999000,933000,877000,836000,805000,914000]",392,8853000
23,70,10,"[309,274,328,360,310,364,360,294,324,252]","[892000,781000,965000,996000,857000,1024000,1022000,795000,919000,709000]",364,8960000
23,71,10,"[174,318,390,359,360,366,302,302,309,310]","[479000,885000,1079000,1031000,977000,1025000,889000,834000,853000,869000]",390,8921000
23,72,10,"[218,336,366,345,376,370,366,287,284,227]","[615000,887000,1101000,960000,1061000,1010000,1050000,779000,789000,635000]",376,8887000
23,73,10,"[171,308,384,374,356,372,321,294,308,221]","[469000,829000,1099000,1007000,994000,1035000,967000,877000,864000,652000]",384,8793000
23,74,10,"[194,368,355,364,303,358,365,215,284,367]","[534000,1033000,1018000,1013000,830000,1027000,1020000,621000,811000,1026000]",368,8933000
23,75,10,"[204,309,366,347,353,372,360,293,356,233]","[563000,833000,1092000,962000,985000,1029000,1026000,783000,953000,699000]",372,8925000
23,76,10,"[183,283,365,367,353,302,363,286,345,270]","[518000,778000,1102000,999000,985000,864000,1029000,765000,945000,776000]",367,8761000
23,77,10,"[193,363,354,365,335,319,368,224,282,360]","[532000,1011000,1018000,1013000,922000,904000,1036000,628000,807000,1007000]",368,8878000
23,78,10,"[346,326,343,332,361,370,367,306,322,248]","[918000,830000,990000,967000,1011000,1045000,1055000,813000,898000,652000]",370,9179000
23,79,10,"[173,338,371,360,305,369,407,314,303,220]","[494000,923000,1057000,996000,840000,1042000,1128000,928000,843000,644000]",407,8895000
23,80,10,"[217,333,361,344,374,363,357,295,300,240]","[608000,892000,1085000,955000,1056000,1010000,1011000,805000,813000,665000]",374,8900000
24,1,10,"[292,196,321,335,368,358,367,371,294,262]","[857000,564000,870000,877000,1053000,1011000,1064000,1093000,805000,703000]",371,8897000
24,2,10,"[294,195,322,340,380,302,367,373,273,263]","[857000,562000,862000,941000,1078000,899000,1064000,1101000,763000,707000]",380,8834000
24,3,10,"[292,202,357,343,348,318,367,367,291,262]","[857000,582000,982000,966000,970000,948000,1064000,1059000,798000,684000]",367,8910000
24,4,10,"[293,196,321,333,370,367,367,370,288,260]","[859000,567000,869000,916000,1057000,1035000,1064000,1094000,795000,693000]",370,8949000
24,5,10,"[295,196,353,343,347,313,367,374,289,264]","[863000,567000,970000,966000,970000,932000,1064000,1103000,797000,703000]",374,8935000
24,6,10,"[293,200,363,335,356,367,367,367,274,283]","[859000,587000,981000,916000,1004000,1037000,1064000,1064000,767000,756000]",367,9035000
24,7,10,"[308,195,301,341,382,363,342,371,269,266]","[913000,562000,854000,938000,1088000,1012000,968000,1099000,722000,696000]",382,8852000
24,8,10,"[312,195,369,339,350,358,346,368,305,236]","[913000,562000,999000,945000,1012000,1011000,994000,1063000,828000,653000]",369,8980000
24,9,10,"[292,195,331,341,385,363,342,372,269,263]","[860000,562000,931000,938000,1103000,1012000,968000,1101000,722000,691000]",385,8888000
24,10,10,"[296,194,314,366,342,368,365,369,313,284]","[872000,557000,836000,1009000,950000,1052000,1034000,1087000,869000,772000]",369,9038000
24,11,10,"[294,195,317,332,368,358,369,371,327,257]","[870000,562000,862000,914000,1053000,1011000,1064000,1089000,873000,678000]",371,8976000
24,12,10,"[293,196,321,359,370,367,367,370,287,251]","[859000,567000,869000,992000,1057000,1035000,1064000,1094000,790000,667000]",370,8994000
24,13,10,"[297,194,348,339,356,331,367,309,331,292]","[866000,557000,955000,958000,1006000,978000,1064000,936000,953000,808000]",367,9081000
24,14,10,"[289,213,376,341,351,360,346,371,265,268]","[851000,619000,1009000,944000,1006000,1018000,994000,1072000,719000,710000]",376,8942000
24,15,10,"[297,194,348,339,349,339,367,311,331,292]","[866000,557000,955000,958000,983000,1003000,1064000,940000,953000,808000]",367,9087000
24,16,10,"[300,195,324,335,387,360,368,374,269,228]","[897000,562000,865000,926000,1096000,1021000,1069000,1108000,757000,629000]",387,8930000
24,17,10,"[289,195,384,337,350,361,346,371,303,234]","[856000,562000,1047000,941000,1021000,1017000,994000,1069000,828000,631000]",384,8966000
24,18,10,"[291,198,370,337,351,357,347,368,305,286]","[855000,577000,1010000,935000,1004000,1003000,994000,1063000,832000,762000]",370,9035000
24,19,10,"[289,200,322,339,358,364,367,378,327,269]","[851000,577000,866000,932000,995000,1040000,1064000,1084000,870000,723000]",378,9002000
24,20,10,"[267,195,351,333,371,358,368,369,328,257]","[789000,562000,969000,916000,1068000,1001000,1064000,1085000,875000,678000]",371,9007000
24,21,10,"[297,156,392,335,387,358,354,370,269,261]","[872000,457000,1076000,922000,1091000,1050000,1017000,1065000,723000,682000]",392,8955000
24,22,10,"[296,194,353,336,357,304,350,371,325,290]","[874000,557000,963000,954000,1002000,899000,1012000,1112000,929000,801000]",371,9103000
24,23,10,"[237,260,375,375,385,334,347,373,306,227]","[686000,724000,1038000,1026000,1089000,971000,994000,1082000,834000,624000]",385,9068000
24,24,10,"[229,261,359,341,384,365,344,371,269,264]","[674000,726000,1012000,937000,1088000,1012000,968000,1099000,721000,697000]",384,8934000
24,25,10,"[295,156,364,369,364,302,367,374,273,267]","[865000,457000,1016000,1001000,1016000,904000,1064000,1092000,761000,718000]",374,8894000
24,26,10,"[294,196,332,343,348,320,367,375,322,263]","[862000,562000,898000,966000,975000,958000,1064000,1086000,860000,698000]",375,8929000
24,27,10,"[233,260,373,374,386,360,346,371,308,224]","[688000,724000,1028000,1027000,1091000,1021000,994000,1079000,834000,612000]",386,9098000
24,28,10,"[295,195,352,330,383,347,354,383,249,257]","[872000,562000,963000,912000,1087000,1029000,1011000,1135000,684000,678000]",383,8933000
24,29,10,"[294,156,374,372,393,361,344,372,270,259]","[876000,457000,1033000,1001000,1114000,1020000,994000,1060000,720000,689000]",393,8964000
24,30,10,"[296,194,357,338,387,361,347,378,324,289]","[874000,557000,970000,958000,1101000,1028000,1000000,1116000,916000,803000]",387,9323000
24,31,10,"[236,260,374,377,388,358,346,399,308,224]","[679000,724000,1023000,1027000,1092000,1008000,981000,1136000,835000,610000]",399,9115000
24,32,10,"[298,195,344,369,348,312,351,369,355,228]","[884000,562000,964000,1019000,970000,926000,1008000,1087000,989000,629000]",369,9038000
24,33,10,"[327,253,307,417,420,368,370,365,323,258]","[927000,723000,860000,1184000,1217000,1073000,1074000,1062000,865000,687000]",420,9672000
24,34,10,"[292,195,329,340,395,351,353,372,269,263]","[860000,562000,923000,935000,1124000,992000,990000,1091000,726000,695000]",395,8898000
24,35,10,"[295,194,353,337,376,352,367,373,327,290]","[869000,557000,969000,954000,1048000,1003000,1064000,1100000,927000,805000]",376,9296000
24,36,10,"[292,195,321,338,391,354,367,374,271,230]","[860000,562000,862000,926000,1118000,1005000,1064000,1111000,757000,636000]",391,8901000
24,37,10,"[268,195,356,332,373,354,381,371,329,258]","[791000,562000,977000,916000,1068000,996000,1107000,1087000,873000,680000]",381,9057000
24,38,10,"[309,195,384,303,356,360,341,371,264,272]","[915000,562000,1083000,819000,1025000,1006000,964000,1087000,716000,732000]",384,8909000
24,39,10,"[296,197,370,342,376,305,370,398,303,258]","[874000,563000,1006000,942000,1075000,914000,1079000,1134000,790000,675000]",398,9052000
24,40,10,"[242,262,376,359,372,362,371,374,311,228]","[708000,726000,1031000,972000,1060000,1029000,1052000,1100000,840000,629000]",376,9147000
24,41,10,"[296,197,370,340,382,304,370,403,290,258]","[874000,563000,1006000,937000,1085000,914000,1079000,1133000,762000,675000]",403,9028000
24,42,10,"[294,195,313,332,368,358,367,371,327,257]","[870000,562000,854000,914000,1053000,1011000,1064000,1089000,873000,678000]",371,8968000
24,43,10,"[294,156,380,373,368,369,372,369,268,260]","[876000,457000,1034000,1008000,1060000,1064000,1080000,1070000,722000,696000]",380,9067000
24,44,10,"[287,195,352,372,390,332,346,369,304,235]","[856000,562000,956000,1007000,1115000,949000,994000,1061000,830000,654000]",390,8984000
24,45,10,"[294,195,320,337,382,348,354,383,251,261]","[857000,562000,858000,922000,1085000,1024000,1011000,1135000,691000,698000]",383,8843000
24,46,10,"[293,196,321,418,383,303,367,372,289,260]","[859000,564000,862000,1169000,1109000,904000,1064000,1101000,794000,686000]",418,9112000
24,47,10,"[289,197,362,374,392,377,372,392,357,234]","[857000,562000,976000,1014000,1118000,1090000,1079000,1132000,989000,637000]",392,9454000
24,48,10,"[293,196,317,360,369,365,394,371,287,247]","[859000,567000,862000,997000,1060000,1030000,1101000,1116000,790000,644000]",394,9026000
24,49,10,"[299,196,310,367,369,359,368,370,306,229]","[892000,567000,850000,1001000,1053000,1016000,1069000,1078000,832000,637000]",370,8995000
24,50,10,"[292,158,375,373,367,365,368,383,271,247]","[857000,452000,1025000,1013000,1053000,1030000,1066000,1073000,720000,670000]",383,8959000
24,51,10,"[296,195,348,334,368,355,370,309,297,260]","[880000,562000,948000,875000,1055000,998000,1066000,936000,813000,693000]",370,8826000
24,52,10,"[359,195,344,338,384,302,367,373,249,273]","[1009000,562000,972000,937000,1086000,899000,1064000,1105000,717000,763000]",384,9114000
24,53,10,"[298,200,348,346,361,322,368,363,294,265]","[884000,572000,957000,972000,1019000,948000,1069000,1055000,803000,697000]",368,8976000
24,54,10,"[293,196,321,335,370,372,365,370,288,260]","[859000,567000,869000,916000,1057000,1051000,1051000,1094000,795000,693000]",372,8952000
24,55,10,"[294,196,369,339,347,313,367,374,288,261]","[861000,567000,1002000,954000,970000,927000,1064000,1103000,792000,698000]",374,8938000
24,56,10,"[299,195,371,339,355,370,368,367,274,284]","[863000,562000,997000,923000,1016000,1043000,1066000,1063000,770000,748000]",371,9051000
24,57,10,"[308,195,304,341,376,363,342,373,280,263]","[910000,562000,855000,938000,1079000,1009000,968000,1097000,739000,717000]",376,8874000
24,58,10,"[312,195,369,339,354,358,346,366,305,250]","[913000,562000,995000,945000,1019000,1011000,994000,1056000,828000,691000]",369,9014000
24,59,10,"[292,195,329,338,385,363,373,373,271,265]","[860000,562000,928000,934000,1103000,1012000,1037000,1093000,751000,721000]",385,9001000
24,60,10,"[299,197,275,359,345,369,361,375,306,301]","[880000,562000,742000,1009000,957000,1060000,1028000,1106000,843000,826000]",375,9013000
24,61,10,"[294,206,348,335,368,357,367,368,339,259]","[873000,597000,921000,920000,1053000,1006000,1064000,1087000,903000,702000]",368,9126000
24,62,10,"[291,198,295,359,370,367,367,370,287,265]","[855000,577000,799000,992000,1057000,1035000,1064000,1094000,790000,709000]",370,8972000
24,63,10,"[301,194,349,340,359,380,375,310,325,287]","[874000,557000,959000,956000,1012000,1068000,1088000,941000,923000,796000]",380,9174000
24,64,10,"[294,213,414,336,352,356,344,323,269,259]","[868000,616000,1142000,930000,1010000,1001000,994000,914000,722000,682000]",414,8879000
24,65,10,"[293,197,351,337,322,335,369,311,327,319]","[857000,572000,969000,954000,899000,997000,1074000,940000,928000,910000]",369,9100000
24,66,10,"[308,195,293,335,386,362,368,373,269,230]","[910000,562000,790000,926000,1094000,1031000,1069000,1106000,757000,645000]",386,8890000
24,67,10,"[286,195,385,338,405,361,348,341,304,235]","[851000,562000,1049000,946000,1177000,1017000,1002000,979000,833000,636000]",405,9052000
24,68,10,"[289,213,346,337,349,357,346,368,305,286]","[851000,619000,938000,935000,999000,1003000,994000,1063000,832000,762000]",368,8996000
24,69,10,"[289,200,322,339,358,364,384,378,327,269]","[851000,577000,854000,932000,995000,1040000,1108000,1084000,870000,723000]",384,9034000
24,70,10,"[269,204,385,333,372,359,367,367,330,259]","[790000,587000,1040000,916000,1073000,1006000,1064000,1085000,877000,702000]",385,9140000
25,1,10,"[316,332,359,360,314,333,345,335,368,244]","[865000,896000,955000,1030000,857000,894000,981000,917000,1029000,678000]",368,9102000
25,2,10,"[218,228,324,388,350,376,311,319,375,311]","[625000,652000,901000,1120000,987000,1051000,890000,892000,1057000,831000]",388,9006000
25,3,10,"[314,346,347,355,354,347,337,335,354,247]","[900000,1012000,931000,971000,1021000,929000,980000,946000,996000,698000]",355,9384000
25,4,10,"[297,333,364,330,331,353,309,332,362,351]","[840000,900000,978000,954000,956000,985000,889000,936000,1018000,1044000]",364,9500000
25,5,10,"[216,344,335,349,356,339,351,297,370,306]","[621000,990000,925000,967000,1026000,906000,1021000,843000,1046000,827000]",370,9172000
25,6,10,"[219,227,357,390,338,352,309,322,373,314]","[630000,653000,979000,1107000,976000,970000,894000,905000,1052000,858000]",390,9024000
25,7,10,"[304,328,360,332,333,356,318,352,361,358]","[867000,890000,963000,949000,958000,991000,904000,1025000,1014000,1071000]",361,9632000
25,8,10,"[338,285,311,369,319,340,352,362,366,271]","[952000,811000,877000,1053000,911000,910000,1031000,1024000,1039000,761000]",369,9369000
25,9,10,"[261,333,358,382,337,296,336,382,289,241]","[760000,894000,957000,1082000,975000,856000,969000,1137000,809000,667000]",382,9106000
25,10,10,"[291,322,329,389,337,319,320,306,365,245]","[772000,874000,909000,1103000,975000,916000,922000,876000,1033000,655000]",389,9035000
25,11,10,"[225,225,357,390,338,349,335,322,373,314]","[633000,638000,976000,1107000,976000,964000,940000,906000,1052000,836000]",390,9028000
25,12,10,"[305,330,361,331,336,349,335,341,369,360]","[847000,894000,968000,956000,966000,968000,936000,956000,1034000,1092000]",369,9617000
25,13,10,"[315,264,307,363,372,338,350,373,364,270]","[829000,745000,864000,1023000,1051000,913000,1000000,1044000,1025000,759000]",373,9253000
25,14,10,"[218,320,330,389,344,353,318,320,369,317]","[625000,864000,903000,1105000,984000,976000,906000,893000,1044000,838000]",389,9138000
25,15,10,"[344,333,356,353,314,340,356,329,374,249]","[951000,898000,951000,1015000,857000,918000,986000,911000,1040000,686000]",374,9213000
25,16,10,"[258,329,366,336,341,297,337,382,287,304]","[756000,888000,972000,969000,981000,847000,971000,1139000,808000,817000]",382,9148000
25,17,10,"[304,332,367,368,332,352,334,335,361,350]","[857000,898000,984000,1042000,953000,986000,934000,952000,1014000,1042000]",368,9662000
25,18,10,"[357,344,336,361,351,341,343,272,370,243]","[1028000,1007000,922000,990000,995000,910000,982000,763000,1043000,684000]",370,9324000
25,19,10,"[295,318,331,390,338,351,324,310,363,245]","[781000,870000,898000,1105000,975000,972000,927000,867000,1026000,655000]",390,9076000
25,20,10,"[259,329,363,333,338,350,338,379,286,310]","[756000,888000,968000,969000,982000,944000,971000,1132000,800000,815000]",379,9225000
25,21,10,"[331,317,328,359,335,355,322,314,362,245]","[884000,868000,898000,1015000,964000,983000,917000,879000,1027000,655000]",362,9090000
25,22,10,"[339,258,297,417,427,340,354,366,360,266]","[962000,759000,820000,1170000,1170000,909000,1047000,1043000,1017000,742000]",427,9639000
25,23,10,"[343,333,332,373,405,323,326,314,385,259]","[981000,954000,923000,1053000,1128000,862000,927000,905000,1097000,707000]",405,9537000
25,24,10,"[291,298,328,378,336,352,301,300,363,253]","[781000,798000,883000,1110000,952000,970000,869000,867000,1029000,680000]",378,8939000
25,25,10,"[216,246,318,360,330,361,335,326,376,307]","[621000,691000,903000,1026000,948000,984000,934000,916000,1064000,825000]",376,8912000
25,26,10,"[314,348,340,341,345,341,342,294,356,241]","[898000,1011000,923000,949000,1020000,920000,984000,846000,1009000,675000]",356,9235000
25,27,10,"[258,285,303,411,336,353,331,408,296,286]","[756000,825000,812000,1158000,962000,970000,931000,1215000,820000,762000]",411,9211000
25,28,10,"[292,270,309,368,374,342,354,379,370,262]","[785000,758000,868000,1038000,1046000,927000,1011000,1089000,1034000,692000]",379,9248000
25,29,10,"[288,286,305,385,335,349,304,331,350,250]","[766000,812000,826000,1116000,958000,968000,875000,943000,988000,664000]",385,8916000
25,30,10,"[335,338,357,354,407,354,354,361,368,270]","[950000,913000,960000,990000,1118000,946000,1036000,1025000,1046000,756000]",407,9740000
25,31,10,"[361,343,341,347,375,285,343,288,375,246]","[1034000,1007000,933000,955000,1055000,798000,1006000,816000,1047000,694000]",375,9345000
25,32,10,"[491,416,356,402,331,351,306,347,373,343]","[1555000,1258000,989000,1183000,956000,974000,865000,977000,1046000,1022000]",491,10825000
25,33,10,"[292,293,321,385,335,347,334,340,366,355]","[804000,795000,869000,1124000,957000,964000,930000,955000,1014000,1070000]",385,9482000
25,34,10,"[264,329,357,408,334,348,324,410,294,287]","[776000,894000,949000,1161000,933000,988000,924000,1206000,822000,765000]",410,9418000
25,35,10,"[349,350,311,406,382,292,358,308,373,281]","[927000,1081000,835000,1146000,1084000,803000,985000,864000,1041000,753000]",406,9519000
25,36,10,"[278,298,333,380,336,351,316,341,367,352]","[783000,806000,886000,1114000,954000,972000,896000,985000,1019000,1019000]",380,9434000
25,37,10,"[365,370,332,389,333,354,334,344,363,360]","[1156000,1080000,920000,1136000,957000,988000,947000,971000,1021000,1095000]",389,10271000
25,38,10,"[294,316,331,393,380,349,408,327,362,248]","[779000,866000,900000,1109000,1111000,968000,1140000,894000,1027000,664000]",408,9458000
25,39,10,"[492,410,381,346,317,297,398,328,371,252]","[1338000,1178000,1051000,980000,858000,806000,1103000,902000,1035000,686000]",492,9937000
25,40,10,"[456,469,555,618,332,348,424,333,443,541]","[1806000,1459000,1067000,1578000,961000,966000,1136000,949000,1333000,1652000]",618,12907000
25,41,10,"[224,266,321,396,336,349,408,334,362,388]","[637000,750000,885000,1131000,970000,964000,1140000,917000,1018000,1052000]",408,9464000
25,42,10,"[291,236,322,387,331,318,320,318,364,250]","[783000,684000,875000,1137000,947000,908000,911000,888000,1031000,665000]",387,8829000
25,43,10,"[292,292,327,411,335,359,333,341,367,356]","[804000,800000,879000,1185000,952000,995000,932000,964000,1021000,1075000]",411,9607000
25,44,10,"[305,223,348,391,335,351,317,406,309,295]","[917000,638000,963000,1108000,962000,970000,919000,1188000,867000,801000]",406,9333000
25,45,10,"[290,238,335,391,331,320,322,340,346,307]","[788000,710000,914000,1117000,945000,923000,919000,962000,965000,859000]",391,9102000
25,46,10,"[346,332,359,358,314,336,353,328,368,249]","[956000,898000,953000,996000,857000,903000,980000,903000,1029000,685000]",368,9160000
25,47,10,"[292,316,325,401,403,326,333,305,363,245]","[774000,866000,895000,1115000,1130000,872000,957000,875000,1032000,655000]",403,9171000
25,48,10,"[314,263,307,372,335,348,364,342,364,267]","[829000,745000,864000,1061000,964000,966000,1024000,969000,1019000,747000]",372,9188000
25,49,10,"[265,330,355,403,341,346,324,410,295,282]","[776000,899000,949000,1142000,968000,988000,924000,1204000,827000,752000]",410,9429000
25,50,10,"[298,266,321,346,372,339,350,378,360,270]","[830000,750000,934000,955000,1045000,911000,1000000,1065000,1017000,765000]",378,9272000
25,51,10,"[260,325,357,351,406,345,328,409,322,277]","[756000,884000,949000,999000,1193000,1005000,925000,1223000,923000,746000]",409,9603000
25,52,10,"[340,328,333,372,405,335,355,354,381,247]","[975000,944000,923000,1051000,1123000,898000,1046000,1004000,1090000,686000]",405,9740000
25,53,10,"[485,414,376,429,365,343,349,303,377,243]","[1321000,1180000,1026000,1218000,986000,914000,1017000,854000,1053000,671000]",485,10240000
25,54,10,"[292,320,329,390,338,319,317,310,365,245]","[776000,874000,909000,1108000,977000,920000,912000,899000,1033000,655000]",390,9063000
25,55,10,"[218,298,330,389,344,351,321,320,369,317]","[625000,797000,903000,1105000,984000,972000,918000,893000,1044000,838000]",389,9079000
25,56,10,"[348,319,348,420,342,301,351,386,288,253]","[1105000,950000,963000,1176000,979000,855000,1030000,1148000,808000,727000]",420,9741000
25,57,10,"[345,328,369,410,315,315,322,300,364,272]","[1023000,971000,1028000,1123000,852000,908000,911000,862000,1022000,706000]",410,9406000
25,58,10,"[288,264,319,366,372,338,350,372,365,270]","[784000,748000,900000,1030000,1048000,913000,1000000,1039000,1036000,756000]",372,9254000
25,59,10,"[293,317,326,388,382,316,324,328,364,254]","[787000,868000,891000,1097000,1118000,906000,921000,943000,1027000,682000]",388,9240000
25,60,10,"[263,295,335,378,336,355,327,414,296,286]","[770000,797000,896000,1110000,962000,984000,923000,1244000,823000,779000]",414,9288000
25,61,10,"[342,321,357,361,391,332,354,336,385,263]","[951000,879000,960000,1050000,1130000,928000,984000,978000,1087000,732000]",391,9679000
25,62,10,"[334,320,327,394,334,285,370,345,403,257]","[887000,870000,889000,1115000,966000,819000,992000,954000,1134000,730000]",403,9356000
25,63,10,"[333,336,360,381,410,328,336,337,382,252]","[898000,921000,1000000,1051000,1133000,868000,947000,939000,1089000,693000]",410,9539000
25,64,10,"[298,321,371,390,334,326,311,322,385,240]","[804000,882000,1001000,1107000,962000,932000,898000,904000,1093000,603000]",390,9186000
25,65,10,"[270,321,328,419,348,320,331,316,374,259]","[752000,928000,906000,1181000,983000,883000,956000,893000,1043000,705000]",419,9230000
25,66,10,"[293,321,327,389,339,362,329,308,368,245]","[785000,876000,903000,1103000,979000,990000,933000,878000,1035000,631000]",389,9113000
25,67,10,"[316,331,362,368,322,332,344,332,372,244]","[865000,894000,955000,1045000,882000,892000,979000,917000,1030000,678000]",372,9137000
25,68,10,"[218,228,322,419,350,376,313,322,377,310]","[625000,652000,896000,1180000,984000,1051000,890000,905000,1061000,833000]",419,9077000
25,69,10,"[314,343,347,326,350,377,337,334,354,244]","[900000,1006000,933000,878000,1006000,1011000,980000,954000,996000,683000]",377,9347000
25,70,10,"[300,330,360,330,355,350,305,332,364,323]","[842000,894000,959000,951000,1025000,966000,872000,933000,1025000,967000]",364,9434000
25,71,10,"[216,344,266,342,356,341,351,319,368,316]","[621000,990000,755000,951000,1015000,906000,1021000,902000,1033000,847000]",368,9041000
25,72,10,"[219,227,356,390,345,352,309,322,373,317]","[630000,653000,977000,1107000,982000,970000,894000,895000,1052000,870000]",390,9030000
25,73,10,"[268,331,362,331,343,356,310,353,363,360]","[785000,897000,979000,949000,996000,989000,887000,1003000,1019000,1067000]",363,9571000
25,74,10,"[336,285,312,314,324,337,353,364,365,304]","[954000,811000,882000,916000,921000,902000,1033000,1028000,1034000,850000]",365,9331000
25,75,10,"[258,329,358,384,346,296,337,385,290,248]","[756000,888000,954000,1093000,981000,851000,971000,1144000,817000,680000]",385,9135000
25,76,10,"[291,322,329,343,334,319,320,306,367,288]","[781000,884000,909000,984000,960000,916000,922000,876000,1049000,772000]",367,9053000
25,77,10,"[225,246,357,390,338,350,297,322,373,314]","[633000,694000,976000,1107000,976000,966000,846000,906000,1052000,836000]",390,8992000
25,78,10,"[305,333,361,330,335,349,335,342,383,350]","[847000,900000,968000,954000,966000,968000,936000,960000,1064000,1051000]",383,9614000
25,79,10,"[314,264,309,363,369,303,348,369,362,268]","[826000,745000,870000,1019000,1039000,847000,996000,1033000,1024000,755000]",369,9154000
25,80,10,"[216,309,328,389,339,351,318,326,375,315]","[621000,847000,903000,1105000,981000,970000,906000,918000,1065000,838000]",389,9154000
25,81,10,"[344,333,356,355,312,335,327,331,380,249]","[958000,894000,958000,1005000,853000,904000,906000,911000,1062000,691000]",380,9142000
25,82,10,"[258,329,366,332,339,293,337,400,287,307]","[756000,888000,973000,959000,973000,840000,971000,1179000,805000,822000]",400,9166000
25,83,10,"[307,353,360,369,330,349,292,344,370,351]","[863000,965000,961000,1026000,951000,964000,832000,964000,1033000,1040000]",370,9599000
25,84,10,"[357,344,317,355,348,341,406,281,370,250]","[1030000,1007000,865000,969000,1000000,910000,1134000,790000,1043000,694000]",406,9442000
25,85,10,"[296,320,332,391,343,363,326,311,365,245]","[776000,872000,902000,1110000,974000,980000,923000,867000,1036000,655000]",391,9095000
25,86,10,"[262,327,363,333,338,350,350,379,286,310]","[747000,891000,968000,969000,982000,951000,1010000,1132000,800000,812000]",379,9262000
26,1,10,"[194,336,272,272,278,366,314,344,337,229]","[535000,969000,740000,753000,814000,1084000,871000,899000,959000,657000]",366,8281000
26,2,10,"[257,326,281,354,257,358,324,347,354,301]","[728000,946000,784000,1004000,757000,1009000,901000,903000,996000,822000]",358,8850000
26,3,10,"[218,320,250,265,281,359,317,344,356,299]","[660000,941000,704000,745000,820000,1063000,867000,900000,994000,812000]",359,8506000
26,4,10,"[252,325,307,307,224,365,323,272,353,221]","[701000,948000,866000,887000,642000,1075000,902000,703000,998000,632000]",365,8354000
26,5,10,"[253,334,334,275,257,352,334,319,357,289]","[779000,966000,971000,800000,754000,1032000,900000,863000,1017000,810000]",357,8892000
26,6,10,"[182,308,271,311,287,368,371,342,282,293]","[499000,898000,714000,836000,841000,1078000,965000,866000,841000,772000]",371,8310000
26,7,10,"[288,337,334,281,253,357,351,337,347,306]","[921000,986000,971000,818000,743000,1048000,993000,888000,981000,841000]",357,9190000
26,8,10,"[253,308,278,356,250,359,319,341,358,299]","[713000,884000,784000,1019000,734000,1024000,878000,901000,998000,822000]",359,8757000
26,9,10,"[193,347,264,276,290,367,317,339,338,232]","[543000,1000000,712000,753000,850000,1082000,873000,888000,967000,663000]",367,8331000
26,10,10,"[257,327,279,356,256,358,323,341,356,299]","[728000,954000,784000,1019000,740000,1022000,903000,899000,997000,822000]",358,8868000
26,11,10,"[219,318,354,299,277,357,271,360,340,296]","[659000,934000,950000,872000,827000,1024000,781000,924000,963000,807000]",360,8741000
26,12,10,"[276,323,270,324,247,363,321,322,358,227]","[796000,944000,741000,926000,697000,1068000,903000,842000,982000,640000]",363,8539000
26,13,10,"[203,355,277,324,291,366,318,330,280,254]","[564000,979000,740000,889000,852000,1085000,868000,869000,816000,705000]",366,8367000
26,14,10,"[241,338,304,324,286,364,301,346,275,247]","[753000,991000,899000,876000,839000,1063000,802000,888000,799000,708000]",364,8618000
26,15,10,"[252,329,281,352,253,357,323,341,360,243]","[711000,966000,789000,1010000,737000,1020000,900000,901000,1014000,701000]",360,8749000
26,16,10,"[252,325,261,309,224,369,323,325,353,223]","[701000,948000,732000,881000,635000,1071000,902000,857000,986000,641000]",369,8354000
26,17,10,"[257,327,279,356,254,358,323,341,356,299]","[728000,954000,784000,1019000,745000,1022000,903000,901000,997000,822000]",358,8875000
26,18,10,"[191,294,280,313,296,364,368,349,279,291]","[536000,861000,742000,836000,873000,1067000,961000,910000,809000,767000]",368,8362000
26,19,10,"[276,324,263,326,226,366,321,324,355,221]","[787000,944000,742000,939000,645000,1068000,903000,839000,990000,621000]",366,8478000
26,20,10,"[259,344,331,306,262,353,334,362,284,295]","[733000,987000,968000,883000,761000,1029000,900000,932000,822000,818000]",362,8833000
26,21,10,"[265,328,227,334,339,361,319,331,359,216]","[759000,958000,631000,963000,936000,1056000,902000,873000,1012000,617000]",361,8707000
26,22,10,"[271,328,232,323,337,363,335,326,355,215]","[779000,969000,637000,919000,938000,1056000,940000,853000,990000,612000]",363,8693000
26,23,10,"[283,316,257,321,283,360,319,342,368,246]","[817000,938000,726000,927000,847000,1025000,862000,882000,1020000,685000]",368,8729000
26,24,10,"[1181,1305,1225,1342,251,330,1142,1156,339,1292]","[2992000,5814000,2779000,3217000,730000,940000,2575000,2522000,960000,3850000]",1342,26379000
26,25,10,"[202,334,262,271,293,359,298,341,363,296]","[584000,970000,685000,740000,857000,1063000,842000,893000,1017000,810000]",363,8461000
26,26,10,"[257,326,279,353,276,358,322,361,355,299]","[728000,949000,784000,1009000,807000,1022000,901000,929000,995000,822000]",361,8946000
26,27,10,"[211,853,801,816,760,797,316,341,344,322]","[565000,2609000,1904000,1921000,3339000,1937000,878000,896000,979000,1101000]",853,16129000
26,28,10,"[295,341,343,370,280,370,367,330,200,344]","[971000,1036000,998000,1037000,812000,1094000,960000,877000,568000,912000]",370,9265000
26,29,10,"[255,329,280,351,254,351,301,340,362,244]","[713000,977000,794000,997000,745000,1027000,830000,899000,1012000,712000]",362,8706000
26,30,10,"[185,346,293,300,296,363,366,304,360,267]","[544000,986000,788000,812000,847000,1075000,964000,798000,1007000,750000]",366,8571000
26,31,10,"[204,331,257,264,287,366,491,318,358,298]","[594000,958000,684000,732000,840000,1073000,1368000,873000,1009000,825000]",491,8956000
26,32,10,"[236,350,280,278,292,369,319,341,350,223]","[695000,993000,754000,785000,860000,1075000,883000,894000,982000,640000]",369,8561000
26,33,10,"[222,323,278,377,276,369,377,345,219,221]","[615000,944000,784000,1047000,795000,1089000,989000,938000,649000,629000]",377,8479000
26,34,10,"[265,332,303,337,261,362,328,347,361,298]","[818000,985000,880000,944000,777000,1017000,916000,904000,1016000,821000]",362,9078000
26,35,10,"[1251,1263,1190,1348,1204,1158,355,1284,1290,298]","[3091000,3168000,2593000,3116000,3800000,2661000,965000,5499000,2944000,779000]",1348,28616000
26,36,10,"[398,456,367,303,227,360,490,451,520,428]","[1240000,1380000,1002000,885000,657000,1026000,1382000,1169000,1379000,1638000]",520,11758000
26,37,10,"[282,334,233,314,338,358,324,334,327,343]","[887000,969000,634000,893000,929000,1042000,911000,888000,930000,995000]",358,9078000
26,38,10,"[259,349,331,333,276,370,375,348,278,303]","[739000,999000,968000,888000,792000,1091000,974000,894000,808000,841000]",375,8994000
26,39,10,"[591,337,563,637,268,358,529,637,600,481]","[2184000,942000,1785000,1615000,785000,1022000,1914000,1596000,1476000,1195000]",637,14514000
26,40,10,"[218,319,355,301,253,332,310,356,341,298]","[660000,939000,955000,870000,740000,948000,911000,922000,970000,807000]",356,8722000
26,41,10,"[255,322,255,299,300,368,323,352,264,229]","[699000,950000,690000,805000,886000,1075000,881000,911000,746000,639000]",368,8282000
26,42,10,"[249,356,266,329,289,369,319,353,284,255]","[693000,998000,709000,891000,851000,1091000,883000,913000,831000,724000]",369,8584000
26,43,10,"[277,326,250,325,225,362,323,332,362,215]","[789000,953000,700000,922000,638000,1068000,913000,867000,1011000,607000]",362,8468000
26,44,10,"[218,317,247,259,278,399,318,341,359,299]","[662000,940000,690000,726000,814000,1139000,871000,894000,1006000,812000]",399,8554000
26,45,10,"[253,343,244,314,370,360,338,339,388,293]","[779000,1004000,680000,898000,1036000,1056000,917000,948000,1127000,832000]",388,9277000
26,46,10,"[255,324,282,354,309,358,320,341,362,299]","[720000,949000,790000,1015000,858000,1022000,894000,901000,1022000,822000]",362,8993000
26,47,10,"[320,424,359,281,253,362,320,339,358,352]","[1096000,1208000,1060000,818000,749000,1030000,881000,901000,997000,1046000]",424,9786000
26,48,10,"[236,342,331,245,257,358,338,354,256,281]","[652000,987000,968000,684000,739000,1032000,910000,900000,738000,768000]",358,8378000
26,49,10,"[255,325,279,358,221,362,322,318,354,299]","[724000,949000,784000,1008000,644000,1078000,898000,822000,1002000,822000]",362,8731000
26,50,10,"[243,348,306,327,278,395,307,373,279,269]","[747000,1046000,922000,868000,805000,1125000,824000,1000000,809000,768000]",395,8914000
26,51,10,"[256,338,323,341,278,363,366,347,221,228]","[699000,1006000,885000,922000,805000,1075000,961000,917000,626000,658000]",366,8554000
26,52,10,"[252,325,265,313,259,373,323,322,353,221]","[701000,948000,740000,905000,742000,1075000,900000,838000,986000,614000]",373,8449000
26,53,10,"[273,323,253,366,306,355,339,376,385,286]","[823000,942000,674000,1009000,900000,1042000,916000,1002000,1112000,815000]",385,9235000
26,54,10,"[297,360,352,282,254,359,374,339,362,333]","[950000,1063000,1051000,818000,754000,1053000,1023000,897000,1024000,973000]",374,9606000
26,55,10,"[221,354,298,313,280,364,324,344,351,211]","[590000,1014000,802000,922000,827000,1074000,914000,904000,976000,605000]",364,8628000
26,56,10,"[220,318,352,301,223,359,309,356,342,298]","[673000,935000,956000,874000,659000,1022000,904000,922000,973000,807000]",359,8725000
26,57,10,"[259,344,331,311,283,355,334,328,345,239]","[719000,997000,968000,914000,820000,1027000,907000,846000,949000,682000]",355,8829000
26,58,10,"[1451,609,1537,1580,273,1527,1541,1600,1498,1403]","[3282000,1512000,4792000,3416000,789000,3361000,4567000,3987000,5583000,5218000]",1600,36507000
26,59,10,"[283,338,334,198,287,340,357,336,338,305]","[906000,986000,971000,559000,847000,995000,1011000,888000,958000,845000]",357,8966000
26,60,10,"[216,344,270,322,252,361,323,341,370,249]","[626000,982000,784000,948000,735000,1034000,884000,896000,1021000,702000]",370,8612000
26,61,10,"[259,342,341,362,303,357,338,366,282,300]","[732000,1000000,948000,1013000,853000,1049000,924000,954000,823000,820000]",366,9116000
26,62,10,"[285,368,305,318,294,368,319,393,352,357]","[893000,1040000,837000,902000,827000,1069000,857000,1008000,1101000,1015000]",393,9549000
26,63,10,"[298,334,279,353,254,360,368,370,300,315]","[936000,981000,784000,1011000,757000,1055000,974000,1039000,926000,948000]",370,9411000
26,64,10,"[254,306,279,278,257,354,345,342,355,299]","[715000,883000,784000,815000,757000,1042000,927000,907000,992000,824000]",355,8646000
26,65,10,"[248,367,255,322,289,364,306,357,318,320]","[785000,1045000,679000,882000,843000,1071000,821000,942000,936000,900000]",367,8904000
26,66,10,"[216,366,332,308,261,355,333,363,283,334]","[620000,1039000,968000,883000,748000,1036000,900000,934000,820000,887000]",366,8835000
26,67,10,"[216,350,313,295,285,362,373,335,356,224]","[650000,997000,869000,795000,830000,1073000,1001000,863000,1000000,678000]",373,8756000
26,68,10,"[285,335,340,283,289,364,326,336,342,304]","[906000,985000,995000,825000,857000,1069000,874000,888000,966000,840000]",364,9205000
26,69,10,"[213,345,280,343,296,368,315,340,277,309]","[573000,987000,748000,977000,861000,1088000,873000,887000,801000,859000]",368,8654000
26,70,10,"[205,343,271,271,286,374,313,333,332,233]","[584000,1007000,710000,749000,842000,1103000,861000,879000,946000,663000]",374,8344000
26,71,10,"[253,378,288,351,257,358,329,290,359,301]","[713000,1101000,824000,1005000,757000,1009000,913000,750000,1000000,820000]",378,8892000
26,72,10,"[218,320,251,303,283,361,317,264,356,298]","[660000,939000,699000,855000,820000,1063000,867000,701000,994000,810000]",361,8408000
26,73,10,"[278,326,278,313,235,365,324,276,359,227]","[777000,952000,772000,891000,686000,1075000,912000,713000,1025000,655000]",365,8458000
26,74,10,"[261,330,334,275,257,352,335,319,359,288]","[814000,958000,971000,800000,754000,1032000,900000,863000,1021000,810000]",359,8923000
26,75,10,"[240,307,356,313,287,365,379,428,374,300]","[779000,893000,1168000,860000,841000,1071000,987000,1083000,1067000,811000]",428,9560000
26,76,10,"[285,342,334,281,253,357,354,338,343,308]","[910000,992000,971000,818000,743000,1048000,1008000,890000,973000,841000]",357,9194000
26,77,10,"[254,301,294,362,252,362,325,339,356,304]","[715000,882000,829000,1030000,736000,1027000,891000,904000,994000,850000]",362,8858000
26,78,10,"[208,345,283,267,289,368,314,341,338,238]","[596000,1000000,771000,738000,845000,1086000,867000,897000,967000,678000]",368,8445000
26,79,10,"[255,322,294,361,256,362,326,341,357,304]","[717000,948000,829000,1029000,740000,1027000,896000,904000,1006000,850000]",362,8946000
26,80,10,"[223,319,354,299,277,357,272,360,344,244]","[657000,934000,950000,872000,827000,1024000,781000,929000,978000,699000]",360,8651000
26,81,10,"[279,326,246,322,260,362,322,329,355,222]","[802000,949000,691000,922000,745000,1068000,905000,852000,976000,615000]",362,8525000
26,82,10,"[191,353,269,320,293,366,316,336,284,254]","[529000,968000,729000,872000,851000,1078000,878000,879000,833000,709000]",366,8326000
26,83,10,"[241,338,304,320,286,364,301,325,299,247]","[753000,991000,899000,868000,839000,1063000,802000,827000,871000,708000]",364,8621000
26,84,10,"[252,329,281,356,277,317,323,344,358,243]","[709000,966000,789000,1018000,812000,922000,897000,916000,1008000,701000]",358,8738000
26,85,10,"[258,327,261,309,224,369,322,325,353,223]","[722000,952000,732000,881000,635000,1071000,892000,857000,986000,641000]",369,8369000
26,86,10,"[733,507,763,542,249,315,721,1461,1317,1216]","[1907000,1399000,1955000,1445000,720000,914000,1725000,6240000,4275000,4250000]",1461,24830000
26,87,10,"[180,343,281,322,289,367,373,256,278,291]","[508000,1013000,787000,866000,851000,1075000,987000,676000,811000,759000]",373,8333000
26,88,10,"[276,328,307,326,226,366,320,273,366,217]","[787000,960000,869000,932000,655000,1070000,889000,692000,1025000,611000]",366,8490000
26,89,10,"[259,344,332,309,243,354,334,361,309,294]","[733000,987000,970000,889000,705000,1033000,909000,932000,890000,816000]",361,8864000
27,1,10,"[195,289,257,366,382,379,381,268,382,247]","[576000,806000,741000,1061000,1078000,1115000,1067000,728000,1061000,707000]",382,8940000
27,2,10,"[195,290,278,367,379,372,383,258,337,247]","[576000,806000,794000,1063000,1074000,1080000,1065000,745000,899000,707000]",383,8809000
27,3,10,"[195,233,254,389,397,353,390,252,317,243]","[576000,636000,739000,1093000,1108000,1052000,1086000,713000,883000,690000]",397,8576000
27,4,10,"[179,300,274,367,367,360,386,251,287,228]","[542000,861000,765000,1076000,1028000,1080000,1074000,717000,823000,669000]",386,8635000
27,5,10,"[232,296,272,370,380,374,336,316,345,306]","[688000,833000,762000,1061000,1074000,1088000,931000,847000,957000,878000]",380,9119000
27,6,10,"[198,358,366,281,379,366,378,307,358,280]","[582000,1034000,1045000,829000,1079000,1061000,1071000,847000,1034000,809000]",379,9391000
27,7,10,"[179,300,267,367,389,362,385,249,288,228]","[542000,861000,752000,1076000,1064000,1073000,1076000,717000,816000,669000]",389,8646000
27,8,10,"[207,298,272,370,380,374,373,316,345,307]","[619000,848000,762000,1061000,1074000,1088000,1026000,847000,957000,871000]",380,9153000
27,9,10,"[198,358,370,278,379,370,378,306,362,279]","[582000,1034000,1052000,814000,1076000,1082000,1062000,852000,1037000,807000]",379,9398000
27,10,10,"[195,290,273,368,384,381,383,268,382,247]","[576000,808000,764000,1065000,1088000,1115000,1071000,728000,1061000,707000]",384,8983000
27,11,10,"[177,296,256,361,382,357,387,249,326,223]","[542000,838000,746000,1051000,1078000,1059000,1069000,717000,922000,660000]",387,8682000
27,12,10,"[183,304,275,368,382,361,385,250,359,235]","[582000,866000,759000,1076000,1058000,1076000,1076000,719000,1022000,699000]",385,8933000
27,13,10,"[198,341,275,384,388,376,385,262,342,195]","[582000,958000,768000,1064000,1089000,1096000,1081000,748000,911000,534000]",388,8831000
27,14,10,"[183,304,275,368,382,361,385,250,359,235]","[582000,866000,764000,1076000,1058000,1073000,1076000,719000,1022000,699000]",385,8935000
27,15,10,"[179,300,267,367,389,362,385,249,328,209]","[542000,861000,752000,1076000,1064000,1073000,1076000,717000,917000,610000]",389,8688000
27,16,10,"[199,348,357,384,382,376,370,326,264,261]","[587000,984000,1040000,1054000,1085000,1079000,1028000,918000,716000,754000]",384,9245000
27,17,10,"[196,344,363,382,382,360,381,262,338,278]","[576000,997000,1050000,1097000,1084000,1077000,1067000,708000,949000,784000]",382,9389000
27,18,10,"[215,342,357,383,381,377,371,325,316,217]","[609000,960000,1044000,1054000,1083000,1084000,1036000,916000,868000,651000]",383,9305000
27,19,10,"[198,358,370,278,379,370,379,306,362,279]","[582000,1034000,1052000,814000,1076000,1082000,1067000,852000,1037000,807000]",379,9403000
27,20,10,"[195,251,286,395,395,371,389,256,279,242]","[576000,681000,827000,1122000,1104000,1083000,1082000,721000,774000,685000]",395,8655000
27,21,10,"[204,264,307,379,382,350,436,316,399,258]","[610000,740000,847000,1072000,1091000,1015000,1220000,859000,1099000,762000]",436,9315000
27,22,10,"[210,359,358,384,397,416,379,316,318,265]","[641000,1033000,1025000,1134000,1066000,1217000,1038000,856000,920000,749000]",416,9679000
27,23,10,"[210,296,283,301,389,358,448,269,374,304]","[614000,841000,787000,872000,1112000,1028000,1259000,722000,1006000,858000]",448,9099000
27,24,10,"[198,346,364,332,388,336,426,329,383,366]","[580000,1037000,1027000,930000,1084000,990000,1185000,885000,1084000,1031000]",426,9833000
27,25,10,"[195,289,275,300,383,361,458,258,368,291]","[576000,806000,767000,868000,1096000,1037000,1288000,720000,1036000,813000]",458,9007000
27,26,10,"[196,344,363,382,379,360,413,269,345,278]","[576000,1000000,1050000,1097000,1082000,1080000,1122000,732000,957000,784000]",413,9480000
27,27,10,"[199,230,257,333,386,340,456,272,364,265]","[581000,634000,738000,944000,1093000,994000,1285000,735000,1009000,764000]",456,8777000
27,28,10,"[210,362,359,379,395,402,378,332,321,265]","[641000,1039000,1025000,1115000,1075000,1159000,1032000,906000,926000,749000]",402,9667000
27,29,10,"[196,266,267,400,392,359,418,353,378,249]","[581000,737000,734000,1135000,1102000,1060000,1175000,944000,1044000,712000]",418,9224000
27,30,10,"[188,318,269,371,384,353,456,267,320,301]","[597000,897000,749000,1081000,1092000,1008000,1285000,705000,865000,792000]",456,9071000
27,31,10,"[215,341,270,382,386,376,326,328,316,217]","[609000,958000,771000,1054000,1091000,1099000,913000,915000,869000,651000]",386,8930000
27,32,10,"[179,300,274,367,367,360,386,251,327,209]","[542000,861000,765000,1076000,1028000,1080000,1074000,717000,924000,610000]",386,8677000
27,33,10,"[183,309,268,369,393,352,390,250,360,235]","[582000,881000,754000,1080000,1085000,1052000,1086000,722000,995000,699000]",393,8936000
27,34,10,"[191,305,271,355,378,357,387,251,359,240]","[616000,871000,757000,1037000,1067000,1063000,1080000,717000,1009000,729000]",387,8946000
27,35,10,"[198,341,275,391,387,371,376,298,342,195]","[582000,958000,768000,1084000,1091000,1088000,1048000,846000,913000,534000]",391,8912000
27,36,10,"[195,290,274,367,384,373,387,265,365,247]","[576000,808000,765000,1063000,1095000,1080000,1091000,754000,1006000,707000]",387,8945000
27,37,10,"[215,341,348,387,384,364,376,331,317,217]","[609000,958000,1011000,1064000,1093000,1047000,1064000,933000,870000,651000]",387,9300000
27,38,10,"[198,375,254,389,382,358,462,269,337,243]","[581000,1070000,723000,1078000,1076000,1024000,1311000,724000,900000,675000]",462,9162000
27,39,10,"[183,311,270,385,396,356,390,255,337,230]","[582000,892000,759000,1083000,1110000,1058000,1086000,715000,958000,673000]",396,8916000
27,40,10,"[176,297,270,334,368,336,448,240,351,300]","[547000,828000,752000,959000,1040000,996000,1265000,662000,976000,867000]",448,8892000
27,41,10,"[188,311,271,390,383,369,406,258,330,230]","[607000,853000,761000,1116000,1080000,1078000,1144000,751000,918000,622000]",406,8930000
27,42,10,"[198,346,366,384,378,360,375,318,346,280]","[576000,1004000,1040000,1101000,1072000,1065000,1030000,850000,957000,791000]",384,9486000
27,43,10,"[178,308,259,294,392,340,451,242,397,250]","[547000,857000,755000,864000,1123000,1001000,1271000,666000,1121000,753000]",451,8958000
27,44,10,"[198,265,311,378,384,351,438,318,354,298]","[595000,742000,856000,1068000,1095000,1017000,1220000,859000,981000,836000]",438,9269000
27,45,10,"[202,294,276,295,381,356,481,317,384,301]","[589000,813000,762000,861000,1086000,1037000,1339000,858000,1086000,850000]",481,9281000
27,46,10,"[215,341,347,386,384,400,368,328,316,217]","[609000,958000,996000,1060000,1090000,1131000,1036000,912000,868000,651000]",400,9311000
27,47,10,"[211,320,364,338,383,315,456,317,380,262]","[621000,953000,1037000,962000,1054000,933000,1287000,864000,1078000,757000]",456,9546000
27,48,10,"[210,360,333,383,396,416,378,316,318,265]","[641000,1035000,929000,1129000,1064000,1195000,1036000,856000,920000,749000]",416,9554000
27,49,10,"[215,341,348,384,388,400,374,271,339,217]","[609000,958000,996000,1058000,1087000,1131000,1030000,778000,944000,651000]",400,9242000
27,50,10,"[202,357,359,330,364,367,364,275,347,258]","[602000,1005000,1028000,918000,1040000,1055000,1046000,777000,933000,775000]",367,9179000
27,51,10,"[210,359,358,332,379,429,374,303,384,265]","[641000,1033000,1025000,979000,1042000,1230000,1030000,813000,1089000,749000]",429,9631000
27,52,10,"[195,269,273,376,382,356,363,437,346,248]","[576000,743000,764000,1088000,1058000,1069000,1008000,1153000,962000,714000]",437,9135000
27,53,10,"[198,341,275,384,382,373,384,271,341,198]","[582000,958000,768000,1088000,1058000,1093000,1076000,773000,908000,549000]",384,8853000
27,54,10,"[195,289,260,300,388,357,455,259,371,291]","[576000,806000,750000,868000,1099000,1025000,1278000,720000,1042000,813000]",455,8977000
27,55,10,"[203,391,257,336,355,423,389,298,381,266]","[605000,1100000,715000,910000,1018000,1214000,1071000,836000,1002000,765000]",423,9236000
27,56,10,"[195,361,365,416,398,417,367,336,343,260]","[576000,1052000,1039000,1195000,1061000,1216000,1011000,899000,947000,731000]",417,9727000
27,57,10,"[210,362,358,331,379,399,383,321,384,265]","[641000,1039000,1025000,967000,1049000,1167000,1051000,868000,1084000,749000]",399,9640000
27,58,10,"[193,329,259,350,380,402,379,312,381,240]","[607000,940000,752000,1012000,1048000,1174000,1043000,843000,1070000,729000]",402,9218000
27,59,10,"[196,348,363,384,386,359,386,254,336,277]","[576000,1044000,1050000,1101000,1094000,1078000,1077000,703000,942000,779000]",386,9444000
27,60,10,"[215,341,336,384,382,402,377,260,318,217]","[619000,958000,962000,1056000,1088000,1137000,1054000,739000,882000,656000]",402,9151000
27,61,10,"[210,373,363,375,383,406,385,399,319,299]","[598000,1073000,1040000,1099000,1060000,1184000,1040000,1065000,925000,871000]",406,9955000
27,62,10,"[183,306,268,373,384,361,385,256,398,245]","[582000,870000,755000,1088000,1062000,1073000,1076000,725000,1073000,693000]",398,8997000
27,63,10,"[194,317,257,363,386,360,393,260,330,234]","[627000,878000,746000,1055000,1085000,1063000,1095000,750000,928000,653000]",393,8880000
27,64,10,"[258,366,340,342,378,401,379,324,384,264]","[749000,1065000,989000,985000,1046000,1174000,1046000,871000,1084000,749000]",401,9758000
27,65,10,"[199,338,327,327,376,398,382,325,394,249]","[612000,991000,937000,950000,1044000,1149000,1049000,883000,1111000,774000]",398,9500000
27,66,10,"[210,361,358,382,395,418,371,316,321,265]","[641000,1035000,1025000,1130000,1059000,1221000,1019000,856000,926000,749000]",418,9661000
27,67,10,"[176,250,296,392,380,354,457,271,357,245]","[537000,676000,804000,1105000,1078000,1025000,1289000,715000,965000,686000]",457,8880000
27,68,10,"[200,356,352,331,367,402,399,325,333,241]","[596000,981000,1012000,911000,1046000,1129000,1126000,878000,930000,695000]",402,9304000
27,69,10,"[195,291,288,370,384,372,340,271,382,247]","[576000,813000,838000,1065000,1082000,1082000,947000,753000,1061000,707000]",384,8924000
27,70,10,"[195,290,278,374,378,373,383,258,328,246]","[576000,806000,793000,1079000,1067000,1087000,1070000,743000,891000,702000]",383,8814000
27,71,10,"[236,234,213,388,394,365,389,255,316,259]","[745000,659000,632000,1100000,1104000,1059000,1084000,723000,881000,732000]",394,8719000
27,72,10,"[193,310,270,367,377,362,385,264,286,243]","[572000,870000,759000,1076000,1059000,1085000,1072000,754000,819000,744000]",385,8810000
27,73,10,"[231,295,273,370,380,371,366,315,278,309]","[688000,830000,762000,1061000,1074000,1078000,1015000,848000,785000,881000]",380,9022000
27,74,10,"[199,358,370,278,345,367,376,309,397,282]","[587000,1034000,1066000,823000,965000,1063000,1056000,848000,1163000,804000]",397,9409000
27,75,10,"[179,300,267,367,393,411,385,254,289,228]","[542000,861000,753000,1076000,1074000,1175000,1079000,736000,818000,669000]",411,8783000
27,76,10,"[197,292,303,369,380,333,369,323,347,294]","[576000,821000,863000,1063000,1078000,965000,1019000,868000,957000,820000]",380,9030000
27,77,10,"[196,356,363,273,381,372,380,308,355,285]","[578000,1020000,1044000,798000,1080000,1082000,1066000,856000,1012000,815000]",381,9351000
27,78,10,"[209,295,270,366,384,379,383,270,382,261]","[659000,836000,760000,1061000,1085000,1115000,1071000,732000,1061000,730000]",384,9110000
27,79,10,"[194,335,256,319,382,361,388,251,328,234]","[627000,955000,746000,944000,1075000,1080000,1071000,724000,930000,653000]",388,8805000
27,80,10,"[595,711,273,370,395,354,390,274,538,634]","[2636000,1262000,763000,1091000,1080000,1059000,1004000,790000,1437000,2104000]",711,13226000
27,81,10,"[198,341,276,382,386,384,383,259,341,195]","[582000,958000,774000,1054000,1089000,1127000,1071000,736000,923000,534000]",386,8848000
27,82,10,"[183,304,301,340,385,358,385,249,362,235]","[582000,866000,861000,980000,1064000,1073000,1076000,717000,1025000,699000]",385,8943000
27,83,10,"[179,300,269,367,391,352,385,272,306,209]","[542000,861000,760000,1076000,1072000,1055000,1079000,786000,862000,610000]",391,8703000
27,84,10,"[199,348,350,386,384,383,374,328,264,261]","[587000,984000,1002000,1060000,1088000,1102000,1036000,918000,716000,754000]",386,9247000
27,85,10,"[196,344,363,375,382,360,381,262,343,278]","[576000,997000,1040000,1075000,1084000,1075000,1067000,708000,968000,787000]",382,9377000
27,86,10,"[219,342,378,382,386,377,327,329,314,219]","[619000,960000,1086000,1054000,1089000,1079000,915000,909000,868000,656000]",386,9235000
27,87,10,"[185,358,373,278,379,370,379,306,360,279]","[556000,1034000,1057000,814000,1076000,1082000,1067000,852000,1034000,807000]",379,9379000
27,88,10,"[214,250,286,387,395,370,389,256,232,243]","[635000,676000,827000,1098000,1104000,1081000,1082000,721000,659000,687000]",395,8570000
28,1,10,"[259,387,347,325,369,349,363,367,375,206]","[728000,1086000,956000,902000,1051000,1031000,1014000,1035000,1056000,581000]",387,9440000
28,2,10,"[375,362,314,349,365,360,351,372,324,220]","[1020000,1030000,834000,986000,1060000,978000,988000,1089000,930000,646000]",375,9561000
28,3,10,"[369,325,255,330,375,328,380,381,339,253]","[1050000,920000,703000,957000,1054000,941000,1079000,1100000,976000,710000]",381,9490000
28,4,10,"[312,350,321,258,374,386,329,394,338,197]","[858000,963000,866000,708000,1087000,1110000,939000,1144000,953000,553000]",394,9181000
28,5,10,"[350,348,321,264,403,334,345,402,303,203]","[957000,952000,866000,723000,1149000,923000,996000,1161000,857000,563000]",403,9147000
28,6,10,"[356,333,328,293,370,352,347,389,334,198]","[978000,927000,883000,808000,1072000,991000,1009000,1126000,953000,551000]",389,9298000
28,7,10,"[356,344,328,297,370,350,344,390,334,197]","[974000,959000,883000,815000,1072000,991000,994000,1128000,953000,553000]",390,9322000
28,8,10,"[357,282,353,298,370,313,395,390,338,197]","[981000,793000,962000,830000,1072000,884000,1139000,1134000,963000,553000]",395,9311000
28,9,10,"[375,362,314,353,368,359,353,370,333,220]","[1021000,1030000,834000,987000,1072000,984000,988000,1073000,956000,646000]",375,9591000
28,10,10,"[377,362,314,349,365,360,351,372,324,220]","[1021000,1030000,834000,986000,1060000,981000,988000,1089000,930000,646000]",377,9565000
28,11,10,"[376,362,314,353,349,359,353,370,345,220]","[1021000,1030000,834000,987000,1019000,984000,988000,1078000,986000,646000]",376,9573000
28,12,10,"[356,347,328,298,372,370,344,389,336,197]","[969000,962000,886000,824000,1082000,1050000,991000,1123000,959000,553000]",389,9399000
28,13,10,"[328,297,315,310,368,397,346,419,290,208]","[895000,834000,873000,908000,1024000,1124000,994000,1219000,822000,593000]",419,9286000
28,14,10,"[263,387,347,326,373,369,363,367,375,206]","[748000,1086000,956000,907000,1055000,1078000,1016000,1033000,1056000,581000]",387,9516000
28,15,10,"[371,354,320,350,350,357,350,386,346,213]","[1017000,1005000,855000,981000,1021000,970000,988000,1114000,986000,612000]",386,9549000
28,16,10,"[361,312,309,324,373,383,331,390,335,233]","[989000,921000,836000,923000,1034000,1101000,956000,1128000,966000,654000]",390,9508000
28,17,10,"[369,325,255,330,363,328,380,393,339,253]","[1050000,920000,703000,957000,1021000,941000,1079000,1133000,976000,710000]",393,9490000
28,18,10,"[370,326,326,328,375,352,366,370,353,340]","[1048000,954000,891000,909000,1060000,1029000,1037000,1050000,988000,997000]",375,9963000
28,19,10,"[355,382,313,334,378,395,321,393,296,177]","[993000,1065000,833000,943000,1035000,1135000,918000,1140000,840000,503000]",395,9405000
28,20,10,"[377,366,322,356,372,363,335,377,333,218]","[1031000,1030000,864000,990000,1086000,995000,941000,1105000,942000,640000]",377,9624000
28,21,10,"[333,359,332,309,443,412,352,430,274,213]","[927000,975000,916000,848000,1267000,1137000,985000,1259000,797000,612000]",443,9723000
28,22,10,"[343,316,296,312,368,398,342,422,288,220]","[968000,908000,829000,912000,1024000,1126000,987000,1229000,818000,606000]",422,9407000
28,23,10,"[328,298,315,308,443,400,345,369,330,208]","[895000,839000,873000,896000,1280000,1130000,992000,1065000,911000,593000]",443,9474000
28,24,10,"[264,387,346,328,404,398,362,369,377,205]","[730000,1083000,954000,908000,1122000,1174000,1012000,1040000,1110000,576000]",404,9709000
28,25,10,"[352,378,360,332,431,350,345,388,313,181]","[974000,1050000,963000,938000,1222000,1036000,968000,1121000,886000,517000]",431,9675000
28,26,10,"[267,386,329,299,407,363,343,393,335,199]","[744000,1063000,882000,826000,1171000,1029000,989000,1139000,966000,556000]",407,9365000
28,27,10,"[351,335,305,326,376,451,335,390,336,235]","[991000,963000,823000,925000,1044000,1268000,962000,1122000,956000,681000]",451,9735000
28,28,10,"[506,482,481,317,470,462,333,403,339,228]","[1376000,1510000,1363000,916000,1357000,1319000,960000,1158000,951000,629000]",506,11539000
28,29,10,"[338,359,390,293,370,379,385,428,282,221]","[944000,990000,1071000,811000,1048000,1035000,1088000,1246000,814000,645000]",428,9692000
28,30,10,"[359,310,304,321,398,445,332,388,367,231]","[987000,909000,823000,918000,1163000,1292000,958000,1124000,1042000,666000]",445,9882000
28,31,10,"[431,447,387,308,443,337,338,402,429,284]","[1209000,1311000,1049000,850000,1266000,931000,982000,1161000,1321000,837000]",447,10917000
28,32,10,"[325,385,322,399,378,374,346,388,338,212]","[926000,1064000,872000,1140000,1094000,1069000,995000,1120000,957000,605000]",399,9842000
28,33,10,"[405,346,320,260,448,399,349,398,296,198]","[1112000,945000,861000,702000,1294000,1149000,1008000,1153000,856000,555000]",448,9635000
28,34,10,"[329,345,332,328,403,412,343,375,324,202]","[910000,951000,883000,910000,1136000,1158000,991000,1080000,924000,556000]",412,9499000
28,35,10,"[354,342,321,264,452,401,351,402,291,207]","[963000,919000,871000,721000,1312000,1132000,1019000,1159000,822000,584000]",452,9502000
28,36,10,"[348,355,331,314,449,449,358,439,339,206]","[976000,977000,911000,876000,1276000,1242000,1007000,1244000,987000,574000]",449,10070000
28,37,10,"[368,324,316,315,451,398,349,366,385,203]","[1042000,951000,884000,912000,1303000,1130000,987000,1068000,1115000,583000]",451,9975000
28,38,10,"[367,322,322,346,377,356,344,370,353,340]","[1046000,926000,893000,942000,1065000,1044000,982000,1052000,991000,1001000]",377,9942000
28,39,10,"[316,349,320,291,420,397,358,393,481,196]","[875000,960000,861000,798000,1194000,1136000,1000000,1167000,1456000,551000]",481,9998000
28,40,10,"[331,359,329,306,415,378,335,380,337,207]","[932000,984000,889000,846000,1155000,1074000,935000,1115000,974000,584000]",415,9488000
28,41,10,"[363,321,325,331,382,354,367,373,354,322]","[1035000,907000,880000,916000,1072000,1041000,1049000,1057000,996000,912000]",382,9865000
28,42,10,"[373,317,416,327,368,351,371,369,340,210]","[1058000,910000,1141000,912000,1046000,1038000,1052000,1058000,962000,612000]",416,9789000
28,43,10,"[356,345,328,295,373,365,344,395,337,197]","[969000,961000,886000,815000,1087000,1042000,991000,1143000,958000,553000]",395,9405000
28,44,10,"[334,356,332,304,446,441,352,427,323,213]","[929000,975000,916000,842000,1271000,1230000,985000,1244000,926000,612000]",446,9930000
28,45,10,"[345,361,334,309,452,413,333,389,386,215]","[964000,985000,914000,858000,1225000,1150000,948000,1132000,1077000,616000]",452,9869000
28,46,10,"[367,320,337,327,391,393,371,420,298,345]","[1046000,933000,891000,909000,1115000,1159000,1060000,1212000,822000,987000]",420,10134000
28,47,10,"[405,393,330,262,382,393,328,411,392,283]","[1150000,1161000,896000,707000,1113000,1130000,941000,1170000,1179000,835000]",411,10282000
28,48,10,"[370,360,314,350,349,357,351,412,346,210]","[1027000,1024000,834000,981000,1017000,982000,988000,1163000,991000,606000]",412,9613000
28,49,10,"[376,331,313,331,390,354,369,448,369,204]","[1056000,963000,861000,935000,1121000,1035000,1042000,1310000,1031000,585000]",448,9939000
28,50,10,"[386,353,318,350,410,351,344,429,274,217]","[1076000,1009000,842000,982000,1210000,963000,958000,1230000,788000,641000]",429,9699000
28,51,10,"[329,381,318,338,364,402,323,394,295,177]","[913000,1045000,849000,954000,1022000,1132000,921000,1136000,835000,503000]",402,9310000
28,52,10,"[374,359,323,348,365,359,359,428,305,218]","[1036000,1014000,863000,981000,1060000,979000,992000,1234000,884000,640000]",428,9683000
28,53,10,"[282,387,347,338,383,386,365,387,339,223]","[794000,1083000,953000,936000,1063000,1111000,1012000,1117000,964000,611000]",387,9644000
28,54,10,"[360,314,322,325,373,382,353,390,335,235]","[994000,935000,860000,928000,1034000,1099000,976000,1123000,966000,666000]",390,9581000
28,55,10,"[390,455,313,314,363,399,345,421,285,305]","[1168000,1393000,841000,905000,1012000,1140000,986000,1229000,810000,917000]",455,10401000
28,56,10,"[262,388,343,327,376,406,341,368,380,204]","[734000,1067000,947000,912000,1070000,1165000,961000,1038000,1061000,581000]",406,9536000
28,57,10,"[317,280,339,256,414,414,384,416,302,199]","[877000,774000,933000,688000,1124000,1188000,1098000,1194000,868000,557000]",416,9301000
28,58,10,"[333,358,332,341,388,430,338,378,330,210]","[933000,975000,904000,928000,1109000,1205000,937000,1105000,941000,599000]",430,9636000
28,59,10,"[359,330,352,261,371,351,349,390,337,198]","[980000,922000,955000,691000,1084000,993000,1010000,1128000,952000,551000]",390,9266000
28,60,10,"[263,387,347,326,376,373,363,365,399,206]","[748000,1086000,956000,907000,1070000,1062000,1016000,1029000,1128000,581000]",399,9583000
28,61,10,"[365,305,309,323,367,399,342,421,256,214]","[1012000,899000,840000,928000,1027000,1134000,982000,1229000,703000,613000]",421,9367000
28,62,10,"[277,384,344,340,372,349,364,366,372,218]","[762000,1077000,936000,955000,1056000,1031000,1016000,1035000,1046000,608000]",384,9522000
28,63,10,"[378,363,314,349,350,377,355,372,324,220]","[1020000,1034000,834000,986000,1007000,1021000,1007000,1089000,930000,646000]",378,9574000
28,64,10,"[370,320,255,333,411,327,339,382,338,245]","[1055000,929000,708000,969000,1156000,926000,987000,1100000,969000,696000]",411,9495000
28,65,10,"[313,346,321,262,375,388,329,402,332,197]","[860000,943000,866000,706000,1082000,1110000,939000,1162000,976000,553000]",402,9197000
28,66,10,"[355,349,333,260,402,334,345,405,302,203]","[961000,951000,890000,715000,1149000,921000,993000,1174000,859000,565000]",405,9178000
28,67,10,"[356,327,324,294,372,388,312,392,334,198]","[982000,916000,880000,811000,1092000,1109000,904000,1132000,952000,551000]",392,9329000
28,68,10,"[356,344,328,295,353,354,344,390,347,197]","[974000,959000,883000,815000,1024000,997000,994000,1128000,994000,553000]",390,9321000
28,69,10,"[357,282,353,298,353,314,395,391,354,197]","[981000,793000,962000,830000,1025000,886000,1139000,1136000,1008000,553000]",395,9313000
28,70,10,"[340,365,314,353,371,362,353,370,360,220]","[930000,1030000,834000,987000,1074000,991000,988000,1078000,1019000,646000]",371,9577000
28,71,10,"[377,363,316,349,366,241,397,372,324,220]","[1021000,1030000,838000,986000,1065000,690000,1142000,1089000,930000,646000]",397,9437000
28,72,10,"[379,367,317,351,351,362,312,372,380,220]","[1045000,1032000,840000,987000,1019000,997000,891000,1092000,1076000,656000]",380,9635000
28,73,10,"[355,282,351,296,373,365,347,395,337,197]","[981000,787000,962000,823000,1084000,1042000,997000,1148000,955000,553000]",395,9332000
28,74,10,"[297,301,310,314,363,396,340,420,286,229]","[830000,838000,857000,905000,1012000,1124000,982000,1224000,810000,634000]",420,9216000
28,75,10,"[264,385,345,284,368,368,365,365,373,240]","[753000,1076000,939000,801000,1041000,1092000,1019000,1033000,1055000,668000]",385,9477000
28,76,10,"[370,362,324,349,350,359,316,383,374,216]","[1022000,1017000,863000,983000,1021000,988000,899000,1111000,1070000,631000]",383,9605000
28,77,10,"[361,312,309,324,373,380,331,391,335,233]","[989000,921000,836000,923000,1034000,1092000,956000,1133000,966000,654000]",391,9504000
28,78,10,"[372,317,255,334,365,326,341,392,361,243]","[1056000,908000,708000,961000,1021000,937000,997000,1131000,1030000,692000]",392,9441000
28,79,10,"[365,316,325,329,376,353,369,370,378,269]","[1042000,918000,890000,910000,1060000,1036000,1056000,1064000,1074000,832000]",378,9882000
28,80,10,"[355,382,313,334,394,392,321,386,296,177]","[993000,1065000,833000,943000,1080000,1129000,918000,1113000,840000,503000]",394,9417000
28,81,10,"[379,364,319,351,360,362,342,382,330,221]","[1045000,1033000,845000,987000,1050000,989000,969000,1120000,938000,645000]",382,9621000
29,1,10,"[229,188,385,310,379,368,342,327,306,270]","[675000,519000,1088000,873000,1172000,1060000,942000,896000,849000,801000]",385,8875000
29,2,10,"[222,180,374,317,390,341,355,288,255,270]","[641000,528000,1048000,913000,1197000,980000,1028000,778000,723000,774000]",390,8610000
29,3,10,"[279,254,380,328,380,313,377,286,310,282]","[792000,726000,1055000,931000,1137000,859000,1073000,788000,884000,814000]",380,9059000
29,4,10,"[192,280,380,320,380,307,386,263,306,222]","[550000,802000,1048000,925000,1145000,907000,1096000,757000,865000,657000]",386,8752000
29,5,10,"[259,266,354,370,378,329,383,335,317,216]","[740000,767000,1017000,1022000,1125000,893000,1122000,878000,913000,645000]",383,9122000
29,6,10,"[213,193,389,317,390,338,306,297,312,270]","[655000,544000,1094000,893000,1197000,964000,839000,818000,865000,801000]",390,8670000
29,7,10,"[222,264,379,376,377,291,381,343,310,270]","[619000,764000,1058000,1034000,1129000,843000,1111000,929000,893000,783000]",381,9163000
29,8,10,"[192,257,384,324,378,310,388,263,308,265]","[558000,736000,1048000,935000,1140000,919000,1096000,752000,866000,773000]",388,8823000
29,9,10,"[262,177,382,372,383,310,387,269,316,275]","[695000,528000,1049000,1032000,1165000,897000,1110000,769000,913000,803000]",387,8961000
29,10,10,"[214,247,385,314,386,340,348,322,308,277]","[629000,729000,1088000,883000,1198000,975000,963000,875000,845000,823000]",386,9008000
29,11,10,"[269,269,356,368,377,337,380,344,321,216]","[757000,781000,1014000,1018000,1135000,915000,1098000,907000,942000,645000]",380,9212000
29,12,10,"[198,263,382,320,387,304,388,262,308,275]","[554000,751000,1048000,925000,1154000,903000,1096000,767000,867000,793000]",388,8858000
29,13,10,"[270,264,383,371,377,328,382,346,322,217]","[779000,762000,1060000,1030000,1125000,888000,1120000,911000,938000,647000]",383,9260000
29,14,10,"[310,250,380,319,382,343,378,355,334,285]","[959000,698000,1059000,915000,1151000,962000,1083000,1001000,1007000,832000]",382,9667000
29,15,10,"[267,261,382,324,359,339,386,299,313,272]","[755000,744000,1060000,948000,1072000,940000,1096000,806000,898000,790000]",386,9109000
29,16,10,"[217,228,378,323,351,313,390,297,313,270]","[624000,651000,1052000,930000,1068000,904000,1100000,797000,898000,774000]",390,8798000
29,17,10,"[243,207,384,374,374,372,345,306,331,268]","[703000,591000,1067000,1028000,1125000,1068000,945000,852000,982000,770000]",384,9131000
29,18,10,"[209,178,378,379,391,348,303,326,306,259]","[595000,528000,1041000,1036000,1197000,989000,836000,899000,875000,746000]",391,8742000
29,19,10,"[229,256,382,319,358,334,387,320,316,259]","[650000,721000,1058000,920000,1094000,919000,1098000,873000,889000,748000]",387,8970000
29,20,10,"[221,275,379,321,354,332,387,297,313,274]","[655000,836000,1052000,930000,1077000,921000,1096000,799000,906000,794000]",387,9066000
29,21,10,"[195,229,389,313,389,269,448,285,307,273]","[541000,654000,1083000,890000,1185000,761000,1265000,788000,833000,807000]",448,8807000
29,22,10,"[203,207,392,372,382,388,360,298,313,264]","[585000,591000,1083000,1020000,1141000,1115000,1024000,812000,899000,762000]",392,9032000
29,23,10,"[217,247,385,313,396,337,362,327,313,277]","[622000,729000,1088000,881000,1223000,959000,1006000,900000,860000,823000]",396,9091000
29,24,10,"[234,254,390,343,391,338,395,315,311,259]","[660000,702000,1074000,974000,1191000,925000,1119000,869000,879000,752000]",395,9145000
29,25,10,"[272,339,374,343,386,290,471,364,327,286]","[774000,1030000,1054000,943000,1160000,759000,1353000,1001000,921000,840000]",471,9835000
29,26,10,"[481,214,386,373,372,290,405,332,433,310]","[1513000,595000,1072000,1024000,1105000,862000,1167000,950000,1318000,925000]",481,10531000
29,27,10,"[241,266,380,326,351,311,376,289,309,262]","[692000,726000,1053000,943000,1064000,849000,1070000,787000,883000,751000]",380,8818000
29,28,10,"[249,266,384,367,403,311,386,351,315,272]","[684000,746000,1051000,1015000,1196000,917000,1105000,907000,906000,793000]",403,9320000
29,29,10,"[299,275,380,322,351,336,370,326,304,280]","[937000,835000,1056000,932000,1074000,929000,1028000,895000,848000,813000]",380,9347000
29,30,10,"[321,252,380,383,379,338,389,364,329,306]","[969000,711000,1077000,1074000,1145000,921000,1108000,1064000,1000000,948000]",389,10017000
29,31,10,"[196,274,410,319,375,266,386,286,304,264]","[570000,767000,1109000,920000,1125000,787000,1090000,767000,866000,769000]",410,8770000
29,32,10,"[207,179,383,325,390,350,303,317,312,255]","[587000,532000,1064000,953000,1197000,995000,836000,872000,896000,738000]",390,8670000
29,33,10,"[217,296,384,323,351,317,392,341,311,270]","[624000,823000,1052000,930000,1064000,912000,1104000,875000,885000,774000]",392,9043000
29,34,10,"[240,209,389,303,379,297,387,265,290,270]","[730000,607000,1090000,855000,1136000,862000,1101000,742000,832000,801000]",389,8756000
29,35,10,"[252,244,372,372,389,281,412,340,310,284]","[731000,734000,1057000,1022000,1195000,745000,1206000,933000,854000,834000]",412,9311000
29,36,10,"[246,485,384,371,378,383,304,292,302,273]","[693000,1531000,1063000,1022000,1138000,1080000,836000,798000,883000,789000]",485,9833000
29,37,10,"[252,237,390,393,387,302,383,335,309,274]","[735000,697000,1103000,1037000,1185000,817000,1083000,914000,849000,818000]",393,9238000
29,38,10,"[239,296,385,324,392,331,350,322,365,260]","[670000,847000,1064000,936000,1197000,952000,964000,898000,1042000,751000]",392,9321000
29,39,10,"[301,271,382,367,376,300,381,343,310,282]","[905000,789000,1060000,1019000,1127000,832000,1118000,911000,895000,828000]",382,9484000
29,40,10,"[250,252,384,321,378,314,426,327,313,271]","[744000,705000,1060000,930000,1131000,842000,1204000,875000,889000,785000]",426,9165000
29,41,10,"[249,178,373,326,380,305,386,263,297,276]","[682000,528000,1029000,949000,1150000,895000,1096000,756000,848000,788000]",386,8721000
29,42,10,"[219,188,385,310,382,368,342,323,319,284]","[634000,519000,1088000,873000,1187000,1060000,942000,879000,956000,835000]",385,8973000
29,43,10,"[279,254,380,328,374,315,376,289,309,282]","[792000,726000,1055000,931000,1132000,859000,1068000,793000,884000,814000]",380,9054000
29,44,10,"[238,299,384,320,358,336,387,316,317,258]","[665000,818000,1058000,928000,1090000,919000,1098000,869000,889000,746000]",387,9080000
29,45,10,"[222,264,378,376,393,291,377,343,310,270]","[619000,764000,1056000,1034000,1202000,843000,1094000,929000,893000,783000]",393,9217000
29,46,10,"[198,185,391,325,382,370,342,324,333,254]","[579000,501000,1092000,930000,1176000,1064000,942000,879000,970000,744000]",391,8877000
29,47,10,"[304,218,380,323,353,325,392,331,303,271]","[956000,626000,1069000,934000,1078000,944000,1085000,908000,849000,800000]",392,9249000
29,48,10,"[241,231,378,378,394,325,303,346,341,254]","[699000,682000,1041000,1036000,1208000,915000,837000,971000,970000,741000]",394,9100000
29,49,10,"[251,277,388,327,382,304,386,333,310,274]","[733000,800000,1092000,926000,1187000,833000,1121000,921000,860000,807000]",388,9280000
29,50,10,"[209,165,378,379,391,348,303,326,306,259]","[595000,489000,1041000,1036000,1197000,989000,836000,899000,875000,744000]",391,8701000
29,51,10,"[175,261,387,321,393,357,393,253,313,271]","[469000,746000,1058000,921000,1212000,1039000,1116000,709000,884000,778000]",393,8932000
29,52,10,"[188,264,380,321,381,307,359,259,320,272]","[535000,741000,1048000,930000,1135000,917000,1033000,752000,920000,781000]",381,8792000
29,53,10,"[224,238,388,317,393,344,388,298,315,269]","[656000,723000,1106000,884000,1203000,1009000,1103000,798000,911000,772000]",393,9165000
29,54,10,"[302,240,384,392,389,339,386,364,331,306]","[916000,687000,1086000,1039000,1167000,932000,1101000,1052000,1016000,954000]",392,9950000
29,55,10,"[275,249,377,332,377,306,376,286,337,271]","[854000,781000,1050000,935000,1127000,844000,1070000,783000,947000,806000]",377,9197000
29,56,10,"[284,227,389,334,388,327,346,328,314,266]","[739000,654000,1092000,957000,1191000,923000,949000,899000,910000,771000]",389,9085000
29,57,10,"[245,231,390,396,395,304,385,330,299,283]","[700000,679000,1107000,1049000,1197000,833000,1121000,887000,838000,818000]",396,9229000
29,58,10,"[251,244,376,332,380,372,387,355,337,284]","[736000,677000,1052000,946000,1165000,1083000,1101000,994000,1031000,827000]",387,9612000
29,59,10,"[342,285,381,327,381,344,376,350,342,283]","[1125000,846000,1054000,944000,1141000,971000,1073000,984000,1020000,823000]",381,9981000
29,60,10,"[298,256,381,367,400,278,388,349,299,270]","[782000,717000,1047000,1015000,1181000,820000,1105000,871000,858000,771000]",400,9167000
29,61,10,"[187,275,379,321,356,332,387,297,309,271]","[530000,836000,1052000,930000,1077000,921000,1096000,799000,876000,770000]",387,8887000
29,62,10,"[272,252,387,319,376,341,377,384,353,267]","[790000,700000,1088000,917000,1138000,937000,1063000,1089000,1038000,775000]",387,9535000
29,63,10,"[245,175,379,323,393,329,336,298,332,273]","[717000,518000,1067000,925000,1203000,941000,924000,838000,950000,782000]",393,8865000
29,64,10,"[183,330,389,326,387,326,371,272,283,269]","[509000,935000,1082000,893000,1193000,944000,1048000,749000,813000,766000]",389,8932000
29,65,10,"[222,178,375,323,394,399,332,315,255,270]","[643000,528000,1050000,934000,1199000,1095000,955000,838000,726000,774000]",399,8742000
29,66,10,"[209,178,378,379,394,356,303,326,306,259]","[595000,528000,1041000,1036000,1217000,1026000,836000,901000,875000,746000]",394,8801000
29,67,10,"[229,244,390,310,388,290,449,272,319,272]","[660000,695000,1085000,878000,1190000,767000,1265000,761000,879000,808000]",449,8988000
29,68,10,"[248,239,388,404,390,328,442,408,305,275]","[718000,709000,1106000,1065000,1200000,911000,1240000,1125000,841000,820000]",442,9735000
29,69,10,"[241,260,387,328,354,343,394,329,290,268]","[665000,721000,1064000,950000,1069000,968000,1104000,902000,829000,800000]",394,9072000
29,70,10,"[272,271,382,367,376,291,382,344,341,287]","[797000,779000,1060000,1019000,1130000,831000,1113000,941000,1027000,843000]",382,9540000
29,71,10,"[229,227,386,315,388,266,451,276,302,273]","[622000,638000,1074000,903000,1190000,761000,1263000,776000,819000,789000]",451,8835000
29,72,10,"[230,265,386,322,358,336,391,322,318,261]","[649000,735000,1056000,935000,1089000,924000,1104000,902000,900000,762000]",391,9056000
29,73,10,"[312,266,376,322,377,343,386,302,331,281]","[1002000,737000,1050000,921000,1140000,959000,1099000,854000,1013000,817000]",386,9592000
29,74,10,"[268,251,391,324,358,297,392,266,312,271]","[753000,718000,1071000,938000,1080000,881000,1109000,704000,886000,776000]",392,8916000
29,75,10,"[232,261,385,321,353,331,391,321,317,258]","[637000,740000,1065000,930000,1075000,901000,1098000,913000,899000,748000]",391,9006000
29,76,10,"[274,220,375,375,387,261,385,284,296,279]","[806000,680000,1062000,1028000,1185000,694000,1092000,773000,833000,828000]",387,8981000
29,77,10,"[228,364,383,373,363,338,389,347,361,257]","[645000,1056000,1060000,1026000,1106000,940000,1102000,1000000,1023000,748000]",389,9706000
29,78,10,"[197,265,382,328,353,300,391,290,295,274]","[570000,791000,1073000,960000,1070000,863000,1111000,812000,842000,770000]",391,8862000
29,79,10,"[306,447,368,372,391,301,396,340,337,289]","[947000,1292000,1032000,1017000,1193000,818000,1147000,907000,941000,838000]",447,10132000
29,80,10,"[266,192,364,321,355,357,391,291,324,277]","[751000,524000,1016000,912000,1085000,1003000,1116000,798000,942000,804000]",391,8951000
29,81,10,"[194,230,377,326,379,319,396,281,299,273]","[552000,651000,1052000,945000,1136000,931000,1107000,760000,849000,770000]",396,8753000
29,82,10,"[217,283,394,305,385,299,389,335,314,268]","[648000,783000,1064000,884000,1167000,815000,1136000,915000,903000,788000]",394,9103000
29,83,10,"[300,232,378,377,396,302,389,333,349,291]","[883000,673000,1061000,1036000,1209000,814000,1117000,956000,1046000,875000]",396,9670000
29,84,10,"[219,302,386,327,390,345,349,309,325,272]","[664000,891000,1050000,936000,1197000,986000,1004000,832000,944000,786000]",390,9290000
29,85,10,"[234,194,430,369,380,287,371,386,343,253]","[678000,563000,1199000,1020000,1135000,823000,1058000,1077000,988000,739000]",430,9280000
29,86,10,"[221,215,358,321,375,338,385,299,318,266]","[644000,597000,1010000,917000,1116000,1028000,1094000,800000,933000,762000]",385,8901000
29,87,10,"[241,217,402,328,398,392,381,368,327,285]","[737000,607000,1110000,908000,1237000,1113000,1089000,1025000,976000,843000]",402,9645000
29,88,10,"[308,228,389,311,388,260,450,273,300,270]","[965000,657000,1096000,878000,1190000,743000,1282000,762000,821000,801000]",450,9195000
29,89,10,"[301,447,379,326,351,325,390,335,307,281]","[947000,1295000,1054000,947000,1074000,882000,1129000,915000,881000,813000]",447,9937000
29,90,10,"[229,188,390,308,379,370,353,327,304,270]","[671000,519000,1098000,867000,1172000,1060000,969000,896000,849000,801000]",390,8902000
29,91,10,"[216,177,378,321,461,340,357,284,251,275]","[628000,528000,1056000,917000,1342000,977000,1044000,771000,706000,784000]",461,8753000
29,92,10,"[270,276,381,325,375,311,386,324,331,285]","[852000,853000,1054000,941000,1125000,852000,1094000,947000,963000,814000]",386,9495000
29,93,10,"[221,258,380,320,380,308,386,268,306,222]","[626000,736000,1048000,925000,1147000,911000,1096000,767000,859000,657000]",386,8772000
29,94,10,"[263,262,363,368,377,328,380,333,315,216]","[745000,758000,1035000,1018000,1125000,898000,1108000,877000,921000,645000]",380,9130000
29,95,10,"[216,193,388,318,457,340,309,299,309,272]","[656000,544000,1090000,896000,1331000,964000,854000,828000,858000,803000]",457,8824000
29,96,10,"[222,262,381,369,375,302,380,308,310,266]","[619000,761000,1060000,1020000,1125000,859000,1116000,840000,895000,766000]",381,9061000
29,97,10,"[192,257,391,324,378,310,382,263,308,265]","[558000,736000,1075000,935000,1140000,919000,1075000,752000,866000,773000]",391,8829000
29,98,10,"[289,179,378,363,379,295,327,273,319,279]","[774000,528000,1041000,1008000,1136000,858000,960000,776000,915000,824000]",379,8820000
29,99,10,"[206,247,389,334,392,335,319,325,305,280]","[614000,729000,1096000,946000,1216000,951000,881000,890000,842000,829000]",392,8994000
29,100,10,"[268,270,398,368,375,334,339,346,332,216]","[770000,781000,1140000,1018000,1125000,910000,987000,921000,965000,645000]",398,9262000
29,101,10,"[198,263,382,274,383,302,388,262,308,315]","[554000,751000,1048000,785000,1146000,901000,1096000,767000,864000,907000]",388,8819000
29,102,10,"[263,262,382,371,375,345,380,307,315,217]","[733000,759000,1060000,1030000,1125000,961000,1116000,812000,921000,647000]",382,9164000
29,103,10,"[309,247,387,274,381,343,375,354,334,323]","[957000,692000,1082000,783000,1149000,962000,1068000,996000,1007000,940000]",387,9636000
29,104,10,"[268,303,377,322,360,336,378,299,328,273]","[764000,879000,1052000,920000,1084000,930000,1072000,794000,977000,786000]",378,9258000
29,105,10,"[220,221,376,302,354,311,392,303,325,286]","[642000,630000,1052000,867000,1074000,900000,1106000,821000,956000,830000]",392,8878000
29,106,10,"[243,207,417,374,336,373,348,306,330,268]","[703000,591000,1157000,1028000,1029000,1070000,960000,852000,972000,770000]",417,9132000
29,107,10,"[218,202,378,373,391,348,305,326,306,225]","[620000,607000,1041000,1028000,1197000,989000,836000,899000,875000,662000]",391,8754000
29,108,10,"[227,261,360,321,357,337,392,327,310,257]","[643000,723000,1010000,921000,1089000,930000,1101000,911000,890000,740000]",392,8958000
29,109,10,"[222,275,379,321,354,332,387,298,313,290]","[655000,836000,1052000,930000,1077000,921000,1096000,801000,911000,814000]",387,9093000
30,1,10,"[229,378,365,298,339,382,370,334,290,279]","[684000,1085000,1033000,797000,1012000,1004000,1032000,932000,792000,819000]",382,9190000
30,2,10,"[230,327,360,311,338,351,375,335,340,273]","[685000,915000,1044000,862000,1018000,989000,1073000,938000,969000,751000]",375,9244000
30,3,10,"[229,312,375,368,383,369,324,348,269,255]","[642000,922000,1061000,1041000,1165000,1035000,893000,913000,758000,713000]",383,9143000
30,4,10,"[264,348,367,340,370,327,350,337,292,363]","[785000,1042000,1056000,953000,1145000,935000,963000,924000,809000,994000]",370,9606000
30,5,10,"[169,281,373,349,380,373,351,299,316,358]","[500000,800000,1079000,974000,1150000,1072000,981000,849000,868000,971000]",380,9244000
30,6,10,"[242,378,363,338,388,362,340,291,287,268]","[724000,1087000,1029000,916000,1171000,1013000,955000,823000,796000,779000]",388,9293000
30,7,10,"[240,374,366,311,368,375,374,323,281,280]","[726000,1075000,1031000,859000,1077000,1040000,1044000,917000,787000,818000]",375,9374000
30,8,10,"[263,355,366,325,371,369,322,354,315,333]","[808000,1056000,1050000,896000,1139000,1058000,906000,1000000,886000,923000]",371,9722000
30,9,10,"[255,286,379,345,383,397,326,293,292,257]","[738000,812000,1085000,957000,1157000,1118000,929000,832000,834000,739000]",397,9201000
30,10,10,"[230,374,368,313,376,372,353,333,301,272]","[686000,1070000,1050000,866000,1184000,994000,951000,926000,837000,802000]",376,9366000
30,11,10,"[228,373,363,341,391,364,320,293,293,270]","[682000,1077000,1029000,922000,1177000,1015000,911000,830000,811000,801000]",391,9255000
30,12,10,"[239,379,366,349,383,339,345,294,300,286]","[714000,1091000,1036000,947000,1159000,925000,985000,819000,815000,823000]",383,9314000
30,13,10,"[169,282,375,341,381,400,354,299,313,361]","[500000,800000,1075000,949000,1155000,1124000,984000,854000,868000,977000]",400,9286000
30,14,10,"[252,319,363,340,389,391,319,291,291,273]","[762000,943000,1029000,924000,1169000,1121000,912000,812000,813000,807000]",391,9292000
30,15,10,"[243,379,368,321,390,327,341,334,288,283]","[734000,1079000,1040000,864000,1179000,909000,969000,930000,787000,816000]",390,9307000
30,16,10,"[246,379,379,346,389,333,345,291,295,280]","[729000,1100000,1058000,942000,1173000,916000,973000,815000,816000,811000]",389,9333000
30,17,10,"[152,307,372,341,383,402,342,296,313,364]","[448000,875000,1069000,949000,1165000,1132000,959000,834000,868000,977000]",402,9276000
30,18,10,"[284,369,363,321,341,376,363,336,297,261]","[829000,1083000,1029000,886000,1014000,1073000,1029000,886000,849000,787000]",376,9465000
30,19,10,"[249,378,363,332,370,368,324,343,314,224]","[772000,1068000,1050000,906000,1139000,1058000,907000,965000,892000,635000]",378,9392000
30,20,10,"[251,321,368,324,388,407,319,291,288,272]","[760000,929000,1034000,872000,1169000,1167000,912000,816000,807000,802000]",407,9268000
30,21,10,"[231,406,383,348,384,342,290,334,316,353]","[688000,1129000,1105000,966000,1167000,970000,817000,941000,898000,1063000]",406,9744000
30,22,10,"[278,283,371,362,336,379,372,348,269,250]","[750000,822000,1078000,1000000,999000,1093000,1060000,931000,751000,701000]",379,9185000
30,23,10,"[322,402,378,355,385,370,347,333,325,415]","[988000,1184000,1085000,966000,1119000,989000,961000,922000,901000,1196000]",415,10311000
30,24,10,"[152,302,377,356,370,374,333,293,312,363]","[448000,869000,1084000,1006000,1145000,1066000,912000,832000,872000,981000]",377,9215000
30,25,10,"[235,296,374,389,382,361,374,325,292,287]","[675000,835000,1053000,1054000,1113000,1019000,1057000,924000,812000,834000]",389,9376000
30,26,10,"[234,402,370,328,389,397,318,317,281,280]","[694000,1125000,1045000,914000,1173000,1129000,917000,853000,806000,820000]",402,9476000
30,27,10,"[242,347,366,340,370,321,343,332,290,370]","[728000,1049000,1055000,953000,1145000,934000,965000,924000,818000,1008000]",370,9579000
30,28,10,"[219,303,375,365,379,321,376,321,270,216]","[609000,863000,1076000,997000,1115000,905000,1058000,915000,753000,613000]",379,8904000
30,29,10,"[234,374,369,318,370,376,375,364,335,267]","[697000,1052000,1041000,864000,1089000,1023000,1047000,1037000,952000,809000]",376,9611000
30,30,10,"[152,303,373,345,380,371,349,301,316,365]","[448000,877000,1079000,969000,1150000,1068000,968000,849000,868000,977000]",380,9253000
30,31,10,"[451,476,404,298,339,355,342,335,302,399]","[1436000,1498000,1160000,808000,1013000,999000,948000,935000,858000,1153000]",476,10808000
30,32,10,"[230,312,357,338,387,410,321,294,290,280]","[688000,870000,1017000,946000,1173000,1087000,928000,812000,807000,779000]",410,9107000
30,33,10,"[279,367,373,298,341,376,358,370,305,321]","[837000,1072000,1064000,797000,1018000,997000,1059000,1037000,847000,947000]",376,9675000
30,34,10,"[186,413,382,317,336,363,374,331,339,180]","[495000,1140000,1093000,870000,1008000,1014000,1060000,924000,943000,523000]",413,9070000
30,35,10,"[264,348,367,326,370,327,350,337,292,355]","[785000,1042000,1056000,898000,1145000,935000,963000,924000,809000,973000]",370,9530000
30,36,10,"[257,301,373,365,371,383,382,320,272,215]","[745000,860000,1069000,997000,1099000,1066000,1063000,913000,761000,613000]",383,9186000
30,37,10,"[235,412,373,335,398,372,351,356,317,341]","[696000,1164000,1069000,916000,1202000,1066000,972000,1024000,894000,1012000]",412,10015000
30,38,10,"[261,323,356,289,337,381,369,350,336,282]","[778000,899000,1017000,793000,1007000,1012000,1029000,978000,973000,783000]",381,9269000
30,39,10,"[235,446,373,335,341,359,369,341,280,281]","[708000,1280000,1048000,940000,991000,1017000,1059000,925000,788000,786000]",446,9542000
30,40,10,"[243,300,377,352,386,368,305,328,291,303]","[694000,858000,1080000,985000,1165000,998000,857000,925000,821000,865000]",386,9248000
30,41,10,"[266,343,366,319,374,369,377,343,318,342]","[793000,1027000,1065000,896000,1155000,993000,1044000,968000,908000,960000]",377,9809000
30,42,10,"[274,378,360,334,386,423,319,291,297,271]","[878000,1095000,1023000,918000,1171000,1214000,913000,810000,846000,800000]",423,9668000
30,43,10,"[335,378,368,321,388,333,345,337,325,363]","[977000,1125000,1037000,866000,1169000,925000,982000,932000,916000,1108000]",388,10037000
30,44,10,"[233,412,384,341,385,372,296,346,316,348]","[692000,1164000,1091000,934000,1175000,1073000,833000,986000,884000,1038000]",412,9870000
30,45,10,"[152,303,365,370,368,374,344,290,316,363]","[448000,869000,1050000,1067000,1139000,1068000,942000,826000,895000,981000]",374,9285000
30,46,10,"[287,364,362,312,383,358,328,305,286,270]","[818000,1069000,1021000,876000,1165000,1001000,937000,867000,805000,831000]",383,9390000
30,47,10,"[252,365,367,344,367,324,351,316,371,340]","[768000,1072000,1070000,970000,1139000,939000,981000,871000,1063000,944000]",371,9817000
30,48,10,"[153,306,377,342,380,366,341,295,315,369]","[448000,869000,1075000,951000,1140000,1003000,964000,834000,870000,990000]",380,9144000
30,49,10,"[237,378,366,319,390,406,320,290,282,267]","[709000,1081000,1034000,869000,1179000,1167000,917000,817000,793000,768000]",406,9334000
30,50,10,"[497,502,361,342,393,409,317,294,286,395]","[1618000,1566000,1017000,916000,1169000,1159000,911000,812000,795000,1125000]",502,11088000
30,51,10,"[237,374,365,359,361,405,322,289,283,263]","[709000,1075000,1029000,982000,1079000,1161000,912000,812000,795000,760000]",405,9314000
30,52,10,"[417,388,366,311,368,375,374,323,281,276]","[1354000,1151000,1031000,859000,1077000,1040000,1050000,925000,787000,801000]",417,10075000
30,53,10,"[241,378,355,419,388,368,304,347,312,279]","[713000,1092000,1010000,1175000,1171000,1051000,863000,928000,909000,825000]",419,9737000
30,54,10,"[237,373,363,345,391,406,324,290,280,267]","[709000,1071000,1029000,916000,1179000,1167000,912000,817000,783000,768000]",406,9351000
30,55,10,"[248,427,364,332,369,365,322,351,317,222]","[772000,1237000,1052000,906000,1139000,1058000,900000,999000,894000,622000]",427,9579000
30,56,10,"[239,378,367,317,388,325,342,334,313,283]","[714000,1085000,1037000,889000,1181000,909000,969000,930000,862000,811000]",388,9387000
30,57,10,"[247,380,366,336,374,387,337,346,316,272]","[758000,1067000,1052000,948000,1145000,1164000,944000,971000,895000,756000]",387,9700000
30,58,10,"[153,305,374,342,382,343,353,329,293,346]","[448000,873000,1075000,962000,1144000,931000,995000,925000,802000,934000]",382,9089000
30,59,10,"[152,273,376,346,380,373,376,344,312,362]","[448000,770000,1086000,971000,1150000,1081000,1000000,925000,870000,982000]",380,9283000
30,60,10,"[245,369,367,364,384,370,287,350,293,218]","[752000,1074000,1061000,1032000,1167000,1034000,817000,967000,797000,637000]",384,9338000
30,61,10,"[239,378,368,310,378,335,373,320,304,290]","[724000,1082000,1046000,854000,1115000,933000,1042000,906000,835000,855000]",378,9392000
30,62,10,"[259,345,370,366,384,371,309,345,314,341]","[768000,1022000,1061000,1032000,1161000,1033000,876000,908000,886000,955000]",384,9702000
30,63,10,"[238,373,377,327,394,339,373,330,281,287]","[722000,1075000,1058000,880000,1143000,963000,1036000,925000,787000,826000]",394,9415000
30,64,10,"[152,306,372,341,380,395,363,296,311,364]","[448000,877000,1069000,949000,1150000,1118000,983000,834000,868000,977000]",395,9273000
30,65,10,"[271,347,367,352,370,316,330,348,304,345]","[820000,1037000,1055000,995000,1145000,914000,909000,918000,862000,953000]",370,9608000
30,66,10,"[154,301,376,347,388,318,398,383,318,369]","[448000,852000,1081000,973000,1151000,891000,1057000,1037000,871000,988000]",398,9349000
30,67,10,"[238,374,366,318,392,375,368,317,281,282]","[722000,1075000,1031000,891000,1153000,1040000,1036000,887000,787000,825000]",392,9447000
30,68,10,"[301,375,368,316,371,377,351,336,331,375]","[910000,1063000,1057000,872000,1153000,1005000,938000,934000,933000,1061000]",377,9926000
30,69,10,"[237,374,365,318,369,404,306,291,283,263]","[709000,1078000,1029000,864000,1139000,1165000,862000,816000,795000,760000]",404,9217000
30,70,10,"[238,301,375,343,387,402,318,299,288,257]","[686000,866000,1075000,951000,1165000,1126000,913000,839000,808000,739000]",402,9168000
30,71,10,"[237,363,358,326,367,373,303,322,283,219]","[715000,1048000,1012000,891000,1139000,1071000,840000,884000,804000,624000]",373,9028000
30,72,10,"[263,344,378,346,387,394,319,292,277,217]","[806000,957000,1090000,968000,1167000,1118000,915000,830000,781000,614000]",394,9246000
30,73,10,"[303,372,361,343,371,399,358,307,286,262]","[878000,1080000,1025000,970000,1149000,1135000,1021000,824000,806000,806000]",399,9694000
30,74,10,"[343,366,363,337,389,363,406,351,365,409]","[1050000,1053000,1029000,916000,1171000,1015000,1214000,999000,1031000,1183000]",409,10661000
30,75,10,"[281,369,364,347,384,375,368,316,291,258]","[823000,1073000,1027000,958000,1165000,1066000,1026000,846000,825000,773000]",384,9582000
30,76,10,"[152,300,373,342,383,378,348,299,317,275]","[448000,859000,1074000,949000,1146000,1074000,1000000,833000,880000,749000]",383,9012000
30,77,10,"[294,391,354,348,390,395,321,294,285,291]","[879000,1188000,1024000,968000,1178000,1129000,923000,822000,785000,841000]",395,9737000
30,78,10,"[273,343,359,325,389,318,374,332,288,289]","[796000,1028000,1012000,861000,1144000,898000,1061000,935000,797000,841000]",389,9373000
30,79,10,"[249,343,367,344,370,413,297,293,290,282]","[747000,1027000,1055000,965000,1145000,1193000,836000,814000,816000,813000]",413,9411000
30,80,10,"[236,398,354,317,336,363,372,301,291,263]","[698000,1141000,1014000,868000,1008000,1031000,1027000,826000,816000,761000]",398,9190000
30,81,10,"[284,380,406,355,337,350,378,333,337,241]","[790000,1162000,1157000,963000,1008000,987000,1075000,936000,960000,651000]",406,9689000
30,82,10,"[238,375,363,367,386,365,314,347,315,285]","[707000,1083000,1029000,989000,1171000,1041000,875000,928000,884000,833000]",386,9540000
30,83,10,"[229,385,320,301,337,376,370,328,300,313]","[684000,1103000,904000,812000,1008000,995000,1027000,920000,830000,928000]",385,9211000
30,84,10,"[233,334,355,312,304,388,376,328,333,278]","[695000,940000,1022000,862000,920000,1084000,1060000,924000,947000,771000]",388,9225000
30,85,10,"[228,294,371,364,383,363,320,346,266,274]","[628000,854000,1061000,1032000,1165000,1031000,887000,912000,734000,761000]",383,9065000
30,86,10,"[263,350,328,342,372,376,352,334,292,359]","[780000,1052000,939000,963000,1145000,1077000,968000,920000,815000,990000]",376,9649000
30,87,10,"[169,281,373,352,380,371,351,300,316,358]","[500000,800000,1070000,980000,1150000,1068000,981000,857000,868000,971000]",380,9245000
30,88,10,"[242,354,363,338,386,372,344,293,289,268]","[724000,1027000,1029000,916000,1171000,1049000,963000,827000,796000,779000]",386,9281000
30,89,10,"[240,375,366,314,367,378,371,323,281,302]","[737000,1089000,1031000,863000,1075000,1044000,1042000,911000,787000,923000]",378,9502000
30,90,10,"[262,350,363,330,369,367,323,357,321,334]","[806000,1056000,1050000,906000,1139000,1062000,897000,1005000,913000,919000]",369,9753000
30,91,10,"[255,281,375,342,383,356,377,301,291,266]","[738000,800000,1089000,951000,1157000,1017000,1054000,850000,829000,768000]",383,9253000
30,92,10,"[232,374,368,313,376,320,351,337,292,311]","[690000,1066000,1050000,864000,1184000,842000,951000,938000,794000,921000]",376,9300000
30,93,10,"[228,329,364,375,391,364,320,293,293,270]","[682000,947000,1029000,1028000,1177000,1015000,911000,830000,821000,801000]",391,9241000
30,94,10,"[236,337,365,351,384,378,340,292,298,285]","[713000,978000,1031000,943000,1157000,1060000,969000,815000,812000,827000]",384,9305000
30,95,10,"[169,282,375,326,380,415,357,294,313,358]","[500000,805000,1076000,901000,1150000,1176000,986000,828000,863000,971000]",415,9256000
30,96,10,"[252,320,363,373,324,390,319,291,291,271]","[762000,940000,1029000,1029000,999000,1115000,912000,812000,813000,800000]",390,9211000
30,97,10,"[243,379,378,310,389,332,345,334,286,281]","[726000,1090000,1069000,836000,1173000,918000,977000,925000,786000,826000]",389,9326000
30,98,10,"[236,380,365,346,384,365,347,293,298,280]","[710000,1092000,1036000,949000,1165000,1009000,961000,819000,814000,825000]",384,9380000
30,99,10,"[152,304,375,326,382,415,345,294,313,360]","[448000,873000,1074000,901000,1154000,1168000,966000,826000,863000,971000]",415,9244000
30,100,10,"[287,368,364,344,336,376,348,333,294,258]","[832000,1076000,1029000,944000,1008000,1073000,983000,886000,843000,781000]",376,9455000
30,101,10,"[249,370,363,298,368,374,324,342,334,224]","[772000,1055000,1050000,816000,1139000,1068000,907000,963000,958000,635000]",374,9363000
30,102,10,"[260,319,367,320,387,406,321,290,239,314]","[787000,918000,1029000,864000,1167000,1167000,917000,815000,673000,883000]",406,9220000
