iteration_id,solution_id,agv_count,running_times_seconds,energy_consumptions_joules,max_running_time_seconds,total_energy_consumption_joules
1,1,5,"[651,996,1041,1017,984]","[1897000,2761000,3189000,2904000,2874000]",1041,13625000
1,2,5,"[861,997,1000,1004,987]","[2451000,2734000,3057000,2867000,2909000]",1004,14018000
1,3,5,"[666,996,1036,1025,992]","[1917000,2763000,3162000,2927000,2900000]",1036,13669000
1,4,5,"[652,993,1044,1023,978]","[1899000,2719000,3209000,2916000,2859000]",1044,13602000
1,5,5,"[626,857,1033,1072,943]","[1794000,2369000,3129000,3063000,2753000]",1072,13108000
1,6,5,"[625,872,1052,1038,992]","[1803000,2491000,3211000,2976000,2901000]",1052,13382000
1,7,5,"[774,986,1030,943,996]","[2218000,2765000,3148000,2734000,2929000]",1030,13794000
1,8,5,"[836,1013,1005,935,985]","[2371000,2792000,3069000,2724000,2912000]",1013,13868000
1,9,5,"[654,826,1061,1031,985]","[1905000,2407000,3232000,2940000,2885000]",1061,13369000
1,10,5,"[799,822,1035,1033,984]","[2324000,2439000,3126000,2969000,2889000]",1035,13747000
1,11,5,"[656,825,1064,1043,986]","[1905000,2399000,3228000,2973000,2884000]",1064,13389000
1,12,5,"[622,871,1076,1046,963]","[1790000,2494000,3305000,3060000,2731000]",1076,13380000
1,13,5,"[773,983,1027,1004,993]","[2216000,2765000,3129000,2871000,2912000]",1027,13893000
1,14,5,"[678,996,1040,1022,992]","[1958000,2769000,3186000,2914000,2897000]",1040,13724000
1,15,5,"[830,999,1004,1015,982]","[2359000,2771000,3062000,2889000,2899000]",1015,13980000
1,16,5,"[642,928,1061,1026,982]","[1882000,2590000,3212000,2916000,2879000]",1061,13479000
1,17,5,"[658,954,1038,1059,950]","[1889000,2640000,3211000,3093000,2773000]",1059,13606000
1,18,5,"[663,953,1044,1044,956]","[1891000,2644000,3238000,3064000,2781000]",1044,13618000
1,19,5,"[665,834,1067,999,998]","[1941000,2414000,3241000,2883000,2909000]",1067,13388000
1,20,5,"[589,871,1079,1041,964]","[1724000,2494000,3303000,3045000,2733000]",1079,13299000
1,21,5,"[797,821,1041,1094,940]","[2322000,2438000,3144000,3145000,2744000]",1094,13793000
1,22,5,"[625,983,1023,1061,896]","[1826000,2750000,3105000,3096000,2587000]",1061,13364000
1,23,5,"[772,1059,1066,1065,943]","[2222000,2960000,3249000,3043000,2764000]",1066,14238000
1,24,5,"[650,852,1059,1035,982]","[1913000,2450000,3219000,2958000,2868000]",1059,13408000
1,25,5,"[1217,843,1056,1163,1126]","[3788000,2334000,3230000,3427000,3331000]",1217,16110000
1,26,5,"[695,906,1101,987,988]","[2013000,2616000,3295000,2888000,2903000]",1101,13715000
1,27,5,"[812,990,1023,937,987]","[2325000,2780000,3140000,2731000,2903000]",1023,13879000
1,28,5,"[820,989,1037,951,987]","[2319000,2758000,3159000,2762000,2908000]",1037,13906000
1,29,5,"[760,1037,1035,1047,958]","[2210000,2884000,3142000,3080000,2770000]",1047,14086000
1,30,5,"[601,915,1041,1028,949]","[1749000,2579000,3200000,2919000,2745000]",1041,13192000
1,31,5,"[812,1011,1034,1078,970]","[2305000,2796000,3186000,3073000,2837000]",1078,14197000
1,32,5,"[819,989,1039,992,950]","[2315000,2751000,3163000,2901000,2790000]",1039,13920000
1,33,5,"[828,963,1021,1001,947]","[2378000,2670000,3120000,2928000,2757000]",1021,13853000
1,34,5,"[668,942,1041,998,949]","[1916000,2618000,3165000,2918000,2779000]",1041,13396000
1,35,5,"[813,1016,1006,1035,989]","[2296000,2802000,3097000,2964000,2904000]",1035,14063000
1,36,5,"[772,978,1032,996,942]","[2214000,2740000,3156000,2898000,2760000]",1032,13768000
1,37,5,"[654,893,1065,1028,1085]","[1890000,2564000,3267000,2915000,3126000]",1085,13762000
1,38,5,"[686,1015,1003,1069,994]","[1986000,2809000,3064000,3026000,2915000]",1069,13800000
1,39,5,"[654,1007,1038,1018,990]","[1907000,2803000,3184000,2906000,2900000]",1038,13700000
1,40,5,"[646,925,1059,1032,1011]","[1896000,2582000,3210000,2946000,2902000]",1059,13536000
1,41,5,"[632,886,1048,1047,978]","[1811000,2509000,3237000,2997000,2859000]",1048,13413000
1,42,5,"[663,890,1097,1026,1026]","[1924000,2556000,3317000,2969000,2929000]",1097,13695000
1,43,5,"[652,841,1123,1013,989]","[1901000,2422000,3372000,2893000,2905000]",1123,13493000
1,44,5,"[589,871,1078,1097,963]","[1724000,2494000,3301000,3160000,2716000]",1097,13395000
1,45,5,"[652,993,1064,1023,978]","[1899000,2719000,3249000,2916000,2859000]",1064,13642000
1,46,5,"[652,892,1106,999,984]","[1901000,2566000,3350000,2850000,2889000]",1106,13556000
1,47,5,"[622,869,1089,1043,961]","[1790000,2494000,3331000,3045000,2727000]",1089,13387000
1,48,5,"[1151,1003,1042,1026,967]","[3558000,2765000,3186000,2913000,2812000]",1151,15234000
1,49,5,"[659,885,1098,1001,995]","[1920000,2546000,3311000,2880000,2917000]",1098,13574000
1,50,5,"[627,926,1077,1069,1028]","[1807000,2636000,3271000,3080000,2912000]",1077,13706000
1,51,5,"[662,917,1103,984,986]","[1921000,2641000,3322000,2887000,2873000]",1103,13644000
1,52,5,"[835,1016,1002,1086,937]","[2366000,2805000,3069000,3108000,2741000]",1086,14089000
1,53,5,"[780,982,1016,1037,992]","[2241000,2751000,3116000,2974000,2855000]",1037,13937000
1,54,5,"[622,948,1036,1043,967]","[1790000,2630000,3213000,3060000,2822000]",1043,13515000
1,55,5,"[656,969,1026,1003,1046]","[1924000,2763000,3118000,2921000,2971000]",1046,13697000
1,56,5,"[623,842,1032,1063,986]","[1790000,2336000,3148000,3000000,2881000]",1063,13155000
1,57,5,"[749,1031,1029,1018,984]","[2143000,2870000,3163000,2906000,2876000]",1031,13958000
1,58,5,"[624,886,1026,991,955]","[1794000,2426000,3144000,2884000,2708000]",1026,12956000
1,59,5,"[721,942,1046,1051,963]","[2034000,2646000,3247000,3082000,2819000]",1051,13828000
1,60,5,"[626,950,1041,1048,983]","[1805000,2610000,3225000,2985000,2911000]",1048,13536000
1,61,5,"[662,963,1072,1047,957]","[1893000,2656000,3279000,3072000,2781000]",1072,13681000
1,62,5,"[806,1021,1021,1067,946]","[2278000,2811000,3121000,3043000,2785000]",1067,14038000
1,63,5,"[860,996,1024,1070,933]","[2431000,2732000,3139000,3048000,2727000]",1070,14077000
1,64,5,"[622,869,1057,1082,959]","[1790000,2494000,3224000,3167000,2717000]",1082,13392000
1,65,5,"[677,942,1106,1011,1033]","[1972000,2628000,3334000,2869000,2936000]",1106,13739000
1,66,5,"[699,941,1079,1037,982]","[2002000,2641000,3306000,2977000,2867000]",1079,13793000
1,67,5,"[651,848,1048,1019,991]","[1897000,2475000,3201000,2908000,2886000]",1048,13367000
1,68,5,"[858,997,1004,937,979]","[2445000,2737000,3069000,2734000,2894000]",1004,13879000
1,69,5,"[663,993,1050,1014,981]","[1911000,2759000,3207000,2898000,2844000]",1050,13619000
1,70,5,"[652,993,1044,1023,978]","[1901000,2712000,3209000,2916000,2859000]",1044,13597000
1,71,5,"[655,845,1006,1067,933]","[1879000,2331000,3080000,3038000,2723000]",1067,13051000
1,72,5,"[644,825,1051,1039,990]","[1845000,2374000,3206000,2964000,2891000]",1051,13280000
1,73,5,"[769,900,1123,933,985]","[2208000,2514000,3387000,2726000,2896000]",1123,13731000
1,74,5,"[839,1012,1007,934,986]","[2377000,2794000,3078000,2731000,2917000]",1012,13897000
1,75,5,"[657,832,1063,1033,987]","[1915000,2422000,3248000,2954000,2888000]",1063,13427000
1,76,5,"[800,822,1049,1029,984]","[2325000,2439000,3173000,2958000,2889000]",1049,13784000
1,77,5,"[656,827,1064,1077,981]","[1905000,2403000,3228000,3041000,2874000]",1077,13451000
1,78,5,"[652,866,1057,1036,958]","[1874000,2482000,3255000,3049000,2707000]",1057,13367000
1,79,5,"[776,1030,1025,1003,932]","[2214000,2882000,3126000,2866000,2759000]",1030,13847000
1,80,5,"[676,997,1045,1022,940]","[1969000,2771000,3198000,2923000,2783000]",1045,13644000
1,81,5,"[833,1001,1013,1004,979]","[2365000,2778000,3089000,2858000,2884000]",1013,13974000
1,82,5,"[641,943,1054,1021,990]","[1880000,2636000,3191000,2910000,2902000]",1054,13519000
1,83,5,"[678,906,1041,1043,955]","[1950000,2523000,3235000,3063000,2795000]",1043,13566000
1,84,5,"[659,825,1044,1048,953]","[1889000,2379000,3235000,3069000,2759000]",1048,13331000
1,85,5,"[669,825,1047,1006,996]","[1945000,2405000,3195000,2909000,2897000]",1047,13351000
1,86,5,"[594,896,1080,1038,897]","[1743000,2565000,3316000,3053000,2568000]",1080,13245000
2,1,5,"[960,932,961,827,774]","[2779000,2740000,2788000,2389000,2210000]",961,12906000
2,2,5,"[955,869,994,752,889]","[2743000,2532000,2851000,2147000,2544000]",994,12817000
2,3,5,"[958,937,955,877,735]","[2781000,2768000,2774000,2535000,2092000]",958,12950000
2,4,5,"[895,941,966,944,728]","[2587000,2767000,2804000,2621000,2125000]",966,12904000
2,5,5,"[908,932,925,884,872]","[2652000,2740000,2680000,2489000,2515000]",932,13076000
2,6,5,"[900,1015,912,923,673]","[2593000,2927000,2649000,2672000,1973000]",1015,12814000
2,7,5,"[906,952,949,925,810]","[2661000,2784000,2738000,2630000,2332000]",952,13145000
2,8,5,"[963,932,965,828,780]","[2779000,2740000,2808000,2392000,2232000]",965,12951000
2,9,5,"[900,1015,961,876,673]","[2593000,2927000,2795000,2530000,1973000]",1015,12818000
2,10,5,"[895,1011,962,961,703]","[2560000,2872000,2794000,2660000,2042000]",1011,12928000
2,11,5,"[910,942,952,880,874]","[2675000,2766000,2755000,2484000,2509000]",952,13189000
2,12,5,"[955,971,968,905,796]","[2756000,2773000,2807000,2491000,2255000]",971,13082000
2,13,5,"[890,974,963,965,727]","[2570000,2788000,2795000,2701000,2123000]",974,12977000
2,14,5,"[900,1015,961,830,745]","[2593000,2927000,2795000,2393000,2162000]",1015,12870000
2,15,5,"[900,1021,962,880,734]","[2619000,2932000,2794000,2538000,2087000]",1021,12970000
2,16,5,"[895,951,966,980,772]","[2585000,2716000,2806000,2730000,2204000]",980,13041000
2,17,5,"[890,995,1000,825,813]","[2606000,2864000,2873000,2365000,2321000]",1000,13029000
2,18,5,"[908,976,917,882,861]","[2660000,2819000,2658000,2482000,2482000]",976,13101000
2,19,5,"[914,967,948,883,859]","[2650000,2846000,2750000,2488000,2476000]",967,13210000
2,20,5,"[945,971,964,952,792]","[2699000,2773000,2813000,2628000,2236000]",971,13149000
2,21,5,"[903,874,1013,884,860]","[2629000,2567000,2905000,2480000,2482000]",1013,13063000
2,22,5,"[911,940,957,829,899]","[2665000,2768000,2781000,2393000,2551000]",957,13158000
2,23,5,"[899,1020,961,833,735]","[2607000,2927000,2795000,2403000,2155000]",1020,12887000
2,24,5,"[906,923,932,888,814]","[2623000,2650000,2713000,2510000,2385000]",932,12881000
2,25,5,"[913,1042,988,1031,777]","[2662000,3013000,2860000,2883000,2212000]",1042,13630000
2,26,5,"[904,1025,947,887,869]","[2647000,2935000,2733000,2510000,2486000]",1025,13311000
2,27,5,"[904,954,977,975,803]","[2644000,2789000,2794000,2724000,2322000]",977,13273000
2,28,5,"[900,1015,978,888,673]","[2593000,2927000,2805000,2587000,1974000]",1015,12886000
2,29,5,"[908,943,967,922,873]","[2665000,2773000,2799000,2588000,2520000]",967,13345000
2,30,5,"[912,1061,962,959,862]","[2660000,3045000,2785000,2668000,2487000]",1061,13645000
2,31,5,"[942,1063,960,828,876]","[2706000,3124000,2792000,2316000,2572000]",1063,13510000
2,32,5,"[900,964,983,845,867]","[2640000,2817000,2866000,2374000,2499000]",983,13196000
2,33,5,"[916,940,948,881,859]","[2649000,2757000,2757000,2484000,2476000]",948,13123000
2,34,5,"[906,1019,956,836,993]","[2651000,2947000,2782000,2399000,2866000]",1019,13645000
2,35,5,"[879,999,965,996,842]","[2587000,2854000,2801000,2773000,2355000]",999,13370000
2,36,5,"[900,934,966,960,699]","[2606000,2745000,2804000,2674000,2037000]",966,12866000
2,37,5,"[903,931,962,833,748]","[2619000,2730000,2800000,2398000,2166000]",962,12713000
2,38,5,"[908,976,916,934,716]","[2665000,2825000,2657000,2629000,2053000]",976,12829000
2,39,5,"[898,957,966,944,774]","[2582000,2740000,2803000,2683000,2204000]",966,13012000
2,40,5,"[911,941,932,888,872]","[2671000,2762000,2704000,2498000,2503000]",941,13138000
2,41,5,"[898,952,982,1015,816]","[2594000,2793000,2805000,2852000,2325000]",1015,13369000
2,42,5,"[900,956,976,1039,773]","[2599000,2733000,2795000,2892000,2206000]",1039,13225000
2,43,5,"[891,1036,998,819,808]","[2605000,3001000,2859000,2349000,2308000]",1036,13122000
2,44,5,"[959,867,1031,980,796]","[2755000,2496000,2963000,2686000,2255000]",1031,13155000
2,45,5,"[907,989,965,962,876]","[2650000,2800000,2803000,2686000,2509000]",989,13448000
2,46,5,"[876,946,1000,810,1137]","[2580000,2773000,2877000,2313000,3468000]",1137,14011000
2,47,5,"[925,1046,956,837,880]","[2684000,3006000,2779000,2430000,2482000]",1046,13381000
2,48,5,"[936,970,973,982,998]","[2668000,2822000,2842000,2716000,2880000]",998,13928000
2,49,5,"[947,987,948,1009,788]","[2707000,2846000,2769000,2773000,2220000]",1009,13315000
2,50,5,"[959,1014,954,902,799]","[2757000,2866000,2772000,2488000,2250000]",1014,13133000
2,51,5,"[911,942,923,888,874]","[2671000,2763000,2698000,2498000,2509000]",942,13139000
2,52,5,"[915,1042,942,1039,764]","[2618000,3064000,2733000,2894000,2218000]",1042,13527000
2,53,5,"[917,1042,975,1032,749]","[2683000,3011000,2808000,2885000,2111000]",1042,13498000
2,54,5,"[912,981,968,899,872]","[2628000,2801000,2808000,2524000,2506000]",981,13267000
2,55,5,"[893,1035,959,841,859]","[2603000,2948000,2780000,2379000,2445000]",1035,13155000
2,56,5,"[970,1099,997,881,897]","[2798000,3226000,2867000,2480000,2551000]",1099,13922000
2,57,5,"[891,945,960,828,777]","[2637000,2784000,2792000,2387000,2222000]",960,12822000
2,58,5,"[962,871,1003,754,825]","[2761000,2552000,2873000,2156000,2424000]",1003,12766000
2,59,5,"[960,935,906,918,735]","[2791000,2758000,2628000,2665000,2092000]",960,12934000
2,60,5,"[901,933,914,993,727]","[2618000,2738000,2652000,2770000,2123000]",993,12901000
2,61,5,"[908,884,1023,878,870]","[2655000,2581000,2944000,2474000,2511000]",1023,13165000
2,62,5,"[907,1020,911,897,698]","[2609000,2952000,2647000,2586000,2041000]",1020,12835000
2,63,5,"[906,859,948,1020,817]","[2658000,2517000,2743000,2884000,2348000]",1020,13150000
2,64,5,"[960,935,967,824,780]","[2764000,2746000,2806000,2378000,2232000]",967,12926000
2,65,5,"[907,1020,962,856,698]","[2609000,2952000,2797000,2452000,2041000]",1020,12851000
2,66,5,"[896,1012,911,1009,703]","[2562000,2872000,2638000,2813000,2042000]",1012,12927000
2,67,5,"[906,974,909,886,872]","[2655000,2872000,2626000,2497000,2525000]",974,13175000
2,68,5,"[955,967,968,905,796]","[2756000,2765000,2807000,2491000,2255000]",968,13074000
2,69,5,"[890,948,961,1007,721]","[2575000,2713000,2795000,2830000,2102000]",1007,13015000
2,70,5,"[907,1020,962,810,774]","[2609000,2952000,2797000,2315000,2234000]",1020,12907000
2,71,5,"[900,1021,968,876,734]","[2619000,2932000,2812000,2524000,2087000]",1021,12974000
2,72,5,"[894,954,962,922,797]","[2575000,2724000,2797000,2591000,2284000]",962,12971000
2,73,5,"[896,988,1004,832,812]","[2614000,2829000,2890000,2382000,2333000]",1004,13048000
2,74,5,"[951,975,917,883,906]","[2745000,2814000,2658000,2492000,2565000]",975,13274000
2,75,5,"[959,911,949,885,859]","[2803000,2659000,2752000,2492000,2476000]",959,13182000
2,76,5,"[1026,908,963,950,796]","[2938000,2581000,2811000,2621000,2244000]",1026,13195000
3,1,5,"[967,975,919,970,750]","[2868000,3000000,2910000,3082000,2138000]",975,13998000
3,2,5,"[967,976,920,980,732]","[2854000,2989000,2910000,3139000,2097000]",980,13989000
3,3,5,"[972,974,920,970,742]","[2885000,2995000,2910000,3082000,2129000]",974,14001000
3,4,5,"[913,958,929,1028,556]","[2666000,2914000,2950000,3262000,1593000]",1028,13385000
3,5,5,"[966,970,949,968,784]","[2861000,2965000,2975000,3081000,2211000]",970,14093000
3,6,5,"[902,967,938,1024,714]","[2660000,2927000,2957000,3226000,2033000]",1024,13803000
3,7,5,"[900,977,921,1020,732]","[2644000,2992000,2919000,3216000,2090000]",1020,13861000
3,8,5,"[986,956,925,1033,477]","[2923000,2921000,2924000,3272000,1343000]",1033,13383000
3,9,5,"[959,963,928,983,732]","[2810000,2927000,2936000,3116000,2079000]",983,13868000
3,10,5,"[973,975,921,986,699]","[2887000,3000000,2916000,3151000,2015000]",986,13969000
3,11,5,"[997,977,961,995,672]","[2926000,2991000,2999000,3136000,1916000]",997,13968000
3,12,5,"[974,1003,922,985,653]","[2887000,3060000,2916000,3155000,1912000]",1003,13930000
3,13,5,"[974,976,922,984,709]","[2885000,3005000,2914000,3150000,2045000]",984,13999000
3,14,5,"[961,972,952,976,742]","[2861000,2971000,2979000,3087000,2129000]",976,14027000
3,15,5,"[979,960,925,1029,516]","[2861000,2928000,2920000,3267000,1430000]",1029,13406000
3,16,5,"[965,974,922,968,787]","[2871000,2995000,2916000,3081000,2217000]",974,14080000
3,17,5,"[959,961,926,1017,739]","[2777000,2930000,2926000,3195000,2064000]",1017,13892000
3,18,5,"[915,966,937,1028,583]","[2665000,2932000,2969000,3262000,1652000]",1028,13480000
3,19,5,"[977,979,919,971,740]","[2894000,2982000,2910000,3093000,2126000]",979,14005000
3,20,5,"[917,960,933,1030,589]","[2674000,2924000,2954000,3262000,1673000]",1030,13487000
3,21,5,"[921,974,920,1045,512]","[2721000,2995000,2914000,3325000,1424000]",1045,13379000
3,22,5,"[1022,951,923,1031,474]","[2998000,2875000,2920000,3267000,1340000]",1031,13400000
3,23,5,"[1005,970,950,968,778]","[2958000,2967000,2973000,3081000,2201000]",1005,14180000
3,24,5,"[986,976,920,984,727]","[2921000,2999000,2910000,3149000,2113000]",986,14092000
3,25,5,"[1113,962,931,1033,608]","[3222000,2935000,2945000,3281000,1774000]",1113,14157000
3,26,5,"[968,969,931,1046,716]","[2831000,2949000,2930000,3280000,2025000]",1046,14015000
3,27,5,"[966,971,935,1026,717]","[2864000,2971000,2958000,3243000,2034000]",1026,14070000
3,28,5,"[978,957,924,1041,692]","[2923000,2934000,2922000,3279000,1970000]",1041,14028000
3,29,5,"[923,957,930,1028,589]","[2666000,2912000,2948000,3262000,1673000]",1028,13461000
3,30,5,"[1007,971,946,1024,597]","[2958000,2965000,2975000,3209000,1665000]",1024,13772000
3,31,5,"[979,960,927,1029,516]","[2894000,2928000,2927000,3267000,1430000]",1029,13446000
3,32,5,"[978,972,900,1122,651]","[2898000,2968000,2835000,3516000,1892000]",1122,14109000
3,33,5,"[976,974,918,1017,724]","[2889000,2975000,2910000,3201000,2069000]",1017,14044000
3,34,5,"[998,972,964,999,665]","[2930000,2980000,3001000,3149000,1912000]",999,13972000
3,35,5,"[963,974,954,986,690]","[2863000,2983000,2991000,3146000,1992000]",986,13975000
3,36,5,"[914,961,930,1015,693]","[2674000,2936000,2926000,3197000,2077000]",1015,13810000
3,37,5,"[975,997,1003,1123,650]","[2895000,2978000,3087000,3527000,1885000]",1123,14372000
3,38,5,"[1000,979,948,982,738]","[2887000,2995000,2968000,3125000,2085000]",1000,14060000
3,39,5,"[1051,970,918,1031,513]","[3064000,2960000,2910000,3267000,1424000]",1051,13625000
3,40,5,"[1003,971,957,1058,587]","[2969000,2951000,2991000,3295000,1662000]",1058,13868000
3,41,5,"[976,974,918,969,735]","[2889000,2989000,2910000,3082000,2122000]",976,13992000
3,42,5,"[973,932,1058,1027,652]","[2891000,2834000,3229000,3266000,1894000]",1058,14114000
3,43,5,"[960,958,929,1028,589]","[2783000,2914000,2950000,3262000,1673000]",1028,13582000
3,44,5,"[985,953,924,1024,645]","[2914000,2912000,2922000,3221000,1811000]",1024,13780000
3,45,5,"[992,957,926,1021,603]","[2881000,2919000,2943000,3227000,1668000]",1021,13638000
3,46,5,"[1024,974,963,1057,562]","[3030000,2983000,3001000,3287000,1616000]",1057,13917000
3,47,5,"[922,1015,938,1030,587]","[2667000,3030000,2963000,3262000,1660000]",1030,13582000
3,48,5,"[1005,977,922,985,722]","[2957000,3010000,2916000,3149000,2074000]",1005,14106000
3,49,5,"[985,956,923,1046,474]","[2917000,2922000,2916000,3332000,1344000]",1046,13431000
3,50,5,"[979,960,932,1029,516]","[2861000,2920000,2957000,3267000,1430000]",1029,13435000
3,51,5,"[1028,963,933,1026,647]","[3013000,2920000,2952000,3258000,1876000]",1028,14019000
3,52,5,"[966,975,919,1018,750]","[2875000,2990000,2910000,3199000,2121000]",1018,14095000
3,53,5,"[1027,981,925,1016,751]","[2995000,3005000,2920000,3195000,2210000]",1027,14325000
3,54,5,"[975,978,915,1124,651]","[2893000,2990000,2811000,3519000,1887000]",1124,14100000
3,55,5,"[974,975,923,1038,665]","[2887000,2995000,2920000,3306000,1888000]",1038,13996000
3,56,5,"[953,962,930,1007,749]","[2774000,2931000,2937000,3155000,2107000]",1007,13904000
3,57,5,"[1075,960,932,1032,492]","[3080000,2904000,2959000,3272000,1405000]",1075,13620000
3,58,5,"[1059,976,920,968,738]","[3022000,2993000,2910000,3081000,2118000]",1059,14124000
3,59,5,"[976,962,925,1020,755]","[2897000,2934000,2920000,3207000,2124000]",1020,14082000
3,60,5,"[1015,957,930,1035,480]","[2969000,2907000,2941000,3274000,1355000]",1035,13446000
3,61,5,"[974,957,924,1031,748]","[2872000,2920000,2932000,3221000,2102000]",1031,14047000
3,62,5,"[898,963,926,1017,732]","[2663000,2933000,2929000,3204000,2090000]",1017,13819000
3,63,5,"[897,985,925,1045,715]","[2633000,3020000,2920000,3271000,2023000]",1045,13867000
3,64,5,"[968,977,951,1034,693]","[2872000,2981000,2966000,3245000,1998000]",1034,14062000
3,65,5,"[976,967,1003,1123,650]","[2897000,2933000,3087000,3523000,1894000]",1123,14334000
3,66,5,"[962,966,928,965,766]","[2820000,2946000,2936000,3064000,2169000]",966,13935000
3,67,5,"[979,960,925,1029,510]","[2861000,2918000,2920000,3267000,1414000]",1029,13380000
3,68,5,"[1029,957,934,1019,735]","[2994000,2929000,2936000,3201000,2109000]",1029,14169000
3,69,5,"[953,975,938,1032,583]","[2776000,2957000,2967000,3266000,1652000]",1032,13618000
3,70,5,"[974,971,946,1014,749]","[2890000,2965000,2975000,3195000,2113000]",1014,14138000
3,71,5,"[989,938,1001,1125,653]","[2928000,2869000,3085000,3528000,1892000]",1125,14302000
3,72,5,"[993,954,925,1040,575]","[2935000,2916000,2931000,3294000,1692000]",1040,13768000
3,73,5,"[977,973,917,1007,755]","[2897000,2980000,2908000,3155000,2153000]",1007,14093000
3,74,5,"[896,979,949,1020,734]","[2640000,2982000,2987000,3206000,2092000]",1020,13907000
3,75,5,"[983,972,922,1017,729]","[2930000,2977000,2916000,3201000,2085000]",1017,14109000
3,76,5,"[1005,973,961,980,820]","[2958000,2974000,2997000,3091000,2293000]",1005,14313000
3,77,5,"[995,974,921,1020,722]","[2972000,2968000,2916000,3216000,2070000]",1020,14142000
3,78,5,"[914,946,1039,1031,586]","[2642000,2892000,3199000,3268000,1671000]",1039,13672000
3,79,5,"[969,970,941,967,789]","[2867000,2965000,2963000,3076000,2222000]",970,14093000
3,80,5,"[923,974,926,1042,586]","[2681000,2971000,2926000,3314000,1661000]",1042,13553000
3,81,5,"[966,977,920,975,754]","[2877000,3002000,2910000,3074000,2166000]",977,14029000
3,82,5,"[971,975,919,983,793]","[2830000,2990000,2910000,3148000,2237000]",983,14115000
3,83,5,"[972,973,965,911,741]","[2885000,2987000,3058000,2910000,2124000]",973,13964000
3,84,5,"[912,957,930,1028,556]","[2661000,2916000,2948000,3262000,1593000]",1028,13380000
3,85,5,"[967,972,975,967,786]","[2858000,2982000,3042000,3076000,2208000]",975,14166000
3,86,5,"[910,962,930,982,731]","[2675000,2927000,2936000,3116000,2079000]",982,13733000
3,87,5,"[895,972,975,1016,735]","[2638000,2973000,3022000,3195000,2089000]",1016,13917000
3,88,5,"[985,953,942,1035,469]","[2913000,2917000,2962000,3267000,1334000]",1035,13393000
3,89,5,"[962,965,926,980,787]","[2811000,2945000,2924000,3110000,2194000]",980,13984000
3,90,5,"[975,973,936,985,690]","[2897000,2980000,2952000,3146000,1988000]",985,13963000
3,91,5,"[994,1047,961,994,672]","[2918000,3151000,2999000,3131000,1916000]",1047,14115000
3,92,5,"[1021,1004,921,985,653]","[2999000,3062000,2916000,3155000,1906000]",1021,14038000
3,93,5,"[963,977,923,1048,710]","[2864000,3005000,2920000,3293000,2043000]",1048,14125000
3,94,5,"[1099,906,952,975,742]","[3239000,2750000,2979000,3087000,2129000]",1099,14184000
3,95,5,"[1027,988,918,1032,513]","[2952000,2968000,2910000,3267000,1424000]",1032,13521000
3,96,5,"[968,979,922,1001,789]","[2881000,3006000,2916000,3148000,2227000]",1001,14178000
3,97,5,"[951,961,928,966,750]","[2772000,2930000,2926000,3081000,2109000]",966,13818000
3,98,5,"[935,968,939,1029,585]","[2694000,2947000,2969000,3262000,1656000]",1029,13528000
3,99,5,"[977,986,924,1012,714]","[2897000,3004000,2916000,3187000,2044000]",1012,14048000
3,100,5,"[926,957,928,1034,608]","[2678000,2914000,2939000,3266000,1718000]",1034,13515000
4,1,5,"[960,941,932,855,943]","[2860000,2773000,2726000,2412000,2640000]",960,13411000
4,2,5,"[978,897,1006,683,998]","[2850000,2679000,2880000,1905000,2802000]",1006,13116000
4,3,5,"[929,941,930,888,944]","[2764000,2773000,2722000,2514000,2647000]",944,13420000
4,4,5,"[958,957,968,902,818]","[2768000,2832000,2811000,2626000,2358000]",968,13395000
4,5,5,"[893,972,930,956,800]","[2644000,2855000,2697000,2784000,2306000]",972,13286000
4,6,5,"[939,939,934,939,894]","[2739000,2778000,2718000,2677000,2584000]",939,13496000
4,7,5,"[880,875,929,935,979]","[2597000,2583000,2707000,2682000,2751000]",979,13320000
4,8,5,"[891,959,917,930,905]","[2636000,2818000,2635000,2731000,2643000]",959,13463000
4,9,5,"[921,963,949,974,822]","[2667000,2853000,2697000,2779000,2344000]",974,13340000
4,10,5,"[950,948,943,905,913]","[2780000,2802000,2764000,2632000,2577000]",950,13555000
4,11,5,"[987,972,920,892,790]","[2842000,2870000,2683000,2603000,2319000]",987,13317000
4,12,5,"[921,963,949,974,822]","[2667000,2862000,2697000,2776000,2344000]",974,13346000
4,13,5,"[955,949,938,942,915]","[2790000,2794000,2753000,2690000,2586000]",955,13613000
4,14,5,"[932,861,959,955,973]","[2734000,2530000,2794000,2720000,2765000]",973,13543000
4,15,5,"[913,963,960,921,911]","[2705000,2827000,2728000,2671000,2671000]",963,13602000
4,16,5,"[911,970,958,921,910]","[2692000,2837000,2723000,2681000,2669000]",970,13602000
4,17,5,"[932,933,930,912,971]","[2678000,2750000,2715000,2654000,2752000]",971,13549000
4,18,5,"[978,972,934,939,786]","[2823000,2870000,2705000,2689000,2304000]",978,13391000
4,19,5,"[983,973,929,911,787]","[2848000,2875000,2698000,2657000,2306000]",983,13384000
4,20,5,"[891,958,934,946,947]","[2654000,2822000,2667000,2740000,2735000]",958,13618000
4,21,5,"[837,950,929,1280,788]","[2487000,2799000,2698000,3568000,2242000]",1280,13794000
4,22,5,"[981,894,1007,776,942]","[2875000,2674000,2875000,2222000,2725000]",1007,13371000
4,23,5,"[877,956,992,851,1026]","[2595000,2796000,2857000,2430000,2984000]",1026,13662000
4,24,5,"[896,961,961,988,904]","[2654000,2816000,2737000,2826000,2601000]",988,13634000
4,25,5,"[961,941,890,905,919]","[2824000,2755000,2620000,2578000,2670000]",961,13447000
4,26,5,"[992,991,1000,967,831]","[2867000,2914000,2861000,2765000,2425000]",1000,13832000
4,27,5,"[1093,934,998,1015,923]","[3167000,2772000,2855000,2911000,2746000]",1093,14451000
4,28,5,"[910,959,962,974,790]","[2650000,2831000,2800000,2809000,2243000]",974,13333000
4,29,5,"[843,1060,938,1017,911]","[2468000,3092000,2668000,2923000,2683000]",1060,13834000
4,30,5,"[1023,901,915,861,938]","[3020000,2631000,2691000,2432000,2642000]",1023,13416000
4,31,5,"[945,947,982,900,990]","[2719000,2776000,2803000,2556000,2798000]",990,13652000
4,32,5,"[848,1024,940,940,920]","[2497000,2993000,2678000,2746000,2691000]",1024,13605000
4,33,5,"[963,961,961,971,797]","[2775000,2846000,2796000,2794000,2277000]",971,13488000
4,34,5,"[849,978,888,977,938]","[2473000,2894000,2555000,2816000,2740000]",978,13478000
4,35,5,"[916,925,928,944,973]","[2643000,2709000,2706000,2692000,2788000]",973,13538000
4,36,5,"[991,986,935,928,914]","[2863000,2899000,2660000,2675000,2642000]",991,13739000
4,37,5,"[936,966,1006,999,831]","[2750000,2859000,2878000,2873000,2370000]",1006,13730000
4,38,5,"[820,1081,1009,948,915]","[2405000,3143000,2866000,2799000,2675000]",1081,13888000
4,39,5,"[976,977,1009,951,767]","[2809000,2906000,2881000,2734000,2220000]",1009,13550000
4,40,5,"[906,978,983,693,1014]","[2625000,2870000,2863000,1967000,2858000]",1014,13183000
4,41,5,"[849,1040,939,991,906]","[2493000,3035000,2673000,2861000,2661000]",1040,13723000
4,42,5,"[918,946,964,816,999]","[2661000,2751000,2801000,2295000,2832000]",999,13340000
4,43,5,"[933,1049,935,993,915]","[2769000,3061000,2659000,2862000,2692000]",1049,14043000
4,44,5,"[891,956,922,986,890]","[2643000,2800000,2660000,2823000,2581000]",986,13507000
4,45,5,"[844,1061,937,995,911]","[2470000,3094000,2669000,2866000,2683000]",1061,13782000
4,46,5,"[1032,942,923,1050,916]","[3023000,2798000,2702000,2987000,2663000]",1050,14173000
4,47,5,"[911,946,986,985,845]","[2650000,2748000,2787000,2839000,2409000]",986,13433000
4,48,5,"[959,941,960,912,973]","[2753000,2775000,2727000,2651000,2744000]",973,13650000
4,49,5,"[1008,941,892,810,1120]","[2956000,2778000,2633000,2282000,3142000]",1120,13791000
4,50,5,"[962,1061,951,985,918]","[2711000,3142000,2692000,2802000,2595000]",1061,13942000
4,51,5,"[981,968,996,948,768]","[2850000,2859000,2868000,2711000,2237000]",996,13525000
4,52,5,"[877,952,916,996,967]","[2562000,2799000,2701000,2901000,2727000]",996,13690000
4,53,5,"[966,945,887,905,1009]","[2838000,2759000,2614000,2561000,2869000]",1009,13641000
4,54,5,"[899,1002,979,1001,829]","[2551000,2915000,2819000,2869000,2368000]",1002,13522000
4,55,5,"[926,964,955,882,914]","[2728000,2818000,2718000,2580000,2627000]",964,13471000
4,56,5,"[978,1007,907,887,925]","[2796000,2945000,2618000,2564000,2672000]",1007,13595000
4,57,5,"[997,975,998,963,774]","[2888000,2865000,2851000,2758000,2251000]",998,13613000
4,58,5,"[1031,959,904,976,911]","[2959000,2836000,2669000,2768000,2576000]",1031,13808000
4,59,5,"[1008,975,961,908,935]","[2890000,2877000,2791000,2629000,2696000]",1008,13883000
4,60,5,"[937,865,899,948,968]","[2751000,2534000,2639000,2700000,2763000]",968,13387000
4,61,5,"[888,965,988,896,949]","[2638000,2822000,2802000,2615000,2679000]",988,13556000
4,62,5,"[966,943,911,904,1005]","[2838000,2752000,2647000,2557000,2859000]",1005,13653000
4,63,5,"[858,1023,987,1005,826]","[2491000,2997000,2849000,2811000,2369000]",1023,13517000
4,64,5,"[826,1001,967,931,829]","[2392000,2974000,2831000,2685000,2351000]",1001,13233000
4,65,5,"[851,1021,935,995,913]","[2496000,2967000,2659000,2865000,2687000]",1021,13674000
4,66,5,"[1137,943,929,860,1089]","[3345000,2772000,2720000,2427000,3145000]",1137,14409000
4,67,5,"[938,862,957,970,959]","[2749000,2532000,2794000,2732000,2704000]",970,13511000
4,68,5,"[1107,1046,965,1031,938]","[3200000,3165000,2830000,2965000,2765000]",1107,14925000
4,69,5,"[846,1060,935,996,974]","[2474000,3096000,2659000,2868000,2814000]",1060,13911000
4,70,5,"[1108,946,915,1053,906]","[3233000,2803000,2671000,2987000,2673000]",1108,14367000
4,71,5,"[939,924,940,1004,962]","[2755000,2736000,2760000,2844000,2731000]",1004,13826000
4,72,5,"[956,963,948,973,823]","[2745000,2862000,2697000,2774000,2328000]",973,13406000
4,73,5,"[1096,1068,952,1018,938]","[3134000,3213000,2813000,2937000,2774000]",1096,14871000
4,74,5,"[966,951,880,906,996]","[2842000,2798000,2598000,2607000,2840000]",996,13685000
4,75,5,"[1021,913,1008,684,945]","[2963000,2725000,2873000,1921000,2692000]",1021,13174000
4,76,5,"[896,971,1008,1001,771]","[2661000,2862000,2883000,2873000,2188000]",1008,13467000
4,77,5,"[985,931,991,951,770]","[2857000,2748000,2843000,2729000,2238000]",991,13415000
4,78,5,"[985,947,1007,830,973]","[2886000,2803000,2878000,2347000,2760000]",1007,13674000
4,79,5,"[982,976,1010,906,955]","[2892000,2887000,2911000,2608000,2727000]",1010,14025000
4,80,5,"[1043,1051,1037,976,907]","[3088000,3069000,2930000,2827000,2673000]",1051,14587000
4,81,5,"[982,971,1007,948,769]","[2837000,2859000,2889000,2718000,2238000]",1007,13541000
4,82,5,"[915,984,1005,933,960]","[2614000,2936000,2872000,2689000,2710000]",1005,13821000
4,83,5,"[923,938,963,863,958]","[2741000,2756000,2807000,2450000,2679000]",963,13433000
4,84,5,"[899,876,1037,999,946]","[2581000,2598000,2933000,2895000,2762000]",1037,13769000
4,85,5,"[897,866,918,995,969]","[2635000,2565000,2671000,2842000,2735000]",995,13448000
4,86,5,"[982,998,1020,848,947]","[2805000,2920000,2927000,2393000,2675000]",1020,13720000
4,87,5,"[1015,1027,924,717,962]","[2988000,3066000,2734000,2022000,2722000]",1027,13532000
4,88,5,"[858,942,932,908,985]","[2508000,2760000,2706000,2580000,2781000]",985,13335000
4,89,5,"[876,958,997,939,972]","[2596000,2803000,2828000,2696000,2741000]",997,13664000
4,90,5,"[951,980,961,952,908]","[2754000,2887000,2786000,2730000,2603000]",980,13760000
4,91,5,"[1143,873,999,994,909]","[3370000,2561000,2860000,2863000,2707000]",1143,14361000
4,92,5,"[878,959,953,974,939]","[2599000,2842000,2710000,2782000,2624000]",974,13557000
4,93,5,"[920,1146,1053,859,1141]","[2711000,3419000,2983000,2486000,3335000]",1146,14934000
4,94,5,"[1079,970,1009,696,1018]","[3236000,2851000,2878000,1944000,3008000]",1079,13917000
4,95,5,"[999,975,1002,892,935]","[2875000,2874000,2880000,2577000,2645000]",1002,13851000
4,96,5,"[941,943,920,955,847]","[2683000,2773000,2637000,2725000,2422000]",955,13240000
4,97,5,"[1075,926,933,892,1091]","[3101000,2743000,2719000,2529000,3110000]",1091,14202000
4,98,5,"[1085,954,925,1113,907]","[3101000,2807000,2703000,3124000,2638000]",1113,14373000
4,99,5,"[1005,944,883,903,978]","[2932000,2781000,2574000,2567000,2821000]",1005,13675000
4,100,5,"[948,972,930,860,942]","[2809000,2855000,2709000,2424000,2633000]",972,13430000
4,101,5,"[977,899,955,686,995]","[2863000,2684000,2759000,1932000,2812000]",995,13050000
4,102,5,"[940,953,927,886,856]","[2782000,2814000,2707000,2501000,2486000]",953,13290000
4,103,5,"[957,956,966,878,817]","[2760000,2832000,2814000,2600000,2356000]",966,13362000
4,104,5,"[914,969,924,952,797]","[2711000,2851000,2673000,2777000,2289000]",969,13301000
4,105,5,"[939,939,934,951,887]","[2732000,2764000,2735000,2702000,2545000]",951,13478000
4,106,5,"[837,875,927,939,1009]","[2487000,2583000,2703000,2702000,2850000]",1009,13325000
4,107,5,"[889,957,947,930,907]","[2632000,2815000,2693000,2731000,2660000]",957,13531000
4,108,5,"[921,961,956,970,813]","[2674000,2843000,2706000,2773000,2314000]",970,13310000
4,109,5,"[960,952,941,904,918]","[2786000,2803000,2750000,2636000,2589000]",960,13564000
4,110,5,"[987,972,920,892,756]","[2841000,2865000,2683000,2612000,2236000]",987,13237000
4,111,5,"[938,965,912,974,814]","[2713000,2850000,2610000,2771000,2320000]",974,13264000
4,112,5,"[937,973,944,943,908]","[2749000,2854000,2766000,2687000,2580000]",973,13636000
4,113,5,"[932,864,943,956,970]","[2740000,2527000,2749000,2727000,2741000]",970,13484000
4,114,5,"[911,956,968,941,906]","[2685000,2812000,2736000,2730000,2654000]",968,13617000
4,115,5,"[910,1025,980,920,865]","[2698000,2997000,2782000,2683000,2543000]",1025,13703000
4,116,5,"[930,933,922,904,1005]","[2678000,2748000,2695000,2625000,2849000]",1005,13595000
4,117,5,"[995,978,924,927,790]","[2883000,2871000,2679000,2676000,2298000]",995,13407000
4,118,5,"[992,1104,934,826,798]","[2850000,3224000,2714000,2379000,2350000]",1104,13517000
4,119,5,"[884,966,944,951,962]","[2623000,2839000,2688000,2760000,2768000]",966,13678000
5,1,5,"[789,866,965,950,671]","[2334000,2560000,2815000,2759000,1993000]",965,12461000
5,2,5,"[767,860,938,947,924]","[2263000,2548000,2731000,2758000,2588000]",947,12888000
5,3,5,"[835,920,974,942,573]","[2443000,2651000,2825000,2781000,1647000]",974,12347000
5,4,5,"[768,940,944,943,926]","[2277000,2704000,2746000,2759000,2611000]",944,13097000
5,5,5,"[856,862,957,943,725]","[2549000,2548000,2787000,2780000,2122000]",957,12786000
5,6,5,"[899,867,974,968,591]","[2618000,2529000,2857000,2816000,1635000]",974,12455000
5,7,5,"[761,868,952,946,921]","[2251000,2564000,2774000,2762000,2583000]",952,12934000
5,8,5,"[818,869,966,963,661]","[2397000,2566000,2805000,2820000,1916000]",966,12504000
5,9,5,"[858,880,975,974,585]","[2515000,2567000,2857000,2842000,1592000]",975,12373000
5,10,5,"[821,921,976,941,575]","[2425000,2656000,2827000,2811000,1649000]",976,12368000
5,11,5,"[817,862,967,945,673]","[2413000,2552000,2810000,2765000,1956000]",967,12496000
5,12,5,"[812,923,980,982,574]","[2380000,2661000,2843000,2881000,1647000]",982,12412000
5,13,5,"[816,920,974,984,573]","[2380000,2656000,2819000,2892000,1637000]",984,12384000
5,14,5,"[762,867,966,908,922]","[2251000,2562000,2804000,2673000,2582000]",966,12872000
5,15,5,"[776,870,965,944,935]","[2302000,2578000,2807000,2763000,2642000]",965,13092000
5,16,5,"[819,870,969,954,660]","[2412000,2571000,2814000,2799000,1911000]",969,12507000
5,17,5,"[822,835,968,961,708]","[2429000,2468000,2812000,2813000,2051000]",968,12573000
5,18,5,"[827,860,967,967,680]","[2432000,2558000,2825000,2828000,1973000]",967,12616000
5,19,5,"[866,868,967,951,680]","[2547000,2556000,2816000,2803000,2007000]",967,12729000
5,20,5,"[787,872,958,1012,659]","[2308000,2572000,2756000,2963000,1909000]",1012,12508000
5,21,5,"[772,943,993,931,890]","[2277000,2709000,2898000,2705000,2500000]",993,13089000
5,22,5,"[933,870,969,1060,691]","[2733000,2571000,2832000,3091000,2000000]",1060,13227000
5,23,5,"[897,867,974,1009,590]","[2604000,2515000,2857000,2897000,1623000]",1009,12496000
5,24,5,"[798,930,959,985,585]","[2325000,2682000,2773000,2923000,1680000]",985,12383000
5,25,5,"[795,878,956,1030,691]","[2349000,2587000,2764000,3008000,2006000]",1030,12714000
5,26,5,"[816,920,969,984,563]","[2380000,2656000,2814000,2889000,1578000]",984,12317000
5,27,5,"[769,941,989,894,928]","[2269000,2709000,2890000,2593000,2617000]",989,13078000
5,28,5,"[879,866,968,934,681]","[2592000,2575000,2821000,2707000,1981000]",968,12676000
5,29,5,"[825,875,969,1098,665]","[2454000,2586000,2814000,3161000,1933000]",1098,12948000
5,30,5,"[1045,869,966,953,708]","[3186000,2570000,2819000,2815000,2064000]",1045,13454000
5,31,5,"[825,922,998,972,572]","[2410000,2644000,2898000,2815000,1632000]",998,12399000
5,32,5,"[818,870,969,949,661]","[2397000,2568000,2811000,2795000,1916000]",969,12487000
5,33,5,"[825,897,992,950,943]","[2409000,2667000,2889000,2763000,2708000]",992,13436000
5,34,5,"[804,866,962,978,681]","[2359000,2560000,2809000,2848000,1960000]",978,12536000
5,35,5,"[930,901,971,999,682]","[2802000,2606000,2823000,2932000,2020000]",999,13183000
5,36,5,"[776,869,966,1047,888]","[2302000,2561000,2813000,3071000,2514000]",1047,13261000
5,37,5,"[899,866,1003,968,595]","[2612000,2521000,2888000,2814000,1655000]",1003,12490000
5,38,5,"[809,917,980,979,577]","[2377000,2638000,2837000,2872000,1652000]",980,12376000
5,39,5,"[821,858,996,943,689]","[2431000,2541000,2908000,2739000,1999000]",996,12618000
5,40,5,"[771,905,976,980,836]","[2292000,2613000,2838000,2881000,2298000]",980,12922000
5,41,5,"[895,863,974,976,611]","[2602000,2504000,2845000,2857000,1810000]",976,12618000
5,42,5,"[814,922,972,984,574]","[2384000,2661000,2812000,2880000,1649000]",984,12386000
5,43,5,"[885,924,977,1004,666]","[2596000,2666000,2828000,2893000,1934000]",1004,12917000
5,44,5,"[830,922,973,967,873]","[2383000,2654000,2817000,2828000,2453000]",973,13135000
5,45,5,"[783,873,972,982,661]","[2304000,2574000,2820000,2867000,1909000]",982,12474000
5,46,5,"[726,870,967,961,573]","[2086000,2575000,2792000,2809000,1647000]",967,11909000
5,47,5,"[1133,924,975,970,981]","[3481000,2667000,2821000,2824000,3079000]",1133,14872000
5,48,5,"[893,854,998,928,790]","[2658000,2530000,2915000,2710000,2320000]",998,13133000
5,49,5,"[826,970,965,973,771]","[2425000,2814000,2802000,2824000,2222000]",973,13087000
5,50,5,"[932,859,968,940,586]","[2659000,2493000,2827000,2770000,1588000]",968,12337000
5,51,5,"[815,894,1033,1036,579]","[2380000,2651000,2941000,3032000,1655000]",1036,12659000
5,52,5,"[821,855,1022,944,689]","[2431000,2535000,2956000,2741000,1999000]",1022,12662000
5,53,5,"[821,868,967,934,688]","[2412000,2568000,2813000,2703000,1984000]",967,12480000
5,54,5,"[906,886,960,948,713]","[2661000,2591000,2780000,2766000,2105000]",960,12903000
5,55,5,"[881,870,969,974,677]","[2590000,2574000,2816000,2860000,2017000]",974,12857000
5,56,5,"[776,872,979,954,932]","[2302000,2582000,2841000,2787000,2637000]",979,13149000
5,57,5,"[954,862,998,933,692]","[2803000,2501000,2908000,2691000,2022000]",998,12925000
5,58,5,"[856,863,971,955,726]","[2549000,2552000,2831000,2785000,2121000]",971,12838000
5,59,5,"[809,886,973,979,578]","[2373000,2566000,2828000,2876000,1661000]",979,12304000
5,60,5,"[814,895,975,946,672]","[2405000,2627000,2844000,2825000,1947000]",975,12648000
5,61,5,"[776,867,993,941,956]","[2302000,2571000,2913000,2725000,2748000]",993,13259000
5,62,5,"[893,866,1018,964,594]","[2604000,2514000,2932000,2810000,1613000]",1018,12473000
5,63,5,"[796,833,969,952,713]","[2351000,2456000,2814000,2779000,2105000]",969,12505000
5,64,5,"[767,849,938,947,924]","[2263000,2517000,2731000,2758000,2603000]",947,12872000
5,65,5,"[845,925,973,938,604]","[2468000,2660000,2817000,2780000,1700000]",973,12425000
5,66,5,"[768,940,944,943,926]","[2277000,2704000,2746000,2756000,2614000]",944,13097000
5,67,5,"[861,864,969,947,719]","[2547000,2575000,2834000,2800000,2099000]",969,12855000
5,68,5,"[890,866,970,965,523]","[2596000,2507000,2831000,2827000,1486000]",970,12247000
5,69,5,"[761,857,950,944,919]","[2251000,2533000,2770000,2752000,2588000]",950,12894000
5,70,5,"[818,869,966,963,661]","[2397000,2566000,2805000,2820000,1916000]",966,12504000
5,71,5,"[866,878,980,975,585]","[2537000,2563000,2868000,2825000,1595000]",980,12388000
5,72,5,"[852,922,949,939,583]","[2493000,2657000,2739000,2795000,1652000]",949,12336000
5,73,5,"[866,861,943,954,676]","[2569000,2548000,2737000,2789000,1962000]",954,12605000
5,74,5,"[812,906,974,982,573]","[2376000,2619000,2819000,2876000,1646000]",982,12336000
5,75,5,"[870,920,947,976,578]","[2530000,2656000,2741000,2867000,1646000]",976,12440000
5,76,5,"[761,869,949,903,949]","[2251000,2566000,2755000,2646000,2658000]",949,12876000
5,77,5,"[777,872,965,947,932]","[2307000,2582000,2811000,2759000,2637000]",965,13096000
5,78,5,"[817,868,967,959,682]","[2400000,2564000,2813000,2803000,1971000]",967,12551000
5,79,5,"[848,840,938,969,710]","[2512000,2470000,2722000,2826000,2062000]",969,12592000
5,80,5,"[860,860,948,964,682]","[2524000,2551000,2763000,2816000,1985000]",964,12639000
5,81,5,"[867,868,967,979,678]","[2547000,2560000,2816000,2869000,2002000]",979,12794000
5,82,5,"[787,868,956,987,674]","[2318000,2570000,2752000,2906000,1945000]",987,12491000
6,1,5,"[514,1099,997,994,922]","[1503000,3197000,2868000,2935000,2613000]",1099,13116000
6,2,5,"[723,983,966,1002,987]","[2093000,2890000,2718000,2952000,2891000]",1002,13544000
6,3,5,"[514,1097,1010,980,921]","[1503000,3202000,2908000,2903000,2611000]",1097,13127000
6,4,5,"[756,1037,946,1032,776]","[2272000,3036000,2729000,3087000,2222000]",1037,13346000
6,5,5,"[745,1049,884,902,1000]","[2139000,3045000,2559000,2691000,2854000]",1049,13288000
6,6,5,"[702,988,961,1010,998]","[2022000,2890000,2747000,3033000,2956000]",1010,13648000
6,7,5,"[770,1051,955,1051,741]","[2259000,3057000,2757000,3114000,2133000]",1051,13320000
6,8,5,"[651,986,962,1015,1003]","[1912000,2882000,2736000,3049000,2967000]",1015,13546000
6,9,5,"[688,1030,1016,1052,895]","[2013000,3002000,2884000,3114000,2472000]",1052,13485000
6,10,5,"[750,1031,960,1053,778]","[2245000,3012000,2776000,3120000,2233000]",1053,13386000
6,11,5,"[782,1026,1020,929,1033]","[2198000,2971000,2906000,2757000,2963000]",1033,13795000
6,12,5,"[674,1039,945,1006,1003]","[1957000,3068000,2673000,3038000,2969000]",1039,13705000
6,13,5,"[819,1032,1009,1010,1030]","[2334000,2991000,2972000,3057000,3041000]",1032,14395000
6,14,5,"[725,982,1012,949,1041]","[2065000,2852000,2886000,2876000,3002000]",1041,13681000
6,15,5,"[696,1007,984,1044,960]","[2026000,2939000,2803000,3092000,2748000]",1044,13608000
6,16,5,"[733,1052,992,895,1009]","[2098000,3047000,2802000,2681000,2868000]",1052,13496000
6,17,5,"[725,1034,1018,949,1041]","[2065000,2995000,2859000,2876000,3002000]",1041,13797000
6,18,5,"[774,1032,1020,929,1034]","[2199000,2994000,2901000,2751000,2965000]",1034,13810000
6,19,5,"[687,1001,1054,1050,895]","[2012000,2898000,2994000,3110000,2472000]",1054,13486000
6,20,5,"[685,977,1070,902,991]","[1960000,2856000,3066000,2672000,2836000]",1070,13390000
6,21,5,"[816,1050,961,1003,1058]","[2339000,3030000,2681000,2964000,3079000]",1058,14093000
6,22,5,"[675,1059,907,1017,996]","[1962000,3074000,2598000,3082000,2952000]",1059,13668000
6,23,5,"[943,1075,1025,988,761]","[2900000,3124000,2926000,2916000,2150000]",1075,14016000
6,24,5,"[689,1027,1086,1049,901]","[2013000,2990000,3102000,3112000,2484000]",1086,13701000
6,25,5,"[741,1052,956,1051,780]","[2213000,3068000,2760000,3114000,2213000]",1052,13368000
6,26,5,"[941,1065,928,1048,777]","[2809000,3100000,2692000,3118000,2219000]",1065,13938000
6,27,5,"[818,1032,1000,1010,1031]","[2335000,2991000,2890000,3057000,3043000]",1032,14316000
6,28,5,"[709,1057,947,1057,909]","[2072000,3067000,2736000,3126000,2491000]",1057,13492000
6,29,5,"[787,1050,1079,963,1051]","[2288000,3059000,3089000,2918000,3053000]",1079,14407000
6,30,5,"[767,1054,853,1054,785]","[2260000,3064000,2485000,3143000,2234000]",1054,13186000
6,31,5,"[746,1050,877,1036,883]","[2147000,3051000,2551000,3071000,2551000]",1050,13371000
6,32,5,"[749,1108,1075,988,901]","[2137000,3215000,3014000,2926000,2552000]",1108,13844000
6,33,5,"[693,1038,1009,946,1043]","[1985000,3000000,2832000,2846000,3002000]",1043,13665000
6,34,5,"[693,1008,969,1059,989]","[2013000,2932000,2755000,3069000,2821000]",1059,13590000
6,35,5,"[581,1101,955,1038,812]","[1735000,3204000,2738000,3073000,2334000]",1101,13084000
6,36,5,"[674,1089,940,1009,1043]","[1957000,3161000,2656000,3038000,3027000]",1089,13839000
6,37,5,"[1107,1036,1024,959,928]","[3309000,3011000,2877000,2856000,2613000]",1107,14666000
6,38,5,"[711,1031,1008,1012,1011]","[2025000,2953000,2887000,3076000,2985000]",1031,13926000
6,39,5,"[782,1025,1013,965,1036]","[2198000,2969000,2874000,2863000,2978000]",1036,13882000
6,40,5,"[771,1032,1016,944,1059]","[2195000,2996000,2882000,2760000,3015000]",1059,13848000
6,41,5,"[734,986,1057,904,965]","[2149000,2881000,3047000,2670000,2789000]",1057,13536000
6,42,5,"[1135,1068,1024,1007,927]","[3450000,3100000,2855000,2956000,2617000]",1135,14978000
6,43,5,"[763,1035,1029,959,1078]","[2186000,3030000,2893000,2902000,3074000]",1078,14085000
6,44,5,"[714,968,995,906,1042]","[2044000,2781000,2813000,2704000,2997000]",1042,13339000
6,45,5,"[677,1040,879,1000,1009]","[1963000,3063000,2466000,3020000,2996000]",1040,13508000
6,46,5,"[767,979,1160,1026,1061]","[2177000,2864000,3216000,3081000,3061000]",1160,14399000
6,47,5,"[773,1065,942,1038,983]","[2256000,3092000,2719000,3018000,2788000]",1065,13873000
6,48,5,"[691,1022,948,1029,1032]","[1993000,2986000,2683000,3014000,3004000]",1032,13680000
6,49,5,"[1372,1128,1075,1052,762]","[4226000,3243000,3193000,3127000,2153000]",1372,15942000
6,50,5,"[675,1121,1019,1027,999]","[1962000,3231000,2951000,3051000,2952000]",1121,14147000
6,51,5,"[726,1072,1022,945,1052]","[2067000,3047000,2867000,2847000,3028000]",1072,13856000
6,52,5,"[821,1026,953,990,1058]","[2341000,2941000,2692000,2977000,3061000]",1058,14012000
6,53,5,"[611,1096,1013,1001,999]","[1753000,3178000,2921000,2958000,2916000]",1096,13726000
6,54,5,"[731,1033,1021,998,1060]","[2083000,2987000,2876000,2974000,3019000]",1060,13939000
6,55,5,"[881,1077,1067,1014,1046]","[2475000,3117000,3070000,3066000,3061000]",1077,14789000
6,56,5,"[672,1029,953,1062,911]","[1998000,3008000,2751000,3155000,2491000]",1062,13403000
6,57,5,"[817,1034,962,1012,1030]","[2333000,2995000,2768000,3067000,3050000]",1034,14213000
6,58,5,"[649,988,964,1049,1023]","[1912000,2877000,2759000,3078000,3033000]",1049,13659000
6,59,5,"[784,1054,981,1028,743]","[2294000,3066000,2791000,3047000,2124000]",1054,13322000
6,60,5,"[693,1026,1020,1031,825]","[2049000,2988000,2894000,3076000,2240000]",1031,13247000
6,61,5,"[688,1028,1002,1052,1053]","[2015000,2992000,2851000,3136000,3081000]",1053,14075000
6,62,5,"[720,986,1097,969,1051]","[2086000,2894000,3102000,2913000,3022000]",1097,14017000
6,63,5,"[917,1049,764,1008,1099]","[2633000,3058000,2215000,3060000,3190000]",1099,14156000
6,64,5,"[769,1033,1038,935,1078]","[2195000,2981000,2935000,2689000,3146000]",1078,13946000
6,65,5,"[663,982,1122,905,987]","[1905000,2866000,3204000,2685000,2819000]",1122,13479000
6,66,5,"[756,1035,1001,1043,795]","[2266000,3027000,2836000,3098000,2286000]",1043,13513000
6,67,5,"[689,1061,1011,1106,929]","[2012000,3061000,2860000,3245000,2648000]",1106,13826000
6,68,5,"[782,1080,1026,927,1035]","[2219000,3116000,2905000,2744000,2967000]",1080,13951000
6,69,5,"[666,977,1070,912,999]","[1906000,2856000,3085000,2705000,2841000]",1070,13393000
6,70,5,"[802,1035,1007,972,1026]","[2278000,3012000,2957000,2859000,2930000]",1035,14036000
6,71,5,"[653,992,987,1047,969]","[1888000,2899000,2828000,3093000,2773000]",1047,13481000
6,72,5,"[730,985,997,1050,840]","[2152000,2872000,2803000,3114000,2414000]",1050,13355000
6,73,5,"[1399,1106,1005,981,1155]","[4504000,3229000,2899000,2905000,3375000]",1399,16912000
6,74,5,"[762,1048,1051,923,1038]","[2199000,3054000,2926000,2741000,2980000]",1051,13900000
6,75,5,"[1579,1241,989,997,958]","[4941000,3622000,2814000,2962000,2739000]",1579,17078000
6,76,5,"[791,1050,1015,927,1040]","[2244000,3064000,2878000,2753000,2971000]",1050,13910000
6,77,5,"[693,1008,963,1014,991]","[2013000,2937000,2736000,2964000,2831000]",1014,13481000
6,78,5,"[795,1035,959,1036,871]","[2313000,3020000,2772000,3078000,2367000]",1036,13550000
6,79,5,"[943,1102,1027,922,1081]","[2775000,3178000,2921000,2731000,3086000]",1102,14691000
6,80,5,"[766,1027,1008,1027,975]","[2211000,2966000,2875000,3047000,2717000]",1027,13816000
6,81,5,"[674,1042,943,1051,1000]","[1957000,3083000,2658000,3127000,2962000]",1051,13787000
6,82,5,"[1470,1189,1030,1005,971]","[4738000,3484000,3001000,2963000,2797000]",1470,16983000
6,83,5,"[695,1007,1004,1046,942]","[2024000,2939000,2847000,3096000,2746000]",1046,13652000
6,84,5,"[687,1051,1011,1052,897]","[2008000,3053000,2860000,3115000,2476000]",1052,13512000
6,85,5,"[728,1033,1055,946,1044]","[2071000,2990000,2984000,2842000,3027000]",1055,13914000
6,86,5,"[681,1015,1031,1013,997]","[1944000,2913000,2892000,3050000,2948000]",1031,13747000
6,87,5,"[733,1048,986,914,1005]","[2098000,3043000,2781000,2752000,2865000]",1048,13539000
6,88,5,"[705,1021,1115,915,992]","[2037000,2982000,3145000,2712000,2846000]",1115,13722000
6,89,5,"[973,1034,949,1036,835]","[2931000,3023000,2654000,3063000,2441000]",1036,14112000
6,90,5,"[772,1022,980,928,1074]","[2190000,2989000,2790000,2740000,3069000]",1074,13778000
6,91,5,"[720,1104,953,1010,987]","[2091000,3217000,2662000,2962000,2878000]",1104,13810000
6,92,5,"[690,1055,975,983,905]","[2025000,3061000,2765000,2887000,2514000]",1055,13252000
6,93,5,"[714,1052,1027,957,983]","[2033000,3055000,2936000,2808000,2797000]",1052,13629000
6,94,5,"[672,983,936,1036,831]","[1985000,2869000,2709000,3086000,2403000]",1036,13052000
6,95,5,"[1228,1095,1008,1000,1053]","[3723000,3177000,2908000,2946000,3096000]",1228,15850000
6,96,5,"[901,1076,965,1115,780]","[2764000,3114000,2737000,3232000,2228000]",1115,14075000
6,97,5,"[511,1100,998,993,923]","[1497000,3197000,2872000,2932000,2615000]",1100,13113000
6,98,5,"[720,985,962,1002,952]","[2089000,2887000,2695000,2952000,2807000]",1002,13430000
6,99,5,"[602,1098,999,1013,919]","[1709000,3201000,2878000,2939000,2609000]",1098,13336000
6,100,5,"[758,1070,951,1008,781]","[2264000,3135000,2747000,3008000,2240000]",1070,13394000
6,101,5,"[740,1040,896,909,999]","[2130000,3037000,2580000,2730000,2847000]",1040,13324000
6,102,5,"[724,958,966,1015,997]","[2087000,2806000,2752000,3051000,2952000]",1015,13648000
6,103,5,"[772,1054,953,1054,711]","[2281000,3072000,2752000,3117000,2040000]",1054,13262000
6,104,5,"[651,986,929,1013,1001]","[1914000,2879000,2701000,3058000,2959000]",1013,13511000
6,105,5,"[683,1032,950,1050,902]","[1992000,2996000,2752000,3110000,2482000]",1050,13332000
6,106,5,"[750,1024,948,1057,780]","[2240000,2990000,2738000,3127000,2214000]",1057,13309000
6,107,5,"[699,1039,1029,949,1043]","[2057000,3016000,2952000,2794000,2995000]",1043,13814000
6,108,5,"[674,1002,978,1013,998]","[1957000,2956000,2775000,3048000,2959000]",1013,13695000
6,109,5,"[812,1013,1016,1016,1030]","[2308000,2958000,2986000,3063000,3040000]",1030,14355000
6,110,5,"[741,965,1019,946,1045]","[2109000,2812000,2907000,2861000,3010000]",1045,13699000
6,111,5,"[700,1011,984,1046,909]","[2051000,2970000,2795000,3112000,2676000]",1046,13604000
6,112,5,"[733,1052,992,895,1009]","[2098000,3047000,2796000,2681000,2874000]",1052,13496000
6,113,5,"[726,1032,982,982,1041]","[2065000,2988000,2748000,2975000,3002000]",1041,13778000
6,114,5,"[780,1004,1014,926,1038]","[2220000,2921000,2879000,2748000,2971000]",1038,13739000
6,115,5,"[685,1031,1047,1012,897]","[1992000,2996000,2979000,3011000,2482000]",1047,13460000
6,116,5,"[685,982,1071,907,888]","[1973000,2881000,3059000,2696000,2625000]",1071,13234000
7,1,5,"[903,1026,1002,939,816]","[2681000,3012000,2836000,2664000,2368000]",1026,13561000
7,2,5,"[911,994,998,899,963]","[2717000,2929000,2829000,2585000,2714000]",998,13774000
7,3,5,"[888,1031,915,934,795]","[2624000,3097000,2597000,2647000,2297000]",1031,13262000
7,4,5,"[954,976,993,900,955]","[2852000,2916000,2877000,2543000,2747000]",993,13935000
7,5,5,"[887,980,989,995,872]","[2644000,2900000,2892000,2863000,2549000]",995,13848000
7,6,5,"[946,996,993,900,954]","[2804000,2934000,2880000,2549000,2742000]",996,13909000
7,7,5,"[946,997,994,892,956]","[2803000,2937000,2880000,2518000,2749000]",997,13887000
7,8,5,"[991,999,958,871,951]","[2984000,2951000,2695000,2522000,2684000]",999,13836000
7,9,5,"[887,1022,1006,913,920]","[2645000,3007000,2921000,2617000,2610000]",1022,13800000
7,10,5,"[870,1072,920,981,870]","[2520000,3188000,2654000,2799000,2506000]",1072,13667000
7,11,5,"[991,993,972,964,948]","[2969000,2933000,2802000,2679000,2665000]",993,14048000
7,12,5,"[989,914,1001,942,909]","[2985000,2702000,2834000,2659000,2625000]",1001,13805000
7,13,5,"[901,1032,865,953,989]","[2678000,3063000,2470000,2718000,2804000]",1032,13733000
7,14,5,"[971,994,987,983,954]","[2907000,2888000,2843000,2762000,2744000]",994,14144000
7,15,5,"[991,916,1004,945,907]","[2986000,2707000,2837000,2655000,2621000]",1004,13806000
7,16,5,"[977,1002,904,977,896]","[2941000,2960000,2626000,2733000,2587000]",1002,13847000
7,17,5,"[905,1037,914,963,931]","[2678000,3069000,2656000,2674000,2699000]",1037,13776000
7,18,5,"[944,997,994,909,955]","[2791000,2944000,2882000,2554000,2734000]",997,13905000
7,19,5,"[993,912,1003,892,964]","[2994000,2703000,2844000,2564000,2723000]",1003,13828000
7,20,5,"[993,933,996,971,946]","[2978000,2737000,2883000,2692000,2664000]",996,13954000
7,21,5,"[972,998,987,983,954]","[2907000,2899000,2843000,2762000,2740000]",998,14151000
7,22,5,"[897,1037,1011,932,1078]","[2660000,3070000,2823000,2656000,3103000]",1078,14312000
7,23,5,"[951,1001,987,914,958]","[2829000,2950000,2843000,2587000,2745000]",1001,13954000
7,24,5,"[953,976,937,924,982]","[2813000,2914000,2633000,2638000,2777000]",982,13775000
7,25,5,"[909,1023,987,992,829]","[2696000,2986000,2884000,2853000,2403000]",1023,13822000
7,26,5,"[954,982,980,928,955]","[2857000,2911000,2813000,2628000,2747000]",982,13956000
7,27,5,"[908,1036,894,932,990]","[2693000,3077000,2574000,2667000,2794000]",1036,13805000
7,28,5,"[973,955,884,940,1107]","[2926000,2835000,2526000,2681000,3160000]",1107,14128000
7,29,5,"[978,1005,959,859,968]","[2945000,2991000,2722000,2449000,2728000]",1005,13835000
7,30,5,"[950,1068,1004,836,958]","[2828000,3179000,2854000,2392000,2710000]",1068,13963000
7,31,5,"[1113,1027,1000,934,969]","[3404000,3012000,2824000,2654000,2756000]",1113,14650000
7,32,5,"[995,979,1002,831,965]","[2992000,2909000,2835000,2370000,2732000]",1002,13838000
7,33,5,"[981,969,1004,833,963]","[2961000,2868000,2911000,2363000,2730000]",1004,13833000
7,34,5,"[1111,1054,1057,986,1006]","[3341000,3057000,3037000,2745000,2865000]",1111,15045000
7,35,5,"[869,1074,934,929,912]","[2518000,3180000,2649000,2626000,2615000]",1074,13588000
7,36,5,"[883,964,1002,1022,991]","[2629000,2849000,2829000,2867000,2879000]",1022,14053000
7,37,5,"[977,1033,883,937,958]","[2933000,3074000,2528000,2680000,2770000]",1033,13985000
7,38,5,"[975,999,1000,888,958]","[2904000,2921000,2900000,2542000,2740000]",1000,14007000
7,39,5,"[872,1076,943,965,876]","[2532000,3199000,2740000,2716000,2530000]",1076,13717000
7,40,5,"[896,1036,976,873,904]","[2671000,3065000,2767000,2481000,2624000]",1036,13608000
7,41,5,"[902,1014,984,952,978]","[2670000,3028000,2889000,2612000,2735000]",1014,13934000
7,42,5,"[903,1031,964,997,987]","[2683000,3061000,2762000,2801000,2785000]",1031,14092000
7,43,5,"[991,997,1000,883,909]","[2988000,2937000,2834000,2523000,2619000]",1000,13901000
7,44,5,"[990,909,1003,944,1046]","[2975000,2695000,2839000,2664000,2938000]",1046,14111000
7,45,5,"[992,932,999,1016,1030]","[2966000,2728000,2885000,2807000,2912000]",1030,14298000
7,46,5,"[953,1010,985,940,960]","[2841000,2963000,2843000,2642000,2756000]",1010,14045000
7,47,5,"[1094,1029,913,926,941]","[3238000,3087000,2590000,2630000,2778000]",1094,14323000
7,48,5,"[983,1001,969,909,979]","[2963000,2974000,2733000,2583000,2853000]",1001,14106000
7,49,5,"[904,1036,910,871,1005]","[2686000,3074000,2618000,2406000,2873000]",1036,13657000
7,50,5,"[979,1050,986,967,959]","[2934000,3072000,2806000,2679000,2714000]",1050,14205000
7,51,5,"[971,999,989,983,955]","[2905000,2909000,2853000,2773000,2756000]",999,14196000
7,52,5,"[882,1039,997,937,787]","[2608000,3086000,2820000,2662000,2276000]",1039,13452000
7,53,5,"[870,1072,920,981,870]","[2520000,3188000,2654000,2799000,2506000]",1072,13667000
7,54,5,"[991,919,974,924,961]","[2976000,2720000,2718000,2649000,2720000]",991,13783000
7,55,5,"[907,1024,1006,910,958]","[2696000,2999000,2912000,2612000,2651000]",1024,13870000
7,56,5,"[952,1084,903,968,940]","[2740000,3211000,2610000,2713000,2730000]",1084,14004000
7,57,5,"[992,1000,959,872,891]","[2982000,2951000,2710000,2524000,2583000]",1000,13750000
7,58,5,"[905,1053,998,894,947]","[2685000,3116000,2823000,2552000,2672000]",1053,13848000
7,59,5,"[994,992,974,974,943]","[2975000,2938000,2795000,2714000,2659000]",994,14081000
7,60,5,"[924,980,1012,889,911]","[2738000,2860000,2926000,2561000,2595000]",1012,13680000
7,61,5,"[938,997,1032,977,855]","[2791000,2944000,2982000,2784000,2423000]",1032,13924000
7,62,5,"[878,992,942,926,964]","[2623000,2934000,2676000,2632000,2838000]",992,13703000
7,63,5,"[982,996,931,962,950]","[2954000,2949000,2704000,2675000,2677000]",996,13959000
7,64,5,"[954,976,1001,904,955]","[2852000,2916000,2902000,2542000,2747000]",1001,13959000
7,65,5,"[1030,995,1002,889,976]","[3092000,2934000,2907000,2519000,2738000]",1030,14190000
7,66,5,"[989,922,1010,881,957]","[2988000,2728000,2875000,2533000,2710000]",1010,13834000
7,67,5,"[942,993,1012,885,912]","[2781000,2928000,2926000,2556000,2599000]",1012,13790000
7,68,5,"[1029,966,1002,906,926]","[3106000,2886000,2902000,2554000,2637000]",1029,14085000
7,69,5,"[887,1022,1024,913,920]","[2645000,3007000,2957000,2618000,2610000]",1024,13837000
7,70,5,"[1031,967,1007,897,994]","[3096000,2897000,2910000,2517000,2872000]",1031,14292000
7,71,5,"[992,959,1018,962,943]","[2979000,2843000,2948000,2675000,2659000]",1018,14104000
7,72,5,"[941,1005,1007,898,953]","[2770000,2949000,2913000,2538000,2737000]",1007,13907000
7,73,5,"[904,1032,917,965,925]","[2682000,3057000,2671000,2692000,2653000]",1032,13755000
7,74,5,"[946,996,993,900,954]","[2798000,2934000,2880000,2549000,2742000]",996,13903000
7,75,5,"[943,995,1003,923,1004]","[2792000,2927000,2902000,2605000,2885000]",1004,14111000
7,76,5,"[906,965,1046,947,817]","[2700000,2839000,2968000,2686000,2373000]",1046,13566000
7,77,5,"[912,990,997,856,952]","[2717000,2915000,2827000,2492000,2674000]",997,13625000
7,78,5,"[885,1036,869,935,799]","[2626000,3121000,2494000,2645000,2303000]",1036,13189000
7,79,5,"[950,970,994,903,957]","[2833000,2885000,2875000,2549000,2747000]",994,13889000
7,80,5,"[887,978,989,1001,872]","[2644000,2876000,2895000,2870000,2549000]",1001,13834000
7,81,5,"[948,997,994,901,955]","[2811000,2942000,2878000,2548000,2742000]",997,13921000
7,82,5,"[1015,994,981,886,959]","[2971000,2931000,2826000,2515000,2755000]",1015,13998000
7,83,5,"[990,1004,957,848,940]","[2981000,2955000,2691000,2467000,2666000]",1004,13760000
7,84,5,"[888,1017,1003,889,925]","[2642000,2987000,2915000,2569000,2620000]",1017,13733000
7,85,5,"[871,1072,921,912,873]","[2530000,3192000,2671000,2636000,2511000]",1072,13540000
7,86,5,"[993,1009,969,963,945]","[2975000,2981000,2796000,2681000,2664000]",1009,14097000
7,87,5,"[944,914,1041,937,906]","[2839000,2694000,2964000,2670000,2619000]",1041,13786000
7,88,5,"[867,1037,870,953,1067]","[2570000,3065000,2480000,2718000,3013000]",1067,13846000
7,89,5,"[969,1003,949,1006,958]","[2895000,2892000,2740000,2843000,2763000]",1006,14133000
7,90,5,"[992,934,935,938,903]","[3000000,2740000,2716000,2652000,2613000]",992,13721000
7,91,5,"[995,997,901,966,895]","[2977000,2947000,2630000,2692000,2588000]",997,13834000
7,92,5,"[907,1043,920,968,926]","[2689000,3075000,2686000,2698000,2682000]",1043,13830000
7,93,5,"[945,1019,992,902,955]","[2804000,2977000,2899000,2540000,2734000]",1019,13954000
7,94,5,"[993,923,1004,899,964]","[2998000,2722000,2846000,2574000,2732000]",1004,13872000
7,95,5,"[979,947,1004,979,943]","[2957000,2781000,2908000,2717000,2666000]",1004,14029000
8,1,5,"[944,916,916,905,582]","[2858000,2692000,2700000,2567000,1704000]",944,12521000
8,2,5,"[946,941,924,823,585]","[2854000,2767000,2721000,2402000,1707000]",946,12451000
8,3,5,"[936,908,924,897,635]","[2832000,2671000,2724000,2498000,1796000]",936,12521000
8,4,5,"[907,954,936,854,621]","[2726000,2797000,2753000,2404000,1770000]",954,12450000
8,5,5,"[965,917,919,788,629]","[2833000,2685000,2706000,2296000,1811000]",965,12331000
8,6,5,"[902,914,928,842,877]","[2566000,2676000,2735000,2467000,2540000]",928,12984000
8,7,5,"[943,936,913,914,627]","[2855000,2756000,2693000,2629000,1790000]",943,12723000
8,8,5,"[945,916,921,914,582]","[2868000,2696000,2721000,2593000,1713000]",945,12591000
8,9,5,"[900,958,924,895,631]","[2710000,2806000,2714000,2490000,1787000]",958,12507000
8,10,5,"[930,917,928,840,866]","[2641000,2691000,2737000,2456000,2507000]",930,13032000
8,11,5,"[942,919,918,911,672]","[2853000,2690000,2704000,2578000,1912000]",942,12737000
8,12,5,"[943,932,914,929,627]","[2855000,2746000,2674000,2678000,1785000]",943,12738000
8,13,5,"[878,912,932,985,621]","[2548000,2675000,2711000,2803000,1784000]",985,12521000
8,14,5,"[944,933,914,919,630]","[2860000,2742000,2693000,2639000,1795000]",944,12729000
8,15,5,"[946,915,918,926,581]","[2873000,2687000,2706000,2630000,1706000]",946,12602000
8,16,5,"[933,921,933,872,878]","[2655000,2700000,2744000,2468000,2534000]",933,13101000
8,17,5,"[909,957,958,834,644]","[2741000,2814000,2815000,2351000,1843000]",958,12564000
8,18,5,"[938,917,920,898,863]","[2663000,2704000,2710000,2555000,2524000]",938,13156000
8,19,5,"[946,938,922,931,583]","[2865000,2756000,2723000,2636000,1711000]",946,12691000
8,20,5,"[947,911,924,922,636]","[2879000,2666000,2715000,2555000,1823000]",947,12638000
8,21,5,"[905,957,921,942,636]","[2734000,2804000,2721000,2583000,1827000]",957,12669000
8,22,5,"[1023,946,917,913,858]","[2991000,2783000,2710000,2579000,2493000]",1023,13556000
8,23,5,"[946,917,922,934,645]","[2873000,2702000,2704000,2641000,1816000]",946,12736000
8,24,5,"[950,932,901,845,866]","[2746000,2735000,2670000,2436000,2531000]",950,13118000
8,25,5,"[908,959,957,870,627]","[2741000,2815000,2815000,2444000,1790000]",959,12605000
8,26,5,"[944,914,926,938,575]","[2863000,2688000,2725000,2647000,1678000]",944,12601000
8,27,5,"[892,918,928,801,922]","[2561000,2698000,2727000,2313000,2675000]",928,12974000
8,28,5,"[947,956,918,971,631]","[2868000,2818000,2686000,2754000,1800000]",971,12926000
8,29,5,"[930,921,928,937,865]","[2646000,2707000,2732000,2645000,2497000]",937,13227000
8,30,5,"[978,946,923,848,854]","[2964000,2790000,2706000,2425000,2486000]",978,13371000
8,31,5,"[965,949,902,839,858]","[2732000,2781000,2633000,2424000,2476000]",965,13046000
8,32,5,"[951,970,904,834,600]","[2884000,2858000,2633000,2416000,1733000]",970,12524000
8,33,5,"[927,959,927,852,628]","[2796000,2808000,2728000,2412000,1779000]",959,12523000
8,34,5,"[875,907,1007,961,636]","[2537000,2661000,2915000,2699000,1828000]",1007,12640000
8,35,5,"[889,944,902,839,643]","[2580000,2770000,2634000,2431000,1834000]",944,12249000
8,36,5,"[947,958,920,983,633]","[2878000,2799000,2704000,2764000,1819000]",983,12964000
8,37,5,"[944,932,913,937,627]","[2857000,2746000,2669000,2691000,1785000]",944,12748000
8,38,5,"[906,912,917,927,892]","[2569000,2679000,2702000,2652000,2717000]",927,13319000
8,39,5,"[950,915,916,993,686]","[2884000,2681000,2702000,2813000,1939000]",993,13019000
8,40,5,"[938,947,971,909,661]","[2837000,2777000,2824000,2565000,1973000]",971,12976000
8,41,5,"[945,916,921,934,582]","[2868000,2696000,2721000,2642000,1713000]",945,12640000
8,42,5,"[932,918,920,942,865]","[2641000,2706000,2710000,2702000,2524000]",942,13283000
8,43,5,"[939,916,919,912,858]","[2667000,2692000,2720000,2573000,2479000]",939,13131000
8,44,5,"[965,941,898,838,1001]","[2720000,2771000,2625000,2424000,2838000]",1001,13378000
8,45,5,"[903,961,921,936,637]","[2710000,2807000,2708000,2629000,1828000]",961,12682000
8,46,5,"[985,912,926,798,642]","[2878000,2673000,2732000,2261000,1845000]",985,12389000
8,47,5,"[883,948,923,842,744]","[2657000,2795000,2721000,2376000,2095000]",948,12644000
8,48,5,"[947,911,915,959,579]","[2878000,2673000,2718000,2704000,1701000]",959,12674000
8,49,5,"[935,939,923,861,636]","[2817000,2772000,2719000,2421000,1821000]",939,12550000
8,50,5,"[900,957,924,869,631]","[2710000,2806000,2714000,2446000,1797000]",957,12473000
8,51,5,"[876,915,921,833,581]","[2538000,2679000,2710000,2369000,1717000]",921,12013000
8,52,5,"[889,925,920,1034,621]","[2575000,2695000,2702000,2884000,1784000]",1034,12640000
8,53,5,"[947,932,913,958,629]","[2875000,2740000,2665000,2731000,1802000]",958,12813000
8,54,5,"[912,917,919,935,583]","[2639000,2694000,2711000,2642000,1727000]",935,12413000
8,55,5,"[902,954,1021,898,640]","[2725000,2805000,2973000,2530000,1851000]",1021,12884000
8,56,5,"[905,953,907,884,651]","[2726000,2794000,2681000,2528000,1849000]",953,12578000
8,57,5,"[944,916,918,954,686]","[2863000,2675000,2706000,2720000,1929000]",954,12893000
8,58,5,"[937,925,923,875,872]","[2663000,2721000,2722000,2481000,2518000]",937,13105000
8,59,5,"[961,900,922,907,592]","[2906000,2640000,2718000,2572000,1737000]",961,12573000
8,60,5,"[952,941,921,819,581]","[2871000,2762000,2713000,2401000,1707000]",952,12454000
8,61,5,"[936,908,924,862,653]","[2832000,2671000,2724000,2407000,1863000]",936,12497000
8,62,5,"[907,954,936,833,645]","[2726000,2802000,2748000,2337000,1838000]",954,12451000
8,63,5,"[971,911,925,774,644]","[2857000,2668000,2725000,2234000,1849000]",971,12333000
8,64,5,"[819,917,929,891,880]","[2358000,2676000,2735000,2615000,2545000]",929,12929000
8,65,5,"[944,936,910,914,627]","[2860000,2766000,2677000,2632000,1785000]",944,12720000
8,66,5,"[961,916,921,912,582]","[2902000,2701000,2721000,2589000,1699000]",961,12612000
8,67,5,"[905,957,884,918,631]","[2734000,2799000,2615000,2574000,1788000]",957,12510000
8,68,5,"[925,915,1009,837,857]","[2633000,2692000,2890000,2446000,2473000]",1009,13134000
8,69,5,"[965,904,926,919,675]","[2908000,2652000,2728000,2599000,1953000]",965,12840000
8,70,5,"[944,934,916,896,646]","[2850000,2744000,2678000,2595000,1853000]",944,12720000
8,71,5,"[878,912,887,982,657]","[2548000,2675000,2597000,2797000,1880000]",982,12497000
8,72,5,"[1045,937,918,919,583]","[3110000,2764000,2715000,2639000,1644000]",1045,12872000
8,73,5,"[1031,912,927,927,586]","[3037000,2680000,2736000,2632000,1718000]",1031,12803000
8,74,5,"[950,916,919,886,870]","[2685000,2674000,2720000,2491000,2520000]",950,13090000
8,75,5,"[909,957,958,840,649]","[2746000,2795000,2815000,2379000,1854000]",958,12589000
8,76,5,"[904,918,920,907,875]","[2570000,2703000,2706000,2581000,2563000]",920,13123000
8,77,5,"[944,935,920,932,579]","[2860000,2755000,2719000,2641000,1686000]",944,12661000
8,78,5,"[947,911,927,926,579]","[2874000,2661000,2717000,2562000,1704000]",947,12518000
9,1,5,"[485,1012,876,967,988]","[1430000,2881000,2511000,2715000,2927000]",1012,12464000
9,2,5,"[494,977,852,953,1015]","[1483000,2824000,2454000,2646000,3003000]",1015,12410000
9,3,5,"[494,968,968,937,985]","[1471000,2749000,2806000,2597000,2907000]",985,12530000
9,4,5,"[491,939,900,972,990]","[1468000,2740000,2608000,2729000,2925000]",990,12470000
9,5,5,"[490,929,872,867,1023]","[1481000,2691000,2527000,2477000,3003000]",1023,12179000
9,6,5,"[484,1002,935,811,1018]","[1437000,2836000,2653000,2378000,3020000]",1018,12324000
9,7,5,"[486,998,875,932,1016]","[1431000,2832000,2531000,2595000,2998000]",1016,12387000
9,8,5,"[498,970,863,933,1017]","[1473000,2798000,2496000,2614000,3005000]",1017,12386000
9,9,5,"[494,992,948,936,985]","[1471000,2821000,2750000,2590000,2905000]",992,12537000
9,10,5,"[498,945,944,940,988]","[1505000,2753000,2743000,2640000,2918000]",988,12559000
9,11,5,"[485,1032,862,855,1026]","[1450000,2880000,2508000,2448000,3015000]",1032,12301000
9,12,5,"[490,999,905,935,1014]","[1463000,2834000,2588000,2622000,2997000]",1014,12504000
9,13,5,"[483,1012,873,932,1016]","[1426000,2876000,2507000,2600000,2998000]",1016,12407000
9,14,5,"[484,1026,868,852,1031]","[1448000,2867000,2528000,2442000,3040000]",1031,12325000
9,15,5,"[489,1015,878,942,1012]","[1448000,2854000,2547000,2633000,2987000]",1015,12469000
9,16,5,"[482,931,941,966,1015]","[1438000,2730000,2658000,2701000,3003000]",1015,12530000
9,17,5,"[486,1021,851,927,1019]","[1455000,2878000,2461000,2598000,3019000]",1021,12411000
9,18,5,"[513,991,912,951,1012]","[1509000,2788000,2581000,2667000,2999000]",1012,12544000
9,19,5,"[486,973,875,970,1017]","[1432000,2773000,2513000,2709000,2994000]",1017,12421000
9,20,5,"[486,1050,846,927,991]","[1431000,2990000,2429000,2608000,2926000]",1050,12384000
9,21,5,"[490,1042,879,907,1028]","[1439000,2891000,2529000,2587000,2985000]",1042,12431000
9,22,5,"[510,987,905,929,1017]","[1503000,2799000,2574000,2616000,3008000]",1017,12500000
9,23,5,"[494,1008,926,936,984]","[1471000,2865000,2695000,2592000,2905000]",1008,12528000
9,24,5,"[486,1015,932,960,990]","[1432000,2886000,2665000,2661000,2921000]",1015,12565000
9,25,5,"[483,1010,874,978,1028]","[1426000,2871000,2517000,2758000,3056000]",1028,12628000
9,26,5,"[484,1024,867,856,1042]","[1448000,2859000,2528000,2457000,3109000]",1042,12401000
9,27,5,"[482,932,942,1003,1014]","[1438000,2732000,2660000,2867000,2990000]",1014,12687000
9,28,5,"[484,1031,914,906,1005]","[1439000,2870000,2634000,2595000,2929000]",1031,12467000
9,29,5,"[483,997,930,943,990]","[1431000,2842000,2673000,2621000,2923000]",997,12490000
9,30,5,"[489,919,866,949,1013]","[1446000,2678000,2517000,2690000,2992000]",1013,12323000
9,31,5,"[547,1022,911,953,1021]","[1623000,2880000,2588000,2679000,3035000]",1022,12805000
9,32,5,"[489,1031,855,935,1019]","[1465000,2919000,2481000,2623000,3004000]",1031,12492000
9,33,5,"[490,1016,905,889,1016]","[1463000,2890000,2598000,2512000,3001000]",1016,12464000
9,34,5,"[487,1014,878,1042,1043]","[1435000,2846000,2547000,2845000,3048000]",1043,12721000
9,35,5,"[488,1003,881,934,1020]","[1455000,2849000,2560000,2617000,3024000]",1020,12505000
9,36,5,"[490,1020,853,898,1013]","[1463000,2898000,2498000,2537000,2995000]",1020,12391000
9,37,5,"[486,1013,897,960,986]","[1428000,2871000,2566000,2681000,2920000]",1013,12466000
9,38,5,"[480,975,850,927,1013]","[1429000,2797000,2483000,2587000,2998000]",1013,12294000
9,39,5,"[494,973,986,942,997]","[1471000,2762000,2838000,2599000,2926000]",997,12596000
9,40,5,"[496,903,926,964,987]","[1469000,2644000,2692000,2723000,2919000]",987,12447000
9,41,5,"[510,935,868,878,1029]","[1530000,2710000,2505000,2516000,3023000]",1029,12284000
9,42,5,"[495,1004,952,808,1019]","[1450000,2844000,2697000,2363000,3022000]",1019,12376000
9,43,5,"[487,961,958,938,1018]","[1457000,2711000,2760000,2639000,2998000]",1018,12565000
9,44,5,"[498,963,884,942,1026]","[1473000,2782000,2540000,2631000,3011000]",1026,12437000
9,45,5,"[520,994,901,947,985]","[1557000,2828000,2612000,2647000,2912000]",994,12556000
9,46,5,"[492,944,997,934,993]","[1462000,2734000,2831000,2602000,2930000]",997,12559000
9,47,5,"[481,1033,949,880,1042]","[1424000,2885000,2689000,2532000,3047000]",1042,12577000
9,48,5,"[490,1004,905,938,1022]","[1456000,2828000,2608000,2659000,3012000]",1022,12563000
9,49,5,"[487,1013,927,933,1012]","[1457000,2865000,2618000,2606000,2993000]",1013,12539000
9,50,5,"[519,1026,841,860,1030]","[1531000,2869000,2437000,2485000,3029000]",1030,12351000
9,51,5,"[488,1008,874,982,984]","[1457000,2846000,2532000,2738000,2910000]",1008,12483000
9,52,5,"[527,941,849,957,1023]","[1573000,2734000,2438000,2687000,3022000]",1023,12454000
9,53,5,"[486,1017,870,929,1035]","[1455000,2868000,2511000,2592000,3060000]",1035,12486000
9,54,5,"[549,993,914,899,1012]","[1617000,2794000,2595000,2537000,2989000]",1012,12532000
9,55,5,"[462,975,875,1017,1022]","[1360000,2783000,2513000,2828000,3000000]",1022,12484000
9,56,5,"[492,981,856,939,994]","[1473000,2865000,2467000,2655000,2916000]",994,12376000
10,1,5,"[734,850,1040,944,822]","[2144000,2416000,3112000,2765000,2396000]",1040,12833000
10,2,5,"[777,933,908,945,814]","[2253000,2672000,2763000,2774000,2372000]",945,12834000
10,3,5,"[731,849,1042,943,824]","[2138000,2414000,3134000,2762000,2407000]",1042,12855000
10,4,5,"[957,899,1000,961,653]","[2660000,2511000,3017000,2814000,1938000]",1000,12940000
10,5,5,"[838,950,986,980,839]","[2414000,2635000,2955000,2841000,2442000]",986,13287000
10,6,5,"[777,1010,915,919,804]","[2253000,2814000,2753000,2705000,2333000]",1010,12858000
10,7,5,"[960,913,918,956,858]","[2675000,2560000,2766000,2805000,2484000]",960,13290000
10,8,5,"[783,1005,972,984,835]","[2154000,2764000,2879000,2931000,2337000]",1005,13065000
10,9,5,"[954,920,994,897,889]","[2757000,2546000,2999000,2676000,2509000]",994,13487000
10,10,5,"[943,983,966,991,868]","[2612000,2680000,2910000,2881000,2509000]",991,13592000
10,11,5,"[979,903,962,943,916]","[2849000,2558000,2902000,2797000,2607000]",979,13713000
10,12,5,"[778,830,1036,933,845]","[2255000,2383000,3104000,2719000,2449000]",1036,12910000
10,13,5,"[727,854,1042,948,826]","[2127000,2432000,3134000,2797000,2417000]",1042,12907000
10,14,5,"[988,898,1000,978,652]","[2772000,2509000,3023000,2878000,1941000]",1000,13123000
10,15,5,"[797,1008,1008,983,840]","[2193000,2782000,3003000,2888000,2354000]",1008,13220000
10,16,5,"[786,854,1039,948,815]","[2309000,2432000,3119000,2788000,2378000]",1039,13026000
10,17,5,"[952,919,994,942,885]","[2755000,2544000,2999000,2802000,2486000]",994,13586000
10,18,5,"[957,986,854,1005,853]","[2660000,2764000,2611000,2940000,2472000]",1005,13447000
10,19,5,"[816,875,1004,1007,845]","[2409000,2439000,3000000,2927000,2482000]",1007,13257000
10,20,5,"[795,907,1030,945,871]","[2302000,2479000,3031000,2797000,2511000]",1030,13120000
10,21,5,"[1001,981,968,1054,705]","[2717000,2768000,2916000,3008000,2015000]",1054,13424000
10,22,5,"[958,1018,916,1002,854]","[2664000,2806000,2757000,2934000,2472000]",1018,13633000
10,23,5,"[932,913,1044,1047,664]","[2653000,2536000,3096000,3052000,1988000]",1047,13325000
10,24,5,"[855,1002,963,943,835]","[2358000,2763000,2846000,2800000,2347000]",1002,13114000
10,25,5,"[958,911,968,892,881]","[2667000,2556000,2893000,2635000,2565000]",968,13316000
10,26,5,"[813,860,1057,955,849]","[2396000,2429000,3100000,2798000,2470000]",1057,13193000
10,27,5,"[683,856,1042,950,831]","[1992000,2452000,3131000,2783000,2399000]",1042,12757000
10,28,5,"[839,912,1003,982,840]","[2416000,2543000,3017000,2843000,2446000]",1003,13265000
10,29,5,"[934,900,999,1029,654]","[2624000,2525000,3027000,3009000,1983000]",1029,13168000
10,30,5,"[774,803,1070,957,811]","[2241000,2335000,3183000,2804000,2365000]",1070,12928000
10,31,5,"[774,850,974,940,708]","[2262000,2475000,2929000,2743000,2040000]",974,12449000
10,32,5,"[976,958,978,955,928]","[2801000,2702000,2997000,2830000,2611000]",978,13941000
10,33,5,"[1038,1002,953,950,854]","[2811000,2763000,2845000,2786000,2483000]",1038,13688000
10,34,5,"[852,1048,999,944,879]","[2458000,2844000,2982000,2793000,2553000]",1048,13630000
10,35,5,"[944,951,1014,972,875]","[2691000,2606000,3049000,2888000,2450000]",1014,13684000
10,36,5,"[799,1076,971,981,844]","[2211000,2948000,2884000,2865000,2359000]",1076,13267000
10,37,5,"[1047,931,975,941,722]","[2927000,2567000,2943000,2755000,2079000]",1047,13271000
10,38,5,"[936,857,944,1024,652]","[2622000,2432000,2842000,3019000,1956000]",1024,12871000
10,39,5,"[975,864,941,968,851]","[2701000,2437000,2836000,2827000,2470000]",975,13271000
10,40,5,"[762,914,1048,926,800]","[2214000,2569000,3090000,2736000,2340000]",1048,12949000
10,41,5,"[1032,925,1043,971,950]","[3001000,2600000,3078000,2819000,2736000]",1043,14234000
10,42,5,"[935,900,1001,1027,652]","[2624000,2525000,3028000,3003000,1968000]",1027,13148000
10,43,5,"[799,826,1032,924,879]","[2310000,2327000,3041000,2713000,2520000]",1032,12911000
10,44,5,"[764,908,1042,939,822]","[2236000,2553000,3122000,2751000,2406000]",1042,13068000
10,45,5,"[1036,857,1040,1308,979]","[3013000,2440000,3115000,3888000,2964000]",1308,15420000
10,46,5,"[876,911,1000,919,876]","[2563000,2572000,3010000,2727000,2458000]",1000,13330000
10,47,5,"[868,858,1019,899,851]","[2563000,2379000,3001000,2676000,2464000]",1019,13083000
10,48,5,"[900,884,979,1064,838]","[2534000,2422000,2949000,3043000,2438000]",1064,13386000
10,49,5,"[931,938,990,979,773]","[2614000,2629000,2961000,2852000,2295000]",990,13351000
10,50,5,"[1031,950,958,991,632]","[2995000,2656000,2889000,2910000,1867000]",1031,13317000
10,51,5,"[991,909,1047,1059,672]","[2683000,2553000,3132000,3047000,1926000]",1059,13341000
10,52,5,"[733,841,1094,947,852]","[2065000,2382000,3188000,2789000,2412000]",1094,12836000
10,53,5,"[958,997,918,1002,852]","[2662000,2761000,2775000,2934000,2472000]",1002,13604000
10,54,5,"[839,845,1030,947,875]","[2423000,2356000,3029000,2811000,2521000]",1030,13140000
10,55,5,"[1087,850,1041,974,759]","[2963000,2406000,3121000,2875000,2121000]",1087,13486000
10,56,5,"[748,857,1043,951,873]","[2198000,2434000,3126000,2797000,2545000]",1043,13100000
10,57,5,"[816,944,1129,1015,858]","[2405000,2638000,3319000,2946000,2501000]",1129,13809000
10,58,5,"[930,899,1000,975,653]","[2601000,2518000,3062000,2874000,1973000]",1000,13028000
10,59,5,"[847,925,991,914,790]","[2362000,2558000,2950000,2636000,2306000]",991,12812000
10,60,5,"[944,917,990,979,869]","[2620000,2511000,2977000,2874000,2518000]",990,13500000
10,61,5,"[821,1013,966,984,861]","[2280000,2785000,2869000,2889000,2495000]",1013,13318000
10,62,5,"[755,980,1042,907,754]","[2044000,2750000,3125000,2631000,2154000]",1042,12704000
10,63,5,"[955,1004,1019,941,860]","[2673000,2771000,3042000,2791000,2467000]",1019,13744000
10,64,5,"[959,975,960,941,871]","[2778000,2717000,2900000,2798000,2430000]",975,13623000
10,65,5,"[1000,955,990,984,811]","[2913000,2648000,2958000,2856000,2353000]",1000,13728000
10,66,5,"[956,929,989,950,872]","[2763000,2587000,2977000,2826000,2434000]",989,13587000
10,67,5,"[930,954,1002,1004,667]","[2604000,2683000,3030000,2922000,1967000]",1004,13206000
10,68,5,"[998,874,999,941,878]","[2925000,2480000,3009000,2785000,2547000]",999,13746000
10,69,5,"[980,908,966,940,919]","[2841000,2574000,2907000,2794000,2606000]",980,13722000
10,70,5,"[762,905,964,922,778]","[2213000,2596000,2924000,2729000,2268000]",964,12730000
10,71,5,"[853,847,1128,1107,914]","[2449000,2416000,3357000,3298000,2709000]",1128,14229000
10,72,5,"[765,947,1068,927,829]","[2060000,2594000,3183000,2733000,2354000]",1068,12924000
10,73,5,"[801,1002,1012,930,834]","[2203000,2755000,3005000,2731000,2350000]",1012,13044000
10,74,5,"[1046,913,1050,911,679]","[2822000,2567000,3166000,2674000,1957000]",1050,13186000
10,75,5,"[875,993,995,962,840]","[2569000,2701000,3000000,2805000,2421000]",995,13496000
10,76,5,"[952,933,999,895,795]","[2757000,2580000,3005000,2643000,2233000]",999,13218000
10,77,5,"[775,1003,968,912,779]","[2134000,2812000,2856000,2682000,2207000]",1003,12691000
10,78,5,"[764,1005,965,1018,756]","[2116000,2764000,2852000,2980000,2143000]",1018,12855000
10,79,5,"[770,900,959,956,790]","[2236000,2573000,2882000,2782000,2295000]",959,12768000
10,80,5,"[997,1089,929,941,853]","[2744000,2998000,2758000,2722000,2480000]",1089,13702000
10,81,5,"[982,962,1005,989,858]","[2894000,2666000,3009000,2865000,2491000]",1005,13925000
10,82,5,"[944,1003,1035,963,861]","[2743000,2764000,3060000,2817000,2549000]",1035,13933000
10,83,5,"[834,919,1034,943,849]","[2425000,2571000,3094000,2748000,2480000]",1034,13318000
10,84,5,"[1018,910,1023,942,740]","[2757000,2547000,3120000,2763000,2111000]",1023,13298000
10,85,5,"[902,916,997,890,924]","[2621000,2550000,2984000,2712000,2669000]",997,13536000
10,86,5,"[812,1015,916,884,758]","[2363000,2839000,2774000,2635000,2208000]",1015,12819000
10,87,5,"[939,925,1047,1015,653]","[2618000,2592000,3181000,2974000,1951000]",1047,13316000
10,88,5,"[841,1107,1044,943,818]","[2429000,3034000,3126000,2757000,2351000]",1107,13697000
10,89,5,"[791,964,1007,944,872]","[2258000,2651000,3022000,2806000,2435000]",1007,13172000
10,90,5,"[807,1018,999,1000,873]","[2249000,2801000,3005000,2921000,2442000]",1018,13418000
10,91,5,"[931,898,994,1027,653]","[2609000,2515000,2986000,3005000,1950000]",1027,13065000
10,92,5,"[943,1037,990,973,866]","[2614000,2875000,2965000,2822000,2498000]",1037,13774000
10,93,5,"[817,980,1093,949,846]","[2410000,2669000,3215000,2765000,2461000]",1093,13520000
10,94,5,"[971,881,988,936,855]","[2646000,2452000,2943000,2748000,2456000]",988,13245000
10,95,5,"[892,916,1000,960,822]","[2497000,2516000,2984000,2800000,2423000]",1000,13220000
10,96,5,"[816,930,1000,1031,666]","[2464000,2607000,3029000,3003000,1972000]",1031,13075000
10,97,5,"[1001,939,961,924,855]","[2689000,2657000,2927000,2715000,2472000]",1001,13460000
10,98,5,"[745,933,911,945,822]","[2180000,2665000,2767000,2774000,2377000]",945,12763000
10,99,5,"[787,927,1080,966,844]","[2291000,2675000,3185000,2790000,2457000]",1080,13398000
10,100,5,"[1014,1029,918,898,842]","[2800000,2847000,2754000,2643000,2445000]",1029,13489000
10,101,5,"[756,829,1039,948,823]","[2219000,2366000,3110000,2779000,2392000]",1039,12866000
10,102,5,"[798,918,903,937,817]","[2331000,2626000,2757000,2725000,2374000]",937,12813000
10,103,5,"[722,855,1039,946,826]","[2131000,2442000,3116000,2777000,2392000]",1039,12858000
10,104,5,"[957,900,1000,961,646]","[2670000,2516000,3017000,2814000,1949000]",1000,12966000
10,105,5,"[868,948,992,977,839]","[2496000,2635000,2957000,2840000,2445000]",992,13373000
10,106,5,"[777,1010,914,919,804]","[2253000,2814000,2748000,2705000,2340000]",1010,12860000
10,107,5,"[874,914,996,961,856]","[2439000,2561000,2978000,2819000,2486000]",996,13283000
10,108,5,"[785,1012,975,979,835]","[2165000,2782000,2894000,2895000,2354000]",1012,13090000
10,109,5,"[951,871,994,900,884]","[2753000,2476000,2994000,2682000,2490000]",994,13395000
10,110,5,"[811,977,952,979,863]","[2371000,2657000,2886000,2881000,2496000]",979,13291000
10,111,5,"[978,899,963,943,916]","[2850000,2553000,2901000,2797000,2607000]",978,13708000
10,112,5,"[769,830,1038,880,836]","[2252000,2357000,3102000,2631000,2420000]",1038,12762000
10,113,5,"[728,856,1042,950,826]","[2132000,2436000,3134000,2799000,2404000]",1042,12905000
10,114,5,"[991,902,1024,979,653]","[2778000,2517000,3083000,2878000,1936000]",1024,13192000
10,115,5,"[797,1008,1008,983,840]","[2193000,2782000,3003000,2885000,2354000]",1008,13217000
10,116,5,"[744,856,1117,950,823]","[2178000,2424000,3302000,2777000,2360000]",1117,13041000
10,117,5,"[955,936,996,937,880]","[2752000,2603000,3003000,2790000,2475000]",996,13623000
10,118,5,"[934,989,853,967,857]","[2604000,2764000,2609000,2860000,2494000]",989,13331000
10,119,5,"[819,820,999,1012,843]","[2418000,2347000,2983000,2932000,2454000]",1012,13134000
10,120,5,"[851,896,1031,862,881]","[2463000,2447000,3030000,2589000,2557000]",1031,13086000
11,1,5,"[797,917,730,929,914]","[2255000,2645000,2061000,2783000,2752000]",929,12496000
11,2,5,"[796,954,725,891,913]","[2253000,2758000,2054000,2658000,2750000]",954,12473000
11,3,5,"[796,951,725,844,956]","[2253000,2751000,2054000,2521000,2886000]",956,12465000
11,4,5,"[839,885,879,912,875]","[2371000,2474000,2570000,2733000,2632000]",912,12780000
11,5,5,"[793,966,676,878,951]","[2249000,2789000,1905000,2629000,2872000]",966,12444000
11,6,5,"[914,916,887,891,828]","[2584000,2569000,2497000,2624000,2466000]",916,12740000
11,7,5,"[858,919,736,886,927]","[2415000,2648000,2074000,2664000,2807000]",927,12608000
11,8,5,"[800,967,702,881,912]","[2259000,2791000,2006000,2662000,2748000]",967,12466000
11,9,5,"[797,922,729,932,936]","[2264000,2651000,2069000,2806000,2839000]",936,12629000
11,10,5,"[797,956,716,893,915]","[2255000,2767000,2036000,2662000,2750000]",956,12470000
11,11,5,"[794,916,730,927,937]","[2249000,2643000,2059000,2778000,2794000]",937,12523000
11,12,5,"[797,956,725,893,915]","[2255000,2767000,2054000,2662000,2750000]",956,12488000
11,13,5,"[914,913,889,942,806]","[2579000,2551000,2504000,2755000,2398000]",942,12787000
11,14,5,"[920,935,852,900,939]","[2611000,2681000,2378000,2710000,2767000]",939,13147000
11,15,5,"[802,953,760,894,926]","[2277000,2747000,2125000,2677000,2767000]",953,12593000
11,16,5,"[828,900,676,891,979]","[2370000,2581000,1952000,2655000,2929000]",979,12487000
11,17,5,"[826,951,895,910,816]","[2380000,2750000,2500000,2711000,2388000]",951,12729000
11,18,5,"[752,912,890,949,886]","[2210000,2553000,2580000,2796000,2634000]",949,12773000
11,19,5,"[939,939,829,905,936]","[2665000,2704000,2348000,2719000,2772000]",939,13208000
11,20,5,"[827,964,740,902,934]","[2311000,2760000,2076000,2677000,2807000]",964,12631000
11,21,5,"[867,965,707,838,918]","[2429000,2789000,1999000,2521000,2780000]",965,12518000
11,22,5,"[937,936,858,876,933]","[2660000,2690000,2396000,2636000,2748000]",937,13130000
11,23,5,"[835,965,891,902,819]","[2436000,2779000,2494000,2693000,2388000]",965,12790000
11,24,5,"[746,919,934,990,795]","[2200000,2565000,2706000,2897000,2328000]",990,12696000
11,25,5,"[800,969,702,881,930]","[2259000,2791000,2006000,2665000,2784000]",969,12505000
11,26,5,"[799,968,697,831,957]","[2257000,2795000,1971000,2518000,2889000]",968,12430000
11,27,5,"[805,953,752,894,918]","[2271000,2752000,2108000,2670000,2766000]",953,12567000
11,28,5,"[811,990,818,935,998]","[2341000,2863000,2275000,2799000,2936000]",998,13214000
11,29,5,"[921,967,753,894,929]","[2597000,2803000,2122000,2673000,2746000]",967,12941000
11,30,5,"[772,916,698,939,979]","[2214000,2579000,1996000,2794000,2948000]",979,12531000
11,31,5,"[826,912,671,891,981]","[2342000,2623000,1929000,2661000,2944000]",981,12499000
11,32,5,"[883,844,891,944,874]","[2531000,2336000,2503000,2761000,2621000]",944,12752000
11,33,5,"[919,934,891,899,937]","[2609000,2676000,2456000,2690000,2760000]",937,13191000
11,34,5,"[804,923,889,940,742]","[2271000,2648000,2485000,2743000,2227000]",940,12374000
11,35,5,"[911,906,855,998,720]","[2575000,2544000,2426000,2939000,2148000]",998,12632000
11,36,5,"[905,935,769,896,943]","[2569000,2663000,2190000,2678000,2779000]",943,12879000
11,37,5,"[741,985,800,997,867]","[2195000,2747000,2379000,2926000,2591000]",997,12838000
11,38,5,"[839,882,792,872,1049]","[2388000,2476000,2222000,2622000,3102000]",1049,12810000
11,39,5,"[929,1014,779,882,929]","[2609000,2901000,2163000,2632000,2732000]",1014,13037000
11,40,5,"[832,982,950,910,772]","[2408000,2752000,2763000,2714000,2265000]",982,12902000
11,41,5,"[907,897,893,955,1026]","[2588000,2524000,2488000,2774000,3090000]",1026,13464000
11,42,5,"[865,960,893,955,803]","[2546000,2775000,2519000,2811000,2332000]",960,12983000
11,43,5,"[908,912,876,899,954]","[2571000,2570000,2459000,2684000,2886000]",954,13170000
11,44,5,"[1030,949,733,892,1055]","[3041000,2744000,2066000,2658000,3214000]",1055,13723000
11,45,5,"[823,951,880,958,816]","[2377000,2750000,2443000,2828000,2397000]",958,12795000
11,46,5,"[821,939,866,948,874]","[2356000,2690000,2455000,2798000,2539000]",948,12838000
11,47,5,"[826,882,917,901,993]","[2354000,2453000,2608000,2683000,2967000]",993,13065000
11,48,5,"[861,937,886,942,802]","[2437000,2650000,2489000,2755000,2390000]",942,12721000
11,49,5,"[795,925,890,945,982]","[2253000,2659000,2475000,2759000,2809000]",982,12955000
11,50,5,"[914,952,907,913,799]","[2579000,2747000,2531000,2649000,2374000]",952,12880000
11,51,5,"[958,1026,722,892,924]","[2685000,2910000,2046000,2653000,2760000]",1026,13054000
11,52,5,"[755,905,815,1003,1005]","[2191000,2539000,2272000,2964000,2962000]",1005,12928000
11,53,5,"[829,951,893,943,800]","[2388000,2748000,2498000,2804000,2328000]",951,12766000
11,54,5,"[750,913,868,969,915]","[2197000,2569000,2510000,2830000,2746000]",969,12852000
11,55,5,"[1251,1095,704,880,961]","[3799000,3126000,1998000,2627000,2861000]",1251,14411000
11,56,5,"[796,917,714,928,913]","[2255000,2645000,2022000,2785000,2750000]",928,12457000
11,57,5,"[796,957,729,924,916]","[2255000,2762000,2056000,2754000,2750000]",957,12577000
11,58,5,"[795,917,730,877,951]","[2251000,2645000,2061000,2619000,2874000]",951,12450000
11,59,5,"[821,905,879,914,891]","[2321000,2550000,2558000,2737000,2667000]",914,12833000
11,60,5,"[798,968,688,880,948]","[2251000,2793000,1933000,2642000,2868000]",968,12487000
11,61,5,"[908,920,883,893,830]","[2572000,2576000,2489000,2645000,2488000]",920,12770000
11,62,5,"[863,914,727,961,883]","[2425000,2644000,2048000,2836000,2649000]",961,12602000
11,63,5,"[829,965,700,868,921]","[2333000,2787000,2006000,2615000,2773000]",965,12514000
11,64,5,"[797,958,729,958,937]","[2264000,2734000,2069000,2844000,2830000]",958,12741000
11,65,5,"[798,963,723,932,912]","[2255000,2775000,2041000,2756000,2748000]",963,12575000
11,66,5,"[797,920,729,929,941]","[2264000,2647000,2069000,2795000,2827000]",941,12602000
11,67,5,"[797,963,733,895,928]","[2255000,2774000,2062000,2672000,2777000]",963,12540000
11,68,5,"[914,907,894,942,819]","[2573000,2552000,2508000,2745000,2445000]",942,12823000
11,69,5,"[911,899,848,901,938]","[2593000,2611000,2387000,2680000,2761000]",938,13032000
11,70,5,"[800,958,760,892,927]","[2273000,2765000,2125000,2662000,2772000]",958,12597000
11,71,5,"[828,900,676,891,979]","[2370000,2578000,1952000,2658000,2929000]",979,12487000
11,72,5,"[810,952,837,911,848]","[2340000,2742000,2366000,2698000,2491000]",952,12637000
11,73,5,"[798,915,880,920,885]","[2338000,2550000,2575000,2714000,2621000]",920,12798000
11,74,5,"[811,934,826,900,937]","[2399000,2684000,2331000,2690000,2758000]",937,12862000
11,75,5,"[822,930,730,933,934]","[2301000,2681000,2059000,2790000,2791000]",934,12622000
12,1,5,"[607,845,985,967,889]","[1788000,2407000,3004000,2873000,2627000]",985,12699000
12,2,5,"[813,918,973,965,895]","[2481000,2581000,2975000,2866000,2575000]",973,13478000
12,3,5,"[676,897,982,974,886]","[1958000,2537000,2992000,2877000,2610000]",982,12974000
12,4,5,"[852,912,965,969,873]","[2532000,2595000,2964000,2867000,2532000]",969,13490000
12,5,5,"[655,849,979,971,957]","[1971000,2417000,2990000,2878000,2736000]",979,12992000
12,6,5,"[695,913,972,976,873]","[2041000,2597000,2979000,2895000,2555000]",976,13067000
12,7,5,"[616,805,999,971,884]","[1765000,2245000,3056000,2881000,2617000]",999,12564000
12,8,5,"[865,892,972,968,875]","[2574000,2529000,2970000,2867000,2539000]",972,13479000
12,9,5,"[686,866,981,971,919]","[2041000,2502000,2994000,2890000,2657000]",981,13084000
12,10,5,"[836,915,974,968,882]","[2503000,2571000,2970000,2870000,2580000]",974,13494000
12,11,5,"[868,915,972,966,895]","[2585000,2577000,2970000,2871000,2575000]",972,13578000
12,12,5,"[775,838,979,975,912]","[2334000,2373000,2996000,2878000,2633000]",979,13214000
12,13,5,"[847,826,973,969,973]","[2522000,2366000,2965000,2844000,2816000]",973,13513000
12,14,5,"[616,775,1006,1030,895]","[1765000,2163000,3090000,3002000,2639000]",1030,12659000
12,15,5,"[782,787,973,971,976]","[2365000,2253000,2975000,2852000,2815000]",976,13260000
12,16,5,"[605,851,990,974,881]","[1788000,2422000,3026000,2896000,2596000]",990,12728000
12,17,5,"[810,916,975,971,897]","[2465000,2575000,2985000,2877000,2583000]",975,13485000
12,18,5,"[693,899,984,956,884]","[2012000,2543000,3000000,2845000,2608000]",984,13008000
12,19,5,"[706,839,982,932,987]","[1977000,2347000,2986000,2734000,2908000]",987,12952000
12,20,5,"[602,790,986,938,996]","[1784000,2205000,2996000,2784000,2942000]",996,12711000
12,21,5,"[602,853,1005,948,1007]","[1779000,2387000,3030000,2820000,2944000]",1007,12960000
12,22,5,"[784,789,973,971,978]","[2378000,2263000,2975000,2831000,2834000]",978,13281000
12,23,5,"[609,777,1041,939,1004]","[1816000,2192000,3120000,2784000,2953000]",1041,12865000
12,24,5,"[861,911,977,971,951]","[2549000,2578000,2941000,2873000,2768000]",977,13709000
12,25,5,"[865,939,992,967,884]","[2601000,2623000,3039000,2872000,2570000]",992,13705000
12,26,5,"[707,849,1030,969,980]","[2070000,2391000,3077000,2859000,2867000]",1030,13264000
12,27,5,"[615,783,975,969,897]","[1770000,2223000,2976000,2874000,2658000]",975,12501000
12,28,5,"[823,916,981,963,938]","[2471000,2585000,2994000,2859000,2685000]",981,13594000
12,29,5,"[729,913,972,974,875]","[2109000,2579000,2979000,2891000,2555000]",974,13113000
12,30,5,"[597,851,984,961,892]","[1767000,2428000,2997000,2858000,2624000]",984,12674000
12,31,5,"[610,800,1049,971,999]","[1826000,2250000,3139000,2860000,2942000]",1049,13017000
12,32,5,"[768,794,980,982,1010]","[2338000,2280000,2979000,2869000,2955000]",1010,13421000
12,33,5,"[832,854,986,980,883]","[2474000,2428000,3013000,2920000,2598000]",986,13433000
12,34,5,"[884,839,981,965,895]","[2611000,2437000,3003000,2869000,2579000]",981,13499000
12,35,5,"[674,911,968,1000,889]","[1944000,2587000,2926000,2987000,2612000]",1000,13056000
12,36,5,"[827,774,980,974,982]","[2433000,2234000,2981000,2850000,2846000]",982,13344000
12,37,5,"[858,843,1040,973,980]","[2544000,2370000,3108000,2848000,2847000]",1040,13717000
12,38,5,"[859,803,1028,976,1066]","[2337000,2255000,3074000,2875000,3129000]",1066,13670000
12,39,5,"[815,900,972,968,893]","[2467000,2553000,2970000,2878000,2575000]",972,13443000
12,40,5,"[690,786,1046,982,995]","[2001000,2184000,3135000,2934000,2938000]",1046,13192000
12,41,5,"[684,856,974,968,918]","[2034000,2475000,2971000,2868000,2645000]",974,12993000
12,42,5,"[619,775,994,1035,913]","[1790000,2165000,3038000,3022000,2693000]",1035,12708000
12,43,5,"[606,863,995,942,1002]","[1803000,2389000,3041000,2793000,2967000]",1002,12993000
12,44,5,"[629,701,1007,1040,1013]","[1808000,1974000,3068000,3011000,2977000]",1040,12838000
12,45,5,"[769,793,1034,972,1003]","[2287000,2236000,3098000,2863000,2889000]",1034,13373000
12,46,5,"[923,821,984,958,1018]","[2712000,2339000,3003000,2810000,2967000]",1018,13831000
12,47,5,"[726,822,981,973,847]","[2154000,2329000,3003000,2885000,2446000]",981,12817000
12,48,5,"[633,834,988,1031,923]","[1839000,2397000,3035000,3011000,2705000]",1031,12987000
12,49,5,"[836,929,997,964,932]","[2532000,2556000,3065000,2868000,2683000]",997,13704000
12,50,5,"[847,830,991,965,971]","[2522000,2369000,3007000,2833000,2799000]",991,13530000
12,51,5,"[704,841,1059,929,984]","[1975000,2356000,3168000,2722000,2898000]",1059,13119000
12,52,5,"[605,793,982,970,998]","[1807000,2212000,2989000,2853000,2942000]",998,12803000
12,53,5,"[879,917,976,972,898]","[2624000,2587000,2990000,2878000,2557000]",976,13636000
12,54,5,"[609,787,1054,933,999]","[1824000,2213000,3149000,2760000,2927000]",1054,12873000
12,55,5,"[604,849,979,971,919]","[1782000,2407000,2986000,2881000,2642000]",979,12698000
12,56,5,"[861,824,971,969,973]","[2549000,2361000,2965000,2854000,2812000]",973,13541000
12,57,5,"[603,793,983,969,1022]","[1776000,2218000,2990000,2848000,2997000]",1022,12829000
12,58,5,"[868,919,972,966,898]","[2595000,2589000,2970000,2863000,2581000]",972,13598000
12,59,5,"[809,912,985,965,895]","[2462000,2561000,3009000,2890000,2584000]",985,13506000
12,60,5,"[603,784,1036,995,1016]","[1791000,2207000,3113000,2881000,2983000]",1036,12975000
12,61,5,"[858,926,1001,968,880]","[2559000,2603000,3060000,2879000,2555000]",1001,13656000
12,62,5,"[807,856,1033,970,999]","[2460000,2388000,3098000,2866000,2882000]",1033,13694000
12,63,5,"[699,897,987,979,876]","[2056000,2539000,2995000,2903000,2566000]",987,13059000
12,64,5,"[788,795,973,971,977]","[2379000,2258000,2975000,2842000,2826000]",977,13280000
12,65,5,"[603,839,977,936,996]","[1796000,2347000,2932000,2773000,2928000]",996,12776000
12,66,5,"[806,844,1044,976,1005]","[2452000,2338000,3132000,2863000,2915000]",1044,13700000
12,67,5,"[675,792,1056,963,1066]","[1887000,2230000,3155000,2841000,3111000]",1066,13224000
12,68,5,"[865,863,1040,973,1000]","[2583000,2411000,3105000,2872000,2892000]",1040,13863000
12,69,5,"[665,901,975,967,909]","[1936000,2564000,2975000,2876000,2673000]",975,13024000
12,70,5,"[693,843,1060,967,999]","[1992000,2361000,3176000,2840000,2942000]",1060,13311000
12,71,5,"[648,901,1054,1001,893]","[1878000,2524000,3149000,2979000,2653000]",1054,13183000
12,72,5,"[655,851,1036,983,988]","[1898000,2383000,3097000,2948000,2903000]",1036,13229000
12,73,5,"[705,882,1034,1004,909]","[2067000,2494000,3078000,3007000,2662000]",1034,13308000
12,74,5,"[664,891,1053,1000,892]","[1910000,2506000,3147000,2971000,2648000]",1053,13182000
12,75,5,"[620,756,988,1028,894]","[1773000,2140000,3007000,2998000,2634000]",1028,12552000
12,76,5,"[652,791,1055,969,1064]","[1958000,2231000,3152000,2847000,3049000]",1064,13237000
12,77,5,"[669,911,964,964,935]","[1967000,2590000,2946000,2858000,2707000]",964,13068000
12,78,5,"[677,798,1049,967,1013]","[2017000,2291000,3139000,2840000,2923000]",1049,13210000
12,79,5,"[599,856,971,967,895]","[1772000,2441000,2962000,2870000,2637000]",971,12682000
12,80,5,"[626,845,985,952,891]","[1855000,2407000,3002000,2831000,2629000]",985,12724000
12,81,5,"[815,832,980,976,898]","[2488000,2409000,3001000,2880000,2582000]",980,13360000
12,82,5,"[680,900,1010,971,883]","[1969000,2562000,3061000,2875000,2605000]",1010,13072000
12,83,5,"[866,906,992,967,875]","[2575000,2573000,2998000,2866000,2532000]",992,13544000
12,84,5,"[654,879,985,946,966]","[1966000,2514000,2989000,2820000,2747000]",985,13036000
12,85,5,"[695,915,964,958,900]","[2041000,2590000,2948000,2842000,2628000]",964,13049000
12,86,5,"[634,777,1002,977,884]","[1817000,2175000,3071000,2905000,2617000]",1002,12585000
12,87,5,"[867,892,985,962,875]","[2578000,2523000,3017000,2863000,2523000]",985,13504000
12,88,5,"[689,869,991,969,920]","[2047000,2514000,3024000,2880000,2660000]",991,13125000
12,89,5,"[882,917,976,972,877]","[2601000,2581000,2984000,2870000,2549000]",976,13585000
12,90,5,"[866,908,973,977,928]","[2587000,2569000,2975000,2883000,2669000]",977,13683000
12,91,5,"[774,862,981,942,899]","[2307000,2458000,2993000,2802000,2617000]",981,13177000
12,92,5,"[854,769,977,969,973]","[2548000,2252000,2979000,2841000,2814000]",977,13434000
12,93,5,"[617,789,1020,1038,893]","[1770000,2201000,3104000,3026000,2638000]",1038,12739000
12,94,5,"[792,787,977,963,910]","[2404000,2253000,2983000,2829000,2680000]",977,13149000
12,95,5,"[601,861,993,969,881]","[1778000,2442000,3012000,2864000,2596000]",993,12692000
12,96,5,"[814,904,977,944,925]","[2468000,2553000,2977000,2812000,2676000]",977,13486000
12,97,5,"[690,895,981,924,917]","[2010000,2533000,3009000,2749000,2695000]",981,12996000
12,98,5,"[703,853,980,932,989]","[1972000,2379000,2979000,2737000,2911000]",989,12978000
12,99,5,"[591,790,984,942,1041]","[1734000,2205000,3003000,2785000,3087000]",1041,12814000
13,1,5,"[803,994,1000,972,781]","[2317000,2914000,2872000,2916000,2265000]",1000,13284000
13,2,5,"[728,993,973,985,952]","[2129000,2855000,2809000,2968000,2785000]",993,13546000
13,3,5,"[846,949,961,997,865]","[2432000,2766000,2756000,2963000,2621000]",997,13538000
13,4,5,"[775,963,956,1018,715]","[2239000,2789000,2767000,2955000,2061000]",1018,12811000
13,5,5,"[844,1012,959,953,865]","[2419000,2963000,2752000,2843000,2615000]",1012,13592000
13,6,5,"[744,997,1001,1040,849]","[2154000,2905000,2889000,2911000,2457000]",1040,13316000
13,7,5,"[746,1008,968,1109,688]","[2135000,2875000,2790000,3058000,1979000]",1109,12837000
13,8,5,"[770,993,1006,1042,784]","[2224000,2889000,2901000,2925000,2304000]",1042,13243000
13,9,5,"[761,999,1026,989,854]","[2243000,2896000,2973000,2788000,2476000]",1026,13376000
13,10,5,"[740,1010,1024,1045,691]","[2128000,2894000,2943000,2913000,1982000]",1045,12860000
13,11,5,"[730,1018,1018,932,952]","[2144000,2912000,2928000,2815000,2776000]",1018,13575000
13,12,5,"[725,995,999,1002,948]","[2123000,2899000,2879000,3006000,2759000]",1002,13666000
13,13,5,"[693,973,995,1020,1015]","[2036000,2843000,2882000,3081000,2901000]",1020,13743000
13,14,5,"[732,1028,1020,932,951]","[2154000,2932000,2932000,2815000,2771000]",1028,13604000
13,15,5,"[710,1042,943,1038,896]","[1976000,2922000,2735000,2984000,2643000]",1042,13260000
13,16,5,"[786,988,1061,1056,623]","[2295000,2834000,2970000,3029000,1791000]",1061,12919000
13,17,5,"[731,980,976,1006,1024]","[2145000,2760000,2804000,2982000,2917000]",1024,13608000
13,18,5,"[864,1023,1022,1029,763]","[2536000,2937000,2876000,2922000,2223000]",1029,13494000
13,19,5,"[843,1019,1019,1039,745]","[2410000,2935000,2861000,3008000,2209000]",1039,13423000
13,20,5,"[796,963,1045,1056,746]","[2218000,2838000,2944000,3030000,2217000]",1056,13247000
13,21,5,"[734,977,964,1045,1021]","[2143000,2836000,2767000,3153000,2922000]",1045,13821000
13,22,5,"[867,1016,1034,1024,770]","[2547000,2921000,2917000,2907000,2247000]",1034,13539000
13,23,5,"[717,991,963,1160,692]","[2061000,2740000,2769000,3226000,1987000]",1160,12783000
13,24,5,"[842,1016,960,959,874]","[2417000,2963000,2753000,2844000,2651000]",1016,13628000
13,25,5,"[792,1017,1045,1132,511]","[2316000,2928000,2917000,3213000,1463000]",1132,12837000
13,26,5,"[723,1036,995,1106,701]","[2082000,2924000,2872000,3069000,2013000]",1106,12960000
13,27,5,"[746,1005,965,1109,686]","[2136000,2886000,2775000,3091000,1975000]",1109,12863000
13,28,5,"[697,1038,962,1064,941]","[2063000,2908000,2782000,3199000,2753000]",1064,13705000
13,29,5,"[702,1046,956,1051,949]","[2078000,2956000,2752000,3192000,2777000]",1051,13755000
13,30,5,"[795,1013,1034,1080,740]","[2226000,2925000,2906000,3100000,2195000]",1080,13352000
13,31,5,"[715,1016,1080,1116,811]","[2040000,2999000,3079000,3068000,2333000]",1116,13519000
13,32,5,"[730,1020,964,1010,949]","[2138000,2914000,2759000,3060000,2765000]",1020,13636000
13,33,5,"[855,1046,1017,1040,741]","[2437000,2989000,2845000,2982000,2185000]",1046,13438000
13,34,5,"[790,974,1058,1073,623]","[2308000,2752000,2968000,3035000,1791000]",1073,12854000
13,35,5,"[843,1005,975,955,864]","[2421000,2944000,2789000,2837000,2609000]",1005,13600000
13,36,5,"[995,1026,1015,999,770]","[2941000,2945000,2933000,2938000,2242000]",1026,13999000
13,37,5,"[832,990,998,1047,775]","[2405000,2925000,2884000,3126000,2255000]",1047,13595000
13,38,5,"[953,953,975,1047,904]","[2786000,2821000,2835000,3104000,2734000]",1047,14280000
13,39,5,"[787,1000,1052,1005,873]","[2341000,2897000,2975000,2880000,2626000]",1052,13719000
13,40,5,"[741,995,1057,1046,742]","[2066000,2882000,2988000,3022000,2191000]",1057,13149000
13,41,5,"[797,1087,1009,1078,768]","[2350000,3127000,2884000,3080000,2237000]",1087,13678000
13,42,5,"[692,1051,976,1076,946]","[2047000,3060000,2831000,3193000,2764000]",1076,13895000
13,43,5,"[965,1082,1026,1064,673]","[2898000,3124000,2912000,3001000,1949000]",1082,13884000
13,44,5,"[758,996,958,1066,857]","[2225000,2890000,2748000,3010000,2479000]",1066,13352000
13,45,5,"[843,991,1003,969,751]","[2376000,2904000,2893000,2913000,2179000]",1003,13265000
13,46,5,"[744,995,1001,973,968]","[2173000,2836000,2874000,2918000,2788000]",1001,13589000
13,47,5,"[849,999,964,961,889]","[2446000,2916000,2763000,2855000,2560000]",999,13540000
13,48,5,"[713,1042,964,1000,899]","[1976000,2933000,2780000,2906000,2648000]",1042,13243000
13,49,5,"[723,978,946,1103,853]","[2131000,2845000,2731000,3129000,2476000]",1103,13312000
13,50,5,"[737,965,971,1101,788]","[2157000,2779000,2806000,3105000,2330000]",1101,13177000
13,51,5,"[810,1028,953,956,718]","[2372000,3037000,2752000,2828000,1998000]",1028,12987000
13,52,5,"[744,951,1102,1097,618]","[2176000,2727000,3072000,3150000,1776000]",1102,12901000
13,53,5,"[780,953,1079,1058,738]","[2250000,2770000,3021000,3073000,2189000]",1079,13303000
13,54,5,"[716,1014,1039,1077,744]","[2022000,2928000,2934000,3095000,2201000]",1077,13180000
13,55,5,"[837,1098,1041,908,784]","[2430000,3172000,3020000,2606000,2261000]",1098,13489000
13,56,5,"[735,1023,958,1046,1067]","[2175000,2928000,2753000,2986000,3089000]",1067,13931000
13,57,5,"[729,975,976,1100,780]","[2141000,2823000,2815000,3101000,2308000]",1100,13188000
13,58,5,"[783,989,1122,1047,582]","[2282000,2832000,3138000,3002000,1667000]",1122,12921000
13,59,5,"[723,1021,994,1038,901]","[2085000,2827000,2828000,2982000,2678000]",1038,13400000
13,60,5,"[1044,979,1009,917,836]","[3121000,2882000,2924000,2640000,2381000]",1044,13948000
13,61,5,"[696,984,956,1045,1021]","[2041000,2869000,2748000,3167000,2914000]",1045,13739000
13,62,5,"[743,1009,1015,1046,688]","[2137000,2888000,2931000,2900000,1982000]",1046,12838000
13,63,5,"[871,1026,1013,1020,763]","[2552000,2933000,2878000,2914000,2222000]",1026,13499000
13,64,5,"[722,960,982,1177,842]","[2095000,2780000,2845000,3256000,2461000]",1177,13437000
13,65,5,"[846,1009,965,893,865]","[2421000,2939000,2764000,2651000,2609000]",1009,13384000
13,66,5,"[753,1013,958,1106,688]","[2156000,2897000,2747000,3076000,1991000]",1106,12867000
13,67,5,"[762,1053,1015,1012,948]","[2186000,3007000,2875000,3070000,2776000]",1053,13914000
13,68,5,"[759,1037,1087,1175,895]","[2166000,2955000,3028000,3361000,2632000]",1175,14142000
13,69,5,"[794,1003,1022,1004,942]","[2296000,2875000,2877000,3016000,2753000]",1022,13817000
13,70,5,"[762,995,956,1065,814]","[2241000,2882000,2743000,3008000,2337000]",1065,13211000
13,71,5,"[729,970,974,1018,1030]","[2144000,2741000,2802000,3026000,2929000]",1030,13642000
13,72,5,"[698,965,975,1049,1007]","[2075000,2791000,2828000,3157000,2941000]",1049,13792000
13,73,5,"[714,1119,998,1045,917]","[1985000,3178000,2856000,3131000,2668000]",1119,13818000
13,74,5,"[770,995,1007,972,1021]","[2215000,2796000,2893000,2921000,2918000]",1021,13743000
13,75,5,"[694,961,975,1052,956]","[2055000,2783000,2828000,3157000,2794000]",1052,13617000
13,76,5,"[844,1023,1017,1087,744]","[2412000,2944000,2858000,3095000,2209000]",1087,13518000
13,77,5,"[798,1082,1095,1043,763]","[2352000,3097000,3026000,2978000,2218000]",1095,13671000
13,78,5,"[731,983,993,1006,1026]","[2145000,2760000,2838000,2982000,2917000]",1026,13642000
13,79,5,"[724,970,999,1068,853]","[2130000,2823000,2889000,3018000,2470000]",1068,13330000
13,80,5,"[805,990,954,1041,1013]","[2306000,2859000,2751000,3159000,2880000]",1041,13955000
13,81,5,"[831,1009,957,959,1030]","[2357000,2941000,2751000,2840000,2933000]",1030,13822000
13,82,5,"[777,1006,969,1113,766]","[2191000,2873000,2788000,3120000,2296000]",1113,13268000
13,83,5,"[744,985,1092,996,742]","[2154000,2865000,3064000,2903000,2206000]",1092,13192000
13,84,5,"[687,979,1034,1030,900]","[1958000,2862000,2910000,2900000,2609000]",1034,13239000
13,85,5,"[674,960,951,1011,690]","[1950000,2790000,2750000,2927000,1963000]",1011,12380000
13,86,5,"[802,996,1017,1036,795]","[2336000,2839000,2835000,3074000,2310000]",1036,13394000
13,87,5,"[761,1043,960,1059,919]","[2194000,2987000,2745000,3175000,2671000]",1059,13772000
13,88,5,"[782,981,1069,1050,625]","[2271000,2838000,2977000,2994000,1788000]",1069,12868000
13,89,5,"[776,960,1001,1035,830]","[2201000,2821000,2899000,2906000,2446000]",1035,13273000
13,90,5,"[867,1020,1012,1013,761]","[2544000,2923000,2862000,2878000,2227000]",1020,13434000
13,91,5,"[1006,1004,1022,1182,704]","[2972000,2856000,2871000,3278000,2068000]",1182,14045000
13,92,5,"[820,1040,951,1047,895]","[2328000,2926000,2743000,2978000,2685000]",1047,13660000
13,93,5,"[702,1032,951,1091,944]","[2078000,2910000,2748000,3253000,2762000]",1091,13751000
13,94,5,"[731,973,963,1005,1019]","[2137000,2744000,2768000,2999000,2911000]",1019,13559000
13,95,5,"[730,970,999,973,943]","[2121000,2855000,2877000,2928000,2753000]",999,13534000
13,96,5,"[816,988,994,966,778]","[2349000,2903000,2873000,2904000,2256000]",994,13285000
13,97,5,"[725,987,1005,956,944]","[2133000,2833000,2892000,2893000,2757000]",1005,13508000
13,98,5,"[851,903,960,999,865]","[2438000,2665000,2755000,2971000,2603000]",999,13432000
13,99,5,"[774,960,1008,958,715]","[2243000,2767000,2904000,2798000,2081000]",1008,12793000
13,100,5,"[847,999,946,962,877]","[2427000,2911000,2717000,2874000,2627000]",999,13556000
13,101,5,"[742,993,999,989,939]","[2154000,2895000,2893000,2797000,2670000]",999,13409000
13,102,5,"[750,1003,995,1074,692]","[2161000,2883000,2868000,2964000,1987000]",1074,12863000
13,103,5,"[762,1001,999,1034,782]","[2212000,2897000,2901000,2910000,2300000]",1034,13220000
13,104,5,"[849,1003,1026,993,850]","[2409000,2848000,2955000,2805000,2460000]",1026,13477000
13,105,5,"[740,1009,1021,1044,695]","[2128000,2897000,2941000,2904000,1998000]",1044,12868000
13,106,5,"[779,1018,1023,937,946]","[2227000,2908000,2943000,2850000,2761000]",1023,13689000
13,107,5,"[729,1009,974,1018,951]","[2147000,2942000,2812000,3065000,2767000]",1018,13733000
13,108,5,"[695,953,1001,1001,1017]","[2036000,2758000,2903000,3019000,2905000]",1017,13621000
13,109,5,"[747,1026,1020,928,1011]","[2196000,2926000,2930000,2809000,2886000]",1026,13747000
13,110,5,"[714,956,966,1029,892]","[1982000,2752000,2802000,2961000,2632000]",1029,13129000
13,111,5,"[806,997,1058,1005,624]","[2348000,2848000,2974000,2910000,1793000]",1058,12873000
13,112,5,"[725,979,1031,948,1024]","[2134000,2763000,2962000,2868000,2919000]",1031,13646000
13,113,5,"[864,1023,1060,975,763]","[2538000,2932000,2979000,2775000,2222000]",1060,13446000
13,114,5,"[855,1012,1015,1048,743]","[2461000,2908000,2835000,3043000,2176000]",1048,13423000
13,115,5,"[796,963,1045,1056,746]","[2218000,2838000,2944000,3030000,2217000]",1056,13247000
14,1,5,"[782,1026,933,771,942]","[2234000,3153000,2588000,2152000,2713000]",1026,12840000
14,2,5,"[623,1068,838,822,1007]","[1833000,3228000,2302000,2289000,2914000]",1068,12566000
14,3,5,"[824,1042,786,818,982]","[2362000,3167000,2178000,2295000,2813000]",1042,12815000
14,4,5,"[788,935,934,856,943]","[2289000,2817000,2590000,2412000,2737000]",943,12845000
14,5,5,"[766,1073,846,825,860]","[2208000,3240000,2326000,2300000,2397000]",1073,12471000
14,6,5,"[771,1065,826,976,773]","[2182000,3219000,2287000,2707000,2182000]",1065,12577000
14,7,5,"[768,1067,835,986,789]","[2214000,3233000,2285000,2731000,2215000]",1067,12678000
14,8,5,"[770,1065,839,984,812]","[2250000,3220000,2288000,2728000,2292000]",1065,12778000
14,9,5,"[770,1066,834,992,787]","[2218000,3233000,2282000,2743000,2225000]",1066,12701000
14,10,5,"[824,922,949,912,947]","[2351000,2807000,2750000,2550000,2752000]",949,13210000
14,11,5,"[754,922,951,906,955]","[2189000,2810000,2737000,2574000,2774000]",955,13084000
14,12,5,"[785,1015,934,942,827]","[2243000,3107000,2594000,2617000,2350000]",1015,12911000
14,13,5,"[797,1081,838,934,763]","[2283000,3260000,2284000,2616000,2134000]",1081,12577000
14,14,5,"[794,1085,836,961,758]","[2276000,3273000,2295000,2649000,2117000]",1085,12610000
14,15,5,"[779,985,933,892,966]","[2226000,3024000,2592000,2501000,2817000]",985,13160000
14,16,5,"[745,1070,839,820,957]","[2134000,3227000,2309000,2291000,2766000]",1070,12727000
14,17,5,"[818,965,900,907,934]","[2354000,2941000,2559000,2640000,2708000]",965,13202000
14,18,5,"[848,1023,841,918,912]","[2442000,3045000,2312000,2567000,2575000]",1023,12941000
14,19,5,"[755,1066,812,895,952]","[2225000,3188000,2235000,2552000,2684000]",1066,12884000
14,20,5,"[839,949,869,947,942]","[2418000,2894000,2463000,2803000,2715000]",949,13293000
14,21,5,"[825,971,909,772,1087]","[2370000,2962000,2549000,2151000,3170000]",1087,13202000
14,22,5,"[763,985,1008,900,941]","[2249000,2972000,2791000,2529000,2715000]",1008,13256000
14,23,5,"[794,1033,846,966,973]","[2290000,3156000,2330000,2691000,2812000]",1033,13279000
14,24,5,"[852,1026,834,813,907]","[2460000,3052000,2305000,2273000,2565000]",1026,12655000
14,25,5,"[774,1070,834,949,775]","[2229000,3233000,2280000,2661000,2173000]",1070,12576000
14,26,5,"[775,1067,836,820,872]","[2209000,3222000,2299000,2294000,2487000]",1067,12511000
14,27,5,"[770,1065,826,940,786]","[2195000,3228000,2280000,2622000,2206000]",1065,12531000
14,28,5,"[821,1045,790,886,946]","[2357000,3182000,2190000,2546000,2741000]",1045,13016000
14,29,5,"[767,1062,941,950,798]","[2226000,3208000,2602000,2608000,2211000]",1062,12855000
14,30,5,"[822,1005,933,806,932]","[2358000,3068000,2590000,2329000,2683000]",1005,13028000
14,31,5,"[783,1035,916,882,937]","[2255000,3193000,2531000,2431000,2705000]",1035,13115000
14,32,5,"[759,1106,830,973,779]","[2160000,3304000,2287000,2701000,2197000]",1106,12649000
14,33,5,"[810,1046,892,948,931]","[2300000,3130000,2450000,2815000,2690000]",1046,13385000
14,34,5,"[842,959,897,915,928]","[2424000,2911000,2540000,2567000,2694000]",959,13136000
14,35,5,"[768,1063,837,986,940]","[2214000,3218000,2295000,2731000,2645000]",1063,13103000
14,36,5,"[633,1057,846,818,1003]","[1858000,3203000,2322000,2285000,2910000]",1057,12578000
14,37,5,"[760,1075,756,953,786]","[2177000,3268000,2120000,2652000,2209000]",1075,12426000
14,38,5,"[770,976,822,989,988]","[2253000,2960000,2257000,2735000,2836000]",989,13041000
14,39,5,"[758,1086,851,948,774]","[2179000,3296000,2354000,2654000,2171000]",1086,12654000
14,40,5,"[879,940,821,907,956]","[2494000,2837000,2267000,2565000,2761000]",956,12924000
14,41,5,"[820,964,782,908,935]","[2355000,2933000,2291000,2655000,2708000]",964,12942000
14,42,5,"[795,936,935,856,943]","[2297000,2815000,2588000,2412000,2737000]",943,12849000
14,43,5,"[883,1053,842,911,944]","[2609000,3188000,2305000,2556000,2668000]",1053,13326000
14,44,5,"[737,1068,878,1020,953]","[2134000,3238000,2488000,2959000,2685000]",1068,13504000
14,45,5,"[754,920,995,904,947]","[2220000,2816000,2801000,2560000,2689000]",995,13086000
14,46,5,"[826,1034,714,967,939]","[2383000,3169000,2003000,2819000,2704000]",1034,13078000
14,47,5,"[905,1073,953,912,989]","[2672000,3218000,2765000,2546000,2862000]",1073,14063000
14,48,5,"[770,1020,959,914,945]","[2212000,3109000,2695000,2558000,2730000]",1020,13304000
14,49,5,"[747,1033,897,891,952]","[2157000,3098000,2544000,2581000,2696000]",1033,13076000
14,50,5,"[801,1044,806,1006,809]","[2362000,3183000,2229000,2789000,2292000]",1044,12855000
14,51,5,"[736,953,941,1014,946]","[2144000,2877000,2634000,2885000,2744000]",1014,13284000
14,52,5,"[851,1000,946,872,915]","[2458000,3008000,2629000,2426000,2584000]",1000,13105000
14,53,5,"[837,1065,842,920,912]","[2495000,3204000,2320000,2575000,2571000]",1065,13165000
14,54,5,"[820,950,1107,958,933]","[2359000,2883000,3090000,2808000,2689000]",1107,13829000
14,55,5,"[820,968,870,956,1091]","[2359000,2943000,2477000,2723000,3197000]",1091,13699000
14,56,5,"[816,953,894,972,932]","[2349000,2898000,2486000,2860000,2695000]",972,13288000
14,57,5,"[1087,960,895,903,1156]","[3241000,2925000,2540000,2633000,3473000]",1156,14812000
14,58,5,"[818,965,900,907,934]","[2354000,2941000,2559000,2622000,2708000]",965,13184000
14,59,5,"[801,1052,932,856,943]","[2311000,3171000,2590000,2400000,2724000]",1052,13196000
14,60,5,"[783,1072,922,857,945]","[2233000,3242000,2555000,2434000,2666000]",1072,13130000
14,61,5,"[906,1061,841,819,966]","[2605000,3248000,2308000,2286000,2798000]",1061,13245000
14,62,5,"[713,1016,939,730,791]","[2064000,3109000,2606000,2033000,2213000]",1016,12025000
14,63,5,"[770,1066,837,984,925]","[2218000,3228000,2281000,2727000,2577000]",1066,13031000
14,64,5,"[771,987,844,942,980]","[2269000,2999000,2323000,2666000,2844000]",987,13101000
14,65,5,"[752,1057,858,828,959]","[2170000,3194000,2333000,2317000,2780000]",1057,12794000
14,66,5,"[784,1028,936,707,943]","[2263000,3137000,2594000,2029000,2727000]",1028,12750000
14,67,5,"[652,1067,820,821,1005]","[1916000,3233000,2252000,2291000,2913000]",1067,12605000
14,68,5,"[820,1033,806,809,990]","[2351000,3122000,2235000,2265000,2839000]",1033,12812000
14,69,5,"[790,958,867,857,944]","[2295000,2893000,2462000,2421000,2749000]",958,12820000
14,70,5,"[803,1045,847,822,861]","[2334000,3137000,2323000,2295000,2416000]",1045,12505000
14,71,5,"[769,1064,832,975,727]","[2232000,3215000,2263000,2713000,2072000]",1064,12495000
14,72,5,"[769,1085,836,983,783]","[2215000,3289000,2271000,2720000,2184000]",1085,12679000
14,73,5,"[771,1135,756,991,800]","[2225000,3427000,2050000,2738000,2251000]",1135,12691000
14,74,5,"[766,1067,834,904,773]","[2191000,3219000,2298000,2592000,2164000]",1067,12464000
14,75,5,"[838,936,939,917,943]","[2383000,2856000,2726000,2569000,2731000]",943,13265000
14,76,5,"[752,917,951,881,967]","[2194000,2806000,2748000,2488000,2793000]",967,13029000
14,77,5,"[781,1009,934,952,823]","[2252000,3086000,2594000,2666000,2333000]",1009,12931000
14,78,5,"[812,1078,824,937,770]","[2328000,3254000,2234000,2623000,2166000]",1078,12605000
14,79,5,"[786,1089,838,962,763]","[2257000,3283000,2304000,2649000,2138000]",1089,12631000
14,80,5,"[779,982,931,892,976]","[2226000,3009000,2588000,2493000,2847000]",982,13163000
14,81,5,"[687,1070,843,822,963]","[2027000,3223000,2334000,2294000,2782000]",1070,12660000
14,82,5,"[837,960,795,900,941]","[2420000,2925000,2345000,2628000,2685000]",960,13003000
14,83,5,"[859,1027,867,923,886]","[2485000,3060000,2378000,2569000,2508000]",1027,13000000
14,84,5,"[755,1062,730,893,947]","[2217000,3186000,2082000,2539000,2674000]",1062,12698000
14,85,5,"[840,953,895,943,930]","[2416000,2901000,2508000,2786000,2672000]",953,13283000
15,1,5,"[726,1017,1007,1018,905]","[2182000,2924000,2895000,3049000,2585000]",1018,13635000
15,2,5,"[647,979,1013,986,1019]","[1895000,2819000,2927000,2941000,2884000]",1019,13466000
15,3,5,"[645,929,1007,1029,998]","[1868000,2698000,2924000,3064000,2878000]",1029,13432000
15,4,5,"[934,957,1005,979,907]","[2909000,2763000,2895000,2933000,2585000]",1005,14085000
15,5,5,"[562,908,1035,1021,1040]","[1661000,2670000,2991000,3037000,2949000]",1040,13308000
15,6,5,"[935,989,948,1008,962]","[2764000,2872000,2753000,2915000,2709000]",1008,14013000
15,7,5,"[565,948,1035,1023,1040]","[1666000,2732000,2987000,3059000,2956000]",1040,13400000
15,8,5,"[937,991,1009,1010,925]","[2769000,2897000,2891000,2920000,2665000]",1010,14142000
15,9,5,"[642,1024,1002,1010,989]","[1884000,2956000,2873000,3024000,2800000]",1024,13537000
15,10,5,"[642,979,1028,999,1016]","[1887000,2825000,2940000,2980000,2887000]",1028,13519000
15,11,5,"[642,929,1051,1089,954]","[1868000,2659000,3004000,3112000,2736000]",1089,13379000
15,12,5,"[724,1019,962,1003,941]","[2151000,2929000,2776000,2998000,2691000]",1019,13545000
15,13,5,"[643,1030,1006,1020,960]","[1872000,3037000,2883000,2898000,2743000]",1030,13433000
15,14,5,"[726,1024,1002,1002,903]","[2175000,2939000,2873000,2984000,2579000]",1024,13550000
15,15,5,"[646,983,1005,1061,968]","[1872000,2896000,2883000,3018000,2763000]",1061,13432000
15,16,5,"[634,958,996,1030,1033]","[1865000,2768000,2877000,3078000,2960000]",1033,13548000
15,17,5,"[727,980,1007,1020,1014]","[2071000,2821000,2893000,3056000,2854000]",1020,13695000
15,18,5,"[599,951,1036,1019,1022]","[1770000,2737000,2993000,3041000,2902000]",1036,13443000
15,19,5,"[612,976,979,983,1056]","[1796000,2819000,2875000,2935000,3008000]",1056,13433000
15,20,5,"[937,946,1009,1010,986]","[2774000,2736000,2897000,2916000,2852000]",1010,14175000
15,21,5,"[651,996,1040,972,969]","[1903000,2830000,2967000,2845000,2748000]",1040,13293000
15,22,5,"[882,1010,998,1043,904]","[2716000,2905000,2870000,3086000,2579000]",1043,14156000
15,23,5,"[576,930,1001,1034,1021]","[1704000,2701000,2905000,3081000,2907000]",1034,13298000
15,24,5,"[958,967,1007,1077,980]","[2844000,2798000,2890000,3081000,2875000]",1077,14488000
15,25,5,"[613,950,1038,1033,1036]","[1798000,2746000,2959000,3099000,2936000]",1038,13538000
15,26,5,"[840,1049,970,1098,919]","[2483000,3008000,2826000,3159000,2690000]",1098,14166000
15,27,5,"[966,1014,1005,1028,951]","[2828000,2903000,2889000,2979000,2697000]",1028,14296000
15,28,5,"[733,1078,1028,1073,930]","[2174000,3047000,2991000,3079000,2659000]",1078,13950000
15,29,5,"[739,993,922,1065,1044]","[2153000,2877000,2647000,3153000,2973000]",1065,13803000
15,30,5,"[648,940,992,1064,1033]","[1942000,2723000,2873000,3129000,2958000]",1064,13625000
15,31,5,"[560,931,1041,1200,1134]","[1657000,2679000,2983000,3473000,3276000]",1200,14068000
15,32,5,"[888,971,977,1032,911]","[2764000,2817000,2813000,3098000,2606000]",1032,14098000
15,33,5,"[612,976,991,982,1055]","[1796000,2819000,2890000,2933000,3003000]",1055,13441000
15,34,5,"[644,987,1032,1065,959]","[1872000,2917000,2937000,3025000,2747000]",1065,13498000
15,35,5,"[719,1056,1024,1070,1041]","[2051000,3041000,2975000,3177000,3000000]",1070,14244000
15,36,5,"[924,982,1037,983,945]","[2729000,2830000,2966000,2941000,2717000]",1037,14183000
15,37,5,"[614,959,1055,1027,1030]","[1800000,2767000,3049000,3067000,2927000]",1055,13610000
15,38,5,"[948,1011,1003,1013,1047]","[2858000,2929000,2877000,3026000,2964000]",1047,14654000
15,39,5,"[648,958,1035,1035,984]","[1902000,2817000,3001000,3113000,2796000]",1035,13629000
15,40,5,"[614,1078,1012,1064,1031]","[1810000,3091000,2933000,3148000,2869000]",1078,13851000
15,41,5,"[638,1013,1015,1019,979]","[1864000,2932000,2913000,3057000,2780000]",1019,13546000
15,42,5,"[638,1025,959,1028,1086]","[1873000,2911000,2784000,3062000,3084000]",1086,13714000
15,43,5,"[723,1023,988,1043,902]","[2172000,2934000,2858000,3084000,2580000]",1043,13628000
15,44,5,"[933,1002,942,1160,1101]","[2755000,2931000,2683000,3544000,3125000]",1160,15038000
15,45,5,"[928,1070,1057,1024,896]","[2843000,3043000,2999000,2975000,2580000]",1070,14440000
15,46,5,"[803,965,1022,1032,972]","[2407000,2771000,2949000,3076000,2766000]",1032,13969000
15,47,5,"[645,970,990,1121,1028]","[1877000,2849000,2824000,3304000,2890000]",1121,13744000
15,48,5,"[647,926,1047,1086,966]","[1878000,2629000,3014000,3090000,2742000]",1086,13353000
15,49,5,"[642,983,1029,981,1064]","[1887000,2827000,2954000,2937000,2958000]",1064,13563000
15,50,5,"[939,989,919,1029,927]","[2772000,2892000,2657000,2960000,2721000]",1029,14002000
15,51,5,"[815,1069,1003,1057,950]","[2425000,3068000,2869000,3056000,2690000]",1069,14108000
15,52,5,"[726,979,1014,1013,979]","[2071000,2816000,2913000,3036000,2783000]",1014,13619000
15,53,5,"[616,956,999,1028,1031]","[1797000,2770000,2883000,3071000,2956000]",1031,13477000
15,54,5,"[642,944,1073,1099,980]","[1887000,2746000,3041000,3090000,2854000]",1099,13618000
15,55,5,"[717,958,1035,1023,956]","[2148000,2764000,2955000,3075000,2701000]",1035,13643000
15,56,5,"[647,978,1011,1063,997]","[1878000,2827000,2943000,3138000,2810000]",1063,13596000
15,57,5,"[638,1015,1005,1017,977]","[1864000,2921000,2882000,3043000,2776000]",1017,13486000
15,58,5,"[610,949,1050,1024,1026]","[1793000,2745000,3027000,3061000,2922000]",1050,13548000
15,59,5,"[605,1024,989,1071,1017]","[1777000,2937000,2863000,3176000,2865000]",1071,13618000
15,60,5,"[600,952,1033,1017,1052]","[1776000,2739000,2987000,3038000,2998000]",1052,13538000
15,61,5,"[596,1014,1009,1001,1004]","[1771000,2925000,2909000,2987000,2853000]",1014,13445000
15,62,5,"[565,952,1050,1021,1038]","[1666000,2745000,3036000,3046000,2955000]",1050,13448000
15,63,5,"[827,998,1019,1084,911]","[2446000,2906000,2958000,3136000,2639000]",1084,14085000
15,64,5,"[597,949,1012,1003,1018]","[1761000,2739000,2903000,3002000,2872000]",1018,13277000
15,65,5,"[585,948,1035,1019,1052]","[1763000,2732000,2987000,3038000,2998000]",1052,13518000
15,66,5,"[844,960,1039,1000,977]","[2621000,2763000,2982000,2989000,2788000]",1039,14143000
15,67,5,"[822,1117,987,1103,921]","[2433000,3178000,2863000,3159000,2700000]",1117,14333000
15,68,5,"[643,951,1138,1075,963]","[1874000,2701000,3208000,3055000,2760000]",1138,13598000
15,69,5,"[599,996,1031,1018,1021]","[1777000,2893000,2938000,3028000,2894000]",1031,13530000
15,70,5,"[653,973,978,1144,941]","[1913000,2841000,2786000,3331000,2664000]",1144,13535000
15,71,5,"[816,1071,992,1119,924]","[2421000,3079000,2819000,3235000,2703000]",1119,14257000
15,72,5,"[752,1012,1038,1023,1023]","[2113000,2879000,2964000,3064000,2891000]",1038,13911000
15,73,5,"[723,1015,1021,1046,908]","[2172000,2873000,2935000,3100000,2589000]",1046,13669000
15,74,5,"[580,962,1035,1021,1052]","[1708000,2756000,2991000,3044000,2997000]",1052,13496000
15,75,5,"[726,981,1008,1047,961]","[2071000,2813000,2892000,3122000,2764000]",1047,13662000
15,76,5,"[828,1024,1005,1061,952]","[2448000,2976000,2883000,3022000,2708000]",1061,14037000
15,77,5,"[934,995,1088,1089,935]","[2762000,2905000,3175000,3309000,2698000]",1089,14849000
15,78,5,"[638,921,1079,1065,1031]","[1873000,2637000,3179000,3186000,2968000]",1079,13843000
15,79,5,"[976,983,1008,1020,908]","[3023000,2818000,2894000,3056000,2589000]",1020,14380000
15,80,5,"[635,1031,989,1066,1010]","[1855000,2934000,2863000,3153000,2833000]",1066,13638000
15,81,5,"[711,943,1029,1026,920]","[2130000,2733000,2970000,3067000,2624000]",1029,13524000
15,82,5,"[824,1020,1007,1018,982]","[2548000,2934000,2895000,3049000,2785000]",1020,14211000
15,83,5,"[716,988,1011,1010,944]","[2137000,2818000,2912000,3000000,2713000]",1011,13580000
15,84,5,"[807,949,1028,1094,1029]","[2391000,2772000,2959000,3094000,2926000]",1094,14142000
15,85,5,"[599,984,1033,1036,989]","[1767000,2810000,2980000,3088000,2842000]",1036,13487000
15,86,5,"[634,930,1044,1101,1039]","[1863000,2689000,3002000,3239000,2953000]",1101,13746000
15,87,5,"[629,975,975,1030,911]","[1850000,2813000,2813000,3098000,2615000]",1030,13189000
15,88,5,"[847,999,1009,1093,939]","[2545000,2893000,2846000,3139000,2729000]",1093,14152000
15,89,5,"[746,1014,1024,1063,946]","[2275000,2938000,2933000,3045000,2761000]",1063,13952000
15,90,5,"[645,995,1053,1024,992]","[1878000,2885000,3018000,3056000,2833000]",1053,13670000
15,91,5,"[722,996,998,998,1010]","[2072000,2860000,2863000,2989000,2852000]",1010,13636000
15,92,5,"[566,925,1032,1027,1036]","[1668000,2687000,2990000,3069000,2933000]",1036,13347000
15,93,5,"[643,996,1004,1079,1001]","[1880000,2860000,2881000,3185000,2831000]",1079,13637000
15,94,5,"[574,1069,1036,1120,1061]","[1694000,2993000,2983000,3322000,3023000]",1120,14015000
15,95,5,"[642,949,1030,1096,988]","[1881000,2756000,2960000,3088000,2867000]",1096,13552000
15,96,5,"[650,966,954,1087,965]","[1891000,2805000,2745000,3122000,2764000]",1087,13327000
15,97,5,"[662,1138,1011,1237,968]","[1963000,3215000,2862000,3549000,2751000]",1237,14340000
15,98,5,"[892,990,1013,1101,949]","[2692000,2825000,2887000,3207000,2761000]",1101,14372000
15,99,5,"[560,994,1027,1096,1008]","[1653000,2889000,2957000,3083000,2886000]",1096,13468000
15,100,5,"[566,949,1036,1041,977]","[1655000,2740000,2984000,3090000,2794000]",1041,13263000
15,101,5,"[677,952,1031,1017,986]","[2046000,2730000,2980000,3038000,2810000]",1031,13604000
15,102,5,"[610,995,974,972,1052]","[1792000,2875000,2856000,2869000,2988000]",1052,13380000
15,103,5,"[969,1120,1003,1067,927]","[2990000,3181000,2879000,3089000,2670000]",1120,14809000
15,104,5,"[642,949,1030,1096,984]","[1881000,2756000,2960000,3088000,2837000]",1096,13522000
15,105,5,"[723,1021,988,1041,902]","[2172000,2934000,2858000,3080000,2580000]",1041,13624000
15,106,5,"[640,997,1073,1010,931]","[1881000,2889000,3060000,3022000,2619000]",1073,13471000
15,107,5,"[718,1011,962,1012,943]","[2137000,2896000,2776000,3034000,2685000]",1012,13528000
15,108,5,"[647,975,1016,916,1058]","[1895000,2809000,2922000,2749000,3010000]",1058,13385000
15,109,5,"[585,925,1011,1033,999]","[1782000,2692000,2945000,3077000,2873000]",1033,13369000
15,110,5,"[936,958,999,909,946]","[2913000,2768000,2874000,2754000,2711000]",999,14020000
15,111,5,"[560,885,1035,1021,1106]","[1660000,2603000,2991000,3041000,3111000]",1106,13406000
15,112,5,"[987,930,946,1008,972]","[2919000,2699000,2762000,2914000,2746000]",1008,14040000
15,113,5,"[574,951,1029,1031,1046]","[1691000,2760000,2957000,3087000,2971000]",1046,13466000
15,114,5,"[935,1035,970,1007,925]","[2759000,3042000,2765000,2914000,2665000]",1035,14145000
15,115,5,"[641,1020,1002,1006,995]","[1879000,2950000,2882000,3010000,2824000]",1020,13545000
15,116,5,"[642,973,1032,1016,1018]","[1887000,2804000,2944000,3010000,2897000]",1032,13542000
15,117,5,"[642,933,1041,1056,964]","[1872000,2674000,2977000,3034000,2741000]",1056,13298000
15,118,5,"[722,1019,965,1005,937]","[2146000,2932000,2781000,3011000,2678000]",1019,13548000
15,119,5,"[678,1031,1008,999,965]","[1978000,3052000,2889000,2825000,2758000]",1031,13502000
15,120,5,"[715,952,1009,1005,914]","[2135000,2813000,2891000,3020000,2622000]",1009,13481000
15,121,5,"[642,963,1010,986,976]","[1872000,2812000,2892000,2873000,2812000]",1010,13261000
15,122,5,"[633,960,996,963,1072]","[1863000,2781000,2877000,2897000,3081000]",1072,13499000
15,123,5,"[756,978,1005,988,1012]","[2165000,2802000,2889000,2957000,2841000]",1012,13654000
15,124,5,"[597,912,1033,1012,1027]","[1760000,2678000,2981000,3019000,2895000]",1033,13333000
15,125,5,"[639,983,979,990,1037]","[1866000,2834000,2862000,2954000,2958000]",1037,13474000
15,126,5,"[940,981,970,1013,986]","[2789000,2862000,2756000,2921000,2852000]",1013,14180000
16,1,5,"[970,985,1002,999,917]","[2687000,2894000,3030000,2863000,2650000]",1002,14124000
16,2,5,"[874,991,1017,913,917]","[2495000,2912000,3078000,2613000,2650000]",1017,13748000
16,3,5,"[705,1000,1079,996,923]","[2035000,2871000,3199000,2852000,2710000]",1079,13667000
16,4,5,"[655,970,1112,999,928]","[1871000,2841000,3319000,2860000,2720000]",1112,13611000
16,5,5,"[875,991,1018,913,917]","[2497000,2905000,3062000,2613000,2650000]",1018,13727000
16,6,5,"[863,982,1002,1003,907]","[2532000,2861000,3014000,2874000,2606000]",1003,13887000
16,7,5,"[647,1008,1080,1042,901]","[1857000,2921000,3239000,2991000,2626000]",1080,13634000
16,8,5,"[968,975,1015,997,917]","[2680000,2855000,3077000,2859000,2641000]",1015,14112000
16,9,5,"[652,986,1105,995,930]","[1867000,2883000,3299000,2856000,2745000]",1105,13650000
16,10,5,"[780,988,1088,924,907]","[2298000,2895000,3250000,2684000,2612000]",1088,13739000
16,11,5,"[758,931,1087,1009,892]","[2240000,2754000,3260000,2875000,2611000]",1087,13740000
16,12,5,"[783,984,1019,1006,910]","[2300000,2880000,3086000,2876000,2621000]",1019,13763000
16,13,5,"[973,984,1006,995,932]","[2692000,2889000,3034000,2841000,2698000]",1006,14154000
16,14,5,"[785,960,1016,1021,912]","[2308000,2805000,3078000,2918000,2631000]",1021,13740000
16,15,5,"[647,981,1117,1030,904]","[1847000,2872000,3341000,2949000,2626000]",1117,13635000
16,16,5,"[779,978,1024,1001,915]","[2286000,2859000,3101000,2863000,2636000]",1024,13745000
16,17,5,"[647,981,1118,1031,905]","[1847000,2872000,3346000,2949000,2644000]",1118,13658000
16,18,5,"[1001,976,1015,974,921]","[2763000,2861000,3077000,2785000,2657000]",1015,14143000
16,19,5,"[789,996,1022,1005,923]","[2326000,2898000,3103000,2883000,2650000]",1022,13860000
16,20,5,"[975,984,1006,995,928]","[2703000,2889000,3034000,2841000,2690000]",1006,14157000
16,21,5,"[865,980,1064,974,917]","[2526000,2866000,3157000,2785000,2659000]",1064,13993000
16,22,5,"[709,985,1096,1014,905]","[2042000,2842000,3258000,2892000,2648000]",1096,13682000
16,23,5,"[650,971,1119,1019,908]","[1896000,2845000,3329000,2926000,2642000]",1119,13638000
16,24,5,"[655,972,1121,1042,907]","[1871000,2847000,3344000,2970000,2664000]",1121,13696000
16,25,5,"[647,980,1118,1030,904]","[1847000,2871000,3346000,2942000,2639000]",1118,13645000
16,26,5,"[787,1005,1091,1013,896]","[2299000,2956000,3265000,2873000,2613000]",1091,14006000
16,27,5,"[776,979,1085,874,1037]","[2315000,2885000,3241000,2533000,3006000]",1085,13980000
16,28,5,"[896,985,1003,914,931]","[2551000,2887000,3032000,2625000,2686000]",1003,13781000
16,29,5,"[995,992,1015,974,921]","[2751000,2914000,3077000,2785000,2657000]",1015,14184000
16,30,5,"[789,977,1151,1027,917]","[2361000,2857000,3330000,2936000,2679000]",1151,14163000
16,31,5,"[777,977,1124,1091,916]","[2295000,2859000,3259000,3094000,2669000]",1124,14176000
16,32,5,"[858,993,985,1004,912]","[2519000,2910000,2976000,2875000,2626000]",1004,13906000
16,33,5,"[739,925,1132,992,907]","[2109000,2720000,3383000,2804000,2648000]",1132,13664000
16,34,5,"[972,971,1027,996,919]","[2688000,2845000,3122000,2857000,2651000]",1027,14163000
16,35,5,"[710,986,1145,993,906]","[2068000,2844000,3402000,2812000,2652000]",1145,13778000
16,36,5,"[867,992,1081,890,938]","[2478000,2908000,3221000,2538000,2736000]",1081,13881000
16,37,5,"[945,979,1106,951,919]","[2652000,2863000,3292000,2732000,2666000]",1106,14205000
16,38,5,"[797,987,1094,1095,910]","[2344000,2889000,3196000,3087000,2627000]",1095,14143000
16,39,5,"[780,995,1113,896,907]","[2298000,2914000,3309000,2628000,2612000]",1113,13761000
16,40,5,"[664,967,1091,1001,934]","[1910000,2840000,3261000,2837000,2709000]",1091,13557000
16,41,5,"[605,1026,1090,1034,899]","[1759000,2961000,3259000,2979000,2618000]",1090,13576000
16,42,5,"[862,979,1057,1005,904]","[2536000,2862000,3149000,2883000,2638000]",1057,14068000
16,43,5,"[791,1060,1092,983,930]","[2324000,3050000,3272000,2809000,2691000]",1092,14146000
16,44,5,"[967,982,1077,970,869]","[2674000,2883000,3200000,2765000,2482000]",1077,14004000
16,45,5,"[1064,1081,1091,937,980]","[3220000,3099000,3252000,2738000,2827000]",1091,15136000
16,46,5,"[870,995,1086,896,914]","[2484000,2923000,3222000,2546000,2646000]",1086,13821000
16,47,5,"[778,970,1117,976,911]","[2286000,2840000,3302000,2785000,2633000]",1117,13846000
16,48,5,"[926,986,1072,1005,917]","[2613000,2893000,3194000,2881000,2660000]",1072,14241000
16,49,5,"[737,973,1122,1044,909]","[2182000,2849000,3258000,2959000,2668000]",1122,13916000
16,50,5,"[972,988,1005,999,920]","[2687000,2900000,3036000,2863000,2656000]",1005,14142000
16,51,5,"[874,990,1017,910,926]","[2495000,2906000,3078000,2599000,2680000]",1017,13758000
16,52,5,"[699,1000,1066,1017,923]","[2014000,2893000,3163000,2924000,2719000]",1066,13713000
16,53,5,"[659,974,1081,1025,919]","[1888000,2851000,3215000,2946000,2694000]",1081,13594000
16,54,5,"[877,986,1026,911,917]","[2500000,2899000,3081000,2603000,2644000]",1026,13727000
16,55,5,"[860,979,1003,999,929]","[2505000,2878000,3026000,2869000,2670000]",1003,13948000
16,56,5,"[645,1011,1082,1047,904]","[1850000,2934000,3239000,3007000,2649000]",1082,13679000
16,57,5,"[977,981,1017,997,921]","[2702000,2874000,3081000,2856000,2649000]",1017,14162000
16,58,5,"[652,989,1068,1043,925]","[1862000,2872000,3163000,2983000,2711000]",1068,13591000
16,59,5,"[788,983,1036,954,905]","[2324000,2867000,3147000,2777000,2608000]",1036,13723000
16,60,5,"[761,929,1084,1011,899]","[2246000,2754000,3260000,2899000,2643000]",1084,13802000
16,61,5,"[781,1052,946,1003,907]","[2300000,3052000,2894000,2878000,2606000]",1052,13730000
16,62,5,"[1014,964,1003,1001,932]","[2801000,2826000,3026000,2866000,2674000]",1014,14193000
16,63,5,"[782,961,1021,967,908]","[2305000,2810000,3092000,2825000,2614000]",1021,13646000
16,64,5,"[650,984,1107,1043,906]","[1862000,2894000,3309000,2981000,2646000]",1107,13692000
16,65,5,"[776,972,1040,996,913]","[2284000,2847000,3155000,2846000,2627000]",1040,13759000
16,66,5,"[647,979,1101,1030,904]","[1847000,2859000,3285000,2945000,2642000]",1101,13578000
16,67,5,"[991,990,1003,973,928]","[2753000,2905000,3032000,2802000,2693000]",1003,14185000
16,68,5,"[789,991,966,1109,923]","[2326000,2885000,2919000,3163000,2650000]",1109,13943000
16,69,5,"[972,969,1022,992,919]","[2687000,2838000,3088000,2837000,2651000]",1022,14101000
17,1,5,"[894,987,1070,898,879]","[2651000,2875000,3174000,2654000,2523000]",1070,13877000
17,2,5,"[804,886,1139,966,897]","[2299000,2569000,3358000,2838000,2554000]",1139,13618000
17,3,5,"[890,955,1061,963,956]","[2572000,2803000,3124000,2795000,2725000]",1061,14019000
17,4,5,"[790,1024,1075,933,928]","[2348000,3050000,3160000,2684000,2552000]",1075,13794000
17,5,5,"[898,990,1025,981,966]","[2571000,2881000,3037000,2842000,2754000]",1025,14085000
17,6,5,"[777,900,1101,940,942]","[2309000,2614000,3253000,2776000,2746000]",1101,13698000
17,7,5,"[861,896,1132,920,863]","[2474000,2604000,3304000,2734000,2522000]",1132,13638000
17,8,5,"[894,987,1070,898,879]","[2651000,2875000,3174000,2654000,2523000]",1070,13877000
17,9,5,"[818,896,1101,940,935]","[2388000,2600000,3253000,2782000,2716000]",1101,13739000
17,10,5,"[847,890,1131,921,921]","[2438000,2593000,3302000,2730000,2636000]",1131,13699000
17,11,5,"[806,1011,1065,1058,959]","[2425000,2952000,3153000,3047000,2745000]",1065,14322000
17,12,5,"[890,955,1077,961,959]","[2572000,2803000,3153000,2791000,2731000]",1077,14050000
17,13,5,"[782,1037,1089,944,935]","[2308000,3035000,3201000,2740000,2594000]",1089,13878000
17,14,5,"[682,1015,1129,962,957]","[1983000,2920000,3293000,2798000,2741000]",1129,13735000
17,15,5,"[756,1023,1069,1048,958]","[2266000,3038000,3154000,3005000,2756000]",1069,14219000
17,16,5,"[819,1035,1072,1044,887]","[2397000,3030000,3164000,2992000,2507000]",1072,14090000
17,17,5,"[804,887,1141,969,901]","[2315000,2584000,3352000,2828000,2556000]",1141,13635000
17,18,5,"[772,1061,1047,1031,995]","[2336000,3065000,3099000,2950000,2875000]",1061,14325000
17,19,5,"[821,906,1105,926,936]","[2406000,2638000,3259000,2728000,2707000]",1105,13738000
17,20,5,"[783,1035,1087,951,941]","[2310000,3036000,3190000,2746000,2602000]",1087,13884000
17,21,5,"[708,1048,1125,933,921]","[2130000,3128000,3289000,2685000,2541000]",1125,13773000
17,22,5,"[1167,1059,1115,988,984]","[3679000,3075000,3288000,2885000,2766000]",1167,15693000
17,23,5,"[661,1034,1254,956,1090]","[2023000,3072000,3518000,2723000,3125000]",1254,14461000
17,24,5,"[824,1053,1068,983,959]","[2362000,3032000,3167000,2846000,2731000]",1068,14138000
17,25,5,"[725,1097,1176,1044,990]","[2194000,3189000,3402000,2993000,2837000]",1176,14615000
17,26,5,"[761,1019,1145,1014,953]","[2275000,3025000,3345000,2901000,2749000]",1145,14295000
17,27,5,"[733,1173,1143,972,947]","[2225000,3342000,3358000,2846000,2677000]",1173,14448000
17,28,5,"[778,1022,1014,964,1206]","[2310000,2983000,3008000,2747000,3447000]",1206,14495000
17,29,5,"[772,1062,1174,1052,967]","[2324000,3069000,3363000,3025000,2801000]",1174,14582000
17,30,5,"[841,1047,1148,946,924]","[2462000,3051000,3361000,2741000,2611000]",1148,14226000
17,31,5,"[798,887,1136,1026,902]","[2300000,2583000,3344000,2958000,2562000]",1136,13747000
17,32,5,"[769,1069,1157,1033,976]","[2312000,3076000,3403000,2913000,2822000]",1157,14526000
17,33,5,"[806,992,1063,957,913]","[2359000,2897000,3120000,2786000,2541000]",1063,13703000
17,34,5,"[682,1004,1129,962,960]","[1983000,2893000,3293000,2794000,2747000]",1129,13710000
17,35,5,"[821,1048,1129,1053,1031]","[2374000,3044000,3320000,3005000,2923000]",1129,14666000
17,36,5,"[784,898,1139,992,922]","[2336000,2617000,3347000,2891000,2670000]",1139,13861000
17,37,5,"[765,1054,1137,1034,889]","[2227000,3128000,3317000,2971000,2510000]",1137,14153000
17,38,5,"[822,959,1105,997,915]","[2396000,2776000,3243000,2890000,2643000]",1105,13948000
17,39,5,"[745,1087,1162,1017,1082]","[2241000,3194000,3290000,2852000,3091000]",1162,14668000
17,40,5,"[770,1116,1099,1050,955]","[2317000,3240000,3239000,3018000,2754000]",1116,14568000
17,41,5,"[818,897,1122,940,874]","[2388000,2601000,3301000,2776000,2589000]",1122,13655000
17,42,5,"[890,954,1078,962,960]","[2572000,2808000,3158000,2793000,2733000]",1078,14064000
17,43,5,"[773,1063,1092,1051,968]","[2326000,3071000,3201000,3006000,2796000]",1092,14400000
17,44,5,"[829,974,1145,940,990]","[2417000,2905000,3348000,2702000,2863000]",1145,14235000
17,45,5,"[747,1099,1072,1072,994]","[2259000,3220000,3170000,3047000,2852000]",1099,14548000
17,46,5,"[844,1021,1157,961,982]","[2493000,2989000,3393000,2743000,2784000]",1157,14402000
17,47,5,"[747,1061,1078,1003,1049]","[2256000,3135000,3174000,2863000,3034000]",1078,14462000
17,48,5,"[891,1096,1078,1058,967]","[2571000,3219000,3176000,3071000,2710000]",1096,14747000
17,49,5,"[737,1053,1186,973,1002]","[2173000,3065000,3425000,2855000,2806000]",1186,14324000
17,50,5,"[821,1015,1141,904,864]","[2421000,2970000,3337000,2653000,2465000]",1141,13846000
17,51,5,"[661,962,1221,1056,1030]","[2023000,2860000,3521000,3025000,2939000]",1221,14368000
17,52,5,"[803,902,1134,961,1063]","[2272000,2639000,3319000,2789000,3053000]",1134,14072000
17,53,5,"[878,965,1111,977,972]","[2510000,2814000,3245000,2797000,2782000]",1111,14148000
17,54,5,"[877,993,1182,859,886]","[2543000,2903000,3468000,2544000,2552000]",1182,14010000
17,55,5,"[764,1072,1068,1045,964]","[2315000,3146000,3158000,2994000,2757000]",1072,14370000
17,56,5,"[889,1024,1125,915,912]","[2538000,3047000,3292000,2631000,2531000]",1125,14039000
17,57,5,"[730,1046,1266,1013,880]","[2132000,3097000,3614000,2863000,2484000]",1266,14190000
17,58,5,"[826,1026,1108,962,966]","[2375000,2959000,3247000,2814000,2738000]",1108,14133000
17,59,5,"[848,908,1166,934,870]","[2436000,2653000,3404000,2726000,2529000]",1166,13748000
17,60,5,"[825,986,1065,1037,993]","[2392000,2787000,3141000,2974000,2846000]",1065,14140000
17,61,5,"[820,905,1104,925,935]","[2388000,2621000,3259000,2731000,2716000]",1104,13715000
17,62,5,"[692,1058,1082,1041,983]","[2083000,3080000,3191000,2997000,2837000]",1082,14188000
17,63,5,"[832,1115,1171,922,996]","[2495000,3266000,3344000,2720000,2799000]",1171,14624000
17,64,5,"[683,1021,1129,978,983]","[1977000,2929000,3330000,2859000,2836000]",1129,13931000
17,65,5,"[898,991,1072,975,971]","[2575000,2896000,3153000,2868000,2763000]",1072,14255000
17,66,5,"[827,900,1139,968,920]","[2409000,2632000,3348000,2827000,2660000]",1139,13876000
17,67,5,"[766,948,1174,916,1014]","[2279000,2778000,3446000,2653000,2859000]",1174,14015000
17,68,5,"[836,1088,1058,1036,991]","[2458000,3218000,3067000,2881000,2858000]",1088,14482000
17,69,5,"[900,1113,1072,940,974]","[2597000,3231000,3170000,2739000,2761000]",1113,14498000
17,70,5,"[847,987,1123,922,921]","[2438000,2846000,3272000,2724000,2645000]",1123,13925000
17,71,5,"[854,909,1155,977,909]","[2455000,2630000,3396000,2800000,2606000]",1155,13887000
17,72,5,"[756,1077,1050,1041,935]","[2218000,3125000,3079000,2962000,2652000]",1077,14036000
17,73,5,"[810,1072,1150,1041,967]","[2350000,3098000,3386000,2928000,2795000]",1150,14557000
17,74,5,"[806,1041,1067,1036,967]","[2356000,3056000,3154000,2993000,2701000]",1067,14260000
17,75,5,"[871,958,1104,940,999]","[2486000,2809000,3223000,2735000,2808000]",1104,14061000
17,76,5,"[834,1067,1074,1045,973]","[2442000,3119000,3174000,3022000,2710000]",1074,14467000
17,77,5,"[751,958,1224,942,929]","[2195000,2818000,3523000,2694000,2563000]",1224,13793000
17,78,5,"[776,984,1136,971,961]","[2223000,2797000,3331000,2842000,2746000]",1136,13939000
17,79,5,"[786,1094,1085,1036,965]","[2296000,3149000,3186000,2963000,2683000]",1094,14277000
17,80,5,"[861,950,1136,1093,939]","[2467000,2743000,3336000,3168000,2708000]",1136,14422000
17,81,5,"[849,1055,1131,967,1146]","[2593000,3121000,3296000,2756000,3344000]",1146,15110000
17,82,5,"[679,989,1135,1051,1006]","[1992000,2845000,3365000,3001000,2885000]",1135,14088000
17,83,5,"[851,929,1135,1103,1004]","[2486000,2713000,3361000,3128000,2829000]",1135,14517000
17,84,5,"[736,1018,1145,946,1005]","[2177000,3005000,3371000,2750000,2827000]",1145,14130000
17,85,5,"[777,1086,1096,1049,972]","[2337000,3136000,3201000,2999000,2815000]",1096,14488000
17,86,5,"[766,1059,1103,1002,994]","[2233000,3140000,3163000,2844000,2788000]",1103,14168000
17,87,5,"[834,898,1148,966,906]","[2411000,2623000,3379000,2825000,2601000]",1148,13839000
17,88,5,"[813,1027,1137,957,942]","[2307000,2956000,3297000,2782000,2593000]",1137,13935000
17,89,5,"[896,962,1054,977,958]","[2567000,2792000,3164000,2825000,2735000]",1054,14083000
17,90,5,"[767,1060,1073,1046,946]","[2254000,3116000,3177000,3008000,2616000]",1073,14171000
17,91,5,"[758,1042,1173,1041,963]","[2285000,3053000,3455000,2974000,2757000]",1173,14524000
17,92,5,"[814,1041,1074,1027,946]","[2396000,3058000,3176000,2944000,2641000]",1074,14215000
17,93,5,"[883,994,1128,913,854]","[2594000,2914000,3251000,2699000,2475000]",1128,13933000
17,94,5,"[775,1031,1085,1056,955]","[2277000,3026000,3190000,2989000,2670000]",1085,14152000
17,95,5,"[906,1028,1105,977,854]","[2556000,3055000,3212000,2842000,2480000]",1105,14145000
17,96,5,"[782,1037,1155,944,933]","[2308000,3043000,3329000,2742000,2587000]",1155,14009000
17,97,5,"[817,987,1072,905,984]","[2406000,2891000,3182000,2664000,2753000]",1072,13896000
17,98,5,"[859,987,1069,897,879]","[2585000,2889000,3176000,2649000,2523000]",1069,13822000
17,99,5,"[751,891,1143,971,894]","[2188000,2584000,3352000,2834000,2559000]",1143,13517000
17,100,5,"[900,947,1067,946,966]","[2601000,2770000,3145000,2777000,2760000]",1067,14053000
17,101,5,"[793,1024,1081,932,927]","[2363000,3047000,3196000,2692000,2542000]",1081,13840000
17,102,5,"[894,1028,964,977,961]","[2569000,2992000,2861000,2817000,2739000]",1028,13978000
17,103,5,"[777,878,1101,940,935]","[2309000,2557000,3255000,2782000,2687000]",1101,13590000
17,104,5,"[867,896,1127,923,891]","[2486000,2604000,3298000,2743000,2570000]",1127,13701000
17,105,5,"[894,987,1070,898,877]","[2651000,2878000,3174000,2651000,2519000]",1070,13873000
17,106,5,"[817,899,1105,940,883]","[2383000,2597000,3273000,2792000,2620000]",1105,13665000
17,107,5,"[847,890,1135,928,921]","[2438000,2593000,3302000,2743000,2636000]",1135,13712000
17,108,5,"[805,1010,1067,1048,973]","[2420000,2951000,3163000,3017000,2791000]",1067,14342000
17,109,5,"[891,989,1078,962,966]","[2574000,2876000,3152000,2817000,2754000]",1078,14173000
17,110,5,"[782,1045,1105,941,936]","[2308000,3072000,3230000,2728000,2599000]",1105,13937000
17,111,5,"[679,1010,1136,967,956]","[1983000,2911000,3310000,2818000,2745000]",1136,13767000
17,112,5,"[765,1019,1069,1042,926]","[2310000,3026000,3154000,2985000,2665000]",1069,14140000
17,113,5,"[819,1035,1072,1047,884]","[2400000,3024000,3164000,3003000,2501000]",1072,14092000
17,114,5,"[794,898,1140,924,898]","[2298000,2619000,3354000,2751000,2550000]",1140,13572000
17,115,5,"[772,1061,1053,1034,981]","[2326000,3065000,3120000,2965000,2824000]",1061,14300000
17,116,5,"[821,903,1100,898,938]","[2406000,2643000,3249000,2685000,2707000]",1100,13690000
17,117,5,"[760,1035,1093,951,975]","[2234000,3042000,3206000,2758000,2696000]",1093,13936000
18,1,5,"[806,1011,1017,908,836]","[2313000,2927000,2949000,2646000,2505000]",1017,13340000
18,2,5,"[813,1014,1016,922,837]","[2324000,2945000,2947000,2674000,2520000]",1016,13410000
18,3,5,"[852,1009,1013,888,905]","[2447000,2917000,2932000,2572000,2674000]",1013,13542000
18,4,5,"[852,1013,996,957,907]","[2456000,2926000,2878000,2724000,2685000]",1013,13669000
18,5,5,"[852,1015,972,948,911]","[2441000,2947000,2796000,2737000,2704000]",1015,13625000
18,6,5,"[813,1019,1027,951,809]","[2324000,2935000,2968000,2763000,2427000]",1027,13417000
18,7,5,"[833,1022,1012,921,836]","[2387000,2974000,2918000,2661000,2512000]",1022,13452000
18,8,5,"[809,1017,1013,1006,832]","[2326000,2957000,2932000,2894000,2456000]",1017,13565000
18,9,5,"[809,1015,1033,908,833]","[2318000,2943000,2974000,2648000,2506000]",1033,13389000
18,10,5,"[815,1016,1013,968,900]","[2332000,2946000,2932000,2770000,2649000]",1016,13629000
18,11,5,"[791,1013,1027,919,842]","[2315000,2934000,2973000,2665000,2536000]",1027,13423000
18,12,5,"[827,1017,1013,904,913]","[2372000,2942000,2932000,2653000,2698000]",1017,13597000
18,13,5,"[815,1022,1018,932,897]","[2345000,2964000,2942000,2700000,2643000]",1022,13594000
18,14,5,"[812,1018,1024,915,914]","[2330000,2931000,2966000,2682000,2673000]",1024,13582000
18,15,5,"[815,1022,1018,932,897]","[2345000,2966000,2942000,2700000,2643000]",1022,13596000
18,16,5,"[827,1017,1013,904,913]","[2372000,2950000,2932000,2648000,2698000]",1017,13600000
18,17,5,"[775,1021,1039,904,891]","[2266000,2963000,3000000,2643000,2608000]",1039,13480000
18,18,5,"[794,1016,1028,918,891]","[2329000,2937000,2979000,2637000,2610000]",1028,13492000
18,19,5,"[854,1013,1016,921,909]","[2461000,2933000,2938000,2628000,2690000]",1016,13650000
18,20,5,"[811,1026,1006,956,896]","[2322000,2991000,2908000,2746000,2625000]",1026,13592000
18,21,5,"[771,1017,1026,901,895]","[2257000,2939000,2964000,2628000,2618000]",1026,13406000
18,22,5,"[811,1017,1024,903,854]","[2338000,2936000,2969000,2610000,2558000]",1024,13411000
18,23,5,"[832,1025,1013,933,831]","[2388000,2983000,2923000,2688000,2490000]",1025,13472000
18,24,5,"[809,1014,1025,910,843]","[2320000,2925000,2948000,2637000,2529000]",1025,13359000
18,25,5,"[822,1034,1051,900,915]","[2366000,2991000,3011000,2589000,2650000]",1051,13607000
18,26,5,"[810,1028,1044,914,892]","[2325000,2976000,2977000,2632000,2610000]",1044,13520000
18,27,5,"[813,1016,1016,948,890]","[2345000,2949000,2938000,2718000,2639000]",1016,13589000
18,28,5,"[908,1039,1048,963,910]","[2663000,3012000,3003000,2808000,2701000]",1048,14187000
18,29,5,"[843,1022,1012,924,838]","[2421000,2961000,2925000,2656000,2514000]",1022,13477000
18,30,5,"[860,1013,1017,1013,954]","[2512000,2933000,2938000,2920000,2869000]",1017,14172000
18,31,5,"[812,1021,1057,915,913]","[2330000,2956000,3031000,2682000,2668000]",1057,13667000
18,32,5,"[836,1033,982,920,917]","[2389000,2998000,2827000,2653000,2708000]",1033,13575000
18,33,5,"[813,1029,1049,909,899]","[2331000,2979000,3001000,2600000,2635000]",1049,13546000
18,34,5,"[794,1026,1044,919,890]","[2323000,2965000,3010000,2639000,2608000]",1044,13545000
18,35,5,"[888,1015,1018,868,833]","[2531000,2957000,2951000,2517000,2506000]",1018,13462000
18,36,5,"[778,1022,1059,926,837]","[2260000,2972000,3069000,2687000,2506000]",1059,13494000
18,37,5,"[788,1012,1027,886,896]","[2317000,2927000,2968000,2545000,2625000]",1027,13382000
18,38,5,"[844,1025,998,966,899]","[2408000,2945000,2872000,2752000,2651000]",1025,13628000
18,39,5,"[836,1029,972,973,893]","[2396000,2969000,2794000,2780000,2632000]",1029,13571000
18,40,5,"[789,1010,1028,966,823]","[2298000,2930000,2969000,2801000,2474000]",1028,13472000
18,41,5,"[831,955,1006,920,896]","[2383000,2786000,2906000,2660000,2680000]",1006,13415000
18,42,5,"[818,1019,1035,993,838]","[2351000,2934000,2987000,2842000,2489000]",1035,13603000
18,43,5,"[785,1026,1035,904,835]","[2246000,2981000,2991000,2645000,2502000]",1035,13365000
18,44,5,"[813,1055,1015,970,894]","[2340000,3021000,2936000,2768000,2631000]",1055,13696000
18,45,5,"[740,1018,1116,920,849]","[2182000,2945000,3206000,2669000,2556000]",1116,13558000
18,46,5,"[827,1017,1023,898,913]","[2360000,2941000,2958000,2637000,2705000]",1023,13601000
18,47,5,"[854,1013,1019,913,899]","[2431000,2932000,2956000,2632000,2639000]",1019,13590000
18,48,5,"[786,1032,1026,918,910]","[2252000,2985000,2970000,2697000,2657000]",1032,13561000
18,49,5,"[816,1019,1066,937,906]","[2350000,2954000,3063000,2716000,2658000]",1066,13741000
18,50,5,"[809,1009,1013,902,907]","[2320000,2925000,2932000,2618000,2663000]",1013,13458000
18,51,5,"[771,1011,1060,896,903]","[2251000,2931000,3050000,2618000,2628000]",1060,13478000
18,52,5,"[793,1011,1074,887,895]","[2324000,2921000,3116000,2545000,2618000]",1074,13524000
18,53,5,"[866,1013,1016,917,909]","[2458000,2933000,2938000,2638000,2690000]",1016,13657000
18,54,5,"[822,1029,994,959,905]","[2358000,2988000,2872000,2730000,2652000]",1029,13600000
19,1,5,"[872,849,891,970,960]","[2385000,2493000,2611000,2727000,2821000]",970,13037000
19,2,5,"[717,863,1015,997,761]","[2032000,2523000,2950000,2918000,2207000]",1015,12630000
19,3,5,"[770,861,895,976,971]","[2183000,2500000,2626000,2733000,2864000]",976,12906000
19,4,5,"[854,837,1001,981,853]","[2430000,2462000,2838000,2862000,2405000]",1001,12997000
19,5,5,"[843,882,891,977,969]","[2309000,2556000,2615000,2738000,2853000]",977,13071000
19,6,5,"[888,865,884,1011,905]","[2437000,2503000,2593000,2786000,2637000]",1011,12956000
19,7,5,"[557,1007,968,1025,801]","[1681000,3004000,2801000,3016000,2287000]",1025,12789000
19,8,5,"[925,845,891,971,972]","[2645000,2482000,2614000,2734000,2880000]",972,13355000
19,9,5,"[711,891,888,1079,882]","[2118000,2576000,2592000,3043000,2500000]",1079,12829000
19,10,5,"[874,863,885,982,962]","[2402000,2500000,2595000,2753000,2830000]",982,13080000
19,11,5,"[686,997,975,1019,813]","[1951000,2989000,2797000,2974000,2358000]",1019,13069000
19,12,5,"[816,843,919,1199,741]","[2306000,2406000,2652000,3339000,2113000]",1199,12816000
19,13,5,"[723,892,890,1075,841]","[2160000,2595000,2598000,3038000,2507000]",1075,12898000
19,14,5,"[846,879,898,980,967]","[2318000,2577000,2635000,2755000,2829000]",980,13114000
19,15,5,"[708,839,1051,1016,842]","[2046000,2459000,2992000,2995000,2418000]",1051,12910000
19,16,5,"[795,838,855,1075,932]","[2294000,2471000,2536000,3024000,2661000]",1075,12986000
19,17,5,"[910,974,948,996,989]","[2459000,2822000,2786000,2856000,2777000]",996,13700000
19,18,5,"[911,972,946,1002,973]","[2471000,2818000,2784000,2877000,2720000]",1002,13670000
19,19,5,"[639,835,1113,1070,869]","[1878000,2453000,3113000,2981000,2494000]",1113,12919000
19,20,5,"[745,879,941,1026,942]","[2118000,2566000,2773000,2974000,2642000]",1026,13073000
19,21,5,"[892,834,1029,1109,927]","[2454000,2430000,3074000,3075000,2684000]",1109,13717000
19,22,5,"[749,876,942,1090,908]","[2125000,2496000,2752000,3167000,2671000]",1090,13211000
19,23,5,"[885,894,1023,1045,994]","[2397000,2592000,2952000,2993000,2778000]",1045,13712000
19,24,5,"[749,864,973,1093,1027]","[2125000,2466000,2860000,3112000,2991000]",1093,13554000
19,25,5,"[927,844,890,989,964]","[2643000,2477000,2608000,2783000,2864000]",989,13375000
19,26,5,"[670,856,1108,1077,1037]","[1919000,2514000,3289000,3018000,2985000]",1108,13725000
19,27,5,"[964,849,890,1060,737]","[2685000,2480000,2607000,2959000,2149000]",1060,12880000
19,28,5,"[869,893,902,1086,986]","[2369000,2555000,2670000,3157000,2776000]",1086,13527000
19,29,5,"[935,900,1001,942,954]","[2518000,2597000,2855000,2695000,2814000]",1001,13479000
19,30,5,"[745,879,941,1066,942]","[2118000,2566000,2773000,3090000,2642000]",1066,13189000
19,31,5,"[702,1008,978,1044,980]","[2014000,3028000,2815000,2892000,2795000]",1044,13544000
19,32,5,"[716,909,1116,1090,820]","[2050000,2626000,3158000,3162000,2346000]",1116,13342000
19,33,5,"[886,963,1035,1018,989]","[2388000,2783000,2991000,2879000,2771000]",1035,13812000
19,34,5,"[689,1012,972,1036,866]","[1958000,3051000,2789000,3029000,2509000]",1036,13336000
19,35,5,"[788,916,918,1035,978]","[2292000,2686000,2679000,2925000,2815000]",1035,13397000
19,36,5,"[736,885,945,1013,951]","[2111000,2590000,2778000,2951000,2655000]",1013,13085000
19,37,5,"[674,1006,1022,1178,753]","[1926000,3023000,2932000,3289000,2181000]",1178,13351000
19,38,5,"[871,851,893,972,962]","[2380000,2496000,2611000,2731000,2821000]",972,13039000
19,39,5,"[890,891,894,1016,914]","[2452000,2580000,2619000,2802000,2668000]",1016,13121000
19,40,5,"[818,846,915,1176,744]","[2303000,2415000,2682000,3279000,2116000]",1176,12795000
19,41,5,"[790,850,853,1002,975]","[2282000,2504000,2529000,2774000,2874000]",1002,12963000
19,42,5,"[895,863,885,974,967]","[2465000,2500000,2595000,2731000,2855000]",974,13146000
19,43,5,"[959,908,871,969,979]","[2727000,2659000,2509000,2656000,2926000]",979,13477000
19,44,5,"[875,854,902,973,964]","[2397000,2512000,2629000,2733000,2836000]",973,13107000
19,45,5,"[1036,887,890,1113,837]","[3167000,2559000,2601000,3129000,2429000]",1113,13885000
19,46,5,"[754,922,922,998,764]","[2189000,2696000,2615000,2957000,2176000]",998,12633000
19,47,5,"[799,846,855,1077,966]","[2299000,2502000,2532000,3028000,2736000]",1077,13097000
19,48,5,"[761,916,949,1116,965]","[2162000,2663000,2803000,3166000,2761000]",1116,13555000
19,49,5,"[720,1037,885,998,1053]","[2066000,3007000,2591000,2822000,2933000]",1053,13419000
19,50,5,"[876,860,897,972,964]","[2397000,2518000,2634000,2726000,2842000]",972,13117000
19,51,5,"[959,890,892,958,949]","[2557000,2573000,2575000,2756000,2779000]",959,13240000
19,52,5,"[805,944,965,1017,987]","[2201000,2767000,2842000,2995000,2758000]",1017,13563000
19,53,5,"[849,923,921,1054,1039]","[2335000,2623000,2658000,2952000,3080000]",1054,13648000
19,54,5,"[908,897,1001,1002,924]","[2518000,2600000,2842000,2726000,2628000]",1002,13314000
19,55,5,"[905,973,1001,1131,845]","[2434000,2861000,2948000,3231000,2385000]",1131,13859000
19,56,5,"[713,995,922,1018,911]","[2045000,2927000,2738000,2918000,2582000]",1018,13210000
19,57,5,"[697,1192,1038,1007,822]","[1948000,3557000,2984000,2853000,2403000]",1192,13745000
19,58,5,"[731,893,965,1082,796]","[2192000,2597000,2787000,3061000,2360000]",1082,12997000
19,59,5,"[562,949,901,1046,933]","[1678000,2807000,2667000,2942000,2671000]",1046,12765000
19,60,5,"[821,951,894,1090,758]","[2360000,2769000,2618000,3053000,2118000]",1090,12918000
19,61,5,"[702,995,1014,1040,789]","[2025000,2842000,2885000,3059000,2271000]",1040,13082000
19,62,5,"[714,919,865,1009,831]","[2130000,2630000,2479000,2885000,2417000]",1009,12541000
19,63,5,"[939,943,893,1037,995]","[2583000,2761000,2592000,2933000,2817000]",1037,13686000
19,64,5,"[802,845,868,1163,784]","[2300000,2467000,2489000,3332000,2256000]",1163,12844000
19,65,5,"[798,847,875,1127,916]","[2301000,2496000,2593000,3154000,2645000]",1127,13189000
19,66,5,"[884,894,1022,1041,1024]","[2392000,2592000,2934000,2972000,2877000]",1041,13767000
19,67,5,"[729,915,946,995,946]","[2090000,2662000,2779000,2898000,2651000]",995,13080000
19,68,5,"[798,843,852,1133,967]","[2300000,2486000,2534000,3182000,2762000]",1133,13264000
19,69,5,"[809,841,912,1199,748]","[2290000,2403000,2640000,3332000,2138000]",1199,12803000
19,70,5,"[1001,809,894,1072,848]","[2857000,2354000,2611000,3030000,2393000]",1072,13245000
19,71,5,"[773,859,894,969,1051]","[2185000,2510000,2618000,2720000,3239000]",1051,13272000
19,72,5,"[737,884,1044,1011,843]","[2083000,2566000,2957000,2981000,2423000]",1044,13010000
19,73,5,"[762,871,969,1028,812]","[2226000,2554000,2761000,3020000,2338000]",1028,12899000
19,74,5,"[885,998,948,1004,988]","[2409000,2861000,2788000,2862000,2785000]",1004,13705000
19,75,5,"[636,836,1055,1047,876]","[1872000,2443000,2966000,3006000,2513000]",1055,12800000
19,76,5,"[962,849,779,1137,788]","[2710000,2495000,2243000,3222000,2314000]",1137,12984000
19,77,5,"[867,969,951,1068,991]","[2356000,2801000,2792000,3057000,2780000]",1068,13786000
19,78,5,"[868,967,928,1109,834]","[2353000,2789000,2649000,3201000,2420000]",1109,13412000
19,79,5,"[734,891,873,1026,918]","[2161000,2579000,2609000,2885000,2656000]",1026,12890000
19,80,5,"[662,1000,986,1028,980]","[1913000,2998000,2828000,3001000,2752000]",1028,13492000
19,81,5,"[828,848,892,1063,790]","[2334000,2491000,2604000,3108000,2285000]",1063,12822000
19,82,5,"[749,850,943,1103,973]","[2125000,2422000,2767000,3198000,2850000]",1103,13362000
19,83,5,"[728,887,905,1068,951]","[2107000,2563000,2607000,3112000,2712000]",1068,13101000
19,84,5,"[697,853,1009,982,878]","[1978000,2486000,2944000,2825000,2543000]",1009,12776000
19,85,5,"[739,941,865,985,981]","[2090000,2743000,2563000,2775000,2870000]",985,13041000
19,86,5,"[557,1015,1022,1028,822]","[1681000,3017000,2951000,3026000,2330000]",1028,13005000
19,87,5,"[849,940,873,1034,1046]","[2303000,2782000,2514000,2903000,3102000]",1046,13604000
19,88,5,"[872,849,893,970,960]","[2385000,2493000,2615000,2727000,2821000]",970,13041000
19,89,5,"[718,865,1010,996,766]","[2043000,2537000,2959000,2916000,2211000]",1010,12666000
19,90,5,"[767,876,895,976,946]","[2178000,2562000,2625000,2753000,2801000]",976,12919000
19,91,5,"[776,850,1003,983,854]","[2282000,2493000,2857000,2866000,2401000]",1003,12899000
19,92,5,"[842,880,950,979,936]","[2311000,2558000,2767000,2761000,2763000]",979,13160000
19,93,5,"[889,857,890,1008,905]","[2451000,2485000,2607000,2784000,2637000]",1008,12964000
19,94,5,"[557,989,963,1040,800]","[1681000,2966000,2782000,3047000,2284000]",1040,12760000
19,95,5,"[925,845,891,971,933]","[2645000,2488000,2603000,2734000,2808000]",971,13278000
19,96,5,"[728,892,890,1042,886]","[2171000,2576000,2602000,2948000,2497000]",1042,12794000
19,97,5,"[871,863,885,980,982]","[2373000,2500000,2595000,2755000,2893000]",982,13116000
19,98,5,"[690,988,978,1017,844]","[1962000,2960000,2805000,2965000,2442000]",1017,13134000
19,99,5,"[807,845,940,1044,744]","[2304000,2423000,2702000,3018000,2133000]",1044,12580000
19,100,5,"[728,898,927,1047,820]","[2169000,2605000,2736000,2988000,2402000]",1047,12900000
19,101,5,"[844,879,896,980,973]","[2311000,2577000,2625000,2757000,2842000]",980,13112000
19,102,5,"[705,837,1046,1015,841]","[2034000,2454000,2967000,2988000,2410000]",1046,12853000
19,103,5,"[801,834,861,1080,945]","[2320000,2464000,2581000,3041000,2690000]",1080,13096000
19,104,5,"[748,971,955,1001,982]","[2142000,2800000,2830000,2857000,2765000]",1001,13394000
19,105,5,"[910,987,945,1001,972]","[2472000,2860000,2797000,2865000,2731000]",1001,13725000
19,106,5,"[645,838,1114,1063,872]","[1898000,2454000,3104000,2962000,2496000]",1114,12914000
19,107,5,"[745,923,941,1027,883]","[2150000,2693000,2767000,2981000,2486000]",1027,13077000
20,1,5,"[921,1031,947,1013,1026]","[2655000,3062000,2788000,2987000,2861000]",1031,14353000
20,2,5,"[837,1092,995,980,810]","[2402000,3254000,2825000,2896000,2365000]",1092,13742000
20,3,5,"[873,1037,1062,1039,896]","[2499000,3031000,3010000,3040000,2531000]",1062,14111000
20,4,5,"[914,1036,952,1013,929]","[2668000,3065000,2796000,3003000,2684000]",1036,14216000
20,5,5,"[748,1057,1064,1042,868]","[2164000,3124000,3037000,2983000,2529000]",1064,13837000
20,6,5,"[837,1090,1038,942,811]","[2405000,3249000,2943000,2805000,2367000]",1090,13769000
20,7,5,"[876,1032,948,1016,1031]","[2580000,3065000,2787000,2987000,2883000]",1032,14302000
20,8,5,"[914,1033,955,1020,927]","[2668000,3060000,2796000,3013000,2680000]",1033,14217000
20,9,5,"[879,1036,922,1040,1036]","[2587000,3095000,2705000,3072000,2888000]",1040,14347000
20,10,5,"[823,1064,914,1039,1026]","[2362000,3152000,2698000,3079000,2877000]",1064,14168000
20,11,5,"[845,1090,994,974,831]","[2417000,3244000,2804000,2881000,2430000]",1090,13776000
20,12,5,"[869,1029,1067,1035,902]","[2491000,3006000,3021000,3037000,2555000]",1067,14110000
20,13,5,"[845,1065,1010,1074,809]","[2421000,3167000,2856000,3118000,2362000]",1074,13924000
20,14,5,"[873,1030,919,1048,1031]","[2575000,3062000,2700000,3091000,2881000]",1048,14309000
20,15,5,"[978,1031,923,1026,994]","[2833000,3054000,2703000,3039000,2780000]",1031,14409000
20,16,5,"[827,1090,1085,943,849]","[2383000,3246000,3095000,2732000,2481000]",1090,13937000
20,17,5,"[872,1060,898,1061,1023]","[2572000,3138000,2625000,3130000,2865000]",1061,14330000
20,18,5,"[840,1065,1067,1037,888]","[2424000,3117000,3024000,3048000,2512000]",1067,14125000
20,19,5,"[871,1064,902,1035,1024]","[2564000,3152000,2639000,3072000,2867000]",1064,14294000
20,20,5,"[945,1060,922,1023,993]","[2741000,3130000,2701000,3033000,2778000]",1060,14383000
20,21,5,"[981,1020,930,1037,990]","[2855000,3030000,2713000,3076000,2766000]",1037,14440000
20,22,5,"[920,1070,923,1022,921]","[2671000,3164000,2692000,3023000,2670000]",1070,14220000
20,23,5,"[823,1073,1008,975,1196]","[2333000,3157000,2862000,2886000,3452000]",1196,14690000
20,24,5,"[974,1033,904,991,919]","[2820000,3067000,2638000,2923000,2629000]",1033,14077000
20,25,5,"[849,1094,1131,991,891]","[2409000,3263000,3222000,2843000,2543000]",1131,14280000
20,26,5,"[877,1072,928,1012,1032]","[2580000,3179000,2723000,2994000,2882000]",1072,14358000
20,27,5,"[1042,1076,987,955,1099]","[3134000,3184000,2815000,2787000,3092000]",1099,15012000
20,28,5,"[838,1090,1041,943,811]","[2443000,3249000,2955000,2807000,2369000]",1090,13823000
20,29,5,"[1022,1105,1044,1027,970]","[2866000,3302000,2990000,3040000,2774000]",1105,14972000
20,30,5,"[847,1125,1077,1023,888]","[2409000,3285000,3075000,3014000,2501000]",1125,14284000
20,31,5,"[764,1090,1105,947,816]","[2296000,3249000,3129000,2806000,2357000]",1105,13837000
20,32,5,"[930,1108,1031,1006,960]","[2720000,3305000,2908000,2997000,2806000]",1108,14736000
20,33,5,"[834,1095,1005,1032,953]","[2390000,3208000,2915000,3066000,2659000]",1095,14238000
20,34,5,"[829,1078,1143,1009,897]","[2348000,3166000,3196000,2953000,2537000]",1143,14200000
20,35,5,"[876,1070,898,1048,1031]","[2583000,3155000,2629000,3102000,2877000]",1070,14346000
20,36,5,"[905,1066,927,1057,1025]","[2617000,3170000,2682000,3138000,2867000]",1066,14474000
20,37,5,"[824,1068,1066,1036,900]","[2359000,3140000,3024000,3048000,2556000]",1068,14127000
20,38,5,"[901,1106,953,1020,1133]","[2622000,3287000,2756000,3005000,3208000]",1133,14878000
20,39,5,"[999,1084,942,1015,1013]","[2873000,3205000,2752000,2999000,2968000]",1084,14797000
20,40,5,"[798,1074,1106,1044,875]","[2260000,3143000,3146000,3075000,2436000]",1106,14060000
20,41,5,"[958,1059,964,1092,997]","[2772000,3132000,2801000,3147000,2783000]",1092,14635000
20,42,5,"[935,1068,946,1091,1033]","[2733000,3149000,2738000,3250000,2884000]",1091,14754000
20,43,5,"[881,1065,977,1033,1034]","[2615000,3158000,2841000,3044000,2894000]",1065,14552000
20,44,5,"[909,1033,828,1126,1002]","[2653000,3058000,2421000,3317000,2835000]",1126,14284000
20,45,5,"[907,1099,928,1012,841]","[2614000,3227000,2718000,3002000,2400000]",1099,13961000
20,46,5,"[874,1069,913,1048,1029]","[2579000,3153000,2657000,3096000,2873000]",1069,14358000
20,47,5,"[871,1079,1017,1013,1074]","[2581000,3169000,2894000,2999000,3022000]",1079,14665000
20,48,5,"[800,1100,1136,1037,812]","[2287000,3286000,3226000,2961000,2367000]",1136,14127000
20,49,5,"[982,1068,908,1035,921]","[2919000,3169000,2658000,3069000,2624000]",1068,14439000
20,50,5,"[826,1061,1076,1015,999]","[2349000,3108000,3094000,2993000,2770000]",1076,14314000
20,51,5,"[830,1093,1141,990,805]","[2382000,3250000,3237000,2886000,2351000]",1141,14106000
20,52,5,"[908,1072,1057,1017,1032]","[2683000,3179000,2979000,3001000,2882000]",1072,14724000
20,53,5,"[815,1067,964,1034,1023]","[2335000,3162000,2794000,3036000,2867000]",1067,14194000
20,54,5,"[881,1095,1006,983,843]","[2543000,3248000,2833000,2905000,2534000]",1095,14063000
20,55,5,"[880,1072,929,1044,996]","[2592000,3169000,2730000,3091000,2777000]",1072,14359000
20,56,5,"[841,1067,1106,1041,1031]","[2353000,3173000,3169000,3068000,2902000]",1106,14665000
20,57,5,"[870,1078,968,1062,996]","[2579000,3172000,2821000,3129000,2786000]",1078,14487000
20,58,5,"[840,1099,975,1092,912]","[2400000,3287000,2786000,3235000,2649000]",1099,14357000
20,59,5,"[941,1072,922,1055,903]","[2729000,3169000,2695000,3121000,2616000]",1072,14330000
20,60,5,"[870,1099,962,1054,1154]","[2535000,3221000,2752000,3125000,3253000]",1154,14886000
20,61,5,"[930,1076,935,1012,990]","[2668000,3190000,2739000,3004000,2767000]",1076,14368000
20,62,5,"[835,1069,1060,1048,886]","[2408000,3121000,2987000,3083000,2502000]",1069,14101000
20,63,5,"[880,1075,957,1139,1106]","[2529000,3170000,2771000,3253000,3334000]",1139,15057000
20,64,5,"[829,1098,1126,927,808]","[2435000,3267000,3205000,2727000,2354000]",1126,13988000
20,65,5,"[837,1132,1068,1029,928]","[2384000,3353000,3028000,3026000,2598000]",1132,14389000
20,66,5,"[798,1063,1018,1092,754]","[2259000,3107000,2892000,3199000,2193000]",1092,13650000
20,67,5,"[906,1075,951,1088,1008]","[2623000,3162000,2669000,3242000,2820000]",1088,14516000
20,68,5,"[914,1129,1064,1013,887]","[2608000,3442000,3019000,2888000,2591000]",1129,14548000
20,69,5,"[834,1092,1041,965,806]","[2400000,3251000,2979000,2784000,2354000]",1092,13768000
20,70,5,"[865,1076,1038,1057,945]","[2532000,3126000,2973000,3104000,2656000]",1076,14391000
20,71,5,"[853,1148,995,1065,1027]","[2432000,3367000,2801000,3099000,3128000]",1148,14827000
20,72,5,"[1139,1053,918,974,991]","[3379000,3064000,2685000,2899000,2813000]",1139,14840000
20,73,5,"[749,1055,1134,1020,867]","[2167000,3127000,3195000,2902000,2527000]",1134,13918000
20,74,5,"[857,1073,1073,1075,1015]","[2462000,3151000,3033000,3168000,2857000]",1075,14671000
20,75,5,"[962,1079,833,1143,1060]","[2802000,3204000,2429000,3356000,3084000]",1143,14875000
20,76,5,"[878,1065,943,1011,1023]","[2566000,3143000,2731000,2985000,2848000]",1065,14273000
20,77,5,"[974,1034,836,1091,1027]","[2823000,3070000,2444000,3237000,2863000]",1091,14437000
20,78,5,"[874,1069,896,1046,993]","[2579000,3150000,2625000,3105000,2796000]",1069,14255000
20,79,5,"[872,1065,948,1083,1025]","[2561000,3144000,2765000,3113000,2865000]",1083,14448000
20,80,5,"[922,1019,878,1084,1028]","[2680000,3013000,2557000,3213000,2869000]",1084,14332000
20,81,5,"[826,1090,992,974,795]","[2441000,3254000,2809000,2879000,2299000]",1090,13682000
20,82,5,"[998,1037,922,1026,1053]","[2827000,3100000,2706000,3035000,3009000]",1053,14677000
20,83,5,"[855,1114,987,1060,805]","[2459000,3300000,2778000,3073000,2354000]",1114,13964000
20,84,5,"[812,1033,1134,1003,902]","[2299000,3068000,3179000,2955000,2564000]",1134,14065000
20,85,5,"[933,1066,978,1014,1022]","[2719000,3158000,2841000,3019000,2863000]",1066,14600000
20,86,5,"[876,1072,975,1055,1001]","[2593000,3155000,2814000,3112000,2790000]",1072,14464000
20,87,5,"[815,1067,905,1034,1039]","[2359000,3162000,2648000,3061000,2948000]",1067,14178000
20,88,5,"[747,1055,1062,1030,857]","[2175000,3124000,3022000,2965000,2509000]",1062,13795000
20,89,5,"[988,1084,1016,1096,1014]","[2826000,3268000,2878000,3252000,2850000]",1096,15074000
20,90,5,"[917,1026,948,1057,1000]","[2650000,3045000,2781000,3105000,2770000]",1057,14351000
20,91,5,"[871,1069,997,973,819]","[2504000,3208000,2817000,2887000,2409000]",1069,13825000
20,92,5,"[884,1033,1070,1039,846]","[2535000,3026000,3045000,3052000,2403000]",1070,14061000
20,93,5,"[915,1034,946,1000,999]","[2670000,3075000,2776000,2943000,2867000]",1034,14331000
20,94,5,"[746,1068,1070,1044,873]","[2168000,3154000,3052000,2981000,2549000]",1070,13904000
20,95,5,"[837,1092,1003,945,845]","[2406000,3251000,2828000,2800000,2469000]",1092,13754000
20,96,5,"[873,999,952,1018,1030]","[2558000,2979000,2786000,3000000,2875000]",1030,14198000
20,97,5,"[918,1037,947,1023,931]","[2674000,3072000,2773000,3015000,2695000]",1037,14229000
20,98,5,"[875,1034,932,1036,912]","[2600000,3075000,2735000,3068000,2638000]",1036,14116000
20,99,5,"[826,1136,857,1036,1027]","[2377000,3365000,2521000,3078000,2888000]",1136,14229000
20,100,5,"[842,1094,999,978,815]","[2413000,3262000,2826000,2891000,2398000]",1094,13790000
20,101,5,"[867,1021,1065,998,931]","[2491000,2984000,3014000,2954000,2643000]",1065,14086000
20,102,5,"[847,1065,1020,1066,803]","[2437000,3176000,2875000,3091000,2359000]",1066,13938000
20,103,5,"[875,1024,932,1041,1028]","[2570000,3038000,2731000,3085000,2879000]",1041,14303000
20,104,5,"[974,1033,922,1025,999]","[2829000,3043000,2708000,3037000,2793000]",1033,14410000
20,105,5,"[856,1099,1057,937,843]","[2455000,3285000,3023000,2720000,2455000]",1099,13938000
20,106,5,"[927,1063,911,1056,1019]","[2691000,3153000,2631000,3130000,2848000]",1063,14453000
20,107,5,"[861,1073,1065,1033,844]","[2466000,3142000,3016000,3036000,2395000]",1073,14055000
20,108,5,"[921,1064,902,1035,986]","[2700000,3152000,2639000,3075000,2746000]",1064,14312000
20,109,5,"[932,1067,922,1023,997]","[2709000,3153000,2708000,3030000,2789000]",1067,14389000
21,1,5,"[968,1011,922,915,648]","[2752000,3070000,2686000,2665000,1934000]",1011,13107000
21,2,5,"[985,985,982,973,781]","[2797000,2972000,2852000,2824000,2327000]",985,13772000
21,3,5,"[715,1080,975,868,705]","[2022000,3300000,2831000,2534000,2108000]",1080,12795000
21,4,5,"[843,1060,939,880,672]","[2441000,3257000,2681000,2561000,2007000]",1060,12947000
21,5,5,"[721,1078,969,869,703]","[2036000,3300000,2816000,2539000,2111000]",1078,12802000
21,6,5,"[986,986,970,863,724]","[2794000,2972000,2824000,2526000,2146000]",986,13262000
21,7,5,"[843,1006,1022,863,671]","[2448000,3065000,2941000,2493000,2004000]",1022,12951000
21,8,5,"[986,986,970,915,724]","[2794000,2972000,2824000,2660000,2146000]",986,13396000
21,9,5,"[992,984,964,914,724]","[2812000,2967000,2800000,2655000,2146000]",992,13380000
21,10,5,"[843,1060,977,857,672]","[2443000,3244000,2781000,2484000,2016000]",1060,12968000
21,11,5,"[782,1079,995,879,672]","[2230000,3269000,2857000,2559000,2003000]",1079,12918000
21,12,5,"[965,1013,921,922,639]","[2745000,3070000,2691000,2689000,1913000]",1013,13108000
21,13,5,"[971,1011,935,915,648]","[2758000,3070000,2700000,2665000,1934000]",1011,13127000
21,14,5,"[777,1082,994,865,653]","[2223000,3283000,2868000,2540000,1960000]",1082,12874000
21,15,5,"[958,1053,928,883,638]","[2732000,3205000,2669000,2552000,1913000]",1053,13071000
21,16,5,"[959,1052,872,921,650]","[2732000,3203000,2518000,2687000,1945000]",1052,13085000
21,17,5,"[780,1090,984,885,669]","[2221000,3299000,2824000,2579000,1992000]",1090,12915000
21,18,5,"[988,988,960,926,724]","[2797000,2978000,2796000,2724000,2142000]",988,13437000
21,19,5,"[959,1052,931,884,649]","[2732000,3203000,2669000,2565000,1940000]",1052,13109000
21,20,5,"[969,1016,921,912,648]","[2754000,3080000,2681000,2661000,1934000]",1016,13110000
21,21,5,"[775,1156,990,885,673]","[2221000,3431000,2830000,2581000,1998000]",1156,13061000
21,22,5,"[912,1095,933,912,687]","[2565000,3318000,2711000,2672000,2046000]",1095,13312000
21,23,5,"[934,1144,1005,930,789]","[2630000,3379000,2889000,2702000,2343000]",1144,13943000
21,24,5,"[909,1090,986,887,642]","[2556000,3299000,2832000,2584000,1928000]",1090,13199000
21,25,5,"[1048,1092,930,921,701]","[2913000,3314000,2674000,2682000,2070000]",1092,13653000
21,26,5,"[908,1093,923,912,649]","[2557000,3308000,2674000,2650000,1936000]",1093,13125000
21,27,5,"[987,987,1038,930,722]","[2811000,2977000,2956000,2691000,2150000]",1038,13585000
21,28,5,"[1001,1049,930,911,692]","[2836000,3243000,2664000,2652000,2083000]",1049,13478000
21,29,5,"[783,1094,958,886,762]","[2233000,3297000,2755000,2567000,2234000]",1094,13086000
21,30,5,"[784,1092,965,942,689]","[2236000,3309000,2795000,2667000,2044000]",1092,13051000
21,31,5,"[831,1053,927,882,673]","[2412000,3208000,2663000,2560000,2009000]",1053,12852000
21,32,5,"[773,1101,986,841,694]","[2219000,3320000,2839000,2444000,2078000]",1101,12900000
21,33,5,"[903,1102,993,883,760]","[2545000,3334000,2854000,2560000,2259000]",1102,13552000
21,34,5,"[901,1096,967,915,655]","[2543000,3254000,2818000,2660000,1951000]",1096,13226000
21,35,5,"[1024,1103,890,946,691]","[2903000,3307000,2551000,2750000,2093000]",1103,13604000
21,36,5,"[971,1009,915,927,654]","[2748000,3065000,2652000,2705000,1944000]",1009,13114000
21,37,5,"[1006,1104,901,947,692]","[2831000,3309000,2598000,2752000,2093000]",1104,13583000
21,38,5,"[776,1100,990,885,665]","[2230000,3320000,2836000,2571000,1984000]",1100,12941000
21,39,5,"[907,1122,968,924,656]","[2561000,3364000,2757000,2691000,1946000]",1122,13319000
21,40,5,"[1003,1108,939,933,684]","[2827000,3321000,2689000,2681000,2082000]",1108,13600000
21,41,5,"[999,1108,933,862,689]","[2824000,3319000,2680000,2510000,2063000]",1108,13396000
21,42,5,"[832,1055,964,854,675]","[2412000,3210000,2766000,2479000,2025000]",1055,12892000
21,43,5,"[965,1056,967,862,664]","[2745000,3222000,2786000,2484000,1990000]",1056,13227000
21,44,5,"[900,1125,1030,886,649]","[2537000,3338000,2960000,2578000,1940000]",1125,13353000
21,45,5,"[906,1114,911,950,702]","[2580000,3321000,2634000,2759000,2086000]",1114,13380000
21,46,5,"[995,987,971,918,717]","[2813000,2972000,2817000,2658000,2064000]",995,13324000
21,47,5,"[907,1153,971,845,691]","[2555000,3426000,2800000,2460000,2063000]",1153,13304000
21,48,5,"[939,1153,987,882,725]","[2636000,3416000,2840000,2571000,2148000]",1153,13611000
21,49,5,"[784,1081,997,844,698]","[2239000,3273000,2865000,2448000,2095000]",1081,12920000
21,50,5,"[847,1006,982,886,669]","[2465000,3055000,2828000,2576000,1998000]",1006,12922000
21,51,5,"[1002,1111,921,950,722]","[2842000,3321000,2665000,2742000,2187000]",1111,13757000
21,52,5,"[915,1096,992,870,657]","[2562000,3310000,2849000,2558000,1972000]",1096,13251000
21,53,5,"[900,1181,931,1026,643]","[2535000,3482000,2671000,2956000,1921000]",1181,13565000
21,54,5,"[941,1167,985,903,723]","[2640000,3455000,2846000,2613000,2144000]",1167,13698000
21,55,5,"[1001,1106,900,1008,740]","[2827000,3322000,2579000,2970000,2206000]",1106,13904000
21,56,5,"[966,1056,935,889,652]","[2760000,3218000,2677000,2565000,1939000]",1056,13159000
21,57,5,"[888,1090,984,885,669]","[2499000,3297000,2824000,2579000,1992000]",1090,13191000
21,58,5,"[902,1107,932,1028,650]","[2555000,3313000,2675000,3049000,1945000]",1107,13537000
21,59,5,"[776,1134,989,868,659]","[2223000,3393000,2848000,2542000,1990000]",1134,12996000
21,60,5,"[778,1106,969,841,765]","[2214000,3313000,2784000,2443000,2238000]",1106,12992000
21,61,5,"[995,1106,969,835,688]","[2821000,3322000,2774000,2427000,2066000]",1106,13410000
21,62,5,"[769,1079,1008,886,640]","[2209000,3271000,2892000,2565000,1922000]",1079,12859000
21,63,5,"[904,1099,1002,889,651]","[2547000,3332000,2858000,2575000,1945000]",1099,13257000
21,64,5,"[1000,1109,968,902,687]","[2825000,3322000,2770000,2592000,2034000]",1109,13543000
21,65,5,"[966,1052,945,888,649]","[2749000,3203000,2721000,2570000,1940000]",1052,13183000
21,66,5,"[911,1101,985,890,651]","[2553000,3317000,2826000,2578000,1942000]",1101,13216000
21,67,5,"[772,1096,985,863,655]","[2213000,3314000,2833000,2524000,1956000]",1096,12840000
21,68,5,"[905,1102,983,884,651]","[2549000,3335000,2823000,2566000,1945000]",1102,13218000
21,69,5,"[767,1139,1067,880,671]","[2209000,3351000,3068000,2555000,2008000]",1139,13191000
21,70,5,"[781,1082,994,858,643]","[2231000,3283000,2861000,2516000,1901000]",1082,12792000
21,71,5,"[999,1113,901,934,698]","[2841000,3300000,2625000,2696000,2111000]",1113,13573000
21,72,5,"[900,1081,995,880,644]","[2546000,3278000,2860000,2550000,1936000]",1081,13170000
21,73,5,"[950,1005,983,887,671]","[2704000,3055000,2830000,2578000,2000000]",1005,13167000
21,74,5,"[813,1086,996,883,669]","[2312000,3291000,2868000,2579000,1992000]",1086,13042000
21,75,5,"[964,1011,973,946,654]","[2748000,3068000,2772000,2734000,1955000]",1011,13277000
21,76,5,"[978,984,987,967,781]","[2784000,2961000,2859000,2814000,2327000]",987,13745000
21,77,5,"[743,1078,922,869,705]","[2101000,3300000,2698000,2539000,2104000]",1078,12742000
21,78,5,"[843,1051,984,863,671]","[2444000,3212000,2796000,2500000,2004000]",1051,12956000
21,79,5,"[746,1080,918,869,702]","[2113000,3302000,2690000,2539000,2103000]",1080,12747000
21,80,5,"[845,986,974,862,716]","[2526000,2957000,2825000,2521000,2138000]",986,12967000
21,81,5,"[832,1009,1025,854,653]","[2412000,3070000,2934000,2467000,1951000]",1025,12834000
21,82,5,"[845,986,974,914,716]","[2526000,2957000,2825000,2655000,2138000]",986,13101000
21,83,5,"[990,949,964,914,782]","[2808000,2855000,2800000,2655000,2304000]",990,13422000
21,84,5,"[849,1058,979,861,669]","[2460000,3238000,2808000,2489000,1999000]",1058,12994000
21,85,5,"[777,1080,975,893,672]","[2225000,3269000,2833000,2587000,1996000]",1080,12910000
21,86,5,"[1031,1012,927,928,643]","[2878000,3070000,2702000,2698000,1928000]",1031,13276000
21,87,5,"[967,1006,933,917,662]","[2772000,3060000,2688000,2647000,1983000]",1006,13150000
21,88,5,"[808,1061,984,872,655]","[2298000,3241000,2830000,2549000,1970000]",1061,12888000
21,89,5,"[960,1054,876,882,639]","[2738000,3209000,2550000,2554000,1913000]",1054,12964000
21,90,5,"[961,1058,871,914,650]","[2732000,3215000,2513000,2677000,1945000]",1058,13082000
21,91,5,"[809,1086,930,885,673]","[2305000,3287000,2692000,2583000,2003000]",1086,12870000
21,92,5,"[993,926,967,924,725]","[2813000,2838000,2820000,2720000,2150000]",993,13341000
21,93,5,"[962,1052,929,917,689]","[2730000,3203000,2664000,2635000,2030000]",1052,13262000
21,94,5,"[969,978,963,910,648]","[2750000,2962000,2803000,2648000,1934000]",978,13097000
22,1,5,"[553,941,867,906,677]","[1631000,2731000,2477000,2588000,1947000]",941,11374000
22,2,5,"[589,921,899,895,873]","[1691000,2590000,2550000,2624000,2545000]",921,12000000
22,3,5,"[602,933,898,907,716]","[1732000,2654000,2551000,2642000,2091000]",933,11670000
22,4,5,"[778,902,830,857,829]","[2163000,2650000,2360000,2444000,2404000]",902,12021000
22,5,5,"[555,924,905,907,879]","[1635000,2626000,2577000,2602000,2505000]",924,11945000
22,6,5,"[662,931,842,805,896]","[1867000,2744000,2403000,2319000,2557000]",931,11890000
22,7,5,"[705,904,881,902,883]","[1996000,2602000,2502000,2626000,2560000]",904,12286000
22,8,5,"[775,917,862,845,782]","[2174000,2719000,2458000,2431000,2256000]",917,12038000
22,9,5,"[596,927,851,838,915]","[1751000,2704000,2429000,2431000,2660000]",927,11975000
22,10,5,"[584,947,863,904,829]","[1718000,2743000,2463000,2586000,2322000]",947,11832000
22,11,5,"[651,942,831,856,834]","[1857000,2773000,2379000,2463000,2442000]",942,11914000
22,12,5,"[692,932,788,856,875]","[1956000,2749000,2263000,2452000,2519000]",932,11939000
22,13,5,"[594,948,827,905,675]","[1725000,2755000,2372000,2599000,1944000]",948,11395000
22,14,5,"[592,926,891,890,892]","[1697000,2594000,2522000,2595000,2587000]",926,11995000
22,15,5,"[727,899,909,906,816]","[2028000,2656000,2554000,2552000,2385000]",909,12175000
22,16,5,"[653,934,828,856,875]","[1850000,2759000,2371000,2456000,2522000]",934,11958000
22,17,5,"[656,931,829,855,894]","[1871000,2740000,2366000,2445000,2557000]",931,11979000
22,18,5,"[561,994,805,839,840]","[1627000,2835000,2277000,2423000,2412000]",994,11574000
22,19,5,"[776,918,842,865,780]","[2169000,2723000,2399000,2499000,2254000]",918,12044000
22,20,5,"[583,928,862,847,917]","[1716000,2706000,2455000,2441000,2661000]",928,11979000
22,21,5,"[560,992,816,837,884]","[1621000,2832000,2322000,2411000,2596000]",992,11782000
22,22,5,"[670,922,956,1018,943]","[1901000,2588000,2670000,2900000,2807000]",1018,12866000
22,23,5,"[553,941,902,891,863]","[1619000,2743000,2545000,2583000,2486000]",941,11976000
22,24,5,"[551,906,923,896,672]","[1605000,2625000,2641000,2572000,1947000]",923,11390000
22,25,5,"[717,896,845,901,814]","[2016000,2638000,2419000,2546000,2375000]",901,11994000
22,26,5,"[672,869,1011,887,870]","[1899000,2540000,2845000,2542000,2501000]",1011,12327000
22,27,5,"[692,1002,872,893,870]","[1978000,2899000,2476000,2578000,2520000]",1002,12451000
22,28,5,"[684,873,1003,912,814]","[1905000,2558000,2806000,2567000,2399000]",1003,12235000
22,29,5,"[584,993,891,887,690]","[1709000,2860000,2527000,2551000,1995000]",993,11642000
22,30,5,"[650,933,931,899,891]","[1846000,2638000,2661000,2569000,2553000]",933,12267000
22,31,5,"[583,995,871,855,906]","[1716000,2866000,2472000,2495000,2648000]",995,12197000
22,32,5,"[661,898,886,854,873]","[1880000,2645000,2520000,2440000,2515000]",898,12000000
22,33,5,"[774,916,878,898,809]","[2169000,2715000,2490000,2599000,2297000]",916,12270000
22,34,5,"[690,996,878,916,901]","[2014000,2783000,2471000,2626000,2615000]",996,12509000
22,35,5,"[687,904,888,981,967]","[1981000,2608000,2504000,2796000,2782000]",981,12671000
22,36,5,"[679,882,958,908,808]","[1903000,2600000,2699000,2587000,2359000]",958,12148000
22,37,5,"[1077,1031,963,937,673]","[3297000,3037000,2702000,2699000,1907000]",1077,13642000
22,38,5,"[550,932,914,890,1003]","[1616000,2650000,2627000,2560000,3026000]",1003,12479000
22,39,5,"[792,894,839,857,829]","[2198000,2621000,2386000,2442000,2421000]",894,12068000
22,40,5,"[668,964,893,895,864]","[2007000,2802000,2528000,2615000,2483000]",964,12435000
22,41,5,"[777,919,894,842,786]","[2184000,2723000,2530000,2435000,2256000]",919,12128000
22,42,5,"[558,945,892,829,869]","[1616000,2691000,2531000,2399000,2507000]",945,11744000
22,43,5,"[656,906,905,894,882]","[1868000,2586000,2573000,2556000,2520000]",906,12103000
22,44,5,"[653,939,839,855,631]","[1840000,2758000,2422000,2443000,1806000]",939,11269000
22,45,5,"[656,965,906,909,875]","[1844000,2809000,2582000,2649000,2539000]",965,12423000
22,46,5,"[756,915,916,924,812]","[2111000,2610000,2626000,2579000,2363000]",924,12289000
22,47,5,"[551,904,923,921,672]","[1605000,2621000,2641000,2601000,1947000]",923,11415000
22,48,5,"[593,948,950,904,813]","[1716000,2705000,2651000,2555000,2369000]",950,11996000
22,49,5,"[659,899,897,896,784]","[1870000,2619000,2545000,2565000,2184000]",899,11783000
22,50,5,"[684,916,1004,911,815]","[1909000,2656000,2814000,2562000,2404000]",1004,12345000
22,51,5,"[652,937,837,853,871]","[1850000,2755000,2390000,2427000,2516000]",937,11938000
22,52,5,"[808,943,838,859,788]","[2242000,2778000,2401000,2446000,2302000]",943,12169000
22,53,5,"[587,938,928,918,871]","[1670000,2644000,2649000,2642000,2494000]",938,12099000
22,54,5,"[548,894,922,895,687]","[1609000,2604000,2636000,2567000,1977000]",922,11393000
22,55,5,"[680,885,973,937,813]","[1907000,2576000,2730000,2648000,2386000]",973,12247000
22,56,5,"[637,923,908,895,882]","[1770000,2686000,2588000,2554000,2530000]",923,12128000
22,57,5,"[538,948,869,882,874]","[1570000,2748000,2452000,2559000,2508000]",948,11837000
22,58,5,"[600,1057,860,890,866]","[1749000,2962000,2440000,2579000,2500000]",1057,12230000
22,59,5,"[660,936,836,852,885]","[1861000,2766000,2407000,2431000,2546000]",936,12011000
22,60,5,"[558,999,805,860,839]","[1627000,2851000,2277000,2493000,2402000]",999,11650000
22,61,5,"[556,999,805,839,839]","[1623000,2858000,2277000,2423000,2407000]",999,11588000
22,62,5,"[637,932,848,872,954]","[1808000,2642000,2414000,2485000,2793000]",954,12142000
22,63,5,"[898,896,883,901,841]","[2568000,2630000,2502000,2624000,2421000]",901,12745000
22,64,5,"[586,979,865,1083,1012]","[1734000,2850000,2469000,3150000,2938000]",1083,13141000
22,65,5,"[1016,957,906,869,830]","[3246000,2731000,2573000,2507000,2490000]",1016,13547000
22,66,5,"[671,926,874,804,903]","[1892000,2634000,2494000,2316000,2571000]",926,11907000
22,67,5,"[654,941,829,857,900]","[1850000,2779000,2381000,2450000,2577000]",941,12037000
22,68,5,"[593,928,889,862,895]","[1696000,2650000,2527000,2507000,2601000]",928,11981000
22,69,5,"[777,941,896,859,596]","[2184000,2817000,2540000,2441000,1703000]",941,11685000
22,70,5,"[553,943,877,904,677]","[1631000,2731000,2491000,2585000,1947000]",943,11385000
22,71,5,"[575,923,913,898,873]","[1637000,2594000,2578000,2630000,2545000]",923,11984000
22,72,5,"[604,848,902,904,718]","[1757000,2497000,2566000,2639000,2097000]",904,11556000
22,73,5,"[782,908,808,853,857]","[2171000,2671000,2295000,2434000,2486000]",908,12057000
22,74,5,"[554,890,907,919,880]","[1622000,2536000,2599000,2642000,2510000]",919,11909000
22,75,5,"[653,935,798,802,967]","[1848000,2752000,2271000,2315000,2750000]",967,11936000
22,76,5,"[747,906,880,901,845]","[2119000,2606000,2500000,2624000,2443000]",906,12292000
22,77,5,"[749,920,860,841,784]","[2118000,2727000,2455000,2431000,2259000]",920,11990000
22,78,5,"[596,927,853,807,971]","[1751000,2704000,2438000,2317000,2811000]",971,12021000
22,79,5,"[583,951,852,906,834]","[1713000,2747000,2429000,2601000,2333000]",951,11823000
22,80,5,"[581,941,834,851,834]","[1704000,2768000,2397000,2450000,2440000]",941,11759000
22,81,5,"[692,913,781,872,872]","[1960000,2689000,2240000,2494000,2515000]",913,11898000
22,82,5,"[585,950,829,816,733]","[1717000,2760000,2372000,2369000,2092000]",950,11310000
22,83,5,"[585,932,894,890,892]","[1698000,2592000,2537000,2602000,2588000]",932,12017000
22,84,5,"[722,905,904,904,817]","[2020000,2666000,2552000,2542000,2393000]",905,12173000
22,85,5,"[654,936,833,860,872]","[1850000,2766000,2385000,2464000,2507000]",936,11972000
22,86,5,"[719,933,830,859,853]","[2040000,2744000,2364000,2450000,2416000]",933,12014000
22,87,5,"[557,992,804,840,839]","[1616000,2832000,2282000,2428000,2411000]",992,11569000
22,88,5,"[781,917,833,861,784]","[2185000,2715000,2366000,2490000,2263000]",917,12019000
22,89,5,"[620,930,825,845,915]","[1806000,2710000,2360000,2443000,2664000]",930,11983000
23,1,5,"[741,938,939,940,942]","[2097000,2742000,2721000,2821000,2788000]",942,13169000
23,2,5,"[698,927,949,847,963]","[2023000,2694000,2730000,2536000,2847000]",963,12830000
23,3,5,"[691,938,932,958,961]","[2104000,2594000,2724000,2892000,2828000]",961,13142000
23,4,5,"[580,933,917,920,971]","[1660000,2605000,2674000,2780000,2868000]",971,12587000
23,5,5,"[695,892,918,879,969]","[2086000,2528000,2694000,2581000,2874000]",969,12763000
23,6,5,"[759,874,892,917,980]","[2283000,2532000,2554000,2716000,2916000]",980,13001000
23,7,5,"[823,897,943,846,968]","[2377000,2544000,2766000,2516000,2861000]",968,13064000
23,8,5,"[700,938,896,992,948]","[2010000,2618000,2597000,2944000,2789000]",992,12958000
23,9,5,"[746,940,937,948,951]","[2123000,2749000,2717000,2826000,2803000]",951,13218000
23,10,5,"[923,858,926,843,964]","[2629000,2465000,2658000,2474000,2847000]",964,13073000
23,11,5,"[804,933,920,925,942]","[2358000,2607000,2680000,2790000,2808000]",942,13243000
23,12,5,"[630,889,1027,963,954]","[1848000,2594000,2957000,2783000,2818000]",1027,13000000
23,13,5,"[798,934,918,866,965]","[2337000,2605000,2676000,2610000,2859000]",965,13087000
23,14,5,"[742,904,936,963,960]","[2237000,2570000,2711000,2897000,2809000]",963,13224000
23,15,5,"[922,857,886,930,955]","[2624000,2472000,2577000,2783000,2823000]",955,13279000
23,16,5,"[611,927,946,1028,921]","[1781000,2700000,2744000,3035000,2730000]",1028,12990000
23,17,5,"[910,929,923,947,945]","[2562000,2722000,2712000,2738000,2800000]",947,13534000
23,18,5,"[806,861,944,964,903]","[2402000,2426000,2777000,2927000,2670000]",964,13202000
23,19,5,"[637,889,957,1026,956]","[1853000,2580000,2790000,3025000,2821000]",1026,13069000
23,20,5,"[612,919,946,1030,955]","[1785000,2676000,2740000,3025000,2812000]",1030,13038000
23,21,5,"[1030,898,944,838,986]","[3217000,2538000,2756000,2490000,2956000]",1030,13957000
23,22,5,"[844,938,934,946,928]","[2433000,2745000,2711000,2827000,2767000]",946,13483000
23,23,5,"[513,988,909,1050,921]","[1504000,2722000,2659000,3082000,2757000]",1050,12724000
23,24,5,"[924,858,935,782,969]","[2624000,2466000,2676000,2306000,2855000]",969,12927000
23,25,5,"[724,940,938,933,985]","[2162000,2755000,2719000,2818000,2879000]",985,13333000
23,26,5,"[696,850,978,1031,955]","[1979000,2444000,2780000,3033000,2814000]",1031,13050000
23,27,5,"[793,939,914,862,969]","[2320000,2627000,2668000,2605000,2864000]",969,13084000
23,28,5,"[930,888,921,1002,1024]","[2876000,2515000,2699000,3046000,3001000]",1024,14137000
23,29,5,"[767,924,944,917,950]","[2174000,2694000,2722000,2751000,2781000]",950,13122000
23,30,5,"[623,876,1033,974,990]","[1814000,2557000,3002000,2878000,2908000]",1033,13159000
23,31,5,"[869,854,854,1029,927]","[2477000,2470000,2473000,3028000,2761000]",1029,13209000
23,32,5,"[945,959,938,938,947]","[2641000,2784000,2752000,2651000,2799000]",959,13627000
23,33,5,"[641,936,923,1056,965]","[1826000,2613000,2676000,3082000,2854000]",1056,13051000
23,34,5,"[804,1017,924,863,969]","[2336000,2827000,2702000,2616000,2876000]",1017,13357000
23,35,5,"[802,936,897,1053,959]","[2339000,2610000,2586000,3027000,2834000]",1053,13396000
23,36,5,"[799,936,959,935,951]","[2359000,2654000,2814000,2816000,2850000]",959,13493000
23,37,5,"[766,979,925,866,1010]","[2228000,2760000,2711000,2622000,2935000]",1010,13256000
23,38,5,"[607,917,946,1029,955]","[1775000,2672000,2740000,3030000,2816000]",1029,13033000
23,39,5,"[780,893,947,965,954]","[2250000,2535000,2775000,2859000,2790000]",965,13209000
23,40,5,"[720,876,879,1033,914]","[2171000,2531000,2529000,3014000,2731000]",1033,12976000
23,41,5,"[751,931,961,979,971]","[2279000,2674000,2696000,2919000,2830000]",979,13398000
23,42,5,"[736,985,901,950,972]","[2207000,2789000,2669000,2884000,2872000]",985,13421000
23,43,5,"[767,1058,885,923,980]","[2284000,3064000,2544000,2736000,2914000]",1058,13542000
23,44,5,"[792,985,949,870,969]","[2253000,2789000,2773000,2614000,2880000]",985,13309000
23,45,5,"[689,986,936,962,954]","[2100000,2725000,2744000,2897000,2800000]",986,13266000
23,46,5,"[920,849,928,846,967]","[2617000,2453000,2678000,2501000,2857000]",967,13106000
23,47,5,"[677,1223,1031,968,965]","[1969000,3479000,2966000,2796000,2833000]",1223,14043000
23,48,5,"[658,892,1032,856,1052]","[1910000,2573000,3003000,2474000,3095000]",1052,13055000
23,49,5,"[857,926,966,1067,968]","[2527000,2767000,2764000,3272000,2878000]",1067,14208000
23,50,5,"[801,939,921,903,970]","[2349000,2621000,2680000,2628000,2872000]",970,13150000
23,51,5,"[728,955,917,893,971]","[2185000,2681000,2692000,2608000,2878000]",971,13044000
23,52,5,"[728,892,948,1034,917]","[2081000,2516000,2750000,3033000,2734000]",1034,13114000
23,53,5,"[928,887,995,831,986]","[2857000,2592000,2874000,2455000,2958000]",995,13736000
23,54,5,"[661,996,906,1036,968]","[1970000,2791000,2653000,3037000,2847000]",1036,13298000
23,55,5,"[724,987,908,998,961]","[2147000,2782000,2685000,3021000,2839000]",998,13474000
23,56,5,"[963,947,948,952,985]","[2702000,2751000,2784000,2766000,2924000]",985,13927000
23,57,5,"[705,845,1036,843,963]","[2109000,2454000,2944000,2513000,2855000]",1036,12875000
23,58,5,"[650,923,919,920,969]","[1891000,2695000,2678000,2780000,2858000]",969,12902000
23,59,5,"[749,855,1011,963,950]","[2230000,2507000,2895000,2784000,2788000]",1011,13204000
23,60,5,"[831,996,959,1025,1012]","[2403000,2850000,2788000,3011000,2988000]",1025,14040000
23,61,5,"[700,954,885,1024,920]","[2133000,2718000,2582000,3019000,2739000]",1024,13191000
23,62,5,"[771,994,931,922,1039]","[2374000,2834000,2702000,2786000,3075000]",1039,13771000
23,63,5,"[829,900,938,959,976]","[2421000,2558000,2703000,2847000,2876000]",976,13405000
23,64,5,"[741,840,948,1054,960]","[2130000,2445000,2777000,3079000,2829000]",1054,13260000
23,65,5,"[739,917,940,1021,955]","[2231000,2591000,2727000,3019000,2805000]",1021,13373000
23,66,5,"[838,931,917,922,986]","[2498000,2601000,2674000,2784000,2909000]",986,13466000
23,67,5,"[923,856,885,928,953]","[2629000,2470000,2582000,2788000,2830000]",953,13299000
23,68,5,"[644,948,1043,998,940]","[1876000,2754000,2950000,2887000,2774000]",1043,13241000
23,69,5,"[725,982,902,844,1021]","[2152000,2766000,2664000,2496000,2958000]",1021,13036000
23,70,5,"[1083,859,878,1007,1040]","[3146000,2476000,2562000,3089000,3125000]",1083,14398000
23,71,5,"[953,952,941,929,952]","[2662000,2764000,2760000,2676000,2819000]",953,13681000
23,72,5,"[571,980,909,927,967]","[1653000,2695000,2667000,2790000,2856000]",980,12661000
23,73,5,"[838,938,991,930,944]","[2408000,2755000,2860000,2817000,2821000]",991,13661000
23,74,5,"[744,893,910,997,983]","[2242000,2536000,2666000,2954000,2836000]",997,13234000
23,75,5,"[695,892,996,874,971]","[2089000,2525000,2850000,2556000,2887000]",996,12907000
23,76,5,"[947,952,938,851,1106]","[2647000,2767000,2742000,2573000,3268000]",1106,13997000
23,77,5,"[747,924,948,845,981]","[2159000,2684000,2726000,2527000,2888000]",981,12984000
23,78,5,"[608,919,949,850,942]","[1774000,2684000,2759000,2534000,2771000]",949,12522000
23,79,5,"[921,935,938,848,1089]","[2687000,2736000,2717000,2656000,3253000]",1089,14049000
23,80,5,"[800,936,920,952,950]","[2337000,2611000,2679000,2906000,2788000]",952,13321000
23,81,5,"[739,913,884,945,1002]","[2231000,2608000,2569000,2806000,2890000]",1002,13104000
23,82,5,"[967,951,943,946,960]","[2696000,2767000,2764000,2699000,2835000]",967,13761000
23,83,5,"[611,924,946,1047,921]","[1781000,2695000,2744000,3069000,2730000]",1047,13019000
23,84,5,"[662,894,1009,1023,923]","[1930000,2531000,2941000,3021000,2735000]",1023,13158000
23,85,5,"[728,987,918,923,969]","[2146000,2778000,2703000,2790000,2850000]",987,13267000
23,86,5,"[823,898,944,838,980]","[2594000,2545000,2762000,2490000,2938000]",980,13329000
23,87,5,"[787,912,910,1028,953]","[2324000,2612000,2638000,3022000,2812000]",1028,13408000
23,88,5,"[820,897,980,847,961]","[2375000,2534000,2836000,2512000,2847000]",980,13104000
23,89,5,"[973,944,995,845,978]","[2800000,2747000,2874000,2529000,2898000]",995,13848000
23,90,5,"[740,942,941,802,955]","[2103000,2739000,2721000,2387000,2821000]",955,12771000
23,91,5,"[815,905,925,931,956]","[2368000,2569000,2682000,2790000,2827000]",956,13236000
23,92,5,"[721,980,902,994,976]","[2132000,2764000,2660000,3030000,2890000]",994,13476000
23,93,5,"[726,1043,997,834,965]","[2229000,2992000,2825000,2463000,2853000]",1043,13362000
23,94,5,"[656,901,902,983,978]","[1896000,2564000,2660000,2935000,2868000]",983,12923000
23,95,5,"[613,845,1034,875,963]","[1781000,2456000,3019000,2597000,2839000]",1034,12692000
23,96,5,"[698,904,915,928,969]","[1994000,2571000,2670000,2802000,2850000]",969,12887000
23,97,5,"[896,939,897,984,1012]","[2709000,2628000,2597000,2920000,3034000]",1012,13888000
23,98,5,"[677,931,898,989,955]","[1952000,2603000,2602000,2931000,2793000]",989,12881000
23,99,5,"[790,948,996,931,977]","[2356000,2708000,2892000,2828000,2870000]",996,13654000
23,100,5,"[735,934,939,942,942]","[2089000,2738000,2723000,2828000,2788000]",942,13166000
23,101,5,"[695,924,944,788,966]","[2014000,2688000,2722000,2401000,2867000]",966,12692000
23,102,5,"[692,778,930,962,957]","[2134000,2274000,2724000,2897000,2810000]",962,12839000
23,103,5,"[580,926,946,923,969]","[1660000,2573000,2750000,2785000,2858000]",969,12626000
23,104,5,"[707,891,906,872,974]","[2123000,2526000,2664000,2561000,2880000]",974,12754000
23,105,5,"[758,871,939,900,975]","[2284000,2519000,2682000,2652000,2903000]",975,13040000
23,106,5,"[821,896,919,860,970]","[2377000,2525000,2699000,2544000,2876000]",970,13021000
23,107,5,"[710,934,899,991,953]","[2041000,2607000,2599000,2945000,2805000]",991,12997000
23,108,5,"[737,850,978,932,960]","[2097000,2509000,2852000,2782000,2817000]",978,13057000
23,109,5,"[927,854,924,847,964]","[2634000,2460000,2658000,2478000,2847000]",964,13077000
23,110,5,"[806,931,881,978,944]","[2359000,2597000,2553000,2949000,2821000]",978,13279000
23,111,5,"[632,934,1029,962,978]","[1852000,2707000,2953000,2782000,2823000]",1029,13117000
23,112,5,"[802,939,932,856,970]","[2347000,2614000,2725000,2579000,2894000]",970,13159000
23,113,5,"[742,919,930,959,958]","[2235000,2616000,2691000,2892000,2810000]",959,13244000
23,114,5,"[926,853,882,925,954]","[2629000,2467000,2569000,2773000,2818000]",954,13256000
23,115,5,"[610,927,1022,1036,922]","[1782000,2697000,2902000,3040000,2732000]",1036,13153000
23,116,5,"[903,936,934,943,935]","[2548000,2738000,2752000,2733000,2776000]",943,13547000
23,117,5,"[803,899,948,964,902]","[2380000,2532000,2792000,2927000,2670000]",964,13301000
23,118,5,"[638,876,940,1028,977]","[1867000,2565000,2724000,3032000,2883000]",1028,13071000
23,119,5,"[612,979,865,1033,965]","[1785000,2856000,2528000,3036000,2855000]",1033,13060000
24,1,5,"[691,859,882,945,827]","[1985000,2546000,2661000,2773000,2381000]",945,12346000
24,2,5,"[757,852,922,941,882]","[2166000,2526000,2715000,2737000,2554000]",941,12698000
24,3,5,"[858,846,853,937,923]","[2499000,2488000,2523000,2753000,2679000]",937,12942000
24,4,5,"[851,857,886,909,914]","[2474000,2531000,2628000,2664000,2666000]",914,12963000
24,5,5,"[743,887,952,898,828]","[2129000,2581000,2834000,2602000,2374000]",952,12520000
24,6,5,"[858,846,853,937,923]","[2499000,2488000,2524000,2753000,2679000]",937,12943000
24,7,5,"[715,922,918,942,880]","[2037000,2727000,2698000,2735000,2532000]",942,12729000
24,8,5,"[932,858,924,910,919]","[2688000,2555000,2733000,2660000,2672000]",932,13308000
24,9,5,"[642,887,951,943,879]","[1901000,2613000,2822000,2730000,2509000]",951,12575000
24,10,5,"[709,914,923,947,889]","[2009000,2683000,2717000,2721000,2564000]",947,12694000
24,11,5,"[652,940,959,945,795]","[1871000,2760000,2853000,2771000,2292000]",959,12547000
24,12,5,"[860,853,886,939,888]","[2504000,2519000,2620000,2749000,2593000]",939,12985000
24,13,5,"[650,924,953,945,836]","[1877000,2693000,2830000,2764000,2393000]",953,12557000
24,14,5,"[935,863,922,927,927]","[2688000,2550000,2722000,2689000,2693000]",935,13342000
24,15,5,"[755,861,951,943,812]","[2267000,2559000,2864000,2774000,2431000]",951,12895000
24,16,5,"[768,874,937,923,913]","[2343000,2581000,2822000,2703000,2672000]",937,13121000
24,17,5,"[881,847,857,944,925]","[2553000,2489000,2535000,2742000,2683000]",944,13002000
24,18,5,"[743,869,959,904,859]","[2129000,2521000,2872000,2606000,2463000]",959,12591000
24,19,5,"[757,860,951,945,869]","[2270000,2563000,2864000,2769000,2527000]",951,12993000
24,20,5,"[797,923,916,939,898]","[2299000,2767000,2701000,2754000,2626000]",939,13147000
24,21,5,"[750,820,926,1040,910]","[2234000,2428000,2785000,3015000,2657000]",1040,13119000
24,22,5,"[636,875,923,956,766]","[1808000,2551000,2698000,2821000,2215000]",956,12093000
24,23,5,"[833,886,862,1035,921]","[2419000,2575000,2471000,3038000,2676000]",1035,13179000
24,24,5,"[1074,1075,922,999,899]","[3038000,3202000,2710000,2982000,2609000]",1075,14541000
24,25,5,"[756,859,958,1001,870]","[2268000,2558000,2797000,2940000,2535000]",1001,13098000
24,26,5,"[949,1050,980,996,936]","[2853000,3132000,2890000,2919000,2713000]",1050,14507000
24,27,5,"[866,891,954,988,996]","[2514000,2573000,2863000,2811000,2857000]",996,13618000
24,28,5,"[831,869,806,1059,914]","[2415000,2517000,2387000,3125000,2664000]",1059,13108000
24,29,5,"[834,857,834,1034,925]","[2419000,2479000,2475000,3036000,2681000]",1034,13090000
24,30,5,"[865,813,846,1041,923]","[2513000,2400000,2469000,3028000,2700000]",1041,13110000
24,31,5,"[853,861,809,1008,917]","[2480000,2543000,2377000,2953000,2683000]",1008,13036000
24,32,5,"[944,871,890,944,1049]","[2869000,2571000,2675000,2768000,2999000]",1049,13882000
24,33,5,"[765,940,857,985,886]","[2193000,2738000,2535000,2868000,2599000]",985,12933000
24,34,5,"[766,872,1021,1025,881]","[2278000,2619000,2974000,2933000,2572000]",1025,13376000
24,35,5,"[725,902,925,1003,963]","[2102000,2627000,2709000,2888000,2688000]",1003,13014000
24,36,5,"[1079,869,802,1011,983]","[3220000,2572000,2352000,2943000,2930000]",1079,14017000
24,37,5,"[833,879,903,947,895]","[2407000,2547000,2763000,2788000,2596000]",947,13101000
24,38,5,"[760,875,941,1030,888]","[2266000,2621000,2826000,2919000,2598000]",1030,13230000
24,39,5,"[891,918,937,970,919]","[2681000,2699000,2784000,2844000,2707000]",970,13715000
24,40,5,"[877,893,919,988,902]","[2546000,2666000,2711000,2853000,2624000]",988,13400000
24,41,5,"[677,942,959,927,918]","[1976000,2758000,2864000,2729000,2633000]",959,12960000
24,42,5,"[672,904,949,1061,820]","[1917000,2632000,2780000,3090000,2369000]",1061,12788000
24,43,5,"[896,915,923,1011,901]","[2588000,2695000,2770000,2954000,2633000]",1011,13640000
24,44,5,"[623,905,922,1043,881]","[1837000,2636000,2700000,3029000,2521000]",1043,12723000
24,45,5,"[869,853,899,946,931]","[2517000,2532000,2602000,2755000,2700000]",946,13106000
24,46,5,"[744,888,942,989,858]","[2205000,2608000,2726000,2910000,2495000]",989,12944000
24,47,5,"[789,904,946,944,903]","[2294000,2669000,2845000,2753000,2628000]",946,13189000
24,48,5,"[738,891,968,933,860]","[2166000,2655000,2890000,2711000,2509000]",968,12931000
24,49,5,"[815,846,853,986,924]","[2352000,2486000,2524000,2899000,2679000]",986,12940000
24,50,5,"[837,899,887,951,899]","[2408000,2626000,2689000,2793000,2607000]",951,13123000
24,51,5,"[1070,946,859,939,956]","[3202000,2757000,2542000,2735000,2761000]",1070,13997000
24,52,5,"[696,905,931,990,841]","[1982000,2653000,2714000,2881000,2413000]",990,12643000
24,53,5,"[873,846,904,1018,919]","[2529000,2497000,2627000,2972000,2661000]",1018,13286000
24,54,5,"[879,864,852,937,899]","[2553000,2548000,2521000,2728000,2620000]",937,12970000
24,55,5,"[1025,974,901,895,864]","[3083000,2874000,2729000,2598000,2503000]",1025,13787000
24,56,5,"[930,939,928,991,940]","[2773000,2757000,2735000,2894000,2784000]",991,13943000
24,57,5,"[824,868,978,942,895]","[2555000,2573000,2933000,2760000,2595000]",978,13416000
24,58,5,"[781,860,865,942,865]","[2245000,2557000,2632000,2759000,2510000]",942,12703000
24,59,5,"[763,875,939,955,889]","[2278000,2631000,2826000,2777000,2584000]",955,13096000
24,60,5,"[777,916,959,893,828]","[2148000,2682000,2847000,2593000,2374000]",959,12644000
24,61,5,"[738,953,947,975,884]","[2139000,2795000,2836000,2841000,2571000]",975,13182000
24,62,5,"[594,901,925,974,779]","[1669000,2630000,2709000,2807000,2251000]",974,12066000
24,63,5,"[781,845,940,1015,917]","[2275000,2491000,2796000,2960000,2671000]",1015,13193000
24,64,5,"[659,834,918,1025,932]","[1928000,2460000,2742000,2956000,2662000]",1025,12748000
24,65,5,"[884,847,917,889,932]","[2562000,2489000,2725000,2572000,2697000]",932,13045000
24,66,5,"[858,858,862,921,961]","[2499000,2538000,2543000,2703000,2789000]",961,13072000
24,67,5,"[761,870,1064,945,872]","[2258000,2614000,3067000,2802000,2586000]",1064,13327000
24,68,5,"[854,893,920,950,899]","[2471000,2672000,2708000,2731000,2626000]",950,13208000
24,69,5,"[961,881,893,1062,1044]","[2798000,2597000,2591000,3096000,3050000]",1062,14132000
24,70,5,"[757,862,953,977,869]","[2270000,2560000,2862000,2828000,2527000]",977,13047000
24,71,5,"[800,925,920,980,1046]","[2314000,2764000,2704000,2858000,3040000]",1046,13680000
24,72,5,"[854,850,883,966,885]","[2481000,2514000,2603000,2827000,2565000]",966,12990000
24,73,5,"[875,891,914,950,878]","[2529000,2656000,2692000,2758000,2535000]",950,13170000
24,74,5,"[909,857,911,969,939]","[2631000,2531000,2663000,2835000,2735000]",969,13395000
24,75,5,"[947,909,919,1007,1022]","[2724000,2663000,2714000,2986000,2961000]",1022,14048000
24,76,5,"[1521,870,885,937,897]","[4563000,2576000,2622000,2750000,2615000]",1521,15126000
24,77,5,"[855,861,873,948,930]","[2481000,2496000,2639000,2778000,2699000]",948,13093000
24,78,5,"[879,863,854,937,952]","[2553000,2550000,2523000,2728000,2757000]",952,13111000
24,79,5,"[759,879,883,948,937]","[2258000,2654000,2590000,2755000,2725000]",948,12982000
24,80,5,"[664,922,952,949,881]","[1944000,2699000,2830000,2734000,2509000]",952,12716000
24,81,5,"[758,912,950,962,874]","[2272000,2680000,2824000,2834000,2559000]",962,13169000
24,82,5,"[761,862,1049,907,817]","[2286000,2557000,3118000,2628000,2465000]",1049,13054000
24,83,5,"[685,867,890,937,829]","[1961000,2570000,2704000,2747000,2392000]",937,12374000
24,84,5,"[751,843,924,940,918]","[2152000,2480000,2713000,2731000,2664000]",940,12740000
24,85,5,"[862,842,889,941,890]","[2510000,2495000,2632000,2761000,2603000]",941,13001000
24,86,5,"[856,861,886,909,910]","[2485000,2562000,2627000,2664000,2654000]",910,12992000
24,87,5,"[772,902,958,894,810]","[2244000,2599000,2851000,2595000,2388000]",958,12677000
24,88,5,"[853,846,856,948,917]","[2476000,2488000,2539000,2799000,2653000]",948,12955000
24,89,5,"[802,857,927,939,888]","[2292000,2486000,2721000,2733000,2554000]",939,12786000
24,90,5,"[940,856,921,909,970]","[2717000,2542000,2724000,2650000,2777000]",970,13410000
24,91,5,"[647,874,947,939,915]","[1916000,2573000,2819000,2731000,2604000]",947,12643000
24,92,5,"[710,909,919,942,901]","[2019000,2703000,2706000,2714000,2603000]",942,12745000
24,93,5,"[712,944,931,944,811]","[2087000,2749000,2777000,2764000,2357000]",944,12734000
24,94,5,"[859,859,885,943,858]","[2490000,2555000,2629000,2777000,2508000]",943,12959000
24,95,5,"[650,890,958,952,849]","[1871000,2603000,2844000,2780000,2438000]",958,12536000
24,96,5,"[918,863,924,929,927]","[2656000,2550000,2732000,2694000,2693000]",929,13325000
24,97,5,"[753,830,945,940,853]","[2265000,2465000,2854000,2754000,2534000]",945,12872000
24,98,5,"[752,865,951,913,906]","[2260000,2579000,2860000,2678000,2630000]",951,13007000
24,99,5,"[795,852,859,944,925]","[2380000,2534000,2558000,2752000,2680000]",944,12904000
24,100,5,"[705,879,962,895,857]","[2063000,2541000,2872000,2595000,2457000]",962,12528000
24,101,5,"[753,827,950,944,929]","[2265000,2459000,2879000,2773000,2712000]",950,13088000
24,102,5,"[799,927,859,942,952]","[2302000,2775000,2535000,2758000,2774000]",952,13144000
25,1,5,"[796,1012,1013,1044,706]","[2400000,3084000,3109000,2989000,1922000]",1044,13504000
25,2,5,"[853,1029,1023,948,848]","[2493000,3116000,3132000,2731000,2361000]",1029,13833000
25,3,5,"[759,1014,1053,982,665]","[2289000,3088000,3219000,2850000,1848000]",1053,13294000
25,4,5,"[788,1010,1024,1050,591]","[2371000,3080000,3152000,3005000,1700000]",1050,13308000
25,5,5,"[853,1029,1023,948,848]","[2493000,3116000,3132000,2731000,2361000]",1029,13833000
25,6,5,"[894,1024,1027,1019,749]","[2611000,3128000,3153000,2914000,2140000]",1027,13946000
25,7,5,"[966,993,1026,1025,845]","[2772000,3018000,3148000,2935000,2387000]",1026,14260000
25,8,5,"[771,1011,1048,999,713]","[2315000,3082000,3212000,2896000,1943000]",1048,13448000
25,9,5,"[960,1022,1022,1028,793]","[2740000,3115000,3140000,2942000,2267000]",1028,14204000
25,10,5,"[758,1018,1051,1052,662]","[2279000,3088000,3218000,2991000,1840000]",1052,13416000
25,11,5,"[898,1030,1029,1025,820]","[2595000,3133000,3168000,2922000,2317000]",1030,14135000
25,12,5,"[956,1027,1029,1022,785]","[2746000,3139000,3155000,2930000,2210000]",1029,14180000
25,13,5,"[738,992,1021,1077,688]","[2210000,3015000,3115000,3120000,1908000]",1077,13368000
25,14,5,"[764,1012,1042,1044,708]","[2312000,3073000,3199000,3003000,1930000]",1044,13517000
25,15,5,"[879,1024,1022,1034,774]","[2576000,3126000,3145000,2964000,2213000]",1034,14024000
25,16,5,"[937,1007,1043,960,755]","[2737000,3019000,3233000,2791000,2075000]",1043,13855000
25,17,5,"[897,1027,1035,1027,782]","[2625000,3130000,3164000,2925000,2206000]",1035,14050000
25,18,5,"[958,1029,1028,1024,799]","[2759000,3130000,3163000,2929000,2247000]",1029,14228000
25,19,5,"[753,1025,1050,1033,711]","[2284000,3118000,3219000,2960000,1937000]",1050,13518000
25,20,5,"[941,996,1049,1020,674]","[2726000,2973000,3216000,2936000,1938000]",1049,13789000
25,21,5,"[933,1011,990,1046,824]","[2716000,3029000,3045000,3007000,2282000]",1046,14079000
25,22,5,"[943,989,1117,1017,665]","[2735000,2968000,3356000,2937000,1907000]",1117,13903000
25,23,5,"[905,1026,1096,993,744]","[2654000,3132000,3374000,2827000,2149000]",1096,14136000
25,24,5,"[762,999,1064,1040,597]","[2283000,3040000,3253000,2984000,1731000]",1064,13291000
25,25,5,"[892,1018,1107,981,775]","[2577000,3083000,3390000,2777000,2207000]",1107,14034000
25,26,5,"[827,1014,1055,945,765]","[2476000,3089000,3222000,2715000,2151000]",1055,13653000
25,27,5,"[903,1042,1106,980,782]","[2594000,3160000,3392000,2781000,2224000]",1106,14151000
25,28,5,"[941,996,1093,971,825]","[2742000,2989000,3315000,2783000,2292000]",1093,14121000
25,29,5,"[762,999,1060,1040,658]","[2292000,3029000,3252000,2988000,1826000]",1060,13387000
25,30,5,"[949,1063,1066,1007,802]","[2716000,3198000,3281000,2861000,2274000]",1066,14330000
25,31,5,"[951,1074,1039,972,751]","[2730000,3193000,3232000,2810000,2074000]",1074,14039000
25,32,5,"[926,1068,1053,1005,818]","[2715000,3216000,3212000,2862000,2299000]",1068,14304000
25,33,5,"[949,1060,1066,1003,802]","[2716000,3183000,3281000,2853000,2274000]",1066,14307000
25,34,5,"[776,1010,1061,1044,662]","[2328000,3085000,3238000,2986000,1836000]",1061,13473000
25,35,5,"[735,990,1023,1118,667]","[2205000,3022000,3112000,3239000,1836000]",1118,13414000
25,36,5,"[749,1005,1065,1045,705]","[2269000,3063000,3264000,2997000,1924000]",1065,13517000
25,37,5,"[1040,1026,1020,1019,776]","[2930000,3115000,3147000,2899000,2213000]",1040,14304000
25,38,5,"[955,1013,1077,1002,794]","[2730000,3078000,3297000,2839000,2280000]",1077,14224000
25,39,5,"[762,1014,1045,1045,722]","[2286000,3081000,3218000,2981000,1959000]",1045,13525000
25,40,5,"[764,1016,1049,1044,706]","[2312000,3086000,3213000,3009000,1926000]",1049,13546000
25,41,5,"[806,1002,1085,1007,764]","[2405000,3051000,3326000,2855000,2159000]",1085,13796000
25,42,5,"[910,1012,1040,972,749]","[2652000,3069000,3227000,2808000,2082000]",1040,13838000
25,43,5,"[937,1007,1037,981,755]","[2738000,3017000,3229000,2814000,2069000]",1037,13867000
25,44,5,"[876,1048,1030,1041,771]","[2575000,3150000,3161000,2975000,2201000]",1048,14062000
25,45,5,"[761,1012,1101,1007,700]","[2274000,3077000,3368000,2876000,1910000]",1101,13505000
25,46,5,"[1019,1027,1111,978,728]","[2978000,3130000,3411000,2781000,2101000]",1111,14401000
25,47,5,"[796,1043,1065,1001,760]","[2373000,3132000,3268000,2858000,2105000]",1065,13736000
25,48,5,"[796,992,984,1077,809]","[2342000,3019000,3015000,3122000,2248000]",1077,13746000
25,49,5,"[912,1039,1019,1066,696]","[2621000,3158000,3119000,3078000,2007000]",1066,13983000
25,50,5,"[944,999,1052,1023,679]","[2733000,2975000,3222000,2942000,1951000]",1052,13823000
25,51,5,"[932,1029,1093,978,705]","[2699000,3131000,3362000,2809000,1920000]",1093,13921000
25,52,5,"[812,1015,1089,1009,756]","[2416000,3104000,3311000,2845000,2073000]",1089,13749000
25,53,5,"[773,1018,1049,1023,675]","[2316000,3107000,3227000,2936000,1932000]",1049,13518000
25,54,5,"[802,1043,1070,989,689]","[2369000,3157000,3294000,2812000,1942000]",1070,13574000
25,55,5,"[831,1027,1094,968,821]","[2435000,3096000,3321000,2764000,2294000]",1094,13910000
25,56,5,"[912,1033,1133,1028,800]","[2637000,3138000,3385000,2951000,2249000]",1133,14360000
25,57,5,"[993,1024,1015,959,825]","[2826000,3098000,3124000,2760000,2308000]",1024,14116000
25,58,5,"[811,988,1090,929,704]","[2434000,3014000,3298000,2633000,2010000]",1090,13389000
25,59,5,"[772,1008,1061,992,710]","[2330000,3071000,3239000,2885000,1938000]",1061,13463000
25,60,5,"[798,1009,1100,995,754]","[2330000,3071000,3378000,2831000,2144000]",1100,13754000
25,61,5,"[737,996,1022,1070,723]","[2201000,3027000,3112000,3095000,2046000]",1070,13481000
25,62,5,"[930,1024,1095,1001,771]","[2692000,3128000,3357000,2849000,2190000]",1095,14216000
25,63,5,"[756,987,1020,1076,688]","[2243000,3009000,3111000,3131000,1908000]",1076,13402000
25,64,5,"[951,1030,1100,983,758]","[2723000,3139000,3369000,2792000,2138000]",1100,14161000
25,65,5,"[738,988,1056,1073,689]","[2189000,3009000,3219000,3116000,1917000]",1073,13450000
25,66,5,"[751,1008,1136,1048,709]","[2274000,3069000,3392000,3017000,1930000]",1136,13682000
25,67,5,"[896,1010,1024,950,837]","[2642000,3068000,3147000,2737000,2345000]",1024,13939000
25,68,5,"[784,1016,1046,1015,779]","[2353000,3088000,3216000,2885000,2132000]",1046,13674000
25,69,5,"[944,1030,1092,993,821]","[2689000,3119000,3309000,2795000,2317000]",1092,14229000
25,70,5,"[756,1016,1102,1026,716]","[2268000,3098000,3373000,2897000,1951000]",1102,13587000
25,71,5,"[941,1021,1099,1014,703]","[2723000,3110000,3335000,2913000,2077000]",1099,14158000
25,72,5,"[769,992,990,1077,631]","[2304000,3019000,3023000,3126000,1846000]",1077,13318000
25,73,5,"[928,1006,1066,1033,779]","[2637000,3064000,3293000,2958000,2218000]",1066,14170000
25,74,5,"[886,996,1056,1072,653]","[2544000,2973000,3231000,3069000,1883000]",1072,13700000
25,75,5,"[941,997,1078,1018,671]","[2726000,2981000,3283000,2912000,1932000]",1078,13834000
25,76,5,"[735,995,1021,1119,668]","[2210000,3033000,3114000,3247000,1835000]",1119,13439000
25,77,5,"[956,1054,981,1075,694]","[2795000,3172000,2985000,3115000,1988000]",1075,14055000
25,78,5,"[764,1018,1057,1002,706]","[2305000,3087000,3246000,2861000,1932000]",1057,13431000
25,79,5,"[846,1013,1078,1040,744]","[2470000,3100000,3314000,2979000,2136000]",1078,13999000
25,80,5,"[822,1028,1095,1010,742]","[2416000,3116000,3307000,2911000,2060000]",1095,13810000
25,81,5,"[937,1019,1025,1080,796]","[2657000,3109000,3142000,3140000,2235000]",1080,14283000
25,82,5,"[765,1009,1038,1093,708]","[2314000,3071000,3194000,3083000,1931000]",1093,13593000
25,83,5,"[809,1012,1050,1007,714]","[2381000,3077000,3244000,2880000,1976000]",1050,13558000
25,84,5,"[744,1023,1023,1073,760]","[2220000,3100000,3124000,3089000,2117000]",1073,13650000
25,85,5,"[943,1008,1036,1012,759]","[2748000,3028000,3224000,2888000,2072000]",1036,13960000
25,86,5,"[907,1037,1064,983,845]","[2662000,3119000,3284000,2786000,2389000]",1064,14240000
25,87,5,"[938,1026,1017,932,874]","[2707000,3105000,3128000,2655000,2425000]",1026,14020000
25,88,5,"[799,1009,1023,1049,709]","[2402000,3080000,3133000,3017000,1934000]",1049,13566000
25,89,5,"[857,1019,1024,948,840]","[2518000,3089000,3144000,2726000,2349000]",1024,13826000
25,90,5,"[759,951,1053,1029,665]","[2289000,2902000,3219000,3004000,1848000]",1053,13262000
25,91,5,"[818,1012,1026,1007,594]","[2470000,3082000,3162000,2869000,1709000]",1026,13292000
25,92,5,"[863,971,1032,1010,844]","[2528000,2943000,3146000,2890000,2353000]",1032,13860000
25,93,5,"[861,1030,1028,1021,786]","[2522000,3139000,3153000,2914000,2257000]",1030,13985000
25,94,5,"[970,994,1029,1026,846]","[2759000,3020000,3159000,2931000,2378000]",1029,14247000
25,95,5,"[771,951,1048,1043,713]","[2315000,2902000,3212000,3035000,1943000]",1048,13407000
25,96,5,"[962,1075,1034,1032,769]","[2745000,3265000,3172000,2950000,2168000]",1075,14300000
25,97,5,"[758,1018,1051,1051,662]","[2279000,3088000,3218000,2986000,1843000]",1051,13414000
25,98,5,"[898,1030,1029,1025,820]","[2595000,3133000,3168000,2922000,2317000]",1030,14135000
25,99,5,"[981,1030,1025,986,804]","[2809000,3159000,3148000,2837000,2277000]",1030,14230000
25,100,5,"[739,994,981,1077,783]","[2206000,3019000,2994000,3114000,2150000]",1077,13483000
25,101,5,"[764,1012,1042,1043,708]","[2312000,3073000,3199000,2998000,1933000]",1043,13515000
25,102,5,"[879,1029,1025,1037,765]","[2578000,3146000,3160000,2979000,2186000]",1037,14049000
25,103,5,"[940,919,1043,1007,755]","[2743000,2783000,3233000,2945000,2075000]",1043,13779000
25,104,5,"[928,1024,1027,980,807]","[2712000,3128000,3153000,2809000,2258000]",1027,14060000
25,105,5,"[955,1027,1028,1022,752]","[2741000,3132000,3150000,2918000,2161000]",1028,14102000
25,106,5,"[747,1024,1052,1034,598]","[2252000,3125000,3229000,2962000,1739000]",1052,13307000
25,107,5,"[939,999,1076,1022,670]","[2722000,2980000,3282000,2932000,1927000]",1076,13843000
26,1,5,"[997,1038,924,978,528]","[2923000,3119000,2646000,2752000,1563000]",1038,13003000
26,2,5,"[904,1045,752,1100,576]","[2639000,3121000,2182000,3196000,1652000]",1100,12790000
26,3,5,"[987,1018,831,1019,811]","[2870000,3065000,2398000,2905000,2360000]",1019,13598000
26,4,5,"[873,988,817,1001,981]","[2600000,2959000,2391000,2914000,2957000]",1001,13821000
26,5,5,"[973,1036,827,1021,811]","[2837000,3131000,2390000,2907000,2360000]",1036,13625000
26,6,5,"[998,995,806,1002,993]","[2827000,2981000,2346000,2920000,2988000]",1002,14062000
26,7,5,"[1030,1035,811,921,918]","[2974000,3117000,2378000,2645000,2622000]",1035,13736000
26,8,5,"[983,1039,912,985,600]","[2855000,3134000,2628000,2768000,1806000]",1039,13191000
26,9,5,"[1029,1030,834,958,915]","[2993000,3104000,2454000,2782000,2619000]",1030,13952000
26,10,5,"[999,1055,926,978,528]","[2923000,3156000,2651000,2752000,1563000]",1055,13045000
26,11,5,"[883,1080,764,1098,603]","[2624000,3257000,2182000,3174000,1767000]",1098,13004000
26,12,5,"[871,1123,819,1033,566]","[2572000,3372000,2409000,3044000,1636000]",1123,13033000
26,13,5,"[996,1029,807,1076,608]","[2899000,3096000,2391000,3143000,1714000]",1076,13243000
26,14,5,"[887,1081,764,1099,665]","[2632000,3259000,2182000,3173000,1890000]",1099,13136000
26,15,5,"[892,1058,821,1116,555]","[2672000,3188000,2413000,3229000,1591000]",1116,13093000
26,16,5,"[926,1034,857,1078,619]","[2714000,3114000,2441000,3135000,1803000]",1078,13207000
26,17,5,"[957,1080,823,1036,564]","[2790000,3238000,2417000,3056000,1636000]",1080,13137000
26,18,5,"[950,1039,909,1003,658]","[2781000,3133000,2665000,2896000,1881000]",1039,13356000
26,19,5,"[1020,1035,750,1017,926]","[2958000,3123000,2151000,2922000,2641000]",1035,13795000
26,20,5,"[968,1038,912,979,817]","[2806000,3123000,2633000,2768000,2323000]",1038,13653000
26,21,5,"[978,1038,852,1067,876]","[2849000,3133000,2429000,3018000,2457000]",1067,13886000
26,22,5,"[883,1126,820,1121,660]","[2636000,3391000,2409000,3239000,1872000]",1126,13547000
26,23,5,"[1101,1035,749,1098,708]","[3179000,3090000,2170000,3177000,1988000]",1101,13604000
26,24,5,"[889,1057,838,987,1086]","[2578000,3149000,2425000,2870000,3319000]",1086,14341000
26,25,5,"[1016,1058,908,1078,564]","[2994000,3177000,2608000,3113000,1621000]",1078,13513000
26,26,5,"[1015,1052,822,1058,564]","[2989000,3156000,2413000,3021000,1621000]",1058,13200000
26,27,5,"[989,1018,828,1052,789]","[2890000,3065000,2394000,2989000,2283000]",1052,13621000
26,28,5,"[915,1046,809,1110,605]","[2688000,3151000,2395000,3272000,1729000]",1110,13235000
26,29,5,"[1209,1085,821,1102,846]","[3547000,3242000,2411000,3195000,2508000]",1209,14903000
26,30,5,"[895,1082,771,1020,713]","[2679000,3277000,2188000,2860000,2084000]",1082,13088000
26,31,5,"[1043,1037,918,977,830]","[3044000,3095000,2622000,2761000,2365000]",1043,13887000
26,32,5,"[1005,1038,934,975,576]","[2929000,3119000,2676000,2757000,1700000]",1038,13181000
26,33,5,"[987,1048,771,1048,663]","[2913000,3161000,2182000,2969000,1890000]",1048,13115000
26,34,5,"[866,1049,837,1040,727]","[2566000,3112000,2421000,3028000,2115000]",1049,13242000
26,35,5,"[1021,1043,810,1079,620]","[2992000,3125000,2397000,3150000,1795000]",1079,13459000
26,36,5,"[985,1055,817,1174,554]","[2866000,3170000,2407000,3344000,1591000]",1174,13378000
26,37,5,"[946,1039,907,1005,657]","[2711000,3133000,2662000,2907000,1874000]",1039,13287000
26,38,5,"[887,1148,824,1108,823]","[2632000,3410000,2431000,3256000,2474000]",1148,14203000
26,39,5,"[943,1049,870,1079,555]","[2731000,3159000,2452000,3135000,1670000]",1079,13147000
26,40,5,"[1030,1044,891,1040,613]","[2986000,3135000,2585000,2977000,1729000]",1044,13412000
26,41,5,"[1026,1060,837,1045,1128]","[2997000,3159000,2424000,3033000,3433000]",1128,15046000
26,42,5,"[986,1078,918,977,818]","[2868000,3207000,2642000,2734000,2338000]",1078,13789000
26,43,5,"[893,1122,821,1130,555]","[2644000,3379000,2415000,3289000,1591000]",1130,13318000
26,44,5,"[975,1050,833,1035,809]","[2837000,3144000,2391000,2939000,2345000]",1050,13656000
26,45,5,"[983,1043,948,943,600]","[2858000,3144000,2736000,2658000,1806000]",1043,13202000
26,46,5,"[1053,1055,911,978,573]","[3029000,3175000,2628000,2759000,1680000]",1055,13271000
26,47,5,"[967,992,806,999,981]","[2765000,2969000,2346000,2910000,2964000]",999,13954000
26,48,5,"[903,1061,871,1103,590]","[2708000,3194000,2558000,3126000,1694000]",1103,13280000
26,49,5,"[993,1049,827,980,528]","[2913000,3166000,2418000,2770000,1563000]",1049,12830000
26,50,5,"[1015,1034,893,974,959]","[2951000,3101000,2583000,2818000,2817000]",1034,14270000
26,51,5,"[1021,1066,773,1045,638]","[2997000,3216000,2257000,3074000,1872000]",1066,13416000
26,52,5,"[972,1047,776,1099,613]","[2847000,3133000,2232000,3208000,1724000]",1099,13144000
26,53,5,"[992,1025,862,983,950]","[2875000,3079000,2467000,2769000,2673000]",1025,13863000
26,54,5,"[880,1089,885,1091,584]","[2615000,3204000,2589000,3088000,1689000]",1091,13185000
26,55,5,"[903,1065,770,1096,663]","[2679000,3222000,2180000,3167000,1890000]",1096,13138000
26,56,5,"[980,1068,829,1035,566]","[2851000,3207000,2438000,3048000,1647000]",1068,13191000
26,57,5,"[866,1055,843,1044,955]","[2572000,3134000,2438000,3031000,2873000]",1055,14048000
26,58,5,"[975,1051,912,1081,612]","[2840000,3150000,2661000,3096000,1721000]",1081,13468000
26,59,5,"[950,1039,907,1003,666]","[2788000,3128000,2670000,2896000,1908000]",1039,13390000
26,60,5,"[997,1106,875,980,1173]","[2898000,3229000,2469000,2845000,3597000]",1173,15038000
26,61,5,"[971,1056,843,1043,988]","[2766000,3126000,2430000,3026000,2909000]",1056,14257000
26,62,5,"[981,1077,821,1107,900]","[2885000,3227000,2405000,3170000,2755000]",1107,14442000
26,63,5,"[863,1115,862,1149,815]","[2542000,3363000,2541000,3278000,2497000]",1149,14221000
26,64,5,"[1040,1037,746,1092,1138]","[3026000,3090000,2145000,3101000,3570000]",1138,14932000
26,65,5,"[908,1042,812,1103,558]","[2705000,3119000,2341000,3182000,1612000]",1103,12959000
26,66,5,"[951,1053,867,1083,556]","[2811000,3149000,2480000,3100000,1593000]",1083,13133000
26,67,5,"[905,1073,767,1096,663]","[2659000,3247000,2182000,3175000,1886000]",1096,13149000
26,68,5,"[1087,1031,834,982,925]","[3153000,3109000,2378000,2794000,2652000]",1087,14086000
26,69,5,"[900,1052,912,1072,581]","[2577000,3178000,2633000,3021000,1699000]",1072,13108000
26,70,5,"[981,1077,821,1107,554]","[2882000,3226000,2413000,3221000,1589000]",1107,13331000
26,71,5,"[1023,1039,858,986,915]","[2965000,3113000,2481000,2870000,2619000]",1039,14048000
26,72,5,"[1303,1041,849,1086,997]","[3961000,3138000,2427000,3140000,3054000]",1303,15720000
26,73,5,"[994,1041,819,1109,536]","[2911000,3123000,2409000,3223000,1589000]",1109,13255000
26,74,5,"[939,1122,871,1074,625]","[2748000,3384000,2464000,3130000,1813000]",1122,13539000
26,75,5,"[945,1054,821,1161,547]","[2789000,3162000,2409000,3296000,1603000]",1161,13259000
26,76,5,"[905,1029,976,976,830]","[2616000,3088000,2825000,2753000,2395000]",1029,13677000
26,77,5,"[1019,1035,749,1015,934]","[2970000,3123000,2149000,2912000,2657000]",1035,13811000
26,78,5,"[1022,1039,750,1020,929]","[2965000,3134000,2166000,2934000,2650000]",1039,13849000
26,79,5,"[951,1056,833,1051,847]","[2751000,3135000,2390000,3020000,2601000]",1056,13897000
26,80,5,"[988,1042,920,1106,568]","[2884000,3140000,2649000,3146000,1628000]",1106,13447000
26,81,5,"[973,1051,924,973,820]","[2816000,3153000,2669000,2747000,2342000]",1051,13727000
26,82,5,"[868,1099,744,1106,885]","[2570000,3253000,2114000,3186000,2609000]",1106,13732000
26,83,5,"[905,1084,901,1048,657]","[2680000,3264000,2655000,3014000,1874000]",1084,13487000
26,84,5,"[985,1116,820,1166,554]","[2876000,3312000,2405000,3304000,1589000]",1166,13486000
26,85,5,"[896,1061,817,1096,580]","[2689000,3195000,2426000,3170000,1670000]",1096,13150000
26,86,5,"[907,1076,919,974,825]","[2609000,3248000,2651000,2749000,2389000]",1076,13646000
26,87,5,"[1161,1098,852,1051,605]","[3422000,3254000,2436000,3096000,1720000]",1161,13928000
26,88,5,"[874,1119,849,1071,544]","[2567000,3381000,2496000,3069000,1598000]",1119,13111000
26,89,5,"[914,1080,764,1098,659]","[2665000,3251000,2182000,3172000,1876000]",1098,13146000
26,90,5,"[997,1105,874,981,1248]","[2898000,3227000,2467000,2847000,3707000]",1248,15146000
26,91,5,"[1023,1034,810,1162,578]","[2999000,3127000,2310000,3388000,1706000]",1162,13530000
26,92,5,"[991,1137,820,974,800]","[2861000,3347000,2427000,2738000,2270000]",1137,13643000
26,93,5,"[999,1044,927,980,528]","[2923000,3156000,2666000,2744000,1563000]",1044,13052000
26,94,5,"[904,999,765,1100,575]","[2651000,3002000,2212000,3172000,1654000]",1100,12691000
26,95,5,"[987,1017,829,1018,825]","[2870000,3063000,2396000,2903000,2375000]",1018,13607000
26,96,5,"[878,991,803,1032,921]","[2598000,2977000,2344000,2997000,2822000]",1032,13738000
26,97,5,"[976,1032,834,844,814]","[2841000,3102000,2406000,2576000,2365000]",1032,13290000
26,98,5,"[874,1050,806,1000,985]","[2504000,3156000,2346000,2910000,2984000]",1050,13900000
26,99,5,"[1036,1036,817,895,947]","[2995000,3128000,2386000,2561000,2731000]",1036,13801000
26,100,5,"[988,1033,916,981,600]","[2856000,3113000,2637000,2760000,1803000]",1033,13169000
26,101,5,"[1015,1036,832,960,930]","[2951000,3119000,2438000,2781000,2644000]",1036,13933000
26,102,5,"[999,1022,926,1031,528]","[2923000,3045000,2651000,2918000,1563000]",1031,13100000
26,103,5,"[881,1083,692,1097,600]","[2599000,3263000,2047000,3175000,1754000]",1097,12838000
26,104,5,"[871,1121,826,1013,560]","[2561000,3381000,2423000,3000000,1631000]",1121,12996000
26,105,5,"[1000,1041,814,1044,634]","[2908000,3121000,2409000,3060000,1790000]",1044,13288000
26,106,5,"[883,1080,764,1066,687]","[2620000,3258000,2179000,3095000,1937000]",1080,13089000
26,107,5,"[923,1065,823,1044,555]","[2711000,3218000,2417000,3049000,1646000]",1065,13041000
26,108,5,"[918,1034,847,1086,579]","[2703000,3113000,2409000,3168000,1715000]",1086,13108000
26,109,5,"[959,1076,827,1020,562]","[2800000,3241000,2423000,3014000,1641000]",1076,13119000
26,110,5,"[933,1042,921,1012,659]","[2727000,3144000,2712000,2925000,1879000]",1042,13387000
26,111,5,"[1025,1041,768,1022,931]","[2969000,3140000,2206000,2932000,2654000]",1041,13901000
26,112,5,"[982,1029,912,978,817]","[2846000,3096000,2638000,2763000,2323000]",1029,13666000
27,1,5,"[671,974,983,972,919]","[2011000,2815000,2884000,2796000,2571000]",983,13077000
27,2,5,"[715,967,965,958,963]","[2081000,2803000,2835000,2750000,2632000]",967,13101000
27,3,5,"[681,982,978,1001,799]","[2025000,2864000,2891000,2856000,2185000]",1001,12821000
27,4,5,"[719,965,971,948,968]","[2075000,2799000,2859000,2721000,2637000]",971,13091000
27,5,5,"[753,997,974,958,805]","[2276000,2861000,2851000,2801000,2275000]",997,13064000
27,6,5,"[656,974,991,999,898]","[1926000,2830000,2947000,2858000,2513000]",999,13074000
27,7,5,"[702,978,999,1006,822]","[2088000,2830000,2930000,2868000,2222000]",1006,12938000
27,8,5,"[677,972,974,971,925]","[2044000,2818000,2862000,2794000,2595000]",974,13113000
27,9,5,"[682,982,949,1053,805]","[2023000,2864000,2815000,3010000,2199000]",1053,12911000
27,10,5,"[695,983,973,1004,841]","[2060000,2847000,2860000,2876000,2327000]",1004,12970000
27,11,5,"[629,990,978,951,995]","[1828000,2909000,2877000,2748000,2733000]",995,13095000
27,12,5,"[661,1000,964,998,903]","[1950000,2908000,2863000,2851000,2543000]",1000,13115000
27,13,5,"[754,1006,920,1000,846]","[2271000,2908000,2733000,2857000,2334000]",1006,13103000
27,14,5,"[662,946,997,1002,959]","[1936000,2732000,2957000,2869000,2614000]",1002,13108000
27,15,5,"[692,977,1010,1006,813]","[2040000,2828000,2942000,2927000,2204000]",1010,12941000
27,16,5,"[656,977,969,988,915]","[1933000,2821000,2846000,2855000,2668000]",988,13123000
27,17,5,"[760,1008,919,1005,740]","[2280000,2912000,2738000,2876000,2166000]",1008,12972000
27,18,5,"[722,976,971,975,908]","[2104000,2843000,2863000,2801000,2673000]",976,13284000
27,19,5,"[692,977,965,1014,857]","[2060000,2828000,2850000,2907000,2345000]",1014,12990000
27,20,5,"[660,975,989,989,917]","[1950000,2825000,2889000,2857000,2672000]",989,13193000
27,21,5,"[772,960,961,994,931]","[2380000,2801000,2827000,2853000,2642000]",994,13503000
27,22,5,"[727,972,991,1046,898]","[2132000,2834000,2915000,2956000,2648000]",1046,13485000
27,23,5,"[675,953,987,1036,913]","[1939000,2763000,2941000,2949000,2527000]",1036,13119000
27,24,5,"[691,977,911,997,779]","[2055000,2836000,2723000,2860000,2216000]",997,12690000
27,25,5,"[655,970,932,1099,898]","[1923000,2820000,2764000,3131000,2516000]",1099,13154000
27,26,5,"[696,979,1037,970,805]","[2053000,2839000,3043000,2789000,2208000]",1037,12932000
27,27,5,"[762,1008,992,1014,718]","[2280000,2925000,2945000,2847000,2101000]",1014,13098000
27,28,5,"[678,984,1014,1006,801]","[2016000,2868000,2991000,2858000,2167000]",1014,12900000
27,29,5,"[677,982,1022,1058,802]","[2006000,2864000,2990000,2957000,2184000]",1058,13001000
27,30,5,"[701,976,1045,1026,802]","[2063000,2824000,3078000,2897000,2168000]",1045,13030000
27,31,5,"[598,964,978,992,932]","[1705000,2801000,2885000,2861000,2752000]",992,13004000
27,32,5,"[666,957,1002,994,910]","[1977000,2750000,2912000,2873000,2686000]",1002,13198000
27,33,5,"[751,994,972,1000,771]","[2276000,2859000,2855000,2921000,2190000]",1000,13101000
27,34,5,"[754,993,970,974,898]","[2286000,2844000,2855000,2812000,2507000]",993,13304000
27,35,5,"[702,978,1004,1006,822]","[2088000,2830000,2958000,2868000,2222000]",1006,12966000
27,36,5,"[783,1036,1088,1017,855]","[2370000,2981000,3175000,2853000,2368000]",1088,13747000
27,37,5,"[681,971,988,1080,855]","[2004000,2828000,2947000,3046000,2422000]",1080,13247000
27,38,5,"[761,1010,992,1020,716]","[2280000,2920000,2943000,2868000,2094000]",1020,13105000
27,39,5,"[697,977,979,974,846]","[1997000,2818000,2866000,2802000,2341000]",979,12824000
27,40,5,"[798,1021,983,962,825]","[2435000,2967000,2882000,2780000,2331000]",1021,13395000
27,41,5,"[654,998,983,1031,920]","[1932000,2886000,2865000,2944000,2683000]",1031,13310000
27,42,5,"[722,971,985,975,911]","[2104000,2830000,2891000,2801000,2679000]",985,13305000
27,43,5,"[669,965,993,993,958]","[1947000,2798000,2970000,2786000,2625000]",993,13126000
27,44,5,"[659,979,973,1062,929]","[1939000,2776000,2904000,3045000,2706000]",1062,13370000
27,45,5,"[680,973,1046,1056,861]","[2019000,2824000,3066000,2968000,2400000]",1056,13277000
27,46,5,"[546,990,978,1063,921]","[1594000,2908000,2888000,3017000,2710000]",1063,13117000
27,47,5,"[703,987,971,999,962]","[2097000,2845000,2860000,2869000,2737000]",999,13408000
27,48,5,"[664,1055,995,1060,870]","[1943000,3004000,2952000,3026000,2404000]",1060,13329000
27,49,5,"[745,980,999,1003,877]","[2243000,2842000,2930000,2873000,2495000]",1003,13383000
27,50,5,"[659,985,996,989,919]","[1948000,2842000,2911000,2857000,2697000]",996,13255000
27,51,5,"[716,958,996,1070,877]","[2096000,2785000,2980000,3043000,2514000]",1070,13418000
27,52,5,"[752,1010,976,1032,1071]","[2242000,2904000,2882000,2925000,2949000]",1071,13902000
27,53,5,"[682,951,991,1008,966]","[1978000,2743000,2960000,2876000,2651000]",1008,13208000
27,54,5,"[664,967,983,934,1205]","[1970000,2804000,2892000,2678000,3426000]",1205,13770000
27,55,5,"[621,984,990,989,918]","[1878000,2843000,2895000,2861000,2694000]",990,13171000
27,56,5,"[728,1030,1009,1012,794]","[2178000,2948000,2938000,2918000,2169000]",1030,13151000
27,57,5,"[658,969,935,1100,898]","[1905000,2785000,2785000,3135000,2527000]",1100,13137000
27,58,5,"[616,1001,1018,997,1020]","[1850000,2881000,3002000,2846000,2940000]",1020,13519000
27,59,5,"[659,1025,991,996,1000]","[1914000,2958000,2969000,2844000,2744000]",1025,13429000
27,60,5,"[1041,985,980,1005,1205]","[3244000,2856000,2885000,2924000,3480000]",1205,15389000
27,61,5,"[839,990,991,1079,1009]","[2510000,2892000,2940000,3050000,2780000]",1079,14172000
27,62,5,"[633,989,987,1014,1049]","[1917000,2873000,2898000,2893000,2875000]",1049,13456000
27,63,5,"[782,967,973,950,1080]","[2331000,2810000,2857000,2747000,3026000]",1080,13771000
27,64,5,"[693,980,1026,957,811]","[2059000,2843000,2988000,2754000,2207000]",1026,12851000
27,65,5,"[764,1063,1012,1003,715]","[2281000,3015000,2960000,2897000,2080000]",1063,13233000
27,66,5,"[694,1034,923,1009,887]","[2057000,2970000,2709000,2909000,2409000]",1034,13054000
27,67,5,"[757,994,905,1071,803]","[2296000,2858000,2637000,3103000,2268000]",1071,13162000
27,68,5,"[673,983,975,1067,863]","[2018000,2856000,2876000,3021000,2387000]",1067,13158000
27,69,5,"[663,979,1015,997,922]","[1956000,2831000,2954000,2875000,2703000]",1015,13319000
27,70,5,"[691,964,1004,1024,819]","[2044000,2793000,2938000,2948000,2219000]",1024,12942000
27,71,5,"[618,1019,977,948,992]","[1818000,3000000,2869000,2733000,2712000]",1019,13132000
27,72,5,"[753,1012,975,1006,832]","[2270000,2873000,2868000,2885000,2281000]",1012,13177000
27,73,5,"[665,981,988,1072,942]","[1961000,2812000,2956000,3069000,2742000]",1072,13540000
27,74,5,"[723,966,974,992,906]","[2102000,2814000,2878000,2872000,2680000]",992,13346000
27,75,5,"[693,984,978,1073,889]","[2067000,2864000,2891000,3013000,2400000]",1073,13235000
27,76,5,"[700,1029,980,973,808]","[2079000,2966000,2854000,2810000,2225000]",1029,12934000
27,77,5,"[656,983,1027,988,915]","[1933000,2837000,3008000,2855000,2683000]",1027,13316000
27,78,5,"[629,995,975,1010,973]","[1864000,2846000,2880000,2933000,2676000]",1010,13199000
27,79,5,"[657,972,992,1072,929]","[1882000,2821000,2942000,3035000,2658000]",1072,13338000
27,80,5,"[659,985,1048,1068,960]","[1926000,2877000,3070000,3030000,2627000]",1068,13530000
27,81,5,"[680,967,976,988,932]","[2062000,2805000,2872000,2819000,2613000]",988,13171000
27,82,5,"[718,964,965,966,959]","[2066000,2797000,2837000,2734000,2617000]",966,13051000
27,83,5,"[680,982,982,999,688]","[2025000,2864000,2895000,2859000,1959000]",999,12602000
27,84,5,"[734,958,937,958,971]","[2108000,2788000,2762000,2724000,2640000]",971,13022000
27,85,5,"[753,997,974,980,806]","[2276000,2861000,2851000,2836000,2284000]",997,13108000
27,86,5,"[657,975,992,1000,899]","[1934000,2832000,2942000,2858000,2514000]",1000,13080000
27,87,5,"[709,976,997,999,732]","[2104000,2822000,2920000,2859000,2082000]",999,12787000
27,88,5,"[666,971,975,972,828]","[1977000,2802000,2868000,2795000,2388000]",975,12830000
27,89,5,"[684,1027,948,997,804]","[2033000,3005000,2810000,2862000,2191000]",1027,12901000
27,90,5,"[698,942,1013,1006,837]","[2085000,2723000,2968000,2877000,2305000]",1013,12958000
27,91,5,"[601,988,982,947,1057]","[1739000,2896000,2902000,2731000,2889000]",1057,13157000
27,92,5,"[659,1003,973,1030,901]","[1940000,2914000,2848000,2945000,2544000]",1030,13191000
27,93,5,"[754,1004,918,1014,846]","[2271000,2911000,2731000,2893000,2332000]",1014,13138000
27,94,5,"[680,948,993,1002,961]","[1970000,2731000,2957000,2867000,2627000]",1002,13152000
27,95,5,"[692,961,1011,1011,812]","[2040000,2792000,2952000,2939000,2204000]",1011,12927000
27,96,5,"[653,1004,968,992,916]","[1927000,2905000,2820000,2868000,2666000]",1004,13186000
27,97,5,"[763,1006,884,1034,743]","[2285000,2909000,2630000,2965000,2167000]",1034,12956000
27,98,5,"[721,976,974,997,904]","[2129000,2842000,2876000,2840000,2652000]",997,13339000
27,99,5,"[695,983,973,1004,841]","[2060000,2847000,2860000,2876000,2327000]",1004,12970000
27,100,5,"[656,1010,979,957,913]","[1933000,2929000,2861000,2751000,2681000]",1010,13155000
28,1,5,"[915,946,949,896,950]","[2742000,2778000,2757000,2572000,2792000]",950,13641000
28,2,5,"[721,947,1031,1004,997]","[2043000,2706000,3020000,2911000,2894000]",1031,13574000
28,3,5,"[780,1002,1032,841,1036]","[2349000,2841000,2967000,2380000,3018000]",1036,13555000
28,4,5,"[764,1040,973,845,1022]","[2287000,2914000,2822000,2379000,2985000]",1040,13387000
28,5,5,"[756,983,1034,956,1018]","[2191000,2725000,2994000,2704000,2941000]",1034,13555000
28,6,5,"[746,1022,1011,888,1022]","[2216000,2869000,2933000,2573000,2988000]",1022,13579000
28,7,5,"[713,1072,961,837,1023]","[2152000,2996000,2811000,2367000,2991000]",1072,13317000
28,8,5,"[687,975,1066,925,992]","[2046000,2697000,3077000,2648000,2872000]",1066,13340000
28,9,5,"[702,1095,892,841,1042]","[2061000,3102000,2620000,2377000,3041000]",1095,13201000
28,10,5,"[911,940,947,966,991]","[2719000,2763000,2753000,2787000,2904000]",991,13926000
28,11,5,"[714,1103,923,843,1028]","[2154000,3091000,2701000,2378000,3007000]",1103,13331000
28,12,5,"[770,1022,977,892,1026]","[2291000,2873000,2836000,2595000,2993000]",1026,13588000
28,13,5,"[706,1108,915,841,1023]","[2063000,3129000,2664000,2367000,2991000]",1108,13214000
28,14,5,"[648,1101,940,893,1024]","[1917000,3109000,2750000,2594000,3002000]",1101,13372000
28,15,5,"[867,920,946,991,1015]","[2541000,2723000,2749000,2858000,2990000]",1015,13861000
28,16,5,"[657,1074,981,899,1029]","[1956000,3031000,2853000,2592000,3027000]",1074,13459000
28,17,5,"[669,1096,939,919,1023]","[1959000,3099000,2745000,2663000,2991000]",1096,13457000
28,18,5,"[875,951,952,966,1004]","[2569000,2800000,2772000,2788000,2959000]",1004,13888000
28,19,5,"[764,1062,977,835,1006]","[2283000,2981000,2832000,2460000,2930000]",1062,13486000
28,20,5,"[772,1025,979,894,1022]","[2302000,2881000,2833000,2602000,2987000]",1025,13605000
28,21,5,"[713,1110,919,842,1024]","[2149000,3096000,2693000,2377000,2993000]",1110,13308000
28,22,5,"[898,1110,919,843,1054]","[2802000,3141000,2674000,2373000,3089000]",1110,14079000
28,23,5,"[777,1061,939,848,1025]","[2301000,2989000,2715000,2392000,2995000]",1061,13392000
28,24,5,"[747,1064,1006,866,1011]","[2215000,2996000,2937000,2523000,2938000]",1064,13609000
28,25,5,"[631,1111,935,892,1025]","[1875000,3158000,2740000,2599000,2994000]",1111,13366000
28,26,5,"[774,1066,985,970,1008]","[2303000,2996000,2863000,2752000,2946000]",1066,13860000
28,27,5,"[725,950,994,1011,1044]","[2048000,2722000,2926000,2945000,3026000]",1044,13667000
28,28,5,"[947,949,1034,1004,1043]","[2957000,2706000,3028000,2929000,3064000]",1043,14684000
28,29,5,"[869,1076,987,901,998]","[2532000,3089000,2894000,2594000,2917000]",1076,14026000
28,30,5,"[669,1071,969,931,1029]","[1978000,3025000,2815000,2696000,3012000]",1071,13526000
28,31,5,"[719,982,1074,959,1024]","[2127000,2750000,3066000,2752000,2981000]",1074,13676000
28,32,5,"[773,1073,917,844,1030]","[2306000,3115000,2658000,2395000,2992000]",1073,13466000
28,33,5,"[907,942,989,927,993]","[2714000,2772000,2861000,2676000,2905000]",993,13928000
28,34,5,"[772,1072,983,947,1011]","[2298000,3014000,2868000,2720000,2948000]",1072,13848000
28,35,5,"[954,942,910,908,1038]","[2970000,2769000,2658000,2609000,3015000]",1038,14021000
28,36,5,"[770,1061,974,828,1144]","[2296000,2977000,2828000,2326000,3427000]",1144,13854000
28,37,5,"[961,1111,1032,906,1067]","[3062000,3130000,2964000,2685000,3170000]",1111,15011000
28,38,5,"[922,939,912,917,971]","[2745000,2763000,2662000,2631000,2836000]",971,13637000
28,39,5,"[721,1139,925,1005,1048]","[2133000,3125000,2716000,2931000,3034000]",1139,13939000
28,40,5,"[807,980,1030,963,1014]","[2387000,2721000,2973000,2744000,2937000]",1030,13762000
28,41,5,"[814,945,1000,1049,1071]","[2375000,2779000,2886000,3037000,3086000]",1071,14163000
28,42,5,"[713,1114,968,831,1005]","[2144000,3106000,2854000,2320000,2938000]",1114,13362000
28,43,5,"[749,1063,958,888,1021]","[2216000,2993000,2779000,2570000,2987000]",1063,13545000
28,44,5,"[893,955,931,841,1029]","[2649000,2693000,2724000,2321000,3004000]",1029,13391000
28,45,5,"[716,943,1077,1140,1045]","[2035000,2697000,3062000,3273000,3074000]",1140,14141000
28,46,5,"[706,1095,939,925,1024]","[2090000,3097000,2763000,2670000,2992000]",1095,13612000
28,47,5,"[704,1097,935,950,1048]","[2060000,3031000,2694000,2723000,3050000]",1097,13558000
28,48,5,"[910,1019,1014,914,1100]","[2789000,2869000,2965000,2701000,3221000]",1100,14545000
28,49,5,"[928,1118,1005,961,992]","[2795000,3106000,2962000,2744000,2911000]",1118,14518000
28,50,5,"[766,1060,938,867,1026]","[2285000,2981000,2714000,2459000,2997000]",1060,13436000
28,51,5,"[692,1028,1053,933,1005]","[2059000,2885000,3041000,2652000,2894000]",1053,13531000
28,52,5,"[826,1117,939,843,1076]","[2487000,3129000,2711000,2382000,3160000]",1117,13869000
28,53,5,"[844,1074,956,965,1031]","[2501000,3014000,2773000,2771000,2991000]",1074,14050000
28,54,5,"[706,1130,1039,842,1026]","[2065000,3171000,2996000,2390000,2997000]",1130,13619000
28,55,5,"[714,1103,923,872,1016]","[2151000,3091000,2697000,2518000,2965000]",1103,13422000
28,56,5,"[781,1006,1029,927,1034]","[2350000,2837000,2939000,2621000,3010000]",1034,13757000
28,57,5,"[770,1061,974,828,1006]","[2296000,2977000,2828000,2326000,2929000]",1061,13356000
28,58,5,"[957,1066,960,924,1073]","[3033000,2992000,2785000,2691000,3145000]",1073,14646000
28,59,5,"[892,980,932,934,1046]","[2692000,2740000,2703000,2706000,3071000]",1046,13912000
28,60,5,"[750,1155,909,898,1013]","[2205000,3279000,2640000,2512000,2956000]",1155,13592000
28,61,5,"[692,976,1026,972,1014]","[2055000,2701000,2971000,2766000,2934000]",1026,13427000
28,62,5,"[686,1097,935,841,1026]","[2023000,3102000,2714000,2373000,2997000]",1097,13209000
28,63,5,"[703,1104,962,836,1044]","[2061000,3108000,2800000,2361000,3045000]",1104,13375000
28,64,5,"[918,937,947,1020,988]","[2725000,2757000,2753000,2934000,2876000]",1020,14045000
28,65,5,"[942,1138,1014,896,1077]","[2777000,3156000,2937000,2644000,3171000]",1138,14685000
28,66,5,"[666,1103,936,948,1026]","[1959000,3116000,2729000,2721000,2999000]",1103,13524000
28,67,5,"[847,1003,985,977,1081]","[2479000,2934000,2854000,2857000,3122000]",1081,14246000
28,68,5,"[866,1008,1069,1010,1042]","[2563000,2808000,3086000,2906000,3011000]",1069,14374000
28,69,5,"[693,980,1017,952,1103]","[2064000,2709000,2932000,2710000,3204000]",1103,13619000
28,70,5,"[869,982,903,919,1078]","[2551000,2862000,2656000,2642000,3192000]",1078,13903000
28,71,5,"[862,936,1072,985,1015]","[2523000,2603000,3091000,2790000,2968000]",1072,13975000
28,72,5,"[768,1045,981,1014,1034]","[2251000,2984000,2852000,2992000,3052000]",1045,14131000
28,73,5,"[755,1098,955,1001,977]","[2295000,3178000,2811000,2924000,2881000]",1098,14089000
28,74,5,"[647,1101,916,969,1026]","[1921000,3110000,2671000,2748000,2997000]",1101,13447000
28,75,5,"[858,915,1021,972,1103]","[2544000,2505000,2941000,2728000,3223000]",1103,13941000
28,76,5,"[897,917,983,961,1076]","[2647000,2580000,2861000,2746000,3098000]",1076,13932000
28,77,5,"[877,1152,981,1099,1049]","[2715000,3264000,2858000,3218000,3092000]",1152,15147000
28,78,5,"[691,1137,911,900,1011]","[2074000,3346000,2649000,2616000,2946000]",1137,13631000
28,79,5,"[771,1023,1044,899,1023]","[2303000,2877000,2975000,2624000,2995000]",1044,13774000
28,80,5,"[711,1068,979,820,1003]","[2064000,3001000,2828000,2377000,2927000]",1068,13197000
28,81,5,"[680,1109,935,916,1020]","[1979000,3139000,2743000,2656000,2985000]",1109,13502000
28,82,5,"[817,941,1077,992,1053]","[2450000,2691000,3114000,2945000,3096000]",1077,14296000
28,83,5,"[747,1107,995,922,1081]","[2186000,3122000,2848000,2654000,3179000]",1107,13989000
28,84,5,"[625,1096,883,842,1083]","[1826000,3101000,2579000,2380000,3165000]",1096,13051000
28,85,5,"[769,1097,884,937,1078]","[2287000,3099000,2575000,2673000,3142000]",1097,13776000
28,86,5,"[657,1104,960,867,1022]","[1931000,3117000,2759000,2501000,2987000]",1104,13295000
28,87,5,"[878,1079,945,937,984]","[2597000,3131000,2776000,2696000,2892000]",1079,14092000
28,88,5,"[958,1077,933,838,1095]","[2943000,3043000,2710000,2369000,3213000]",1095,14278000
28,89,5,"[963,1121,1036,843,1067]","[3073000,3176000,2970000,2393000,3170000]",1121,14782000
28,90,5,"[713,1120,922,845,1029]","[2151000,3128000,2699000,2388000,3001000]",1120,13367000
28,91,5,"[769,1065,937,812,1023]","[2289000,2990000,2715000,2302000,2986000]",1065,13282000
28,92,5,"[867,1015,909,917,1066]","[2547000,2948000,2656000,2650000,3128000]",1066,13929000
28,93,5,"[867,980,949,938,1021]","[2550000,2851000,2776000,2705000,2993000]",1021,13875000
28,94,5,"[766,1068,993,866,1008]","[2297000,2991000,2868000,2518000,2940000]",1068,13614000
28,95,5,"[915,946,949,891,947]","[2742000,2776000,2760000,2552000,2782000]",949,13612000
28,96,5,"[721,943,1035,1004,989]","[2043000,2698000,3043000,2911000,2866000]",1035,13561000
28,97,5,"[780,962,1033,874,1044]","[2354000,2746000,2969000,2470000,3053000]",1044,13592000
28,98,5,"[766,1036,976,844,1025]","[2287000,2894000,2833000,2386000,2991000]",1036,13391000
28,99,5,"[774,989,1024,953,978]","[2247000,2723000,2952000,2714000,2847000]",1024,13483000
28,100,5,"[750,986,1044,890,1026]","[2222000,2759000,3033000,2581000,3000000]",1044,13595000
28,101,5,"[717,1068,954,839,1027]","[2178000,2974000,2804000,2371000,3015000]",1068,13342000
28,102,5,"[688,944,1065,940,990]","[2051000,2617000,3073000,2691000,2854000]",1065,13286000
28,103,5,"[704,1069,908,843,1041]","[2054000,3013000,2646000,2383000,3041000]",1069,13137000
28,104,5,"[910,942,946,979,987]","[2717000,2767000,2751000,2825000,2890000]",987,13950000
28,105,5,"[714,1103,933,837,1026]","[2154000,3091000,2726000,2364000,3003000]",1103,13338000
28,106,5,"[770,1022,981,885,1021]","[2291000,2873000,2842000,2566000,2983000]",1022,13555000
28,107,5,"[708,1074,913,839,1028]","[2062000,3051000,2653000,2370000,3019000]",1074,13155000
28,108,5,"[652,1097,913,896,1047]","[1925000,3103000,2660000,2601000,3049000]",1097,13338000
28,109,5,"[886,917,905,991,1021]","[2593000,2687000,2657000,2855000,2994000]",1021,13786000
28,110,5,"[664,1055,974,897,1026]","[1973000,3031000,2845000,2577000,3015000]",1055,13441000
28,111,5,"[671,1065,967,922,1025]","[1969000,3012000,2829000,2654000,2991000]",1065,13455000
28,112,5,"[894,948,903,972,1003]","[2615000,2804000,2652000,2783000,2940000]",1003,13794000
28,113,5,"[769,1061,991,839,1008]","[2293000,2981000,2859000,2463000,2947000]",1061,13543000
28,114,5,"[846,1023,940,904,1026]","[2515000,2877000,2723000,2610000,3009000]",1026,13734000
29,1,5,"[877,1008,1022,1007,974]","[2481000,2991000,2999000,2923000,2844000]",1022,14238000
29,2,5,"[907,1010,993,1009,978]","[2576000,2995000,2927000,2932000,2866000]",1010,14296000
29,3,5,"[549,995,1006,1027,970]","[1553000,2898000,2941000,2987000,2697000]",1027,13076000
29,4,5,"[578,877,1072,1091,676]","[1655000,2528000,3098000,3148000,1994000]",1091,12423000
29,5,5,"[595,958,1049,1067,719]","[1790000,2774000,3097000,3037000,2050000]",1067,12748000
29,6,5,"[590,881,1079,1081,685]","[1699000,2554000,3125000,3161000,1993000]",1081,12532000
29,7,5,"[654,962,1030,1038,740]","[1900000,2830000,3028000,3016000,2061000]",1038,12835000
29,8,5,"[906,1013,998,1004,1001]","[2557000,2998000,2911000,2889000,2923000]",1013,14278000
29,9,5,"[552,880,1074,1090,680]","[1629000,2543000,3111000,3146000,2001000]",1090,12430000
29,10,5,"[552,1026,958,1033,866]","[1578000,2988000,2832000,2966000,2533000]",1033,12897000
29,11,5,"[603,874,1048,1088,680]","[1737000,2540000,3017000,3142000,1995000]",1088,12431000
29,12,5,"[543,1028,1020,1035,826]","[1539000,2985000,2994000,2969000,2424000]",1035,12911000
29,13,5,"[614,948,1034,1077,751]","[1737000,2770000,2989000,3147000,2147000]",1077,12790000
29,14,5,"[590,877,1075,1089,681]","[1699000,2546000,3108000,3144000,1997000]",1089,12494000
29,15,5,"[614,928,1041,1075,763]","[1736000,2751000,3097000,3105000,2168000]",1075,12857000
29,16,5,"[916,992,994,1024,1011]","[2600000,2905000,2928000,2976000,2861000]",1024,14270000
29,17,5,"[549,988,1013,1028,970]","[1553000,2875000,2962000,2992000,2697000]",1028,13079000
29,18,5,"[593,948,1005,1068,827]","[1659000,2788000,2945000,3157000,2333000]",1068,12882000
29,19,5,"[582,919,1028,1090,677]","[1654000,2660000,2977000,3142000,2005000]",1090,12438000
29,20,5,"[619,969,1044,1043,775]","[1749000,2892000,3057000,3013000,2191000]",1044,12902000
29,21,5,"[799,1076,960,1106,1002]","[2264000,3116000,2818000,3175000,2920000]",1106,14293000
29,22,5,"[578,986,1013,1133,744]","[1664000,2870000,2975000,3282000,2056000]",1133,12847000
29,23,5,"[626,938,1003,1156,950]","[1781000,2770000,2920000,3318000,2779000]",1156,13568000
29,24,5,"[623,973,1051,1116,778]","[1760000,2907000,3076000,3155000,2212000]",1116,13110000
29,25,5,"[561,978,1021,1057,874]","[1612000,2841000,2994000,3027000,2532000]",1057,13006000
29,26,5,"[924,936,1053,1107,940]","[2639000,2722000,3089000,3235000,2645000]",1107,14330000
29,27,5,"[579,873,1082,1089,676]","[1648000,2499000,3152000,3147000,1991000]",1089,12437000
29,28,5,"[634,911,1078,1092,709]","[1878000,2701000,3108000,3155000,2090000]",1092,12932000
29,29,5,"[866,952,997,1154,777]","[2457000,2788000,2935000,3322000,2211000]",1154,13713000
29,30,5,"[915,986,1019,1058,955]","[2612000,2896000,2997000,3047000,2671000]",1058,14223000
29,31,5,"[799,990,1015,1163,976]","[2266000,2886000,2996000,3319000,2853000]",1163,14320000
29,32,5,"[854,991,1007,1065,927]","[2422000,2894000,2960000,3062000,2658000]",1065,13996000
29,33,5,"[552,955,1017,1128,837]","[1554000,2750000,2987000,3226000,2435000]",1128,12952000
29,34,5,"[634,980,1027,1056,886]","[1808000,2881000,3012000,3042000,2420000]",1056,13163000
29,35,5,"[648,1026,993,1133,742]","[1881000,2962000,2914000,3286000,2062000]",1133,13105000
29,36,5,"[602,946,974,1100,820]","[1684000,2783000,2835000,3223000,2330000]",1100,12855000
29,37,5,"[552,979,1051,1076,849]","[1586000,2846000,3058000,3065000,2488000]",1076,13043000
29,38,5,"[794,991,1015,1084,742]","[2261000,2900000,2953000,3168000,2067000]",1084,13349000
29,39,5,"[593,938,1085,1099,808]","[1654000,2780000,3123000,3205000,2287000]",1099,13049000
29,40,5,"[908,945,1061,1103,934]","[2579000,2758000,3122000,3222000,2618000]",1103,14299000
29,41,5,"[737,1076,1029,1057,803]","[2156000,3128000,3027000,3036000,2283000]",1076,13630000
29,42,5,"[572,984,1081,1084,691]","[1650000,2870000,3194000,3155000,1938000]",1084,12807000
29,43,5,"[917,936,1077,1081,788]","[2609000,2722000,3133000,3153000,2221000]",1081,13838000
29,44,5,"[884,1031,1021,1075,1042]","[2504000,2991000,2989000,3048000,3011000]",1075,14543000
29,45,5,"[640,968,1010,993,784]","[1814000,2846000,2964000,2899000,2243000]",1010,12766000
29,46,5,"[581,956,1049,1107,901]","[1753000,2767000,3100000,3218000,2476000]",1107,13314000
29,47,5,"[618,967,1042,1045,775]","[1747000,2870000,3065000,3017000,2191000]",1045,12890000
29,48,5,"[595,943,1015,1128,740]","[1792000,2721000,2987000,3223000,2107000]",1128,12830000
29,49,5,"[808,994,1048,1148,694]","[2299000,2892000,2992000,3322000,1953000]",1148,13458000
29,50,5,"[621,929,1034,1085,758]","[1750000,2716000,2996000,3166000,2154000]",1085,12782000
29,51,5,"[902,969,1036,1055,950]","[2560000,2886000,3057000,3038000,2779000]",1055,14320000
29,52,5,"[809,995,1035,1148,720]","[2288000,2897000,3014000,3322000,2043000]",1148,13564000
29,53,5,"[549,998,1005,1100,868]","[1556000,2914000,2948000,3223000,2404000]",1100,13045000
29,54,5,"[757,985,1017,1212,767]","[2165000,2879000,2996000,3423000,2142000]",1212,13605000
29,55,5,"[562,991,1018,1057,890]","[1629000,2876000,3007000,3044000,2459000]",1057,13015000
29,56,5,"[913,999,995,1097,927]","[2600000,2929000,2928000,3211000,2604000]",1097,14272000
29,57,5,"[612,938,1082,1078,751]","[1735000,2743000,3072000,3149000,2143000]",1082,12842000
29,58,5,"[922,938,1052,1090,939]","[2639000,2716000,3088000,3126000,2655000]",1090,14224000
29,59,5,"[596,899,1085,1110,733]","[1761000,2584000,3122000,3192000,2214000]",1110,12873000
29,60,5,"[554,934,1019,1145,720]","[1642000,2662000,2939000,3310000,2081000]",1145,12634000
29,61,5,"[607,828,1004,1126,898]","[1740000,2418000,2879000,3298000,2513000]",1126,12848000
29,62,5,"[617,853,1086,1079,744]","[1761000,2503000,3177000,3107000,2109000]",1086,12657000
29,63,5,"[779,988,1039,1151,698]","[2232000,2882000,2978000,3326000,1959000]",1151,13377000
29,64,5,"[599,948,1063,1134,793]","[1667000,2801000,3089000,3223000,2242000]",1134,13022000
29,65,5,"[593,1011,1048,1081,728]","[1670000,2862000,3017000,3149000,2031000]",1081,12729000
29,66,5,"[551,980,1003,1060,849]","[1577000,2849000,2952000,3033000,2482000]",1060,12893000
29,67,5,"[549,989,1012,1069,967]","[1553000,2877000,2962000,3056000,2693000]",1069,13141000
29,68,5,"[801,1079,963,1115,969]","[2274000,3123000,2838000,3219000,2830000]",1115,14284000
29,69,5,"[548,1027,1017,1026,845]","[1561000,2982000,2981000,2925000,2470000]",1027,12919000
29,70,5,"[562,991,1019,1054,895]","[1629000,2877000,2997000,3038000,2459000]",1054,13000000
29,71,5,"[575,915,988,1108,740]","[1649000,2635000,2920000,3193000,2151000]",1108,12548000
29,72,5,"[551,973,1060,1054,800]","[1579000,2843000,3107000,3026000,2356000]",1060,12911000
29,73,5,"[629,941,994,1078,820]","[1780000,2742000,2942000,3109000,2296000]",1078,12869000
29,74,5,"[879,1012,947,1113,976]","[2500000,2991000,2773000,3222000,2843000]",1113,14329000
29,75,5,"[639,940,1091,1080,729]","[1833000,2713000,3190000,3100000,2067000]",1091,12903000
29,76,5,"[597,870,1028,1141,751]","[1724000,2518000,2987000,3359000,2200000]",1141,12788000
29,77,5,"[582,954,1014,1051,735]","[1659000,2776000,2956000,3062000,2149000]",1051,12602000
29,78,5,"[804,1076,1033,1056,983]","[2288000,3118000,3040000,3019000,2882000]",1076,14347000
29,79,5,"[558,944,1057,1144,869]","[1587000,2744000,3116000,3308000,2400000]",1144,13155000
29,80,5,"[793,1116,1038,1057,978]","[2238000,3184000,3055000,3030000,2861000]",1116,14368000
29,81,5,"[848,956,1001,1145,676]","[2401000,2796000,2899000,3355000,1917000]",1145,13368000
29,82,5,"[632,979,1038,1054,922]","[1794000,2910000,3025000,3014000,2648000]",1054,13391000
29,83,5,"[915,930,997,1084,854]","[2610000,2695000,2936000,3151000,2419000]",1084,13811000
29,84,5,"[549,869,1084,1059,803]","[1557000,2518000,3160000,3017000,2384000]",1084,12636000
29,85,5,"[783,1087,1041,1048,715]","[2220000,3164000,2987000,3044000,2008000]",1087,13423000
29,86,5,"[590,880,1163,1079,681]","[1699000,2552000,3386000,3110000,1997000]",1163,12744000
29,87,5,"[912,995,990,1034,1023]","[2595000,2915000,2908000,2961000,2893000]",1034,14272000
29,88,5,"[638,978,1029,1023,774]","[1824000,2913000,3003000,2918000,2199000]",1029,12857000
29,89,5,"[558,944,1056,1153,869]","[1587000,2741000,3114000,3321000,2402000]",1153,13165000
29,90,5,"[582,876,988,1156,729]","[1652000,2499000,2894000,3365000,2118000]",1156,12528000
29,91,5,"[582,912,991,1145,739]","[1672000,2624000,2868000,3319000,2146000]",1145,12629000
29,92,5,"[598,950,1061,1094,800]","[1656000,2794000,3087000,3181000,2259000]",1094,12977000
29,93,5,"[548,938,1057,1103,871]","[1567000,2689000,3112000,3227000,2403000]",1103,12998000
29,94,5,"[896,1012,1024,1014,967]","[2512000,2999000,3009000,2949000,2832000]",1024,14301000
29,95,5,"[907,1008,1068,996,978]","[2576000,2991000,3107000,2858000,2866000]",1068,14398000
29,96,5,"[549,995,1052,1024,939]","[1553000,2898000,3021000,2981000,2649000]",1052,13102000
29,97,5,"[603,874,1048,1088,680]","[1737000,2540000,3017000,3142000,1995000]",1088,12431000
29,98,5,"[593,959,994,1064,772]","[1790000,2776000,2938000,3029000,2198000]",1064,12731000
29,99,5,"[590,868,1085,1083,685]","[1699000,2519000,3149000,3155000,1993000]",1085,12515000
29,100,5,"[658,959,1029,1035,738]","[1888000,2811000,3033000,3006000,2045000]",1035,12783000
29,101,5,"[906,1011,997,1006,1017]","[2557000,2991000,2916000,2897000,2969000]",1017,14330000
29,102,5,"[552,888,1081,1121,684]","[1628000,2580000,3135000,3216000,2021000]",1121,12580000
29,103,5,"[562,1028,948,1034,845]","[1605000,2984000,2789000,2954000,2471000]",1034,12803000
29,104,5,"[603,872,1051,1091,681]","[1733000,2532000,3038000,3148000,1997000]",1091,12448000
29,105,5,"[546,996,1018,1035,828]","[1539000,2920000,2984000,2975000,2452000]",1035,12870000
29,106,5,"[567,946,1030,1079,758]","[1677000,2753000,2977000,3147000,2164000]",1079,12718000
29,107,5,"[599,877,1044,1093,700]","[1714000,2540000,3018000,3148000,2085000]",1093,12505000
29,108,5,"[621,968,1034,1044,768]","[1750000,2863000,3062000,3020000,2172000]",1044,12867000
29,109,5,"[912,1052,998,1024,975]","[2592000,3063000,2942000,2976000,2753000]",1052,14326000
29,110,5,"[546,993,1020,1041,954]","[1558000,2891000,2998000,3024000,2655000]",1041,13126000
29,111,5,"[591,943,1005,1066,830]","[1655000,2776000,2933000,3146000,2356000]",1066,12866000
29,112,5,"[593,922,1001,1093,710]","[1693000,2657000,2889000,3160000,2083000]",1093,12482000
29,113,5,"[619,962,1050,1046,775]","[1749000,2869000,3078000,3019000,2191000]",1050,12906000
30,1,5,"[989,1010,888,1011,821]","[2967000,3049000,2671000,3006000,2447000]",1011,14140000
30,2,5,"[992,1015,891,973,842]","[2977000,3055000,2684000,2905000,2512000]",1015,14133000
30,3,5,"[978,993,904,982,923]","[2933000,3015000,2701000,2873000,2734000]",993,14256000
30,4,5,"[996,1006,906,979,872]","[2992000,3004000,2702000,2925000,2588000]",1006,14211000
30,5,5,"[1007,1003,918,1009,823]","[3003000,3026000,2730000,2990000,2474000]",1009,14223000
30,6,5,"[978,993,904,982,923]","[2934000,3017000,2701000,2871000,2734000]",993,14257000
30,7,5,"[1010,1005,916,990,841]","[3007000,3024000,2731000,2934000,2519000]",1010,14215000
30,8,5,"[1014,988,916,1000,825]","[3024000,2985000,2737000,2978000,2452000]",1014,14176000
30,9,5,"[1020,991,895,1005,825]","[3038000,2984000,2692000,2978000,2452000]",1020,14144000
30,10,5,"[995,983,909,1004,912]","[2983000,2971000,2722000,2990000,2715000]",1004,14381000
30,11,5,"[1000,1020,887,1010,817]","[2992000,3061000,2669000,3000000,2441000]",1020,14163000
30,12,5,"[996,1003,906,1012,846]","[2999000,2984000,2710000,3009000,2515000]",1012,14217000
30,13,5,"[1024,979,887,1010,817]","[3083000,2952000,2671000,2998000,2441000]",1024,14145000
30,14,5,"[1000,1010,914,931,934]","[2985000,3027000,2724000,2748000,2745000]",1010,14229000
30,15,5,"[1005,1018,887,1016,818]","[2997000,3062000,2672000,3016000,2441000]",1018,14188000
30,16,5,"[994,1006,943,980,874]","[2978000,3024000,2799000,2874000,2608000]",1006,14283000
30,17,5,"[1001,1008,922,944,931]","[2990000,3023000,2742000,2777000,2739000]",1008,14271000
30,18,5,"[1005,978,916,982,933]","[3001000,2942000,2722000,2894000,2743000]",1005,14302000
30,19,5,"[1018,990,918,1004,824]","[3037000,2978000,2741000,2983000,2452000]",1018,14191000
30,20,5,"[1000,1024,887,1010,817]","[2989000,3072000,2669000,3000000,2441000]",1024,14171000
30,21,5,"[974,1048,916,934,938]","[2926000,3152000,2724000,2763000,2759000]",1048,14324000
30,22,5,"[996,1004,907,942,951]","[2991000,2993000,2710000,2792000,2781000]",1004,14267000
30,23,5,"[1007,1003,917,1009,823]","[3006000,3026000,2725000,2990000,2474000]",1009,14221000
30,24,5,"[1018,987,892,940,933]","[3032000,2984000,2677000,2776000,2750000]",1018,14219000
30,25,5,"[1028,1026,898,1014,818]","[3097000,3081000,2673000,3015000,2441000]",1028,14307000
30,26,5,"[995,1058,890,1023,824]","[2975000,3154000,2680000,3036000,2461000]",1058,14306000
30,27,5,"[1000,1020,891,1006,947]","[2982000,3084000,2680000,2966000,2834000]",1020,14546000
30,28,5,"[1020,989,912,941,923]","[3039000,2995000,2726000,2792000,2729000]",1020,14281000
30,29,5,"[970,1046,912,986,850]","[2872000,3137000,2724000,2924000,2521000]",1046,14178000
30,30,5,"[997,1021,894,940,929]","[2989000,3080000,2686000,2781000,2752000]",1021,14288000
30,31,5,"[1011,1008,919,1022,876]","[2996000,3027000,2737000,3038000,2607000]",1022,14405000
30,32,5,"[995,1006,944,981,874]","[2983000,3024000,2803000,2874000,2608000]",1006,14292000
30,33,5,"[996,1018,891,954,933]","[2975000,3062000,2679000,2833000,2758000]",1018,14307000
30,34,5,"[1038,1014,903,980,868]","[3092000,3051000,2687000,2928000,2568000]",1038,14326000
30,35,5,"[1003,1039,894,941,929]","[3005000,3104000,2683000,2783000,2752000]",1039,14327000
30,36,5,"[1024,1135,887,945,932]","[3044000,3300000,2652000,2794000,2746000]",1135,14536000
30,37,5,"[966,1116,916,935,934]","[2873000,3300000,2726000,2775000,2755000]",1116,14429000
30,38,5,"[968,1045,915,933,931]","[2891000,3138000,2726000,2760000,2741000]",1045,14256000
30,39,5,"[1008,1011,894,942,941]","[3033000,3028000,2673000,2794000,2785000]",1011,14313000
30,40,5,"[950,1051,892,979,841]","[2866000,3191000,2694000,2917000,2506000]",1051,14174000
30,41,5,"[1006,1056,927,996,819]","[3032000,3132000,2736000,2967000,2441000]",1056,14308000
30,42,5,"[1001,1000,911,929,934]","[2993000,3018000,2715000,2750000,2745000]",1001,14221000
30,43,5,"[998,1007,914,984,871]","[2981000,3032000,2723000,2922000,2580000]",1007,14238000
30,44,5,"[976,1048,913,1000,860]","[2906000,3153000,2724000,2959000,2556000]",1048,14298000
30,45,5,"[1072,1016,904,995,929]","[3138000,3054000,2699000,2894000,2753000]",1072,14538000
30,46,5,"[968,1110,887,1009,817]","[2896000,3283000,2671000,2996000,2441000]",1110,14287000
30,47,5,"[989,1011,894,1014,821]","[2967000,3049000,2689000,3007000,2447000]",1014,14159000
30,48,5,"[996,995,898,979,842]","[3002000,3033000,2694000,2925000,2512000]",996,14166000
30,49,5,"[978,992,903,969,942]","[2940000,3010000,2697000,2845000,2787000]",992,14279000
30,50,5,"[1002,970,907,981,871]","[3028000,2945000,2702000,2913000,2592000]",1002,14180000
30,51,5,"[1020,1005,969,1008,843]","[3055000,3030000,2846000,2978000,2502000]",1020,14411000
30,52,5,"[979,992,904,969,942]","[2947000,3020000,2697000,2848000,2787000]",992,14299000
30,53,5,"[1001,1010,912,983,840]","[2993000,3055000,2724000,2911000,2514000]",1010,14197000
30,54,5,"[1021,993,911,985,844]","[3048000,3018000,2722000,2933000,2509000]",1021,14230000
30,55,5,"[1023,995,895,979,843]","[3057000,3026000,2701000,2921000,2515000]",1023,14220000
30,56,5,"[1010,951,915,1010,911]","[3033000,2889000,2744000,2996000,2693000]",1010,14355000
30,57,5,"[970,1024,891,1004,875]","[2906000,3061000,2679000,2983000,2593000]",1024,14222000
30,58,5,"[1004,977,912,1004,840]","[3029000,2965000,2731000,2976000,2502000]",1004,14203000
30,59,5,"[1027,1027,890,950,819]","[3098000,3108000,2677000,2814000,2445000]",1027,14142000
30,60,5,"[1000,1010,913,931,934]","[2988000,3027000,2719000,2748000,2745000]",1010,14227000
30,61,5,"[1002,1023,891,989,841]","[2996000,3090000,2694000,2938000,2499000]",1023,14217000
30,62,5,"[996,1009,943,935,913]","[2968000,3038000,2801000,2746000,2722000]",1009,14275000
30,63,5,"[1021,1004,926,1002,933]","[2996000,3016000,2764000,2921000,2739000]",1021,14436000
30,64,5,"[1004,975,910,955,946]","[2999000,2937000,2714000,2820000,2791000]",1004,14261000
30,65,5,"[1016,988,935,1008,824]","[3032000,2978000,2781000,2983000,2452000]",1016,14226000
30,66,5,"[999,1024,895,979,839]","[3003000,3063000,2703000,2919000,2501000]",1024,14189000
