iteration_id,solution_id,agv_count,running_times_seconds,energy_consumptions_joules,max_running_time_seconds,total_energy_consumption_joules
1,1,5,"[303,373,361,374,334]","[900000,1127000,1096000,1113000,1031000]",374,5267000
1,2,5,"[331,363,350,352,353]","[1001000,1087000,1060000,1058000,1063000]",363,5269000
1,3,5,"[311,364,353,345,371]","[937000,1095000,1062000,1035000,1141000]",371,5270000
1,4,5,"[311,363,355,347,371]","[937000,1095000,1062000,1035000,1141000]",371,5270000
1,5,5,"[331,363,350,352,353]","[1003000,1087000,1060000,1058000,1063000]",363,5271000
1,6,5,"[331,363,352,352,349]","[1001000,1095000,1060000,1058000,1058000]",363,5272000
1,7,5,"[331,365,352,352,349]","[1001000,1095000,1060000,1058000,1058000]",365,5272000
1,8,5,"[331,363,352,354,349]","[1001000,1095000,1060000,1058000,1058000]",363,5272000
1,9,5,"[331,363,352,352,349]","[1001000,1095000,1060000,1058000,1058000]",363,5272000
1,10,5,"[321,371,352,371,332]","[969000,1123000,1045000,1111000,1023000]",371,5271000
1,11,5,"[278,371,393,371,331]","[829000,1123000,1185000,1111000,1023000]",393,5271000
1,12,5,"[278,371,393,371,331]","[823000,1123000,1191000,1111000,1023000]",393,5271000
1,13,5,"[329,363,352,352,349]","[1003000,1095000,1060000,1058000,1058000]",363,5274000
1,14,5,"[329,363,352,352,349]","[1003000,1095000,1060000,1058000,1058000]",363,5274000
1,15,5,"[331,365,352,353,349]","[1001000,1095000,1060000,1060000,1058000]",365,5274000
1,16,5,"[329,363,352,354,349]","[1003000,1095000,1060000,1058000,1058000]",363,5274000
1,17,5,"[329,363,352,352,349]","[1003000,1095000,1060000,1058000,1058000]",363,5274000
1,18,5,"[321,363,352,327,385]","[963000,1095000,1051000,973000,1193000]",385,5275000
1,19,5,"[321,363,352,327,385]","[969000,1095000,1045000,973000,1193000]",385,5275000
1,20,5,"[329,363,352,353,349]","[1003000,1095000,1060000,1060000,1058000]",363,5276000
1,21,5,"[330,365,352,352,349]","[1008000,1099000,1060000,1058000,1058000]",365,5283000
1,22,5,"[328,366,351,345,464]","[971000,1100000,1065000,998000,1359000]",464,5493000
1,23,5,"[331,363,350,352,353]","[1003000,1087000,1060000,1058000,1063000]",363,5271000
1,24,5,"[327,363,376,352,347]","[993000,1095000,1112000,1058000,1058000]",376,5316000
1,25,5,"[353,414,374,353,354]","[1048000,1209000,1106000,1045000,1068000]",414,5476000
1,26,5,"[325,428,362,308,467]","[944000,1233000,1111000,916000,1361000]",467,5565000
1,27,5,"[402,366,350,366,453]","[1161000,1100000,1060000,1034000,1311000]",453,5666000
1,28,5,"[333,367,360,345,357]","[1002000,1109000,1081000,1027000,1085000]",367,5304000
1,29,5,"[311,362,356,347,371]","[937000,1087000,1064000,1035000,1141000]",371,5264000
1,30,5,"[321,375,350,351,369]","[960000,1129000,1060000,1040000,1131000]",375,5320000
1,31,5,"[339,442,406,358,345]","[969000,1280000,1205000,1072000,1056000]",442,5582000
1,32,5,"[342,380,363,342,360]","[1001000,1150000,1096000,1012000,1087000]",380,5346000
1,33,5,"[328,366,351,361,461]","[971000,1100000,1065000,1029000,1354000]",461,5519000
1,34,5,"[331,363,352,352,349]","[1007000,1095000,1060000,1058000,1058000]",363,5278000
1,35,5,"[355,377,359,314,462]","[1004000,1134000,1096000,921000,1359000]",462,5514000
1,36,5,"[325,366,350,333,463]","[973000,1103000,1045000,975000,1361000]",463,5457000
1,37,5,"[339,377,359,315,445]","[996000,1134000,1096000,921000,1294000]",445,5441000
1,38,5,"[338,446,365,356,352]","[959000,1294000,1100000,1066000,1068000]",446,5487000
1,39,5,"[330,362,359,398,463]","[963000,1016000,1096000,1168000,1359000]",463,5602000
1,40,5,"[325,365,369,346,355]","[965000,1095000,1120000,1035000,1085000]",369,5300000
1,41,5,"[311,362,356,346,371]","[937000,1087000,1064000,1035000,1141000]",371,5264000
1,42,5,"[331,363,352,331,381]","[1001000,1087000,1062000,982000,1157000]",381,5289000
1,43,5,"[274,418,328,413,466]","[815000,1252000,938000,1208000,1363000]",466,5576000
1,44,5,"[331,362,350,368,353]","[1001000,1087000,1060000,1090000,1063000]",368,5301000
1,45,5,"[388,373,353,327,371]","[1136000,1128000,1051000,962000,1132000]",388,5409000
1,46,5,"[327,377,359,314,449]","[978000,1134000,1096000,921000,1312000]",449,5441000
1,47,5,"[331,368,350,344,453]","[1001000,1104000,1060000,996000,1314000]",453,5475000
1,48,5,"[325,366,350,328,462]","[973000,1103000,1045000,967000,1359000]",462,5447000
1,49,5,"[331,363,350,352,353]","[1001000,1087000,1060000,1058000,1063000]",363,5269000
1,50,5,"[343,395,405,411,469]","[986000,1115000,1152000,1206000,1368000]",469,5827000
1,51,5,"[355,380,348,311,461]","[1037000,1131000,1068000,918000,1339000]",461,5493000
1,52,5,"[305,375,359,348,373]","[900000,1127000,1096000,1038000,1128000]",375,5289000
1,53,5,"[317,362,350,326,385]","[957000,1087000,1060000,973000,1193000]",385,5270000
1,54,5,"[325,419,385,312,462]","[950000,1223000,1148000,922000,1359000]",462,5602000
1,55,5,"[397,405,362,354,349]","[1115000,1176000,1096000,1060000,1062000]",405,5509000
1,56,5,"[315,364,351,353,365]","[957000,1087000,1065000,1058000,1120000]",365,5287000
1,57,5,"[328,399,352,365,349]","[966000,1194000,1060000,1084000,1058000]",399,5362000
1,58,5,"[327,374,356,311,462]","[966000,1128000,1072000,916000,1359000]",462,5441000
1,59,5,"[303,389,359,375,334]","[900000,1168000,1096000,1118000,1031000]",389,5313000
1,60,5,"[331,361,459,356,284]","[1001000,1087000,1362000,1062000,860000]",459,5372000
1,61,5,"[314,345,353,345,420]","[952000,1033000,1060000,1033000,1263000]",420,5341000
1,62,5,"[315,363,351,387,332]","[957000,1095000,1060000,1169000,1008000]",387,5289000
1,63,5,"[329,362,350,359,374]","[1003000,1097000,1060000,1060000,1123000]",374,5343000
1,64,5,"[331,344,353,406,350]","[1001000,1021000,1065000,1200000,1069000]",406,5356000
1,65,5,"[385,367,350,352,321]","[1136000,1112000,1060000,1058000,981000]",385,5347000
1,66,5,"[307,476,352,354,349]","[929000,1348000,1060000,1058000,1058000]",476,5453000
1,67,5,"[332,366,350,380,376]","[1006000,1101000,1060000,1111000,1124000]",380,5402000
1,68,5,"[321,308,352,456,332]","[969000,916000,1045000,1362000,1023000]",456,5315000
1,69,5,"[280,378,393,383,332]","[829000,1146000,1185000,1130000,1023000]",393,5313000
1,70,5,"[278,389,394,371,332]","[823000,1159000,1191000,1111000,1023000]",394,5307000
1,71,5,"[329,383,352,365,349]","[1003000,1144000,1060000,1075000,1056000]",383,5338000
1,72,5,"[329,365,352,352,349]","[1003000,1099000,1060000,1058000,1058000]",365,5278000
1,73,5,"[445,363,356,306,348]","[1301000,1095000,1080000,903000,1062000]",445,5441000
1,74,5,"[331,425,357,358,353]","[1003000,1245000,1072000,1034000,1065000]",425,5419000
1,75,5,"[327,366,455,316,348]","[993000,1101000,1321000,944000,1058000]",455,5417000
1,76,5,"[321,342,352,327,432]","[963000,1029000,1051000,973000,1311000]",432,5327000
1,77,5,"[321,363,352,390,338]","[969000,1095000,1045000,1161000,1039000]",390,5309000
1,78,5,"[329,418,313,356,347]","[1003000,1250000,941000,1066000,1058000]",418,5318000
2,1,5,"[405,411,244,264,406]","[1224000,1275000,699000,772000,1274000]",411,5244000
2,2,5,"[393,370,367,256,361]","[1182000,1145000,1090000,740000,1116000]",393,5273000
2,3,5,"[373,368,374,312,343]","[1121000,1141000,1112000,918000,1027000]",374,5319000
2,4,5,"[395,388,351,234,369]","[1182000,1196000,1050000,681000,1144000]",395,5253000
2,5,5,"[374,388,384,235,369]","[1123000,1196000,1149000,683000,1144000]",388,5295000
2,6,5,"[373,368,366,312,349]","[1121000,1141000,1094000,918000,1045000]",373,5319000
2,7,5,"[375,373,384,256,368]","[1125000,1151000,1137000,740000,1144000]",384,5297000
2,8,5,"[372,368,366,332,345]","[1119000,1141000,1091000,954000,1041000]",372,5346000
2,9,5,"[410,381,294,245,410]","[1228000,1172000,848000,719000,1282000]",410,5249000
2,10,5,"[406,424,245,233,414]","[1224000,1309000,702000,679000,1308000]",424,5222000
2,11,5,"[405,422,250,233,413]","[1224000,1305000,710000,679000,1304000]",422,5222000
2,12,5,"[375,373,384,256,368]","[1125000,1151000,1137000,740000,1144000]",384,5297000
2,13,5,"[406,424,245,233,414]","[1224000,1309000,702000,679000,1308000]",424,5222000
2,14,5,"[375,372,382,264,368]","[1125000,1149000,1139000,756000,1142000]",382,5311000
2,15,5,"[349,371,369,369,351]","[1035000,1145000,1099000,1062000,1045000]",371,5386000
2,16,5,"[407,381,290,245,413]","[1226000,1172000,844000,719000,1282000]",413,5243000
2,17,5,"[375,368,364,312,350]","[1125000,1141000,1087000,918000,1041000]",375,5312000
2,18,5,"[372,368,366,332,345]","[1119000,1141000,1091000,954000,1041000]",372,5346000
2,19,5,"[406,414,239,264,412]","[1224000,1271000,691000,772000,1282000]",414,5240000
2,20,5,"[375,370,370,312,344]","[1125000,1141000,1105000,918000,1023000]",375,5312000
2,21,5,"[323,465,417,342,422]","[954000,1359000,1200000,936000,1272000]",465,5721000
2,22,5,"[457,379,342,287,394]","[1340000,1133000,1026000,841000,1175000]",457,5515000
2,23,5,"[407,400,257,287,431]","[1228000,1236000,745000,835000,1301000]",431,5345000
2,24,5,"[394,379,420,328,349]","[1180000,1131000,1222000,929000,1048000]",420,5510000
2,25,5,"[405,446,333,272,428]","[1224000,1336000,985000,757000,1252000]",446,5554000
2,26,5,"[375,386,370,275,392]","[1125000,1189000,1109000,802000,1155000]",392,5380000
2,27,5,"[444,381,305,279,427]","[1312000,1137000,870000,807000,1337000]",444,5463000
2,28,5,"[394,374,349,300,419]","[1182000,1153000,1027000,840000,1264000]",419,5466000
2,29,5,"[407,395,380,287,400]","[1228000,1180000,1134000,835000,1142000]",407,5519000
2,30,5,"[352,370,376,350,377]","[1051000,1141000,1125000,990000,1126000]",377,5433000
2,31,5,"[372,375,369,284,418]","[1119000,1151000,1078000,792000,1271000]",418,5411000
2,32,5,"[371,376,414,331,347]","[1114000,1171000,1211000,932000,1043000]",414,5471000
2,33,5,"[372,371,467,299,389]","[1119000,1147000,1327000,835000,1153000]",467,5581000
2,34,5,"[457,378,343,282,397]","[1340000,1131000,1026000,828000,1185000]",457,5510000
2,35,5,"[402,435,401,283,354]","[1192000,1293000,1174000,833000,1059000]",435,5551000
2,36,5,"[436,444,248,235,431]","[1286000,1364000,713000,679000,1321000]",444,5363000
2,37,5,"[402,388,440,329,378]","[1194000,1152000,1263000,901000,1164000]",440,5674000
2,38,5,"[366,373,358,284,439]","[1081000,1151000,1054000,792000,1339000]",439,5417000
2,39,5,"[406,419,318,233,414]","[1226000,1249000,896000,679000,1306000]",419,5356000
2,40,5,"[374,371,362,292,418]","[1119000,1145000,1066000,818000,1277000]",418,5425000
2,41,5,"[429,371,369,332,349]","[1250000,1141000,1089000,934000,1048000]",429,5462000
2,42,5,"[376,373,371,289,417]","[1123000,1151000,1088000,803000,1272000]",417,5437000
2,43,5,"[376,368,363,286,396]","[1127000,1141000,1085000,836000,1173000]",396,5362000
2,44,5,"[445,395,239,270,411]","[1335000,1222000,691000,779000,1282000]",445,5309000
2,45,5,"[341,476,354,256,404]","[1016000,1415000,1051000,717000,1249000]",476,5448000
2,46,5,"[387,446,443,289,409]","[1142000,1293000,1306000,803000,1184000]",446,5728000
2,47,5,"[410,412,312,233,417]","[1228000,1238000,888000,682000,1324000]",417,5360000
2,48,5,"[361,392,342,320,414]","[1076000,1213000,972000,886000,1311000]",414,5458000
2,49,5,"[325,466,387,335,397]","[958000,1370000,1179000,938000,1175000]",466,5620000
2,50,5,"[372,387,429,281,414]","[1119000,1191000,1188000,787000,1266000]",429,5551000
2,51,5,"[398,390,314,263,406]","[1194000,1176000,916000,772000,1274000]",406,5332000
2,52,5,"[348,488,367,254,387]","[1036000,1461000,1103000,733000,1149000]",488,5482000
2,53,5,"[374,385,391,289,419]","[1123000,1147000,1151000,803000,1272000]",419,5496000
2,54,5,"[342,464,354,233,412]","[1012000,1387000,1022000,679000,1304000]",464,5404000
2,55,5,"[443,380,347,309,392]","[1312000,1136000,1032000,894000,1162000]",443,5536000
2,56,5,"[333,469,361,257,419]","[996000,1403000,1057000,748000,1276000]",469,5480000
2,57,5,"[372,368,365,306,414]","[1119000,1141000,1093000,861000,1248000]",414,5462000
2,58,5,"[446,412,350,248,389]","[1318000,1238000,1051000,721000,1162000]",446,5490000
2,59,5,"[335,492,323,275,388]","[1000000,1482000,923000,814000,1186000]",492,5405000
2,60,5,"[420,393,344,399,396]","[1232000,1136000,1031000,1113000,1172000]",420,5684000
2,61,5,"[396,390,318,269,421]","[1188000,1198000,940000,748000,1301000]",421,5375000
2,62,5,"[403,465,440,336,366]","[1148000,1392000,1297000,924000,1058000]",465,5819000
2,63,5,"[373,376,433,271,395]","[1119000,1165000,1283000,759000,1153000]",433,5479000
2,64,5,"[387,391,358,258,411]","[1147000,1201000,1054000,701000,1280000]",411,5383000
2,65,5,"[375,401,435,267,430]","[1119000,1237000,1221000,744000,1284000]",435,5605000
2,66,5,"[406,421,243,287,435]","[1226000,1307000,693000,808000,1335000]",435,5369000
2,67,5,"[406,379,420,351,349]","[1193000,1131000,1222000,987000,1048000]",420,5581000
2,68,5,"[414,413,391,308,382]","[1253000,1219000,1178000,882000,1106000]",414,5638000
2,69,5,"[339,469,375,286,419]","[1007000,1392000,1113000,782000,1282000]",469,5576000
2,70,5,"[418,429,378,312,306]","[1228000,1295000,1111000,918000,891000]",429,5443000
2,71,5,"[374,386,363,282,398]","[1123000,1189000,1089000,816000,1176000]",398,5393000
2,72,5,"[407,412,349,233,401]","[1224000,1245000,1032000,682000,1187000]",412,5370000
2,73,5,"[372,378,379,284,415]","[1119000,1151000,1096000,792000,1271000]",415,5429000
2,74,5,"[350,444,363,306,411]","[1042000,1335000,1089000,872000,1203000]",444,5541000
2,75,5,"[408,468,352,237,381]","[1230000,1373000,1055000,687000,1134000]",468,5479000
2,76,5,"[386,369,332,308,408]","[1162000,1141000,949000,858000,1278000]",408,5388000
2,77,5,"[406,440,245,245,408]","[1224000,1354000,695000,724000,1278000]",440,5275000
2,78,5,"[372,370,331,328,412]","[1119000,1145000,943000,915000,1284000]",412,5406000
2,79,5,"[408,437,347,292,416]","[1229000,1270000,1015000,818000,1254000]",437,5586000
2,80,5,"[405,399,381,264,360]","[1224000,1215000,1155000,772000,1059000]",405,5425000
2,81,5,"[372,375,358,284,417]","[1119000,1151000,1054000,792000,1271000]",417,5387000
2,82,5,"[406,411,239,269,446]","[1224000,1271000,691000,790000,1351000]",446,5327000
2,83,5,"[337,461,414,291,424]","[1003000,1375000,1173000,807000,1307000]",461,5665000
2,84,5,"[431,443,303,235,407]","[1280000,1362000,855000,682000,1235000]",443,5414000
2,85,5,"[399,396,416,347,356]","[1169000,1225000,1180000,947000,1093000]",416,5614000
2,86,5,"[372,366,497,277,397]","[1119000,1074000,1455000,776000,1175000]",497,5599000
2,87,5,"[339,465,408,284,414]","[1002000,1376000,1143000,794000,1298000]",465,5613000
2,88,5,"[382,369,369,286,387]","[1145000,1141000,1107000,836000,1143000]",387,5372000
2,89,5,"[375,390,343,245,411]","[1124000,1172000,1010000,719000,1287000]",411,5312000
2,90,5,"[405,500,347,266,396]","[1152000,1516000,1036000,757000,1185000]",500,5646000
2,91,5,"[449,380,350,285,377]","[1324000,1131000,1044000,843000,1132000]",449,5474000
2,92,5,"[419,378,346,340,393]","[1233000,1131000,1030000,983000,1162000]",419,5539000
2,93,5,"[419,432,328,329,446]","[1234000,1261000,945000,918000,1351000]",446,5709000
2,94,5,"[389,375,362,289,421]","[1153000,1155000,1060000,803000,1276000]",421,5447000
2,95,5,"[450,410,274,233,413]","[1345000,1245000,772000,682000,1304000]",450,5348000
2,96,5,"[375,371,364,295,395]","[1125000,1147000,1094000,854000,1171000]",395,5391000
2,97,5,"[448,378,301,287,431]","[1321000,1131000,860000,841000,1330000]",448,5483000
2,98,5,"[372,392,349,276,415]","[1119000,1176000,1031000,801000,1268000]",415,5395000
2,99,5,"[376,373,375,292,404]","[1119000,1145000,1128000,818000,1210000]",404,5420000
2,100,5,"[416,415,245,326,408]","[1199000,1292000,709000,935000,1284000]",416,5419000
2,101,5,"[334,370,444,256,361]","[995000,1145000,1309000,740000,1116000]",444,5305000
2,102,5,"[373,386,372,322,344]","[1121000,1167000,1112000,944000,1029000]",386,5373000
2,103,5,"[481,390,353,234,370]","[1358000,1196000,1050000,681000,1146000]",481,5431000
2,104,5,"[435,388,385,234,369]","[1248000,1196000,1144000,681000,1144000]",435,5413000
2,105,5,"[382,368,366,367,349]","[1130000,1141000,1094000,1035000,1045000]",382,5445000
2,106,5,"[377,373,384,350,326]","[1128000,1151000,1137000,977000,1009000]",384,5402000
2,107,5,"[372,371,365,363,387]","[1119000,1147000,1089000,1026000,1116000]",387,5497000
2,108,5,"[375,438,295,245,411]","[1124000,1325000,856000,719000,1287000]",438,5311000
2,109,5,"[407,424,244,232,464]","[1224000,1309000,699000,677000,1408000]",464,5317000
2,110,5,"[406,422,250,288,414]","[1229000,1305000,710000,789000,1304000]",422,5337000
2,111,5,"[375,371,515,256,293]","[1125000,1147000,1498000,740000,895000]",515,5405000
2,112,5,"[406,377,247,320,414]","[1224000,1155000,706000,925000,1308000]",414,5318000
2,113,5,"[376,373,407,265,370]","[1125000,1151000,1187000,761000,1142000]",407,5366000
2,114,5,"[348,370,403,374,356]","[1035000,1145000,1163000,1078000,1069000]",403,5490000
2,115,5,"[407,381,292,244,468]","[1224000,1172000,840000,719000,1394000]",468,5349000
2,116,5,"[465,376,345,313,350]","[1329000,1181000,1030000,923000,1046000]",465,5509000
2,117,5,"[375,368,364,330,343]","[1125000,1141000,1091000,965000,1018000]",375,5340000
2,118,5,"[408,444,220,264,408]","[1229000,1366000,638000,772000,1278000]",444,5283000
2,119,5,"[375,423,374,312,305]","[1125000,1305000,1115000,918000,888000]",423,5351000
3,1,5,"[357,331,367,371,363]","[1046000,983000,1111000,1138000,1078000]",371,5356000
3,2,5,"[305,390,367,371,342]","[877000,1194000,1111000,1138000,1005000]",390,5325000
3,3,5,"[303,366,375,377,352]","[879000,1116000,1131000,1145000,1058000]",377,5329000
3,4,5,"[304,369,393,378,330]","[879000,1116000,1193000,1145000,984000]",393,5317000
3,5,5,"[303,395,366,377,328]","[879000,1202000,1113000,1145000,980000]",395,5319000
3,6,5,"[305,366,375,377,352]","[883000,1113000,1131000,1145000,1062000]",377,5334000
3,7,5,"[304,390,368,377,335]","[881000,1194000,1117000,1145000,992000]",390,5329000
3,8,5,"[357,341,367,371,363]","[1046000,999000,1111000,1138000,1078000]",371,5372000
3,9,5,"[305,390,367,371,342]","[881000,1194000,1111000,1138000,1005000]",390,5329000
3,10,5,"[303,394,367,371,340]","[875000,1202000,1111000,1138000,1001000]",394,5327000
3,11,5,"[304,372,393,378,328]","[879000,1131000,1193000,1145000,980000]",393,5328000
3,12,5,"[303,374,395,377,328]","[879000,1124000,1193000,1145000,980000]",395,5321000
3,13,5,"[305,393,365,379,331]","[885000,1203000,1111000,1145000,985000]",393,5329000
3,14,5,"[306,393,365,379,331]","[885000,1203000,1111000,1145000,985000]",393,5329000
3,15,5,"[306,393,365,379,331]","[885000,1203000,1111000,1145000,985000]",393,5329000
3,16,5,"[299,386,379,373,346]","[871000,1171000,1131000,1138000,1024000]",386,5335000
3,17,5,"[303,368,382,373,366]","[875000,1116000,1131000,1138000,1077000]",382,5337000
3,18,5,"[287,382,391,371,350]","[817000,1159000,1189000,1138000,1028000]",391,5331000
3,19,5,"[306,366,375,377,353]","[888000,1116000,1131000,1145000,1058000]",377,5338000
3,20,5,"[303,395,366,377,330]","[879000,1202000,1113000,1145000,984000]",395,5323000
3,21,5,"[306,377,399,380,332]","[883000,1126000,1199000,1150000,988000]",399,5346000
3,22,5,"[303,409,366,377,349]","[879000,1216000,1116000,1145000,1037000]",409,5393000
3,23,5,"[306,422,369,377,336]","[879000,1241000,1119000,1145000,1020000]",422,5404000
3,24,5,"[290,399,397,385,335]","[826000,1209000,1193000,1155000,1003000]",399,5386000
3,25,5,"[311,385,375,377,348]","[900000,1163000,1131000,1145000,1035000]",385,5374000
3,26,5,"[305,405,367,377,350]","[883000,1212000,1116000,1145000,1037000]",405,5393000
3,27,5,"[304,369,393,378,330]","[879000,1118000,1200000,1145000,984000]",393,5326000
3,28,5,"[305,401,367,371,342]","[877000,1216000,1111000,1138000,1005000]",401,5347000
3,29,5,"[308,389,397,382,357]","[888000,1150000,1200000,1154000,1042000]",397,5434000
3,30,5,"[296,415,368,377,335]","[848000,1259000,1117000,1145000,992000]",415,5361000
3,31,5,"[305,370,399,379,337]","[881000,1115000,1206000,1145000,996000]",399,5343000
3,32,5,"[307,385,379,379,335]","[899000,1167000,1154000,1145000,994000]",385,5359000
3,33,5,"[306,395,369,381,332]","[883000,1207000,1122000,1155000,988000]",395,5355000
3,34,5,"[302,379,368,376,408]","[875000,1094000,1116000,1138000,1209000]",408,5432000
3,35,5,"[302,406,369,371,376]","[877000,1193000,1111000,1138000,1115000]",406,5434000
3,36,5,"[307,374,396,381,330]","[879000,1134000,1193000,1149000,984000]",396,5339000
3,37,5,"[304,375,399,377,335]","[879000,1131000,1199000,1145000,992000]",399,5346000
3,38,5,"[302,389,394,371,349]","[886000,1155000,1193000,1138000,1030000]",394,5402000
3,39,5,"[304,394,378,372,371]","[875000,1202000,1131000,1138000,1063000]",394,5409000
3,40,5,"[303,387,367,371,373]","[879000,1152000,1111000,1138000,1099000]",387,5379000
3,41,5,"[305,375,397,377,328]","[883000,1124000,1193000,1145000,980000]",397,5325000
3,42,5,"[355,332,393,460,364]","[1043000,985000,1121000,1356000,1078000]",460,5583000
3,43,5,"[307,390,367,395,342]","[881000,1194000,1111000,1178000,1005000]",395,5369000
3,44,5,"[304,409,378,378,351]","[880000,1200000,1136000,1145000,1054000]",409,5415000
3,45,5,"[304,369,397,393,330]","[879000,1116000,1192000,1184000,984000]",397,5355000
3,46,5,"[303,395,393,377,315]","[875000,1207000,1187000,1145000,926000]",395,5340000
3,47,5,"[305,366,400,377,340]","[883000,1113000,1206000,1145000,1011000]",400,5358000
3,48,5,"[310,392,416,349,335]","[911000,1194000,1249000,1054000,994000]",416,5402000
3,49,5,"[354,432,292,371,363]","[1041000,1284000,862000,1138000,1078000]",432,5403000
3,50,5,"[305,351,369,428,345]","[881000,1077000,1111000,1291000,1010000]",428,5370000
3,51,5,"[308,389,413,371,341]","[898000,1177000,1223000,1138000,1003000]",413,5439000
3,52,5,"[326,367,391,421,328]","[913000,1116000,1193000,1247000,980000]",421,5449000
3,53,5,"[284,434,396,384,330]","[829000,1273000,1193000,1155000,980000]",434,5430000
3,54,5,"[330,394,366,380,332]","[942000,1202000,1111000,1150000,980000]",394,5385000
3,55,5,"[256,394,365,486,332]","[725000,1202000,1111000,1425000,990000]",486,5453000
3,56,5,"[307,390,366,377,383]","[894000,1194000,1116000,1145000,1084000]",390,5433000
3,57,5,"[327,386,379,373,339]","[948000,1171000,1131000,1138000,993000]",386,5381000
3,58,5,"[307,375,377,330,456]","[896000,1122000,1131000,1002000,1316000]",456,5467000
3,59,5,"[287,385,415,457,348]","[817000,1165000,1177000,1366000,1028000]",457,5553000
3,60,5,"[284,367,379,379,394]","[817000,1118000,1142000,1147000,1160000]",394,5384000
3,61,5,"[305,395,366,377,330]","[883000,1202000,1113000,1145000,984000]",395,5327000
4,1,5,"[321,353,348,354,355]","[966000,1024000,1062000,1079000,1115000]",355,5246000
4,2,5,"[308,353,361,355,355]","[922000,1020000,1104000,1079000,1115000]",361,5240000
4,3,5,"[308,353,361,355,355]","[922000,1020000,1104000,1079000,1115000]",361,5240000
4,4,5,"[321,353,348,354,355]","[966000,1024000,1062000,1079000,1115000]",355,5246000
4,5,5,"[308,353,361,355,355]","[922000,1020000,1104000,1079000,1115000]",361,5240000
4,6,5,"[358,353,360,354,307]","[1082000,1024000,1104000,1079000,957000]",360,5246000
4,7,5,"[307,376,335,351,355]","[920000,1091000,1033000,1073000,1115000]",376,5232000
4,8,5,"[323,364,335,351,355]","[966000,1044000,1033000,1075000,1115000]",364,5233000
4,9,5,"[292,356,377,355,356]","[871000,1020000,1153000,1079000,1115000]",377,5238000
4,10,5,"[323,366,335,354,355]","[966000,1044000,1033000,1081000,1115000]",366,5239000
4,11,5,"[323,364,335,356,355]","[966000,1044000,1033000,1081000,1115000]",364,5239000
4,12,5,"[309,373,335,357,355]","[924000,1081000,1033000,1085000,1115000]",373,5238000
4,13,5,"[292,356,377,355,356]","[871000,1020000,1153000,1079000,1115000]",377,5238000
4,14,5,"[309,353,361,355,355]","[924000,1020000,1104000,1079000,1115000]",361,5242000
4,15,5,"[308,353,361,355,355]","[922000,1020000,1104000,1081000,1115000]",361,5242000
4,16,5,"[321,355,349,356,355]","[966000,1020000,1067000,1081000,1115000]",356,5249000
4,17,5,"[321,355,349,356,355]","[966000,1020000,1067000,1081000,1115000]",356,5249000
4,18,5,"[321,355,349,355,355]","[966000,1020000,1067000,1081000,1115000]",355,5249000
4,19,5,"[308,353,361,355,355]","[922000,1020000,1104000,1081000,1115000]",361,5242000
4,20,5,"[321,355,349,355,355]","[966000,1020000,1067000,1081000,1115000]",355,5249000
4,21,5,"[283,434,374,353,368]","[836000,1222000,1120000,1073000,1135000]",434,5386000
4,22,5,"[368,379,361,410,357]","[1053000,1085000,1020000,1249000,1110000]",410,5517000
4,23,5,"[309,376,335,351,355]","[924000,1091000,1033000,1073000,1115000]",376,5236000
4,24,5,"[255,396,432,358,365]","[762000,1150000,1269000,1085000,1127000]",432,5393000
4,25,5,"[351,412,340,354,371]","[1012000,1160000,1047000,1079000,1132000]",412,5430000
4,26,5,"[329,400,380,358,359]","[922000,1147000,1158000,1087000,1125000]",400,5439000
4,27,5,"[341,374,351,356,356]","[985000,1090000,1060000,1088000,1115000]",374,5338000
4,28,5,"[344,372,377,356,364]","[980000,1058000,1153000,1081000,1125000]",377,5397000
4,29,5,"[290,379,413,355,355]","[871000,1087000,1209000,1079000,1115000]",413,5361000
4,30,5,"[261,449,392,352,365]","[768000,1270000,1174000,1079000,1145000]",449,5436000
4,31,5,"[315,400,367,402,428]","[934000,1157000,1030000,1206000,1270000]",428,5597000
4,32,5,"[323,361,352,354,355]","[966000,1042000,1070000,1073000,1115000]",361,5266000
4,33,5,"[343,392,377,360,361]","[957000,1113000,1153000,1103000,1125000]",392,5451000
4,34,5,"[347,367,407,356,355]","[996000,1052000,1189000,1079000,1115000]",407,5431000
4,35,5,"[296,438,436,357,356]","[868000,1203000,1273000,1084000,1120000]",438,5548000
4,36,5,"[321,364,348,356,355]","[966000,1044000,1062000,1079000,1115000]",364,5266000
4,37,5,"[257,450,370,351,364]","[766000,1268000,1120000,1073000,1125000]",450,5352000
4,38,5,"[323,364,335,356,355]","[966000,1044000,1033000,1081000,1115000]",364,5239000
4,39,5,"[323,366,335,354,355]","[966000,1044000,1033000,1081000,1115000]",366,5239000
4,40,5,"[341,374,348,358,356]","[985000,1085000,1061000,1090000,1115000]",374,5336000
4,41,5,"[312,407,342,405,428]","[929000,1174000,1000000,1206000,1270000]",428,5579000
4,42,5,"[269,397,414,358,355]","[808000,1150000,1214000,1087000,1115000]",414,5374000
4,43,5,"[309,356,362,348,429]","[924000,1025000,1104000,1062000,1267000]",429,5382000
4,44,5,"[260,394,460,356,361]","[778000,1125000,1334000,1086000,1132000]",460,5455000
4,45,5,"[341,387,348,352,405]","[985000,1123000,1062000,1079000,1205000]",405,5454000
4,46,5,"[257,450,370,351,364]","[766000,1268000,1120000,1073000,1125000]",450,5352000
4,47,5,"[311,355,379,356,355]","[913000,1020000,1153000,1081000,1115000]",379,5282000
4,48,5,"[272,434,374,354,368]","[814000,1222000,1120000,1079000,1135000]",434,5370000
4,49,5,"[310,426,359,402,415]","[929000,1200000,1020000,1206000,1253000]",426,5608000
4,50,5,"[298,366,434,355,355]","[878000,1048000,1269000,1079000,1115000]",434,5389000
4,51,5,"[307,361,409,355,355]","[920000,1052000,1189000,1073000,1115000]",409,5349000
4,52,5,"[290,426,370,356,358]","[871000,1180000,1120000,1087000,1120000]",426,5378000
4,53,5,"[388,353,348,295,355]","[1172000,1024000,1062000,889000,1115000]",388,5262000
4,54,5,"[308,329,415,355,355]","[922000,951000,1233000,1079000,1115000]",415,5300000
4,55,5,"[308,391,361,354,348]","[925000,1129000,1106000,1079000,1067000]",391,5306000
4,56,5,"[321,434,348,354,307]","[966000,1246000,1062000,1079000,957000]",434,5310000
4,57,5,"[310,353,361,385,355]","[926000,1020000,1109000,1143000,1115000]",385,5313000
4,58,5,"[358,389,360,354,316]","[1082000,1123000,1104000,1079000,948000]",389,5336000
4,59,5,"[309,331,335,476,356]","[924000,952000,1033000,1371000,1117000]",476,5397000
4,60,5,"[323,365,335,354,411]","[966000,1046000,1033000,1086000,1231000]",411,5362000
4,61,5,"[290,354,414,355,355]","[871000,1020000,1227000,1079000,1115000]",414,5312000
4,62,5,"[323,364,335,361,355]","[966000,1044000,1033000,1097000,1115000]",364,5255000
4,63,5,"[363,418,335,356,355]","[1047000,1157000,1033000,1081000,1115000]",418,5433000
4,64,5,"[358,376,336,355,367]","[1047000,1083000,1035000,1083000,1112000]",376,5360000
4,65,5,"[291,353,461,347,362]","[873000,1024000,1375000,1013000,1122000]",461,5407000
4,66,5,"[309,353,360,366,363]","[924000,1020000,1104000,1118000,1116000]",366,5282000
4,67,5,"[310,355,408,349,358]","[929000,1030000,1247000,1018000,1115000]",408,5339000
4,68,5,"[395,356,351,358,367]","[1156000,1026000,1077000,1079000,1091000]",395,5429000
4,69,5,"[321,353,357,364,357]","[966000,1020000,1068000,1111000,1115000]",364,5280000
4,70,5,"[360,331,349,355,355]","[1065000,951000,1067000,1081000,1115000]",360,5279000
4,71,5,"[307,378,361,355,355]","[920000,1077000,1104000,1083000,1115000]",378,5299000
4,72,5,"[321,422,349,357,331]","[966000,1216000,1067000,1085000,1007000]",422,5341000
5,1,5,"[359,371,274,379,379]","[1059000,1136000,812000,1125000,1178000]",379,5310000
5,2,5,"[335,383,249,386,379]","[985000,1178000,747000,1163000,1178000]",386,5251000
5,3,5,"[360,372,274,380,380]","[1057000,1136000,812000,1129000,1176000]",380,5310000
5,4,5,"[368,370,319,363,370]","[1078000,1130000,938000,1086000,1134000]",370,5366000
5,5,5,"[362,371,349,364,327]","[1062000,1136000,1010000,1086000,1035000]",371,5329000
5,6,5,"[327,390,207,387,404]","[950000,1214000,609000,1163000,1270000]",404,5206000
5,7,5,"[361,388,207,375,393]","[1050000,1214000,609000,1115000,1239000]",393,5227000
5,8,5,"[323,390,207,387,407]","[946000,1214000,609000,1163000,1274000]",407,5206000
5,9,5,"[356,390,207,387,388]","[1045000,1214000,609000,1163000,1203000]",390,5234000
5,10,5,"[362,374,294,364,376]","[1055000,1141000,864000,1086000,1169000]",376,5315000
5,11,5,"[323,390,207,387,406]","[946000,1214000,609000,1163000,1274000]",406,5206000
5,12,5,"[356,390,207,387,387]","[1045000,1214000,609000,1163000,1203000]",390,5234000
5,13,5,"[356,390,207,387,387]","[1045000,1214000,609000,1163000,1203000]",390,5234000
5,14,5,"[356,390,207,387,387]","[1045000,1214000,609000,1163000,1203000]",390,5234000
5,15,5,"[362,374,336,364,337]","[1062000,1141000,1002000,1088000,1032000]",374,5325000
5,16,5,"[369,382,249,376,380]","[1075000,1178000,747000,1116000,1180000]",382,5296000
5,17,5,"[335,383,249,386,379]","[985000,1178000,747000,1163000,1178000]",386,5251000
5,18,5,"[355,383,249,377,379]","[1050000,1178000,747000,1116000,1178000]",383,5269000
5,19,5,"[356,383,249,377,379]","[1049000,1178000,747000,1119000,1178000]",383,5271000
5,20,5,"[355,383,249,374,382]","[1049000,1178000,747000,1115000,1182000]",383,5271000
5,21,5,"[362,373,288,432,444]","[1057000,1141000,858000,1188000,1327000]",444,5571000
5,22,5,"[341,418,252,420,406]","[977000,1230000,726000,1254000,1280000]",420,5467000
5,23,5,"[358,374,290,404,389]","[1055000,1141000,826000,1197000,1196000]",404,5415000
5,24,5,"[361,386,320,355,471]","[1074000,1186000,883000,1028000,1403000]",471,5574000
5,25,5,"[360,373,318,380,373]","[1062000,1135000,936000,1127000,1133000]",380,5393000
5,26,5,"[297,461,355,389,364]","[858000,1369000,1019000,1168000,1094000]",461,5508000
5,27,5,"[369,382,330,422,375]","[1074000,1178000,942000,1213000,1137000]",422,5544000
5,28,5,"[359,412,331,385,406]","[1022000,1210000,941000,1163000,1235000]",412,5571000
5,29,5,"[291,398,275,385,407]","[852000,1191000,817000,1163000,1274000]",407,5297000
5,30,5,"[356,386,249,383,383]","[1051000,1178000,747000,1123000,1182000]",386,5281000
5,31,5,"[364,386,249,377,378]","[1059000,1186000,747000,1116000,1176000]",386,5284000
5,32,5,"[370,383,249,380,382]","[1080000,1180000,747000,1121000,1180000]",383,5308000
5,33,5,"[360,376,328,385,386]","[1066000,1109000,935000,1163000,1188000]",386,5461000
5,34,5,"[291,412,329,386,410]","[846000,1210000,937000,1163000,1288000]",412,5444000
5,35,5,"[295,452,347,390,385]","[860000,1318000,997000,1178000,1199000]",452,5552000
5,36,5,"[341,374,331,369,405]","[992000,1141000,951000,1072000,1269000]",405,5425000
5,37,5,"[363,373,373,370,373]","[1074000,1130000,1061000,1106000,1129000]",373,5500000
5,38,5,"[340,414,328,379,418]","[976000,1214000,935000,1118000,1297000]",418,5540000
5,39,5,"[308,372,366,386,391]","[911000,1107000,1047000,1165000,1207000]",391,5437000
5,40,5,"[334,438,252,416,405]","[974000,1296000,726000,1220000,1273000]",438,5489000
5,41,5,"[350,370,318,394,381]","[1010000,1130000,936000,1178000,1154000]",394,5408000
5,42,5,"[362,374,331,373,389]","[1067000,1141000,951000,1078000,1204000]",389,5441000
5,43,5,"[383,372,274,373,384]","[1113000,1136000,812000,1101000,1184000]",384,5346000
5,44,5,"[358,370,302,378,437]","[1057000,1136000,871000,1101000,1309000]",437,5474000
5,45,5,"[311,454,329,389,392]","[895000,1331000,940000,1180000,1204000]",454,5550000
5,46,5,"[343,393,288,360,445]","[1003000,1198000,858000,1040000,1331000]",445,5430000
5,47,5,"[291,455,329,392,388]","[846000,1336000,940000,1182000,1205000]",455,5509000
5,48,5,"[334,480,313,395,442]","[963000,1405000,890000,1117000,1327000]",480,5702000
5,49,5,"[335,402,329,385,389]","[976000,1185000,937000,1163000,1203000]",402,5464000
5,50,5,"[335,433,403,355,468]","[970000,1284000,1103000,1033000,1396000]",468,5786000
5,51,5,"[297,433,249,386,405]","[854000,1328000,747000,1132000,1278000]",433,5339000
5,52,5,"[354,383,249,376,382]","[1050000,1178000,747000,1116000,1182000]",383,5273000
5,53,5,"[359,382,249,390,388]","[1032000,1178000,747000,1169000,1191000]",390,5317000
5,54,5,"[381,373,332,389,381]","[1064000,1138000,935000,1171000,1178000]",389,5486000
5,55,5,"[358,371,274,377,379]","[1060000,1136000,812000,1116000,1178000]",379,5302000
5,56,5,"[375,375,290,373,385]","[1112000,1142000,820000,1098000,1199000]",385,5371000
5,57,5,"[356,402,329,391,389]","[1038000,1185000,937000,1154000,1203000]",402,5517000
5,58,5,"[372,375,332,390,389]","[1111000,1113000,937000,1148000,1203000]",390,5512000
5,59,5,"[336,479,313,393,441]","[981000,1405000,890000,1110000,1332000]",479,5718000
5,60,5,"[302,438,319,366,437]","[883000,1257000,941000,1101000,1345000]",438,5527000
5,61,5,"[308,455,329,378,396]","[878000,1336000,940000,1140000,1245000]",455,5539000
5,62,5,"[364,376,305,388,384]","[1063000,1141000,876000,1142000,1177000]",388,5399000
5,63,5,"[361,372,318,371,428]","[1061000,1130000,936000,1050000,1306000]",428,5483000
5,64,5,"[375,383,307,386,379]","[1056000,1178000,881000,1163000,1178000]",386,5456000
5,65,5,"[309,400,329,385,405]","[890000,1174000,937000,1163000,1272000]",405,5436000
5,66,5,"[329,380,331,385,388]","[964000,1141000,941000,1163000,1205000]",388,5414000
5,67,5,"[370,387,249,381,383]","[1077000,1178000,747000,1126000,1184000]",387,5312000
5,68,5,"[363,392,249,375,380]","[1052000,1206000,747000,1116000,1180000]",392,5301000
5,69,5,"[382,372,302,355,416]","[1126000,1136000,871000,1032000,1266000]",416,5431000
5,70,5,"[362,378,328,385,388]","[1087000,1107000,935000,1163000,1192000]",388,5484000
5,71,5,"[361,374,351,377,376]","[1059000,1141000,987000,1102000,1164000]",377,5453000
5,72,5,"[356,404,328,377,379]","[1049000,1190000,935000,1119000,1178000]",404,5471000
5,73,5,"[293,454,389,394,401]","[856000,1331000,1093000,1185000,1189000]",454,5654000
5,74,5,"[323,454,329,393,395]","[919000,1331000,940000,1186000,1210000]",454,5586000
5,75,5,"[366,385,249,377,385]","[1083000,1178000,747000,1118000,1188000]",385,5314000
5,76,5,"[308,454,329,393,387]","[879000,1331000,940000,1184000,1203000]",454,5537000
5,77,5,"[381,422,328,389,410]","[1098000,1194000,935000,1165000,1246000]",422,5638000
5,78,5,"[340,454,329,378,399]","[977000,1331000,940000,1140000,1224000]",454,5612000
5,79,5,"[356,398,352,377,379]","[1054000,1159000,1001000,1119000,1178000]",398,5511000
5,80,5,"[338,386,249,400,394]","[985000,1183000,747000,1205000,1189000]",400,5309000
5,81,5,"[359,370,274,378,400]","[1057000,1136000,812000,1125000,1220000]",400,5350000
5,82,5,"[363,373,320,363,404]","[1061000,1145000,936000,1086000,1203000]",404,5431000
5,83,5,"[421,372,396,364,327]","[1187000,1136000,1098000,1086000,1035000]",421,5542000
5,84,5,"[376,394,207,388,409]","[1078000,1220000,609000,1165000,1250000]",409,5322000
5,85,5,"[364,500,207,376,339]","[1063000,1492000,609000,1130000,1071000]",500,5365000
5,86,5,"[330,393,219,386,406]","[975000,1222000,618000,1163000,1270000]",406,5248000
5,87,5,"[356,390,209,387,388]","[1045000,1214000,613000,1163000,1203000]",390,5238000
5,88,5,"[362,374,332,364,376]","[1055000,1141000,940000,1086000,1169000]",376,5391000
5,89,5,"[341,391,207,388,406]","[980000,1216000,609000,1165000,1274000]",406,5244000
5,90,5,"[358,347,266,385,389]","[1045000,1081000,778000,1163000,1207000]",389,5274000
5,91,5,"[356,458,207,387,337]","[1045000,1413000,609000,1163000,1038000]",458,5268000
5,92,5,"[443,392,159,387,387]","[1267000,1218000,465000,1163000,1203000]",443,5316000
5,93,5,"[367,375,338,364,335]","[1071000,1141000,1006000,1086000,1032000]",375,5336000
5,94,5,"[366,412,248,375,380]","[1074000,1234000,742000,1116000,1180000]",412,5346000
5,95,5,"[340,384,358,428,381]","[993000,1180000,995000,1219000,1178000]",428,5565000
5,96,5,"[355,383,280,377,379]","[1050000,1178000,806000,1116000,1178000]",383,5328000
5,97,5,"[344,456,249,379,380]","[985000,1377000,747000,1127000,1178000]",456,5414000
5,98,5,"[355,445,249,375,374]","[1049000,1340000,747000,1115000,1121000]",445,5372000
6,1,5,"[351,334,336,344,393]","[1058000,993000,1005000,1038000,1192000]",393,5286000
6,2,5,"[389,331,339,323,377]","[1185000,993000,1005000,963000,1144000]",389,5290000
6,3,5,"[352,338,338,345,395]","[1060000,991000,1005000,1038000,1190000]",395,5284000
6,4,5,"[351,334,336,344,391]","[1062000,997000,1005000,1038000,1188000]",391,5290000
6,5,5,"[351,334,336,372,368]","[1058000,994000,1005000,1131000,1105000]",372,5293000
6,6,5,"[389,331,339,323,377]","[1185000,993000,1005000,963000,1144000]",389,5290000
6,7,5,"[351,334,336,344,391]","[1062000,997000,1005000,1038000,1188000]",391,5290000
6,8,5,"[351,331,387,323,368]","[1058000,989000,1164000,976000,1105000]",387,5292000
6,9,5,"[363,330,336,344,384]","[1107000,989000,1005000,1042000,1150000]",384,5293000
6,10,5,"[360,327,362,359,353]","[1097000,985000,1089000,1081000,1047000]",362,5299000
6,11,5,"[360,327,355,338,370]","[1107000,985000,1070000,1012000,1121000]",370,5295000
6,12,5,"[367,327,339,363,370]","[1108000,985000,1005000,1085000,1121000]",370,5304000
6,13,5,"[367,327,342,361,368]","[1124000,985000,1005000,1086000,1105000]",368,5305000
6,14,5,"[352,336,336,372,368]","[1060000,994000,1005000,1131000,1105000]",372,5295000
6,15,5,"[363,330,336,344,384]","[1107000,990000,1005000,1042000,1150000]",384,5294000
6,16,5,"[360,327,354,362,362]","[1107000,985000,1068000,1096000,1069000]",362,5325000
6,17,5,"[360,327,364,360,361]","[1107000,985000,1093000,1081000,1061000]",364,5327000
6,18,5,"[360,331,354,362,362]","[1107000,993000,1068000,1096000,1069000]",362,5333000
6,19,5,"[369,329,343,362,369]","[1108000,989000,1005000,1096000,1108000]",369,5306000
6,20,5,"[349,331,345,371,368]","[1058000,989000,1029000,1131000,1099000]",371,5306000
6,21,5,"[363,330,336,374,364]","[1122000,990000,1005000,1139000,1079000]",374,5335000
6,22,5,"[360,327,356,340,380]","[1102000,985000,1075000,1007000,1150000]",380,5319000
6,23,5,"[365,332,338,363,384]","[1122000,989000,1005000,1087000,1147000]",384,5350000
6,24,5,"[360,331,354,361,387]","[1107000,993000,1068000,1048000,1160000]",387,5376000
6,25,5,"[367,327,343,334,395]","[1124000,985000,1007000,997000,1188000]",395,5301000
6,26,5,"[367,331,339,373,380]","[1093000,989000,1011000,1131000,1118000]",380,5342000
6,27,5,"[362,331,362,370,353]","[1107000,993000,1089000,1102000,1047000]",370,5338000
6,28,5,"[363,332,338,363,391]","[1122000,989000,1005000,1096000,1150000]",391,5362000
6,29,5,"[349,331,354,370,371]","[1058000,989000,1068000,1107000,1114000]",371,5336000
6,30,5,"[369,329,358,363,366]","[1112000,989000,1072000,1096000,1077000]",369,5346000
6,31,5,"[397,330,342,328,382]","[1202000,987000,1009000,982000,1154000]",397,5334000
6,32,5,"[366,331,362,366,351]","[1108000,989000,1093000,1091000,1043000]",366,5324000
6,33,5,"[368,327,356,339,372]","[1112000,985000,1072000,1014000,1121000]",372,5304000
6,34,5,"[351,334,336,372,368]","[1058000,994000,1005000,1131000,1105000]",372,5293000
6,35,5,"[360,329,354,362,362]","[1107000,989000,1068000,1096000,1069000]",362,5329000
6,36,5,"[359,334,336,364,389]","[1102000,993000,1005000,1096000,1150000]",389,5346000
6,37,5,"[365,331,362,360,359]","[1108000,989000,1093000,1081000,1058000]",365,5329000
6,38,5,"[404,327,342,352,353]","[1217000,985000,1019000,1060000,1047000]",404,5328000
6,39,5,"[365,331,342,355,368]","[1114000,989000,1013000,1079000,1101000]",368,5296000
6,40,5,"[351,334,336,344,430]","[1062000,997000,1005000,1042000,1268000]",430,5374000
6,41,5,"[356,327,372,368,369]","[1081000,985000,1117000,1100000,1095000]",372,5378000
6,42,5,"[365,334,336,361,380]","[1103000,997000,1005000,1085000,1151000]",380,5341000
6,43,5,"[349,334,316,460,371]","[1058000,1002000,921000,1352000,1111000]",460,5444000
6,44,5,"[360,329,355,340,370]","[1107000,989000,1070000,1016000,1121000]",370,5303000
6,45,5,"[373,332,341,344,391]","[1112000,990000,1005000,1042000,1166000]",391,5315000
6,46,5,"[407,335,337,341,394]","[1219000,993000,1005000,1021000,1148000]",407,5386000
6,47,5,"[365,329,313,457,369]","[1093000,989000,915000,1345000,1104000]",457,5446000
6,48,5,"[364,333,317,487,394]","[1112000,993000,930000,1385000,1159000]",487,5579000
6,49,5,"[366,331,339,364,384]","[1122000,993000,1005000,1087000,1147000]",384,5354000
6,50,5,"[361,327,361,361,358]","[1102000,985000,1091000,1079000,1065000]",361,5322000
6,51,5,"[365,331,383,341,366]","[1108000,989000,1162000,1016000,1087000]",383,5362000
6,52,5,"[367,327,315,453,370]","[1112000,985000,917000,1306000,1121000]",453,5441000
6,53,5,"[351,331,401,344,364]","[1058000,993000,1162000,1038000,1107000]",401,5358000
6,54,5,"[387,334,336,324,389]","[1185000,993000,1005000,966000,1167000]",389,5316000
6,55,5,"[349,331,341,346,410]","[1058000,989000,1021000,1038000,1237000]",410,5343000
6,56,5,"[355,337,412,295,396]","[1066000,997000,1212000,883000,1194000]",412,5352000
6,57,5,"[429,328,336,372,368]","[1214000,989000,1005000,1131000,1105000]",429,5444000
6,58,5,"[389,325,360,323,377]","[1195000,954000,1076000,963000,1144000]",389,5332000
6,59,5,"[317,334,336,427,393]","[964000,997000,1005000,1235000,1190000]",427,5391000
6,60,5,"[356,258,387,409,368]","[1063000,757000,1164000,1240000,1105000]",409,5329000
6,61,5,"[401,329,313,342,382]","[1204000,989000,935000,1038000,1150000]",401,5316000
6,62,5,"[360,327,366,359,355]","[1107000,985000,1100000,1081000,1048000]",366,5321000
6,63,5,"[361,328,361,345,372]","[1102000,990000,1094000,1021000,1125000]",372,5332000
6,64,5,"[329,327,339,363,424]","[996000,985000,1005000,1085000,1268000]",424,5339000
6,65,5,"[367,327,339,423,370]","[1124000,985000,1005000,1212000,1112000]",423,5438000
6,66,5,"[356,333,324,372,387]","[1080000,989000,963000,1131000,1164000]",387,5327000
6,67,5,"[363,387,336,299,384]","[1107000,1164000,1005000,892000,1150000]",387,5318000
6,68,5,"[362,328,354,393,362]","[1097000,985000,1068000,1148000,1069000]",393,5367000
6,69,5,"[407,311,363,360,360]","[1227000,914000,1098000,1083000,1061000]",407,5383000
6,70,5,"[335,331,356,407,364]","[1012000,993000,1072000,1214000,1073000]",407,5364000
6,71,5,"[416,331,344,363,370]","[1206000,993000,1026000,1096000,1110000]",416,5431000
6,72,5,"[350,331,345,390,375]","[1058000,989000,1029000,1183000,1098000]",390,5357000
7,1,5,"[350,318,372,350,376]","[1061000,946000,1098000,1057000,1145000]",376,5307000
7,2,5,"[351,342,367,345,374]","[1061000,1008000,1076000,1047000,1135000]",374,5327000
7,3,5,"[353,337,362,362,360]","[1067000,1003000,1064000,1099000,1095000]",362,5328000
7,4,5,"[248,337,422,336,395]","[748000,1003000,1253000,1023000,1224000]",422,5251000
7,5,5,"[353,337,362,362,360]","[1067000,1003000,1064000,1099000,1095000]",362,5328000
7,6,5,"[248,385,384,351,385]","[748000,1149000,1123000,1064000,1192000]",385,5276000
7,7,5,"[200,339,434,302,452]","[601000,1007000,1312000,895000,1423000]",452,5238000
7,8,5,"[349,310,380,349,378]","[1061000,917000,1123000,1057000,1145000]",380,5303000
7,9,5,"[250,339,365,395,394]","[752000,1005000,1069000,1213000,1224000]",395,5263000
7,10,5,"[248,338,420,340,396]","[748000,1003000,1251000,1028000,1229000]",420,5259000
7,11,5,"[351,342,367,345,374]","[1061000,1008000,1076000,1047000,1135000]",374,5327000
7,12,5,"[248,339,421,348,389]","[748000,1003000,1251000,1059000,1201000]",421,5262000
7,13,5,"[250,338,420,340,396]","[752000,1003000,1251000,1028000,1229000]",420,5263000
7,14,5,"[248,338,417,343,393]","[748000,1003000,1245000,1046000,1224000]",417,5266000
7,15,5,"[250,337,365,402,394]","[752000,1003000,1069000,1225000,1224000]",402,5273000
7,16,5,"[351,342,367,345,374]","[1061000,1008000,1076000,1050000,1135000]",374,5330000
7,17,5,"[248,383,383,337,398]","[748000,1149000,1123000,1028000,1230000]",398,5278000
7,18,5,"[250,337,422,336,395]","[752000,1003000,1253000,1023000,1224000]",422,5255000
7,19,5,"[250,385,384,351,385]","[752000,1149000,1123000,1064000,1192000]",385,5280000
7,20,5,"[353,337,362,362,360]","[1069000,1003000,1064000,1099000,1095000]",362,5330000
7,21,5,"[352,321,361,375,402]","[1067000,939000,1052000,1137000,1217000]",402,5412000
7,22,5,"[400,342,373,348,390]","[1163000,1016000,1085000,1056000,1187000]",400,5507000
7,23,5,"[352,313,370,359,388]","[1070000,927000,1084000,1093000,1171000]",388,5345000
7,24,5,"[351,336,393,339,376]","[1061000,1003000,1174000,1012000,1126000]",393,5376000
7,25,5,"[436,339,396,301,431]","[1277000,1017000,1191000,893000,1229000]",436,5607000
7,26,5,"[357,346,366,343,385]","[1069000,1020000,1070000,1042000,1165000]",385,5366000
7,27,5,"[250,341,401,301,483]","[752000,1024000,1195000,893000,1488000]",483,5352000
7,28,5,"[370,341,376,349,460]","[1043000,1015000,1091000,1054000,1370000]",460,5573000
7,29,5,"[377,380,393,304,508]","[1057000,1091000,1174000,899000,1480000]",508,5701000
7,30,5,"[292,370,423,343,406]","[845000,1056000,1255000,1024000,1264000]",423,5444000
7,31,5,"[250,341,420,301,483]","[752000,1024000,1235000,893000,1488000]",483,5392000
7,32,5,"[351,342,399,302,443]","[1065000,1018000,1185000,898000,1306000]",443,5472000
7,33,5,"[250,384,329,334,486]","[752000,1154000,941000,1010000,1487000]",486,5344000
7,34,5,"[416,322,372,387,442]","[1207000,956000,1098000,1131000,1269000]",442,5661000
7,35,5,"[248,338,371,340,496]","[748000,1007000,1094000,1016000,1505000]",496,5370000
7,36,5,"[254,391,372,337,493]","[760000,1115000,1099000,1007000,1505000]",493,5486000
7,37,5,"[262,341,396,301,483]","[776000,1024000,1180000,893000,1488000]",483,5361000
7,38,5,"[383,359,394,308,426]","[1127000,1090000,1179000,907000,1254000]",426,5557000
7,39,5,"[248,350,373,353,480]","[748000,1051000,1097000,1048000,1474000]",480,5418000
7,40,5,"[315,384,376,343,404]","[938000,1156000,1089000,1046000,1177000]",404,5406000
7,41,5,"[301,397,365,305,432]","[902000,1188000,1061000,898000,1329000]",432,5378000
7,42,5,"[398,341,364,367,444]","[1187000,1018000,1074000,1076000,1278000]",444,5633000
7,43,5,"[397,338,364,363,404]","[1187000,1015000,1079000,1097000,1149000]",404,5527000
7,44,5,"[250,340,396,323,483]","[752000,1018000,1180000,937000,1488000]",483,5375000
7,45,5,"[306,360,360,361,450]","[882000,1073000,1059000,1097000,1360000]",450,5471000
7,46,5,"[258,385,401,319,487]","[768000,1101000,1189000,938000,1498000]",487,5494000
7,47,5,"[348,336,362,362,472]","[999000,1005000,1063000,1102000,1382000]",472,5551000
7,48,5,"[250,340,369,367,483]","[752000,1008000,1081000,1072000,1488000]",483,5401000
7,49,5,"[351,329,373,335,460]","[1066000,973000,1091000,998000,1352000]",460,5480000
7,50,5,"[354,343,363,328,428]","[1071000,1022000,1065000,998000,1264000]",428,5420000
7,51,5,"[420,307,379,387,436]","[1215000,917000,1121000,1131000,1259000]",436,5643000
7,52,5,"[384,342,393,301,434]","[1131000,1023000,1174000,893000,1291000]",434,5512000
7,53,5,"[267,338,396,310,484]","[786000,1018000,1180000,920000,1493000]",484,5397000
7,54,5,"[248,364,385,319,489]","[748000,1095000,1154000,935000,1478000]",489,5410000
7,55,5,"[248,338,418,350,409]","[748000,1008000,1247000,1042000,1272000]",418,5317000
7,56,5,"[250,340,394,329,483]","[752000,1018000,1143000,982000,1488000]",483,5383000
7,57,5,"[248,338,371,363,485]","[748000,1012000,1094000,1068000,1473000]",485,5395000
7,58,5,"[281,384,375,353,428]","[832000,1098000,1104000,1078000,1318000]",428,5430000
7,59,5,"[382,338,394,301,510]","[1065000,1007000,1176000,893000,1492000]",510,5633000
7,60,5,"[248,383,404,302,483]","[748000,1153000,1144000,898000,1485000]",483,5428000
7,61,5,"[248,338,395,301,493]","[748000,1007000,1178000,893000,1512000]",493,5338000
7,62,5,"[250,330,378,349,485]","[752000,991000,1093000,1044000,1492000]",485,5372000
7,63,5,"[256,341,396,301,483]","[764000,1024000,1180000,893000,1488000]",483,5349000
7,64,5,"[327,334,364,340,487]","[939000,987000,1063000,1009000,1492000]",487,5490000
7,65,5,"[405,341,396,301,428]","[1200000,1024000,1191000,893000,1234000]",428,5542000
7,66,5,"[351,336,368,354,478]","[1012000,1003000,1084000,1073000,1394000]",478,5566000
7,67,5,"[248,381,373,305,484]","[748000,1142000,1074000,903000,1487000]",484,5354000
7,68,5,"[248,344,416,304,481]","[748000,1039000,1216000,905000,1476000]",481,5384000
7,69,5,"[337,396,364,365,396]","[992000,1150000,1079000,1097000,1189000]",396,5507000
7,70,5,"[349,394,380,349,329]","[1061000,1158000,1113000,1057000,991000]",394,5380000
7,71,5,"[399,343,366,373,382]","[1176000,1026000,1080000,1100000,1159000]",399,5541000
7,72,5,"[353,308,404,362,360]","[1069000,915000,1173000,1099000,1095000]",404,5351000
7,73,5,"[248,339,417,390,400]","[748000,1003000,1245000,1161000,1208000]",417,5365000
7,74,5,"[433,363,365,363,361]","[1244000,1040000,1069000,1099000,1095000]",433,5547000
7,75,5,"[248,380,426,346,388]","[748000,1121000,1231000,1055000,1198000]",426,5353000
7,76,5,"[245,365,434,303,452]","[703000,1060000,1312000,897000,1423000]",452,5395000
7,77,5,"[349,318,400,352,382]","[1061000,935000,1169000,1057000,1151000]",400,5373000
7,78,5,"[250,341,385,398,397]","[752000,1003000,1109000,1231000,1231000]",398,5326000
7,79,5,"[248,335,420,340,428]","[748000,1003000,1251000,1027000,1292000]",428,5321000
7,80,5,"[351,336,367,420,319]","[1061000,1003000,1076000,1262000,965000]",420,5367000
7,81,5,"[248,337,449,352,384]","[748000,1003000,1336000,1042000,1194000]",449,5323000
7,82,5,"[250,335,420,340,428]","[752000,1003000,1251000,1027000,1292000]",428,5325000
7,83,5,"[248,338,421,372,396]","[748000,1008000,1265000,1095000,1233000]",421,5349000
7,84,5,"[250,337,366,373,454]","[752000,1003000,1068000,1124000,1385000]",454,5332000
7,85,5,"[350,290,367,392,382]","[1061000,855000,1076000,1198000,1149000]",392,5339000
7,86,5,"[248,382,386,339,429]","[748000,1151000,1133000,1027000,1296000]",429,5355000
7,87,5,"[250,337,465,339,395]","[752000,1003000,1347000,1032000,1226000]",465,5360000
7,88,5,"[250,395,401,351,384]","[752000,1170000,1169000,1064000,1194000]",401,5349000
7,89,5,"[353,305,452,362,364]","[1069000,889000,1287000,1102000,1105000]",452,5452000
8,1,5,"[294,376,333,428,338]","[891000,1154000,1002000,1275000,985000]",428,5307000
8,2,5,"[294,379,392,359,338]","[891000,1190000,1181000,1060000,985000]",392,5307000
8,3,5,"[349,387,333,359,338]","[1057000,1203000,1002000,1060000,985000]",387,5307000
8,4,5,"[341,432,328,361,296]","[1036000,1357000,977000,1064000,861000]",432,5295000
8,5,5,"[349,385,333,359,338]","[1057000,1203000,1002000,1060000,985000]",385,5307000
8,6,5,"[349,387,328,364,338]","[1057000,1203000,977000,1085000,985000]",387,5307000
8,7,5,"[368,371,333,367,338]","[1112000,1154000,1002000,1069000,985000]",371,5322000
8,8,5,"[367,370,331,366,358]","[1117000,1154000,992000,1060000,1018000]",370,5341000
8,9,5,"[364,373,333,366,338]","[1112000,1154000,1002000,1064000,985000]",373,5317000
8,10,5,"[341,431,325,361,304]","[1036000,1357000,963000,1064000,886000]",431,5306000
8,11,5,"[368,371,328,372,338]","[1112000,1154000,977000,1093000,985000]",372,5321000
8,12,5,"[349,385,328,364,338]","[1057000,1203000,977000,1085000,985000]",385,5307000
8,13,5,"[337,434,333,361,294]","[1009000,1357000,1002000,1064000,861000]",434,5293000
8,14,5,"[366,375,333,359,338]","[1112000,1159000,1002000,1060000,985000]",375,5318000
8,15,5,"[366,375,328,364,338]","[1112000,1159000,977000,1085000,985000]",375,5318000
8,16,5,"[366,375,328,364,338]","[1112000,1159000,977000,1085000,985000]",375,5318000
8,17,5,"[336,432,333,361,294]","[1014000,1357000,1002000,1064000,861000]",432,5298000
8,18,5,"[343,434,327,361,294]","[1040000,1357000,975000,1064000,861000]",434,5297000
8,19,5,"[349,385,333,361,338]","[1057000,1203000,1002000,1064000,985000]",385,5311000
8,20,5,"[349,387,333,361,338]","[1057000,1203000,1002000,1064000,985000]",387,5311000
8,21,5,"[347,433,327,362,311]","[1047000,1361000,975000,1066000,895000]",433,5344000
8,22,5,"[346,431,328,361,336]","[1042000,1357000,975000,1064000,942000]",431,5380000
8,23,5,"[387,419,381,376,307]","[1170000,1270000,1101000,1100000,891000]",419,5532000
8,24,5,"[335,432,334,430,313]","[1009000,1357000,1002000,1219000,876000]",432,5463000
8,25,5,"[334,431,329,421,359]","[995000,1357000,923000,1202000,1056000]",431,5533000
8,26,5,"[338,432,333,438,295]","[1014000,1357000,1002000,1214000,861000]",438,5448000
8,27,5,"[333,433,398,427,272]","[989000,1361000,1143000,1216000,796000]",433,5505000
8,28,5,"[338,465,334,474,312]","[1024000,1361000,1002000,1371000,884000]",474,5642000
8,29,5,"[348,440,361,361,307]","[1059000,1358000,1061000,1064000,866000]",440,5408000
8,30,5,"[371,426,369,370,316]","[1118000,1296000,1073000,1079000,914000]",426,5480000
8,31,5,"[348,431,386,389,295]","[1041000,1357000,1126000,1095000,843000]",431,5462000
8,32,5,"[347,443,325,363,305]","[1057000,1366000,963000,1064000,888000]",443,5338000
8,33,5,"[369,424,381,421,333]","[1121000,1283000,1101000,1202000,931000]",424,5638000
8,34,5,"[364,373,328,371,338]","[1112000,1154000,977000,1093000,985000]",373,5321000
8,35,5,"[346,431,362,428,306]","[1044000,1357000,1034000,1231000,884000]",431,5550000
8,36,5,"[302,474,331,359,353]","[919000,1441000,992000,1060000,1017000]",474,5429000
8,37,5,"[297,445,380,364,344]","[897000,1385000,1099000,1070000,996000]",445,5447000
8,38,5,"[301,482,386,399,344]","[905000,1426000,1111000,1168000,997000]",482,5607000
8,39,5,"[371,428,381,423,289]","[1129000,1296000,1101000,1206000,837000]",428,5569000
8,40,5,"[346,431,324,422,322]","[1042000,1357000,916000,1202000,952000]",431,5469000
8,41,5,"[371,426,381,423,301]","[1133000,1296000,1101000,1202000,858000]",426,5590000
8,42,5,"[338,431,385,423,292]","[999000,1357000,1112000,1206000,840000]",431,5514000
8,43,5,"[298,482,386,409,344]","[899000,1426000,1111000,1188000,997000]",482,5621000
8,44,5,"[301,468,333,364,344]","[905000,1437000,1002000,1070000,1005000]",468,5419000
8,45,5,"[344,433,359,376,304]","[1051000,1357000,1025000,1100000,886000]",433,5419000
8,46,5,"[370,432,337,388,291]","[1120000,1357000,1007000,1097000,841000]",432,5422000
8,47,5,"[362,428,381,426,296]","[1104000,1291000,1101000,1199000,865000]",428,5560000
8,48,5,"[348,432,343,394,294]","[1065000,1357000,965000,1175000,861000]",432,5423000
8,49,5,"[388,420,381,429,295]","[1175000,1273000,1101000,1204000,863000]",429,5616000
8,50,5,"[387,420,381,423,288]","[1166000,1268000,1101000,1206000,835000]",423,5576000
8,51,5,"[336,426,381,365,364]","[1011000,1293000,1101000,1069000,1053000]",426,5527000
8,52,5,"[336,432,384,399,294]","[1011000,1357000,1108000,1133000,861000]",432,5470000
8,53,5,"[346,431,329,428,310]","[1045000,1357000,978000,1225000,862000]",431,5467000
8,54,5,"[351,442,379,428,288]","[1057000,1345000,1078000,1231000,835000]",442,5546000
8,55,5,"[335,433,332,383,347]","[1000000,1361000,970000,1087000,1015000]",433,5433000
8,56,5,"[350,440,383,413,315]","[1063000,1340000,1114000,1165000,912000]",440,5594000
8,57,5,"[338,404,379,438,340]","[1007000,1205000,1100000,1261000,988000]",438,5561000
8,58,5,"[353,435,347,424,302]","[1064000,1356000,988000,1208000,888000]",435,5504000
8,59,5,"[340,445,383,423,314]","[1024000,1360000,1101000,1206000,911000]",445,5602000
8,60,5,"[349,441,327,375,309]","[1057000,1368000,975000,1071000,911000]",441,5382000
8,61,5,"[349,431,356,375,291]","[1040000,1357000,1064000,1071000,840000]",431,5372000
8,62,5,"[368,423,333,367,294]","[1112000,1294000,1002000,1069000,861000]",423,5338000
8,63,5,"[356,426,377,403,294]","[1068000,1291000,1078000,1193000,861000]",426,5491000
8,64,5,"[339,426,381,436,297]","[1017000,1291000,1101000,1272000,866000]",436,5547000
8,65,5,"[336,426,386,364,294]","[1009000,1291000,1160000,1064000,861000]",426,5385000
8,66,5,"[297,437,381,403,339]","[906000,1315000,1101000,1195000,987000]",437,5504000
8,67,5,"[370,428,378,434,289]","[1127000,1296000,1080000,1243000,837000]",434,5583000
8,68,5,"[339,432,330,436,297]","[1020000,1357000,942000,1277000,866000]",436,5462000
8,69,5,"[361,428,383,427,314]","[1083000,1296000,1101000,1214000,913000]",428,5607000
8,70,5,"[367,425,343,469,310]","[1117000,1309000,962000,1334000,889000]",469,5611000
8,71,5,"[338,433,328,362,356]","[1005000,1361000,983000,1064000,1010000]",433,5423000
8,72,5,"[338,432,329,375,346]","[1003000,1357000,967000,1071000,1015000]",432,5413000
8,73,5,"[337,434,372,362,294]","[1009000,1357000,1080000,1066000,861000]",434,5373000
8,74,5,"[351,450,383,421,289]","[1052000,1371000,1101000,1202000,838000]",450,5564000
8,75,5,"[301,459,384,415,343]","[901000,1407000,1101000,1181000,992000]",459,5582000
8,76,5,"[340,425,381,423,351]","[1024000,1291000,1101000,1206000,1008000]",425,5630000
8,77,5,"[338,434,336,377,336]","[1011000,1357000,1004000,1073000,962000]",434,5407000
8,78,5,"[368,377,333,359,338]","[1120000,1166000,1002000,1060000,985000]",377,5333000
8,79,5,"[298,374,312,426,418]","[908000,1154000,933000,1275000,1162000]",426,5432000
8,80,5,"[302,379,388,361,361]","[922000,1190000,1175000,1060000,1029000]",388,5376000
8,81,5,"[353,442,294,362,338]","[1077000,1366000,874000,1065000,985000]",442,5367000
8,82,5,"[341,434,328,432,296]","[1036000,1367000,973000,1206000,861000]",434,5443000
8,83,5,"[350,385,333,342,388]","[1072000,1203000,1002000,985000,1124000]",388,5386000
8,84,5,"[375,385,333,364,338]","[1117000,1203000,993000,1085000,985000]",385,5383000
8,85,5,"[367,370,389,366,383]","[1112000,1154000,1111000,1069000,1078000]",389,5524000
8,86,5,"[367,370,331,369,355]","[1103000,1154000,992000,1090000,1029000]",370,5368000
8,87,5,"[386,373,334,366,343]","[1156000,1154000,1002000,1064000,1000000]",386,5376000
8,88,5,"[341,434,372,363,304]","[1002000,1359000,1088000,1068000,886000]",434,5403000
8,89,5,"[365,374,328,447,320]","[1117000,1160000,977000,1268000,926000]",447,5448000
8,90,5,"[441,385,328,367,338]","[1287000,1203000,977000,1049000,985000]",441,5501000
8,91,5,"[335,432,331,361,305]","[1009000,1357000,992000,1064000,886000]",432,5308000
8,92,5,"[388,371,338,399,338]","[1153000,1154000,1021000,1143000,985000]",399,5456000
8,93,5,"[441,374,333,350,338]","[1319000,1159000,990000,1012000,985000]",441,5465000
8,94,5,"[366,375,328,364,394]","[1112000,1159000,977000,1085000,1097000]",394,5430000
8,95,5,"[340,433,333,362,327]","[1019000,1362000,1002000,1066000,921000]",433,5370000
8,96,5,"[372,433,327,363,295]","[1096000,1357000,973000,1064000,861000]",433,5351000
8,97,5,"[350,386,362,361,315]","[1062000,1207000,1077000,1064000,918000]",386,5328000
8,98,5,"[347,386,362,361,315]","[1057000,1207000,1077000,1064000,918000]",386,5323000
9,1,5,"[386,304,347,318,402]","[1140000,909000,1032000,966000,1248000]",402,5295000
9,2,5,"[388,375,347,318,335]","[1140000,1135000,1032000,966000,1030000]",388,5303000
9,3,5,"[366,373,374,318,335]","[1077000,1131000,1113000,966000,1030000]",374,5317000
9,4,5,"[385,380,347,323,335]","[1140000,1139000,1032000,968000,1030000]",385,5309000
9,5,5,"[368,367,367,316,359]","[1081000,1116000,1104000,956000,1066000]",368,5323000
9,6,5,"[366,364,366,316,367]","[1077000,1099000,1104000,956000,1087000]",367,5323000
9,7,5,"[366,374,374,318,335]","[1077000,1135000,1109000,966000,1030000]",374,5317000
9,8,5,"[386,373,347,318,335]","[1140000,1131000,1037000,966000,1030000]",386,5304000
9,9,5,"[366,373,374,318,335]","[1077000,1131000,1113000,966000,1030000]",374,5317000
9,10,5,"[386,373,347,318,335]","[1140000,1131000,1037000,966000,1030000]",386,5304000
9,11,5,"[366,373,374,318,335]","[1077000,1131000,1113000,966000,1030000]",374,5317000
9,12,5,"[368,373,374,318,335]","[1077000,1131000,1113000,966000,1030000]",374,5317000
9,13,5,"[368,373,370,318,337]","[1084000,1131000,1098000,966000,1040000]",373,5319000
9,14,5,"[368,367,367,316,359]","[1081000,1116000,1104000,956000,1066000]",368,5323000
9,15,5,"[368,364,370,318,349]","[1084000,1095000,1098000,966000,1076000]",370,5319000
9,16,5,"[366,364,366,316,367]","[1077000,1099000,1104000,956000,1087000]",367,5323000
9,17,5,"[368,373,370,318,337]","[1084000,1131000,1098000,966000,1040000]",373,5319000
9,18,5,"[368,364,370,318,349]","[1084000,1095000,1098000,966000,1076000]",370,5319000
9,19,5,"[386,373,347,318,335]","[1140000,1131000,1037000,966000,1030000]",386,5304000
9,20,5,"[384,369,345,324,347]","[1140000,1120000,1032000,968000,1053000]",384,5313000
9,21,5,"[388,377,405,341,337]","[1146000,1139000,1166000,1013000,1043000]",405,5507000
9,22,5,"[387,374,349,357,337]","[1140000,1131000,1039000,1049000,1025000]",387,5384000
9,23,5,"[367,372,387,375,335]","[1079000,1131000,1088000,1125000,1033000]",387,5456000
9,24,5,"[371,366,372,343,358]","[1089000,1095000,1098000,1007000,1093000]",372,5382000
9,25,5,"[368,373,375,364,329]","[1077000,1131000,1115000,1087000,994000]",375,5404000
9,26,5,"[368,378,376,322,372]","[1081000,1135000,1126000,970000,1098000]",378,5410000
9,27,5,"[369,369,378,377,356]","[1082000,1121000,1071000,1141000,1084000]",378,5499000
9,28,5,"[437,354,404,334,341]","[1294000,1032000,1173000,1010000,1043000]",437,5552000
9,29,5,"[385,380,355,323,335]","[1140000,1139000,1047000,981000,1030000]",385,5337000
9,30,5,"[388,374,359,351,376]","[1147000,1136000,1010000,1053000,1148000]",388,5494000
9,31,5,"[420,353,403,320,364]","[1236000,1030000,1178000,971000,1091000]",420,5506000
9,32,5,"[386,304,347,326,402]","[1140000,912000,1032000,975000,1248000]",402,5307000
9,33,5,"[375,403,347,318,335]","[1104000,1209000,1032000,966000,1030000]",403,5341000
9,34,5,"[366,372,372,282,404]","[1077000,1131000,1109000,843000,1225000]",404,5385000
9,35,5,"[407,379,345,322,339]","[1176000,1139000,1032000,968000,1034000]",407,5349000
9,36,5,"[366,369,369,449,288]","[1077000,1126000,1105000,1306000,851000]",449,5465000
9,37,5,"[368,365,367,331,359]","[1081000,1101000,1104000,986000,1085000]",368,5357000
9,38,5,"[367,493,323,319,337]","[1079000,1433000,951000,971000,1040000]",493,5474000
9,39,5,"[390,479,347,318,345]","[1160000,1403000,1032000,966000,990000]",479,5551000
9,40,5,"[469,309,374,321,335]","[1371000,921000,1113000,966000,1030000]",469,5401000
9,41,5,"[389,373,349,415,335]","[1140000,1131000,986000,1216000,1028000]",415,5501000
9,42,5,"[369,334,374,318,388]","[1092000,1004000,1113000,966000,1183000]",388,5358000
9,43,5,"[406,366,374,318,335]","[1179000,1086000,1113000,966000,1030000]",406,5374000
9,44,5,"[374,374,461,321,274]","[1108000,1133000,1365000,972000,827000]",461,5405000
9,45,5,"[366,415,366,318,427]","[1077000,1176000,1104000,960000,1248000]",427,5565000
9,46,5,"[462,300,370,320,351]","[1350000,885000,1098000,966000,1076000]",462,5375000
9,47,5,"[369,363,412,282,360]","[1083000,1099000,1250000,842000,1085000]",412,5359000
9,48,5,"[372,459,374,318,335]","[1104000,1301000,1109000,966000,1030000]",459,5510000
9,49,5,"[454,295,370,318,349]","[1346000,867000,1098000,966000,1076000]",454,5353000
9,50,5,"[388,448,347,283,335]","[1145000,1326000,1037000,845000,1030000]",448,5383000
9,51,5,"[386,369,345,344,340]","[1144000,1120000,1035000,1042000,1017000]",386,5358000
10,1,5,"[372,284,379,348,375]","[1125000,824000,1157000,1038000,1149000]",379,5293000
10,2,5,"[372,365,322,348,374]","[1125000,1072000,962000,1038000,1147000]",374,5344000
10,3,5,"[373,364,373,348,332]","[1125000,1071000,1111000,1038000,1012000]",373,5357000
10,4,5,"[384,240,381,373,375]","[1153000,694000,1157000,1110000,1153000]",384,5267000
10,5,5,"[372,366,369,357,328]","[1125000,1067000,1116000,1052000,998000]",372,5358000
10,6,5,"[362,357,366,366,355]","[1090000,1044000,1098000,1082000,1058000]",366,5372000
10,7,5,"[372,280,381,347,369]","[1125000,818000,1157000,1030000,1139000]",381,5269000
10,8,5,"[382,240,381,373,379]","[1153000,694000,1157000,1121000,1155000]",382,5280000
10,9,5,"[372,280,381,348,369]","[1125000,828000,1157000,1032000,1139000]",381,5281000
10,10,5,"[368,355,366,369,355]","[1097000,1044000,1098000,1087000,1056000]",369,5382000
10,11,5,"[372,339,370,348,363]","[1125000,994000,1116000,1038000,1092000]",372,5365000
10,12,5,"[373,364,373,348,332]","[1125000,1072000,1111000,1038000,1012000]",373,5358000
10,13,5,"[374,365,374,348,326]","[1125000,1072000,1122000,1038000,991000]",374,5348000
10,14,5,"[362,357,366,366,360]","[1090000,1044000,1098000,1082000,1072000]",366,5386000
10,15,5,"[384,240,381,379,369]","[1153000,698000,1157000,1118000,1143000]",384,5269000
10,16,5,"[372,285,379,348,375]","[1125000,826000,1157000,1038000,1149000]",379,5295000
10,17,5,"[372,377,359,349,326]","[1125000,1108000,1084000,1038000,991000]",377,5346000
10,18,5,"[373,377,369,348,317]","[1125000,1107000,1116000,1038000,961000]",377,5347000
10,19,5,"[351,285,380,372,374]","[1055000,824000,1159000,1110000,1152000]",380,5300000
10,20,5,"[373,377,369,348,317]","[1125000,1107000,1116000,1038000,961000]",377,5347000
10,21,5,"[384,248,409,347,369]","[1153000,720000,1241000,1030000,1143000]",409,5287000
10,22,5,"[390,264,449,402,329]","[1178000,769000,1324000,1179000,997000]",449,5447000
10,23,5,"[439,246,382,380,370]","[1279000,701000,1161000,1122000,1143000]",439,5406000
10,24,5,"[372,281,454,374,373]","[1125000,823000,1281000,1107000,1131000]",454,5467000
10,25,5,"[446,280,433,396,331]","[1327000,818000,1253000,1148000,997000]",446,5543000
10,26,5,"[375,284,457,401,332]","[1130000,845000,1336000,1162000,1016000]",457,5489000
10,27,5,"[376,287,445,357,360]","[1129000,824000,1349000,1053000,1056000]",445,5411000
10,28,5,"[372,339,431,350,333]","[1125000,994000,1290000,1038000,979000]",431,5426000
10,29,5,"[438,275,453,414,338]","[1271000,790000,1328000,1200000,1018000]",453,5607000
10,30,5,"[372,300,499,352,319]","[1125000,862000,1459000,1038000,965000]",499,5449000
10,31,5,"[372,343,443,373,328]","[1125000,1011000,1291000,1087000,995000]",443,5509000
10,32,5,"[376,281,403,348,367]","[1127000,800000,1229000,1030000,1139000]",403,5325000
10,33,5,"[388,321,445,348,350]","[1177000,894000,1348000,1041000,1039000]",445,5499000
10,34,5,"[373,283,456,444,320]","[1127000,827000,1332000,1273000,970000]",456,5529000
10,35,5,"[373,270,530,348,317]","[1125000,790000,1545000,1036000,961000]",530,5457000
10,36,5,"[365,386,444,418,339]","[1096000,1106000,1266000,1220000,1002000]",444,5690000
10,37,5,"[365,386,444,418,339]","[1096000,1102000,1266000,1220000,1002000]",444,5686000
10,38,5,"[372,364,397,421,328]","[1125000,1069000,1139000,1217000,995000]",421,5545000
10,39,5,"[433,275,529,403,330]","[1271000,790000,1506000,1163000,989000]",529,5719000
10,40,5,"[372,285,379,350,390]","[1125000,840000,1157000,1038000,1178000]",390,5338000
10,41,5,"[372,280,457,386,362]","[1125000,822000,1370000,1120000,1067000]",457,5504000
10,42,5,"[375,284,448,348,358]","[1130000,833000,1344000,1038000,1064000]",448,5409000
10,43,5,"[374,238,462,365,378]","[1126000,694000,1391000,1086000,1113000]",462,5410000
10,44,5,"[372,281,491,381,320]","[1125000,824000,1435000,1125000,963000]",491,5472000
10,45,5,"[434,332,445,403,330]","[1273000,953000,1261000,1166000,1011000]",445,5664000
10,46,5,"[373,298,452,354,328]","[1125000,858000,1359000,1047000,998000]",452,5387000
10,47,5,"[373,281,438,348,317]","[1125000,822000,1347000,1038000,961000]",438,5293000
10,48,5,"[374,280,453,382,334]","[1132000,822000,1359000,1101000,1016000]",453,5430000
10,49,5,"[372,281,449,391,327]","[1125000,820000,1360000,1124000,991000]",449,5420000
10,50,5,"[421,255,452,349,377]","[1249000,750000,1333000,1032000,1125000]",452,5489000
10,51,5,"[382,271,461,347,373]","[1153000,800000,1321000,1030000,1151000]",461,5455000
10,52,5,"[372,343,466,348,317]","[1125000,1011000,1349000,1038000,961000]",466,5484000
10,53,5,"[364,280,381,359,396]","[1090000,828000,1157000,1075000,1189000]",396,5339000
10,54,5,"[375,284,448,350,362]","[1130000,828000,1354000,1006000,1102000]",448,5420000
10,55,5,"[378,287,451,383,334]","[1145000,833000,1360000,1103000,1006000]",451,5447000
10,56,5,"[385,316,439,353,382]","[1178000,889000,1254000,1036000,1159000]",439,5516000
10,57,5,"[426,277,455,403,329]","[1250000,818000,1317000,1166000,1006000]",455,5557000
10,58,5,"[391,308,444,357,326]","[1166000,912000,1338000,1053000,982000]",444,5451000
10,59,5,"[390,305,452,384,331]","[1166000,882000,1349000,1106000,986000]",452,5489000
10,60,5,"[374,283,443,356,335]","[1125000,825000,1337000,1049000,1018000]",443,5354000
10,61,5,"[387,372,461,349,317]","[1119000,1044000,1393000,1040000,961000]",461,5557000
10,62,5,"[375,285,450,376,329]","[1131000,837000,1326000,1113000,1003000]",450,5410000
10,63,5,"[400,259,450,348,379]","[1187000,758000,1326000,1038000,1155000]",450,5464000
10,64,5,"[382,240,472,354,367]","[1153000,698000,1415000,1062000,1088000]",472,5416000
10,65,5,"[372,281,454,391,327]","[1125000,820000,1376000,1124000,991000]",454,5436000
10,66,5,"[435,240,452,347,395]","[1285000,694000,1333000,1030000,1165000]",452,5507000
10,67,5,"[374,364,366,474,328]","[1132000,1071000,1038000,1371000,998000]",474,5610000
10,68,5,"[362,361,389,370,371]","[1087000,1059000,1104000,1088000,1144000]",389,5482000
10,69,5,"[377,358,438,445,315]","[1144000,1059000,1274000,1256000,935000]",445,5668000
10,70,5,"[377,284,377,485,374]","[1147000,824000,1058000,1402000,1150000]",485,5581000
10,71,5,"[382,273,490,394,326]","[1157000,794000,1412000,1148000,1006000]",490,5517000
10,72,5,"[383,238,481,347,369]","[1158000,704000,1390000,1030000,1143000]",481,5425000
10,73,5,"[372,284,401,348,377]","[1125000,826000,1201000,1038000,1149000]",401,5339000
10,74,5,"[372,299,449,349,326]","[1125000,860000,1360000,1036000,991000]",449,5372000
10,75,5,"[372,282,461,348,330]","[1125000,822000,1384000,1038000,995000]",461,5364000
10,76,5,"[366,279,450,418,355]","[1098000,820000,1359000,1215000,1037000]",450,5529000
10,77,5,"[367,355,437,419,312]","[1096000,1044000,1271000,1213000,923000]",437,5547000
10,78,5,"[377,279,458,425,328]","[1130000,820000,1337000,1219000,1010000]",458,5516000
10,79,5,"[382,236,421,347,379]","[1153000,694000,1271000,1030000,1153000]",421,5301000
10,80,5,"[372,339,443,404,342]","[1125000,994000,1291000,1174000,1006000]",443,5590000
10,81,5,"[375,280,448,404,374]","[1132000,822000,1344000,1180000,1069000]",448,5547000
10,82,5,"[372,280,460,372,317]","[1125000,822000,1391000,1086000,961000]",460,5385000
10,83,5,"[375,284,457,401,332]","[1130000,842000,1336000,1162000,1016000]",457,5486000
10,84,5,"[384,240,381,379,369]","[1153000,704000,1157000,1118000,1143000]",384,5275000
10,85,5,"[385,269,449,397,340]","[1172000,790000,1324000,1160000,1028000]",449,5474000
10,86,5,"[375,283,461,404,333]","[1129000,822000,1393000,1178000,970000]",461,5492000
10,87,5,"[376,284,473,406,326]","[1145000,827000,1372000,1170000,1006000]",473,5520000
10,88,5,"[362,334,397,363,366]","[1090000,973000,1193000,1075000,1080000]",397,5411000
10,89,5,"[372,281,455,404,360]","[1125000,820000,1332000,1174000,1068000]",455,5519000
10,90,5,"[373,271,464,397,334]","[1125000,792000,1366000,1160000,1016000]",464,5459000
10,91,5,"[438,281,401,433,318]","[1304000,832000,1137000,1289000,963000]",438,5525000
10,92,5,"[368,278,450,369,336]","[1101000,818000,1346000,1086000,1029000]",450,5380000
10,93,5,"[434,331,414,404,357]","[1273000,953000,1181000,1166000,1092000]",434,5665000
10,94,5,"[372,238,458,347,369]","[1125000,696000,1357000,1030000,1139000]",458,5347000
10,95,5,"[438,296,425,351,388]","[1269000,844000,1249000,1042000,1153000]",438,5557000
10,96,5,"[372,281,399,347,369]","[1125000,823000,1197000,1030000,1143000]",399,5318000
10,97,5,"[449,274,451,402,330]","[1303000,788000,1331000,1173000,1012000]",451,5607000
10,98,5,"[373,317,401,348,363]","[1127000,924000,1204000,1038000,1092000]",401,5385000
10,99,5,"[373,378,369,348,340]","[1125000,1109000,1116000,1038000,1001000]",378,5389000
10,100,5,"[372,284,379,445,328]","[1125000,824000,1157000,1290000,995000]",445,5391000
10,101,5,"[372,337,321,410,374]","[1125000,990000,960000,1185000,1145000]",410,5405000
10,102,5,"[415,342,371,348,332]","[1238000,994000,1111000,1038000,1012000]",415,5393000
10,103,5,"[326,238,383,375,460]","[972000,694000,1167000,1116000,1390000]",460,5339000
10,104,5,"[382,411,370,357,328]","[1136000,1185000,1118000,1052000,998000]",411,5489000
10,105,5,"[364,357,306,359,434]","[1090000,1044000,899000,1075000,1297000]",434,5405000
10,106,5,"[372,280,423,319,369]","[1125000,818000,1299000,920000,1139000]",423,5301000
10,107,5,"[384,236,440,449,375]","[1153000,694000,1267000,1285000,1152000]",449,5551000
10,108,5,"[372,280,381,398,391]","[1125000,818000,1157000,1157000,1160000]",398,5417000
10,109,5,"[291,476,367,366,355]","[857000,1376000,1100000,1087000,1056000]",476,5476000
10,110,5,"[373,379,342,348,363]","[1125000,1102000,1032000,1038000,1092000]",379,5389000
10,111,5,"[464,279,371,348,332]","[1390000,823000,1111000,1038000,1012000]",464,5374000
10,112,5,"[427,366,342,349,326]","[1261000,1087000,1032000,1038000,991000]",427,5409000
10,113,5,"[364,405,369,359,362]","[1094000,1148000,1098000,1075000,1074000]",405,5489000
10,114,5,"[382,220,379,377,416]","[1155000,630000,1157000,1118000,1264000]",416,5324000
10,115,5,"[416,281,381,348,369]","[1245000,820000,1157000,1038000,1101000]",416,5361000
10,116,5,"[372,380,428,280,326]","[1125000,1123000,1306000,817000,991000]",428,5362000
10,117,5,"[377,380,373,435,282]","[1127000,1107000,1133000,1261000,838000]",435,5466000
10,118,5,"[351,283,411,372,371]","[1055000,824000,1217000,1110000,1147000]",411,5353000
10,119,5,"[372,380,379,348,317]","[1125000,1107000,1136000,1038000,961000]",380,5367000
11,1,5,"[346,395,325,298,388]","[1034000,1186000,971000,887000,1205000]",395,5283000
11,2,5,"[367,366,344,356,351]","[1097000,1075000,1017000,1060000,1092000]",367,5341000
11,3,5,"[372,373,325,294,389]","[1113000,1113000,971000,879000,1209000]",389,5285000
11,4,5,"[372,372,325,342,351]","[1113000,1113000,971000,1025000,1092000]",372,5314000
11,5,5,"[372,372,325,317,380]","[1113000,1113000,971000,938000,1176000]",380,5311000
11,6,5,"[369,372,325,302,386]","[1095000,1113000,971000,901000,1205000]",386,5285000
11,7,5,"[366,366,361,355,348]","[1095000,1083000,1051000,1058000,1086000]",366,5373000
11,8,5,"[377,376,325,317,375]","[1113000,1118000,971000,941000,1170000]",377,5313000
11,9,5,"[369,370,325,356,351]","[1095000,1103000,971000,1060000,1092000]",370,5321000
11,10,5,"[377,376,325,317,375]","[1113000,1121000,971000,938000,1170000]",377,5313000
11,11,5,"[372,376,325,294,390]","[1109000,1121000,971000,879000,1205000]",390,5285000
11,12,5,"[372,384,325,297,381]","[1113000,1152000,971000,884000,1182000]",384,5302000
11,13,5,"[383,367,325,340,351]","[1130000,1098000,971000,1020000,1092000]",383,5311000
11,14,5,"[383,366,326,294,385]","[1130000,1098000,976000,879000,1205000]",385,5288000
11,15,5,"[374,372,325,317,380]","[1117000,1113000,971000,938000,1176000]",380,5315000
11,16,5,"[371,351,274,339,423]","[1095000,1039000,807000,1015000,1329000]",423,5285000
11,17,5,"[367,366,344,356,351]","[1097000,1083000,1017000,1060000,1092000]",367,5349000
11,18,5,"[374,373,325,294,389]","[1117000,1113000,971000,879000,1209000]",389,5289000
11,19,5,"[372,372,325,299,389]","[1113000,1113000,971000,887000,1205000]",389,5289000
11,20,5,"[371,372,325,302,388]","[1099000,1113000,971000,901000,1209000]",388,5293000
11,21,5,"[371,383,327,323,377]","[1109000,1122000,971000,955000,1170000]",383,5327000
11,22,5,"[366,366,349,355,348]","[1095000,1083000,1031000,1058000,1086000]",366,5353000
11,23,5,"[373,377,325,298,438]","[1124000,1084000,971000,884000,1350000]",438,5413000
11,24,5,"[379,344,277,341,425]","[1116000,1024000,809000,1020000,1329000]",425,5298000
11,25,5,"[375,375,364,302,384]","[1119000,1117000,1066000,895000,1191000]",384,5388000
11,26,5,"[398,376,325,369,351]","[1158000,1121000,971000,1084000,1095000]",398,5429000
11,27,5,"[384,368,325,302,385]","[1130000,1102000,971000,895000,1205000]",385,5303000
11,28,5,"[381,372,327,296,424]","[1134000,1103000,971000,871000,1304000]",424,5383000
11,29,5,"[371,418,364,284,438]","[1114000,1181000,1076000,830000,1346000]",438,5547000
11,30,5,"[371,384,343,302,392]","[1104000,1148000,1017000,880000,1211000]",392,5360000
11,31,5,"[371,412,327,280,398]","[1107000,1232000,975000,820000,1244000]",412,5378000
11,32,5,"[422,365,339,337,356]","[1250000,1088000,994000,1010000,1107000]",422,5449000
11,33,5,"[381,372,327,298,424]","[1134000,1103000,971000,875000,1304000]",424,5387000
11,34,5,"[366,366,342,296,441]","[1070000,1083000,1017000,873000,1355000]",441,5398000
11,35,5,"[423,353,364,318,380]","[1245000,1039000,1058000,940000,1176000]",423,5458000
11,36,5,"[367,371,424,320,380]","[1076000,1080000,1220000,949000,1176000]",424,5501000
11,37,5,"[349,353,401,324,479]","[1039000,1019000,1147000,951000,1462000]",479,5618000
11,38,5,"[375,372,324,317,390]","[1119000,1113000,960000,936000,1221000]",390,5349000
11,39,5,"[388,373,327,325,424]","[1144000,1103000,971000,928000,1298000]",424,5444000
11,40,5,"[354,447,325,303,387]","[1066000,1290000,971000,896000,1205000]",447,5428000
11,41,5,"[378,366,342,394,351]","[1096000,1081000,1017000,1157000,1090000]",394,5441000
11,42,5,"[425,373,325,294,351]","[1264000,1113000,971000,879000,1092000]",425,5319000
11,43,5,"[373,372,346,342,348]","[1121000,1113000,1027000,1025000,1086000]",373,5372000
11,44,5,"[445,372,325,274,380]","[1307000,1113000,971000,804000,1176000]",445,5371000
11,45,5,"[371,372,379,278,389]","[1095000,1113000,1111000,829000,1211000]",389,5359000
11,46,5,"[371,372,361,454,290]","[1110000,1090000,1061000,1337000,887000]",454,5485000
11,47,5,"[425,377,325,289,379]","[1249000,1118000,971000,857000,1170000]",425,5365000
11,48,5,"[369,370,375,356,340]","[1101000,1103000,1107000,1060000,1040000]",375,5411000
11,49,5,"[377,311,481,319,375]","[1115000,907000,1367000,953000,1170000]",481,5512000
11,50,5,"[371,380,325,317,392]","[1102000,1125000,971000,926000,1213000]",392,5337000
11,51,5,"[413,383,407,295,385]","[1155000,1148000,1174000,884000,1197000]",413,5558000
11,52,5,"[383,367,305,453,348]","[1130000,1098000,910000,1278000,1086000]",453,5502000
11,53,5,"[418,368,325,295,388]","[1208000,1108000,971000,879000,1209000]",418,5375000
11,54,5,"[379,376,294,361,384]","[1123000,1117000,876000,1061000,1182000]",384,5359000
11,55,5,"[373,353,277,356,425]","[1095000,1039000,814000,1054000,1333000]",425,5335000
11,56,5,"[357,372,343,397,353]","[1055000,1091000,1017000,1163000,1096000]",397,5422000
11,57,5,"[382,373,344,294,387]","[1131000,1113000,1015000,879000,1205000]",387,5343000
11,58,5,"[373,372,328,404,328]","[1115000,1113000,986000,1180000,1006000]",404,5400000
11,59,5,"[371,339,325,352,388]","[1099000,1012000,971000,1033000,1217000]",388,5332000
12,1,5,"[378,285,409,351,354]","[1153000,851000,1219000,1039000,1065000]",409,5327000
12,2,5,"[360,364,359,362,356]","[1083000,1089000,1078000,1070000,1065000]",364,5385000
12,3,5,"[378,349,348,351,354]","[1153000,1048000,1028000,1039000,1065000]",378,5333000
12,4,5,"[365,362,360,359,354]","[1109000,1089000,1063000,1056000,1065000]",365,5382000
12,5,5,"[378,349,348,351,354]","[1153000,1048000,1028000,1039000,1065000]",378,5333000
12,6,5,"[368,361,348,351,354]","[1121000,1084000,1028000,1039000,1065000]",368,5337000
12,7,5,"[306,287,411,355,413]","[928000,851000,1219000,1047000,1264000]",413,5309000
12,8,5,"[360,342,364,347,372]","[1090000,1015000,1084000,1029000,1131000]",372,5349000
12,9,5,"[308,319,383,352,413]","[928000,946000,1142000,1041000,1264000]",413,5321000
12,10,5,"[357,362,368,349,354]","[1078000,1084000,1096000,1033000,1065000]",368,5356000
12,11,5,"[358,342,368,371,354]","[1078000,1016000,1096000,1100000,1065000]",371,5355000
12,12,5,"[357,342,368,371,354]","[1078000,1016000,1096000,1100000,1065000]",371,5355000
12,13,5,"[306,285,409,351,421]","[928000,851000,1219000,1039000,1276000]",421,5313000
12,14,5,"[348,363,369,362,354]","[1042000,1084000,1096000,1068000,1065000]",369,5355000
12,15,5,"[308,315,382,351,415]","[928000,942000,1142000,1039000,1264000]",415,5315000
12,16,5,"[308,315,384,351,415]","[928000,942000,1142000,1039000,1264000]",415,5315000
12,17,5,"[379,334,368,351,355]","[1155000,992000,1096000,1039000,1065000]",379,5347000
12,18,5,"[379,334,368,351,355]","[1155000,992000,1096000,1039000,1065000]",379,5347000
12,19,5,"[390,315,382,351,344]","[1185000,942000,1142000,1039000,1033000]",390,5341000
12,20,5,"[380,315,384,351,355]","[1153000,942000,1142000,1039000,1065000]",384,5341000
12,21,5,"[417,305,361,355,393]","[1254000,891000,1079000,1046000,1182000]",417,5452000
12,22,5,"[390,317,379,378,401]","[1187000,946000,1086000,1073000,1219000]",401,5511000
12,23,5,"[388,324,417,363,344]","[1185000,946000,1230000,1047000,1033000]",417,5441000
12,24,5,"[359,341,368,371,397]","[1077000,1016000,1096000,1040000,1216000]",397,5445000
12,25,5,"[377,304,425,391,354]","[1121000,890000,1252000,1158000,1065000]",425,5486000
12,26,5,"[368,315,404,351,345]","[1121000,942000,1210000,1039000,1033000]",404,5345000
12,27,5,"[358,320,402,373,397]","[1075000,952000,1174000,1067000,1216000]",402,5484000
12,28,5,"[357,350,354,371,354]","[1078000,1048000,1055000,1100000,1065000]",371,5346000
12,29,5,"[380,321,388,354,359]","[1155000,957000,1154000,1056000,1080000]",388,5402000
12,30,5,"[336,361,401,406,391]","[1004000,1094000,1174000,1157000,1160000]",406,5589000
12,31,5,"[368,361,348,351,356]","[1121000,1084000,1032000,1039000,1065000]",368,5341000
12,32,5,"[391,317,413,365,344]","[1187000,946000,1219000,1065000,1033000]",413,5450000
12,33,5,"[361,340,371,379,397]","[1080000,1015000,1096000,1065000,1216000]",397,5472000
12,34,5,"[357,320,417,381,402]","[1059000,939000,1228000,1103000,1230000]",417,5559000
12,35,5,"[382,347,402,358,380]","[1142000,1000000,1173000,1054000,1152000]",402,5521000
12,36,5,"[379,321,417,375,359]","[1153000,946000,1231000,1091000,1080000]",417,5501000
12,37,5,"[421,288,399,370,395]","[1259000,833000,1173000,1055000,1216000]",421,5536000
12,38,5,"[358,312,451,377,397]","[1075000,904000,1296000,1075000,1216000]",451,5566000
12,39,5,"[377,306,420,362,406]","[1123000,894000,1272000,1022000,1243000]",420,5554000
12,40,5,"[377,304,422,403,344]","[1121000,890000,1228000,1206000,1033000]",422,5478000
12,41,5,"[379,284,399,377,424]","[1157000,856000,1146000,1088000,1292000]",424,5539000
12,42,5,"[359,320,413,374,398]","[1059000,955000,1219000,1069000,1218000]",413,5520000
12,43,5,"[369,333,373,351,354]","[1121000,992000,1121000,1039000,1065000]",373,5338000
12,44,5,"[368,361,348,351,354]","[1121000,1084000,1028000,1039000,1065000]",368,5337000
12,45,5,"[373,304,418,380,395]","[1124000,896000,1228000,1093000,1216000]",418,5557000
12,46,5,"[421,351,325,358,374]","[1256000,1024000,965000,1053000,1131000]",421,5429000
12,47,5,"[362,318,401,358,476]","[1093000,946000,1170000,1027000,1375000]",476,5611000
12,48,5,"[365,360,364,359,458]","[1098000,1089000,1083000,1056000,1276000]",458,5602000
12,49,5,"[368,361,349,368,408]","[1123000,1084000,1034000,1049000,1215000]",408,5505000
12,50,5,"[377,356,408,365,397]","[1123000,1042000,1190000,1033000,1216000]",408,5604000
12,51,5,"[377,306,436,355,378]","[1121000,892000,1281000,1058000,1152000]",436,5504000
12,52,5,"[388,315,372,404,344]","[1185000,942000,1070000,1198000,1033000]",404,5428000
12,53,5,"[379,312,416,376,397]","[1123000,904000,1222000,1082000,1216000]",416,5547000
12,54,5,"[424,372,336,370,369]","[1275000,1088000,1002000,1082000,1089000]",424,5536000
12,55,5,"[377,377,419,374,392]","[1121000,1090000,1237000,1067000,1148000]",419,5663000
12,56,5,"[377,397,336,381,402]","[1123000,1184000,955000,1092000,1230000]",402,5584000
12,57,5,"[420,307,405,360,364]","[1254000,896000,1199000,1051000,1079000]",420,5479000
12,58,5,"[377,364,408,376,395]","[1123000,1046000,1170000,1082000,1216000]",408,5637000
12,59,5,"[388,302,418,383,397]","[1157000,867000,1233000,1108000,1216000]",418,5581000
12,60,5,"[368,361,405,374,391]","[1123000,1088000,1158000,1072000,1154000]",405,5595000
12,61,5,"[388,314,388,354,344]","[1185000,943000,1155000,1054000,1033000]",388,5370000
12,62,5,"[377,358,410,365,395]","[1123000,1044000,1196000,1029000,1216000]",410,5608000
12,63,5,"[377,314,418,364,396]","[1123000,913000,1245000,1028000,1216000]",418,5525000
12,64,5,"[377,354,419,378,392]","[1123000,1045000,1231000,1092000,1150000]",419,5641000
12,65,5,"[378,380,359,370,355]","[1126000,1118000,1078000,1092000,1065000]",380,5479000
12,66,5,"[393,363,384,353,341]","[1191000,1088000,1142000,1039000,982000]",393,5442000
12,67,5,"[379,277,382,357,413]","[1121000,815000,1142000,1047000,1264000]",413,5389000
12,68,5,"[377,308,423,357,376]","[1121000,890000,1237000,1065000,1131000]",423,5444000
12,69,5,"[377,380,379,373,395]","[1123000,1106000,1086000,1067000,1216000]",395,5598000
12,70,5,"[379,284,399,377,414]","[1157000,856000,1146000,1088000,1266000]",414,5513000
12,71,5,"[377,278,393,351,413]","[1121000,817000,1170000,1041000,1264000]",413,5413000
12,72,5,"[377,312,415,356,372]","[1121000,909000,1228000,1063000,1131000]",415,5452000
12,73,5,"[377,309,413,409,358]","[1121000,909000,1216000,1208000,1085000]",413,5539000
12,74,5,"[377,362,406,364,399]","[1123000,1048000,1179000,1028000,1216000]",406,5594000
12,75,5,"[379,288,339,465,359]","[1153000,863000,991000,1357000,1084000]",465,5448000
12,76,5,"[362,402,369,364,354]","[1087000,1179000,1089000,1085000,1065000]",402,5505000
12,77,5,"[379,351,349,392,349]","[1153000,1048000,1033000,1156000,1019000]",392,5409000
12,78,5,"[365,359,386,331,354]","[1109000,1084000,1162000,969000,1065000]",386,5389000
12,79,5,"[379,360,348,360,354]","[1153000,1077000,1028000,1065000,1065000]",379,5388000
12,80,5,"[368,342,348,387,354]","[1121000,1017000,1028000,1138000,1065000]",387,5369000
12,81,5,"[307,284,444,355,413]","[928000,851000,1291000,1049000,1264000]",444,5383000
12,82,5,"[359,342,364,348,428]","[1085000,987000,1094000,1033000,1268000]",428,5467000
12,83,5,"[253,318,382,424,418]","[756000,946000,1142000,1253000,1279000]",424,5376000
12,84,5,"[361,366,372,403,355]","[1077000,1088000,1096000,1172000,1065000]",403,5498000
12,85,5,"[357,336,405,377,356]","[1078000,1011000,1179000,1131000,1069000]",405,5468000
12,86,5,"[356,351,374,393,354]","[1073000,1042000,1103000,1139000,1065000]",393,5422000
12,87,5,"[306,283,507,351,403]","[930000,851000,1442000,1039000,1222000]",507,5484000
12,88,5,"[347,362,376,360,376]","[1042000,1084000,1101000,1078000,1114000]",376,5419000
12,89,5,"[306,349,387,353,416]","[928000,1002000,1157000,1057000,1270000]",416,5414000
12,90,5,"[265,374,386,351,415]","[795000,1109000,1146000,1039000,1268000]",415,5357000
12,91,5,"[379,331,389,355,354]","[1155000,992000,1138000,1061000,1065000]",389,5411000
12,92,5,"[308,337,375,351,447]","[927000,996000,1111000,1039000,1340000]",447,5413000
12,93,5,"[390,272,382,406,344]","[1185000,808000,1142000,1197000,1033000]",406,5365000
12,94,5,"[378,315,386,354,456]","[1153000,942000,1149000,1054000,1265000]",456,5563000
13,1,5,"[350,346,299,379,378]","[1041000,1040000,890000,1151000,1157000]",379,5279000
13,2,5,"[356,356,357,359,357]","[1068000,1043000,1066000,1084000,1072000]",359,5333000
13,3,5,"[356,359,355,360,351]","[1063000,1051000,1066000,1086000,1066000]",360,5332000
13,4,5,"[375,344,299,353,378]","[1118000,1040000,895000,1069000,1157000]",378,5279000
13,5,5,"[356,359,355,360,351]","[1063000,1051000,1066000,1086000,1066000]",360,5332000
13,6,5,"[338,338,366,358,363]","[992000,1000000,1122000,1088000,1103000]",366,5305000
13,7,5,"[356,356,357,359,357]","[1068000,1043000,1066000,1084000,1072000]",359,5333000
13,8,5,"[355,336,353,358,365]","[1053000,1000000,1067000,1088000,1103000]",365,5311000
13,9,5,"[352,336,360,356,363]","[1035000,1000000,1098000,1081000,1103000]",363,5317000
13,10,5,"[361,346,300,353,386]","[1082000,1040000,890000,1069000,1189000]",386,5270000
13,11,5,"[373,346,289,353,384]","[1118000,1040000,863000,1069000,1188000]",384,5278000
13,12,5,"[366,344,321,352,376]","[1090000,1040000,946000,1067000,1154000]",376,5297000
13,13,5,"[356,360,334,361,361]","[1057000,1065000,1005000,1094000,1103000]",361,5324000
13,14,5,"[354,357,352,361,352]","[1056000,1047000,1062000,1094000,1066000]",361,5325000
13,15,5,"[376,344,321,353,368]","[1123000,1040000,946000,1069000,1122000]",376,5300000
13,16,5,"[366,344,321,353,376]","[1091000,1040000,946000,1069000,1154000]",376,5300000
13,17,5,"[355,336,353,358,365]","[1054000,1000000,1067000,1088000,1103000]",365,5312000
13,18,5,"[352,355,359,360,351]","[1040000,1051000,1093000,1086000,1066000]",360,5336000
13,19,5,"[363,346,301,352,386]","[1086000,1040000,895000,1067000,1189000]",386,5277000
13,20,5,"[347,353,361,359,357]","[1030000,1043000,1097000,1084000,1072000]",361,5326000
13,21,5,"[450,349,309,384,370]","[1317000,1038000,936000,1104000,1137000]",450,5532000
13,22,5,"[380,370,288,304,495]","[1137000,1113000,858000,902000,1467000]",495,5477000
13,23,5,"[387,399,311,355,389]","[1131000,1129000,937000,1073000,1195000]",399,5465000
13,24,5,"[361,347,319,305,487]","[1079000,1046000,947000,904000,1445000]",487,5421000
13,25,5,"[416,361,300,304,479]","[1216000,1075000,894000,902000,1420000]",479,5507000
13,26,5,"[402,340,309,361,466]","[1184000,1014000,931000,1050000,1364000]",466,5543000
13,27,5,"[364,356,304,374,482]","[1077000,1054000,911000,1077000,1424000]",482,5543000
13,28,5,"[418,351,304,360,453]","[1208000,1062000,881000,1088000,1329000]",453,5568000
13,29,5,"[371,348,307,418,378]","[1070000,1060000,908000,1239000,1154000]",418,5431000
13,30,5,"[435,343,309,384,382]","[1254000,1024000,938000,1114000,1173000]",435,5503000
13,31,5,"[440,358,290,384,396]","[1277000,1065000,862000,1125000,1200000]",440,5529000
13,32,5,"[369,350,307,420,379]","[1073000,1043000,928000,1240000,1159000]",420,5443000
13,33,5,"[410,344,322,343,474]","[1193000,1040000,953000,980000,1404000]",474,5570000
13,34,5,"[362,351,304,372,483]","[1081000,1043000,911000,1068000,1426000]",483,5529000
13,35,5,"[378,369,304,360,482]","[1086000,1116000,896000,1050000,1424000]",482,5572000
13,36,5,"[354,338,309,414,395]","[1039000,1004000,938000,1223000,1196000]",414,5400000
13,37,5,"[356,359,306,368,468]","[1066000,1048000,915000,1068000,1395000]",468,5492000
13,38,5,"[366,344,321,310,482]","[1092000,1040000,945000,918000,1426000]",482,5421000
13,39,5,"[365,344,306,352,397]","[1086000,1040000,909000,1067000,1220000]",397,5322000
13,40,5,"[356,448,306,376,381]","[1058000,1289000,918000,1100000,1160000]",448,5525000
13,41,5,"[406,345,302,353,406]","[1190000,1042000,894000,1069000,1208000]",406,5403000
13,42,5,"[416,355,295,356,452]","[1202000,1063000,866000,1075000,1310000]",452,5516000
13,43,5,"[386,369,292,344,495]","[1138000,1111000,875000,981000,1467000]",495,5572000
13,44,5,"[365,354,322,355,389]","[1086000,1050000,943000,1073000,1195000]",389,5347000
13,45,5,"[372,345,307,376,483]","[1093000,1022000,938000,1084000,1426000]",483,5563000
13,46,5,"[419,370,288,361,383]","[1209000,1100000,858000,1081000,1183000]",419,5431000
13,47,5,"[361,344,299,304,514]","[1071000,1040000,890000,902000,1514000]",514,5417000
13,48,5,"[359,363,291,354,467]","[1075000,1085000,870000,1071000,1357000]",467,5458000
13,49,5,"[357,351,304,360,391]","[1061000,1062000,900000,1088000,1197000]",391,5308000
13,50,5,"[420,356,310,358,386]","[1217000,1070000,881000,1088000,1189000]",420,5445000
13,51,5,"[356,359,318,366,494]","[1057000,1065000,909000,1069000,1472000]",494,5572000
13,52,5,"[363,349,301,320,483]","[1086000,1059000,890000,953000,1428000]",483,5416000
13,53,5,"[364,345,305,354,400]","[1084000,1029000,912000,1071000,1223000]",400,5319000
13,54,5,"[414,371,307,384,454]","[1200000,1117000,878000,1113000,1337000]",454,5645000
13,55,5,"[366,355,360,358,388]","[1080000,1049000,1023000,1075000,1189000]",388,5416000
13,56,5,"[456,354,304,380,372]","[1327000,1043000,911000,1091000,1133000]",456,5505000
13,57,5,"[356,360,335,361,362]","[1057000,1065000,1005000,1094000,1103000]",362,5324000
13,58,5,"[375,363,301,371,516]","[1075000,1083000,866000,1077000,1524000]",516,5625000
13,59,5,"[366,344,321,361,376]","[1091000,1040000,946000,1088000,1154000]",376,5319000
13,60,5,"[338,362,353,361,362]","[994000,1075000,1064000,1094000,1105000]",362,5332000
13,61,5,"[354,358,345,359,361]","[1040000,1065000,1041000,1084000,1103000]",361,5333000
13,62,5,"[385,343,337,361,392]","[1139000,1030000,971000,1077000,1209000]",392,5426000
13,63,5,"[371,374,302,374,389]","[1097000,1131000,866000,1120000,1192000]",389,5406000
13,64,5,"[347,350,323,355,409]","[1030000,1048000,951000,1073000,1240000]",409,5342000
13,65,5,"[354,354,332,375,390]","[1053000,1051000,966000,1125000,1197000]",390,5392000
13,66,5,"[403,359,335,358,377]","[1184000,1050000,979000,1079000,1159000]",403,5451000
13,67,5,"[359,340,303,363,497]","[1058000,1017000,897000,1050000,1472000]",497,5494000
13,68,5,"[381,368,305,362,413]","[1143000,1111000,871000,1088000,1228000]",413,5441000
13,69,5,"[379,353,304,425,370]","[1112000,1058000,911000,1251000,1133000]",425,5465000
13,70,5,"[409,354,313,360,386]","[1203000,1060000,887000,1092000,1189000]",409,5431000
13,71,5,"[341,342,352,375,405]","[996000,1004000,1039000,1116000,1242000]",405,5397000
13,72,5,"[353,356,292,412,388]","[1051000,1057000,862000,1219000,1189000]",412,5378000
13,73,5,"[401,350,304,304,482]","[1183000,1043000,911000,902000,1426000]",482,5465000
13,74,5,"[355,358,335,357,362]","[1058000,1065000,1007000,1083000,1103000]",362,5316000
13,75,5,"[361,344,322,343,484]","[1082000,1040000,953000,986000,1426000]",484,5487000
13,76,5,"[390,339,308,360,398]","[1164000,1010000,926000,1075000,1213000]",398,5388000
13,77,5,"[353,353,359,359,353]","[1039000,1049000,1093000,1081000,1071000]",359,5333000
13,78,5,"[420,358,300,363,427]","[1212000,1074000,900000,1087000,1244000]",427,5517000
13,79,5,"[338,346,298,400,376]","[988000,1050000,890000,1223000,1157000]",400,5308000
13,80,5,"[398,355,382,360,357]","[1147000,1055000,1124000,1086000,1072000]",398,5484000
13,81,5,"[357,357,358,360,358]","[1066000,1053000,1067000,1086000,1082000]",360,5354000
13,82,5,"[453,343,298,352,378]","[1274000,1040000,890000,1067000,1157000]",453,5428000
13,83,5,"[354,390,352,357,349]","[1046000,1148000,1064000,1080000,1062000]",390,5400000
13,84,5,"[342,336,365,333,405]","[996000,1000000,1117000,1008000,1225000]",405,5346000
13,85,5,"[355,460,357,359,387]","[1073000,1334000,1074000,1084000,1076000]",460,5641000
13,86,5,"[355,339,354,358,390]","[1051000,1012000,1067000,1088000,1154000]",390,5372000
13,87,5,"[332,391,360,356,363]","[972000,1131000,1098000,1081000,1103000]",391,5385000
13,88,5,"[361,344,299,353,449]","[1082000,1040000,895000,1069000,1312000]",449,5398000
13,89,5,"[415,346,263,353,384]","[1229000,1040000,781000,1069000,1188000]",415,5307000
13,90,5,"[371,338,337,353,378]","[1103000,1015000,994000,1069000,1154000]",378,5335000
13,91,5,"[334,360,404,361,361]","[984000,1065000,1168000,1094000,1103000]",404,5414000
13,92,5,"[356,356,371,362,349]","[1056000,1044000,1102000,1092000,1064000]",371,5358000
13,93,5,"[379,419,322,353,308]","[1129000,1262000,948000,1069000,937000]",419,5345000
13,94,5,"[467,305,316,353,376]","[1348000,920000,941000,1069000,1154000]",467,5432000
13,95,5,"[358,427,356,358,298]","[1059000,1266000,1067000,1088000,889000]",427,5369000
13,96,5,"[353,359,483,360,282]","[1042000,1071000,1452000,1089000,847000]",483,5501000
13,97,5,"[369,349,301,403,388]","[1098000,1055000,882000,1197000,1191000]",403,5423000
13,98,5,"[347,453,361,285,357]","[1030000,1344000,1097000,835000,1072000]",453,5378000
14,1,5,"[415,218,407,362,356]","[1238000,616000,1231000,1117000,1087000]",415,5289000
14,2,5,"[342,367,368,359,346]","[1014000,1081000,1094000,1077000,1055000]",368,5321000
14,3,5,"[380,253,407,362,356]","[1138000,716000,1231000,1117000,1087000]",407,5289000
14,4,5,"[380,253,407,362,356]","[1138000,716000,1231000,1117000,1087000]",407,5289000
14,5,5,"[324,324,370,390,359]","[954000,947000,1121000,1186000,1097000]",390,5305000
14,6,5,"[353,325,370,359,359]","[1057000,949000,1121000,1077000,1102000]",370,5306000
14,7,5,"[342,360,368,359,347]","[1007000,1069000,1108000,1084000,1053000]",368,5321000
14,8,5,"[419,216,409,292,420]","[1238000,603000,1244000,896000,1299000]",420,5280000
14,9,5,"[413,218,325,362,431]","[1234000,616000,968000,1117000,1336000]",431,5271000
14,10,5,"[340,363,366,361,351]","[1007000,1081000,1094000,1084000,1059000]",366,5325000
14,11,5,"[358,352,356,359,353]","[1060000,1044000,1069000,1084000,1079000]",359,5336000
14,12,5,"[354,361,355,359,352]","[1053000,1066000,1044000,1084000,1079000]",361,5326000
14,13,5,"[342,364,365,363,345]","[1009000,1083000,1094000,1092000,1053000]",365,5331000
14,14,5,"[359,362,356,360,342]","[1062000,1071000,1069000,1084000,1047000]",362,5333000
14,15,5,"[354,361,355,359,352]","[1053000,1063000,1055000,1084000,1079000]",361,5334000
14,16,5,"[345,363,366,361,352]","[1018000,1081000,1094000,1077000,1059000]",366,5329000
14,17,5,"[344,363,366,361,351]","[1018000,1079000,1094000,1077000,1061000]",366,5329000
14,18,5,"[342,365,366,363,346]","[1014000,1081000,1094000,1085000,1055000]",366,5329000
14,19,5,"[341,364,367,362,345]","[1007000,1083000,1094000,1089000,1053000]",367,5326000
14,20,5,"[343,362,366,361,350]","[1011000,1079000,1094000,1084000,1061000]",366,5329000
14,21,5,"[356,286,355,498,353]","[1057000,787000,1074000,1486000,1079000]",498,5483000
14,22,5,"[408,304,411,499,371]","[1155000,829000,1168000,1490000,1115000]",499,5757000
14,23,5,"[376,339,436,391,360]","[1055000,977000,1271000,1191000,1104000]",436,5598000
14,24,5,"[366,352,356,359,353]","[1076000,1044000,1069000,1084000,1079000]",366,5352000
14,25,5,"[345,362,364,386,380]","[1026000,1075000,1094000,1132000,1138000]",386,5465000
14,26,5,"[344,363,364,436,324]","[1014000,1081000,1094000,1312000,935000]",436,5436000
14,27,5,"[380,218,408,499,367]","[1138000,616000,1168000,1490000,1109000]",499,5521000
14,28,5,"[352,287,360,499,358]","[1049000,802000,1051000,1490000,1087000]",499,5479000
14,29,5,"[416,302,369,388,352]","[1237000,858000,1081000,1172000,1079000]",416,5427000
14,30,5,"[345,362,396,363,350]","[1019000,1079000,1158000,1085000,1075000]",396,5416000
14,31,5,"[345,398,366,361,352]","[1018000,1151000,1094000,1079000,1075000]",398,5417000
14,32,5,"[358,317,386,498,374]","[1060000,896000,1145000,1458000,1098000]",498,5657000
14,33,5,"[323,461,380,359,349]","[943000,1323000,1129000,1084000,1070000]",461,5549000
14,34,5,"[470,322,396,437,337]","[1387000,872000,1141000,1315000,989000]",470,5704000
14,35,5,"[423,416,364,383,385]","[1190000,1132000,1100000,1129000,1180000]",423,5731000
14,36,5,"[328,363,357,397,354]","[959000,1066000,1044000,1195000,1079000]",397,5343000
14,37,5,"[373,380,399,476,344]","[1069000,1060000,1158000,1391000,1057000]",476,5735000
14,38,5,"[311,326,373,409,362]","[908000,960000,1123000,1253000,1108000]",409,5352000
14,39,5,"[362,444,367,362,355]","[1065000,1246000,1070000,1083000,1084000]",444,5548000
14,40,5,"[356,357,357,407,352]","[1053000,1002000,1055000,1237000,1079000]",407,5426000
14,41,5,"[385,416,395,358,379]","[1128000,1129000,1150000,1082000,1175000]",416,5664000
14,42,5,"[324,341,372,390,344]","[954000,997000,1125000,1186000,1057000]",390,5319000
14,43,5,"[356,360,354,361,361]","[1053000,1081000,1048000,1086000,1091000]",361,5359000
14,44,5,"[381,219,427,439,356]","[1138000,621000,1235000,1352000,1096000]",439,5442000
14,45,5,"[357,227,424,434,395]","[1048000,629000,1244000,1310000,1219000]",434,5450000
14,46,5,"[416,319,410,428,355]","[1237000,899000,1168000,1253000,1088000]",428,5645000
14,47,5,"[340,338,364,392,351]","[1007000,1001000,1094000,1186000,1059000]",392,5347000
14,48,5,"[356,354,358,362,364]","[1053000,1063000,1058000,1084000,1109000]",364,5367000
14,49,5,"[360,361,361,362,348]","[1061000,1071000,1078000,1084000,1059000]",362,5353000
14,50,5,"[345,346,408,504,342]","[1020000,971000,1168000,1500000,1014000]",504,5673000
14,51,5,"[380,332,395,499,322]","[1138000,912000,1141000,1490000,956000]",499,5637000
14,52,5,"[328,354,357,397,355]","[961000,1054000,1069000,1195000,1079000]",397,5358000
14,53,5,"[391,258,446,411,354]","[1175000,693000,1318000,1245000,1079000]",446,5510000
14,54,5,"[353,358,361,365,359]","[1049000,1074000,1049000,1097000,1087000]",365,5356000
14,55,5,"[312,464,367,362,351]","[910000,1327000,1100000,1081000,1061000]",464,5479000
14,56,5,"[391,460,368,398,368]","[1099000,1286000,1114000,1181000,1071000]",460,5751000
14,57,5,"[343,448,391,360,345]","[1012000,1280000,1119000,1089000,1059000]",448,5559000
14,58,5,"[368,362,364,363,350]","[1096000,1079000,1061000,1092000,1068000]",368,5396000
14,59,5,"[380,217,408,499,356]","[1138000,618000,1168000,1490000,1087000]",499,5501000
14,60,5,"[358,361,355,359,352]","[1061000,1063000,1055000,1084000,1079000]",361,5342000
14,61,5,"[346,365,365,411,322]","[1011000,1094000,1094000,1236000,956000]",411,5391000
14,62,5,"[344,377,365,437,326]","[1011000,1119000,1100000,1310000,933000]",437,5473000
14,63,5,"[431,268,409,495,335]","[1279000,740000,1172000,1461000,1009000]",495,5661000
14,64,5,"[356,325,410,502,370]","[1039000,881000,1172000,1496000,1115000]",502,5703000
14,65,5,"[380,218,409,363,410]","[1128000,616000,1241000,1117000,1236000]",410,5338000
14,66,5,"[344,362,380,360,349]","[1014000,1079000,1122000,1077000,1070000]",380,5362000
14,67,5,"[380,253,407,362,356]","[1138000,716000,1231000,1117000,1087000]",407,5289000
14,68,5,"[325,255,408,496,357]","[959000,723000,1233000,1454000,1092000]",496,5461000
14,69,5,"[328,361,374,393,369]","[960000,1059000,1136000,1194000,1089000]",393,5438000
14,70,5,"[352,311,372,367,359]","[1055000,911000,1121000,1105000,1102000]",372,5294000
14,71,5,"[342,372,375,361,370]","[1007000,1090000,1114000,1088000,1101000]",375,5400000
14,72,5,"[419,217,409,302,420]","[1229000,605000,1244000,913000,1299000]",420,5290000
14,73,5,"[415,218,319,388,431]","[1234000,616000,938000,1199000,1336000]",431,5323000
14,74,5,"[340,349,364,400,351]","[1007000,1011000,1094000,1206000,1059000]",400,5377000
14,75,5,"[354,374,356,338,354]","[1053000,1112000,1069000,1018000,1079000]",374,5331000
14,76,5,"[356,363,357,397,354]","[1057000,1074000,1045000,1160000,1089000]",397,5425000
14,77,5,"[342,364,357,363,405]","[1009000,1081000,1041000,1092000,1218000]",405,5441000
14,78,5,"[354,380,356,420,342]","[1053000,1079000,1069000,1242000,1047000]",420,5490000
14,79,5,"[355,359,353,372,372]","[1055000,1063000,1055000,1117000,1110000]",372,5400000
14,80,5,"[345,363,447,415,352]","[1018000,1081000,1290000,1170000,1059000]",447,5618000
14,81,5,"[409,363,345,361,351]","[1175000,1079000,1035000,1077000,1061000]",409,5427000
14,82,5,"[347,364,416,363,306]","[1024000,1083000,1247000,1085000,930000]",416,5369000
14,83,5,"[341,360,368,359,369]","[1007000,1075000,1100000,1084000,1113000]",369,5379000
14,84,5,"[403,361,365,360,348]","[1129000,1079000,1094000,1084000,1059000]",403,5445000
15,1,5,"[376,373,321,372,341]","[1154000,1143000,897000,1122000,1030000]",376,5346000
15,2,5,"[373,373,322,372,347]","[1139000,1143000,904000,1122000,1051000]",373,5359000
15,3,5,"[374,373,318,374,347]","[1138000,1143000,897000,1122000,1051000]",374,5351000
15,4,5,"[378,391,285,396,325]","[1158000,1194000,782000,1201000,984000]",396,5319000
15,5,5,"[347,370,368,363,371]","[1045000,1137000,1037000,1061000,1132000]",371,5412000
15,6,5,"[379,391,287,398,320]","[1160000,1196000,782000,1201000,975000]",398,5314000
15,7,5,"[372,373,283,414,321]","[1140000,1147000,782000,1255000,977000]",414,5301000
15,8,5,"[372,372,341,372,345]","[1133000,1129000,964000,1122000,1047000]",372,5395000
15,9,5,"[372,372,340,372,353]","[1133000,1129000,949000,1122000,1062000]",372,5395000
15,10,5,"[377,373,323,368,339]","[1154000,1132000,901000,1113000,1027000]",377,5327000
15,11,5,"[376,373,321,372,339]","[1154000,1143000,901000,1122000,1026000]",376,5346000
15,12,5,"[377,373,322,371,339]","[1154000,1143000,899000,1106000,1027000]",377,5329000
15,13,5,"[340,370,369,360,372]","[1034000,1137000,1041000,1048000,1137000]",372,5397000
15,14,5,"[379,372,285,414,320]","[1158000,1137000,782000,1255000,975000]",414,5307000
15,15,5,"[386,390,287,400,322]","[1176000,1184000,786000,1203000,977000]",400,5326000
15,16,5,"[374,373,320,374,347]","[1138000,1143000,901000,1122000,1051000]",374,5355000
15,17,5,"[376,373,321,372,341]","[1154000,1143000,901000,1122000,1030000]",376,5350000
15,18,5,"[372,373,320,372,349]","[1135000,1143000,897000,1122000,1064000]",373,5361000
15,19,5,"[372,373,320,372,349]","[1135000,1143000,897000,1122000,1064000]",373,5361000
15,20,5,"[376,373,322,372,341]","[1154000,1143000,901000,1122000,1030000]",376,5350000
15,21,5,"[387,429,349,354,351]","[1145000,1262000,980000,1068000,1059000]",429,5514000
15,22,5,"[378,442,323,356,322]","[1155000,1315000,897000,1072000,986000]",442,5425000
15,23,5,"[377,433,291,373,359]","[1150000,1278000,820000,1119000,1072000]",433,5439000
15,24,5,"[387,374,320,356,400]","[1141000,1143000,901000,1060000,1211000]",400,5456000
15,25,5,"[434,383,332,362,371]","[1267000,1138000,959000,1066000,1141000]",434,5571000
15,26,5,"[430,385,333,357,397]","[1259000,1138000,952000,1044000,1202000]",430,5595000
15,27,5,"[376,450,346,358,321]","[1145000,1335000,934000,1072000,980000]",450,5466000
15,28,5,"[403,370,320,378,376]","[1217000,1128000,901000,1080000,1152000]",403,5478000
15,29,5,"[428,390,344,374,369]","[1252000,1135000,988000,1122000,1086000]",428,5583000
15,30,5,"[437,417,338,364,372]","[1276000,1198000,961000,1057000,1140000]",437,5632000
15,31,5,"[428,381,329,360,375]","[1264000,1134000,946000,1046000,1146000]",428,5536000
15,32,5,"[378,430,285,372,357]","[1148000,1274000,812000,1122000,1062000]",430,5418000
15,33,5,"[377,428,352,374,319]","[1150000,1260000,997000,1126000,956000]",428,5489000
15,34,5,"[402,430,308,354,359]","[1210000,1264000,866000,1068000,1060000]",430,5468000
15,35,5,"[358,372,341,375,391]","[1088000,1129000,964000,1127000,1163000]",391,5471000
15,36,5,"[378,443,324,358,322]","[1155000,1315000,888000,1072000,982000]",443,5412000
15,37,5,"[400,379,358,378,326]","[1209000,1113000,1009000,1130000,998000]",400,5459000
15,38,5,"[471,387,330,358,357]","[1359000,1146000,955000,1046000,1095000]",471,5601000
15,39,5,"[389,383,414,357,376]","[1138000,1138000,1167000,1047000,1143000]",414,5633000
15,40,5,"[382,423,341,373,341]","[1166000,1261000,930000,1127000,1023000]",423,5507000
15,41,5,"[387,380,350,373,324]","[1173000,1152000,967000,1127000,986000]",387,5405000
15,42,5,"[377,370,321,377,346]","[1154000,1128000,903000,1138000,1040000]",377,5363000
15,43,5,"[437,386,327,359,373]","[1264000,1147000,948000,1044000,1154000]",437,5557000
15,44,5,"[372,430,316,372,345]","[1133000,1264000,892000,1122000,1047000]",430,5458000
15,45,5,"[431,383,363,374,363]","[1222000,1134000,1041000,1124000,1102000]",431,5623000
15,46,5,"[411,381,344,379,367]","[1188000,1134000,991000,1124000,1121000]",411,5558000
15,47,5,"[411,386,433,356,323]","[1167000,1149000,1235000,1072000,990000]",433,5613000
15,48,5,"[375,447,319,364,347]","[1141000,1333000,896000,1070000,1041000]",447,5481000
15,49,5,"[379,372,341,376,385]","[1154000,1129000,964000,1142000,1118000]",385,5507000
15,50,5,"[374,428,292,390,342]","[1144000,1265000,831000,1158000,1032000]",428,5430000
15,51,5,"[373,426,311,373,349]","[1132000,1270000,868000,1127000,1055000]",426,5452000
15,52,5,"[377,428,308,372,358]","[1150000,1260000,870000,1122000,1062000]",428,5464000
15,53,5,"[379,375,324,391,325]","[1154000,1143000,897000,1178000,965000]",391,5337000
15,54,5,"[395,384,334,376,341]","[1207000,1119000,961000,1126000,1030000]",395,5443000
15,55,5,"[401,425,287,356,341]","[1212000,1268000,829000,1072000,1030000]",425,5411000
15,56,5,"[425,397,327,372,369]","[1237000,1209000,915000,1122000,1086000]",425,5569000
15,57,5,"[439,381,361,372,328]","[1277000,1134000,1031000,1122000,986000]",439,5550000
15,58,5,"[372,430,320,379,329]","[1130000,1282000,895000,1132000,1000000]",430,5439000
15,59,5,"[374,429,348,374,321]","[1108000,1272000,970000,1122000,980000]",429,5452000
15,60,5,"[464,382,355,363,325]","[1363000,1134000,1004000,1070000,992000]",464,5563000
15,61,5,"[382,395,321,372,344]","[1169000,1180000,906000,1122000,1039000]",395,5416000
15,62,5,"[374,372,321,401,348]","[1138000,1128000,903000,1181000,1051000]",401,5401000
15,63,5,"[376,378,321,395,317]","[1154000,1143000,901000,1182000,955000]",395,5335000
15,64,5,"[440,388,331,359,411]","[1282000,1151000,949000,1054000,1213000]",440,5649000
15,65,5,"[374,432,290,373,343]","[1144000,1273000,821000,1142000,1032000]",432,5412000
15,66,5,"[376,445,305,359,368]","[1141000,1329000,856000,1082000,1084000]",445,5492000
15,67,5,"[372,430,294,372,355]","[1130000,1282000,822000,1122000,1082000]",430,5438000
15,68,5,"[368,379,377,402,379]","[1123000,1119000,1064000,1148000,1139000]",402,5593000
15,69,5,"[377,382,324,366,339]","[1154000,1160000,908000,1113000,1015000]",382,5350000
15,70,5,"[376,373,321,372,339]","[1154000,1143000,902000,1122000,1026000]",376,5347000
15,71,5,"[379,427,330,372,319]","[1154000,1275000,938000,1122000,956000]",427,5445000
15,72,5,"[427,383,334,401,375]","[1254000,1138000,958000,1124000,1146000]",427,5620000
15,73,5,"[469,377,321,341,341]","[1366000,1151000,907000,1024000,1030000]",469,5478000
15,74,5,"[373,357,318,373,377]","[1133000,1087000,897000,1122000,1134000]",377,5373000
15,75,5,"[461,375,283,375,347]","[1339000,1147000,797000,1127000,1051000]",461,5461000
15,76,5,"[431,390,285,397,275]","[1321000,1196000,792000,1203000,825000]",431,5337000
15,77,5,"[347,366,367,358,447]","[1045000,1084000,1042000,1042000,1331000]",447,5544000
15,78,5,"[380,427,286,399,327]","[1165000,1274000,803000,1206000,986000]",427,5434000
15,79,5,"[414,373,288,414,353]","[1215000,1151000,790000,1255000,1042000]",414,5453000
15,80,5,"[370,436,342,325,345]","[1133000,1314000,969000,967000,1047000]",436,5430000
15,81,5,"[309,373,341,434,350]","[930000,1131000,964000,1326000,1057000]",434,5408000
15,82,5,"[312,370,321,425,343]","[943000,1128000,901000,1312000,1034000]",425,5318000
15,83,5,"[378,373,322,378,397]","[1154000,1143000,911000,1136000,1131000]",397,5475000
15,84,5,"[383,376,365,369,354]","[1162000,1143000,1012000,1107000,1034000]",383,5458000
15,85,5,"[349,381,366,357,372]","[1058000,1153000,1037000,1042000,1137000]",381,5427000
15,86,5,"[383,425,288,417,323]","[1173000,1255000,803000,1260000,989000]",425,5480000
15,87,5,"[383,446,288,401,323]","[1180000,1306000,794000,1207000,991000]",446,5478000
15,88,5,"[446,373,322,373,352]","[1279000,1143000,905000,1122000,1066000]",446,5515000
15,89,5,"[311,373,410,373,343]","[943000,1143000,1158000,1122000,1040000]",410,5406000
15,90,5,"[511,309,321,372,351]","[1493000,931000,899000,1122000,1059000]",511,5504000
15,91,5,"[367,372,329,373,354]","[1085000,1144000,964000,1122000,1071000]",373,5386000
15,92,5,"[378,374,323,342,385]","[1154000,1143000,901000,1024000,1154000]",385,5376000
16,1,5,"[279,379,373,378,366]","[821000,1149000,1108000,1164000,1083000]",379,5325000
16,2,5,"[300,367,369,367,376]","[894000,1103000,1104000,1130000,1102000]",376,5333000
16,3,5,"[277,354,367,378,386]","[821000,1065000,1100000,1164000,1147000]",386,5297000
16,4,5,"[277,344,367,376,390]","[821000,1037000,1100000,1160000,1171000]",390,5289000
16,5,5,"[350,355,358,364,358]","[1035000,1072000,1059000,1120000,1055000]",364,5341000
16,6,5,"[350,354,370,364,344]","[1035000,1072000,1104000,1120000,1002000]",370,5333000
16,7,5,"[352,355,354,366,358]","[1035000,1072000,1051000,1120000,1055000]",366,5333000
16,8,5,"[277,355,332,362,423]","[821000,1069000,994000,1120000,1273000]",423,5277000
16,9,5,"[351,355,353,365,358]","[1035000,1072000,1051000,1120000,1055000]",365,5333000
16,10,5,"[362,358,362,362,360]","[1075000,1077000,1052000,1120000,1056000]",362,5380000
16,11,5,"[346,359,372,362,349]","[1021000,1073000,1108000,1120000,1021000]",372,5343000
16,12,5,"[353,358,371,366,342]","[1037000,1072000,1108000,1124000,1002000]",371,5343000
16,13,5,"[352,358,372,366,342]","[1035000,1072000,1110000,1124000,1002000]",372,5343000
16,14,5,"[278,356,370,362,391]","[821000,1069000,1106000,1120000,1175000]",391,5291000
16,15,5,"[278,354,367,378,387]","[821000,1065000,1100000,1164000,1149000]",387,5299000
16,16,5,"[277,354,367,378,386]","[821000,1065000,1100000,1164000,1149000]",386,5299000
16,17,5,"[279,379,375,380,372]","[821000,1149000,1108000,1164000,1085000]",380,5327000
16,18,5,"[279,379,373,378,366]","[821000,1152000,1108000,1164000,1083000]",379,5328000
16,19,5,"[278,356,370,362,391]","[821000,1069000,1106000,1120000,1175000]",391,5291000
16,20,5,"[279,366,369,366,386]","[821000,1101000,1104000,1126000,1147000]",386,5299000
16,21,5,"[371,355,358,363,397]","[1100000,1072000,1073000,1083000,1142000]",397,5470000
16,22,5,"[369,358,371,362,349]","[1094000,1077000,1106000,1120000,1019000]",371,5416000
16,23,5,"[281,363,395,411,401]","[825000,1081000,1153000,1215000,1191000]",411,5465000
16,24,5,"[279,347,370,422,368]","[821000,1046000,1104000,1288000,1086000]",422,5345000
16,25,5,"[277,366,393,386,378]","[821000,1101000,1149000,1183000,1132000]",393,5386000
16,26,5,"[351,355,379,365,345]","[1042000,1074000,1124000,1122000,1007000]",379,5369000
16,27,5,"[277,347,370,450,368]","[821000,1046000,1100000,1347000,1088000]",450,5402000
16,28,5,"[314,356,370,362,385]","[928000,1069000,1106000,1120000,1130000]",385,5353000
16,29,5,"[279,285,430,388,459]","[831000,844000,1265000,1179000,1340000]",459,5459000
16,30,5,"[277,351,424,512,369]","[821000,1018000,1245000,1516000,1061000]",512,5661000
16,31,5,"[360,358,382,364,349]","[1071000,1077000,1129000,1130000,1022000]",382,5429000
16,32,5,"[362,358,362,362,393]","[1075000,1077000,1052000,1120000,1135000]",393,5459000
16,33,5,"[331,303,424,473,372]","[959000,898000,1249000,1414000,1068000]",473,5588000
16,34,5,"[353,356,371,417,345]","[1037000,1072000,1108000,1247000,983000]",417,5447000
16,35,5,"[368,357,370,363,340]","[1079000,1075000,1104000,1125000,1001000]",370,5384000
16,36,5,"[350,301,426,462,358]","[1039000,894000,1254000,1335000,1061000]",462,5583000
16,37,5,"[346,359,370,362,349]","[1021000,1073000,1104000,1120000,1021000]",370,5339000
16,38,5,"[344,347,373,376,349]","[1021000,1037000,1110000,1160000,1031000]",376,5359000
16,39,5,"[352,359,366,365,398]","[1050000,1088000,1073000,1127000,1127000]",398,5465000
16,40,5,"[353,354,372,466,317]","[1043000,1072000,1107000,1370000,909000]",466,5501000
16,41,5,"[371,345,418,449,290]","[1100000,1036000,1241000,1308000,828000]",449,5513000
16,42,5,"[278,365,370,436,341]","[821000,1093000,1106000,1325000,1013000]",436,5358000
16,43,5,"[280,277,421,424,428]","[831000,825000,1247000,1288000,1261000]",428,5452000
16,44,5,"[277,356,418,483,355]","[821000,1033000,1241000,1417000,1042000]",483,5554000
16,45,5,"[353,341,400,476,338]","[1041000,974000,1187000,1429000,973000]",476,5604000
16,46,5,"[364,349,377,415,336]","[1067000,1023000,1132000,1247000,1005000]",415,5474000
16,47,5,"[353,354,355,364,382]","[1034000,1072000,1053000,1120000,1109000]",382,5388000
16,48,5,"[397,280,420,482,371]","[1157000,813000,1245000,1411000,1067000]",482,5693000
16,49,5,"[433,303,411,459,339]","[1262000,898000,1194000,1323000,998000]",459,5675000
16,50,5,"[323,357,370,382,398]","[931000,1067000,1102000,1172000,1157000]",398,5429000
16,51,5,"[352,369,371,369,359]","[1040000,1096000,1104000,1131000,1043000]",371,5414000
16,52,5,"[352,359,372,363,397]","[1015000,1082000,1110000,1122000,1136000]",397,5465000
16,53,5,"[278,334,373,439,365]","[821000,1008000,1107000,1328000,1084000]",439,5348000
16,54,5,"[392,356,370,362,337]","[1164000,1082000,1106000,1120000,950000]",392,5422000
16,55,5,"[359,354,379,362,363]","[1048000,1072000,1120000,1120000,1053000]",379,5413000
16,56,5,"[277,348,372,492,348]","[821000,1015000,1110000,1471000,1039000]",492,5456000
16,57,5,"[278,302,436,420,434]","[821000,896000,1290000,1248000,1268000]",436,5523000
16,58,5,"[348,386,363,413,371]","[1015000,1145000,1083000,1243000,1067000]",413,5553000
16,59,5,"[280,322,422,438,340]","[836000,966000,1248000,1332000,1013000]",438,5395000
16,60,5,"[278,356,378,362,391]","[821000,1069000,1122000,1120000,1175000]",391,5307000
16,61,5,"[279,301,421,500,366]","[831000,867000,1245000,1505000,1083000]",500,5531000
16,62,5,"[280,362,382,366,389]","[831000,1097000,1122000,1128000,1151000]",389,5329000
16,63,5,"[383,354,394,447,296]","[1121000,1072000,1168000,1308000,842000]",447,5511000
16,64,5,"[326,354,367,378,369]","[964000,1065000,1100000,1164000,1076000]",378,5369000
16,65,5,"[363,358,365,361,384]","[1049000,1073000,1084000,1078000,1149000]",384,5433000
16,66,5,"[352,356,374,366,363]","[1035000,1072000,1110000,1124000,1053000]",374,5394000
16,67,5,"[362,358,362,362,371]","[1075000,1077000,1052000,1120000,1092000]",371,5416000
16,68,5,"[352,401,354,366,340]","[1032000,1196000,1051000,1124000,988000]",401,5391000
16,69,5,"[348,358,371,363,401]","[1011000,1073000,1104000,1122000,1152000]",401,5462000
16,70,5,"[277,327,419,477,337]","[821000,962000,1239000,1414000,1010000]",477,5446000
16,71,5,"[277,322,417,475,371]","[821000,933000,1239000,1414000,1099000]",475,5506000
16,72,5,"[364,371,374,365,352]","[1081000,1096000,1110000,1126000,1015000]",374,5428000
16,73,5,"[348,339,417,473,290]","[1029000,985000,1239000,1414000,859000]",473,5526000
16,74,5,"[359,357,372,381,357]","[1058000,1060000,1106000,1166000,1038000]",381,5428000
16,75,5,"[278,302,439,441,365]","[821000,896000,1298000,1335000,1079000]",441,5429000
16,76,5,"[279,447,373,378,301]","[821000,1357000,1108000,1164000,881000]",447,5331000
16,77,5,"[301,290,476,364,376]","[892000,857000,1417000,1124000,1100000]",476,5390000
16,78,5,"[322,354,367,381,386]","[920000,1065000,1100000,1170000,1147000]",386,5402000
16,79,5,"[279,344,322,463,392]","[821000,1037000,946000,1390000,1177000]",463,5371000
16,80,5,"[352,356,360,366,358]","[1045000,1077000,1065000,1120000,1055000]",366,5362000
16,81,5,"[351,358,371,420,342]","[1040000,1087000,1106000,1236000,1002000]",420,5471000
16,82,5,"[362,355,364,363,364]","[1048000,1072000,1061000,1120000,1067000]",364,5368000
16,83,5,"[282,340,338,364,445]","[836000,1026000,1005000,1124000,1339000]",445,5330000
16,84,5,"[351,413,353,304,358]","[1037000,1271000,1051000,926000,1058000]",413,5343000
16,85,5,"[362,361,355,421,359]","[1073000,1084000,1048000,1238000,1056000]",421,5499000
16,86,5,"[329,374,372,362,347]","[966000,1130000,1108000,1120000,1021000]",374,5345000
16,87,5,"[287,435,371,365,342]","[833000,1298000,1108000,1129000,1002000]",435,5370000
16,88,5,"[350,393,370,364,365]","[1035000,1146000,1106000,1120000,1050000]",393,5457000
16,89,5,"[387,359,370,402,398]","[1095000,1073000,1106000,1146000,1188000]",402,5608000
16,90,5,"[305,354,367,378,386]","[898000,1065000,1079000,1164000,1147000]",386,5353000
16,91,5,"[277,356,397,378,383]","[821000,1065000,1184000,1164000,1127000]",397,5361000
16,92,5,"[280,410,377,379,377]","[821000,1213000,1108000,1169000,1103000]",410,5414000
16,93,5,"[280,377,379,381,379]","[833000,1145000,1120000,1179000,1101000]",381,5378000
16,94,5,"[280,360,371,365,410]","[826000,1074000,1104000,1135000,1212000]",410,5351000
16,95,5,"[279,368,423,368,364]","[821000,1101000,1239000,1126000,1082000]",423,5369000
17,1,5,"[310,346,378,358,377]","[920000,1021000,1182000,1070000,1121000]",378,5314000
17,2,5,"[310,366,370,368,373]","[920000,1085000,1143000,1083000,1121000]",373,5352000
17,3,5,"[310,336,382,342,382]","[920000,995000,1191000,1020000,1163000]",382,5289000
17,4,5,"[310,346,378,358,379]","[920000,1021000,1182000,1069000,1122000]",379,5314000
17,5,5,"[253,382,385,312,407]","[758000,1135000,1191000,921000,1247000]",407,5252000
17,6,5,"[310,347,378,359,377]","[920000,1021000,1182000,1070000,1121000]",378,5314000
17,7,5,"[310,359,371,361,374]","[920000,1065000,1143000,1070000,1121000]",374,5319000
17,8,5,"[310,335,382,343,382]","[920000,993000,1191000,1022000,1163000]",382,5289000
17,9,5,"[253,343,414,302,415]","[758000,1018000,1296000,886000,1278000]",415,5236000
17,10,5,"[310,335,382,343,382]","[920000,993000,1191000,1022000,1163000]",382,5289000
17,11,5,"[310,335,383,369,347]","[920000,993000,1191000,1104000,1060000]",383,5268000
17,12,5,"[253,343,414,302,414]","[758000,1018000,1296000,886000,1278000]",414,5236000
17,13,5,"[253,374,387,315,408]","[758000,1119000,1195000,927000,1247000]",408,5246000
17,14,5,"[310,333,381,357,380]","[920000,991000,1191000,1077000,1130000]",381,5309000
17,15,5,"[253,343,414,294,418]","[758000,1018000,1296000,864000,1288000]",418,5224000
17,16,5,"[253,343,414,294,418]","[758000,1018000,1296000,864000,1288000]",418,5224000
17,17,5,"[356,366,370,368,344]","[1033000,1085000,1143000,1092000,1039000]",370,5392000
17,18,5,"[310,333,381,357,380]","[920000,991000,1191000,1077000,1130000]",381,5309000
17,19,5,"[310,336,382,342,382]","[920000,995000,1191000,1020000,1163000]",382,5289000
17,20,5,"[356,366,371,361,345]","[1033000,1085000,1143000,1079000,1041000]",371,5381000
17,21,5,"[253,343,414,302,432]","[758000,1018000,1296000,886000,1314000]",432,5272000
17,22,5,"[253,336,433,297,416]","[758000,995000,1339000,864000,1288000]",433,5244000
17,23,5,"[310,351,411,366,344]","[920000,1023000,1281000,1089000,1039000]",411,5352000
17,24,5,"[310,335,435,335,380]","[920000,996000,1320000,982000,1156000]",435,5374000
17,25,5,"[310,357,415,362,345]","[920000,1041000,1289000,1081000,1039000]",415,5370000
17,26,5,"[310,357,423,394,332]","[920000,1065000,1272000,1184000,991000]",423,5432000
17,27,5,"[253,343,414,319,409]","[758000,1018000,1296000,944000,1247000]",414,5263000
17,28,5,"[253,336,432,312,413]","[758000,995000,1339000,921000,1261000]",432,5274000
17,29,5,"[284,347,468,343,383]","[838000,1009000,1401000,1025000,1163000]",468,5436000
17,30,5,"[263,334,451,357,380]","[778000,995000,1373000,1077000,1132000]",451,5355000
17,31,5,"[310,346,443,368,353]","[920000,1026000,1325000,1089000,1043000]",443,5403000
17,32,5,"[342,335,423,301,417]","[963000,980000,1322000,881000,1284000]",423,5430000
17,33,5,"[303,348,417,365,383]","[876000,1023000,1299000,1082000,1139000]",417,5419000
17,34,5,"[317,348,419,294,417]","[910000,1018000,1309000,859000,1288000]",419,5384000
17,35,5,"[311,338,456,296,439]","[901000,990000,1386000,861000,1334000]",456,5472000
17,36,5,"[310,334,443,368,344]","[920000,991000,1334000,1089000,1039000]",443,5373000
17,37,5,"[272,396,415,301,424]","[790000,1126000,1298000,881000,1296000]",424,5391000
17,38,5,"[310,353,428,361,350]","[920000,1012000,1321000,1079000,1045000]",428,5377000
17,39,5,"[310,348,411,361,345]","[920000,1013000,1281000,1079000,1041000]",411,5334000
17,40,5,"[310,351,411,362,371]","[920000,1023000,1281000,1062000,1117000]",411,5403000
17,41,5,"[310,380,369,370,381]","[920000,1107000,1143000,1078000,1135000]",381,5383000
17,42,5,"[265,373,410,359,373]","[782000,1090000,1276000,1075000,1121000]",410,5344000
17,43,5,"[310,343,438,362,346]","[920000,1013000,1325000,1081000,1039000]",438,5378000
17,44,5,"[284,338,459,347,397]","[838000,985000,1392000,1038000,1181000]",459,5434000
17,45,5,"[310,337,417,361,345]","[920000,997000,1284000,1079000,1041000]",417,5321000
17,46,5,"[310,348,413,363,346]","[920000,1025000,1291000,1083000,1039000]",413,5358000
17,47,5,"[363,350,410,367,345]","[1060000,989000,1276000,1091000,1044000]",410,5460000
17,48,5,"[253,342,416,335,408]","[758000,1016000,1296000,979000,1237000]",416,5286000
17,49,5,"[308,328,433,360,374]","[886000,948000,1350000,1074000,1121000]",433,5379000
17,50,5,"[267,344,438,302,416]","[774000,1018000,1356000,886000,1278000]",438,5312000
17,51,5,"[311,336,456,294,417]","[901000,985000,1386000,859000,1288000]",456,5419000
17,52,5,"[269,328,432,315,408]","[790000,979000,1342000,927000,1247000]",432,5285000
17,53,5,"[276,361,460,343,383]","[810000,1052000,1396000,1025000,1160000]",460,5443000
17,54,5,"[308,345,415,362,384]","[886000,1018000,1286000,1074000,1144000]",415,5408000
17,55,5,"[310,365,440,391,331]","[920000,1067000,1335000,1178000,975000]",440,5475000
17,56,5,"[253,341,439,297,417]","[758000,996000,1356000,873000,1288000]",439,5271000
17,57,5,"[326,352,414,364,347]","[952000,1023000,1296000,1085000,1044000]",414,5400000
17,58,5,"[310,346,441,395,349]","[920000,1025000,1321000,1175000,1015000]",441,5456000
17,59,5,"[310,346,437,409,340]","[920000,1021000,1315000,1221000,969000]",437,5446000
17,60,5,"[284,337,462,357,380]","[838000,984000,1407000,1077000,1132000]",462,5438000
17,61,5,"[310,395,408,388,348]","[920000,1171000,1210000,1133000,1047000]",408,5481000
17,62,5,"[253,373,410,301,417]","[758000,1096000,1280000,881000,1284000]",417,5299000
17,63,5,"[330,337,412,361,349]","[975000,994000,1258000,1079000,1052000]",412,5358000
17,64,5,"[310,348,432,395,333]","[920000,1027000,1306000,1189000,991000]",432,5433000
17,65,5,"[273,372,445,296,416]","[795000,1100000,1345000,863000,1288000]",445,5391000
17,66,5,"[310,392,407,391,334]","[920000,1161000,1206000,1178000,968000]",407,5433000
17,67,5,"[331,338,456,294,417]","[941000,989000,1386000,859000,1288000]",456,5463000
17,68,5,"[310,332,436,401,358]","[920000,991000,1322000,1185000,1033000]",436,5451000
17,69,5,"[282,369,424,366,344]","[834000,1071000,1326000,1089000,1039000]",424,5359000
17,70,5,"[310,412,387,347,390]","[920000,1219000,1152000,1027000,1159000]",412,5477000
17,71,5,"[310,350,417,367,344]","[920000,1021000,1293000,1087000,1039000]",417,5360000
17,72,5,"[310,351,411,362,370]","[920000,1023000,1281000,1062000,1115000]",411,5401000
17,73,5,"[310,374,425,394,351]","[920000,1097000,1282000,1143000,1048000]",425,5490000
17,74,5,"[310,333,435,375,338]","[920000,991000,1320000,1116000,1018000]",435,5365000
17,75,5,"[310,346,449,340,379]","[920000,1021000,1348000,1006000,1125000]",449,5420000
17,76,5,"[310,360,370,368,394]","[920000,1052000,1143000,1083000,1184000]",394,5382000
17,77,5,"[269,339,382,342,471]","[787000,1001000,1191000,1020000,1392000]",471,5391000
17,78,5,"[310,324,378,389,382]","[920000,959000,1182000,1162000,1132000]",389,5355000
17,79,5,"[218,382,385,312,488]","[655000,1135000,1191000,921000,1442000]",488,5344000
17,80,5,"[310,438,319,358,377]","[920000,1284000,983000,1070000,1121000]",438,5378000
17,81,5,"[310,312,438,365,377]","[920000,911000,1333000,1070000,1127000]",438,5361000
17,82,5,"[310,336,382,403,389]","[920000,995000,1191000,1178000,1134000]",403,5418000
17,83,5,"[218,390,414,302,415]","[655000,1145000,1296000,886000,1278000]",415,5260000
17,84,5,"[324,335,382,343,382]","[948000,993000,1191000,1022000,1163000]",382,5317000
17,85,5,"[386,337,383,376,397]","[1072000,997000,1196000,1129000,1163000]",397,5557000
17,86,5,"[253,307,473,302,414]","[758000,899000,1457000,886000,1278000]",473,5278000
17,87,5,"[253,375,387,315,421]","[758000,1119000,1195000,927000,1275000]",421,5274000
17,88,5,"[310,366,386,377,383]","[920000,1068000,1191000,1105000,1150000]",386,5434000
17,89,5,"[253,292,415,352,429]","[758000,851000,1296000,1040000,1313000]",429,5258000
17,90,5,"[318,342,414,272,417]","[909000,1016000,1296000,796000,1288000]",417,5305000
17,91,5,"[356,368,370,368,344]","[1033000,1089000,1143000,1092000,1039000]",370,5396000
17,92,5,"[283,333,458,357,380]","[833000,991000,1378000,1077000,1130000]",458,5409000
17,93,5,"[310,382,382,317,382]","[920000,1127000,1191000,935000,1158000]",382,5331000
17,94,5,"[356,366,370,398,350]","[1033000,1090000,1143000,1153000,1050000]",398,5469000
18,1,5,"[393,398,268,304,408]","[1174000,1197000,750000,910000,1282000]",408,5313000
18,2,5,"[374,378,265,353,405]","[1120000,1129000,745000,1061000,1268000]",405,5323000
18,3,5,"[393,400,268,304,406]","[1174000,1217000,750000,910000,1262000]",406,5313000
18,4,5,"[369,375,333,358,375]","[1094000,1137000,954000,1077000,1141000]",375,5403000
18,5,5,"[366,373,288,384,384]","[1086000,1133000,822000,1142000,1188000]",384,5371000
18,6,5,"[392,375,265,353,391]","[1174000,1123000,745000,1061000,1226000]",392,5329000
18,7,5,"[368,374,288,370,385]","[1086000,1135000,822000,1116000,1188000]",385,5347000
18,8,5,"[349,403,289,290,415]","[1040000,1233000,814000,872000,1308000]",415,5267000
18,9,5,"[367,372,334,354,376]","[1094000,1131000,951000,1069000,1142000]",376,5387000
18,10,5,"[376,375,265,353,403]","[1130000,1123000,745000,1061000,1268000]",403,5327000
18,11,5,"[369,373,334,358,376]","[1094000,1131000,951000,1077000,1142000]",376,5395000
18,12,5,"[359,404,266,305,416]","[1079000,1225000,750000,912000,1313000]",416,5279000
18,13,5,"[361,400,268,304,418]","[1083000,1217000,750000,910000,1313000]",418,5273000
18,14,5,"[392,377,265,353,391]","[1174000,1127000,745000,1058000,1229000]",392,5333000
18,15,5,"[392,377,265,353,391]","[1174000,1127000,745000,1061000,1226000]",392,5333000
18,16,5,"[392,377,265,353,391]","[1174000,1127000,745000,1058000,1229000]",392,5333000
18,17,5,"[381,374,289,353,389]","[1129000,1123000,814000,1061000,1222000]",389,5349000
18,18,5,"[367,373,289,384,384]","[1094000,1133000,814000,1145000,1188000]",384,5374000
18,19,5,"[378,377,291,361,387]","[1119000,1143000,822000,1089000,1188000]",387,5361000
18,20,5,"[362,403,268,309,415]","[1085000,1222000,750000,919000,1313000]",415,5289000
18,21,5,"[379,378,269,402,399]","[1140000,1128000,751000,1202000,1230000]",402,5451000
18,22,5,"[384,401,266,309,415]","[1147000,1201000,745000,921000,1313000]",415,5327000
18,23,5,"[345,402,289,304,479]","[1032000,1233000,814000,897000,1437000]",479,5413000
18,24,5,"[346,404,289,335,440]","[1032000,1234000,814000,995000,1339000]",440,5414000
18,25,5,"[394,399,265,301,461]","[1174000,1183000,745000,894000,1411000]",461,5407000
18,26,5,"[368,373,288,355,406]","[1086000,1133000,822000,1071000,1259000]",406,5371000
18,27,5,"[349,407,289,338,405]","[1036000,1242000,814000,1013000,1254000]",407,5359000
18,28,5,"[369,374,336,358,378]","[1096000,1131000,951000,1077000,1142000]",378,5397000
18,29,5,"[378,420,341,317,428]","[1116000,1239000,957000,930000,1301000]",428,5543000
18,30,5,"[393,398,274,348,387]","[1174000,1197000,762000,1052000,1193000]",398,5378000
18,31,5,"[377,415,266,305,416]","[1127000,1233000,750000,912000,1313000]",416,5335000
18,32,5,"[346,411,291,308,415]","[1034000,1241000,819000,920000,1308000]",415,5322000
18,33,5,"[367,375,333,354,374]","[1094000,1137000,954000,1069000,1141000]",375,5395000
18,34,5,"[350,404,291,305,416]","[1038000,1225000,819000,912000,1313000]",416,5307000
18,35,5,"[359,418,266,321,416]","[1079000,1249000,750000,956000,1313000]",418,5347000
18,36,5,"[395,381,357,342,380]","[1180000,1136000,1026000,1005000,1159000]",395,5506000
18,37,5,"[387,380,285,304,464]","[1138000,1132000,813000,894000,1431000]",464,5408000
18,38,5,"[349,403,289,290,415]","[1040000,1233000,814000,872000,1308000]",415,5267000
18,39,5,"[381,400,266,300,417]","[1141000,1207000,745000,889000,1323000]",417,5305000
18,40,5,"[371,375,333,350,410]","[1100000,1135000,945000,1022000,1252000]",410,5454000
18,41,5,"[381,381,266,371,390]","[1141000,1154000,745000,1116000,1193000]",390,5349000
18,42,5,"[364,370,287,301,473]","[1082000,1127000,820000,890000,1453000]",473,5372000
18,43,5,"[375,418,269,302,443]","[1120000,1263000,751000,896000,1369000]",443,5399000
18,44,5,"[393,419,267,301,443]","[1174000,1248000,745000,897000,1355000]",443,5419000
18,45,5,"[359,402,270,359,395]","[1079000,1217000,750000,1068000,1228000]",402,5342000
18,46,5,"[369,380,288,392,384]","[1092000,1129000,822000,1168000,1188000]",392,5399000
18,47,5,"[384,404,266,307,416]","[1147000,1205000,745000,917000,1313000]",416,5327000
18,48,5,"[368,372,288,383,431]","[1058000,1101000,822000,1141000,1342000]",431,5464000
18,49,5,"[381,374,289,301,484]","[1129000,1123000,814000,897000,1479000]",484,5442000
18,50,5,"[368,377,291,370,387]","[1086000,1143000,822000,1116000,1188000]",387,5355000
18,51,5,"[349,406,289,298,474]","[1040000,1216000,814000,888000,1446000]",474,5404000
18,52,5,"[381,380,266,304,449]","[1144000,1133000,745000,912000,1420000]",449,5354000
18,53,5,"[392,415,265,301,436]","[1174000,1254000,745000,894000,1334000]",436,5401000
18,54,5,"[378,382,288,371,385]","[1119000,1142000,822000,1118000,1193000]",385,5394000
18,55,5,"[366,373,288,336,416]","[1086000,1133000,822000,994000,1313000]",416,5348000
18,56,5,"[394,399,271,349,388]","[1174000,1199000,756000,1057000,1198000]",399,5384000
18,57,5,"[380,383,288,391,386]","[1129000,1129000,822000,1153000,1188000]",391,5421000
18,58,5,"[392,378,265,301,468]","[1174000,1127000,745000,894000,1443000]",468,5383000
18,59,5,"[382,413,269,309,415]","[1143000,1225000,755000,924000,1313000]",415,5360000
18,60,5,"[370,386,306,378,422]","[1100000,1154000,879000,1086000,1300000]",422,5519000
18,61,5,"[374,384,265,301,468]","[1120000,1135000,745000,897000,1458000]",468,5355000
18,62,5,"[394,378,314,314,449]","[1174000,1127000,888000,911000,1377000]",449,5477000
18,63,5,"[365,378,288,394,396]","[1071000,1127000,822000,1183000,1221000]",396,5424000
18,64,5,"[369,389,327,304,426]","[1098000,1143000,921000,910000,1331000]",426,5403000
18,65,5,"[382,375,290,301,455]","[1125000,1123000,814000,897000,1412000]",455,5371000
18,66,5,"[360,373,289,366,446]","[1029000,1131000,814000,1072000,1401000]",446,5447000
18,67,5,"[358,393,265,307,467]","[1079000,1167000,750000,913000,1456000]",467,5365000
18,68,5,"[363,383,288,383,470]","[1071000,1122000,822000,1140000,1399000]",470,5554000
18,69,5,"[369,398,288,318,414]","[1095000,1193000,825000,946000,1308000]",414,5367000
18,70,5,"[395,395,301,374,388]","[1189000,1175000,856000,1112000,1153000]",395,5485000
18,71,5,"[344,409,291,376,378]","[1024000,1249000,822000,1136000,1152000]",409,5383000
18,72,5,"[392,382,265,301,459]","[1174000,1139000,745000,897000,1417000]",459,5372000
18,73,5,"[359,408,266,307,437]","[1079000,1240000,750000,922000,1357000]",437,5348000
18,74,5,"[344,404,291,361,385]","[1024000,1224000,822000,1089000,1188000]",404,5347000
18,75,5,"[371,375,333,360,410]","[1100000,1135000,947000,1081000,1213000]",410,5476000
18,76,5,"[379,379,288,390,388]","[1124000,1125000,822000,1153000,1188000]",390,5412000
18,77,5,"[380,423,289,303,443]","[1119000,1258000,830000,904000,1347000]",443,5458000
18,78,5,"[386,379,283,305,450]","[1140000,1127000,803000,911000,1404000]",450,5385000
18,79,5,"[370,383,339,354,433]","[1109000,1139000,962000,1022000,1330000]",433,5562000
18,80,5,"[381,386,266,315,417]","[1141000,1157000,745000,939000,1323000]",417,5305000
18,81,5,"[393,401,267,304,427]","[1174000,1219000,754000,907000,1316000]",427,5370000
18,82,5,"[380,382,333,359,386]","[1129000,1149000,951000,1082000,1149000]",386,5460000
18,83,5,"[369,375,364,304,450]","[1097000,1130000,1028000,909000,1344000]",450,5508000
18,84,5,"[372,402,290,325,422]","[1098000,1198000,819000,958000,1321000]",422,5394000
18,85,5,"[375,380,268,328,465]","[1125000,1127000,760000,978000,1437000]",465,5427000
18,86,5,"[384,400,267,333,419]","[1147000,1199000,745000,979000,1322000]",419,5392000
18,87,5,"[392,382,269,303,466]","[1174000,1137000,753000,904000,1441000]",466,5409000
18,88,5,"[379,410,288,367,385]","[1124000,1213000,825000,1099000,1188000]",410,5449000
18,89,5,"[367,372,333,354,382]","[1094000,1131000,951000,1069000,1154000]",382,5399000
18,90,5,"[363,374,289,388,402]","[1077000,1123000,814000,1151000,1242000]",402,5407000
18,91,5,"[380,382,289,351,453]","[1132000,1110000,814000,1029000,1394000]",453,5479000
18,92,5,"[370,417,339,359,381]","[1096000,1236000,956000,1077000,1147000]",417,5512000
18,93,5,"[383,376,266,306,441]","[1141000,1127000,745000,916000,1395000]",441,5324000
18,94,5,"[380,395,343,363,380]","[1129000,1165000,980000,1096000,1153000]",395,5523000
18,95,5,"[377,393,272,304,445]","[1124000,1192000,759000,912000,1379000]",445,5366000
18,96,5,"[383,374,335,360,378]","[1133000,1131000,955000,1087000,1127000]",383,5433000
18,97,5,"[381,371,339,361,456]","[1131000,1056000,953000,1090000,1379000]",456,5609000
18,98,5,"[384,388,266,348,418]","[1147000,1151000,750000,1021000,1319000]",418,5388000
18,99,5,"[367,373,289,384,424]","[1094000,1133000,814000,1143000,1268000]",424,5452000
18,100,5,"[366,377,305,320,416]","[1092000,1137000,864000,938000,1308000]",416,5339000
18,101,5,"[368,376,289,301,466]","[1096000,1127000,814000,897000,1445000]",466,5379000
18,102,5,"[366,373,288,374,390]","[1086000,1133000,822000,1121000,1200000]",390,5362000
18,103,5,"[383,366,340,357,413]","[1135000,1080000,959000,1074000,1273000]",413,5521000
18,104,5,"[369,406,289,291,416]","[1098000,1230000,814000,872000,1308000]",416,5322000
18,105,5,"[368,379,265,385,457]","[1066000,1133000,745000,1134000,1409000]",457,5487000
18,106,5,"[383,376,266,304,441]","[1141000,1127000,745000,912000,1395000]",441,5320000
18,107,5,"[393,402,269,273,473]","[1174000,1209000,752000,809000,1449000]",473,5393000
18,108,5,"[376,381,350,353,386]","[1124000,1132000,1004000,1061000,1162000]",386,5483000
18,109,5,"[398,406,253,333,404]","[1180000,1225000,710000,991000,1264000]",406,5370000
18,110,5,"[318,464,334,360,376]","[939000,1371000,954000,1077000,1151000]",464,5492000
18,111,5,"[364,373,290,384,384]","[1082000,1133000,824000,1146000,1188000]",384,5373000
18,112,5,"[303,374,265,353,468]","[897000,1123000,745000,1061000,1479000]",468,5305000
18,113,5,"[368,420,337,370,385]","[1086000,1194000,953000,1116000,1188000]",420,5537000
18,114,5,"[346,403,290,290,455]","[1034000,1235000,816000,872000,1390000]",455,5347000
18,115,5,"[367,372,336,354,446]","[1094000,1131000,926000,1069000,1305000]",446,5525000
18,116,5,"[375,400,265,354,403]","[1122000,1193000,745000,1066000,1250000]",403,5376000
18,117,5,"[367,396,334,348,376]","[1094000,1203000,951000,1033000,1142000]",396,5423000
18,118,5,"[355,404,332,305,417]","[1026000,1225000,927000,912000,1318000]",417,5408000
18,119,5,"[361,401,267,306,465]","[1085000,1219000,754000,910000,1408000]",465,5376000
18,120,5,"[395,376,265,376,394]","[1180000,1127000,745000,1113000,1235000]",395,5400000
18,121,5,"[406,380,264,391,393]","[1198000,1131000,745000,1148000,1242000]",406,5464000
18,122,5,"[392,380,316,353,409]","[1174000,1127000,871000,1058000,1241000]",409,5471000
18,123,5,"[380,313,420,354,390]","[1129000,932000,1145000,1066000,1222000]",420,5494000
18,124,5,"[367,324,402,383,384]","[1094000,975000,1100000,1140000,1188000]",402,5497000
18,125,5,"[378,453,291,361,326]","[1119000,1376000,822000,1089000,989000]",453,5395000
18,126,5,"[361,449,288,313,419]","[1083000,1292000,809000,924000,1313000]",449,5421000
19,1,5,"[390,386,371,285,368]","[1191000,1165000,1099000,807000,1124000]",390,5386000
19,2,5,"[390,386,371,285,368]","[1191000,1165000,1099000,807000,1124000]",390,5386000
19,3,5,"[394,426,412,285,282]","[1191000,1298000,1222000,807000,846000]",426,5364000
19,4,5,"[368,386,373,335,369]","[1120000,1165000,1099000,934000,1124000]",386,5442000
19,5,5,"[392,398,420,252,333]","[1191000,1209000,1254000,702000,1008000]",420,5364000
19,6,5,"[392,408,410,252,333]","[1191000,1245000,1222000,702000,1008000]",410,5368000
19,7,5,"[394,348,430,333,284]","[1191000,1049000,1307000,951000,846000]",430,5344000
19,8,5,"[395,402,395,331,287]","[1191000,1215000,1180000,943000,848000]",402,5377000
19,9,5,"[395,402,432,285,284]","[1191000,1215000,1299000,807000,848000]",432,5360000
19,10,5,"[391,356,473,285,284]","[1191000,1082000,1432000,807000,846000]",473,5358000
19,11,5,"[395,402,432,285,284]","[1191000,1215000,1299000,807000,848000]",432,5360000
19,12,5,"[394,402,432,285,284]","[1191000,1217000,1299000,807000,846000]",432,5360000
19,13,5,"[394,348,479,285,284]","[1191000,1049000,1453000,807000,846000]",479,5346000
19,14,5,"[397,430,402,285,282]","[1197000,1312000,1200000,807000,846000]",430,5362000
19,15,5,"[394,348,479,285,284]","[1191000,1049000,1453000,807000,846000]",479,5346000
19,16,5,"[391,356,473,285,284]","[1191000,1082000,1432000,807000,846000]",473,5358000
19,17,5,"[394,412,424,285,282]","[1191000,1258000,1264000,807000,846000]",424,5366000
19,18,5,"[392,398,420,252,335]","[1191000,1209000,1254000,702000,1012000]",420,5368000
19,19,5,"[392,408,410,252,335]","[1191000,1245000,1222000,702000,1012000]",410,5372000
19,20,5,"[393,399,421,253,334]","[1191000,1209000,1254000,702000,1010000]",421,5366000
19,21,5,"[394,459,458,305,285]","[1197000,1359000,1327000,868000,850000]",459,5601000
19,22,5,"[392,406,380,316,370]","[1191000,1226000,1068000,896000,1129000]",406,5510000
19,23,5,"[396,404,455,321,286]","[1195000,1217000,1324000,900000,846000]",455,5482000
19,24,5,"[394,402,431,310,284]","[1191000,1217000,1273000,881000,846000]",431,5408000
19,25,5,"[391,407,424,308,331]","[1191000,1231000,1268000,853000,971000]",424,5514000
19,26,5,"[393,408,353,285,371]","[1191000,1258000,1015000,807000,1127000]",408,5398000
19,27,5,"[396,404,453,305,285]","[1193000,1219000,1320000,868000,850000]",453,5450000
19,28,5,"[395,402,405,331,287]","[1191000,1215000,1200000,943000,848000]",405,5397000
19,29,5,"[394,394,420,314,329]","[1196000,1214000,1254000,865000,958000]",420,5487000
19,30,5,"[390,434,410,264,335]","[1191000,1289000,1222000,738000,1012000]",434,5452000
19,31,5,"[393,408,410,252,333]","[1196000,1245000,1222000,702000,1008000]",410,5373000
19,32,5,"[399,397,390,394,386]","[1201000,1152000,1101000,1090000,1145000]",399,5689000
19,33,5,"[432,437,413,286,353]","[1299000,1305000,1227000,809000,982000]",437,5622000
19,34,5,"[391,407,453,325,308]","[1191000,1236000,1320000,914000,898000]",453,5559000
19,35,5,"[390,405,410,313,291]","[1191000,1245000,1222000,875000,870000]",410,5403000
19,36,5,"[390,382,410,310,377]","[1191000,1166000,1222000,848000,1099000]",410,5526000
19,37,5,"[393,442,396,286,331]","[1195000,1353000,1179000,788000,971000]",442,5486000
19,38,5,"[400,436,413,288,401]","[1193000,1307000,1237000,813000,1116000]",436,5666000
19,39,5,"[392,444,439,309,283]","[1195000,1353000,1244000,882000,848000]",444,5522000
19,40,5,"[394,412,424,301,282]","[1191000,1258000,1264000,839000,846000]",424,5398000
19,41,5,"[391,353,479,285,284]","[1191000,1067000,1453000,807000,846000]",479,5364000
19,42,5,"[391,437,411,310,282]","[1191000,1326000,1196000,881000,846000]",437,5440000
19,43,5,"[394,392,432,285,299]","[1191000,1169000,1299000,807000,910000]",432,5376000
19,44,5,"[391,412,432,287,320]","[1191000,1226000,1299000,811000,943000]",432,5470000
19,45,5,"[391,425,423,264,335]","[1191000,1257000,1269000,738000,1012000]",425,5467000
19,46,5,"[415,393,421,309,291]","[1239000,1209000,1254000,867000,870000]",421,5439000
19,47,5,"[390,425,409,391,291]","[1191000,1309000,1196000,1055000,849000]",425,5600000
19,48,5,"[432,418,421,286,331]","[1299000,1229000,1254000,809000,964000]",432,5555000
19,49,5,"[390,433,403,264,344]","[1191000,1328000,1205000,744000,1000000]",433,5468000
19,50,5,"[390,475,385,315,358]","[1191000,1412000,1116000,875000,1040000]",475,5634000
19,51,5,"[392,398,405,285,370]","[1196000,1219000,1143000,807000,1134000]",405,5499000
19,52,5,"[391,406,415,252,335]","[1191000,1251000,1238000,702000,1012000]",415,5394000
19,53,5,"[390,429,403,252,325]","[1191000,1318000,1205000,702000,971000]",429,5387000
19,54,5,"[390,386,406,291,406]","[1191000,1165000,1169000,828000,1205000]",406,5558000
19,55,5,"[432,421,389,313,370]","[1299000,1229000,1111000,866000,1133000]",432,5638000
19,56,5,"[395,399,453,309,287]","[1191000,1215000,1320000,876000,855000]",453,5457000
19,57,5,"[391,394,374,407,320]","[1191000,1137000,1114000,1150000,976000]",407,5568000
19,58,5,"[432,420,387,309,394]","[1299000,1231000,1101000,858000,1181000]",432,5670000
19,59,5,"[394,407,447,353,282]","[1196000,1247000,1275000,993000,846000]",447,5557000
19,60,5,"[391,436,406,264,331]","[1191000,1334000,1210000,744000,971000]",436,5450000
19,61,5,"[391,424,422,264,337]","[1191000,1257000,1264000,738000,1014000]",424,5464000
19,62,5,"[404,402,432,285,284]","[1219000,1220000,1299000,807000,846000]",432,5391000
19,63,5,"[391,384,454,337,293]","[1191000,1166000,1325000,944000,874000]",454,5500000
19,64,5,"[390,419,420,264,341]","[1191000,1294000,1233000,744000,1000000]",420,5462000
19,65,5,"[394,393,421,313,291]","[1206000,1209000,1254000,875000,870000]",421,5414000
19,66,5,"[390,441,409,310,293]","[1191000,1329000,1196000,881000,874000]",441,5471000
19,67,5,"[392,391,410,285,332]","[1191000,1169000,1222000,807000,1009000]",410,5398000
19,68,5,"[398,442,394,252,334]","[1215000,1353000,1163000,702000,999000]",442,5432000
19,69,5,"[391,358,473,285,288]","[1191000,1082000,1432000,807000,857000]",473,5369000
19,70,5,"[392,385,420,252,357]","[1191000,1166000,1254000,702000,1077000]",420,5390000
19,71,5,"[396,456,396,252,338]","[1205000,1360000,1179000,702000,1028000]",456,5474000
19,72,5,"[391,477,373,269,390]","[1193000,1395000,1109000,760000,1143000]",477,5600000
19,73,5,"[393,383,432,252,339]","[1191000,1166000,1299000,702000,1016000]",432,5374000
19,74,5,"[342,386,371,286,431]","[1033000,1165000,1099000,809000,1312000]",431,5418000
19,75,5,"[395,386,371,343,371]","[1197000,1165000,1099000,946000,1105000]",395,5512000
19,76,5,"[360,419,413,288,352]","[1093000,1294000,1237000,812000,1019000]",419,5455000
19,77,5,"[365,386,413,304,369]","[1114000,1165000,1231000,833000,1124000]",413,5467000
19,78,5,"[392,398,420,232,393]","[1191000,1209000,1254000,638000,1153000]",420,5445000
19,79,5,"[392,410,470,252,333]","[1191000,1204000,1387000,702000,1008000]",470,5492000
19,80,5,"[411,348,430,413,284]","[1190000,1051000,1307000,1150000,846000]",430,5544000
19,81,5,"[397,402,396,384,343]","[1195000,1215000,1180000,1064000,953000]",402,5607000
19,82,5,"[392,435,426,285,283]","[1191000,1321000,1254000,807000,848000]",435,5421000
19,83,5,"[392,367,474,285,284]","[1193000,1098000,1434000,807000,851000]",474,5383000
19,84,5,"[393,401,406,287,340]","[1191000,1221000,1198000,817000,1006000]",406,5433000
19,85,5,"[392,421,432,285,284]","[1191000,1263000,1299000,807000,851000]",432,5411000
19,86,5,"[395,349,461,285,337]","[1200000,1045000,1354000,807000,1009000]",461,5415000
19,87,5,"[391,432,404,333,282]","[1191000,1290000,1210000,933000,846000]",432,5470000
19,88,5,"[461,348,481,285,239]","[1383000,1055000,1453000,807000,704000]",481,5402000
19,89,5,"[391,356,473,325,280]","[1191000,1082000,1432000,908000,821000]",473,5434000
19,90,5,"[394,412,442,285,282]","[1191000,1258000,1298000,807000,846000]",442,5400000
19,91,5,"[343,468,426,253,337]","[1033000,1414000,1274000,707000,1012000]",468,5440000
19,92,5,"[414,408,410,255,336]","[1239000,1245000,1222000,717000,1014000]",414,5437000
19,93,5,"[394,393,499,252,291]","[1206000,1209000,1463000,702000,870000]",499,5450000
20,1,5,"[331,353,366,360,366]","[974000,1080000,1107000,1061000,1102000]",366,5324000
20,2,5,"[331,351,368,361,364]","[974000,1080000,1107000,1061000,1102000]",368,5324000
20,3,5,"[329,355,367,354,369]","[970000,1088000,1107000,1047000,1111000]",369,5323000
20,4,5,"[325,335,380,407,320]","[956000,1023000,1156000,1219000,957000]",407,5311000
20,5,5,"[331,363,364,361,364]","[974000,1116000,1083000,1061000,1102000]",364,5336000
20,6,5,"[325,335,380,407,320]","[956000,1023000,1156000,1219000,957000]",407,5311000
20,7,5,"[325,335,380,364,366]","[956000,1023000,1156000,1079000,1103000]",380,5317000
20,8,5,"[325,335,380,364,366]","[956000,1023000,1156000,1079000,1103000]",380,5317000
20,9,5,"[247,335,380,428,367]","[716000,1023000,1156000,1285000,1111000]",428,5291000
20,10,5,"[247,335,380,428,367]","[716000,1023000,1156000,1285000,1111000]",428,5291000
20,11,5,"[247,335,380,428,367]","[716000,1023000,1156000,1285000,1111000]",428,5291000
20,12,5,"[247,321,380,447,367]","[716000,966000,1156000,1348000,1111000]",447,5297000
20,13,5,"[247,321,380,447,367]","[716000,966000,1156000,1348000,1111000]",447,5297000
20,14,5,"[326,335,380,364,366]","[958000,1023000,1156000,1079000,1103000]",380,5319000
20,15,5,"[326,335,380,364,366]","[958000,1023000,1156000,1079000,1103000]",380,5319000
20,16,5,"[254,336,380,428,367]","[730000,1023000,1156000,1285000,1111000]",428,5305000
20,17,5,"[249,325,382,444,363]","[716000,991000,1156000,1344000,1097000]",444,5304000
20,18,5,"[329,357,367,364,368]","[970000,1092000,1109000,1063000,1111000]",368,5345000
20,19,5,"[301,335,385,382,370]","[878000,1023000,1162000,1139000,1117000]",385,5319000
20,20,5,"[331,359,367,361,367]","[974000,1103000,1111000,1062000,1102000]",367,5352000
20,21,5,"[327,335,380,374,370]","[956000,1023000,1156000,1096000,1117000]",380,5348000
20,22,5,"[327,335,380,374,370]","[956000,1023000,1156000,1096000,1117000]",380,5348000
20,23,5,"[387,324,375,361,366]","[1124000,990000,1132000,1076000,1102000]",387,5424000
20,24,5,"[350,363,362,360,392]","[1009000,1116000,1085000,1061000,1161000]",392,5432000
20,25,5,"[247,320,382,444,367]","[716000,966000,1156000,1344000,1111000]",444,5293000
20,26,5,"[326,335,380,395,363]","[958000,1023000,1156000,1150000,1097000]",395,5384000
20,27,5,"[349,352,377,363,396]","[1013000,1082000,1132000,1076000,1166000]",396,5469000
20,28,5,"[250,352,370,431,372]","[722000,1081000,1109000,1287000,1121000]",431,5320000
20,29,5,"[325,335,382,379,369]","[956000,1023000,1160000,1106000,1115000]",382,5360000
20,30,5,"[329,353,367,374,368]","[960000,1093000,1110000,1114000,1108000]",374,5385000
20,31,5,"[247,335,380,461,370]","[716000,1023000,1156000,1347000,1111000]",461,5353000
20,32,5,"[334,329,386,391,371]","[986000,997000,1175000,1157000,1121000]",391,5436000
20,33,5,"[309,335,381,424,365]","[899000,1023000,1158000,1244000,1077000]",424,5401000
20,34,5,"[250,363,364,429,370]","[722000,1112000,1085000,1285000,1116000]",429,5320000
20,35,5,"[329,341,388,391,369]","[970000,1039000,1171000,1133000,1111000]",391,5424000
20,36,5,"[250,352,371,439,373]","[722000,1083000,1111000,1311000,1107000]",439,5334000
20,37,5,"[331,338,383,363,403]","[980000,1042000,1166000,1086000,1181000]",403,5455000
20,38,5,"[254,338,380,458,393]","[730000,1040000,1156000,1347000,1164000]",458,5437000
20,39,5,"[337,361,368,424,371]","[956000,1112000,1109000,1215000,1121000]",424,5513000
20,40,5,"[247,347,374,432,367]","[716000,1059000,1132000,1293000,1111000]",432,5311000
20,41,5,"[334,338,384,365,367]","[986000,1042000,1171000,1078000,1111000]",384,5388000
20,42,5,"[247,325,382,444,363]","[716000,991000,1160000,1344000,1097000]",444,5308000
20,43,5,"[301,335,383,382,370]","[878000,1023000,1162000,1139000,1117000]",383,5319000
20,44,5,"[251,333,380,460,364]","[718000,1023000,1155000,1342000,1097000]",460,5335000
20,45,5,"[334,338,381,365,367]","[986000,1042000,1156000,1078000,1111000]",381,5373000
20,46,5,"[331,351,370,364,370]","[974000,1080000,1107000,1060000,1118000]",370,5339000
20,47,5,"[353,323,382,364,366]","[1032000,975000,1160000,1079000,1103000]",382,5349000
20,48,5,"[251,337,380,432,365]","[716000,1043000,1156000,1299000,1097000]",432,5311000
20,49,5,"[247,320,380,459,367]","[716000,966000,1156000,1374000,1111000]",459,5323000
20,50,5,"[349,338,381,361,367]","[1014000,1042000,1156000,1072000,1111000]",381,5395000
20,51,5,"[331,351,368,361,403]","[974000,1080000,1107000,1061000,1181000]",403,5403000
20,52,5,"[318,336,380,357,431]","[906000,1025000,1156000,1053000,1282000]",431,5422000
20,53,5,"[302,337,383,369,421]","[883000,1033000,1158000,1101000,1235000]",421,5410000
20,54,5,"[277,321,380,449,367]","[806000,966000,1156000,1322000,1111000]",449,5361000
20,55,5,"[333,338,380,354,424]","[963000,1038000,1156000,1048000,1241000]",424,5446000
20,56,5,"[285,335,382,434,367]","[822000,1023000,1156000,1270000,1111000]",434,5382000
20,57,5,"[254,337,380,432,365]","[730000,1043000,1156000,1299000,1097000]",432,5325000
20,58,5,"[331,311,366,416,366]","[974000,958000,1107000,1224000,1102000]",416,5365000
20,59,5,"[311,351,414,366,368]","[904000,1080000,1233000,1081000,1116000]",414,5414000
20,60,5,"[356,358,345,356,368]","[1051000,1093000,1038000,1057000,1111000]",368,5350000
20,61,5,"[325,335,380,420,322]","[956000,1023000,1156000,1248000,957000]",420,5340000
20,62,5,"[396,363,366,363,366]","[1104000,1116000,1093000,1061000,1112000]",396,5486000
20,63,5,"[449,291,380,407,320]","[1273000,884000,1156000,1219000,957000]",449,5489000
20,64,5,"[329,341,383,362,366]","[970000,1046000,1161000,1075000,1112000]",383,5364000
20,65,5,"[325,352,382,379,367]","[956000,1067000,1160000,1134000,1108000]",382,5425000
20,66,5,"[249,335,429,430,369]","[716000,1033000,1257000,1285000,1111000]",430,5402000
20,67,5,"[247,353,364,428,367]","[716000,1077000,1106000,1285000,1111000]",428,5295000
20,68,5,"[255,294,384,506,370]","[726000,897000,1167000,1492000,1111000]",506,5393000
20,69,5,"[247,321,380,451,376]","[716000,966000,1156000,1356000,1128000]",451,5322000
20,70,5,"[306,321,383,447,373]","[865000,968000,1158000,1348000,1106000]",447,5445000
20,71,5,"[326,342,424,347,363]","[958000,1062000,1276000,1012000,1097000]",424,5405000
20,72,5,"[306,400,381,364,366]","[893000,1174000,1158000,1079000,1101000]",400,5405000
20,73,5,"[254,354,364,428,367]","[730000,1077000,1106000,1285000,1111000]",428,5309000
20,74,5,"[291,322,382,444,369]","[827000,976000,1156000,1344000,1078000]",444,5381000
20,75,5,"[453,358,371,367,372]","[1218000,1092000,1121000,1076000,1121000]",453,5628000
20,76,5,"[303,336,423,384,372]","[878000,1033000,1242000,1139000,1117000]",423,5409000
20,77,5,"[330,402,365,360,363]","[972000,1182000,1108000,1062000,1097000]",402,5421000
21,1,5,"[344,325,381,309,399]","[1027000,927000,1157000,948000,1230000]",399,5289000
21,2,5,"[344,327,378,351,375]","[1027000,931000,1151000,1064000,1146000]",378,5319000
21,3,5,"[344,327,378,351,375]","[1027000,931000,1151000,1064000,1146000]",378,5319000
21,4,5,"[343,330,376,350,376]","[1018000,939000,1151000,1064000,1148000]",376,5320000
21,5,5,"[342,329,376,349,375]","[1018000,941000,1151000,1064000,1146000]",376,5320000
21,6,5,"[350,343,372,349,372]","[1041000,973000,1137000,1064000,1126000]",372,5341000
21,7,5,"[344,325,381,309,399]","[1027000,927000,1157000,948000,1230000]",399,5289000
21,8,5,"[323,341,374,351,375]","[958000,993000,1156000,1068000,1146000]",375,5321000
21,9,5,"[324,341,393,311,393]","[956000,987000,1208000,952000,1195000]",393,5298000
21,10,5,"[324,341,393,311,393]","[956000,987000,1208000,952000,1195000]",393,5298000
21,11,5,"[323,341,374,351,375]","[958000,993000,1156000,1068000,1146000]",375,5321000
21,12,5,"[326,362,371,352,371]","[958000,1061000,1137000,1070000,1126000]",371,5352000
21,13,5,"[356,339,373,355,350]","[1043000,993000,1151000,1077000,1069000]",373,5333000
21,14,5,"[344,327,378,351,375]","[1027000,931000,1151000,1064000,1146000]",378,5319000
21,15,5,"[326,357,373,352,372]","[960000,1038000,1141000,1070000,1126000]",373,5335000
21,16,5,"[322,348,397,309,392]","[956000,990000,1214000,948000,1195000]",397,5303000
21,17,5,"[322,350,397,309,392]","[956000,990000,1214000,948000,1195000]",397,5303000
21,18,5,"[324,344,397,309,394]","[956000,990000,1214000,948000,1195000]",397,5303000
21,19,5,"[350,329,372,351,375]","[1045000,935000,1137000,1064000,1146000]",375,5327000
21,20,5,"[350,329,372,351,375]","[1045000,935000,1137000,1064000,1146000]",375,5327000
21,21,5,"[323,370,499,360,338]","[958000,1067000,1437000,1086000,1017000]",499,5565000
21,22,5,"[332,440,489,364,338]","[966000,1218000,1407000,1094000,1013000]",489,5698000
21,23,5,"[309,436,464,359,375]","[894000,1210000,1356000,1071000,1134000]",464,5665000
21,24,5,"[328,341,393,311,393]","[968000,982000,1208000,952000,1195000]",393,5305000
21,25,5,"[327,346,470,326,352]","[961000,990000,1415000,985000,1062000]",470,5413000
21,26,5,"[302,434,452,363,342]","[886000,1207000,1345000,1086000,1041000]",452,5565000
21,27,5,"[307,434,464,360,356]","[891000,1205000,1353000,1097000,1085000]",464,5631000
21,28,5,"[336,362,370,352,371]","[992000,1053000,1127000,1070000,1126000]",371,5368000
21,29,5,"[307,436,463,326,408]","[895000,1211000,1351000,997000,1218000]",463,5672000
21,30,5,"[322,330,398,311,395]","[956000,963000,1221000,955000,1197000]",398,5292000
21,31,5,"[322,362,380,312,394]","[956000,1046000,1166000,957000,1195000]",394,5320000
21,32,5,"[343,327,451,361,338]","[1020000,937000,1352000,1088000,1020000]",451,5417000
21,33,5,"[351,326,447,361,334]","[1047000,929000,1336000,1091000,1013000]",447,5416000
21,34,5,"[307,449,464,360,356]","[891000,1235000,1353000,1097000,1085000]",464,5661000
21,35,5,"[380,330,376,350,377]","[1101000,933000,1148000,1064000,1146000]",380,5392000
21,36,5,"[322,385,467,322,351]","[956000,1074000,1409000,980000,1062000]",467,5481000
21,37,5,"[300,443,463,367,355]","[882000,1257000,1367000,1096000,1044000]",463,5646000
21,38,5,"[322,342,468,322,407]","[956000,1000000,1413000,980000,1183000]",468,5532000
21,39,5,"[320,324,379,309,509]","[947000,927000,1155000,948000,1478000]",509,5455000
21,40,5,"[344,372,376,353,381]","[1027000,1048000,1151000,1068000,1131000]",381,5425000
21,41,5,"[344,375,378,354,375]","[1027000,1029000,1157000,1070000,1146000]",378,5429000
21,42,5,"[343,335,446,357,343]","[1020000,956000,1342000,1069000,1027000]",446,5414000
21,43,5,"[343,330,433,351,375]","[1020000,943000,1269000,1069000,1146000]",433,5447000
21,44,5,"[353,356,374,351,371]","[1046000,1008000,1132000,1064000,1126000]",374,5376000
21,45,5,"[344,327,378,324,422]","[1027000,931000,1151000,984000,1279000]",422,5372000
21,46,5,"[323,340,374,401,375]","[958000,993000,1156000,1166000,1146000]",401,5419000
21,47,5,"[325,342,480,311,354]","[958000,999000,1437000,952000,1066000]",480,5412000
21,48,5,"[325,315,392,362,392]","[958000,910000,1213000,1081000,1195000]",392,5357000
21,49,5,"[323,374,373,351,379]","[958000,1093000,1151000,1068000,1127000]",379,5397000
21,50,5,"[361,324,369,360,371]","[1060000,932000,1137000,1090000,1126000]",371,5345000
21,51,5,"[322,343,376,406,353]","[953000,1000000,1160000,1216000,1084000]",406,5413000
21,52,5,"[347,348,379,364,381]","[1033000,980000,1153000,1075000,1146000]",381,5387000
21,53,5,"[324,358,376,352,370]","[956000,1036000,1163000,1070000,1111000]",376,5336000
21,54,5,"[431,342,394,312,341]","[1223000,990000,1214000,948000,1040000]",431,5415000
21,55,5,"[322,350,397,309,421]","[956000,990000,1214000,948000,1253000]",421,5361000
21,56,5,"[304,342,394,312,483]","[887000,990000,1214000,953000,1404000]",483,5448000
21,57,5,"[356,332,372,344,417]","[1049000,950000,1137000,1025000,1266000]",417,5427000
21,58,5,"[356,325,372,406,337]","[1049000,927000,1137000,1222000,1025000]",406,5360000
22,1,5,"[354,237,436,338,345]","[1065000,671000,1372000,1024000,1061000]",436,5193000
22,2,5,"[357,352,365,365,345]","[1065000,1023000,1078000,1097000,1061000]",365,5324000
22,3,5,"[342,306,368,368,346]","[1016000,872000,1141000,1125000,1061000]",368,5215000
22,4,5,"[346,302,377,354,345]","[1021000,872000,1173000,1085000,1061000]",377,5212000
22,5,5,"[340,304,365,366,355]","[1016000,872000,1141000,1125000,1073000]",366,5227000
22,6,5,"[355,302,377,342,345]","[1065000,872000,1173000,1044000,1061000]",377,5215000
22,7,5,"[340,304,365,366,355]","[1016000,872000,1141000,1125000,1077000]",366,5231000
22,8,5,"[357,352,365,365,345]","[1065000,1023000,1078000,1097000,1065000]",365,5328000
22,9,5,"[354,237,436,338,345]","[1065000,671000,1372000,1024000,1065000]",436,5197000
22,10,5,"[342,306,368,368,346]","[1016000,872000,1141000,1125000,1065000]",368,5219000
22,11,5,"[342,306,368,368,346]","[1016000,876000,1141000,1125000,1061000]",368,5219000
22,12,5,"[340,304,365,366,355]","[1016000,876000,1141000,1125000,1073000]",366,5231000
22,13,5,"[354,238,438,338,347]","[1065000,675000,1372000,1024000,1061000]",438,5197000
22,14,5,"[359,313,367,367,345]","[1066000,888000,1141000,1100000,1061000]",367,5256000
22,15,5,"[356,246,436,340,345]","[1060000,693000,1372000,1028000,1061000]",436,5214000
22,16,5,"[342,306,368,368,346]","[1016000,876000,1141000,1125000,1065000]",368,5223000
22,17,5,"[344,328,365,366,356]","[1036000,942000,1141000,1125000,1079000]",366,5323000
22,18,5,"[354,304,371,360,347]","[1065000,876000,1141000,1092000,1061000]",371,5235000
22,19,5,"[357,302,367,370,345]","[1067000,872000,1141000,1100000,1061000]",370,5241000
22,20,5,"[357,312,368,358,345]","[1066000,888000,1141000,1088000,1061000]",368,5244000
22,21,5,"[357,238,473,362,346]","[1071000,675000,1430000,1099000,1061000]",473,5336000
22,22,5,"[342,306,368,379,346]","[1016000,876000,1141000,1147000,1061000]",379,5241000
22,23,5,"[340,236,440,358,360]","[1016000,671000,1377000,1085000,1084000]",440,5233000
22,24,5,"[342,246,450,366,354]","[1020000,691000,1380000,1125000,1073000]",450,5289000
22,25,5,"[346,246,445,369,345]","[1011000,693000,1369000,1134000,1061000]",445,5268000
22,26,5,"[341,239,474,367,347]","[1016000,675000,1435000,1130000,1061000]",474,5317000
22,27,5,"[341,236,437,358,345]","[1016000,671000,1372000,1085000,1065000]",437,5209000
22,28,5,"[344,243,482,352,343]","[1011000,703000,1452000,1086000,1061000]",482,5313000
22,29,5,"[355,236,436,354,345]","[1067000,671000,1372000,1056000,1061000]",436,5227000
22,30,5,"[342,242,476,367,344]","[1016000,675000,1440000,1130000,1061000]",476,5322000
22,31,5,"[343,237,463,369,349]","[1016000,673000,1410000,1134000,1073000]",463,5306000
22,32,5,"[358,241,442,338,344]","[1068000,682000,1384000,1024000,1061000]",442,5219000
22,33,5,"[343,354,377,331,345]","[1016000,1025000,1173000,995000,1061000]",377,5270000
22,34,5,"[358,241,472,366,345]","[1064000,688000,1420000,1105000,1061000]",472,5338000
22,35,5,"[342,238,445,368,346]","[1016000,671000,1363000,1125000,1065000]",445,5240000
22,36,5,"[340,236,477,357,352]","[1016000,671000,1462000,1096000,1066000]",477,5311000
22,37,5,"[346,240,478,367,352]","[1018000,688000,1430000,1130000,1080000]",478,5346000
22,38,5,"[342,236,472,360,348]","[1018000,671000,1436000,1085000,1065000]",472,5275000
22,39,5,"[340,384,366,366,345]","[1016000,1087000,1093000,1125000,1061000]",384,5382000
22,40,5,"[346,312,377,353,348]","[1017000,888000,1173000,1086000,1066000]",377,5230000
22,41,5,"[354,236,436,396,345]","[1065000,671000,1372000,1140000,1061000]",436,5309000
22,42,5,"[359,360,366,362,355]","[1074000,1053000,1086000,1092000,1087000]",366,5392000
22,43,5,"[339,303,370,385,345]","[1001000,872000,1141000,1178000,1061000]",385,5253000
22,44,5,"[340,304,430,357,321]","[1016000,874000,1316000,1087000,985000]",430,5278000
22,45,5,"[340,304,440,285,354]","[1016000,872000,1384000,870000,1075000]",440,5217000
22,46,5,"[357,356,379,344,347]","[1070000,982000,1173000,1048000,1061000]",379,5334000
22,47,5,"[354,304,365,368,355]","[1050000,872000,1141000,1125000,1075000]",368,5263000
22,48,5,"[416,352,365,365,311]","[1228000,1023000,1095000,1097000,952000]",416,5395000
22,49,5,"[307,314,439,339,345]","[914000,882000,1378000,1026000,1065000]",439,5265000
22,50,5,"[342,306,370,364,360]","[1016000,872000,1141000,1112000,1105000]",370,5246000
22,51,5,"[341,307,373,367,390]","[1016000,876000,1123000,1125000,1184000]",390,5324000
22,52,5,"[392,304,367,362,351]","[1159000,876000,1141000,1078000,1073000]",392,5327000
22,53,5,"[354,238,379,427,347]","[1065000,675000,1173000,1279000,1061000]",427,5253000
22,54,5,"[357,313,368,452,345]","[1066000,894000,1156000,1275000,1066000]",452,5457000
22,55,5,"[356,247,447,341,345]","[1060000,703000,1404000,1030000,1061000]",447,5258000
22,56,5,"[346,306,378,354,349]","[1016000,876000,1173000,1085000,1070000]",378,5220000
22,57,5,"[342,328,424,327,343]","[1016000,933000,1305000,999000,1061000]",424,5314000
22,58,5,"[376,304,368,372,352]","[1094000,876000,1141000,1131000,1071000]",376,5313000
22,59,5,"[408,302,367,367,345]","[1173000,872000,1141000,1100000,1061000]",408,5347000
22,60,5,"[356,312,445,360,310]","[1066000,892000,1341000,1098000,950000]",445,5347000
23,1,5,"[372,341,373,369,359]","[1095000,1014000,1116000,1104000,1079000]",373,5408000
23,2,5,"[372,349,372,368,359]","[1095000,1022000,1116000,1104000,1079000]",372,5416000
23,3,5,"[372,349,372,368,359]","[1095000,1022000,1116000,1104000,1079000]",372,5416000
23,4,5,"[372,349,372,368,359]","[1095000,1022000,1116000,1104000,1079000]",372,5416000
23,5,5,"[372,349,372,368,359]","[1095000,1022000,1116000,1104000,1079000]",372,5416000
23,6,5,"[395,382,270,347,372]","[1199000,1169000,781000,1030000,1117000]",395,5296000
23,7,5,"[372,349,372,368,359]","[1095000,1022000,1116000,1104000,1079000]",372,5416000
23,8,5,"[394,382,272,346,371]","[1199000,1169000,781000,1028000,1121000]",394,5298000
23,9,5,"[372,349,372,368,359]","[1095000,1022000,1116000,1104000,1079000]",372,5416000
23,10,5,"[378,380,274,369,373]","[1138000,1169000,788000,1097000,1117000]",380,5309000
23,11,5,"[384,382,270,356,372]","[1170000,1169000,781000,1061000,1117000]",384,5298000
23,12,5,"[384,382,270,356,372]","[1170000,1169000,781000,1061000,1117000]",384,5298000
23,13,5,"[378,380,274,369,373]","[1138000,1169000,788000,1097000,1117000]",380,5309000
23,14,5,"[378,380,274,367,373]","[1138000,1169000,788000,1097000,1117000]",380,5309000
23,15,5,"[394,382,272,346,371]","[1199000,1169000,781000,1028000,1121000]",394,5298000
23,16,5,"[429,385,273,358,324]","[1298000,1169000,780000,1065000,975000]",429,5287000
23,17,5,"[432,382,277,344,321]","[1324000,1169000,794000,1025000,975000]",432,5287000
23,18,5,"[433,383,270,344,321]","[1326000,1169000,778000,1025000,975000]",433,5273000
23,19,5,"[373,333,376,366,359]","[1097000,995000,1120000,1097000,1079000]",376,5388000
23,20,5,"[372,347,374,364,351]","[1095000,1036000,1116000,1097000,1051000]",374,5395000
23,21,5,"[435,388,272,359,321]","[1314000,1174000,780000,1066000,975000]",435,5309000
23,22,5,"[519,413,291,395,322]","[1476000,1237000,830000,1147000,980000]",519,5670000
23,23,5,"[463,330,362,433,324]","[1364000,961000,1038000,1265000,979000]",463,5607000
23,24,5,"[452,369,301,450,330]","[1333000,1066000,881000,1320000,996000]",452,5596000
23,25,5,"[463,389,301,399,334]","[1364000,1156000,881000,1143000,1004000]",463,5548000
23,26,5,"[437,371,307,455,359]","[1212000,1087000,886000,1371000,1079000]",455,5635000
23,27,5,"[439,485,268,374,324]","[1268000,1422000,776000,1112000,977000]",485,5555000
23,28,5,"[476,407,299,423,324]","[1339000,1220000,851000,1256000,976000]",476,5642000
23,29,5,"[513,381,277,344,324]","[1488000,1174000,794000,1025000,981000]",513,5462000
23,30,5,"[485,380,280,344,324]","[1432000,1169000,794000,1025000,980000]",485,5400000
23,31,5,"[435,419,298,401,349]","[1248000,1224000,849000,1214000,1046000]",435,5581000
23,32,5,"[429,334,306,448,358]","[1236000,974000,881000,1356000,1074000]",448,5521000
23,33,5,"[448,401,321,452,309]","[1303000,1155000,942000,1320000,915000]",452,5635000
23,34,5,"[510,381,278,416,322]","[1458000,1169000,796000,1204000,980000]",510,5607000
23,35,5,"[372,362,375,368,351]","[1095000,1074000,1116000,1104000,1051000]",375,5440000
23,36,5,"[463,415,296,359,338]","[1364000,1235000,862000,1061000,1013000]",463,5535000
23,37,5,"[445,323,303,452,357]","[1289000,946000,881000,1359000,1065000]",452,5540000
23,38,5,"[515,408,295,390,323]","[1471000,1224000,855000,1131000,980000]",515,5661000
23,39,5,"[439,321,302,452,376]","[1264000,941000,876000,1345000,1127000]",452,5553000
23,40,5,"[439,419,263,402,361]","[1255000,1250000,738000,1217000,1089000]",439,5549000
23,41,5,"[377,388,292,368,373]","[1144000,1175000,829000,1097000,1124000]",388,5369000
23,42,5,"[452,391,273,471,339]","[1305000,1200000,786000,1326000,1010000]",471,5627000
23,43,5,"[472,319,309,462,411]","[1287000,939000,881000,1391000,1216000]",472,5714000
23,44,5,"[433,372,290,419,321]","[1328000,1087000,830000,1232000,975000]",433,5452000
23,45,5,"[508,382,296,390,323]","[1449000,1173000,856000,1131000,980000]",508,5589000
23,46,5,"[386,324,270,468,418]","[1103000,944000,776000,1435000,1244000]",468,5502000
23,47,5,"[429,316,302,452,356]","[1236000,950000,881000,1361000,1063000]",452,5491000
23,48,5,"[429,316,274,448,392]","[1236000,934000,783000,1356000,1179000]",448,5488000
23,49,5,"[447,408,298,420,347]","[1323000,1222000,849000,1210000,1027000]",447,5631000
23,50,5,"[412,320,300,453,386]","[1179000,941000,876000,1374000,1153000]",453,5523000
23,51,5,"[436,325,341,474,357]","[1252000,946000,1005000,1395000,1047000]",474,5645000
23,52,5,"[447,414,367,394,324]","[1320000,1234000,1034000,1114000,980000]",447,5682000
23,53,5,"[463,367,302,440,346]","[1364000,1064000,881000,1270000,1034000]",463,5613000
23,54,5,"[441,383,270,344,321]","[1342000,1169000,778000,1025000,975000]",441,5289000
23,55,5,"[463,335,364,436,369]","[1367000,967000,1032000,1265000,1086000]",463,5717000
23,56,5,"[482,433,277,376,323]","[1427000,1316000,794000,1037000,985000]",482,5559000
23,57,5,"[469,294,358,461,359]","[1334000,838000,1025000,1399000,1079000]",469,5675000
23,58,5,"[438,412,335,341,324]","[1281000,1230000,968000,1021000,980000]",438,5480000
23,59,5,"[428,387,268,370,321]","[1316000,1195000,776000,1077000,975000]",428,5339000
23,60,5,"[457,414,293,395,368]","[1355000,1233000,845000,1125000,1093000]",457,5651000
23,61,5,"[429,322,306,451,362]","[1236000,948000,881000,1361000,1082000]",451,5508000
23,62,5,"[441,454,294,394,432]","[1280000,1317000,849000,1137000,1229000]",454,5812000
23,63,5,"[431,382,287,341,323]","[1324000,1169000,808000,1021000,979000]",431,5301000
23,64,5,"[439,335,302,456,333]","[1280000,987000,876000,1377000,990000]",456,5510000
23,65,5,"[478,382,271,412,324]","[1387000,1169000,778000,1196000,980000]",478,5510000
23,66,5,"[503,381,278,402,323]","[1447000,1169000,796000,1164000,985000]",503,5561000
23,67,5,"[426,413,272,359,321]","[1296000,1231000,778000,1066000,975000]",426,5346000
23,68,5,"[431,412,292,414,355]","[1236000,1201000,845000,1240000,1068000]",431,5590000
23,69,5,"[440,383,275,392,321]","[1315000,1169000,768000,1166000,975000]",440,5393000
23,70,5,"[485,419,295,423,321]","[1429000,1239000,841000,1166000,975000]",485,5650000
23,71,5,"[453,389,276,458,332]","[1300000,1135000,790000,1371000,983000]",458,5579000
23,72,5,"[429,369,308,464,342]","[1236000,1086000,896000,1378000,1027000]",464,5623000
23,73,5,"[437,283,373,369,359]","[1281000,838000,1116000,1104000,1079000]",437,5418000
23,74,5,"[439,349,372,368,284]","[1310000,1022000,1116000,1104000,848000]",439,5400000
23,75,5,"[373,347,415,366,393]","[1095000,1022000,1205000,1104000,1141000]",415,5567000
23,76,5,"[372,344,443,372,322]","[1095000,1012000,1305000,1113000,951000]",443,5476000
23,77,5,"[458,353,372,368,308]","[1339000,1030000,1116000,1104000,914000]",458,5503000
23,78,5,"[395,382,270,423,330]","[1199000,1169000,781000,1230000,991000]",423,5370000
23,79,5,"[327,349,372,415,359]","[975000,1022000,1116000,1228000,1079000]",415,5420000
23,80,5,"[394,386,272,347,375]","[1199000,1190000,781000,1030000,1120000]",394,5320000
23,81,5,"[372,344,352,371,408]","[1095000,1012000,1055000,1113000,1204000]",408,5479000
23,82,5,"[450,379,274,369,369]","[1290000,1169000,788000,1097000,1117000]",450,5461000
23,83,5,"[384,382,270,320,462]","[1170000,1169000,786000,959000,1335000]",462,5419000
23,84,5,"[441,342,270,359,372]","[1335000,1042000,781000,1066000,1117000]",441,5341000
23,85,5,"[376,363,390,369,371]","[1138000,1057000,1097000,1097000,1121000]",390,5510000
23,86,5,"[378,380,275,411,373]","[1138000,1169000,790000,1173000,1117000]",411,5387000
23,87,5,"[394,386,314,314,374]","[1199000,1190000,910000,929000,1131000]",394,5359000
23,88,5,"[456,385,282,359,321]","[1393000,1169000,757000,1066000,975000]",456,5360000
23,89,5,"[448,382,292,355,323]","[1345000,1173000,831000,1061000,975000]",448,5385000
23,90,5,"[432,386,272,338,322]","[1326000,1190000,780000,1005000,977000]",432,5278000
23,91,5,"[373,332,378,363,365]","[1103000,995000,1120000,1081000,1094000]",378,5393000
23,92,5,"[346,344,442,363,354]","[997000,1031000,1285000,1095000,1056000]",442,5464000
24,1,5,"[329,358,347,367,356]","[967000,1065000,1041000,1132000,1069000]",367,5274000
24,2,5,"[329,365,347,365,353]","[969000,1071000,1041000,1132000,1070000]",365,5283000
24,3,5,"[324,358,349,368,356]","[962000,1065000,1045000,1132000,1069000]",368,5273000
24,4,5,"[328,365,347,365,353]","[962000,1078000,1041000,1132000,1070000]",365,5283000
24,5,5,"[323,364,350,370,335]","[962000,1068000,1045000,1163000,1016000]",370,5254000
24,6,5,"[322,364,350,370,335]","[957000,1073000,1045000,1163000,1016000]",370,5254000
24,7,5,"[323,359,351,371,336]","[957000,1069000,1049000,1163000,1016000]",371,5254000
24,8,5,"[323,359,351,371,336]","[957000,1069000,1049000,1163000,1016000]",371,5254000
24,9,5,"[322,357,347,366,361]","[962000,1065000,1041000,1132000,1083000]",366,5283000
24,10,5,"[322,357,347,366,361]","[962000,1065000,1041000,1132000,1083000]",366,5283000
24,11,5,"[322,357,347,366,361]","[962000,1065000,1041000,1132000,1083000]",366,5283000
24,12,5,"[322,357,347,366,361]","[962000,1065000,1041000,1132000,1083000]",366,5283000
24,13,5,"[300,381,352,370,337]","[887000,1135000,1046000,1163000,1021000]",381,5252000
24,14,5,"[322,364,350,370,335]","[957000,1073000,1046000,1163000,1016000]",370,5255000
24,15,5,"[329,365,347,365,354]","[969000,1071000,1041000,1132000,1072000]",365,5285000
24,16,5,"[328,365,347,365,354]","[962000,1078000,1041000,1132000,1072000]",365,5285000
24,17,5,"[327,359,345,369,357]","[967000,1065000,1027000,1146000,1071000]",369,5276000
24,18,5,"[329,358,347,367,356]","[967000,1065000,1041000,1132000,1071000]",367,5276000
24,19,5,"[329,358,347,367,356]","[967000,1065000,1041000,1132000,1071000]",367,5276000
24,20,5,"[322,364,350,370,335]","[957000,1073000,1046000,1163000,1016000]",370,5255000
24,21,5,"[309,373,419,499,338]","[900000,1034000,1182000,1503000,1020000]",499,5639000
24,22,5,"[327,402,351,365,360]","[967000,1194000,1045000,1132000,1038000]",402,5376000
24,23,5,"[327,384,328,365,354]","[975000,1144000,976000,1132000,1075000]",384,5302000
24,24,5,"[324,357,349,371,356]","[962000,1065000,1045000,1144000,1069000]",371,5285000
24,25,5,"[331,365,347,365,353]","[975000,1071000,1041000,1132000,1070000]",365,5289000
24,26,5,"[275,357,354,376,411]","[801000,1062000,1053000,1184000,1229000]",411,5329000
24,27,5,"[323,359,288,372,464]","[957000,1067000,835000,1168000,1358000]",464,5385000
24,28,5,"[326,360,351,416,339]","[972000,1069000,1049000,1252000,1021000]",416,5363000
24,29,5,"[277,370,429,370,339]","[816000,1080000,1265000,1163000,1022000]",429,5346000
24,30,5,"[322,360,280,369,456]","[962000,1065000,823000,1132000,1365000]",456,5347000
24,31,5,"[325,355,331,461,358]","[977000,1061000,991000,1351000,1077000]",461,5457000
24,32,5,"[325,314,404,366,361]","[977000,931000,1207000,1132000,1082000]",404,5329000
24,33,5,"[322,290,347,474,361]","[962000,847000,1041000,1433000,1083000]",474,5366000
24,34,5,"[298,381,352,370,367]","[887000,1135000,1046000,1163000,1082000]",381,5313000
24,35,5,"[322,370,350,370,335]","[957000,1089000,1046000,1163000,1016000]",370,5271000
24,36,5,"[329,365,347,365,355]","[967000,1076000,1041000,1132000,1072000]",365,5288000
24,37,5,"[327,387,329,365,353]","[968000,1158000,985000,1132000,1070000]",387,5313000
24,38,5,"[325,359,353,441,357]","[967000,1064000,996000,1336000,1076000]",441,5439000
24,39,5,"[324,433,352,326,354]","[964000,1265000,1067000,1002000,1069000]",433,5367000
24,40,5,"[329,358,347,365,391]","[967000,1065000,1041000,1132000,1143000]",391,5348000
24,41,5,"[321,311,348,473,334]","[957000,914000,1043000,1432000,1016000]",473,5362000
25,1,5,"[361,280,382,408,307]","[1082000,847000,1148000,1269000,899000]",408,5245000
25,2,5,"[361,278,383,406,308]","[1082000,847000,1148000,1269000,899000]",406,5245000
25,3,5,"[373,278,382,395,306]","[1115000,847000,1150000,1238000,897000]",395,5247000
25,4,5,"[373,280,382,397,307]","[1115000,847000,1148000,1238000,899000]",397,5247000
25,5,5,"[363,305,369,363,363]","[1082000,892000,1131000,1115000,1077000]",369,5297000
25,6,5,"[363,305,370,364,363]","[1082000,892000,1133000,1111000,1077000]",370,5295000
25,7,5,"[361,278,381,391,331]","[1082000,847000,1148000,1213000,971000]",391,5261000
25,8,5,"[363,354,326,363,363]","[1082000,1041000,994000,1115000,1077000]",363,5309000
25,9,5,"[375,278,372,360,364]","[1115000,847000,1103000,1111000,1094000]",375,5270000
25,10,5,"[365,278,381,392,328]","[1087000,847000,1148000,1213000,964000]",392,5259000
25,11,5,"[365,278,381,390,327]","[1087000,847000,1148000,1213000,966000]",390,5261000
25,12,5,"[375,278,372,378,346]","[1115000,847000,1103000,1165000,1035000]",378,5265000
25,13,5,"[379,278,372,379,337]","[1139000,847000,1103000,1165000,1007000]",379,5261000
25,14,5,"[424,278,383,341,308]","[1277000,847000,1148000,1070000,899000]",424,5241000
25,15,5,"[379,278,382,380,326]","[1139000,847000,1148000,1165000,964000]",382,5263000
25,16,5,"[379,278,382,380,328]","[1139000,847000,1148000,1165000,964000]",382,5263000
25,17,5,"[379,278,371,379,337]","[1139000,847000,1105000,1165000,1007000]",379,5263000
25,18,5,"[379,278,382,380,328]","[1139000,847000,1148000,1165000,964000]",382,5263000
25,19,5,"[375,278,372,378,346]","[1115000,847000,1105000,1165000,1035000]",378,5267000
25,20,5,"[361,280,381,392,331]","[1082000,847000,1148000,1213000,971000]",392,5261000
25,21,5,"[379,306,389,383,355]","[1139000,899000,1133000,1170000,1049000]",389,5390000
25,22,5,"[362,384,407,455,310]","[1069000,1125000,1147000,1380000,904000]",455,5625000
25,23,5,"[362,395,375,363,368]","[1078000,1141000,1110000,1117000,1069000]",395,5515000
25,24,5,"[374,323,367,457,308]","[1117000,970000,1063000,1388000,899000]",457,5437000
25,25,5,"[365,362,365,455,307]","[1078000,1054000,1081000,1380000,899000]",455,5492000
25,26,5,"[360,381,382,390,318]","[1065000,1110000,1154000,1213000,903000]",390,5445000
25,27,5,"[379,278,443,380,328]","[1139000,847000,1276000,1170000,964000]",443,5396000
25,28,5,"[366,282,371,378,369]","[1104000,846000,1120000,1165000,1090000]",378,5325000
25,29,5,"[379,278,382,387,331]","[1139000,847000,1148000,1186000,971000]",387,5291000
25,30,5,"[366,397,366,455,309]","[1089000,1143000,1061000,1380000,899000]",455,5572000
25,31,5,"[363,305,386,392,334]","[1082000,892000,1164000,1217000,977000]",392,5332000
25,32,5,"[360,380,369,410,307]","[1068000,1076000,1131000,1262000,899000]",410,5436000
25,33,5,"[363,386,361,455,321]","[1056000,1135000,1055000,1380000,942000]",455,5568000
25,34,5,"[364,362,361,455,333]","[1073000,1051000,1058000,1380000,969000]",455,5531000
25,35,5,"[361,280,435,433,307]","[1082000,847000,1300000,1270000,899000]",435,5398000
25,36,5,"[375,278,383,406,308]","[1110000,847000,1150000,1271000,899000]",406,5277000
25,37,5,"[373,278,401,395,400]","[1115000,847000,1152000,1238000,1117000]",401,5469000
25,38,5,"[391,291,381,394,312]","[1151000,869000,1148000,1238000,904000]",394,5310000
25,39,5,"[362,305,381,363,391]","[1087000,896000,1152000,1115000,1148000]",391,5398000
25,40,5,"[456,308,369,351,369]","[1322000,902000,1131000,1041000,1088000]",456,5484000
25,41,5,"[458,280,381,387,336]","[1349000,847000,1148000,1132000,981000]",458,5457000
25,42,5,"[392,354,326,372,363]","[1165000,1041000,994000,1114000,1077000]",392,5391000
25,43,5,"[375,278,326,438,364]","[1115000,847000,979000,1308000,1094000]",438,5343000
25,44,5,"[374,278,382,390,328]","[1108000,847000,1148000,1215000,967000]",390,5285000
25,45,5,"[410,278,381,393,328]","[1198000,847000,1148000,1188000,966000]",410,5347000
25,46,5,"[381,290,372,378,346]","[1136000,862000,1113000,1167000,1035000]",381,5313000
25,47,5,"[384,300,367,380,337]","[1139000,891000,1103000,1167000,1007000]",384,5307000
25,48,5,"[424,239,434,341,308]","[1277000,718000,1309000,1070000,899000]",434,5273000
25,49,5,"[423,278,381,379,330]","[1227000,847000,1148000,1169000,971000]",423,5362000
25,50,5,"[379,337,383,378,310]","[1139000,986000,1150000,1165000,909000]",383,5349000
25,51,5,"[379,278,373,309,469]","[1139000,847000,1108000,934000,1364000]",469,5392000
25,52,5,"[379,278,326,380,389]","[1139000,847000,966000,1165000,1158000]",389,5275000
25,53,5,"[376,294,373,379,347]","[1115000,879000,1103000,1165000,1035000]",379,5297000
25,54,5,"[441,280,381,389,314]","[1263000,847000,1148000,1213000,908000]",441,5379000
26,1,5,"[368,341,360,357,348]","[1117000,1038000,1053000,1086000,1029000]",368,5323000
26,2,5,"[373,349,325,375,338]","[1126000,1073000,960000,1143000,1003000]",375,5305000
26,3,5,"[369,373,322,382,309]","[1117000,1143000,956000,1163000,915000]",382,5294000
26,4,5,"[368,341,360,357,348]","[1117000,1038000,1053000,1086000,1029000]",368,5323000
26,5,5,"[371,377,325,376,309]","[1121000,1163000,960000,1142000,915000]",377,5301000
26,6,5,"[370,367,325,388,310]","[1117000,1118000,960000,1177000,915000]",388,5287000
26,7,5,"[368,367,325,388,310]","[1117000,1118000,960000,1177000,915000]",388,5287000
26,8,5,"[369,340,358,358,346]","[1117000,1038000,1055000,1088000,1019000]",369,5317000
26,9,5,"[371,371,322,382,309]","[1121000,1139000,956000,1163000,915000]",382,5294000
26,10,5,"[369,375,323,381,309]","[1122000,1144000,956000,1161000,915000]",381,5298000
26,11,5,"[382,373,322,412,249]","[1163000,1143000,956000,1268000,729000]",412,5259000
26,12,5,"[368,340,358,363,346]","[1117000,1038000,1055000,1094000,1019000]",368,5323000
26,13,5,"[382,373,322,412,249]","[1163000,1143000,956000,1268000,729000]",412,5259000
26,14,5,"[362,357,363,357,346]","[1075000,1095000,1059000,1086000,1019000]",363,5334000
26,15,5,"[358,362,359,357,346]","[1072000,1103000,1059000,1086000,1019000]",362,5339000
26,16,5,"[314,375,383,415,249]","[946000,1143000,1160000,1270000,729000]",415,5248000
26,17,5,"[329,373,381,396,267]","[985000,1143000,1155000,1210000,777000]",396,5270000
26,18,5,"[329,373,389,396,267]","[985000,1143000,1171000,1210000,777000]",396,5286000
26,19,5,"[329,373,385,399,267]","[985000,1143000,1159000,1210000,777000]",399,5274000
26,20,5,"[329,373,389,396,267]","[985000,1143000,1171000,1210000,777000]",396,5286000
26,21,5,"[369,396,423,358,348]","[1117000,1173000,1164000,1091000,1029000]",423,5574000
26,22,5,"[373,404,325,380,335]","[1129000,1198000,960000,1149000,985000]",404,5421000
26,23,5,"[387,399,323,409,250]","[1172000,1224000,956000,1236000,734000]",409,5322000
26,24,5,"[368,409,325,431,295]","[1117000,1223000,960000,1294000,854000]",431,5448000
26,25,5,"[332,477,358,438,263]","[988000,1414000,1070000,1293000,766000]",477,5531000
26,26,5,"[369,417,326,346,338]","[1105000,1260000,964000,1042000,1003000]",417,5374000
26,27,5,"[300,469,361,412,301]","[900000,1378000,1061000,1268000,863000]",469,5470000
26,28,5,"[380,401,354,412,249]","[1106000,1199000,1071000,1268000,729000]",412,5373000
26,29,5,"[383,401,322,413,256]","[1163000,1193000,956000,1268000,749000]",413,5329000
26,30,5,"[368,367,325,392,310]","[1117000,1118000,960000,1189000,915000]",392,5299000
26,31,5,"[364,452,322,444,300]","[1078000,1319000,956000,1315000,863000]",452,5531000
26,32,5,"[361,452,322,381,309]","[1055000,1352000,956000,1161000,915000]",452,5439000
26,33,5,"[316,373,435,441,267]","[956000,1143000,1259000,1315000,777000]",441,5450000
26,34,5,"[376,396,361,398,281]","[1103000,1180000,1092000,1216000,817000]",398,5408000
26,35,5,"[320,407,362,434,352]","[967000,1211000,1078000,1303000,1001000]",434,5560000
26,36,5,"[304,383,383,438,300]","[911000,1145000,1159000,1314000,868000]",438,5397000
26,37,5,"[329,474,440,397,267]","[991000,1392000,1220000,1214000,777000]",474,5594000
26,38,5,"[336,399,358,428,347]","[985000,1207000,1070000,1273000,985000]",428,5520000
26,39,5,"[309,472,361,438,265]","[933000,1406000,1085000,1311000,767000]",472,5502000
26,40,5,"[330,375,433,438,267]","[989000,1147000,1259000,1296000,777000]",438,5468000
26,41,5,"[372,376,326,403,339]","[1127000,1148000,962000,1196000,984000]",403,5417000
26,42,5,"[368,401,327,428,353]","[1117000,1193000,964000,1279000,982000]",428,5535000
26,43,5,"[330,373,391,396,267]","[987000,1143000,1167000,1210000,777000]",396,5284000
26,44,5,"[382,373,322,437,311]","[1163000,1143000,956000,1312000,855000]",437,5429000
26,45,5,"[361,418,329,421,317]","[1074000,1250000,965000,1259000,915000]",421,5463000
26,46,5,"[391,405,324,397,349]","[1139000,1227000,960000,1210000,992000]",405,5528000
26,47,5,"[329,373,396,396,280]","[990000,1143000,1189000,1209000,800000]",396,5331000
26,48,5,"[389,369,357,412,304]","[1176000,1087000,1042000,1268000,872000]",412,5445000
26,49,5,"[387,449,325,381,291]","[1135000,1351000,956000,1161000,846000]",449,5449000
26,50,5,"[359,418,355,358,365]","[1073000,1250000,1023000,1091000,1058000]",418,5495000
26,51,5,"[290,478,379,399,312]","[853000,1412000,1101000,1212000,894000]",478,5472000
26,52,5,"[371,366,361,395,317]","[1132000,1118000,1052000,1210000,901000]",395,5413000
26,53,5,"[372,371,322,473,295]","[1127000,1139000,956000,1371000,857000]",473,5450000
26,54,5,"[358,420,322,382,309]","[1068000,1252000,956000,1161000,915000]",420,5352000
26,55,5,"[371,394,353,421,309]","[1132000,1164000,1027000,1251000,915000]",421,5489000
26,56,5,"[319,466,364,436,299]","[971000,1373000,1065000,1307000,850000]",466,5566000
26,57,5,"[329,373,396,396,301]","[985000,1143000,1182000,1205000,842000]",396,5357000
26,58,5,"[369,409,331,412,324]","[1119000,1203000,973000,1257000,930000]",412,5482000
26,59,5,"[370,402,326,359,346]","[1117000,1193000,964000,1093000,1019000]",402,5386000
26,60,5,"[369,365,330,435,385]","[1117000,1066000,968000,1308000,1085000]",435,5544000
26,61,5,"[374,395,361,412,249]","[1096000,1178000,1092000,1268000,729000]",412,5363000
26,62,5,"[330,469,440,401,271]","[991000,1374000,1232000,1220000,785000]",469,5602000
26,63,5,"[374,374,323,381,329]","[1131000,1144000,956000,1161000,955000]",381,5347000
26,64,5,"[388,406,323,412,249]","[1160000,1226000,956000,1268000,729000]",412,5339000
26,65,5,"[314,377,358,442,351]","[946000,1163000,1061000,1317000,990000]",442,5477000
26,66,5,"[368,270,360,363,457]","[1117000,806000,1053000,1096000,1337000]",457,5409000
26,67,5,"[374,350,326,415,339]","[1137000,1075000,970000,1220000,1008000]",415,5410000
26,68,5,"[338,373,322,427,309]","[1020000,1143000,956000,1289000,915000]",427,5323000
26,69,5,"[368,341,360,357,369]","[1117000,1038000,1053000,1086000,1076000]",369,5370000
26,70,5,"[373,509,326,326,309]","[1127000,1488000,970000,978000,915000]",509,5478000
26,71,5,"[370,367,325,446,384]","[1117000,1118000,960000,1275000,1081000]",446,5551000
26,72,5,"[368,367,325,388,350]","[1117000,1118000,960000,1177000,995000]",388,5367000
26,73,5,"[369,363,358,358,355]","[1117000,1105000,1057000,1088000,1010000]",369,5377000
26,74,5,"[361,373,322,381,325]","[1084000,1139000,956000,1161000,965000]",381,5305000
26,75,5,"[372,371,322,387,309]","[1137000,1139000,956000,1173000,915000]",387,5320000
26,76,5,"[382,373,303,412,343]","[1163000,1143000,846000,1268000,989000]",412,5409000
26,77,5,"[371,340,358,367,346]","[1132000,1038000,1055000,1106000,1019000]",371,5350000
26,78,5,"[382,427,295,412,249]","[1163000,1279000,872000,1268000,729000]",427,5311000
26,79,5,"[358,496,359,292,346]","[1075000,1457000,1059000,868000,1019000]",496,5478000
26,80,5,"[360,364,357,416,324]","[1070000,1118000,1055000,1231000,948000]",416,5422000
26,81,5,"[316,305,504,414,249]","[950000,926000,1492000,1268000,729000]",504,5365000
26,82,5,"[327,373,381,396,267]","[987000,1143000,1155000,1210000,777000]",396,5272000
26,83,5,"[329,373,446,388,267]","[987000,1143000,1311000,1164000,777000]",446,5382000
26,84,5,"[329,373,385,472,242]","[1000000,1143000,1159000,1387000,700000]",472,5389000
26,85,5,"[285,433,390,396,267]","[852000,1312000,1171000,1212000,777000]",433,5324000
27,1,5,"[383,251,332,390,367]","[1146000,751000,980000,1209000,1139000]",390,5225000
27,2,5,"[383,251,332,390,367]","[1146000,751000,980000,1209000,1139000]",390,5225000
27,3,5,"[383,251,334,376,378]","[1150000,751000,986000,1159000,1179000]",383,5225000
27,4,5,"[379,251,367,368,374]","[1128000,751000,1068000,1138000,1174000]",379,5259000
27,5,5,"[363,282,374,375,368]","[1082000,840000,1112000,1138000,1137000]",375,5309000
27,6,5,"[379,251,361,377,377]","[1126000,751000,1054000,1154000,1174000]",379,5259000
27,7,5,"[377,251,367,368,374]","[1126000,751000,1080000,1138000,1174000]",377,5269000
27,8,5,"[377,251,367,368,374]","[1126000,751000,1080000,1138000,1174000]",377,5269000
27,9,5,"[383,251,332,455,299]","[1150000,751000,980000,1420000,922000]",455,5223000
27,10,5,"[377,253,367,368,374]","[1126000,755000,1080000,1138000,1174000]",377,5273000
27,11,5,"[362,284,375,376,366]","[1079000,844000,1112000,1138000,1137000]",376,5310000
27,12,5,"[379,251,359,369,382]","[1130000,751000,1052000,1138000,1190000]",382,5261000
27,13,5,"[381,251,362,373,373]","[1146000,751000,1070000,1136000,1160000]",381,5263000
27,14,5,"[383,251,334,377,378]","[1150000,751000,986000,1164000,1179000]",383,5230000
27,15,5,"[383,251,332,390,367]","[1150000,751000,980000,1209000,1139000]",390,5229000
27,16,5,"[383,251,332,390,367]","[1150000,751000,980000,1209000,1139000]",390,5229000
27,17,5,"[381,251,362,373,373]","[1146000,751000,1070000,1136000,1160000]",381,5263000
27,18,5,"[384,251,333,391,368]","[1148000,751000,980000,1209000,1139000]",391,5227000
27,19,5,"[378,251,366,368,377]","[1126000,751000,1074000,1138000,1183000]",378,5272000
27,20,5,"[363,284,374,375,368]","[1082000,844000,1112000,1138000,1137000]",375,5313000
27,21,5,"[384,251,343,375,379]","[1150000,751000,1012000,1164000,1190000]",384,5267000
27,22,5,"[378,251,335,394,388]","[1126000,751000,987000,1209000,1191000]",394,5264000
27,23,5,"[381,251,371,373,378]","[1146000,751000,1086000,1136000,1175000]",381,5294000
27,24,5,"[383,251,334,378,412]","[1150000,751000,984000,1167000,1245000]",412,5297000
27,25,5,"[378,251,339,391,388]","[1128000,751000,996000,1209000,1181000]",391,5265000
27,26,5,"[364,251,368,376,403]","[1086000,751000,1084000,1141000,1243000]",403,5305000
27,27,5,"[458,245,341,374,379]","[1319000,718000,1004000,1159000,1184000]",458,5384000
27,28,5,"[461,245,337,392,371]","[1324000,718000,980000,1209000,1139000]",461,5370000
27,29,5,"[379,251,366,368,383]","[1126000,751000,1074000,1138000,1201000]",383,5290000
27,30,5,"[380,251,338,398,398]","[1126000,751000,1012000,1212000,1218000]",398,5319000
27,31,5,"[453,267,366,442,363]","[1293000,762000,1079000,1325000,1122000]",453,5581000
27,32,5,"[391,251,368,362,429]","[1148000,751000,1085000,1113000,1311000]",429,5408000
27,33,5,"[383,253,334,377,378]","[1150000,755000,986000,1164000,1179000]",383,5234000
27,34,5,"[383,251,332,378,417]","[1150000,751000,982000,1167000,1257000]",417,5307000
27,35,5,"[408,253,368,368,375]","[1186000,755000,1070000,1138000,1179000]",408,5328000
27,36,5,"[385,251,353,370,379]","[1150000,751000,1036000,1142000,1180000]",385,5259000
27,37,5,"[448,245,332,390,365]","[1295000,718000,980000,1209000,1133000]",448,5335000
27,38,5,"[383,267,332,390,367]","[1150000,783000,980000,1209000,1139000]",390,5261000
27,39,5,"[382,251,333,378,418]","[1148000,751000,980000,1167000,1259000]",418,5305000
27,40,5,"[446,267,335,391,369]","[1295000,762000,995000,1214000,1138000]",446,5404000
27,41,5,"[381,279,374,375,368]","[1146000,807000,1117000,1138000,1147000]",381,5355000
27,42,5,"[449,243,373,388,412]","[1291000,714000,1097000,1147000,1269000]",449,5518000
27,43,5,"[446,245,375,376,369]","[1295000,718000,1112000,1142000,1139000]",446,5406000
27,44,5,"[447,245,342,369,384]","[1299000,718000,1004000,1138000,1200000]",447,5359000
27,45,5,"[378,253,337,391,388]","[1126000,755000,1005000,1209000,1179000]",391,5274000
27,46,5,"[381,251,334,371,398]","[1146000,751000,982000,1148000,1228000]",398,5255000
27,47,5,"[449,261,374,375,368]","[1302000,750000,1112000,1138000,1137000]",449,5439000
27,48,5,"[451,261,332,378,388]","[1303000,750000,980000,1167000,1199000]",451,5399000
27,49,5,"[456,245,368,355,424]","[1297000,718000,1080000,1083000,1299000]",456,5477000
27,50,5,"[391,253,371,375,378]","[1148000,755000,1089000,1159000,1179000]",391,5330000
27,51,5,"[466,245,371,373,371]","[1329000,718000,1097000,1136000,1145000]",466,5425000
27,52,5,"[421,251,368,383,374]","[1210000,751000,1081000,1159000,1174000]",421,5375000
27,53,5,"[449,251,374,375,368]","[1302000,730000,1112000,1138000,1137000]",449,5419000
27,54,5,"[385,251,371,373,379]","[1150000,751000,1084000,1136000,1185000]",385,5306000
27,55,5,"[402,251,335,392,367]","[1184000,751000,985000,1219000,1139000]",402,5278000
27,56,5,"[379,251,350,392,367]","[1129000,751000,1027000,1209000,1139000]",392,5255000
27,57,5,"[381,251,334,376,406]","[1146000,751000,986000,1159000,1235000]",406,5277000
27,58,5,"[340,251,360,450,379]","[1007000,751000,1059000,1343000,1180000]",450,5340000
27,59,5,"[415,282,370,421,370]","[1193000,840000,1097000,1220000,1143000]",421,5493000
27,60,5,"[320,251,361,478,374]","[942000,751000,1054000,1425000,1174000]",478,5346000
27,61,5,"[378,307,368,368,408]","[1128000,875000,1090000,1138000,1230000]",408,5461000
27,62,5,"[389,251,366,369,379]","[1148000,751000,1064000,1138000,1174000]",389,5275000
27,63,5,"[362,251,333,507,300]","[1077000,751000,990000,1549000,922000]",507,5289000
27,64,5,"[377,275,367,368,374]","[1126000,799000,1080000,1138000,1174000]",377,5317000
27,65,5,"[361,332,374,375,394]","[1079000,949000,1117000,1138000,1184000]",394,5467000
27,66,5,"[381,251,436,370,319]","[1130000,751000,1290000,1143000,980000]",436,5294000
27,67,5,"[382,251,362,373,384]","[1146000,751000,1070000,1136000,1188000]",384,5291000
27,68,5,"[416,251,334,376,378]","[1216000,751000,986000,1159000,1179000]",416,5291000
27,69,5,"[321,350,332,390,367]","[957000,1018000,980000,1209000,1139000]",390,5303000
27,70,5,"[395,251,336,390,373]","[1174000,751000,1000000,1209000,1160000]",395,5294000
27,71,5,"[381,367,362,293,373]","[1146000,1070000,1070000,879000,1160000]",381,5325000
27,72,5,"[372,251,374,391,368]","[1090000,751000,1109000,1209000,1139000]",391,5298000
27,73,5,"[377,252,412,369,377]","[1126000,753000,1160000,1143000,1178000]",412,5360000
27,74,5,"[363,284,374,375,368]","[1082000,844000,1112000,1138000,1137000]",375,5313000
28,1,5,"[354,367,366,368,356]","[1030000,1103000,1106000,1069000,1080000]",368,5388000
28,2,5,"[312,375,369,372,360]","[924000,1128000,1114000,1095000,1090000]",375,5351000
28,3,5,"[313,381,451,340,286]","[920000,1154000,1388000,991000,863000]",451,5316000
28,4,5,"[354,367,366,368,356]","[1030000,1103000,1106000,1069000,1080000]",368,5388000
28,5,5,"[362,360,359,367,356]","[1062000,1083000,1072000,1086000,1085000]",367,5388000
28,6,5,"[341,370,359,368,356]","[1006000,1118000,1072000,1101000,1080000]",370,5377000
28,7,5,"[314,377,370,346,375]","[935000,1128000,1125000,1021000,1134000]",377,5343000
28,8,5,"[314,365,373,368,372]","[931000,1083000,1128000,1084000,1134000]",373,5360000
28,9,5,"[311,378,368,340,373]","[920000,1152000,1123000,991000,1134000]",378,5320000
28,10,5,"[313,381,369,340,374]","[920000,1154000,1128000,991000,1134000]",381,5327000
28,11,5,"[310,378,368,348,373]","[920000,1134000,1123000,1021000,1134000]",378,5332000
28,12,5,"[341,373,361,366,354]","[1006000,1124000,1076000,1086000,1080000]",373,5372000
28,13,5,"[341,373,343,366,372]","[1006000,1124000,1022000,1086000,1134000]",373,5372000
28,14,5,"[341,373,349,368,366]","[1006000,1124000,1040000,1086000,1116000]",373,5372000
28,15,5,"[341,370,369,340,374]","[1004000,1111000,1128000,991000,1134000]",374,5368000
28,16,5,"[314,377,371,371,357]","[934000,1128000,1114000,1090000,1085000]",377,5351000
28,17,5,"[341,370,361,368,354]","[1006000,1118000,1076000,1101000,1080000]",370,5381000
28,18,5,"[341,370,349,368,366]","[1006000,1118000,1040000,1101000,1116000]",370,5381000
28,19,5,"[362,360,359,367,356]","[1062000,1083000,1072000,1090000,1085000]",367,5392000
28,20,5,"[313,381,451,344,286]","[924000,1154000,1363000,1020000,863000]",451,5324000
28,21,5,"[365,360,433,348,390]","[1076000,1083000,1233000,1034000,1146000]",433,5572000
28,22,5,"[332,383,409,346,377]","[978000,1162000,1175000,1023000,1153000]",409,5491000
28,23,5,"[302,435,394,358,359]","[877000,1262000,1198000,1046000,1086000]",435,5469000
28,24,5,"[330,363,426,435,417]","[956000,1089000,1224000,1239000,1211000]",435,5719000
28,25,5,"[313,381,386,357,415]","[932000,1156000,1156000,1046000,1211000]",415,5501000
28,26,5,"[359,379,379,357,376]","[1053000,1150000,1081000,1049000,1154000]",379,5487000
28,27,5,"[314,379,379,401,416]","[930000,1154000,1123000,1141000,1211000]",416,5559000
28,28,5,"[311,362,380,433,416]","[922000,1083000,1125000,1238000,1211000]",433,5579000
28,29,5,"[315,381,415,348,358]","[929000,1138000,1244000,1021000,1100000]",415,5432000
28,30,5,"[341,368,420,349,366]","[1006000,1111000,1203000,1032000,1116000]",420,5468000
28,31,5,"[345,374,370,370,358]","[1019000,1120000,1100000,1101000,1080000]",374,5420000
28,32,5,"[346,377,417,347,371]","[1024000,1131000,1197000,1025000,1135000]",417,5512000
28,33,5,"[356,424,482,368,356]","[1022000,1217000,1357000,1072000,1084000]",482,5752000
28,34,5,"[352,370,414,348,354]","[1019000,1111000,1208000,1021000,1080000]",414,5439000
28,35,5,"[329,391,430,347,357]","[958000,1183000,1238000,1035000,1084000]",430,5498000
28,36,5,"[344,370,422,313,470]","[1010000,1118000,1207000,898000,1396000]",470,5629000
28,37,5,"[316,373,448,345,359]","[940000,1123000,1295000,1025000,1099000]",448,5482000
28,38,5,"[312,381,407,365,355]","[920000,1131000,1246000,1042000,1085000]",407,5424000
28,39,5,"[381,411,370,346,334]","[1116000,1210000,1123000,1021000,985000]",411,5455000
28,40,5,"[340,372,385,399,419]","[1004000,1116000,1178000,1116000,1226000]",419,5640000
28,41,5,"[303,425,443,365,376]","[879000,1221000,1309000,1071000,1123000]",443,5603000
28,42,5,"[314,367,368,441,346]","[936000,1087000,1123000,1309000,1004000]",441,5459000
28,43,5,"[302,381,450,343,359]","[895000,1154000,1292000,1021000,1102000]",450,5464000
28,44,5,"[358,362,380,447,334]","[1055000,1062000,1148000,1278000,1001000]",447,5544000
28,45,5,"[313,379,364,406,367]","[925000,1150000,1042000,1201000,1121000]",406,5439000
28,46,5,"[330,380,431,344,360]","[968000,1156000,1243000,1017000,1101000]",431,5485000
28,47,5,"[330,426,443,412,416]","[972000,1227000,1309000,1121000,1213000]",443,5842000
28,48,5,"[343,365,363,403,374]","[1019000,1080000,1039000,1210000,1134000]",403,5482000
28,49,5,"[341,375,441,347,354]","[1004000,1131000,1279000,1013000,1080000]",441,5507000
28,50,5,"[313,374,431,335,421]","[926000,1125000,1314000,940000,1238000]",431,5543000
28,51,5,"[359,427,427,343,371]","[1022000,1217000,1232000,1021000,1129000]",427,5621000
28,52,5,"[358,418,444,343,377]","[1027000,1199000,1287000,1021000,1133000]",444,5667000
28,53,5,"[314,365,408,343,376]","[936000,1096000,1227000,1009000,1154000]",408,5422000
28,54,5,"[302,369,373,368,372]","[885000,1106000,1128000,1084000,1134000]",373,5337000
28,55,5,"[371,361,427,348,360]","[1092000,1085000,1229000,1023000,1104000]",427,5533000
28,56,5,"[315,366,371,385,410]","[928000,1085000,1138000,1146000,1185000]",410,5482000
28,57,5,"[342,379,450,338,355]","[1004000,1121000,1339000,978000,1080000]",450,5522000
28,58,5,"[317,385,444,345,361]","[939000,1148000,1299000,1019000,1106000]",444,5511000
28,59,5,"[314,375,372,346,380]","[933000,1128000,1143000,1021000,1155000]",380,5380000
28,60,5,"[316,375,442,344,373]","[950000,1124000,1274000,1023000,1140000]",442,5511000
28,61,5,"[333,377,444,347,375]","[987000,1132000,1287000,1025000,1138000]",444,5569000
28,62,5,"[347,371,428,346,368]","[1016000,1118000,1229000,1026000,1114000]",428,5503000
28,63,5,"[330,425,444,338,358]","[972000,1228000,1311000,978000,1084000]",444,5573000
28,64,5,"[331,374,420,368,375]","[960000,1120000,1215000,1069000,1140000]",420,5504000
28,65,5,"[314,383,384,451,349]","[937000,1138000,1157000,1301000,1012000]",451,5545000
28,66,5,"[314,378,440,345,361]","[934000,1134000,1285000,1025000,1106000]",440,5484000
28,67,5,"[341,373,418,335,372]","[1006000,1125000,1217000,993000,1134000]",418,5475000
28,68,5,"[312,363,467,365,365]","[920000,1064000,1393000,1067000,1055000]",467,5499000
28,69,5,"[303,426,419,370,376]","[879000,1232000,1234000,1090000,1142000]",426,5577000
28,70,5,"[312,388,440,350,355]","[924000,1161000,1285000,1029000,1085000]",440,5484000
28,71,5,"[314,377,389,346,381]","[935000,1132000,1163000,1021000,1159000]",389,5410000
28,72,5,"[342,370,385,340,372]","[1006000,1118000,1155000,991000,1134000]",385,5404000
28,73,5,"[340,447,368,346,334]","[1004000,1322000,1123000,1021000,985000]",447,5455000
28,74,5,"[303,417,376,369,375]","[877000,1230000,1127000,1086000,1139000]",417,5459000
28,75,5,"[365,363,427,385,358]","[1074000,1089000,1229000,1105000,1089000]",427,5586000
28,76,5,"[358,429,427,343,371]","[1025000,1237000,1223000,1021000,1129000]",429,5635000
28,77,5,"[383,381,370,356,346]","[1119000,1158000,1123000,1047000,1004000]",383,5451000
28,78,5,"[333,387,418,368,356]","[980000,1160000,1215000,1063000,1084000]",418,5502000
28,79,5,"[313,377,370,410,348]","[935000,1128000,1125000,1227000,1004000]",410,5419000
28,80,5,"[314,378,433,313,416]","[928000,1134000,1324000,896000,1211000]",433,5493000
28,81,5,"[314,382,364,398,372]","[925000,1155000,1039000,1179000,1134000]",398,5432000
28,82,5,"[335,379,430,390,423]","[971000,1154000,1235000,1108000,1243000]",430,5711000
28,83,5,"[343,377,429,344,360]","[1019000,1134000,1233000,1023000,1104000]",429,5513000
28,84,5,"[335,375,430,408,357]","[970000,1124000,1231000,1173000,1085000]",430,5583000
28,85,5,"[335,375,382,399,439]","[994000,1113000,1154000,1116000,1275000]",439,5652000
28,86,5,"[354,425,446,338,358]","[1020000,1222000,1311000,978000,1084000]",446,5615000
28,87,5,"[312,379,372,417,418]","[930000,1154000,1095000,1191000,1215000]",418,5585000
28,88,5,"[313,381,379,435,334]","[925000,1154000,1148000,1239000,1001000]",435,5467000
28,89,5,"[314,365,370,375,375]","[936000,1083000,1133000,1091000,1139000]",375,5382000
28,90,5,"[347,373,417,385,372]","[1026000,1124000,1197000,1105000,1125000]",417,5577000
28,91,5,"[322,428,376,374,375]","[954000,1231000,1112000,1089000,1140000]",428,5526000
28,92,5,"[335,370,404,370,372]","[967000,1118000,1174000,1090000,1134000]",404,5483000
28,93,5,"[362,361,368,340,373]","[1060000,1073000,1123000,991000,1134000]",373,5381000
28,94,5,"[313,381,382,399,363]","[925000,1154000,1154000,1116000,1107000]",399,5456000
28,95,5,"[315,380,468,345,358]","[936000,1154000,1315000,1019000,1097000]",468,5521000
28,96,5,"[428,367,342,368,356]","[1251000,1103000,993000,1069000,1080000]",428,5496000
28,97,5,"[360,381,365,406,362]","[1018000,1132000,1108000,1175000,1097000]",406,5530000
28,98,5,"[313,381,523,362,288]","[920000,1154000,1574000,993000,867000]",523,5508000
28,99,5,"[349,365,401,366,388]","[1028000,1093000,1189000,1073000,1136000]",401,5519000
28,100,5,"[376,361,360,367,357]","[1092000,1085000,1074000,1086000,1085000]",376,5422000
28,101,5,"[352,370,360,368,387]","[1035000,1118000,1073000,1101000,1149000]",387,5476000
28,102,5,"[314,375,370,322,462]","[935000,1128000,1125000,950000,1340000]",462,5478000
28,103,5,"[312,377,375,370,383]","[926000,1111000,1143000,1089000,1145000]",383,5414000
28,104,5,"[355,360,373,340,372]","[1055000,1063000,1128000,991000,1134000]",373,5371000
28,105,5,"[355,377,370,341,349]","[1044000,1150000,1133000,993000,1064000]",377,5384000
28,106,5,"[312,378,370,387,346]","[922000,1134000,1133000,1126000,1064000]",387,5379000
28,107,5,"[362,374,359,367,358]","[1073000,1129000,1072000,1072000,1087000]",374,5433000
28,108,5,"[342,372,340,444,373]","[1004000,1118000,1013000,1251000,1134000]",444,5520000
28,109,5,"[341,475,349,297,368]","[1006000,1414000,1040000,858000,1126000]",475,5444000
28,110,5,"[345,369,427,342,383]","[1019000,1104000,1238000,995000,1152000]",427,5508000
28,111,5,"[361,375,369,369,360]","[1013000,1128000,1114000,1096000,1090000]",375,5441000
28,112,5,"[341,318,361,437,354]","[1006000,942000,1076000,1300000,1080000]",437,5404000
28,113,5,"[476,370,272,372,368]","[1375000,1118000,787000,1109000,1126000]",476,5515000
28,114,5,"[442,360,360,367,328]","[1280000,1083000,1074000,1090000,974000]",442,5501000
28,115,5,"[318,379,442,349,316]","[929000,1154000,1327000,1025000,941000]",442,5376000
29,1,5,"[325,371,385,329,353]","[957000,1147000,1163000,988000,1057000]",385,5312000
29,2,5,"[277,405,413,412,235]","[818000,1266000,1261000,1254000,666000]",413,5265000
29,3,5,"[277,401,403,424,234]","[818000,1258000,1229000,1292000,666000]",424,5263000
29,4,5,"[277,405,405,421,234]","[818000,1266000,1229000,1286000,666000]",421,5265000
29,5,5,"[277,410,406,411,241]","[818000,1275000,1224000,1254000,698000]",411,5269000
29,6,5,"[277,373,404,440,241]","[818000,1147000,1224000,1363000,698000]",440,5250000
29,7,5,"[277,383,404,434,241]","[818000,1179000,1224000,1339000,698000]",434,5258000
29,8,5,"[277,389,404,428,241]","[818000,1197000,1224000,1321000,698000]",428,5258000
29,9,5,"[277,391,391,363,322]","[818000,1226000,1187000,1092000,950000]",391,5273000
29,10,5,"[277,383,404,434,241]","[818000,1179000,1224000,1339000,698000]",434,5258000
29,11,5,"[277,410,406,411,241]","[818000,1275000,1224000,1254000,698000]",411,5269000
29,12,5,"[277,373,404,440,241]","[818000,1147000,1224000,1363000,698000]",440,5250000
29,13,5,"[291,371,366,381,380]","[839000,1141000,1095000,1143000,1131000]",381,5349000
29,14,5,"[357,373,369,370,376]","[1029000,1141000,1100000,1070000,1136000]",376,5476000
29,15,5,"[367,372,369,367,375]","[1047000,1141000,1100000,1061000,1131000]",375,5480000
29,16,5,"[357,365,371,375,377]","[1029000,1119000,1100000,1083000,1131000]",377,5462000
29,17,5,"[353,364,378,377,375]","[1008000,1119000,1124000,1096000,1122000]",378,5469000
29,18,5,"[357,364,377,377,377]","[1029000,1119000,1124000,1083000,1127000]",377,5482000
29,19,5,"[292,371,366,381,380]","[843000,1141000,1095000,1143000,1136000]",381,5358000
29,20,5,"[277,371,404,440,245]","[818000,1147000,1224000,1363000,702000]",440,5254000
29,21,5,"[343,372,404,442,261]","[971000,1141000,1219000,1367000,719000]",442,5417000
29,22,5,"[328,375,444,462,245]","[941000,1149000,1287000,1404000,708000]",462,5489000
29,23,5,"[277,374,405,423,341]","[818000,1153000,1226000,1257000,970000]",423,5424000
29,24,5,"[279,390,429,486,231]","[818000,1183000,1254000,1492000,660000]",486,5407000
29,25,5,"[277,404,404,432,245]","[818000,1251000,1224000,1308000,702000]",432,5303000
29,26,5,"[354,383,441,396,356]","[1013000,1171000,1283000,1133000,1069000]",441,5669000
29,27,5,"[359,411,417,388,342]","[1039000,1279000,1230000,1106000,993000]",417,5647000
29,28,5,"[304,381,404,437,299]","[855000,1179000,1234000,1343000,838000]",437,5449000
29,29,5,"[290,383,432,412,349]","[841000,1180000,1259000,1188000,1051000]",432,5519000
29,30,5,"[277,408,421,461,287]","[818000,1270000,1248000,1331000,821000]",461,5488000
29,31,5,"[371,364,381,408,379]","[1066000,1124000,1130000,1145000,1127000]",408,5592000
29,32,5,"[291,371,429,400,408]","[843000,1141000,1254000,1165000,1168000]",429,5571000
29,33,5,"[388,408,404,413,334]","[1118000,1270000,1225000,1135000,949000]",413,5697000
29,34,5,"[292,372,392,464,357]","[845000,1143000,1166000,1309000,1074000]",464,5537000
29,35,5,"[315,342,396,435,371]","[897000,1022000,1149000,1344000,1102000]",435,5514000
29,36,5,"[291,385,404,434,282]","[825000,1187000,1224000,1339000,801000]",434,5376000
29,37,5,"[357,366,443,359,357]","[1029000,1119000,1277000,1042000,1074000]",443,5541000
29,38,5,"[338,410,406,411,241]","[940000,1275000,1224000,1254000,698000]",411,5391000
29,39,5,"[359,372,419,357,341]","[1039000,1141000,1273000,1030000,1003000]",419,5486000
29,40,5,"[303,364,425,457,354]","[849000,1119000,1227000,1331000,1059000]",457,5585000
29,41,5,"[395,345,413,460,346]","[1126000,1039000,1210000,1333000,986000]",460,5694000
29,42,5,"[365,374,420,347,340]","[1045000,1156000,1271000,1012000,998000]",420,5482000
29,43,5,"[322,366,404,440,282]","[916000,1119000,1210000,1363000,814000]",440,5422000
29,44,5,"[427,409,405,364,333]","[1187000,1270000,1223000,1047000,921000]",427,5648000
29,45,5,"[351,386,439,413,308]","[1008000,1196000,1283000,1208000,892000]",439,5587000
29,46,5,"[353,364,439,365,354]","[1008000,1119000,1310000,1033000,1059000]",439,5529000
29,47,5,"[303,405,405,421,254]","[858000,1272000,1229000,1286000,724000]",421,5369000
29,48,5,"[295,381,404,434,283]","[833000,1173000,1224000,1339000,809000]",434,5378000
29,49,5,"[358,366,429,378,360]","[1029000,1119000,1254000,1077000,1088000]",429,5567000
29,50,5,"[302,401,403,424,279]","[856000,1258000,1229000,1292000,768000]",424,5403000
29,51,5,"[317,352,389,429,341]","[907000,1072000,1177000,1326000,958000]",429,5440000
29,52,5,"[311,334,417,423,350]","[868000,1003000,1255000,1290000,1033000]",423,5449000
29,53,5,"[362,349,434,423,376]","[1019000,1029000,1256000,1223000,1127000]",434,5654000
29,54,5,"[305,393,404,429,285]","[862000,1203000,1224000,1321000,801000]",429,5411000
29,55,5,"[359,411,417,388,374]","[1039000,1276000,1216000,1096000,1066000]",417,5693000
29,56,5,"[442,373,403,420,354]","[1238000,1147000,1168000,1164000,1059000]",442,5776000
29,57,5,"[342,405,407,423,292]","[931000,1266000,1235000,1290000,807000]",423,5529000
29,58,5,"[357,371,429,414,359]","[1029000,1147000,1254000,1137000,1083000]",429,5650000
29,59,5,"[385,379,408,361,330]","[1103000,1160000,1227000,1038000,966000]",408,5494000
29,60,5,"[361,372,369,376,375]","[1029000,1141000,1100000,1088000,1131000]",376,5489000
29,61,5,"[441,352,409,413,374]","[1225000,1064000,1202000,1177000,1122000]",441,5790000
29,62,5,"[277,371,404,423,341]","[818000,1147000,1224000,1257000,970000]",423,5416000
29,63,5,"[388,396,420,381,339]","[1118000,1227000,1218000,1074000,1005000]",420,5642000
29,64,5,"[278,392,432,395,359]","[820000,1180000,1259000,1159000,1078000]",432,5496000
29,65,5,"[349,372,404,440,246]","[962000,1149000,1224000,1363000,707000]",440,5405000
29,66,5,"[290,371,403,418,357]","[841000,1141000,1178000,1229000,1083000]",418,5472000
29,67,5,"[389,389,402,379,352]","[1119000,1192000,1168000,1079000,1041000]",402,5599000
29,68,5,"[390,388,404,381,354]","[1122000,1188000,1225000,1074000,1019000]",404,5628000
29,69,5,"[400,400,404,387,326]","[1159000,1242000,1164000,1095000,952000]",404,5612000
29,70,5,"[277,390,404,428,278]","[818000,1190000,1224000,1321000,796000]",428,5349000
29,71,5,"[342,401,407,425,292]","[931000,1258000,1235000,1294000,807000]",425,5525000
29,72,5,"[303,409,403,423,254]","[858000,1282000,1229000,1290000,724000]",423,5383000
29,73,5,"[277,394,404,432,244]","[818000,1231000,1224000,1308000,703000]",432,5284000
29,74,5,"[295,406,413,412,278]","[839000,1271000,1261000,1259000,764000]",413,5394000
29,75,5,"[373,370,429,415,361]","[1061000,1145000,1254000,1139000,1094000]",429,5693000
29,76,5,"[292,342,405,412,386]","[844000,1026000,1173000,1259000,1165000]",412,5467000
29,77,5,"[311,366,412,440,285]","[880000,1119000,1234000,1363000,817000]",440,5413000
29,78,5,"[297,408,404,414,295]","[873000,1270000,1234000,1258000,787000]",414,5422000
29,79,5,"[281,373,432,428,361]","[823000,1151000,1259000,1217000,1077000]",432,5527000
29,80,5,"[357,375,432,376,369]","[1029000,1147000,1254000,1070000,1089000]",432,5589000
29,81,5,"[321,373,409,400,352]","[921000,1151000,1188000,1178000,1046000]",409,5484000
29,82,5,"[277,393,393,400,337]","[818000,1226000,1187000,1169000,986000]",400,5386000
29,83,5,"[277,383,391,428,298]","[818000,1165000,1187000,1300000,869000]",428,5339000
29,84,5,"[303,385,404,423,334]","[858000,1185000,1219000,1257000,962000]",423,5481000
29,85,5,"[359,366,435,446,386]","[1039000,1119000,1258000,1306000,1059000]",446,5781000
29,86,5,"[367,349,440,466,243]","[1058000,1068000,1285000,1415000,703000]",466,5529000
29,87,5,"[277,395,395,444,248]","[818000,1234000,1187000,1344000,712000]",444,5295000
29,88,5,"[415,390,396,421,360]","[1163000,1203000,1152000,1166000,1080000]",421,5764000
29,89,5,"[277,402,403,424,236]","[818000,1258000,1229000,1292000,670000]",424,5267000
29,90,5,"[291,371,414,362,368]","[843000,1141000,1249000,1054000,1108000]",414,5395000
29,91,5,"[395,405,430,391,378]","[1105000,1266000,1254000,1112000,1053000]",430,5790000
29,92,5,"[371,347,409,510,310]","[1078000,1039000,1202000,1479000,885000]",510,5683000
29,93,5,"[317,342,415,435,377]","[903000,1023000,1187000,1344000,1131000]",435,5588000
29,94,5,"[358,366,439,388,357]","[1029000,1119000,1283000,1093000,1065000]",439,5589000
29,95,5,"[291,375,416,397,368]","[843000,1161000,1214000,1172000,1120000]",416,5510000
29,96,5,"[377,374,388,330,354]","[1062000,1162000,1169000,993000,1065000]",388,5451000
29,97,5,"[277,407,414,413,241]","[818000,1266000,1263000,1258000,680000]",414,5285000
29,98,5,"[281,443,404,440,236]","[826000,1338000,1234000,1324000,660000]",443,5382000
29,99,5,"[277,333,514,421,234]","[818000,1022000,1550000,1286000,666000]",514,5342000
29,100,5,"[277,409,444,415,245]","[818000,1280000,1305000,1265000,705000]",444,5373000
29,101,5,"[277,373,393,453,247]","[818000,1147000,1191000,1405000,708000]",453,5269000
29,102,5,"[280,340,514,436,241]","[823000,1046000,1487000,1339000,698000]",514,5393000
29,103,5,"[277,389,421,428,241]","[818000,1197000,1261000,1321000,698000]",428,5295000
29,104,5,"[277,407,391,362,322]","[818000,1258000,1187000,1090000,950000]",407,5303000
29,105,5,"[277,361,404,435,291]","[818000,1112000,1224000,1341000,834000]",435,5329000
29,106,5,"[277,408,486,382,246]","[818000,1270000,1420000,1163000,715000]",486,5386000
29,107,5,"[359,333,407,442,241]","[1032000,1029000,1226000,1363000,698000]",442,5348000
29,108,5,"[291,371,370,385,423]","[839000,1141000,1101000,1163000,1227000]",423,5471000
29,109,5,"[354,373,369,372,376]","[1013000,1141000,1100000,1080000,1136000]",376,5470000
29,110,5,"[390,371,360,370,382]","[1107000,1141000,1071000,1067000,1150000]",390,5536000
29,111,5,"[382,371,371,316,380]","[1109000,1130000,1104000,935000,1137000]",382,5415000
29,112,5,"[352,380,410,381,375]","[1010000,1133000,1206000,1104000,1122000]",410,5575000
29,113,5,"[357,427,377,345,377]","[1029000,1281000,1124000,1004000,1127000]",427,5565000
29,114,5,"[246,374,368,381,441]","[708000,1156000,1095000,1143000,1307000]",441,5409000
29,115,5,"[322,371,404,440,245]","[908000,1147000,1224000,1363000,702000]",440,5344000
30,1,5,"[349,347,362,380,317]","[1034000,1051000,1092000,1138000,972000]",380,5287000
30,2,5,"[352,323,366,370,370]","[1044000,982000,1092000,1086000,1115000]",370,5319000
30,3,5,"[352,329,366,369,369]","[1044000,994000,1092000,1084000,1115000]",369,5329000
30,4,5,"[352,347,362,354,366]","[1049000,1051000,1092000,1054000,1112000]",366,5358000
30,5,5,"[372,304,363,355,372]","[1107000,920000,1092000,1059000,1131000]",372,5309000
30,6,5,"[352,344,365,378,317]","[1040000,1045000,1097000,1134000,972000]",378,5288000
30,7,5,"[355,304,364,375,363]","[1044000,920000,1097000,1122000,1113000]",375,5296000
30,8,5,"[326,329,362,375,367]","[964000,1000000,1092000,1122000,1119000]",375,5297000
30,9,5,"[352,331,366,369,369]","[1044000,998000,1092000,1084000,1115000]",369,5333000
30,10,5,"[352,331,366,369,369]","[1044000,998000,1092000,1084000,1115000]",369,5333000
30,11,5,"[349,347,362,380,320]","[1034000,1051000,1092000,1138000,978000]",380,5293000
30,12,5,"[354,323,366,370,370]","[1048000,982000,1092000,1086000,1115000]",370,5323000
30,13,5,"[352,344,365,378,320]","[1040000,1045000,1097000,1134000,978000]",378,5294000
30,14,5,"[354,329,366,369,369]","[1048000,994000,1092000,1084000,1115000]",369,5333000
30,15,5,"[354,323,366,370,370]","[1048000,982000,1092000,1086000,1115000]",370,5323000
30,16,5,"[372,347,362,354,331]","[1107000,1051000,1092000,1059000,1003000]",372,5312000
30,17,5,"[372,347,362,360,331]","[1107000,1051000,1092000,1064000,1003000]",372,5317000
30,18,5,"[351,304,362,375,370]","[1044000,920000,1092000,1122000,1121000]",375,5299000
30,19,5,"[351,304,362,375,370]","[1044000,920000,1092000,1122000,1121000]",375,5299000
30,20,5,"[372,304,362,354,374]","[1107000,920000,1092000,1059000,1137000]",374,5315000
30,21,5,"[362,294,362,376,368]","[1076000,888000,1092000,1124000,1123000]",376,5303000
30,22,5,"[330,433,365,377,369]","[930000,1247000,1102000,1129000,1125000]",433,5533000
30,23,5,"[355,323,365,378,358]","[1050000,982000,1092000,1126000,1083000]",378,5333000
30,24,5,"[304,413,348,465,383]","[869000,1189000,1008000,1409000,1132000]",465,5607000
30,25,5,"[468,336,394,424,319]","[1292000,996000,1146000,1262000,974000]",468,5670000
30,26,5,"[355,304,365,378,367]","[1048000,920000,1097000,1124000,1121000]",378,5310000
30,27,5,"[355,412,361,429,428]","[999000,1175000,1034000,1251000,1285000]",429,5744000
30,28,5,"[351,311,349,440,399]","[1034000,940000,1008000,1281000,1212000]",440,5475000
30,29,5,"[301,329,297,451,448]","[867000,994000,859000,1358000,1349000]",451,5427000
30,30,5,"[409,304,355,452,368]","[1186000,920000,998000,1331000,1120000]",452,5555000
30,31,5,"[417,329,352,435,367]","[1223000,994000,995000,1250000,1117000]",435,5579000
30,32,5,"[336,412,365,376,395]","[981000,1175000,1098000,1124000,1195000]",412,5573000
30,33,5,"[446,290,361,389,369]","[1236000,874000,1092000,1165000,1134000]",446,5501000
30,34,5,"[353,353,351,454,374]","[1039000,1003000,1013000,1352000,1129000]",454,5536000
30,35,5,"[302,453,363,376,372]","[856000,1308000,1098000,1124000,1131000]",453,5517000
30,36,5,"[340,413,432,370,407]","[949000,1189000,1260000,1088000,1219000]",432,5705000
30,37,5,"[350,304,358,432,421]","[1034000,920000,1034000,1245000,1289000]",432,5522000
30,38,5,"[356,327,323,448,429]","[1054000,948000,919000,1353000,1291000]",448,5565000
30,39,5,"[356,353,354,451,360]","[1048000,1042000,1015000,1348000,1061000]",451,5514000
30,40,5,"[299,429,363,388,368]","[872000,1236000,1098000,1169000,1108000]",429,5483000
30,41,5,"[319,413,371,365,435]","[929000,1189000,1104000,1069000,1305000]",435,5596000
30,42,5,"[352,326,374,427,415]","[1038000,997000,1062000,1245000,1232000]",427,5574000
30,43,5,"[353,329,363,376,364]","[1044000,994000,1092000,1122000,1091000]",376,5343000
30,44,5,"[409,317,352,445,389]","[1182000,952000,1016000,1284000,1168000]",445,5602000
30,45,5,"[431,290,361,382,372]","[1222000,874000,1092000,1145000,1131000]",431,5464000
30,46,5,"[374,310,363,388,364]","[1107000,932000,1097000,1145000,1096000]",388,5377000
30,47,5,"[353,310,364,375,380]","[1048000,932000,1097000,1122000,1156000]",380,5355000
30,48,5,"[353,306,412,369,420]","[1048000,927000,1214000,1092000,1229000]",420,5510000
30,49,5,"[356,304,354,457,377]","[1044000,920000,994000,1352000,1141000]",457,5451000
30,50,5,"[298,429,364,387,367]","[867000,1236000,1098000,1155000,1115000]",429,5471000
30,51,5,"[434,290,360,375,365]","[1228000,874000,1092000,1122000,1122000]",434,5438000
30,52,5,"[337,464,366,398,330]","[962000,1333000,1098000,1172000,994000]",464,5559000
30,53,5,"[425,304,361,443,371]","[1233000,920000,1034000,1286000,1117000]",443,5590000
30,54,5,"[326,413,350,427,430]","[933000,1189000,1012000,1243000,1294000]",430,5671000
30,55,5,"[353,304,342,451,426]","[1044000,920000,922000,1353000,1276000]",451,5515000
30,56,5,"[404,463,350,382,326]","[1147000,1334000,1012000,1140000,994000]",463,5627000
30,57,5,"[352,332,341,448,404]","[1042000,998000,938000,1353000,1195000]",448,5526000
30,58,5,"[298,415,379,454,369]","[869000,1189000,1100000,1335000,1130000]",454,5623000
30,59,5,"[357,329,368,346,422]","[1050000,994000,1101000,1014000,1253000]",422,5412000
30,60,5,"[329,367,408,377,408]","[964000,1080000,1194000,1122000,1185000]",408,5545000
30,61,5,"[369,347,365,383,327]","[1074000,1051000,1098000,1144000,994000]",383,5361000
30,62,5,"[353,304,338,429,422]","[1040000,920000,993000,1249000,1264000]",429,5466000
30,63,5,"[305,453,356,451,328]","[877000,1305000,1029000,1352000,994000]",453,5557000
30,64,5,"[364,294,364,378,367]","[1081000,888000,1099000,1128000,1121000]",378,5317000
30,65,5,"[412,311,350,455,372]","[1184000,940000,1012000,1338000,1107000]",455,5581000
30,66,5,"[300,421,350,459,371]","[869000,1205000,1018000,1359000,1129000]",459,5580000
30,67,5,"[360,347,366,380,324]","[1052000,1051000,1092000,1138000,990000]",380,5323000
30,68,5,"[353,304,359,439,429]","[1049000,920000,1034000,1271000,1304000]",439,5578000
30,69,5,"[460,319,361,374,368]","[1276000,956000,1094000,1092000,1115000]",460,5533000
30,70,5,"[357,304,332,453,369]","[1044000,920000,961000,1348000,1131000]",453,5404000
30,71,5,"[358,311,350,372,452]","[1048000,940000,1008000,1088000,1363000]",452,5447000
30,72,5,"[337,452,364,377,324]","[985000,1300000,1100000,1132000,990000]",452,5507000
30,73,5,"[355,304,359,430,412]","[1055000,920000,1034000,1253000,1256000]",430,5518000
30,74,5,"[299,415,402,441,388]","[867000,1189000,1130000,1305000,1171000]",441,5662000
30,75,5,"[382,314,351,439,414]","[1081000,945000,1014000,1298000,1257000]",439,5595000
30,76,5,"[325,413,350,472,374]","[922000,1189000,1012000,1390000,1135000]",472,5648000
30,77,5,"[371,311,352,466,388]","[1083000,940000,1022000,1351000,1164000]",466,5560000
30,78,5,"[392,311,350,425,429]","[1149000,940000,1012000,1243000,1251000]",429,5595000
30,79,5,"[375,311,350,468,332]","[1109000,940000,1012000,1398000,1006000]",468,5465000
30,80,5,"[356,353,354,453,375]","[1046000,1003000,1018000,1352000,1129000]",453,5548000
30,81,5,"[372,349,363,355,341]","[1107000,1061000,1092000,1059000,1032000]",372,5351000
30,82,5,"[306,350,363,452,326]","[900000,1066000,1079000,1354000,994000]",452,5393000
30,83,5,"[377,304,362,378,370]","[1108000,920000,1092000,1126000,1124000]",378,5370000
30,84,5,"[354,428,366,369,369]","[1003000,1229000,1102000,1084000,1121000]",428,5539000
30,85,5,"[298,414,322,459,395]","[867000,1191000,914000,1389000,1200000]",459,5561000
30,86,5,"[374,331,362,365,421]","[1109000,998000,1092000,1045000,1244000]",421,5488000
30,87,5,"[371,330,362,369,396]","[1102000,999000,1092000,1086000,1160000]",396,5439000
30,88,5,"[359,298,351,454,366]","[1044000,890000,1013000,1353000,1115000]",454,5415000
30,89,5,"[378,319,404,459,337]","[1107000,960000,1192000,1292000,1023000]",459,5574000
30,90,5,"[376,288,363,380,366]","[1131000,867000,1097000,1124000,1119000]",380,5338000
30,91,5,"[335,413,426,374,430]","[949000,1189000,1258000,1057000,1292000]",430,5745000
30,92,5,"[342,410,359,426,424]","[978000,1174000,1034000,1245000,1283000]",426,5714000
30,93,5,"[422,304,363,435,389]","[1234000,920000,1034000,1249000,1161000]",435,5598000
30,94,5,"[352,304,365,384,370]","[1044000,920000,1092000,1138000,1121000]",384,5315000
30,95,5,"[352,304,337,457,373]","[1039000,920000,967000,1361000,1129000]",457,5416000
30,96,5,"[411,323,366,370,361]","[1187000,982000,1096000,1086000,1064000]",411,5415000
30,97,5,"[351,304,368,359,429]","[1044000,920000,1104000,1057000,1293000]",429,5418000
30,98,5,"[315,439,382,465,328]","[920000,1238000,1102000,1380000,994000]",465,5634000
30,99,5,"[348,331,348,431,406]","[1015000,998000,1016000,1261000,1211000]",431,5501000
30,100,5,"[351,347,362,380,335]","[1034000,1051000,1092000,1138000,1022000]",380,5337000
30,101,5,"[351,323,363,370,390]","[1044000,982000,1097000,1088000,1183000]",390,5394000
30,102,5,"[352,332,380,377,367]","[1044000,1009000,1155000,1100000,1094000]",380,5402000
30,103,5,"[357,347,420,359,367]","[1061000,1051000,1208000,1064000,1111000]",420,5495000
30,104,5,"[372,342,362,354,406]","[1107000,1005000,1092000,1059000,1195000]",406,5458000
30,105,5,"[334,347,362,379,365]","[992000,1055000,1092000,1132000,1091000]",379,5362000
30,106,5,"[368,297,364,378,363]","[1092000,897000,1096000,1128000,1113000]",378,5326000
30,107,5,"[326,329,431,375,316]","[964000,1000000,1293000,1122000,954000]",431,5333000
30,108,5,"[352,331,366,390,368]","[1044000,998000,1092000,1118000,1115000]",390,5367000
30,109,5,"[351,331,365,404,368]","[1044000,998000,1092000,1152000,1125000]",404,5411000
30,110,5,"[349,456,363,378,273]","[1034000,1320000,1098000,1134000,833000]",456,5419000
30,111,5,"[355,325,365,388,371]","[1050000,982000,1092000,1131000,1124000]",388,5379000
30,112,5,"[353,344,365,377,342]","[1039000,1045000,1092000,1132000,1022000]",377,5330000
30,113,5,"[352,329,366,377,368]","[1046000,994000,1092000,1103000,1120000]",377,5355000
30,114,5,"[355,323,424,370,371]","[1050000,982000,1212000,1086000,1130000]",424,5460000
30,115,5,"[400,329,364,363,327]","[1186000,1000000,1096000,1069000,999000]",400,5350000
30,116,5,"[417,347,364,356,338]","[1236000,1051000,1092000,1059000,995000]",417,5433000
30,117,5,"[328,304,362,376,422]","[974000,920000,1092000,1122000,1252000]",422,5360000
30,118,5,"[351,304,405,375,370]","[1044000,920000,1177000,1122000,1121000]",405,5384000
30,119,5,"[374,331,339,356,375]","[1111000,1004000,1016000,1066000,1136000]",375,5333000
