iteration_id,solution_id,agv_count,running_times_seconds,energy_consumptions_joules,max_running_time_seconds,total_energy_consumption_joules
1,1,5,"[700,585,511,698,521]","[2035000,1746000,1478000,2087000,1555000]",700,8901000
1,2,5,"[690,587,511,703,523]","[2007000,1746000,1467000,2111000,1565000]",703,8896000
1,3,5,"[684,585,511,698,548]","[1988000,1746000,1478000,2087000,1620000]",698,8919000
1,4,5,"[689,585,521,684,548]","[1994000,1746000,1507000,2052000,1630000]",689,8929000
1,5,5,"[664,661,532,659,654]","[1925000,1940000,1520000,2002000,1887000]",664,9274000
1,6,5,"[667,588,598,670,627]","[1925000,1752000,1700000,2000000,1812000]",670,9189000
1,7,5,"[668,590,518,671,629]","[1927000,1759000,1489000,1999000,1816000]",671,8990000
1,8,5,"[690,587,492,699,544]","[2000000,1750000,1428000,2097000,1631000]",699,8906000
1,9,5,"[669,662,592,668,633]","[1941000,1979000,1682000,2017000,1833000]",669,9452000
1,10,5,"[678,573,534,697,548]","[1980000,1704000,1533000,2087000,1627000]",697,8931000
1,11,5,"[689,585,516,703,519]","[1998000,1746000,1499000,2111000,1547000]",703,8901000
1,12,5,"[681,586,530,678,559]","[1995000,1746000,1540000,2059000,1655000]",681,8995000
1,13,5,"[678,586,529,678,562]","[1989000,1746000,1532000,2059000,1670000]",678,8996000
1,14,5,"[667,588,620,670,628]","[1925000,1752000,1735000,2000000,1814000]",670,9226000
1,15,5,"[699,585,515,697,519]","[2030000,1746000,1498000,2087000,1547000]",699,8908000
1,16,5,"[671,587,511,658,658]","[1945000,1750000,1475000,1977000,1885000]",671,9032000
1,17,5,"[692,586,518,677,561]","[2014000,1746000,1489000,2045000,1665000]",692,8959000
1,18,5,"[678,573,542,694,548]","[1980000,1704000,1555000,2073000,1627000]",694,8939000
1,19,5,"[689,595,512,678,584]","[1996000,1743000,1480000,2043000,1726000]",689,8988000
1,20,5,"[670,657,585,669,632]","[1939000,1959000,1635000,2017000,1831000]",670,9381000
1,21,5,"[684,586,530,682,570]","[1997000,1751000,1534000,2034000,1689000]",684,9005000
1,22,5,"[682,595,508,686,625]","[1970000,1775000,1475000,2065000,1814000]",686,9099000
1,23,5,"[676,588,514,638,651]","[1939000,1751000,1477000,1936000,1875000]",676,8978000
1,24,5,"[668,589,535,715,536]","[1948000,1757000,1538000,2154000,1591000]",715,8988000
1,25,5,"[689,586,518,684,561]","[2005000,1746000,1489000,2058000,1665000]",689,8963000
1,26,5,"[681,576,490,753,589]","[1982000,1710000,1389000,2213000,1736000]",753,9030000
1,27,5,"[684,586,502,713,543]","[1987000,1751000,1454000,2141000,1629000]",713,8962000
1,28,5,"[650,658,535,767,640]","[1891000,1959000,1501000,2293000,1826000]",767,9470000
1,29,5,"[687,585,544,704,520]","[1994000,1746000,1586000,2113000,1562000]",704,9001000
1,30,5,"[665,665,635,673,631]","[1927000,1979000,1753000,2006000,1820000]",673,9485000
1,31,5,"[669,593,465,719,632]","[1938000,1756000,1329000,2147000,1821000]",719,8991000
1,32,5,"[683,586,528,678,573]","[1997000,1746000,1530000,2059000,1695000]",683,9027000
1,33,5,"[688,588,516,756,520]","[1995000,1755000,1488000,2238000,1553000]",756,9029000
1,34,5,"[699,588,601,720,557]","[2026000,1752000,1709000,2137000,1649000]",720,9273000
1,35,5,"[687,587,498,756,523]","[1990000,1750000,1444000,2238000,1562000]",756,8984000
1,36,5,"[684,593,606,677,623]","[1977000,1762000,1722000,2004000,1795000]",684,9260000
1,37,5,"[692,585,544,677,561]","[2014000,1746000,1550000,2045000,1668000]",692,9023000
1,38,5,"[704,635,555,699,523]","[2041000,1891000,1584000,2087000,1558000]",704,9161000
1,39,5,"[669,664,487,689,654]","[1941000,1955000,1377000,2107000,1887000]",689,9267000
1,40,5,"[682,588,525,680,555]","[2000000,1751000,1512000,2063000,1647000]",682,8973000
1,41,5,"[678,585,522,718,536]","[1968000,1746000,1500000,2159000,1606000]",718,8979000
1,42,5,"[695,585,525,674,555]","[2032000,1746000,1512000,2042000,1647000]",695,8979000
1,43,5,"[682,594,504,677,585]","[1982000,1743000,1458000,2047000,1734000]",682,8964000
1,44,5,"[689,585,468,722,564]","[1996000,1746000,1347000,2191000,1670000]",722,8950000
1,45,5,"[668,599,657,673,629]","[1939000,1800000,1857000,2022000,1819000]",673,9437000
1,46,5,"[667,663,531,704,628]","[1930000,1942000,1506000,2098000,1814000]",704,9290000
1,47,5,"[685,594,559,699,559]","[2003000,1788000,1583000,2097000,1649000]",699,9120000
1,48,5,"[683,591,462,739,543]","[1992000,1758000,1324000,2219000,1611000]",739,8904000
1,49,5,"[667,589,523,668,632]","[1930000,1754000,1511000,1996000,1820000]",668,9011000
1,50,5,"[675,668,547,693,570]","[1948000,1954000,1567000,2073000,1704000]",693,9246000
1,51,5,"[678,593,509,698,632]","[1980000,1767000,1468000,2068000,1822000]",698,9105000
1,52,5,"[689,656,595,686,598]","[1991000,1957000,1676000,2045000,1772000]",689,9441000
1,53,5,"[693,573,542,677,572]","[2017000,1704000,1555000,2057000,1693000]",693,9026000
1,54,5,"[682,587,516,679,648]","[1976000,1750000,1496000,2022000,1869000]",682,9113000
1,55,5,"[645,587,504,683,661]","[1871000,1750000,1455000,2009000,1905000]",683,8990000
1,56,5,"[692,588,518,730,561]","[2014000,1750000,1489000,2157000,1665000]",730,9075000
1,57,5,"[668,590,548,718,627]","[1923000,1756000,1552000,2141000,1812000]",718,9184000
1,58,5,"[669,655,603,674,630]","[1941000,1940000,1713000,2031000,1821000]",674,9446000
1,59,5,"[681,587,511,736,654]","[1984000,1750000,1472000,2117000,1881000]",736,9204000
1,60,5,"[678,660,531,677,583]","[1961000,1938000,1518000,2041000,1714000]",678,9172000
1,61,5,"[691,588,493,757,536]","[2001000,1752000,1412000,2243000,1600000]",757,9008000
1,62,5,"[670,657,632,655,634]","[1939000,1959000,1754000,1968000,1835000]",670,9455000
1,63,5,"[680,587,513,714,558]","[1999000,1750000,1485000,2125000,1653000]",714,9012000
1,64,5,"[683,587,506,652,665]","[1975000,1750000,1468000,1961000,1906000]",683,9060000
1,65,5,"[670,589,576,726,629]","[1947000,1756000,1601000,2155000,1816000]",726,9275000
1,66,5,"[668,661,588,663,655]","[1939000,1979000,1674000,1975000,1895000]",668,9462000
1,67,5,"[685,674,587,667,640]","[1966000,2005000,1656000,2012000,1849000]",685,9488000
1,68,5,"[681,667,537,669,665]","[1941000,1960000,1527000,2027000,1930000]",681,9385000
1,69,5,"[671,657,550,660,649]","[1941000,1959000,1576000,1972000,1874000]",671,9322000
1,70,5,"[679,592,523,684,563]","[1979000,1723000,1511000,2068000,1678000]",684,8959000
1,71,5,"[734,592,510,702,567]","[2116000,1769000,1476000,2093000,1674000]",734,9128000
1,72,5,"[686,596,520,711,583]","[1990000,1735000,1496000,2118000,1724000]",711,9063000
1,73,5,"[681,633,595,679,554]","[1993000,1905000,1691000,2058000,1639000]",681,9286000
1,74,5,"[702,586,509,698,525]","[2041000,1748000,1468000,2086000,1562000]",702,8905000
1,75,5,"[690,585,519,701,523]","[2007000,1746000,1491000,2107000,1565000]",701,8916000
1,76,5,"[720,585,511,694,548]","[2075000,1746000,1478000,2073000,1620000]",720,8992000
1,77,5,"[689,587,523,709,548]","[1994000,1746000,1511000,2105000,1630000]",709,8986000
1,78,5,"[668,661,514,657,658]","[1933000,1940000,1484000,2005000,1894000]",668,9256000
1,79,5,"[666,588,599,653,649]","[1923000,1752000,1696000,1947000,1877000]",666,9195000
1,80,5,"[668,588,518,669,611]","[1929000,1755000,1495000,2000000,1804000]",669,8983000
1,81,5,"[711,587,492,697,543]","[2060000,1750000,1428000,2075000,1621000]",711,8934000
1,82,5,"[680,667,592,669,608]","[1961000,1993000,1701000,2018000,1783000]",680,9456000
1,83,5,"[676,575,536,699,548]","[1973000,1708000,1535000,2094000,1627000]",699,8937000
1,84,5,"[693,586,520,699,533]","[2006000,1746000,1509000,2094000,1588000]",699,8943000
1,85,5,"[681,585,528,741,557]","[1983000,1746000,1536000,2179000,1651000]",741,9095000
1,86,5,"[679,623,526,679,556]","[1992000,1822000,1526000,2058000,1649000]",679,9047000
1,87,5,"[665,589,622,669,627]","[1927000,1757000,1735000,1998000,1810000]",669,9227000
1,88,5,"[704,588,510,700,522]","[2041000,1748000,1479000,2096000,1556000]",704,8920000
1,89,5,"[636,588,510,690,653]","[1833000,1761000,1475000,2083000,1879000]",690,9031000
1,90,5,"[633,588,518,729,561]","[1830000,1750000,1489000,2215000,1665000]",729,8949000
1,91,5,"[676,575,542,695,548]","[1973000,1708000,1555000,2080000,1627000]",695,8943000
1,92,5,"[688,597,511,720,583]","[1994000,1749000,1469000,2142000,1724000]",720,9078000
1,93,5,"[669,656,585,668,631]","[1939000,1952000,1636000,2017000,1835000]",669,9379000
2,1,5,"[423,577,611,548,482]","[1265000,1727000,1757000,1567000,1417000]",611,7733000
2,2,5,"[426,618,586,530,480]","[1275000,1845000,1691000,1483000,1419000]",618,7713000
2,3,5,"[506,576,594,456,531]","[1479000,1737000,1725000,1362000,1512000]",594,7815000
2,4,5,"[492,577,564,568,509]","[1477000,1727000,1629000,1622000,1512000]",577,7967000
2,5,5,"[535,581,574,504,468]","[1583000,1735000,1661000,1473000,1386000]",581,7838000
2,6,5,"[491,614,588,545,440]","[1465000,1843000,1735000,1525000,1309000]",614,7877000
2,7,5,"[532,581,564,512,536]","[1568000,1735000,1632000,1492000,1522000]",581,7949000
2,8,5,"[483,581,596,514,531]","[1416000,1747000,1729000,1490000,1512000]",596,7894000
2,9,5,"[443,616,603,553,435]","[1315000,1847000,1755000,1546000,1317000]",616,7780000
2,10,5,"[569,577,573,512,534]","[1654000,1727000,1632000,1492000,1518000]",577,8023000
2,11,5,"[427,617,554,535,504]","[1261000,1843000,1630000,1511000,1506000]",617,7751000
2,12,5,"[531,582,564,565,467]","[1558000,1737000,1632000,1607000,1380000]",582,7914000
2,13,5,"[426,618,598,530,480]","[1275000,1845000,1751000,1483000,1419000]",618,7773000
2,14,5,"[536,581,574,512,534]","[1588000,1735000,1657000,1497000,1516000]",581,7993000
2,15,5,"[430,616,592,540,486]","[1279000,1843000,1742000,1524000,1440000]",616,7828000
2,16,5,"[482,580,602,512,532]","[1414000,1745000,1744000,1492000,1514000]",602,7909000
2,17,5,"[485,581,598,506,530]","[1426000,1747000,1742000,1492000,1510000]",598,7917000
2,18,5,"[507,615,585,512,471]","[1482000,1845000,1720000,1444000,1401000]",615,7892000
2,19,5,"[527,577,572,569,530]","[1558000,1727000,1654000,1621000,1510000]",577,8070000
2,20,5,"[535,576,599,566,446]","[1593000,1737000,1741000,1612000,1312000]",599,7995000
2,21,5,"[466,631,594,503,531]","[1427000,1885000,1725000,1477000,1489000]",631,8003000
2,22,5,"[426,618,598,530,464]","[1275000,1845000,1751000,1483000,1357000]",618,7711000
2,23,5,"[486,580,598,565,462]","[1429000,1745000,1736000,1607000,1374000]",598,7891000
2,24,5,"[534,615,624,544,427]","[1595000,1849000,1812000,1529000,1246000]",624,8031000
2,25,5,"[450,563,592,519,539]","[1347000,1684000,1725000,1542000,1536000]",592,7834000
2,26,5,"[502,596,626,539,589]","[1515000,1788000,1816000,1510000,1775000]",626,8404000
2,27,5,"[580,580,611,563,606]","[1704000,1751000,1761000,1753000,1766000]",611,8735000
2,28,5,"[476,576,606,570,531]","[1389000,1737000,1758000,1623000,1512000]",606,8019000
2,29,5,"[484,580,603,506,470]","[1424000,1745000,1745000,1477000,1389000]",603,7780000
2,30,5,"[510,583,608,566,460]","[1497000,1739000,1747000,1616000,1367000]",608,7966000
2,31,5,"[424,577,624,530,507]","[1259000,1727000,1812000,1483000,1512000]",624,7793000
2,32,5,"[535,576,600,556,509]","[1597000,1737000,1737000,1598000,1477000]",600,8146000
2,33,5,"[472,563,621,520,594]","[1393000,1684000,1824000,1517000,1745000]",621,8163000
2,34,5,"[421,577,610,528,500]","[1260000,1727000,1757000,1491000,1479000]",610,7714000
2,35,5,"[503,583,625,543,482]","[1476000,1733000,1814000,1515000,1465000]",625,8003000
2,36,5,"[520,578,606,511,528]","[1508000,1741000,1740000,1484000,1506000]",606,7979000
2,37,5,"[469,579,633,569,465]","[1386000,1731000,1818000,1615000,1380000]",633,7930000
2,38,5,"[425,618,599,540,459]","[1276000,1845000,1762000,1506000,1389000]",618,7778000
2,39,5,"[482,580,656,512,535]","[1414000,1745000,1867000,1504000,1525000]",656,8055000
2,40,5,"[541,619,622,524,535]","[1616000,1859000,1754000,1513000,1510000]",622,8252000
2,41,5,"[508,621,634,539,467]","[1528000,1863000,1842000,1507000,1367000]",634,8107000
2,42,5,"[586,626,632,533,560]","[1771000,1879000,1819000,1489000,1632000]",632,8590000
2,43,5,"[453,617,602,559,564]","[1345000,1858000,1749000,1564000,1644000]",617,8160000
2,44,5,"[583,627,588,539,510]","[1780000,1884000,1730000,1507000,1480000]",627,8381000
2,45,5,"[427,616,593,541,418]","[1273000,1843000,1740000,1544000,1259000]",616,7659000
2,46,5,"[540,621,634,531,526]","[1623000,1863000,1841000,1485000,1516000]",634,8328000
2,47,5,"[560,631,584,539,607]","[1687000,1881000,1720000,1507000,1817000]",631,8612000
2,48,5,"[447,638,630,545,473]","[1322000,1903000,1833000,1528000,1417000]",638,8003000
2,49,5,"[447,620,607,533,569]","[1325000,1855000,1754000,1550000,1668000]",620,8152000
2,50,5,"[690,646,585,540,520]","[2104000,1948000,1720000,1507000,1505000]",690,8784000
2,51,5,"[521,580,603,448,585]","[1547000,1745000,1751000,1281000,1701000]",603,8025000
2,52,5,"[518,580,617,521,594]","[1539000,1742000,1765000,1531000,1747000]",617,8324000
2,53,5,"[487,583,601,558,491]","[1439000,1751000,1751000,1591000,1496000]",601,8028000
2,54,5,"[546,576,600,575,542]","[1614000,1737000,1737000,1648000,1603000]",600,8339000
2,55,5,"[493,620,611,529,513]","[1460000,1867000,1750000,1544000,1473000]",620,8094000
2,56,5,"[505,645,617,524,535]","[1529000,1911000,1771000,1513000,1510000]",645,8234000
2,57,5,"[516,593,602,518,594]","[1519000,1763000,1744000,1518000,1749000]",602,8293000
2,58,5,"[425,618,606,530,479]","[1273000,1845000,1773000,1483000,1420000]",618,7794000
2,59,5,"[505,618,616,524,535]","[1529000,1857000,1769000,1513000,1510000]",618,8178000
2,60,5,"[524,615,586,532,557]","[1577000,1843000,1692000,1548000,1633000]",615,8293000
2,61,5,"[504,618,615,523,472]","[1524000,1857000,1758000,1511000,1383000]",618,8033000
2,62,5,"[538,618,599,513,595]","[1592000,1803000,1735000,1503000,1756000]",618,8389000
2,63,5,"[548,621,636,535,580]","[1614000,1863000,1842000,1493000,1712000]",636,8524000
2,64,5,"[514,590,601,515,591]","[1532000,1745000,1742000,1513000,1722000]",601,8254000
2,65,5,"[507,578,608,566,460]","[1482000,1729000,1747000,1616000,1367000]",608,7941000
2,66,5,"[534,581,613,482,538]","[1566000,1735000,1754000,1408000,1538000]",613,8001000
2,67,5,"[437,578,595,519,557]","[1324000,1735000,1730000,1589000,1583000]",595,7961000
2,68,5,"[485,583,637,550,535]","[1429000,1751000,1849000,1524000,1532000]",637,8085000
2,69,5,"[689,646,584,593,756]","[2102000,1942000,1720000,1639000,2217000]",756,9620000
2,70,5,"[535,576,600,502,497]","[1613000,1737000,1752000,1472000,1480000]",600,8054000
2,71,5,"[497,576,600,575,501]","[1471000,1737000,1746000,1642000,1491000]",600,8087000
2,72,5,"[408,616,612,577,505]","[1233000,1847000,1801000,1607000,1436000]",616,7924000
2,73,5,"[526,577,563,572,534]","[1553000,1727000,1627000,1630000,1518000]",577,8055000
2,74,5,"[463,660,630,551,508]","[1373000,1941000,1827000,1546000,1442000]",660,8129000
2,75,5,"[556,618,622,509,579]","[1683000,1857000,1787000,1474000,1743000]",622,8544000
2,76,5,"[542,577,607,509,491]","[1638000,1739000,1769000,1489000,1443000]",607,8078000
2,77,5,"[686,580,610,574,455]","[2109000,1733000,1753000,1631000,1351000]",686,8577000
2,78,5,"[424,577,567,545,511]","[1264000,1727000,1641000,1561000,1514000]",577,7707000
2,79,5,"[427,617,542,537,504]","[1261000,1843000,1570000,1521000,1506000]",617,7701000
2,80,5,"[507,576,598,455,530]","[1481000,1737000,1736000,1355000,1510000]",598,7819000
2,81,5,"[494,577,576,558,505]","[1481000,1727000,1659000,1578000,1501000]",577,7946000
2,82,5,"[532,581,565,512,470]","[1568000,1735000,1637000,1498000,1385000]",581,7823000
2,83,5,"[490,614,593,546,439]","[1463000,1843000,1742000,1530000,1301000]",614,7879000
2,84,5,"[530,581,565,549,535]","[1558000,1735000,1631000,1569000,1520000]",581,8013000
2,85,5,"[510,579,596,513,533]","[1486000,1752000,1729000,1497000,1514000]",596,7978000
2,86,5,"[448,673,604,549,433]","[1331000,1961000,1757000,1542000,1307000]",673,7898000
2,87,5,"[567,577,581,510,532]","[1650000,1727000,1660000,1497000,1512000]",581,8046000
2,88,5,"[427,698,546,536,504]","[1261000,2032000,1605000,1516000,1506000]",698,7920000
2,89,5,"[556,577,565,540,463]","[1631000,1727000,1631000,1548000,1374000]",577,7911000
2,90,5,"[426,619,597,493,491]","[1279000,1845000,1746000,1418000,1441000]",619,7729000
2,91,5,"[548,618,576,508,532]","[1615000,1800000,1664000,1493000,1512000]",618,8084000
2,92,5,"[430,616,548,539,504]","[1267000,1843000,1630000,1519000,1506000]",616,7765000
2,93,5,"[542,577,607,523,572]","[1588000,1739000,1759000,1509000,1613000]",607,8208000
2,94,5,"[486,580,605,506,530]","[1434000,1745000,1750000,1486000,1510000]",605,7925000
2,95,5,"[554,615,545,517,490]","[1678000,1845000,1624000,1451000,1431000]",615,8029000
2,96,5,"[537,590,573,574,566]","[1599000,1741000,1650000,1631000,1598000]",590,8219000
2,97,5,"[537,576,604,534,467]","[1588000,1737000,1757000,1524000,1375000]",604,7981000
3,1,5,"[503,541,572,566,558]","[1516000,1580000,1724000,1681000,1647000]",572,8148000
3,2,5,"[534,540,575,566,530]","[1563000,1587000,1747000,1687000,1552000]",575,8136000
3,3,5,"[554,458,598,594,530]","[1663000,1325000,1834000,1754000,1556000]",598,8132000
3,4,5,"[550,450,591,614,482]","[1643000,1362000,1814000,1814000,1438000]",614,8071000
3,5,5,"[552,421,601,595,588]","[1634000,1244000,1809000,1754000,1699000]",601,8140000
3,6,5,"[556,538,573,536,558]","[1661000,1574000,1724000,1582000,1647000]",573,8188000
3,7,5,"[542,507,583,560,559]","[1613000,1482000,1762000,1645000,1649000]",583,8151000
3,8,5,"[529,542,572,563,555]","[1549000,1584000,1751000,1681000,1647000]",572,8212000
3,9,5,"[529,538,574,569,555]","[1549000,1574000,1734000,1686000,1647000]",574,8190000
3,10,5,"[562,482,587,542,564]","[1688000,1407000,1798000,1605000,1656000]",587,8154000
3,11,5,"[557,444,586,589,572]","[1657000,1301000,1799000,1739000,1698000]",589,8194000
3,12,5,"[507,574,574,568,560]","[1539000,1644000,1728000,1691000,1667000]",574,8269000
3,13,5,"[550,462,594,566,573]","[1642000,1360000,1819000,1678000,1688000]",594,8187000
3,14,5,"[558,505,577,571,563]","[1674000,1480000,1730000,1700000,1667000]",577,8251000
3,15,5,"[538,479,586,571,568]","[1629000,1418000,1794000,1703000,1663000]",586,8207000
3,16,5,"[550,540,596,585,480]","[1640000,1570000,1812000,1729000,1427000]",596,8178000
3,17,5,"[543,540,571,602,483]","[1617000,1570000,1751000,1786000,1433000]",602,8157000
3,18,5,"[547,512,580,564,564]","[1640000,1510000,1728000,1677000,1674000]",580,8229000
3,19,5,"[550,540,577,594,483]","[1640000,1570000,1781000,1770000,1427000]",594,8188000
3,20,5,"[585,538,573,536,555]","[1702000,1574000,1734000,1582000,1647000]",585,8239000
3,21,5,"[580,512,575,563,558]","[1698000,1501000,1741000,1681000,1663000]",580,8284000
3,22,5,"[559,416,597,599,562]","[1682000,1234000,1827000,1756000,1659000]",599,8158000
3,23,5,"[551,531,600,561,563]","[1636000,1607000,1827000,1653000,1657000]",600,8380000
3,24,5,"[590,463,578,594,563]","[1716000,1370000,1760000,1750000,1662000]",594,8258000
3,25,5,"[584,509,583,566,527]","[1695000,1491000,1735000,1687000,1560000]",584,8168000
3,26,5,"[549,488,611,580,565]","[1636000,1444000,1862000,1680000,1667000]",611,8289000
3,27,5,"[546,467,596,591,549]","[1641000,1381000,1825000,1755000,1626000]",596,8228000
3,28,5,"[548,460,601,563,571]","[1642000,1359000,1827000,1673000,1679000]",601,8180000
3,29,5,"[550,473,593,565,568]","[1642000,1406000,1810000,1675000,1672000]",593,8205000
3,30,5,"[552,430,601,595,588]","[1634000,1287000,1790000,1763000,1703000]",601,8177000
3,31,5,"[495,479,601,603,560]","[1479000,1425000,1834000,1766000,1657000]",603,8161000
3,32,5,"[545,456,595,562,571]","[1645000,1353000,1828000,1651000,1675000]",595,8152000
3,33,5,"[479,605,616,580,591]","[1423000,1809000,1868000,1703000,1716000]",616,8519000
3,34,5,"[512,573,575,565,563]","[1552000,1640000,1739000,1682000,1671000]",575,8284000
3,35,5,"[487,575,615,601,586]","[1442000,1705000,1815000,1762000,1706000]",615,8430000
3,36,5,"[568,456,651,568,522]","[1700000,1353000,1957000,1700000,1538000]",651,8248000
3,37,5,"[527,540,599,631,478]","[1579000,1570000,1827000,1867000,1417000]",631,8260000
3,38,5,"[548,513,577,564,575]","[1648000,1512000,1723000,1677000,1696000]",577,8256000
3,39,5,"[552,505,579,608,592]","[1634000,1480000,1745000,1780000,1742000]",608,8381000
3,40,5,"[558,487,585,591,548]","[1659000,1426000,1809000,1729000,1609000]",591,8232000
3,41,5,"[526,543,583,595,587]","[1556000,1590000,1736000,1760000,1704000]",595,8346000
3,42,5,"[539,538,565,596,570]","[1585000,1574000,1696000,1762000,1689000]",596,8306000
3,43,5,"[493,519,601,565,610]","[1477000,1545000,1825000,1680000,1796000]",610,8323000
3,44,5,"[581,510,572,592,582]","[1705000,1505000,1742000,1750000,1746000]",592,8448000
3,45,5,"[472,543,573,578,563]","[1406000,1580000,1732000,1681000,1663000]",578,8062000
3,46,5,"[552,463,594,582,574]","[1653000,1368000,1821000,1713000,1690000]",594,8245000
3,47,5,"[479,521,613,624,592]","[1423000,1555000,1852000,1787000,1733000]",624,8350000
3,48,5,"[527,546,573,568,592]","[1564000,1587000,1737000,1664000,1727000]",592,8279000
3,49,5,"[548,536,568,563,570]","[1642000,1573000,1715000,1673000,1677000]",570,8280000
3,50,5,"[557,441,584,591,547]","[1659000,1313000,1789000,1724000,1611000]",591,8096000
3,51,5,"[533,610,590,568,565]","[1603000,1785000,1804000,1680000,1643000]",610,8515000
3,52,5,"[604,514,574,585,558]","[1766000,1505000,1727000,1715000,1663000]",604,8376000
3,53,5,"[542,456,595,606,569]","[1613000,1353000,1798000,1754000,1666000]",606,8184000
3,54,5,"[551,462,604,566,573]","[1648000,1360000,1835000,1678000,1688000]",604,8209000
3,55,5,"[549,514,578,565,568]","[1641000,1515000,1725000,1679000,1678000]",578,8238000
3,56,5,"[580,505,579,575,564]","[1721000,1480000,1740000,1705000,1673000]",580,8319000
3,57,5,"[582,467,597,591,559]","[1698000,1399000,1803000,1738000,1655000]",597,8293000
3,58,5,"[562,563,586,567,560]","[1697000,1592000,1804000,1701000,1649000]",586,8443000
3,59,5,"[490,500,601,595,588]","[1444000,1516000,1790000,1757000,1700000]",601,8207000
3,60,5,"[505,544,563,565,559]","[1520000,1585000,1714000,1681000,1662000]",565,8162000
3,61,5,"[549,538,572,567,552]","[1610000,1574000,1729000,1681000,1612000]",572,8206000
3,62,5,"[558,459,561,643,534]","[1670000,1327000,1722000,1887000,1564000]",643,8170000
3,63,5,"[605,450,587,613,457]","[1777000,1362000,1789000,1814000,1364000]",613,8106000
3,64,5,"[550,421,603,623,585]","[1632000,1241000,1834000,1821000,1707000]",623,8235000
3,65,5,"[556,538,573,536,558]","[1656000,1574000,1724000,1581000,1647000]",573,8182000
3,66,5,"[544,506,550,603,561]","[1618000,1480000,1645000,1773000,1650000]",603,8166000
3,67,5,"[533,543,565,614,559]","[1564000,1589000,1724000,1791000,1667000]",614,8335000
3,68,5,"[532,611,576,567,561]","[1553000,1748000,1716000,1688000,1653000]",611,8358000
3,69,5,"[562,482,585,538,565]","[1691000,1407000,1788000,1604000,1671000]",585,8161000
3,70,5,"[557,444,586,611,572]","[1657000,1301000,1799000,1789000,1698000]",611,8244000
3,71,5,"[520,576,578,565,564]","[1571000,1647000,1733000,1685000,1687000]",578,8323000
3,72,5,"[550,462,594,566,573]","[1642000,1364000,1819000,1678000,1688000]",594,8191000
3,73,5,"[552,520,575,565,561]","[1635000,1515000,1724000,1681000,1654000]",575,8209000
3,74,5,"[506,506,588,571,567]","[1528000,1508000,1805000,1706000,1674000]",588,8221000
3,75,5,"[551,540,551,610,480]","[1642000,1570000,1686000,1829000,1427000]",610,8154000
3,76,5,"[545,640,572,661,486]","[1619000,1798000,1753000,1883000,1439000]",661,8492000
3,77,5,"[548,513,586,596,567]","[1639000,1512000,1771000,1738000,1683000]",596,8343000
3,78,5,"[545,540,546,644,483]","[1617000,1570000,1678000,1915000,1433000]",644,8213000
3,79,5,"[585,538,573,534,555]","[1696000,1574000,1734000,1579000,1647000]",585,8230000
4,1,5,"[513,484,608,648,620]","[1522000,1451000,1688000,1890000,1846000]",648,8397000
4,2,5,"[517,555,610,611,629]","[1528000,1620000,1730000,1807000,1870000]",629,8555000
4,3,5,"[513,553,610,641,627]","[1524000,1619000,1730000,1870000,1866000]",641,8609000
4,4,5,"[545,552,616,640,626]","[1622000,1596000,1746000,1865000,1855000]",640,8684000
4,5,5,"[582,547,608,649,637]","[1710000,1598000,1722000,1892000,1865000]",649,8787000
4,6,5,"[584,548,613,643,641]","[1706000,1606000,1771000,1871000,1872000]",643,8826000
4,7,5,"[600,556,622,642,627]","[1776000,1610000,1773000,1878000,1866000]",642,8903000
4,8,5,"[608,567,604,640,638]","[1803000,1626000,1736000,1875000,1894000]",640,8934000
4,9,5,"[563,488,612,680,644]","[1657000,1441000,1734000,1921000,1894000]",680,8647000
4,10,5,"[575,491,614,624,663]","[1702000,1423000,1751000,1835000,1958000]",663,8669000
4,11,5,"[531,563,610,630,652]","[1575000,1635000,1730000,1861000,1919000]",652,8720000
4,12,5,"[531,563,610,630,652]","[1579000,1635000,1730000,1861000,1919000]",652,8724000
4,13,5,"[623,553,609,642,641]","[1840000,1593000,1715000,1867000,1909000]",642,8924000
4,14,5,"[625,554,586,632,643]","[1819000,1600000,1703000,1849000,1899000]",643,8870000
4,15,5,"[522,479,616,599,731]","[1548000,1447000,1744000,1771000,2170000]",731,8680000
4,16,5,"[577,586,578,651,637]","[1693000,1710000,1625000,1895000,1865000]",651,8788000
4,17,5,"[529,501,558,617,740]","[1562000,1452000,1632000,1801000,2236000]",740,8683000
4,18,5,"[605,557,609,643,629]","[1798000,1604000,1732000,1870000,1870000]",643,8874000
4,19,5,"[536,550,606,653,637]","[1621000,1601000,1722000,1902000,1885000]",653,8731000
4,20,5,"[642,555,607,639,638]","[1881000,1617000,1724000,1863000,1864000]",642,8949000
4,21,5,"[594,555,622,694,634]","[1765000,1591000,1784000,1966000,1874000]",694,8980000
4,22,5,"[531,503,559,620,738]","[1570000,1459000,1632000,1807000,2232000]",738,8700000
4,23,5,"[577,549,587,633,643]","[1687000,1587000,1717000,1851000,1901000]",643,8743000
4,24,5,"[573,491,658,636,653]","[1677000,1421000,1859000,1857000,1930000]",658,8744000
4,25,5,"[528,579,588,637,690]","[1566000,1676000,1707000,1865000,2067000]",690,8881000
4,26,5,"[544,551,616,639,637]","[1617000,1594000,1746000,1863000,1889000]",639,8709000
4,27,5,"[582,511,609,640,640]","[1694000,1521000,1724000,1865000,1869000]",640,8673000
4,28,5,"[577,559,624,648,647]","[1682000,1643000,1754000,1889000,1909000]",648,8877000
4,29,5,"[576,550,589,647,632]","[1734000,1583000,1676000,1894000,1870000]",647,8757000
4,30,5,"[577,559,606,641,647]","[1679000,1637000,1722000,1867000,1909000]",647,8814000
4,31,5,"[529,560,619,651,631]","[1583000,1635000,1793000,1904000,1864000]",651,8779000
4,32,5,"[531,616,623,649,647]","[1590000,1777000,1777000,1892000,1909000]",649,8945000
4,33,5,"[578,547,622,653,638]","[1682000,1595000,1766000,1927000,1866000]",653,8836000
4,34,5,"[608,569,602,667,629]","[1788000,1642000,1721000,1949000,1870000]",667,8970000
4,35,5,"[530,562,609,629,666]","[1583000,1631000,1728000,1856000,1947000]",666,8745000
4,36,5,"[624,553,618,642,641]","[1830000,1591000,1743000,1864000,1902000]",642,8930000
4,37,5,"[537,501,559,640,737]","[1587000,1458000,1632000,1880000,2231000]",737,8788000
4,38,5,"[580,515,620,644,642]","[1711000,1532000,1744000,1879000,1881000]",644,8747000
4,39,5,"[551,521,558,620,739]","[1630000,1507000,1632000,1807000,2237000]",739,8813000
4,40,5,"[606,543,609,639,644]","[1806000,1557000,1715000,1862000,1924000]",644,8864000
4,41,5,"[600,567,628,636,651]","[1775000,1629000,1767000,1857000,1932000]",651,8960000
4,42,5,"[524,486,695,643,718]","[1564000,1458000,1949000,1859000,2099000]",718,8929000
4,43,5,"[636,534,619,644,651]","[1872000,1548000,1767000,1906000,1941000]",651,9034000
4,44,5,"[609,559,608,628,633]","[1808000,1608000,1717000,1819000,1880000]",633,8832000
4,45,5,"[642,556,609,612,647]","[1881000,1611000,1727000,1809000,1885000]",647,8913000
4,46,5,"[620,550,588,635,634]","[1813000,1583000,1712000,1858000,1905000]",635,8871000
4,47,5,"[614,556,622,642,627]","[1804000,1610000,1773000,1878000,1866000]",642,8931000
4,48,5,"[590,552,645,656,640]","[1727000,1596000,1857000,1919000,1874000]",656,8973000
4,49,5,"[635,551,609,639,644]","[1864000,1584000,1715000,1862000,1914000]",644,8939000
4,50,5,"[529,501,578,621,735]","[1562000,1452000,1672000,1809000,2220000]",735,8715000
4,51,5,"[529,542,620,651,626]","[1558000,1561000,1765000,1891000,1858000]",651,8633000
4,52,5,"[538,553,606,724,619]","[1625000,1616000,1722000,2073000,1841000]",724,8877000
4,53,5,"[606,567,602,642,636]","[1799000,1626000,1732000,1869000,1884000]",642,8910000
4,54,5,"[643,554,629,642,631]","[1889000,1624000,1792000,1868000,1853000]",643,9026000
4,55,5,"[633,747,611,645,636]","[1873000,2204000,1741000,1882000,1894000]",747,9594000
4,56,5,"[525,561,615,630,653]","[1575000,1638000,1752000,1861000,1919000]",653,8745000
4,57,5,"[521,479,616,597,733]","[1546000,1447000,1744000,1758000,2177000]",733,8672000
4,58,5,"[615,651,607,661,667]","[1781000,1902000,1745000,1937000,1960000]",667,9325000
4,59,5,"[561,559,597,592,754]","[1666000,1622000,1719000,1742000,2207000]",754,8956000
4,60,5,"[655,586,619,648,634]","[1903000,1690000,1765000,1885000,1862000]",655,9105000
4,61,5,"[595,514,621,661,645]","[1729000,1527000,1749000,1939000,1880000]",661,8824000
4,62,5,"[638,586,645,632,646]","[1849000,1682000,1818000,1849000,1910000]",646,9108000
4,63,5,"[529,607,608,654,632]","[1584000,1765000,1732000,1900000,1866000]",654,8847000
4,64,5,"[583,549,610,678,639]","[1704000,1611000,1768000,1930000,1865000]",678,8878000
4,65,5,"[618,551,574,622,642]","[1836000,1591000,1635000,1831000,1909000]",642,8802000
4,66,5,"[642,555,609,650,640]","[1881000,1617000,1727000,1915000,1874000]",650,9014000
4,67,5,"[522,479,632,599,731]","[1548000,1447000,1775000,1771000,2170000]",731,8711000
4,68,5,"[511,553,609,641,631]","[1520000,1619000,1728000,1863000,1853000]",641,8583000
4,69,5,"[637,558,565,650,639]","[1861000,1602000,1616000,1906000,1917000]",650,8902000
4,70,5,"[511,479,619,631,620]","[1520000,1427000,1730000,1835000,1841000]",631,8353000
4,71,5,"[516,554,610,611,627]","[1528000,1618000,1753000,1801000,1866000]",627,8566000
4,72,5,"[513,553,625,639,626]","[1524000,1619000,1771000,1863000,1848000]",639,8625000
4,73,5,"[545,552,615,648,626]","[1622000,1596000,1741000,1879000,1855000]",648,8693000
4,74,5,"[581,547,608,656,637]","[1705000,1598000,1723000,1918000,1865000]",656,8809000
4,75,5,"[584,587,576,644,642]","[1697000,1715000,1645000,1885000,1881000]",644,8823000
4,76,5,"[616,556,622,635,627]","[1820000,1610000,1773000,1849000,1866000]",635,8918000
4,77,5,"[611,567,604,648,636]","[1809000,1626000,1742000,1888000,1884000]",648,8949000
4,78,5,"[563,495,608,677,620]","[1657000,1467000,1706000,1915000,1830000]",677,8575000
4,79,5,"[602,493,606,583,657]","[1790000,1436000,1722000,1732000,1950000]",657,8630000
4,80,5,"[537,551,606,637,654]","[1596000,1606000,1722000,1875000,1923000]",654,8722000
4,81,5,"[529,595,574,634,656]","[1579000,1731000,1619000,1872000,1933000]",656,8734000
4,82,5,"[631,558,610,643,640]","[1856000,1620000,1719000,1876000,1900000]",643,8971000
4,83,5,"[623,555,583,632,667]","[1819000,1602000,1697000,1849000,1951000]",667,8918000
4,84,5,"[517,475,626,600,719]","[1538000,1427000,1778000,1763000,2131000]",719,8637000
4,85,5,"[580,600,579,646,655]","[1709000,1749000,1625000,1874000,1940000]",655,8897000
4,86,5,"[527,501,559,659,696]","[1558000,1452000,1630000,1945000,2097000]",696,8682000
4,87,5,"[604,560,609,642,631]","[1783000,1621000,1729000,1868000,1873000]",642,8874000
4,88,5,"[536,550,630,607,635]","[1624000,1601000,1794000,1786000,1875000]",635,8680000
4,89,5,"[648,557,608,641,631]","[1904000,1619000,1748000,1863000,1853000]",648,8987000
5,1,5,"[598,721,637,540,554]","[1761000,2129000,1789000,1602000,1603000]",721,8884000
5,2,5,"[604,643,613,601,556]","[1827000,1910000,1814000,1776000,1603000]",643,8930000
5,3,5,"[592,639,639,616,631]","[1782000,1890000,1793000,1784000,1813000]",639,9062000
5,4,5,"[595,716,638,540,562]","[1795000,2123000,1785000,1602000,1634000]",716,8939000
5,5,5,"[596,641,633,623,630]","[1797000,1927000,1790000,1825000,1836000]",641,9175000
5,6,5,"[633,639,616,659,542]","[1917000,1908000,1741000,1926000,1590000]",659,9082000
5,7,5,"[598,730,651,541,550]","[1756000,2164000,1829000,1597000,1589000]",730,8935000
5,8,5,"[592,638,642,657,608]","[1782000,1890000,1795000,1893000,1737000]",657,9097000
5,9,5,"[616,643,588,679,553]","[1866000,1928000,1686000,1964000,1619000]",679,9063000
5,10,5,"[593,715,639,554,560]","[1782000,2123000,1784000,1634000,1624000]",715,8947000
5,11,5,"[652,653,588,670,526]","[1923000,1975000,1695000,1964000,1523000]",670,9080000
5,12,5,"[589,638,642,657,628]","[1774000,1890000,1798000,1893000,1781000]",657,9136000
5,13,5,"[605,723,613,544,557]","[1835000,2139000,1820000,1617000,1603000]",723,9014000
5,14,5,"[597,616,597,679,609]","[1790000,1849000,1708000,1970000,1764000]",679,9081000
5,15,5,"[600,640,638,641,636]","[1806000,1934000,1799000,1858000,1844000]",641,9241000
5,16,5,"[594,727,635,550,563]","[1757000,2161000,1779000,1628000,1621000]",727,8946000
5,17,5,"[602,632,593,660,623]","[1821000,1885000,1709000,1899000,1769000]",660,9083000
5,18,5,"[604,632,595,660,623]","[1818000,1885000,1716000,1899000,1769000]",660,9087000
5,19,5,"[646,655,590,659,588]","[1901000,1974000,1683000,1897000,1734000]",659,9189000
5,20,5,"[650,620,611,651,657]","[1923000,1856000,1757000,1907000,1993000]",657,9436000
5,21,5,"[641,712,600,625,581]","[1889000,2168000,1717000,1795000,1661000]",712,9230000
5,22,5,"[639,666,641,649,620]","[1866000,1985000,1824000,1862000,1764000]",666,9301000
5,23,5,"[600,637,590,675,621]","[1816000,1904000,1688000,1946000,1769000]",675,9123000
5,24,5,"[640,663,610,651,616]","[1868000,1993000,1744000,1857000,1760000]",663,9222000
5,25,5,"[680,664,648,522,638]","[2073000,1982000,1876000,1527000,1954000]",680,9412000
5,26,5,"[592,729,617,548,563]","[1747000,2172000,1749000,1616000,1621000]",729,8905000
5,27,5,"[596,641,661,676,613]","[1799000,1929000,1862000,1976000,1782000]",676,9348000
5,28,5,"[627,644,593,681,622]","[1931000,1945000,1697000,1969000,1820000]",681,9362000
5,29,5,"[601,720,644,540,558]","[1772000,2134000,1791000,1590000,1613000]",720,8900000
5,30,5,"[620,615,609,677,631]","[1867000,1837000,1745000,1969000,1902000]",677,9320000
5,31,5,"[620,647,646,657,624]","[1868000,1936000,1788000,1889000,1779000]",657,9260000
5,32,5,"[672,644,650,589,634]","[2022000,1938000,1830000,1709000,1897000]",672,9396000
5,33,5,"[637,640,634,663,547]","[1850000,1911000,1772000,1930000,1616000]",663,9079000
5,34,5,"[644,654,586,667,616]","[1897000,1984000,1675000,1925000,1768000]",667,9249000
5,35,5,"[596,638,635,682,614]","[1798000,1924000,1799000,1964000,1780000]",682,9265000
5,36,5,"[619,614,606,682,634]","[1842000,1831000,1751000,1972000,1923000]",682,9319000
5,37,5,"[621,653,588,670,633]","[1807000,1975000,1681000,1956000,1884000]",670,9303000
5,38,5,"[672,638,607,549,636]","[2051000,1919000,1737000,1586000,1922000]",672,9215000
5,39,5,"[619,658,591,676,553]","[1872000,1937000,1691000,1959000,1619000]",676,9078000
5,40,5,"[646,653,588,681,550]","[1910000,1987000,1677000,1982000,1628000]",681,9184000
5,41,5,"[652,712,618,661,539]","[1929000,2099000,1754000,1921000,1559000]",712,9262000
5,42,5,"[619,658,591,674,621]","[1872000,1932000,1692000,1959000,1776000]",674,9231000
5,43,5,"[656,643,618,683,637]","[1957000,1904000,1845000,2008000,1920000]",683,9634000
5,44,5,"[643,671,608,667,592]","[1889000,2020000,1743000,1926000,1728000]",671,9306000
5,45,5,"[642,718,606,661,561]","[1876000,2189000,1732000,1857000,1650000]",718,9304000
5,46,5,"[654,614,598,667,570]","[1956000,1833000,1718000,1944000,1723000]",667,9174000
5,47,5,"[652,651,640,777,574]","[1927000,1972000,1784000,2190000,1691000]",777,9564000
5,48,5,"[673,658,645,680,635]","[2022000,1964000,1830000,1959000,1895000]",680,9670000
5,49,5,"[646,650,621,680,532]","[1920000,1981000,1774000,1978000,1531000]",680,9184000
5,50,5,"[649,654,583,680,577]","[1916000,1978000,1669000,1949000,1703000]",680,9215000
5,51,5,"[649,648,591,659,583]","[1907000,1968000,1686000,1897000,1703000]",659,9161000
5,52,5,"[634,648,609,668,542]","[1917000,1932000,1719000,1954000,1594000]",668,9116000
5,53,5,"[595,714,616,688,544]","[1755000,2119000,1772000,1973000,1587000]",714,9206000
5,54,5,"[625,643,660,663,546]","[1890000,1919000,1842000,1935000,1594000]",663,9180000
5,55,5,"[672,660,647,586,631]","[2022000,1961000,1824000,1694000,1891000]",672,9392000
5,56,5,"[614,643,587,677,551]","[1856000,1931000,1685000,1932000,1615000]",677,9019000
5,57,5,"[603,629,642,681,620]","[1834000,1879000,1825000,1995000,1783000]",681,9316000
5,58,5,"[635,629,616,661,543]","[1917000,1890000,1741000,1934000,1599000]",661,9081000
5,59,5,"[596,721,633,540,554]","[1758000,2129000,1772000,1592000,1603000]",721,8854000
5,60,5,"[607,646,613,565,581]","[1842000,1925000,1814000,1671000,1680000]",646,8932000
5,61,5,"[592,639,637,616,631]","[1782000,1896000,1789000,1784000,1813000]",639,9064000
5,62,5,"[595,678,676,542,562]","[1795000,2005000,1912000,1606000,1634000]",678,8952000
5,63,5,"[556,643,677,626,630]","[1681000,1931000,1918000,1837000,1836000]",677,9203000
5,64,5,"[631,637,618,620,570]","[1913000,1906000,1746000,1824000,1681000]",637,9070000
5,65,5,"[622,748,643,545,556]","[1882000,2227000,1818000,1637000,1631000]",748,9195000
5,66,5,"[599,646,645,656,612]","[1805000,1902000,1803000,1888000,1748000]",656,9146000
5,67,5,"[617,657,588,679,553]","[1868000,1950000,1686000,1959000,1612000]",679,9075000
5,68,5,"[592,715,641,503,578]","[1780000,2123000,1784000,1501000,1671000]",715,8859000
5,69,5,"[647,658,589,631,551]","[1915000,1985000,1695000,1846000,1593000]",658,9034000
5,70,5,"[590,595,680,658,628]","[1774000,1776000,1922000,1894000,1781000]",680,9147000
5,71,5,"[605,685,654,542,555]","[1835000,2021000,1940000,1613000,1599000]",685,9008000
5,72,5,"[598,637,603,680,621]","[1794000,1910000,1722000,1991000,1791000]",680,9208000
5,73,5,"[596,638,635,638,648]","[1798000,1924000,1799000,1852000,1872000]",648,9245000
5,74,5,"[601,728,639,547,562]","[1762000,2165000,1790000,1618000,1619000]",728,8954000
5,75,5,"[604,632,632,621,627]","[1836000,1885000,1823000,1791000,1803000]",632,9138000
5,76,5,"[602,639,595,658,623]","[1820000,1911000,1713000,1895000,1769000]",658,9108000
5,77,5,"[642,655,589,678,584]","[1886000,1980000,1681000,1938000,1720000]",678,9205000
5,78,5,"[649,612,606,639,660]","[1923000,1833000,1740000,1869000,1997000]",660,9362000
6,1,5,"[451,471,626,641,628]","[1338000,1390000,1836000,1903000,1823000]",641,8290000
6,2,5,"[508,504,612,614,581]","[1538000,1494000,1812000,1837000,1705000]",614,8386000
6,3,5,"[386,452,640,661,611]","[1160000,1327000,1902000,1979000,1788000]",661,8156000
6,4,5,"[420,429,584,692,587]","[1206000,1282000,1698000,2045000,1732000]",692,7963000
6,5,5,"[458,432,651,655,585]","[1383000,1278000,1954000,1941000,1676000]",655,8232000
6,6,5,"[395,436,672,656,612]","[1144000,1300000,1995000,1921000,1787000]",672,8147000
6,7,5,"[502,510,605,598,609]","[1517000,1515000,1798000,1761000,1809000]",609,8400000
6,8,5,"[504,485,584,615,608]","[1572000,1434000,1729000,1860000,1777000]",615,8372000
6,9,5,"[505,484,589,613,624]","[1532000,1427000,1756000,1832000,1824000]",624,8371000
6,10,5,"[506,518,611,613,595]","[1537000,1521000,1808000,1832000,1721000]",613,8419000
6,11,5,"[397,428,658,673,611]","[1144000,1276000,1961000,1991000,1795000]",673,8167000
6,12,5,"[397,428,691,638,609]","[1144000,1276000,2069000,1879000,1785000]",691,8153000
6,13,5,"[479,487,626,615,608]","[1498000,1438000,1833000,1860000,1781000]",626,8410000
6,14,5,"[504,485,622,617,582]","[1578000,1434000,1829000,1862000,1708000]",622,8411000
6,15,5,"[392,451,617,666,645]","[1171000,1343000,1813000,1998000,1869000]",666,8194000
6,16,5,"[361,433,627,736,582]","[1100000,1269000,1862000,2204000,1693000]",736,8128000
6,17,5,"[387,449,661,668,618]","[1170000,1321000,1952000,1951000,1800000]",668,8194000
6,18,5,"[448,468,583,640,655]","[1327000,1386000,1720000,1897000,1910000]",655,8240000
6,19,5,"[479,487,626,615,608]","[1498000,1438000,1833000,1860000,1781000]",626,8410000
6,20,5,"[460,442,650,618,619]","[1389000,1305000,1960000,1839000,1826000]",650,8319000
6,21,5,"[487,484,590,698,607]","[1520000,1431000,1730000,2069000,1774000]",698,8524000
6,22,5,"[447,467,578,722,630]","[1329000,1380000,1689000,2120000,1827000]",722,8345000
6,23,5,"[387,526,697,683,610]","[1170000,1610000,2025000,2016000,1788000]",697,8609000
6,24,5,"[461,414,644,675,632]","[1388000,1217000,1899000,2019000,1858000]",675,8381000
6,25,5,"[468,485,654,663,612]","[1374000,1434000,1932000,1938000,1815000]",663,8493000
6,26,5,"[508,466,611,686,610]","[1547000,1357000,1796000,1993000,1805000]",686,8498000
6,27,5,"[481,480,580,669,702]","[1501000,1413000,1685000,2004000,2022000]",702,8625000
6,28,5,"[448,468,583,708,628]","[1327000,1386000,1720000,2067000,1823000]",708,8323000
6,29,5,"[446,445,634,677,630]","[1339000,1316000,1884000,1981000,1833000]",677,8353000
6,30,5,"[389,452,619,719,578]","[1165000,1335000,1813000,2131000,1705000]",719,8149000
6,31,5,"[512,658,677,656,612]","[1572000,1960000,2017000,1908000,1787000]",677,9244000
6,32,5,"[508,475,654,681,591]","[1546000,1412000,1927000,1992000,1755000]",681,8632000
6,33,5,"[507,528,611,674,564]","[1536000,1537000,1809000,1975000,1644000]",674,8501000
6,34,5,"[388,414,638,693,607]","[1170000,1227000,1885000,2065000,1777000]",693,8124000
6,35,5,"[395,431,583,688,587]","[1186000,1282000,1698000,2039000,1732000]",688,7937000
6,36,5,"[413,446,654,738,584]","[1270000,1279000,1914000,2204000,1703000]",738,8370000
6,37,5,"[460,450,643,681,611]","[1392000,1329000,1883000,1977000,1804000]",681,8385000
6,38,5,"[450,435,620,753,612]","[1355000,1289000,1823000,2198000,1788000]",753,8453000
6,39,5,"[448,468,583,708,638]","[1327000,1386000,1720000,2067000,1843000]",708,8343000
6,40,5,"[396,431,672,722,579]","[1144000,1278000,1995000,2078000,1704000]",722,8199000
6,41,5,"[490,474,627,682,633]","[1531000,1403000,1842000,1991000,1832000]",682,8599000
6,42,5,"[361,457,604,696,581]","[1100000,1373000,1802000,2069000,1703000]",696,8047000
6,43,5,"[424,433,673,731,585]","[1209000,1296000,1943000,2149000,1723000]",731,8320000
6,44,5,"[482,452,615,761,621]","[1504000,1342000,1800000,2236000,1810000]",761,8692000
6,45,5,"[557,525,615,617,586]","[1711000,1532000,1821000,1840000,1709000]",617,8613000
6,46,5,"[424,388,679,693,690]","[1223000,1151000,1977000,2061000,1965000]",693,8377000
6,47,5,"[402,430,635,708,641]","[1144000,1279000,1874000,2075000,1858000]",708,8230000
6,48,5,"[491,490,617,695,582]","[1543000,1453000,1807000,2074000,1705000]",695,8582000
6,49,5,"[496,485,670,698,591]","[1493000,1434000,1984000,2038000,1729000]",698,8678000
6,50,5,"[505,460,627,679,586]","[1527000,1344000,1858000,2015000,1725000]",679,8469000
6,51,5,"[503,522,557,696,593]","[1528000,1525000,1642000,2070000,1717000]",696,8482000
6,52,5,"[498,456,603,705,625]","[1515000,1344000,1784000,2070000,1822000]",705,8535000
6,53,5,"[390,485,637,669,579]","[1165000,1425000,1886000,1983000,1704000]",669,8163000
6,54,5,"[420,454,656,671,637]","[1247000,1337000,1942000,1968000,1849000]",671,8343000
6,55,5,"[481,491,623,644,685]","[1498000,1446000,1840000,1918000,1964000]",685,8666000
6,56,5,"[453,449,648,661,637]","[1387000,1321000,1929000,1979000,1845000]",661,8461000
6,57,5,"[429,456,604,696,585]","[1269000,1335000,1799000,2074000,1700000]",696,8177000
6,58,5,"[464,432,672,654,680]","[1353000,1293000,2001000,1906000,1946000]",680,8499000
6,59,5,"[740,561,648,657,587]","[2398000,1591000,1955000,1939000,1682000]",740,9565000
6,60,5,"[415,485,637,678,607]","[1235000,1450000,1865000,1986000,1779000]",678,8315000
6,61,5,"[468,471,607,733,598]","[1397000,1373000,1792000,2117000,1761000]",733,8440000
6,62,5,"[668,481,597,668,637]","[2155000,1427000,1773000,1945000,1860000]",668,9160000
6,63,5,"[629,580,628,620,654]","[1992000,1726000,1833000,1869000,1923000]",654,9343000
6,64,5,"[424,465,589,663,589]","[1209000,1372000,1705000,1956000,1735000]",663,7977000
6,65,5,"[420,429,586,623,687]","[1206000,1282000,1708000,1835000,2000000]",687,8031000
6,66,5,"[487,457,625,693,645]","[1517000,1344000,1816000,2064000,1869000]",693,8610000
6,67,5,"[437,431,629,697,647]","[1323000,1264000,1868000,2068000,1879000]",697,8402000
6,68,5,"[472,402,675,669,619]","[1442000,1198000,2001000,1963000,1829000]",675,8433000
6,69,5,"[467,437,633,711,631]","[1403000,1288000,1868000,2091000,1829000]",711,8479000
6,70,5,"[424,455,620,665,641]","[1259000,1351000,1819000,1983000,1861000]",665,8273000
6,71,5,"[385,586,625,678,588]","[1160000,1752000,1850000,1979000,1716000]",678,8457000
6,72,5,"[387,411,659,673,666]","[1170000,1221000,1948000,1991000,1901000]",673,8231000
6,73,5,"[387,471,661,668,618]","[1170000,1374000,1952000,1951000,1800000]",668,8247000
6,74,5,"[398,429,659,695,609]","[1148000,1276000,1942000,2070000,1785000]",695,8221000
6,75,5,"[481,466,632,726,582]","[1485000,1358000,1869000,2173000,1704000]",726,8589000
6,76,5,"[464,463,640,661,623]","[1355000,1358000,1902000,1979000,1825000]",661,8419000
6,77,5,"[484,469,637,680,599]","[1507000,1358000,1892000,2017000,1770000]",680,8544000
6,78,5,"[451,436,631,787,599]","[1346000,1295000,1844000,2282000,1747000]",787,8514000
6,79,5,"[498,456,596,766,598]","[1515000,1344000,1767000,2213000,1749000]",766,8588000
6,80,5,"[626,494,673,740,581]","[1989000,1480000,1950000,2138000,1704000]",740,9261000
6,81,5,"[420,467,589,662,587]","[1209000,1370000,1696000,1954000,1730000]",662,7959000
6,82,5,"[450,447,634,739,580]","[1374000,1332000,1843000,2219000,1693000]",739,8461000
6,83,5,"[462,436,661,666,669]","[1401000,1292000,1954000,1941000,1953000]",669,8541000
6,84,5,"[479,487,622,611,608]","[1498000,1438000,1832000,1828000,1781000]",622,8377000
6,85,5,"[461,448,638,665,662]","[1336000,1295000,1894000,1951000,1911000]",665,8387000
6,86,5,"[385,553,674,702,658]","[1160000,1699000,2014000,2003000,1904000]",702,8780000
6,87,5,"[488,458,667,682,610]","[1540000,1333000,1982000,2033000,1785000]",682,8673000
6,88,5,"[504,485,584,676,582]","[1572000,1434000,1724000,2003000,1708000]",676,8441000
6,89,5,"[511,469,572,665,704]","[1556000,1361000,1677000,1966000,2029000]",704,8589000
6,90,5,"[395,429,667,662,629]","[1144000,1278000,1985000,1930000,1808000]",667,8145000
6,91,5,"[485,477,539,697,602]","[1519000,1415000,1598000,2048000,1753000]",697,8333000
6,92,5,"[473,445,617,695,648]","[1464000,1331000,1812000,2074000,1875000]",695,8556000
6,93,5,"[507,443,622,756,584]","[1584000,1287000,1842000,2211000,1715000]",756,8639000
6,94,5,"[363,430,633,724,579]","[1100000,1274000,1885000,2162000,1693000]",724,8114000
6,95,5,"[455,465,617,640,639]","[1360000,1380000,1809000,1901000,1860000]",640,8310000
6,96,5,"[548,505,623,614,581]","[1633000,1496000,1825000,1837000,1705000]",623,8496000
6,97,5,"[385,450,642,660,615]","[1160000,1321000,1901000,1980000,1790000]",660,8152000
6,98,5,"[420,429,570,692,586]","[1206000,1261000,1680000,2045000,1730000]",692,7922000
6,99,5,"[474,432,651,652,596]","[1409000,1278000,1954000,1935000,1716000]",652,8292000
6,100,5,"[395,435,666,664,615]","[1144000,1293000,1983000,1937000,1793000]",666,8150000
6,101,5,"[502,510,606,551,683]","[1517000,1515000,1800000,1613000,2002000]",683,8447000
6,102,5,"[510,485,579,668,605]","[1592000,1434000,1716000,1957000,1770000]",668,8469000
6,103,5,"[507,474,589,613,624]","[1539000,1407000,1756000,1832000,1824000]",624,8358000
6,104,5,"[499,553,581,615,597]","[1517000,1628000,1726000,1836000,1740000]",615,8447000
6,105,5,"[397,431,655,673,611]","[1144000,1285000,1950000,1991000,1795000]",673,8165000
6,106,5,"[397,496,691,595,609]","[1144000,1457000,2069000,1760000,1785000]",691,8215000
6,107,5,"[486,488,627,615,608]","[1513000,1440000,1838000,1858000,1783000]",627,8432000
6,108,5,"[504,485,622,619,582]","[1578000,1434000,1829000,1874000,1708000]",622,8423000
6,109,5,"[419,449,572,664,643]","[1261000,1339000,1693000,1988000,1865000]",664,8146000
6,110,5,"[361,441,626,736,583]","[1100000,1287000,1858000,2204000,1697000]",736,8146000
6,111,5,"[387,450,652,667,617]","[1170000,1321000,1936000,1951000,1799000]",667,8177000
6,112,5,"[460,493,586,640,656]","[1351000,1442000,1722000,1897000,1912000]",656,8324000
6,113,5,"[481,489,621,636,608]","[1508000,1438000,1827000,1902000,1781000]",636,8456000
6,114,5,"[510,441,650,618,591]","[1520000,1303000,1958000,1836000,1737000]",650,8354000
7,1,5,"[594,477,622,539,337]","[1767000,1422000,1823000,1591000,983000]",622,7586000
7,2,5,"[582,478,558,590,444]","[1735000,1445000,1612000,1723000,1245000]",590,7760000
7,3,5,"[596,490,612,538,367]","[1767000,1463000,1764000,1595000,1067000]",612,7656000
7,4,5,"[594,521,579,548,351]","[1767000,1555000,1698000,1634000,1024000]",594,7678000
7,5,5,"[580,482,558,583,454]","[1739000,1460000,1602000,1717000,1283000]",583,7801000
7,6,5,"[579,504,557,565,461]","[1737000,1491000,1606000,1693000,1309000]",579,7836000
7,7,5,"[578,560,565,561,444]","[1735000,1677000,1610000,1677000,1245000]",578,7944000
7,8,5,"[579,509,573,580,473]","[1740000,1553000,1638000,1712000,1336000]",580,7979000
7,9,5,"[594,476,557,587,441]","[1759000,1423000,1614000,1713000,1236000]",594,7745000
7,10,5,"[570,525,567,581,444]","[1719000,1559000,1614000,1705000,1248000]",581,7845000
7,11,5,"[580,523,531,581,472]","[1740000,1574000,1527000,1717000,1340000]",581,7898000
7,12,5,"[594,518,579,600,363]","[1759000,1570000,1671000,1734000,1055000]",600,7789000
7,13,5,"[580,479,596,582,443]","[1734000,1422000,1717000,1713000,1243000]",596,7829000
7,14,5,"[582,520,550,567,446]","[1742000,1570000,1598000,1691000,1249000]",582,7850000
7,15,5,"[596,477,624,568,367]","[1771000,1422000,1831000,1658000,1064000]",624,7746000
7,16,5,"[574,520,582,557,446]","[1719000,1570000,1686000,1624000,1253000]",582,7852000
7,17,5,"[601,522,560,550,448]","[1778000,1551000,1606000,1649000,1252000]",601,7836000
7,18,5,"[581,558,532,580,445]","[1740000,1670000,1538000,1703000,1248000]",581,7899000
7,19,5,"[592,479,547,602,449]","[1759000,1422000,1600000,1754000,1264000]",602,7799000
7,20,5,"[582,522,556,588,443]","[1735000,1574000,1614000,1722000,1244000]",588,7889000
7,21,5,"[594,535,608,559,471]","[1764000,1584000,1795000,1625000,1330000]",608,8098000
7,22,5,"[592,478,637,599,399]","[1763000,1424000,1855000,1729000,1182000]",637,7953000
7,23,5,"[580,525,629,582,477]","[1745000,1584000,1820000,1677000,1307000]",629,8133000
7,24,5,"[597,469,605,566,441]","[1765000,1412000,1735000,1693000,1234000]",605,7839000
7,25,5,"[589,484,591,551,622]","[1770000,1430000,1684000,1638000,1811000]",622,8333000
7,26,5,"[587,514,608,567,444]","[1765000,1544000,1733000,1701000,1245000]",608,7988000
7,27,5,"[597,477,618,570,367]","[1776000,1422000,1824000,1681000,1064000]",618,7767000
7,28,5,"[593,490,607,584,441]","[1765000,1433000,1784000,1720000,1239000]",607,7941000
7,29,5,"[634,536,552,554,503]","[1859000,1639000,1608000,1654000,1456000]",634,8216000
7,30,5,"[589,524,591,588,443]","[1760000,1574000,1696000,1728000,1244000]",591,8002000
7,31,5,"[595,476,566,553,441]","[1759000,1423000,1659000,1644000,1236000]",595,7721000
7,32,5,"[583,503,619,546,481]","[1749000,1495000,1790000,1626000,1343000]",619,8003000
7,33,5,"[579,572,536,584,482]","[1737000,1727000,1542000,1711000,1377000]",584,8094000
7,34,5,"[594,475,667,597,446]","[1764000,1405000,1895000,1737000,1249000]",667,8050000
7,35,5,"[581,554,578,567,448]","[1739000,1659000,1654000,1707000,1263000]",581,8022000
7,36,5,"[606,524,563,553,443]","[1787000,1555000,1612000,1655000,1234000]",606,7843000
7,37,5,"[578,484,588,564,459]","[1735000,1430000,1680000,1696000,1307000]",588,7848000
7,38,5,"[584,544,558,583,427]","[1735000,1691000,1620000,1721000,1233000]",584,8000000
7,39,5,"[581,536,583,570,552]","[1735000,1589000,1676000,1712000,1656000]",583,8368000
7,40,5,"[588,515,552,584,535]","[1756000,1600000,1602000,1717000,1539000]",588,8214000
7,41,5,"[592,531,547,603,470]","[1759000,1614000,1600000,1758000,1330000]",603,8061000
7,42,5,"[573,508,587,567,471]","[1719000,1521000,1699000,1707000,1350000]",587,7996000
7,43,5,"[600,508,628,566,760]","[1785000,1522000,1780000,1677000,2366000]",760,9130000
7,44,5,"[593,476,624,563,441]","[1765000,1423000,1758000,1669000,1236000]",624,7851000
7,45,5,"[602,405,581,557,465]","[1799000,1246000,1672000,1669000,1341000]",602,7727000
7,46,5,"[582,522,556,582,443]","[1735000,1574000,1614000,1692000,1244000]",582,7859000
7,47,5,"[580,461,558,584,457]","[1739000,1399000,1602000,1707000,1300000]",584,7747000
7,48,5,"[574,522,569,584,451]","[1719000,1574000,1648000,1714000,1269000]",584,7924000
7,49,5,"[583,520,643,564,413]","[1752000,1570000,1853000,1667000,1171000]",643,8013000
7,50,5,"[643,500,588,548,451]","[1862000,1486000,1692000,1632000,1289000]",643,7961000
7,51,5,"[573,479,593,586,443]","[1725000,1422000,1730000,1715000,1243000]",593,7835000
7,52,5,"[604,517,555,564,444]","[1784000,1538000,1603000,1695000,1240000]",604,7860000
7,53,5,"[578,562,535,582,350]","[1735000,1691000,1546000,1713000,1013000]",582,7698000
7,54,5,"[599,548,549,609,528]","[1772000,1590000,1602000,1760000,1599000]",609,8323000
7,55,5,"[594,518,599,600,363]","[1759000,1570000,1711000,1734000,1055000]",600,7829000
7,56,5,"[580,527,583,583,460]","[1742000,1593000,1676000,1705000,1305000]",583,8021000
7,57,5,"[572,479,627,568,445]","[1723000,1422000,1838000,1671000,1253000]",627,7907000
7,58,5,"[635,477,621,548,337]","[1861000,1422000,1823000,1598000,983000]",635,7687000
7,59,5,"[582,483,532,580,472]","[1752000,1465000,1529000,1703000,1332000]",582,7781000
7,60,5,"[590,526,589,541,368]","[1759000,1565000,1691000,1619000,1066000]",590,7700000
7,61,5,"[594,509,595,543,342]","[1767000,1525000,1745000,1613000,989000]",595,7639000
7,62,5,"[581,482,570,582,454]","[1732000,1460000,1635000,1712000,1283000]",582,7822000
7,63,5,"[580,480,552,566,457]","[1735000,1452000,1593000,1702000,1301000]",580,7783000
7,64,5,"[598,556,564,556,449]","[1796000,1682000,1606000,1653000,1259000]",598,7996000
7,65,5,"[578,514,570,561,467]","[1735000,1558000,1616000,1670000,1324000]",578,7903000
7,66,5,"[592,476,529,577,469]","[1763000,1423000,1523000,1697000,1324000]",592,7730000
7,67,5,"[572,565,568,582,409]","[1719000,1642000,1616000,1716000,1184000]",582,7877000
7,68,5,"[580,509,531,581,473]","[1740000,1553000,1527000,1717000,1336000]",581,7873000
7,69,5,"[594,510,579,600,365]","[1759000,1557000,1671000,1734000,1058000]",600,7779000
7,70,5,"[583,480,595,582,450]","[1739000,1427000,1713000,1707000,1264000]",595,7850000
7,71,5,"[600,523,551,558,446]","[1809000,1572000,1599000,1653000,1258000]",600,7891000
7,72,5,"[597,479,625,577,367]","[1776000,1432000,1833000,1689000,1064000]",625,7794000
7,73,5,"[572,521,596,558,450]","[1723000,1570000,1711000,1605000,1275000]",596,7884000
7,74,5,"[597,520,562,550,450]","[1758000,1544000,1610000,1639000,1275000]",597,7826000
7,75,5,"[583,560,505,582,472]","[1754000,1672000,1451000,1722000,1340000]",583,7939000
7,76,5,"[596,479,545,601,451]","[1765000,1427000,1615000,1757000,1263000]",601,7827000
7,77,5,"[582,507,558,590,446]","[1735000,1548000,1612000,1723000,1250000]",590,7868000
8,1,5,"[656,665,649,676,540]","[1912000,1928000,1955000,1915000,1563000]",676,9273000
8,2,5,"[659,665,620,704,546]","[1916000,1931000,1848000,2004000,1581000]",704,9280000
8,3,5,"[677,627,668,672,557]","[1982000,1824000,2032000,1907000,1614000]",677,9359000
8,4,5,"[677,674,675,672,540]","[1982000,1939000,2049000,1907000,1557000]",677,9434000
8,5,5,"[695,702,608,649,559]","[2017000,2049000,1824000,1861000,1612000]",702,9363000
8,6,5,"[653,759,636,617,513]","[1936000,2222000,1917000,1761000,1482000]",759,9318000
8,7,5,"[648,678,673,675,537]","[1881000,1986000,2048000,1913000,1551000]",678,9379000
8,8,5,"[693,625,674,672,539]","[2034000,1817000,2059000,1907000,1555000]",693,9372000
8,9,5,"[701,704,661,613,512]","[2032000,2054000,2006000,1756000,1480000]",704,9328000
8,10,5,"[694,627,675,672,539]","[2036000,1824000,2052000,1907000,1555000]",694,9374000
8,11,5,"[693,672,640,673,543]","[2034000,1944000,1937000,1911000,1556000]",693,9382000
8,12,5,"[655,708,602,706,551]","[1907000,2047000,1807000,2007000,1587000]",708,9355000
8,13,5,"[645,681,678,677,543]","[1875000,2024000,2073000,1917000,1562000]",681,9451000
8,14,5,"[692,751,607,618,510]","[2062000,2195000,1826000,1765000,1482000]",751,9330000
8,15,5,"[700,751,605,616,508]","[2093000,2185000,1826000,1761000,1472000]",751,9337000
8,16,5,"[660,699,669,675,546]","[1908000,2063000,1975000,1915000,1578000]",699,9439000
8,17,5,"[709,632,639,674,554]","[2077000,1840000,1938000,1911000,1609000]",709,9375000
8,18,5,"[684,682,641,674,581]","[2020000,1987000,1927000,1879000,1687000]",684,9500000
8,19,5,"[701,723,642,563,576]","[2028000,2117000,1954000,1593000,1665000]",723,9357000
8,20,5,"[695,701,611,649,569]","[2017000,2047000,1845000,1861000,1629000]",701,9399000
8,21,5,"[675,727,586,673,576]","[1999000,2132000,1765000,1877000,1677000]",727,9450000
8,22,5,"[645,679,707,675,540]","[1875000,1987000,2100000,1915000,1555000]",707,9432000
8,23,5,"[703,779,699,633,517]","[2066000,2219000,2037000,1787000,1495000]",779,9604000
8,24,5,"[658,714,612,675,564]","[1912000,2095000,1840000,1921000,1631000]",714,9399000
8,25,5,"[674,761,604,685,530]","[1951000,2239000,1804000,1933000,1524000]",761,9451000
8,26,5,"[658,761,600,626,646]","[1964000,2241000,1745000,1787000,1817000]",761,9554000
8,27,5,"[644,768,583,726,514]","[1903000,2263000,1758000,2043000,1490000]",768,9457000
8,28,5,"[646,713,651,674,539]","[1875000,2114000,1968000,1913000,1553000]",713,9423000
8,29,5,"[681,738,714,620,513]","[1997000,2136000,2118000,1781000,1491000]",738,9523000
8,30,5,"[694,793,641,575,586]","[1983000,2281000,1949000,1617000,1685000]",793,9515000
8,31,5,"[668,712,641,673,548]","[1917000,2085000,1945000,1911000,1586000]",712,9444000
8,32,5,"[685,691,612,674,578]","[2025000,2015000,1851000,1885000,1679000]",691,9455000
8,33,5,"[688,665,733,673,519]","[2015000,1926000,2183000,1900000,1493000]",733,9517000
8,34,5,"[687,693,703,673,522]","[2013000,2015000,2102000,1900000,1493000]",703,9523000
8,35,5,"[701,747,636,613,512]","[2032000,2174000,1917000,1756000,1480000]",747,9359000
8,36,5,"[674,673,641,677,556]","[1975000,1942000,1939000,1927000,1608000]",677,9391000
8,37,5,"[688,729,588,674,577]","[2030000,2131000,1778000,1879000,1679000]",729,9497000
8,38,5,"[652,750,638,612,567]","[1928000,2183000,1937000,1751000,1617000]",750,9416000
8,39,5,"[685,688,642,675,594]","[2024000,2027000,1937000,1915000,1693000]",688,9596000
8,40,5,"[646,769,638,620,510]","[1907000,2257000,1925000,1770000,1476000]",769,9335000
8,41,5,"[703,707,663,625,509]","[2043000,2065000,2010000,1793000,1472000]",707,9383000
8,42,5,"[650,733,681,624,649]","[1924000,2132000,2003000,1755000,1816000]",733,9630000
8,43,5,"[645,718,643,673,542]","[1875000,2091000,1955000,1911000,1551000]",718,9383000
8,44,5,"[682,737,652,653,679]","[1988000,2139000,1909000,1825000,1919000]",737,9780000
8,45,5,"[651,736,616,676,537]","[1900000,2166000,1859000,1915000,1551000]",736,9391000
8,46,5,"[699,724,643,631,577]","[2031000,2111000,1954000,1794000,1655000]",724,9545000
8,47,5,"[647,767,632,615,508]","[1918000,2257000,1915000,1766000,1472000]",767,9328000
8,48,5,"[657,737,699,619,541]","[1921000,2197000,2088000,1741000,1565000]",737,9512000
8,49,5,"[640,735,644,660,538]","[1889000,2109000,1935000,1891000,1560000]",735,9384000
8,50,5,"[711,737,713,731,650]","[2061000,2136000,2009000,2051000,1837000]",737,10094000
8,51,5,"[689,727,636,563,584]","[2031000,2127000,1935000,1597000,1689000]",727,9379000
8,52,5,"[660,710,702,621,542]","[1917000,2059000,2072000,1756000,1573000]",710,9377000
8,53,5,"[655,712,624,674,539]","[1907000,2058000,1873000,1913000,1553000]",712,9304000
8,54,5,"[651,776,585,676,576]","[1951000,2243000,1760000,1879000,1675000]",776,9508000
8,55,5,"[666,735,689,620,545]","[1932000,2136000,2027000,1756000,1594000]",735,9445000
8,56,5,"[700,704,610,702,522]","[2023000,2056000,1844000,2001000,1520000]",704,9444000
8,57,5,"[682,721,730,652,516]","[1990000,2135000,2120000,1865000,1498000]",730,9608000
8,58,5,"[659,737,679,643,513]","[1951000,2170000,2018000,1832000,1491000]",737,9462000
8,59,5,"[681,727,604,655,550]","[1983000,2122000,1819000,1876000,1589000]",727,9389000
8,60,5,"[696,718,676,626,536]","[2040000,2102000,2016000,1759000,1545000]",718,9462000
8,61,5,"[708,678,722,621,543]","[2053000,1960000,2155000,1743000,1568000]",722,9479000
8,62,5,"[702,690,695,623,536]","[2053000,2017000,2077000,1749000,1555000]",702,9451000
8,63,5,"[698,694,607,677,580]","[2023000,2011000,1810000,1891000,1685000]",698,9420000
8,64,5,"[657,765,664,640,627]","[1934000,2235000,1970000,1827000,1749000]",765,9715000
8,65,5,"[665,758,585,727,639]","[1945000,2230000,1753000,2045000,1805000]",758,9778000
8,66,5,"[640,774,643,617,509]","[1910000,2256000,1929000,1761000,1474000]",774,9330000
8,67,5,"[705,759,672,637,542]","[2039000,2184000,1981000,1818000,1561000]",759,9583000
8,68,5,"[646,716,657,671,587]","[1913000,2090000,1954000,1883000,1667000]",716,9507000
8,69,5,"[693,666,645,671,538]","[2034000,1930000,1947000,1907000,1551000]",693,9369000
8,70,5,"[727,720,592,720,691]","[2145000,2113000,1779000,2013000,2011000]",727,10061000
8,71,5,"[705,760,663,639,545]","[2016000,2223000,1968000,1818000,1575000]",760,9600000
8,72,5,"[644,710,744,618,511]","[1903000,2068000,2283000,1767000,1478000]",744,9499000
8,73,5,"[718,706,636,618,653]","[2154000,2059000,1920000,1763000,1814000]",718,9710000
8,74,5,"[684,666,644,672,523]","[2022000,1960000,1937000,1909000,1505000]",684,9333000
8,75,5,"[670,739,704,627,648]","[1963000,2134000,2113000,1760000,1836000]",739,9806000
8,76,5,"[647,715,725,621,541]","[1879000,2093000,2170000,1747000,1556000]",725,9445000
8,77,5,"[707,704,664,623,540]","[2051000,2038000,2018000,1791000,1564000]",707,9462000
8,78,5,"[652,713,706,637,588]","[1934000,2089000,2084000,1818000,1658000]",713,9583000
8,79,5,"[652,779,639,684,512]","[1928000,2324000,1905000,1941000,1489000]",779,9587000
8,80,5,"[685,730,639,626,634]","[2024000,2131000,1940000,1789000,1774000]",730,9658000
8,81,5,"[661,627,648,676,559]","[1918000,1831000,1950000,1923000,1612000]",676,9234000
8,82,5,"[629,660,659,707,542]","[1821000,1918000,1978000,2016000,1561000]",707,9294000
8,83,5,"[678,620,670,669,554]","[1989000,1807000,2042000,1901000,1604000]",678,9343000
8,84,5,"[674,674,718,665,541]","[1975000,1936000,2130000,1901000,1568000]",718,9510000
8,85,5,"[705,732,602,651,564]","[2028000,2133000,1819000,1865000,1631000]",732,9476000
8,86,5,"[665,754,636,629,513]","[1957000,2215000,1921000,1790000,1488000]",754,9371000
8,87,5,"[658,677,672,675,534]","[1913000,1980000,2032000,1912000,1545000]",677,9382000
8,88,5,"[693,625,675,672,543]","[2034000,1814000,2061000,1907000,1566000]",693,9382000
8,89,5,"[773,680,662,613,512]","[2233000,1961000,2008000,1757000,1480000]",773,9439000
8,90,5,"[694,630,689,672,554]","[2036000,1826000,2062000,1907000,1597000]",694,9428000
8,91,5,"[696,667,640,710,517]","[2040000,1940000,1935000,2009000,1485000]",710,9409000
8,92,5,"[659,674,598,710,567]","[1915000,1958000,1790000,2032000,1640000]",710,9335000
8,93,5,"[658,677,672,675,534]","[1913000,2007000,2032000,1912000,1545000]",677,9409000
8,94,5,"[699,749,631,615,516]","[2082000,2185000,1886000,1761000,1497000]",749,9411000
8,95,5,"[700,749,605,616,494]","[2088000,2173000,1826000,1761000,1465000]",749,9313000
8,96,5,"[679,701,617,679,536]","[1980000,2063000,1845000,1918000,1549000]",701,9355000
8,97,5,"[707,627,693,672,556]","[2058000,1827000,2074000,1907000,1609000]",707,9475000
8,98,5,"[690,668,645,693,576]","[2047000,1932000,1935000,1933000,1677000]",693,9524000
8,99,5,"[697,788,635,569,582]","[2021000,2262000,1927000,1603000,1675000]",788,9488000
8,100,5,"[726,701,684,652,565]","[2067000,2047000,2003000,1867000,1634000]",726,9618000
9,1,5,"[631,511,630,593,396]","[1844000,1484000,1878000,1835000,1180000]",631,8221000
9,2,5,"[544,480,680,646,431]","[1606000,1386000,2004000,1967000,1231000]",680,8194000
9,3,5,"[622,499,633,593,425]","[1814000,1454000,1884000,1835000,1242000]",633,8229000
9,4,5,"[565,599,642,639,344]","[1637000,1720000,1900000,1971000,1024000]",642,8252000
9,5,5,"[636,517,634,594,421]","[1869000,1496000,1891000,1839000,1238000]",636,8333000
9,6,5,"[622,502,647,593,417]","[1814000,1464000,1936000,1835000,1217000]",647,8266000
9,7,5,"[566,641,615,638,385]","[1636000,1828000,1817000,1969000,1130000]",641,8380000
9,8,5,"[603,599,615,639,385]","[1746000,1720000,1827000,1971000,1149000]",639,8413000
9,9,5,"[599,600,615,638,424]","[1733000,1722000,1817000,1969000,1217000]",638,8458000
9,10,5,"[555,549,645,593,438]","[1649000,1590000,1932000,1835000,1265000]",645,8271000
9,11,5,"[572,644,632,616,381]","[1656000,1849000,1858000,1856000,1155000]",644,8374000
9,12,5,"[569,605,640,638,387]","[1642000,1726000,1895000,1969000,1167000]",640,8399000
9,13,5,"[569,638,616,638,427]","[1642000,1819000,1819000,1969000,1241000]",638,8490000
9,14,5,"[593,605,613,639,427]","[1710000,1730000,1817000,1974000,1241000]",639,8472000
9,15,5,"[634,509,647,593,396]","[1850000,1484000,1932000,1835000,1180000]",647,8281000
9,16,5,"[565,612,612,644,408]","[1643000,1761000,1809000,1975000,1214000]",644,8402000
9,17,5,"[606,536,640,639,437]","[1758000,1558000,1895000,1974000,1252000]",640,8437000
9,18,5,"[583,553,645,594,407]","[1748000,1590000,1932000,1835000,1196000]",645,8301000
9,19,5,"[599,501,649,649,388]","[1744000,1467000,1936000,1980000,1145000]",649,8272000
9,20,5,"[601,501,649,649,388]","[1748000,1467000,1936000,1980000,1145000]",649,8276000
9,21,5,"[568,527,639,664,431]","[1638000,1506000,1902000,2081000,1234000]",664,8361000
9,22,5,"[565,634,688,649,317]","[1634000,1814000,2010000,1972000,967000]",688,8397000
9,23,5,"[519,589,712,821,404]","[1543000,1671000,2050000,2422000,1181000]",821,8867000
9,24,5,"[601,604,648,644,453]","[1704000,1735000,1929000,1981000,1308000]",648,8657000
9,25,5,"[569,578,722,594,387]","[1651000,1652000,2125000,1839000,1179000]",722,8446000
9,26,5,"[712,638,720,590,449]","[2136000,1820000,2088000,1822000,1317000]",720,9183000
9,27,5,"[605,515,702,637,393]","[1765000,1477000,2072000,1964000,1188000]",702,8466000
9,28,5,"[612,568,710,603,441]","[1778000,1628000,2082000,1854000,1296000]",710,8638000
9,29,5,"[625,481,695,651,392]","[1797000,1403000,2060000,1989000,1173000]",695,8422000
9,30,5,"[562,623,718,603,395]","[1628000,1789000,2106000,1854000,1180000]",718,8557000
9,31,5,"[645,560,705,704,454]","[1914000,1591000,2033000,2131000,1328000]",705,8997000
9,32,5,"[639,517,631,594,403]","[1878000,1496000,1880000,1839000,1193000]",639,8286000
9,33,5,"[596,535,646,638,432]","[1716000,1568000,1916000,1969000,1225000]",646,8394000
9,34,5,"[577,616,695,652,377]","[1658000,1765000,2029000,1973000,1138000]",695,8563000
9,35,5,"[610,559,677,648,431]","[1761000,1619000,1996000,1971000,1246000]",677,8593000
9,36,5,"[639,479,673,594,425]","[1878000,1387000,1996000,1839000,1249000]",673,8349000
9,37,5,"[622,483,698,594,394]","[1814000,1413000,2070000,1839000,1183000]",698,8319000
9,38,5,"[664,554,680,647,461]","[2011000,1580000,2009000,1969000,1300000]",680,8869000
9,39,5,"[564,643,670,706,369]","[1625000,1847000,1977000,2141000,1075000]",706,8665000
9,40,5,"[593,644,699,608,380]","[1695000,1840000,2064000,1853000,1120000]",699,8572000
9,41,5,"[585,532,720,704,426]","[1681000,1545000,2048000,2131000,1233000]",720,8638000
9,42,5,"[589,486,690,604,428]","[1751000,1412000,2016000,1854000,1238000]",690,8271000
9,43,5,"[632,488,690,594,401]","[1846000,1418000,2024000,1839000,1218000]",690,8345000
9,44,5,"[588,581,719,629,406]","[1764000,1651000,2092000,1906000,1191000]",719,8604000
9,45,5,"[519,595,657,704,408]","[1545000,1700000,1932000,2131000,1192000]",704,8500000
9,46,5,"[559,527,714,615,396]","[1647000,1514000,2109000,1870000,1152000]",714,8292000
9,47,5,"[580,530,697,596,449]","[1721000,1509000,2062000,1839000,1308000]",697,8439000
9,48,5,"[565,548,646,704,387]","[1643000,1573000,1895000,2131000,1158000]",704,8400000
9,49,5,"[568,616,625,656,379]","[1652000,1765000,1819000,1977000,1130000]",656,8343000
9,50,5,"[562,577,680,594,387]","[1628000,1652000,1998000,1839000,1179000]",680,8296000
9,51,5,"[607,537,642,638,378]","[1756000,1568000,1908000,1969000,1089000]",642,8290000
9,52,5,"[611,562,695,618,447]","[1840000,1586000,2056000,1875000,1276000]",695,8633000
9,53,5,"[569,646,687,603,381]","[1642000,1839000,2008000,1854000,1122000]",687,8465000
9,54,5,"[569,595,640,638,384]","[1642000,1712000,1904000,1969000,1161000]",640,8388000
9,55,5,"[679,629,677,630,415]","[2057000,1781000,1996000,1942000,1222000]",679,8998000
9,56,5,"[556,552,715,604,418]","[1653000,1586000,2111000,1847000,1208000]",715,8405000
9,57,5,"[576,556,670,594,427]","[1652000,1628000,1991000,1839000,1232000]",670,8342000
9,58,5,"[611,528,651,639,426]","[1780000,1528000,1932000,1974000,1227000]",651,8441000
9,59,5,"[520,597,702,720,406]","[1543000,1707000,2037000,2160000,1188000]",720,8635000
9,60,5,"[674,605,686,708,469]","[2023000,1758000,2015000,2145000,1373000]",708,9314000
9,61,5,"[608,519,656,641,351]","[1769000,1520000,1941000,1975000,1058000]",656,8263000
9,62,5,"[521,594,666,704,411]","[1540000,1681000,1977000,2131000,1204000]",704,8533000
9,63,5,"[570,632,690,603,424]","[1650000,1806000,2012000,1854000,1230000]",690,8552000
9,64,5,"[853,464,673,594,417]","[2516000,1351000,2000000,1839000,1210000]",853,8916000
9,65,5,"[592,605,685,631,428]","[1708000,1730000,2006000,1916000,1238000]",685,8598000
9,66,5,"[671,628,678,648,445]","[2005000,1791000,2012000,1994000,1337000]",678,9139000
9,67,5,"[735,618,676,600,467]","[2163000,1734000,1994000,1854000,1355000]",735,9100000
9,68,5,"[612,502,719,611,375]","[1764000,1458000,2119000,1871000,1099000]",719,8311000
9,69,5,"[555,523,714,682,446]","[1659000,1506000,2076000,2079000,1290000]",714,8610000
9,70,5,"[607,507,730,622,392]","[1778000,1480000,2150000,1874000,1168000]",730,8450000
9,71,5,"[577,653,691,611,463]","[1623000,1859000,2023000,1870000,1283000]",691,8658000
9,72,5,"[608,602,679,594,389]","[1745000,1726000,2000000,1839000,1168000]",679,8478000
9,73,5,"[563,545,648,664,348]","[1630000,1560000,1920000,2081000,1032000]",664,8223000
9,74,5,"[619,511,687,603,422]","[1797000,1473000,2010000,1854000,1213000]",687,8347000
9,75,5,"[570,596,641,638,385]","[1644000,1712000,1906000,1969000,1163000]",641,8394000
9,76,5,"[782,479,695,595,460]","[2283000,1384000,2065000,1832000,1346000]",782,8910000
9,77,5,"[605,565,661,704,442]","[1763000,1624000,1949000,2131000,1263000]",704,8730000
9,78,5,"[607,647,636,656,423]","[1786000,1852000,1866000,1993000,1254000]",656,8751000
9,79,5,"[605,554,687,647,410]","[1756000,1608000,2010000,1962000,1189000]",687,8525000
9,80,5,"[607,506,716,621,390]","[1774000,1478000,2109000,1872000,1164000]",716,8397000
9,81,5,"[676,624,698,652,430]","[2000000,1768000,2071000,1994000,1313000]",698,9146000
9,82,5,"[620,552,701,615,430]","[1874000,1608000,2063000,1869000,1222000]",701,8636000
9,83,5,"[574,643,645,638,390]","[1662000,1831000,1905000,1937000,1173000]",645,8508000
9,84,5,"[630,510,670,593,395]","[1845000,1474000,1954000,1835000,1179000]",670,8287000
9,85,5,"[542,476,682,654,441]","[1601000,1387000,2015000,1989000,1234000]",682,8226000
9,86,5,"[622,499,633,593,425]","[1814000,1454000,1884000,1835000,1242000]",633,8229000
9,87,5,"[567,603,640,639,346]","[1638000,1724000,1895000,1971000,1040000]",640,8268000
9,88,5,"[644,524,632,598,455]","[1916000,1506000,1878000,1843000,1302000]",644,8445000
9,89,5,"[627,501,689,593,349]","[1820000,1456000,2071000,1835000,1042000]",689,8224000
9,90,5,"[566,641,615,657,385]","[1636000,1821000,1817000,2016000,1130000]",657,8420000
9,91,5,"[601,599,628,639,385]","[1746000,1720000,1847000,1971000,1149000]",639,8433000
9,92,5,"[598,600,632,638,424]","[1729000,1722000,1865000,1969000,1217000]",638,8502000
9,93,5,"[558,516,646,592,491]","[1659000,1488000,1937000,1835000,1408000]",646,8327000
9,94,5,"[567,648,633,616,379]","[1653000,1857000,1860000,1856000,1106000]",648,8332000
9,95,5,"[572,608,643,639,417]","[1660000,1736000,1901000,1969000,1231000]",643,8497000
9,96,5,"[571,639,618,657,425]","[1645000,1814000,1825000,2016000,1234000]",657,8534000
9,97,5,"[593,605,613,639,383]","[1710000,1730000,1817000,1974000,1159000]",639,8390000
9,98,5,"[622,510,647,593,392]","[1814000,1500000,1934000,1835000,1159000]",647,8242000
9,99,5,"[624,612,612,644,382]","[1797000,1761000,1812000,1975000,1136000]",644,8481000
9,100,5,"[614,537,640,638,435]","[1774000,1560000,1895000,1969000,1247000]",640,8445000
9,101,5,"[613,551,649,590,402]","[1834000,1582000,1947000,1785000,1170000]",649,8318000
9,102,5,"[632,503,647,593,390]","[1846000,1472000,1942000,1835000,1168000]",647,8263000
9,103,5,"[601,546,618,649,388]","[1748000,1607000,1841000,1980000,1151000]",649,8327000
10,1,5,"[398,572,646,613,536]","[1171000,1713000,1984000,1765000,1525000]",646,8158000
10,2,5,"[412,618,632,557,513]","[1226000,1851000,1945000,1643000,1503000]",632,8168000
10,3,5,"[536,566,614,617,510]","[1553000,1657000,1887000,1789000,1497000]",617,8383000
10,4,5,"[396,570,644,613,540]","[1167000,1713000,1984000,1765000,1531000]",644,8160000
10,5,5,"[412,618,605,586,513]","[1226000,1851000,1854000,1743000,1503000]",618,8177000
10,6,5,"[493,614,614,614,564]","[1426000,1813000,1887000,1786000,1604000]",614,8516000
10,7,5,"[532,541,615,617,561]","[1538000,1634000,1887000,1789000,1599000]",617,8447000
10,8,5,"[525,535,614,618,513]","[1533000,1603000,1891000,1800000,1503000]",618,8330000
10,9,5,"[406,612,640,564,562]","[1205000,1813000,1962000,1659000,1595000]",640,8234000
10,10,5,"[459,620,611,570,538]","[1321000,1851000,1853000,1676000,1555000]",620,8256000
10,11,5,"[407,603,641,569,564]","[1205000,1794000,1953000,1669000,1609000]",641,8230000
10,12,5,"[399,620,616,611,585]","[1173000,1842000,1877000,1771000,1656000]",620,8319000
10,13,5,"[407,603,641,569,564]","[1205000,1794000,1962000,1671000,1609000]",641,8241000
10,14,5,"[412,633,611,570,562]","[1225000,1887000,1873000,1676000,1605000]",633,8266000
10,15,5,"[510,570,632,557,531]","[1481000,1705000,1948000,1631000,1512000]",632,8277000
10,16,5,"[481,618,617,617,499]","[1413000,1850000,1868000,1826000,1448000]",618,8405000
10,17,5,"[415,629,611,617,538]","[1223000,1879000,1873000,1830000,1525000]",629,8330000
10,18,5,"[493,570,620,610,564]","[1429000,1700000,1898000,1777000,1605000]",620,8409000
10,19,5,"[409,600,644,615,529]","[1211000,1788000,1969000,1783000,1512000]",644,8263000
10,20,5,"[462,616,616,626,532]","[1330000,1827000,1869000,1859000,1512000]",626,8397000
10,21,5,"[416,516,660,579,565]","[1225000,1518000,2052000,1709000,1614000]",660,8118000
10,22,5,"[479,631,646,614,689]","[1404000,1843000,1994000,1807000,2036000]",689,9084000
10,23,5,"[492,614,655,571,564]","[1429000,1800000,2006000,1681000,1604000]",655,8520000
10,24,5,"[514,641,643,615,567]","[1511000,1912000,1970000,1797000,1626000]",643,8816000
10,25,5,"[525,563,650,613,489]","[1539000,1651000,1996000,1777000,1432000]",650,8395000
10,26,5,"[409,548,706,615,533]","[1211000,1624000,2147000,1772000,1532000]",706,8286000
10,27,5,"[494,559,659,615,564]","[1428000,1624000,2041000,1803000,1617000]",659,8513000
10,28,5,"[493,612,655,617,536]","[1428000,1800000,2006000,1786000,1537000]",655,8557000
10,29,5,"[409,605,684,557,565]","[1210000,1796000,2038000,1638000,1614000]",684,8296000
10,30,5,"[397,622,659,630,558]","[1163000,1859000,2003000,1827000,1580000]",659,8432000
10,31,5,"[454,557,666,618,587]","[1331000,1666000,2067000,1785000,1706000]",666,8555000
10,32,5,"[492,569,651,609,563]","[1427000,1700000,1975000,1773000,1603000]",651,8478000
10,33,5,"[720,567,646,670,618]","[2228000,1696000,1984000,1955000,1836000]",720,9699000
10,34,5,"[476,630,641,618,504]","[1399000,1860000,1957000,1833000,1453000]",641,8502000
10,35,5,"[490,606,647,612,493]","[1423000,1794000,1990000,1777000,1427000]",647,8411000
10,36,5,"[417,634,712,612,505]","[1243000,1875000,2153000,1813000,1455000]",712,8539000
10,37,5,"[492,541,657,613,510]","[1428000,1584000,2037000,1802000,1497000]",657,8348000
10,38,5,"[409,631,633,586,531]","[1211000,1879000,1947000,1692000,1516000]",633,8245000
10,39,5,"[452,555,696,644,531]","[1327000,1655000,2112000,1864000,1512000]",696,8470000
10,40,5,"[397,646,623,610,602]","[1169000,1929000,1870000,1767000,1708000]",646,8443000
10,41,5,"[454,618,611,617,505]","[1307000,1850000,1853000,1787000,1463000]",618,8260000
10,42,5,"[411,603,643,612,540]","[1215000,1794000,1967000,1780000,1524000]",643,8280000
10,43,5,"[423,619,642,602,506]","[1273000,1856000,1963000,1752000,1471000]",642,8315000
10,44,5,"[415,573,714,558,520]","[1228000,1704000,2171000,1650000,1508000]",714,8261000
10,45,5,"[488,640,641,615,574]","[1441000,1907000,1966000,1797000,1636000]",641,8747000
10,46,5,"[412,532,714,585,516]","[1226000,1589000,2174000,1730000,1518000]",714,8237000
10,47,5,"[409,601,641,619,529]","[1211000,1788000,1953000,1796000,1512000]",641,8260000
10,48,5,"[463,614,610,621,533]","[1332000,1820000,1842000,1836000,1520000]",621,8350000
10,49,5,"[540,582,709,608,607]","[1689000,1731000,2157000,1771000,1725000]",709,9073000
10,50,5,"[544,539,629,739,500]","[1579000,1624000,1918000,2232000,1443000]",739,8796000
10,51,5,"[491,575,644,567,511]","[1426000,1708000,1984000,1659000,1497000]",644,8274000
10,52,5,"[536,567,647,613,628]","[1582000,1698000,1990000,1765000,1847000]",647,8882000
10,53,5,"[402,624,650,592,586]","[1206000,1848000,1979000,1699000,1658000]",650,8390000
10,54,5,"[452,562,651,608,532]","[1327000,1672000,2011000,1776000,1512000]",651,8298000
10,55,5,"[412,619,644,560,513]","[1226000,1854000,1965000,1653000,1503000]",644,8201000
10,56,5,"[452,568,651,608,532]","[1327000,1675000,2011000,1776000,1512000]",651,8301000
10,57,5,"[412,535,698,609,513]","[1226000,1604000,2142000,1772000,1503000]",698,8247000
10,58,5,"[463,613,629,619,623]","[1334000,1826000,1914000,1813000,1780000]",629,8667000
10,59,5,"[450,590,646,612,528]","[1323000,1774000,1988000,1801000,1525000]",646,8411000
10,60,5,"[541,640,651,577,624]","[1689000,1904000,1985000,1676000,1776000]",651,9030000
10,61,5,"[540,617,600,621,580]","[1689000,1849000,1824000,1791000,1649000]",621,8802000
10,62,5,"[912,612,657,669,624]","[2816000,1800000,2007000,1959000,1851000]",912,10433000
10,63,5,"[417,634,724,612,505]","[1243000,1875000,2177000,1813000,1455000]",724,8563000
10,64,5,"[514,529,645,615,578]","[1492000,1569000,1986000,1779000,1675000]",645,8501000
10,65,5,"[446,547,700,590,565]","[1278000,1630000,2144000,1739000,1612000]",700,8403000
10,66,5,"[408,551,659,613,566]","[1205000,1636000,2041000,1802000,1625000]",659,8309000
10,67,5,"[490,607,646,567,510]","[1424000,1794000,1988000,1663000,1497000]",646,8366000
10,68,5,"[460,537,680,588,540]","[1320000,1595000,2051000,1740000,1570000]",680,8276000
10,69,5,"[540,620,642,609,604]","[1689000,1864000,1980000,1767000,1685000]",642,8985000
10,70,5,"[399,616,644,610,540]","[1173000,1795000,1984000,1763000,1527000]",644,8242000
10,71,5,"[413,617,633,561,518]","[1226000,1853000,1947000,1634000,1513000]",633,8173000
10,72,5,"[527,565,614,614,510]","[1537000,1651000,1887000,1786000,1497000]",614,8358000
10,73,5,"[400,566,644,642,541]","[1175000,1687000,1984000,1845000,1541000]",644,8232000
10,74,5,"[415,619,606,557,565]","[1232000,1853000,1854000,1643000,1639000]",619,8221000
10,75,5,"[493,614,614,614,564]","[1422000,1813000,1887000,1783000,1604000]",614,8509000
10,76,5,"[532,541,615,617,561]","[1542000,1634000,1887000,1792000,1599000]",617,8454000
10,77,5,"[525,534,617,679,516]","[1533000,1598000,1909000,1931000,1509000]",679,8480000
10,78,5,"[406,637,612,565,562]","[1205000,1905000,1871000,1664000,1595000]",637,8240000
10,79,5,"[458,577,650,572,535]","[1316000,1723000,1971000,1680000,1550000]",650,8240000
10,80,5,"[407,603,643,567,562]","[1205000,1791000,1970000,1669000,1605000]",643,8240000
10,81,5,"[399,620,616,611,585]","[1173000,1839000,1877000,1771000,1659000]",620,8319000
10,82,5,"[406,610,651,562,565]","[1205000,1810000,1989000,1655000,1620000]",651,8279000
10,83,5,"[408,631,615,564,563]","[1205000,1879000,1893000,1665000,1607000]",631,8249000
10,84,5,"[506,609,632,556,540]","[1477000,1778000,1945000,1631000,1545000]",632,8376000
10,85,5,"[479,619,616,624,530]","[1385000,1853000,1872000,1804000,1549000]",624,8463000
10,86,5,"[419,656,615,615,538]","[1233000,1930000,1878000,1827000,1529000]",656,8397000
10,87,5,"[490,596,610,568,562]","[1423000,1784000,1886000,1666000,1604000]",610,8363000
10,88,5,"[409,615,639,617,494]","[1220000,1814000,1962000,1783000,1453000]",639,8232000
10,89,5,"[460,617,639,600,528]","[1326000,1841000,1930000,1777000,1512000]",639,8386000
11,1,5,"[468,575,675,627,598]","[1408000,1681000,2019000,1837000,1764000]",675,8709000
11,2,5,"[507,636,609,603,596]","[1489000,1917000,1808000,1747000,1762000]",636,8723000
11,3,5,"[596,614,641,625,620]","[1760000,1793000,1894000,1802000,1777000]",641,9026000
11,4,5,"[505,628,684,567,595]","[1485000,1883000,1990000,1639000,1760000]",684,8757000
11,5,5,"[509,613,646,621,593]","[1499000,1793000,1905000,1812000,1756000]",646,8765000
11,6,5,"[483,596,679,615,600]","[1437000,1796000,1985000,1794000,1775000]",679,8787000
11,7,5,"[504,618,647,626,597]","[1486000,1842000,1901000,1801000,1773000]",647,8803000
11,8,5,"[461,588,690,651,599]","[1374000,1754000,2012000,1873000,1762000]",690,8775000
11,9,5,"[510,613,650,627,598]","[1500000,1799000,1936000,1833000,1766000]",650,8834000
11,10,5,"[460,581,680,670,603]","[1367000,1716000,1990000,1932000,1785000]",680,8790000
11,11,5,"[511,567,670,657,595]","[1489000,1698000,2005000,1856000,1758000]",670,8806000
11,12,5,"[566,616,648,641,594]","[1630000,1791000,1914000,1856000,1749000]",648,8940000
11,13,5,"[468,573,710,652,598]","[1395000,1665000,2095000,1872000,1762000]",710,8789000
11,14,5,"[647,609,642,624,623]","[1844000,1785000,1908000,1800000,1764000]",647,9101000
11,15,5,"[505,592,682,608,601]","[1484000,1769000,1997000,1771000,1776000]",682,8797000
11,16,5,"[506,636,679,574,598]","[1487000,1917000,1984000,1653000,1772000]",679,8813000
11,17,5,"[493,601,678,615,601]","[1453000,1806000,1985000,1794000,1790000]",678,8828000
11,18,5,"[510,576,674,627,597]","[1501000,1719000,2016000,1836000,1764000]",674,8836000
11,19,5,"[519,653,630,605,596]","[1503000,1942000,1878000,1768000,1764000]",653,8855000
11,20,5,"[518,613,630,655,596]","[1501000,1817000,1878000,1910000,1759000]",655,8865000
11,21,5,"[496,607,658,615,606]","[1469000,1781000,1943000,1784000,1782000]",658,8759000
11,22,5,"[473,567,671,654,596]","[1371000,1698000,2011000,1893000,1763000]",671,8736000
11,23,5,"[495,636,661,560,600]","[1444000,1904000,1966000,1620000,1779000]",661,8713000
11,24,5,"[630,604,717,663,586]","[1902000,1829000,2115000,1914000,1712000]",717,9472000
11,25,5,"[562,696,687,685,621]","[1600000,2016000,2025000,1953000,1767000]",696,9361000
11,26,5,"[512,570,676,599,601]","[1510000,1704000,2023000,1741000,1771000]",676,8749000
11,27,5,"[504,591,683,633,598]","[1471000,1767000,1991000,1833000,1775000]",683,8837000
11,28,5,"[528,719,683,607,598]","[1539000,2113000,1990000,1748000,1768000]",719,9158000
11,29,5,"[465,597,679,612,598]","[1387000,1758000,1983000,1788000,1773000]",679,8689000
11,30,5,"[510,567,694,656,597]","[1490000,1698000,2041000,1856000,1764000]",694,8849000
11,31,5,"[510,623,650,627,598]","[1500000,1819000,1936000,1833000,1766000]",650,8854000
11,32,5,"[570,721,644,733,623]","[1671000,2075000,1909000,2059000,1752000]",733,9466000
11,33,5,"[508,594,628,622,596]","[1503000,1718000,1856000,1814000,1754000]",628,8645000
11,34,5,"[470,594,744,667,598]","[1380000,1761000,2186000,1917000,1768000]",744,9012000
11,35,5,"[545,706,652,683,628]","[1563000,2032000,1946000,1972000,1778000]",706,9291000
11,36,5,"[516,569,718,603,605]","[1501000,1711000,2121000,1758000,1784000]",718,8875000
11,37,5,"[642,595,686,614,579]","[1941000,1777000,2007000,1782000,1704000]",686,9211000
11,38,5,"[542,697,680,691,593]","[1545000,2002000,2020000,1978000,1735000]",697,9280000
11,39,5,"[503,625,666,560,594]","[1480000,1877000,1977000,1620000,1758000]",666,8712000
11,40,5,"[460,582,603,671,599]","[1367000,1716000,1788000,1934000,1771000]",671,8576000
11,41,5,"[542,697,682,691,624]","[1545000,2002000,2024000,1982000,1770000]",697,9323000
11,42,5,"[471,541,737,670,595]","[1417000,1634000,2154000,1919000,1760000]",737,8884000
11,43,5,"[470,573,756,673,596]","[1394000,1707000,2194000,1923000,1768000]",756,8986000
11,44,5,"[467,695,654,654,605]","[1354000,2004000,1947000,1917000,1780000]",695,9002000
11,45,5,"[543,675,686,691,620]","[1543000,1980000,2016000,1967000,1748000]",691,9254000
11,46,5,"[505,592,685,607,598]","[1484000,1769000,1999000,1769000,1766000]",685,8787000
11,47,5,"[515,574,701,649,599]","[1510000,1715000,2068000,1868000,1768000]",701,8929000
11,48,5,"[478,576,743,669,599]","[1392000,1695000,2185000,1921000,1764000]",743,8957000
11,49,5,"[571,614,644,658,592]","[1645000,1810000,1896000,1898000,1751000]",658,9000000
11,50,5,"[512,605,648,631,598]","[1505000,1798000,1913000,1847000,1766000]",648,8829000
11,51,5,"[757,635,730,613,584]","[2367000,1906000,2111000,1777000,1713000]",757,9874000
11,52,5,"[514,574,655,632,603]","[1511000,1709000,1959000,1846000,1776000]",655,8801000
11,53,5,"[637,599,731,636,658]","[1921000,1801000,2170000,1857000,1964000]",731,9713000
11,54,5,"[507,615,683,624,603]","[1495000,1809000,2020000,1797000,1775000]",683,8896000
11,55,5,"[568,608,676,646,595]","[1630000,1786000,1980000,1864000,1755000]",676,9015000
11,56,5,"[491,598,660,615,598]","[1453000,1801000,1964000,1794000,1775000]",660,8787000
11,57,5,"[495,607,653,626,605]","[1470000,1781000,1941000,1831000,1776000]",653,8799000
11,58,5,"[528,577,683,657,597]","[1539000,1686000,2032000,1879000,1764000]",683,8900000
11,59,5,"[507,626,683,603,602]","[1483000,1827000,2000000,1749000,1783000]",683,8842000
11,60,5,"[510,560,718,626,599]","[1483000,1651000,2098000,1797000,1768000]",718,8797000
11,61,5,"[497,574,716,626,595]","[1470000,1724000,2087000,1801000,1758000]",716,8840000
11,62,5,"[467,566,743,669,594]","[1364000,1696000,2185000,1922000,1758000]",743,8925000
11,63,5,"[542,697,697,688,627]","[1545000,1999000,2054000,1976000,1776000]",697,9350000
11,64,5,"[514,573,661,628,598]","[1524000,1707000,1966000,1832000,1766000]",661,8795000
11,65,5,"[539,687,702,693,636]","[1520000,2010000,2066000,1962000,1798000]",702,9356000
11,66,5,"[465,597,672,627,597]","[1397000,1731000,2005000,1837000,1758000]",672,8728000
11,67,5,"[507,628,609,602,595]","[1489000,1886000,1804000,1741000,1760000]",628,8680000
11,68,5,"[679,547,641,625,620]","[1983000,1602000,1894000,1802000,1777000]",679,9058000
11,69,5,"[503,609,678,572,624]","[1475000,1826000,1998000,1644000,1841000]",678,8784000
11,70,5,"[511,616,652,625,599]","[1484000,1800000,1917000,1820000,1783000]",652,8804000
11,71,5,"[493,625,685,611,612]","[1488000,1857000,2003000,1769000,1814000]",685,8931000
11,72,5,"[495,626,638,629,600]","[1466000,1873000,1869000,1806000,1779000]",638,8793000
11,73,5,"[468,588,708,646,630]","[1418000,1762000,2042000,1865000,1821000]",708,8908000
11,74,5,"[502,608,657,624,606]","[1479000,1783000,1935000,1818000,1778000]",657,8793000
11,75,5,"[470,588,687,681,616]","[1415000,1754000,2022000,1967000,1816000]",687,8974000
11,76,5,"[511,567,670,634,653]","[1489000,1698000,2005000,1786000,1907000]",670,8885000
11,77,5,"[549,613,653,644,593]","[1589000,1789000,1933000,1867000,1748000]",653,8926000
11,78,5,"[468,524,709,721,598]","[1395000,1510000,2093000,2067000,1762000]",721,8827000
11,79,5,"[619,619,668,630,620]","[1762000,1820000,1987000,1817000,1765000]",668,9151000
11,80,5,"[485,594,682,637,593]","[1433000,1769000,1994000,1849000,1759000]",682,8804000
11,81,5,"[498,635,673,574,605]","[1475000,1921000,1974000,1662000,1781000]",673,8813000
11,82,5,"[497,588,678,612,597]","[1468000,1771000,1985000,1788000,1773000]",678,8785000
11,83,5,"[510,577,663,682,574]","[1501000,1719000,1980000,1976000,1680000]",682,8856000
11,84,5,"[519,653,582,638,593]","[1503000,1942000,1755000,1867000,1759000]",653,8826000
11,85,5,"[512,621,630,655,596]","[1486000,1834000,1878000,1910000,1764000]",655,8872000
12,1,5,"[483,646,677,641,550]","[1389000,1949000,1987000,1901000,1616000]",677,8842000
12,2,5,"[483,704,677,599,516]","[1389000,2113000,1987000,1735000,1506000]",704,8730000
12,3,5,"[439,767,642,577,520]","[1271000,2292000,1857000,1704000,1516000]",767,8640000
12,4,5,"[546,669,679,601,514]","[1557000,2012000,1997000,1735000,1494000]",679,8795000
12,5,5,"[435,707,709,578,521]","[1266000,2119000,2042000,1705000,1522000]",709,8654000
12,6,5,"[443,725,643,620,515]","[1286000,2161000,1865000,1829000,1501000]",725,8642000
12,7,5,"[486,707,677,599,497]","[1395000,2128000,1987000,1730000,1462000]",707,8702000
12,8,5,"[473,718,692,577,511]","[1369000,2140000,1987000,1694000,1490000]",718,8680000
12,9,5,"[499,737,643,564,518]","[1440000,2189000,1865000,1670000,1507000]",737,8671000
12,10,5,"[443,780,643,563,518]","[1286000,2320000,1865000,1670000,1507000]",780,8648000
12,11,5,"[468,704,703,599,514]","[1341000,2110000,2060000,1735000,1496000]",704,8742000
12,12,5,"[445,752,692,538,522]","[1288000,2221000,2029000,1613000,1507000]",752,8658000
12,13,5,"[422,803,642,565,520]","[1227000,2367000,1857000,1680000,1516000]",803,8647000
12,14,5,"[495,644,677,639,558]","[1434000,1933000,1987000,1883000,1637000]",677,8874000
12,15,5,"[483,713,692,577,514]","[1389000,2132000,1987000,1694000,1505000]",713,8707000
12,16,5,"[567,676,678,556,534]","[1665000,2015000,1987000,1648000,1528000]",678,8843000
12,17,5,"[437,778,643,568,524]","[1274000,2310000,1865000,1689000,1515000]",778,8653000
12,18,5,"[468,708,678,598,532]","[1341000,2118000,1987000,1730000,1553000]",708,8729000
12,19,5,"[483,715,693,578,516]","[1389000,2144000,1989000,1696000,1499000]",715,8717000
12,20,5,"[445,754,619,619,522]","[1288000,2231000,1826000,1809000,1507000]",754,8661000
12,21,5,"[437,781,641,572,507]","[1274000,2325000,1861000,1684000,1483000]",781,8627000
12,22,5,"[512,729,657,589,542]","[1502000,2168000,1917000,1751000,1547000]",729,8885000
12,23,5,"[454,708,752,643,514]","[1298000,2121000,2194000,1833000,1496000]",752,8942000
12,24,5,"[443,784,682,611,522]","[1286000,2336000,1946000,1763000,1513000]",784,8844000
12,25,5,"[443,751,663,616,521]","[1286000,2230000,1950000,1803000,1512000]",751,8781000
12,26,5,"[488,804,717,565,514]","[1396000,2367000,2052000,1664000,1494000]",804,8973000
12,27,5,"[387,723,749,618,525]","[1114000,2148000,2143000,1827000,1533000]",749,8765000
12,28,5,"[443,732,643,623,518]","[1286000,2173000,1865000,1835000,1516000]",732,8675000
12,29,5,"[485,704,721,552,498]","[1393000,2122000,2108000,1626000,1464000]",721,8713000
12,30,5,"[443,732,703,620,518]","[1286000,2165000,1978000,1825000,1510000]",732,8764000
12,31,5,"[393,776,715,599,526]","[1167000,2304000,2036000,1757000,1532000]",776,8796000
12,32,5,"[532,728,655,599,512]","[1532000,2155000,1903000,1724000,1492000]",728,8806000
12,33,5,"[489,740,676,599,498]","[1400000,2209000,1967000,1718000,1467000]",740,8761000
12,34,5,"[504,726,652,692,521]","[1456000,2162000,1904000,2015000,1535000]",726,9072000
12,35,5,"[535,750,684,570,511]","[1534000,2181000,2004000,1663000,1490000]",750,8872000
12,36,5,"[435,717,709,576,527]","[1266000,2145000,2042000,1695000,1534000]",717,8682000
12,37,5,"[439,764,642,587,520]","[1271000,2287000,1857000,1718000,1516000]",764,8649000
12,38,5,"[523,761,656,684,546]","[1553000,2224000,1904000,1987000,1580000]",761,9248000
12,39,5,"[483,796,641,580,516]","[1389000,2362000,1826000,1700000,1500000]",796,8777000
12,40,5,"[443,780,643,578,518]","[1286000,2320000,1865000,1700000,1507000]",780,8678000
12,41,5,"[502,721,704,696,523]","[1452000,2153000,2008000,2019000,1536000]",721,9168000
12,42,5,"[443,700,725,610,516]","[1286000,2082000,2104000,1784000,1506000]",725,8762000
12,43,5,"[489,739,694,621,521]","[1400000,2195000,2018000,1785000,1522000]",739,8920000
12,44,5,"[507,799,706,675,518]","[1471000,2351000,2027000,1923000,1520000]",799,9292000
12,45,5,"[468,783,715,537,539]","[1393000,2306000,2045000,1599000,1539000]",783,8882000
12,46,5,"[489,701,726,545,514]","[1400000,2107000,2127000,1594000,1505000]",726,8733000
12,47,5,"[486,707,689,585,497]","[1395000,2128000,2002000,1713000,1462000]",707,8700000
12,48,5,"[468,793,694,572,511]","[1341000,2326000,1997000,1664000,1490000]",793,8818000
12,49,5,"[429,711,714,578,519]","[1255000,2133000,2067000,1705000,1509000]",714,8669000
12,50,5,"[483,710,632,587,516]","[1389000,2134000,1864000,1720000,1500000]",710,8607000
12,51,5,"[443,725,755,551,521]","[1286000,2161000,2151000,1627000,1509000]",755,8734000
12,52,5,"[422,779,642,620,520]","[1227000,2277000,1857000,1831000,1516000]",779,8708000
12,53,5,"[454,740,751,599,522]","[1337000,2212000,2168000,1724000,1511000]",751,8952000
12,54,5,"[473,705,639,616,511]","[1369000,2117000,1851000,1802000,1490000]",705,8629000
12,55,5,"[483,792,640,577,515]","[1389000,2364000,1826000,1694000,1499000]",792,8772000
12,56,5,"[548,721,710,565,561]","[1590000,2142000,2041000,1682000,1666000]",721,9121000
12,57,5,"[443,798,643,572,515]","[1286000,2350000,1865000,1694000,1501000]",798,8696000
12,58,5,"[477,715,703,614,511]","[1364000,2109000,2060000,1798000,1490000]",715,8821000
12,59,5,"[513,732,679,555,535]","[1501000,2176000,1997000,1648000,1530000]",732,8852000
12,60,5,"[468,701,752,571,513]","[1341000,2104000,2179000,1667000,1494000]",752,8785000
12,61,5,"[452,786,697,582,533]","[1337000,2333000,2003000,1705000,1527000]",786,8905000
12,62,5,"[514,731,724,551,532]","[1503000,2176000,2132000,1612000,1525000]",731,8948000
12,63,5,"[474,770,792,577,518]","[1359000,2287000,2219000,1703000,1513000]",792,9081000
12,64,5,"[446,761,636,650,521]","[1288000,2236000,1875000,1865000,1503000]",761,8767000
12,65,5,"[455,778,715,595,534]","[1342000,2312000,2051000,1745000,1525000]",778,8975000
12,66,5,"[387,793,720,565,518]","[1114000,2357000,2052000,1680000,1516000]",793,8719000
12,67,5,"[450,710,682,646,565]","[1293000,2115000,2003000,1906000,1667000]",710,8984000
12,68,5,"[473,701,724,575,513]","[1360000,2104000,2123000,1675000,1494000]",724,8756000
12,69,5,"[467,748,714,592,524]","[1358000,2215000,2058000,1729000,1515000]",748,8875000
12,70,5,"[443,785,696,545,515]","[1286000,2344000,2001000,1602000,1501000]",785,8734000
12,71,5,"[545,733,639,575,513]","[1555000,2160000,1851000,1715000,1494000]",733,8775000
12,72,5,"[475,710,653,652,522]","[1375000,2068000,1906000,1910000,1533000]",710,8792000
12,73,5,"[453,756,695,615,518]","[1296000,2213000,1972000,1821000,1516000]",756,8818000
12,74,5,"[515,734,725,586,518]","[1481000,2189000,2107000,1724000,1520000]",734,9021000
12,75,5,"[452,741,679,593,527]","[1304000,2208000,1997000,1732000,1525000]",741,8766000
12,76,5,"[503,738,682,637,518]","[1451000,2179000,2003000,1856000,1520000]",738,9009000
12,77,5,"[502,654,628,649,675]","[1475000,1961000,1832000,1901000,1927000]",675,9096000
12,78,5,"[484,702,732,598,514]","[1389000,2107000,2101000,1724000,1502000]",732,8823000
12,79,5,"[447,775,642,578,520]","[1293000,2299000,1857000,1703000,1516000]",775,8668000
12,80,5,"[544,671,681,596,567]","[1565000,2014000,1997000,1696000,1650000]",681,8922000
12,81,5,"[435,701,711,578,523]","[1266000,2103000,2042000,1705000,1522000]",711,8638000
12,82,5,"[453,729,646,620,516]","[1308000,2165000,1877000,1829000,1503000]",729,8682000
12,83,5,"[480,707,677,599,497]","[1383000,2128000,1987000,1730000,1462000]",707,8690000
12,84,5,"[555,708,692,590,511]","[1597000,2064000,1987000,1735000,1490000]",708,8873000
12,85,5,"[541,736,645,582,519]","[1544000,2189000,1869000,1712000,1509000]",736,8823000
12,86,5,"[440,782,667,567,526]","[1271000,2316000,1916000,1678000,1523000]",782,8704000
12,87,5,"[487,707,706,565,529]","[1436000,2116000,2060000,1694000,1519000]",707,8825000
12,88,5,"[453,747,692,538,519]","[1307000,2211000,2029000,1613000,1505000]",747,8665000
12,89,5,"[417,823,646,566,518]","[1218000,2423000,1864000,1685000,1516000]",823,8706000
12,90,5,"[510,644,677,639,573]","[1451000,1929000,1987000,1886000,1725000]",677,8978000
12,91,5,"[485,766,699,580,494]","[1393000,2270000,2001000,1709000,1441000]",766,8814000
12,92,5,"[540,678,680,558,539]","[1629000,2019000,1991000,1668000,1537000]",680,8844000
12,93,5,"[437,779,659,568,529]","[1274000,2310000,1884000,1678000,1532000]",779,8678000
12,94,5,"[467,706,677,599,530]","[1342000,2117000,1987000,1735000,1549000]",706,8730000
12,95,5,"[486,715,692,559,573]","[1404000,2144000,1987000,1628000,1649000]",715,8812000
12,96,5,"[440,748,617,623,522]","[1271000,2225000,1825000,1813000,1513000]",748,8647000
13,1,5,"[452,494,602,633,619]","[1336000,1418000,1819000,1878000,1835000]",633,8286000
13,2,5,"[455,494,602,628,624]","[1345000,1418000,1819000,1856000,1872000]",628,8310000
13,3,5,"[500,525,602,606,607]","[1477000,1509000,1819000,1809000,1796000]",607,8410000
13,4,5,"[515,529,628,605,612]","[1543000,1496000,1875000,1733000,1840000]",628,8487000
13,5,5,"[452,566,551,633,619]","[1336000,1621000,1660000,1878000,1835000]",633,8330000
13,6,5,"[487,600,608,602,591]","[1420000,1712000,1823000,1803000,1757000]",608,8515000
13,7,5,"[564,546,616,615,588]","[1680000,1546000,1844000,1791000,1746000]",616,8607000
13,8,5,"[456,494,612,673,615]","[1345000,1423000,1843000,1973000,1821000]",673,8405000
13,9,5,"[544,451,607,613,642]","[1577000,1307000,1829000,1819000,1914000]",642,8446000
13,10,5,"[575,485,626,608,613]","[1719000,1354000,1875000,1739000,1842000]",626,8529000
13,11,5,"[486,572,603,620,629]","[1421000,1619000,1819000,1804000,1838000]",629,8501000
13,12,5,"[500,503,602,644,601]","[1477000,1444000,1819000,1906000,1796000]",644,8442000
13,13,5,"[437,576,602,635,623]","[1315000,1625000,1819000,1877000,1845000]",635,8481000
13,14,5,"[407,545,604,676,616]","[1204000,1572000,1821000,1979000,1823000]",676,8399000
13,15,5,"[522,453,607,610,648]","[1533000,1311000,1829000,1813000,1934000]",648,8420000
13,16,5,"[491,588,626,626,604]","[1456000,1646000,1875000,1846000,1784000]",626,8607000
13,17,5,"[452,574,602,633,623]","[1336000,1625000,1819000,1875000,1855000]",633,8510000
13,18,5,"[613,530,617,617,589]","[1799000,1486000,1846000,1792000,1751000]",617,8674000
13,19,5,"[500,506,602,644,607]","[1477000,1450000,1819000,1906000,1796000]",644,8448000
13,20,5,"[453,501,603,676,622]","[1336000,1432000,1819000,1977000,1844000]",676,8408000
13,21,5,"[465,548,589,668,688]","[1371000,1556000,1733000,2019000,2000000]",688,8679000
13,22,5,"[452,521,618,635,621]","[1336000,1507000,1829000,1879000,1854000]",635,8405000
13,23,5,"[584,541,611,609,616]","[1691000,1526000,1836000,1739000,1859000]",616,8651000
13,24,5,"[433,495,610,628,613]","[1296000,1424000,1798000,1865000,1817000]",628,8200000
13,25,5,"[515,503,610,625,610]","[1519000,1492000,1835000,1852000,1811000]",625,8509000
13,26,5,"[417,562,618,637,623]","[1230000,1631000,1833000,1889000,1858000]",637,8441000
13,27,5,"[448,510,604,676,620]","[1328000,1454000,1824000,1979000,1834000]",676,8419000
13,28,5,"[497,503,609,667,605]","[1477000,1450000,1800000,1990000,1805000]",667,8522000
13,29,5,"[468,562,606,668,604]","[1377000,1610000,1794000,1996000,1800000]",668,8577000
13,30,5,"[458,575,603,629,633]","[1357000,1625000,1819000,1840000,1863000]",633,8504000
13,31,5,"[456,571,602,732,633]","[1353000,1619000,1819000,2089000,1859000]",732,8739000
13,32,5,"[448,548,602,634,620]","[1328000,1549000,1819000,1877000,1831000]",634,8404000
13,33,5,"[491,513,616,685,604]","[1456000,1452000,1838000,1965000,1796000]",685,8507000
13,34,5,"[521,542,603,623,630]","[1534000,1519000,1819000,1801000,1843000]",630,8516000
13,35,5,"[492,464,602,636,621]","[1458000,1316000,1819000,1875000,1842000]",636,8310000
13,36,5,"[638,631,624,614,589]","[1879000,1796000,1855000,1787000,1751000]",638,9068000
13,37,5,"[484,562,604,643,633]","[1418000,1604000,1784000,1937000,1872000]",643,8615000
13,38,5,"[468,603,608,666,643]","[1377000,1689000,1797000,1992000,1920000]",666,8775000
13,39,5,"[464,541,607,669,640]","[1369000,1544000,1799000,2004000,1892000]",669,8608000
13,40,5,"[461,496,588,665,669]","[1358000,1430000,1752000,1986000,1945000]",669,8471000
13,41,5,"[491,490,603,639,629]","[1438000,1412000,1784000,1840000,1840000]",639,8314000
13,42,5,"[473,507,608,633,644]","[1384000,1437000,1829000,1857000,1925000]",644,8432000
13,43,5,"[452,578,608,627,641]","[1336000,1634000,1840000,1806000,1877000]",641,8493000
13,44,5,"[542,565,611,634,606]","[1595000,1586000,1825000,1839000,1770000]",634,8615000
13,45,5,"[486,506,629,695,599]","[1444000,1431000,1886000,1991000,1786000]",695,8538000
13,46,5,"[465,493,589,704,634]","[1377000,1415000,1754000,2068000,1884000]",704,8498000
13,47,5,"[491,513,650,634,608]","[1456000,1458000,1920000,1845000,1816000]",650,8495000
13,48,5,"[472,601,624,642,590]","[1400000,1695000,1847000,1884000,1774000]",642,8600000
13,49,5,"[463,493,606,630,615]","[1362000,1418000,1790000,1863000,1821000]",630,8254000
13,50,5,"[452,510,603,661,631]","[1336000,1449000,1819000,1931000,1844000]",661,8379000
13,51,5,"[491,533,624,634,605]","[1456000,1513000,1848000,1853000,1798000]",634,8468000
13,52,5,"[463,498,608,645,654]","[1358000,1429000,1827000,1899000,1956000]",654,8469000
13,53,5,"[491,463,607,675,619]","[1456000,1316000,1833000,1977000,1838000]",675,8420000
13,54,5,"[526,560,606,601,591]","[1534000,1576000,1823000,1803000,1770000]",606,8506000
13,55,5,"[494,465,602,631,621]","[1465000,1318000,1819000,1856000,1857000]",631,8315000
13,56,5,"[493,588,568,665,603]","[1460000,1653000,1697000,1990000,1790000]",665,8590000
13,57,5,"[593,584,621,654,666]","[1731000,1699000,1820000,1920000,1962000]",666,9132000
13,58,5,"[501,565,617,651,663]","[1485000,1598000,1816000,1905000,1950000]",663,8754000
13,59,5,"[524,459,606,644,611]","[1537000,1322000,1827000,1906000,1844000]",644,8436000
13,60,5,"[458,554,604,696,634]","[1357000,1570000,1824000,2048000,1868000]",696,8667000
13,61,5,"[455,500,605,713,680]","[1342000,1437000,1825000,2057000,1990000]",713,8651000
13,62,5,"[522,543,603,622,630]","[1536000,1521000,1819000,1808000,1838000]",630,8522000
13,63,5,"[492,462,624,648,669]","[1461000,1310000,1842000,1899000,1961000]",669,8473000
13,64,5,"[491,499,595,669,652]","[1410000,1430000,1768000,2001000,1955000]",669,8564000
13,65,5,"[463,504,592,699,623]","[1364000,1439000,1756000,2045000,1853000]",699,8457000
13,66,5,"[482,560,604,666,634]","[1414000,1594000,1784000,1992000,1880000]",666,8664000
13,67,5,"[500,501,611,640,640]","[1492000,1440000,1822000,1868000,1848000]",640,8470000
13,68,5,"[579,406,606,645,610]","[1698000,1163000,1827000,1906000,1839000]",645,8433000
13,69,5,"[524,458,608,641,615]","[1531000,1321000,1831000,1877000,1833000]",641,8393000
13,70,5,"[557,461,606,644,601]","[1645000,1312000,1827000,1906000,1796000]",644,8486000
13,71,5,"[476,498,588,668,647]","[1390000,1430000,1752000,1992000,1929000]",668,8493000
13,72,5,"[595,414,606,646,613]","[1724000,1174000,1827000,1910000,1838000]",646,8473000
13,73,5,"[454,498,602,624,638]","[1338000,1428000,1819000,1854000,1876000]",638,8315000
13,74,5,"[452,497,609,627,618]","[1336000,1423000,1833000,1859000,1851000]",627,8302000
13,75,5,"[497,518,604,568,634]","[1477000,1495000,1819000,1701000,1887000]",634,8379000
13,76,5,"[513,528,612,615,611]","[1533000,1494000,1838000,1762000,1835000]",615,8462000
13,77,5,"[466,566,551,631,617]","[1370000,1621000,1660000,1871000,1825000]",631,8347000
13,78,5,"[506,605,609,601,595]","[1471000,1697000,1828000,1803000,1781000]",609,8580000
13,79,5,"[566,546,678,685,588]","[1680000,1543000,1949000,1952000,1746000]",685,8870000
13,80,5,"[454,490,612,629,662]","[1341000,1415000,1843000,1835000,1963000]",662,8397000
13,81,5,"[544,451,564,692,642]","[1577000,1307000,1686000,2034000,1914000]",692,8518000
13,82,5,"[571,486,626,611,614]","[1706000,1354000,1875000,1745000,1847000]",626,8527000
13,83,5,"[485,601,603,622,628]","[1422000,1687000,1819000,1804000,1838000]",628,8570000
13,84,5,"[500,522,602,606,601]","[1477000,1503000,1819000,1809000,1796000]",606,8404000
13,85,5,"[440,574,618,706,620]","[1310000,1624000,1824000,2039000,1840000]",706,8637000
13,86,5,"[468,541,581,680,616]","[1350000,1551000,1753000,1981000,1820000]",680,8455000
13,87,5,"[521,501,607,609,647]","[1528000,1405000,1829000,1824000,1929000]",647,8515000
13,88,5,"[503,588,626,626,613]","[1483000,1646000,1875000,1846000,1798000]",626,8648000
13,89,5,"[453,635,602,634,574]","[1336000,1807000,1819000,1877000,1688000]",635,8527000
13,90,5,"[620,524,616,612,594]","[1822000,1481000,1844000,1785000,1762000]",620,8694000
13,91,5,"[499,510,602,643,611]","[1477000,1458000,1819000,1896000,1808000]",643,8458000
13,92,5,"[454,505,604,675,619]","[1340000,1447000,1821000,1975000,1826000]",675,8409000
14,1,5,"[539,634,666,629,403]","[1622000,1878000,1974000,1841000,1160000]",666,8475000
14,2,5,"[625,627,614,629,405]","[1846000,1866000,1807000,1846000,1160000]",629,8525000
14,3,5,"[538,703,707,534,378]","[1622000,2060000,2098000,1564000,1089000]",707,8433000
14,4,5,"[562,605,691,599,402]","[1689000,1797000,2054000,1756000,1162000]",691,8458000
14,5,5,"[562,617,638,601,456]","[1689000,1830000,1894000,1753000,1315000]",638,8481000
14,6,5,"[513,705,705,582,372]","[1542000,2064000,2094000,1680000,1079000]",705,8459000
14,7,5,"[624,631,605,643,405]","[1846000,1870000,1780000,1893000,1160000]",643,8549000
14,8,5,"[538,706,711,534,376]","[1622000,2065000,2106000,1573000,1083000]",711,8449000
14,9,5,"[563,669,637,600,403]","[1689000,1983000,1883000,1762000,1160000]",669,8477000
14,10,5,"[563,668,639,602,402]","[1691000,1981000,1896000,1758000,1162000]",668,8488000
14,11,5,"[560,603,691,607,403]","[1685000,1797000,2044000,1790000,1160000]",691,8476000
14,12,5,"[560,642,649,628,403]","[1685000,1904000,1934000,1835000,1160000]",649,8518000
14,13,5,"[653,629,589,600,410]","[1945000,1870000,1748000,1762000,1168000]",653,8493000
14,14,5,"[540,632,648,656,403]","[1624000,1876000,1928000,1908000,1160000]",656,8496000
14,15,5,"[532,720,706,542,374]","[1601000,2106000,2094000,1572000,1083000]",720,8456000
14,16,5,"[538,706,707,543,374]","[1622000,2075000,2098000,1582000,1083000]",707,8460000
14,17,5,"[532,717,705,546,374]","[1601000,2103000,2094000,1577000,1083000]",717,8458000
14,18,5,"[561,620,643,608,489]","[1690000,1843000,1900000,1771000,1388000]",643,8592000
14,19,5,"[532,717,705,546,374]","[1601000,2103000,2094000,1577000,1083000]",717,8458000
14,20,5,"[540,631,662,662,403]","[1622000,1874000,1945000,1922000,1160000]",662,8523000
14,21,5,"[560,698,770,662,392]","[1732000,1989000,2237000,1899000,1128000]",770,8985000
14,22,5,"[559,649,773,633,393]","[1727000,1880000,2245000,1817000,1130000]",773,8799000
14,23,5,"[561,693,717,631,408]","[1641000,2005000,2090000,1851000,1179000]",717,8766000
14,24,5,"[536,668,743,642,473]","[1616000,1978000,2173000,1847000,1408000]",743,9022000
14,25,5,"[498,743,720,613,460]","[1480000,2176000,2108000,1778000,1334000]",743,8876000
14,26,5,"[545,654,798,614,416]","[1666000,1899000,2304000,1740000,1211000]",798,8820000
14,27,5,"[558,655,777,689,396]","[1717000,1949000,2258000,1938000,1143000]",777,9005000
14,28,5,"[636,695,704,600,438]","[1892000,2020000,2046000,1764000,1287000]",704,9009000
14,29,5,"[523,760,744,561,372]","[1532000,2216000,2174000,1635000,1083000]",760,8640000
14,30,5,"[593,694,707,603,408]","[1741000,2015000,2061000,1768000,1175000]",707,8760000
14,31,5,"[498,757,695,664,375]","[1480000,2213000,2039000,1917000,1104000]",757,8753000
14,32,5,"[504,728,691,605,404]","[1488000,2128000,2054000,1766000,1166000]",728,8602000
14,33,5,"[542,660,769,580,444]","[1630000,1923000,2237000,1653000,1322000]",769,8765000
14,34,5,"[588,753,667,617,384]","[1723000,2205000,1952000,1795000,1137000]",753,8812000
14,35,5,"[541,664,690,604,406]","[1626000,1945000,2043000,1777000,1166000]",690,8557000
14,36,5,"[560,620,694,628,431]","[1685000,1836000,2030000,1812000,1267000]",694,8630000
14,37,5,"[539,713,770,675,410]","[1630000,2038000,2239000,1927000,1226000]",770,9060000
14,38,5,"[518,751,746,637,395]","[1585000,2177000,2166000,1842000,1137000]",751,8907000
14,39,5,"[601,709,777,618,377]","[1843000,2057000,2253000,1748000,1095000]",777,8996000
14,40,5,"[619,665,658,636,401]","[1841000,1946000,1910000,1848000,1177000]",665,8722000
14,41,5,"[668,637,686,615,550]","[1924000,1889000,1998000,1803000,1652000]",686,9266000
14,42,5,"[498,743,720,613,435]","[1480000,2176000,2108000,1778000,1284000]",743,8826000
14,43,5,"[695,670,691,604,422]","[2045000,1947000,2049000,1787000,1223000]",695,9051000
14,44,5,"[539,718,656,605,400]","[1624000,2111000,1906000,1771000,1165000]",718,8577000
14,45,5,"[497,768,663,688,454]","[1480000,2217000,1923000,1980000,1307000]",768,8907000
14,46,5,"[562,790,659,614,647]","[1703000,2285000,1921000,1782000,1967000]",790,9658000
14,47,5,"[538,704,715,644,374]","[1626000,2071000,2075000,1823000,1087000]",715,8682000
14,48,5,"[629,623,697,629,457]","[1924000,1849000,2032000,1814000,1322000]",697,8941000
14,49,5,"[605,717,687,569,510]","[1777000,2090000,2007000,1651000,1539000]",717,9064000
14,50,5,"[525,783,708,629,374]","[1501000,2325000,2099000,1781000,1083000]",783,8789000
14,51,5,"[584,663,664,631,449]","[1790000,1959000,1927000,1810000,1290000]",664,8776000
14,52,5,"[543,721,795,660,433]","[1651000,2117000,2270000,1884000,1276000]",795,9198000
14,53,5,"[540,699,771,629,505]","[1632000,2034000,2228000,1831000,1574000]",771,9299000
14,54,5,"[580,670,658,621,431]","[1697000,1983000,1943000,1755000,1285000]",670,8663000
14,55,5,"[582,659,774,577,481]","[1762000,1916000,2247000,1639000,1464000]",774,9028000
14,56,5,"[532,660,770,654,372]","[1601000,1926000,2242000,1860000,1083000]",770,8712000
14,57,5,"[547,778,705,601,372]","[1580000,2249000,2094000,1719000,1079000]",778,8721000
14,58,5,"[538,777,680,678,380]","[1622000,2227000,1963000,1943000,1129000]",777,8884000
14,59,5,"[661,602,708,610,463]","[1902000,1793000,2069000,1793000,1322000]",708,8879000
14,60,5,"[541,681,698,620,403]","[1626000,2009000,2047000,1799000,1181000]",698,8662000
14,61,5,"[531,787,668,653,403]","[1581000,2288000,1927000,1907000,1181000]",787,8884000
14,62,5,"[561,638,650,613,404]","[1695000,1895000,1924000,1786000,1160000]",650,8460000
14,63,5,"[543,655,832,613,375]","[1637000,1904000,2373000,1766000,1089000]",832,8769000
14,64,5,"[498,759,648,629,403]","[1480000,2213000,1929000,1839000,1160000]",759,8621000
14,65,5,"[516,748,774,714,393]","[1575000,2153000,2243000,2021000,1127000]",774,9119000
14,66,5,"[559,784,657,614,587]","[1703000,2279000,1906000,1791000,1787000]",784,9466000
14,67,5,"[591,807,683,515,384]","[1726000,2347000,2032000,1479000,1128000]",807,8712000
14,68,5,"[561,757,694,661,395]","[1701000,2213000,2039000,1909000,1172000]",757,9034000
14,69,5,"[518,783,724,631,395]","[1585000,2259000,2111000,1827000,1137000]",783,8919000
14,70,5,"[602,665,713,540,382]","[1771000,1963000,2106000,1585000,1120000]",713,8545000
14,71,5,"[593,694,724,601,406]","[1741000,2015000,2086000,1766000,1175000]",724,8783000
14,72,5,"[624,627,664,612,405]","[1846000,1866000,1927000,1794000,1181000]",664,8614000
14,73,5,"[498,726,741,637,380]","[1480000,2122000,2178000,1829000,1119000]",741,8728000
14,74,5,"[812,848,710,584,553]","[2575000,2449000,2047000,1697000,1685000]",848,10453000
14,75,5,"[585,649,773,647,428]","[1824000,1883000,2245000,1862000,1254000]",773,9068000
14,76,5,"[523,730,773,652,372]","[1532000,2102000,2241000,1857000,1083000]",773,8815000
14,77,5,"[559,653,797,633,393]","[1727000,1897000,2293000,1817000,1130000]",797,8864000
14,78,5,"[563,730,699,600,407]","[1712000,2126000,2069000,1782000,1183000]",730,8872000
14,79,5,"[518,717,657,702,443]","[1585000,2105000,1906000,2008000,1277000]",717,8881000
14,80,5,"[578,633,704,599,427]","[1718000,1881000,2041000,1762000,1270000]",704,8672000
14,81,5,"[537,655,740,632,461]","[1612000,1937000,2176000,1823000,1370000]",740,8918000
14,82,5,"[540,712,634,651,444]","[1651000,2099000,1847000,1906000,1327000]",712,8830000
14,83,5,"[479,796,714,653,383]","[1422000,2307000,2108000,1899000,1129000]",796,8865000
14,84,5,"[560,691,718,633,400]","[1722000,2012000,2102000,1803000,1150000]",718,8789000
14,85,5,"[470,801,774,582,374]","[1396000,2338000,2252000,1665000,1093000]",801,8744000
14,86,5,"[623,637,669,632,505]","[1823000,1898000,1941000,1846000,1523000]",669,9031000
14,87,5,"[562,613,754,630,401]","[1689000,1796000,2189000,1825000,1177000]",754,8676000
14,88,5,"[599,658,782,705,383]","[1843000,1910000,2254000,2006000,1115000]",782,9128000
14,89,5,"[578,707,676,627,602]","[1693000,2089000,1953000,1813000,1840000]",707,9388000
14,90,5,"[564,754,700,645,384]","[1656000,2199000,2032000,1856000,1132000]",754,8875000
14,91,5,"[532,658,776,639,372]","[1601000,1916000,2258000,1818000,1083000]",776,8676000
14,92,5,"[563,621,681,629,454]","[1700000,1842000,2000000,1816000,1307000]",681,8665000
14,93,5,"[497,775,777,618,464]","[1480000,2216000,2248000,1791000,1342000]",777,9077000
14,94,5,"[541,651,666,631,407]","[1622000,1947000,1941000,1845000,1180000]",666,8535000
14,95,5,"[638,628,615,629,408]","[1902000,1866000,1805000,1828000,1175000]",638,8576000
14,96,5,"[560,666,708,537,382]","[1685000,1965000,2098000,1565000,1120000]",708,8433000
14,97,5,"[562,568,735,600,402]","[1689000,1700000,2175000,1756000,1162000]",735,8482000
14,98,5,"[563,699,643,600,458]","[1691000,1996000,1900000,1755000,1319000]",699,8661000
14,99,5,"[520,707,753,582,372]","[1552000,2068000,2186000,1685000,1089000]",753,8580000
14,100,5,"[623,639,567,705,405]","[1846000,1899000,1659000,2061000,1160000]",705,8625000
14,101,5,"[538,732,679,535,378]","[1622000,2151000,2009000,1569000,1089000]",732,8440000
14,102,5,"[563,669,637,600,403]","[1689000,1983000,1883000,1768000,1174000]",669,8497000
14,103,5,"[565,723,639,602,390]","[1698000,2110000,1896000,1758000,1117000]",723,8579000
14,104,5,"[560,615,689,605,403]","[1685000,1817000,2039000,1783000,1160000]",689,8484000
14,105,5,"[560,642,649,628,403]","[1685000,1904000,1934000,1835000,1160000]",649,8518000
14,106,5,"[654,627,602,593,410]","[1943000,1866000,1795000,1741000,1168000]",654,8513000
14,107,5,"[602,595,643,657,403]","[1770000,1781000,1900000,1914000,1160000]",657,8525000
14,108,5,"[532,773,707,511,374]","[1601000,2251000,2104000,1467000,1083000]",773,8506000
14,109,5,"[561,706,705,543,373]","[1670000,2075000,2094000,1582000,1084000]",706,8505000
14,110,5,"[560,714,706,553,382]","[1674000,2103000,2094000,1608000,1097000]",714,8576000
14,111,5,"[569,618,643,600,488]","[1698000,1835000,1903000,1764000,1393000]",643,8593000
14,112,5,"[532,716,708,545,374]","[1601000,2099000,2100000,1577000,1083000]",716,8460000
14,113,5,"[561,642,659,632,403]","[1687000,1910000,1945000,1843000,1160000]",659,8545000
15,1,5,"[684,688,660,690,523]","[1974000,2108000,1973000,2052000,1568000]",690,9675000
15,2,5,"[642,693,689,575,523]","[1820000,2130000,2034000,1707000,1535000]",693,9226000
15,3,5,"[627,695,666,526,555]","[1796000,2132000,1966000,1536000,1625000]",695,9055000
15,4,5,"[623,697,689,514,500]","[1790000,2147000,2065000,1466000,1468000]",697,8936000
15,5,5,"[642,704,693,495,505]","[1835000,2150000,2068000,1425000,1475000]",704,8953000
15,6,5,"[639,700,691,503,505]","[1829000,2150000,2060000,1450000,1475000]",700,8964000
15,7,5,"[632,693,688,590,520]","[1792000,2130000,2050000,1755000,1534000]",693,9261000
15,8,5,"[690,688,662,690,520]","[1998000,2100000,1978000,2047000,1562000]",690,9685000
15,9,5,"[632,693,688,588,520]","[1792000,2130000,2050000,1755000,1534000]",693,9261000
15,10,5,"[632,695,666,526,600]","[1804000,2135000,1966000,1532000,1752000]",695,9189000
15,11,5,"[648,697,688,503,538]","[1879000,2150000,2050000,1452000,1587000]",697,9118000
15,12,5,"[631,694,666,601,555]","[1816000,2130000,1966000,1753000,1625000]",694,9290000
15,13,5,"[666,666,668,692,587]","[1913000,2050000,1951000,2053000,1762000]",692,9729000
15,14,5,"[669,655,670,691,590]","[1923000,1994000,1993000,2069000,1768000]",691,9747000
15,15,5,"[638,699,701,492,539]","[1823000,2150000,2082000,1421000,1602000]",701,9078000
15,16,5,"[678,698,695,471,538]","[1971000,2149000,2072000,1367000,1602000]",698,9161000
15,17,5,"[635,697,685,530,578]","[1825000,2138000,2008000,1540000,1699000]",697,9210000
15,18,5,"[634,696,663,582,548]","[1796000,2142000,1989000,1715000,1609000]",696,9251000
15,19,5,"[643,697,717,494,508]","[1834000,2144000,2132000,1423000,1487000]",717,9020000
15,20,5,"[623,699,666,523,616]","[1786000,2136000,1966000,1523000,1797000]",699,9208000
15,21,5,"[636,719,661,522,577]","[1812000,2221000,1975000,1511000,1664000]",719,9183000
15,22,5,"[623,699,666,637,616]","[1786000,2136000,1966000,1850000,1797000]",699,9535000
15,23,5,"[641,702,702,539,541]","[1855000,2163000,2084000,1555000,1617000]",702,9274000
15,24,5,"[647,694,714,721,524]","[1831000,2135000,2115000,2101000,1579000]",721,9761000
15,25,5,"[636,702,695,490,537]","[1823000,2150000,2067000,1411000,1605000]",702,9056000
15,26,5,"[649,694,683,693,523]","[1856000,2135000,2044000,2051000,1568000]",694,9654000
15,27,5,"[656,721,665,689,537]","[1884000,2213000,1988000,2043000,1602000]",721,9730000
15,28,5,"[631,695,688,720,498]","[1817000,2110000,2025000,2121000,1476000]",720,9549000
15,29,5,"[644,694,694,518,522]","[1861000,2130000,2081000,1513000,1545000]",694,9130000
15,30,5,"[638,699,730,497,534]","[1813000,2142000,2159000,1427000,1587000]",730,9128000
15,31,5,"[635,697,671,533,600]","[1806000,2136000,1989000,1558000,1752000]",697,9241000
15,32,5,"[627,700,673,659,567]","[1794000,2144000,1964000,1899000,1645000]",700,9446000
15,33,5,"[633,697,710,669,539]","[1803000,2142000,2078000,1952000,1612000]",710,9587000
15,34,5,"[671,693,704,736,570]","[1898000,2130000,2086000,2167000,1659000]",736,9940000
15,35,5,"[629,698,666,535,617]","[1794000,2136000,1960000,1546000,1795000]",698,9231000
15,36,5,"[693,715,701,631,574]","[2004000,2183000,2023000,1862000,1695000]",715,9767000
15,37,5,"[645,726,660,690,522]","[1849000,2223000,1973000,2052000,1566000]",726,9663000
15,38,5,"[613,717,721,546,575]","[1766000,2185000,2099000,1588000,1693000]",721,9331000
15,39,5,"[628,701,684,717,543]","[1791000,2149000,2055000,2106000,1581000]",717,9682000
15,40,5,"[642,695,689,575,506]","[1820000,2134000,2034000,1707000,1489000]",695,9184000
15,41,5,"[640,727,658,576,507]","[1850000,2228000,1973000,1648000,1482000]",727,9181000
15,42,5,"[622,709,676,723,549]","[1782000,2171000,1963000,2120000,1629000]",723,9665000
15,43,5,"[648,701,682,690,525]","[1859000,2155000,2036000,2047000,1572000]",701,9669000
15,44,5,"[642,704,697,495,505]","[1835000,2150000,2076000,1425000,1475000]",704,8961000
15,45,5,"[644,727,667,493,506]","[1837000,2233000,1991000,1419000,1477000]",727,8957000
15,46,5,"[643,701,732,499,508]","[1830000,2142000,2150000,1429000,1490000]",732,9041000
15,47,5,"[832,724,642,526,725]","[2426000,2213000,1902000,1529000,2188000]",832,10258000
15,48,5,"[630,693,688,588,520]","[1770000,2130000,2050000,1755000,1534000]",693,9239000
15,49,5,"[641,699,742,497,508]","[1830000,2148000,2180000,1435000,1487000]",742,9080000
15,50,5,"[638,693,692,584,523]","[1840000,2130000,2049000,1667000,1550000]",693,9236000
15,51,5,"[640,702,695,723,550]","[1818000,2132000,2048000,2145000,1644000]",723,9787000
15,52,5,"[656,696,661,608,587]","[1885000,2145000,1960000,1780000,1735000]",696,9505000
15,53,5,"[626,695,665,576,500]","[1791000,2134000,1966000,1671000,1468000]",695,9030000
15,54,5,"[648,699,688,501,544]","[1855000,2150000,2041000,1440000,1612000]",699,9098000
15,55,5,"[668,697,690,592,522]","[1902000,2140000,2053000,1769000,1538000]",697,9402000
15,56,5,"[646,739,669,497,536]","[1865000,2260000,1998000,1442000,1594000]",739,9159000
15,57,5,"[638,709,675,621,537]","[1826000,2186000,1960000,1820000,1614000]",709,9406000
15,58,5,"[641,696,667,566,548]","[1819000,2142000,1994000,1681000,1609000]",696,9245000
15,59,5,"[634,702,690,591,532]","[1786000,2166000,2068000,1764000,1570000]",702,9354000
15,60,5,"[658,696,661,580,590]","[1886000,2145000,1960000,1681000,1750000]",696,9422000
15,61,5,"[627,697,667,627,555]","[1793000,2130000,1970000,1865000,1625000]",697,9383000
15,62,5,"[625,698,718,530,501]","[1788000,2152000,2127000,1530000,1470000]",718,9067000
15,63,5,"[622,734,662,501,504]","[1774000,2242000,1980000,1445000,1485000]",734,8926000
15,64,5,"[680,697,699,719,537]","[1984000,2144000,2083000,2107000,1596000]",719,9914000
15,65,5,"[640,695,686,690,523]","[1831000,2140000,2054000,2036000,1565000]",695,9626000
15,66,5,"[693,699,662,654,592]","[1991000,2151000,1960000,1869000,1725000]",699,9696000
15,67,5,"[643,697,695,607,512]","[1850000,2138000,2073000,1765000,1498000]",697,9324000
15,68,5,"[639,695,662,607,522]","[1824000,2140000,1960000,1765000,1566000]",695,9255000
15,69,5,"[664,693,682,730,549]","[1916000,2100000,2015000,2155000,1642000]",730,9828000
15,70,5,"[646,697,717,601,502]","[1846000,2144000,2117000,1748000,1463000]",717,9318000
15,71,5,"[647,701,706,695,507]","[1878000,2164000,2046000,1994000,1489000]",706,9571000
15,72,5,"[671,701,689,698,551]","[1930000,2130000,2044000,2041000,1646000]",701,9791000
15,73,5,"[635,700,683,585,547]","[1796000,2153000,2050000,1740000,1592000]",700,9331000
15,74,5,"[632,693,688,590,524]","[1792000,2130000,2050000,1755000,1542000]",693,9269000
15,75,5,"[634,696,663,498,548]","[1796000,2142000,1989000,1443000,1609000]",696,8979000
15,76,5,"[623,699,666,595,616]","[1786000,2136000,1966000,1714000,1797000]",699,9399000
15,77,5,"[645,722,677,494,508]","[1834000,2224000,2035000,1423000,1487000]",722,9003000
15,78,5,"[645,726,660,690,504]","[1849000,2223000,1973000,2052000,1518000]",726,9615000
15,79,5,"[696,695,683,524,584]","[1992000,2134000,2010000,1519000,1720000]",696,9375000
15,80,5,"[935,727,665,502,501]","[2809000,2236000,1987000,1445000,1470000]",935,9947000
15,81,5,"[643,726,658,641,522]","[1850000,2228000,1973000,1879000,1543000]",726,9473000
15,82,5,"[636,696,682,588,599]","[1799000,2145000,2048000,1749000,1725000]",696,9466000
15,83,5,"[638,706,691,538,538]","[1829000,2167000,2060000,1547000,1610000]",706,9213000
15,84,5,"[636,702,695,490,537]","[1823000,2159000,2070000,1411000,1605000]",702,9068000
15,85,5,"[688,704,695,493,488]","[2004000,2158000,2072000,1415000,1441000]",704,9090000
15,86,5,"[644,715,691,727,522]","[1834000,2174000,2071000,2141000,1556000]",727,9776000
15,87,5,"[639,695,687,718,553]","[1829000,2110000,2020000,2117000,1595000]",718,9671000
15,88,5,"[639,694,672,525,635]","[1833000,2132000,1987000,1521000,1846000]",694,9319000
15,89,5,"[675,699,699,500,535]","[1958000,2157000,2093000,1441000,1587000]",699,9236000
15,90,5,"[639,700,676,633,575]","[1829000,2151000,2013000,1868000,1690000]",700,9551000
15,91,5,"[689,695,667,637,532]","[2020000,2130000,1962000,1926000,1572000]",695,9610000
15,92,5,"[642,702,666,707,614]","[1833000,2151000,1983000,2071000,1783000]",707,9821000
15,93,5,"[684,688,660,690,534]","[1974000,2108000,1973000,2052000,1590000]",690,9697000
15,94,5,"[637,693,691,585,523]","[1807000,2130000,2049000,1725000,1532000]",693,9243000
15,95,5,"[694,694,607,523,552]","[1975000,2130000,1800000,1517000,1619000]",694,9041000
15,96,5,"[618,697,688,524,499]","[1765000,2147000,2060000,1505000,1463000]",697,8940000
15,97,5,"[645,710,666,499,505]","[1845000,2186000,1990000,1442000,1475000]",710,8938000
15,98,5,"[640,701,694,506,529]","[1830000,2136000,2059000,1456000,1532000]",701,9013000
15,99,5,"[634,666,717,582,520]","[1797000,2032000,2148000,1734000,1534000]",717,9245000
15,100,5,"[754,640,661,689,526]","[2164000,1965000,1983000,2047000,1583000]",754,9742000
15,101,5,"[634,694,708,588,521]","[1797000,2135000,2105000,1742000,1537000]",708,9316000
15,102,5,"[632,712,640,526,600]","[1804000,2192000,1894000,1532000,1752000]",712,9174000
15,103,5,"[649,669,718,507,542]","[1880000,2058000,2149000,1482000,1597000]",718,9166000
15,104,5,"[628,697,667,602,558]","[1808000,2137000,1971000,1755000,1632000]",697,9303000
15,105,5,"[668,666,667,695,587]","[1916000,2055000,1951000,2073000,1759000]",695,9754000
15,106,5,"[669,708,670,669,590]","[1923000,2128000,1993000,1992000,1768000]",708,9804000
15,107,5,"[637,746,652,495,534]","[1815000,2305000,1925000,1417000,1587000]",746,9049000
15,108,5,"[678,714,699,463,544]","[1967000,2171000,2082000,1343000,1620000]",714,9183000
15,109,5,"[642,669,713,528,578]","[1833000,2046000,2100000,1539000,1699000]",713,9217000
15,110,5,"[631,663,673,579,596]","[1793000,2028000,2004000,1722000,1768000]",673,9315000
15,111,5,"[643,671,743,494,508]","[1830000,2056000,2206000,1423000,1487000]",743,9002000
15,112,5,"[593,697,670,560,618]","[1687000,2136000,1986000,1630000,1797000]",697,9236000
16,1,5,"[442,623,584,686,422]","[1337000,1837000,1739000,1982000,1222000]",686,8117000
16,2,5,"[560,598,618,622,503]","[1640000,1769000,1838000,1820000,1451000]",622,8518000
16,3,5,"[557,608,613,633,456]","[1599000,1810000,1830000,1830000,1327000]",633,8396000
16,4,5,"[486,609,615,634,414]","[1429000,1820000,1845000,1832000,1193000]",634,8119000
16,5,5,"[552,609,614,629,469]","[1595000,1811000,1846000,1803000,1361000]",629,8416000
16,6,5,"[521,613,617,618,528]","[1528000,1819000,1849000,1774000,1558000]",618,8528000
16,7,5,"[472,570,610,633,587]","[1358000,1700000,1826000,1823000,1743000]",633,8450000
16,8,5,"[501,532,581,678,485]","[1486000,1570000,1735000,1968000,1392000]",678,8151000
16,9,5,"[521,609,610,618,559]","[1528000,1809000,1826000,1776000,1625000]",618,8564000
16,10,5,"[483,611,614,635,457]","[1435000,1813000,1831000,1831000,1315000]",635,8225000
16,11,5,"[507,609,614,634,451]","[1497000,1809000,1841000,1829000,1303000]",634,8279000
16,12,5,"[533,528,612,638,479]","[1588000,1558000,1833000,1844000,1381000]",638,8204000
16,13,5,"[595,529,614,623,544]","[1723000,1568000,1852000,1813000,1589000]",623,8545000
16,14,5,"[499,605,613,636,450]","[1460000,1779000,1836000,1833000,1301000]",636,8209000
16,15,5,"[535,532,548,681,479]","[1598000,1577000,1648000,1983000,1384000]",681,8190000
16,16,5,"[594,540,615,633,513]","[1730000,1629000,1830000,1827000,1454000]",633,8470000
16,17,5,"[560,597,567,638,454]","[1635000,1770000,1688000,1837000,1311000]",638,8241000
16,18,5,"[534,532,611,639,479]","[1593000,1564000,1831000,1851000,1381000]",639,8220000
16,19,5,"[605,532,610,635,447]","[1740000,1564000,1826000,1831000,1299000]",635,8260000
16,20,5,"[494,598,614,639,457]","[1453000,1769000,1841000,1839000,1324000]",639,8226000
16,21,5,"[555,610,614,651,516]","[1601000,1825000,1840000,1842000,1458000]",651,8566000
16,22,5,"[550,562,612,633,453]","[1596000,1685000,1830000,1827000,1307000]",633,8245000
16,23,5,"[505,610,616,625,556]","[1493000,1763000,1850000,1821000,1694000]",625,8621000
16,24,5,"[530,609,615,658,628]","[1541000,1809000,1848000,1854000,1922000]",658,8974000
16,25,5,"[484,522,661,687,485]","[1425000,1509000,1961000,1998000,1405000]",687,8298000
16,26,5,"[494,598,614,639,457]","[1453000,1769000,1841000,1839000,1324000]",639,8226000
16,27,5,"[596,530,611,624,688]","[1720000,1573000,1840000,1803000,2104000]",688,9040000
16,28,5,"[521,609,610,673,505]","[1528000,1809000,1826000,1910000,1481000]",673,8554000
16,29,5,"[524,608,614,633,450]","[1526000,1815000,1846000,1827000,1305000]",633,8319000
16,30,5,"[487,595,616,638,543]","[1440000,1747000,1845000,1851000,1566000]",638,8449000
16,31,5,"[543,548,689,637,449]","[1577000,1597000,2044000,1834000,1303000]",689,8355000
16,32,5,"[499,541,579,678,485]","[1482000,1616000,1731000,1968000,1392000]",678,8189000
16,33,5,"[532,546,614,672,487]","[1568000,1629000,1855000,1917000,1395000]",672,8364000
16,34,5,"[490,540,661,691,454]","[1453000,1584000,1960000,1998000,1322000]",691,8317000
16,35,5,"[522,527,612,632,555]","[1548000,1558000,1840000,1843000,1597000]",632,8386000
16,36,5,"[619,527,613,637,781]","[1799000,1558000,1841000,1847000,2339000]",781,9384000
16,37,5,"[533,535,614,639,479]","[1594000,1576000,1833000,1849000,1381000]",639,8233000
16,38,5,"[496,602,614,639,451]","[1457000,1773000,1841000,1839000,1303000]",639,8213000
16,39,5,"[512,611,616,625,513]","[1490000,1773000,1856000,1824000,1465000]",625,8408000
16,40,5,"[547,610,611,640,501]","[1585000,1822000,1828000,1849000,1443000]",640,8527000
16,41,5,"[483,611,614,668,457]","[1435000,1813000,1831000,1897000,1315000]",668,8291000
16,42,5,"[528,645,610,630,449]","[1625000,1870000,1826000,1808000,1336000]",645,8465000
16,43,5,"[560,597,567,638,454]","[1635000,1770000,1688000,1837000,1311000]",638,8241000
16,44,5,"[540,609,604,640,450]","[1574000,1812000,1789000,1841000,1305000]",640,8321000
16,45,5,"[521,616,610,673,503]","[1528000,1821000,1826000,1910000,1477000]",673,8562000
16,46,5,"[421,584,585,694,579]","[1212000,1717000,1755000,2033000,1698000]",694,8415000
16,47,5,"[501,598,655,687,465]","[1464000,1742000,1949000,2007000,1350000]",687,8512000
16,48,5,"[544,542,679,636,567]","[1580000,1586000,2014000,1847000,1706000]",679,8733000
16,49,5,"[616,600,618,659,541]","[1843000,1773000,1847000,1900000,1580000]",659,8943000
16,50,5,"[520,528,613,637,445]","[1536000,1560000,1830000,1835000,1295000]",637,8056000
16,51,5,"[728,580,583,757,514]","[2217000,1690000,1757000,2168000,1530000]",757,9362000
16,52,5,"[530,527,619,637,575]","[1570000,1558000,1850000,1849000,1717000]",637,8544000
16,53,5,"[533,527,612,621,478]","[1583000,1558000,1833000,1810000,1379000]",621,8163000
16,54,5,"[513,611,612,642,623]","[1488000,1818000,1833000,1859000,1795000]",642,8793000
16,55,5,"[533,555,614,637,478]","[1585000,1668000,1837000,1845000,1379000]",637,8314000
16,56,5,"[533,551,614,639,479]","[1588000,1642000,1837000,1851000,1381000]",639,8299000
16,57,5,"[595,530,614,627,495]","[1724000,1573000,1846000,1830000,1434000]",627,8407000
16,58,5,"[529,532,618,637,492]","[1568000,1568000,1840000,1833000,1443000]",637,8252000
16,59,5,"[494,598,614,659,457]","[1453000,1769000,1841000,1879000,1324000]",659,8266000
16,60,5,"[549,542,678,640,446]","[1597000,1588000,2012000,1850000,1297000]",678,8344000
16,61,5,"[515,623,583,700,533]","[1483000,1837000,1746000,2018000,1539000]",700,8623000
16,62,5,"[490,588,657,689,466]","[1421000,1756000,1953000,1994000,1361000]",689,8485000
16,63,5,"[503,585,659,685,552]","[1474000,1704000,1966000,1994000,1586000]",685,8724000
16,64,5,"[547,607,610,662,493]","[1585000,1810000,1826000,1870000,1449000]",662,8540000
16,65,5,"[553,531,611,635,590]","[1653000,1558000,1840000,1849000,1748000]",635,8648000
16,66,5,"[445,625,588,691,425]","[1340000,1847000,1749000,2009000,1226000]",691,8171000
16,67,5,"[560,643,616,622,503]","[1640000,1875000,1834000,1820000,1451000]",643,8620000
16,68,5,"[516,612,615,633,454]","[1521000,1816000,1837000,1830000,1318000]",633,8322000
16,69,5,"[486,609,639,634,415]","[1429000,1820000,1902000,1814000,1196000]",639,8161000
16,70,5,"[550,663,614,643,467]","[1593000,1931000,1846000,1819000,1357000]",663,8546000
16,71,5,"[535,610,621,615,532]","[1559000,1814000,1863000,1768000,1562000]",621,8566000
16,72,5,"[465,569,613,633,616]","[1337000,1695000,1832000,1818000,1775000]",633,8457000
16,73,5,"[501,532,581,702,485]","[1486000,1570000,1735000,2016000,1392000]",702,8199000
16,74,5,"[598,574,611,615,558]","[1731000,1697000,1826000,1770000,1623000]",615,8647000
16,75,5,"[483,617,613,635,488]","[1435000,1813000,1826000,1831000,1393000]",635,8298000
16,76,5,"[508,609,583,677,451]","[1495000,1809000,1737000,1944000,1303000]",677,8288000
16,77,5,"[536,532,611,659,488]","[1591000,1567000,1831000,1913000,1417000]",659,8319000
16,78,5,"[596,527,613,645,545]","[1729000,1558000,1847000,1857000,1589000]",645,8580000
16,79,5,"[499,643,614,636,450]","[1460000,1855000,1838000,1833000,1301000]",643,8287000
16,80,5,"[538,527,553,686,513]","[1604000,1558000,1635000,1999000,1489000]",686,8285000
16,81,5,"[549,540,615,634,556]","[1595000,1629000,1830000,1829000,1585000]",634,8468000
16,82,5,"[558,607,565,634,453]","[1631000,1799000,1684000,1829000,1311000]",634,8254000
16,83,5,"[538,533,613,639,470]","[1607000,1570000,1835000,1846000,1371000]",639,8229000
16,84,5,"[609,527,611,637,433]","[1746000,1558000,1828000,1833000,1287000]",637,8252000
16,85,5,"[499,583,614,683,451]","[1462000,1700000,1841000,1966000,1303000]",683,8272000
17,1,5,"[400,508,719,656,590]","[1154000,1509000,2179000,1931000,1621000]",719,8394000
17,2,5,"[429,615,688,637,531]","[1237000,1803000,2068000,1875000,1464000]",688,8447000
17,3,5,"[474,586,663,601,609]","[1366000,1743000,1971000,1767000,1695000]",663,8542000
17,4,5,"[408,639,685,656,527]","[1180000,1869000,2038000,1922000,1510000]",685,8519000
17,5,5,"[444,523,714,650,528]","[1270000,1572000,2169000,1919000,1464000]",714,8394000
17,6,5,"[596,640,663,654,634]","[1776000,1881000,2025000,1932000,1751000]",663,9365000
17,7,5,"[502,582,665,602,606]","[1420000,1723000,1975000,1778000,1689000]",665,8585000
17,8,5,"[444,523,714,650,518]","[1276000,1572000,2169000,1919000,1461000]",714,8397000
17,9,5,"[440,644,685,663,498]","[1276000,1878000,2041000,1930000,1404000]",685,8529000
17,10,5,"[444,523,714,650,518]","[1276000,1572000,2169000,1919000,1461000]",714,8397000
17,11,5,"[427,649,688,660,501]","[1235000,1904000,2051000,1932000,1407000]",688,8529000
17,12,5,"[395,546,712,677,545]","[1160000,1607000,2161000,2018000,1543000]",712,8489000
17,13,5,"[420,575,710,638,541]","[1230000,1700000,2161000,1873000,1531000]",710,8495000
17,14,5,"[421,519,702,651,600]","[1227000,1554000,2098000,1919000,1707000]",702,8505000
17,15,5,"[523,536,659,682,514]","[1493000,1597000,2005000,2033000,1448000]",682,8576000
17,16,5,"[420,575,710,638,542]","[1225000,1700000,2161000,1873000,1543000]",710,8502000
17,17,5,"[423,520,702,651,600]","[1236000,1554000,2100000,1919000,1701000]",702,8510000
17,18,5,"[591,610,669,654,634]","[1758000,1811000,2037000,1932000,1756000]",669,9294000
17,19,5,"[408,633,686,664,552]","[1179000,1858000,2038000,1936000,1545000]",686,8556000
17,20,5,"[502,563,679,680,521]","[1439000,1654000,2058000,2024000,1458000]",680,8633000
17,21,5,"[466,631,700,683,632]","[1343000,1863000,2109000,1995000,1765000]",700,9075000
17,22,5,"[565,561,748,676,518]","[1633000,1629000,2234000,2016000,1456000]",748,8968000
17,23,5,"[533,572,719,660,522]","[1510000,1675000,2185000,1951000,1457000]",719,8778000
17,24,5,"[418,560,713,691,548]","[1223000,1650000,2170000,2061000,1549000]",713,8653000
17,25,5,"[404,578,713,637,545]","[1216000,1688000,2161000,1881000,1551000]",713,8497000
17,26,5,"[419,520,706,655,608]","[1205000,1564000,2117000,1943000,1710000]",706,8539000
17,27,5,"[378,527,732,701,557]","[1110000,1559000,2199000,2041000,1546000]",732,8455000
17,28,5,"[500,570,717,697,605]","[1421000,1676000,2175000,2049000,1700000]",717,9021000
17,29,5,"[440,610,694,755,534]","[1276000,1802000,2071000,2182000,1505000]",755,8836000
17,30,5,"[524,585,771,655,534]","[1525000,1696000,2294000,1922000,1491000]",771,8928000
17,31,5,"[476,517,715,722,648]","[1416000,1547000,2175000,2135000,1899000]",722,9172000
17,32,5,"[590,702,687,659,614]","[1756000,2034000,2068000,1921000,1695000]",702,9474000
17,33,5,"[416,573,716,706,558]","[1195000,1696000,2191000,2058000,1557000]",716,8697000
17,34,5,"[513,771,713,678,585]","[1509000,2241000,2149000,1979000,1629000]",771,9507000
17,35,5,"[520,519,760,666,497]","[1473000,1553000,2285000,1965000,1393000]",760,8669000
17,36,5,"[483,686,694,725,580]","[1367000,1984000,2075000,2137000,1625000]",725,9188000
17,37,5,"[413,570,703,677,607]","[1192000,1686000,2087000,1963000,1690000]",703,8618000
17,38,5,"[380,653,719,654,623]","[1123000,1848000,2179000,1929000,1744000]",719,8823000
17,39,5,"[488,559,715,628,582]","[1389000,1654000,2114000,1847000,1617000]",715,8621000
17,40,5,"[449,506,719,654,558]","[1284000,1502000,2188000,1923000,1599000]",719,8496000
17,41,5,"[470,631,735,681,510]","[1398000,1856000,2211000,1980000,1442000]",735,8887000
17,42,5,"[415,578,712,648,542]","[1220000,1703000,2165000,1897000,1537000]",712,8522000
17,43,5,"[478,640,711,677,582]","[1388000,1925000,2145000,1976000,1627000]",711,9061000
17,44,5,"[405,753,713,681,581]","[1197000,2208000,2145000,1984000,1624000]",753,9158000
17,45,5,"[420,623,717,656,548]","[1230000,1841000,2165000,1922000,1545000]",717,8703000
17,46,5,"[422,651,715,690,506]","[1225000,1914000,2122000,1980000,1417000]",715,8658000
17,47,5,"[419,582,720,656,599]","[1222000,1699000,2136000,1922000,1700000]",720,8679000
17,48,5,"[468,529,729,651,591]","[1386000,1563000,2193000,1947000,1629000]",729,8718000
17,49,5,"[503,579,744,707,531]","[1492000,1672000,2199000,2044000,1506000]",744,8913000
17,50,5,"[402,612,736,636,546]","[1206000,1780000,2207000,1873000,1555000]",736,8621000
17,51,5,"[589,611,701,715,584]","[1754000,1822000,2113000,2090000,1639000]",715,9418000
17,52,5,"[411,543,714,640,544]","[1193000,1593000,2167000,1899000,1553000]",714,8405000
17,53,5,"[378,604,740,752,528]","[1110000,1762000,2180000,2152000,1488000]",752,8692000
17,54,5,"[596,600,699,746,674]","[1767000,1777000,2109000,2143000,1861000]",746,9657000
17,55,5,"[444,647,693,639,540]","[1317000,1901000,2054000,1872000,1494000]",693,8638000
17,56,5,"[416,553,714,652,571]","[1204000,1638000,2165000,1932000,1610000]",714,8549000
17,57,5,"[443,523,714,650,593]","[1279000,1562000,2133000,1919000,1675000]",714,8568000
17,58,5,"[461,616,718,722,518]","[1311000,1778000,2177000,2135000,1456000]",722,8857000
17,59,5,"[453,647,718,676,589]","[1299000,1932000,2162000,1976000,1643000]",718,9012000
17,60,5,"[487,694,705,683,630]","[1412000,2044000,2140000,1991000,1737000]",705,9324000
17,61,5,"[525,538,728,673,504]","[1494000,1609000,2206000,1988000,1431000]",728,8728000
17,62,5,"[437,485,739,704,547]","[1276000,1444000,2221000,2056000,1536000]",739,8533000
17,63,5,"[525,606,687,686,641]","[1506000,1779000,2055000,2015000,1790000]",687,9145000
17,64,5,"[483,557,706,684,525]","[1379000,1630000,2150000,2043000,1487000]",706,8689000
17,65,5,"[402,546,714,694,584]","[1181000,1599000,2165000,2061000,1637000]",714,8643000
17,66,5,"[406,575,712,639,582]","[1181000,1715000,2165000,1885000,1617000]",712,8563000
17,67,5,"[408,628,684,674,559]","[1179000,1848000,2036000,1958000,1559000]",684,8580000
17,68,5,"[416,563,682,650,523]","[1207000,1658000,2060000,1919000,1478000]",682,8322000
17,69,5,"[439,516,714,650,519]","[1271000,1558000,2169000,1919000,1463000]",714,8380000
17,70,5,"[412,508,718,657,569]","[1208000,1506000,2175000,1950000,1607000]",718,8446000
17,71,5,"[426,516,739,704,506]","[1233000,1547000,2222000,2056000,1414000]",739,8472000
17,72,5,"[586,639,709,680,633]","[1711000,1887000,2147000,1991000,1760000]",709,9496000
17,73,5,"[510,567,764,658,497]","[1468000,1665000,2290000,1949000,1393000]",764,8765000
17,74,5,"[441,520,760,673,547]","[1281000,1548000,2260000,1955000,1539000]",760,8583000
17,75,5,"[516,878,690,638,530]","[1510000,2574000,2072000,1874000,1469000]",878,9499000
17,76,5,"[430,562,718,709,550]","[1247000,1660000,2132000,2047000,1550000]",718,8636000
17,77,5,"[420,672,701,632,529]","[1225000,1971000,2121000,1865000,1511000]",701,8693000
17,78,5,"[464,579,728,676,518]","[1328000,1689000,2205000,2016000,1456000]",728,8694000
17,79,5,"[420,521,701,650,597]","[1230000,1561000,2119000,1919000,1692000]",701,8521000
17,80,5,"[593,668,715,670,580]","[1763000,1924000,2155000,1976000,1622000]",715,9440000
17,81,5,"[507,738,728,681,588]","[1492000,2157000,2212000,2026000,1647000]",738,9534000
17,82,5,"[423,528,705,664,596]","[1231000,1574000,2106000,1943000,1696000]",705,8550000
17,83,5,"[838,567,752,648,742]","[2609000,1686000,2227000,1912000,2196000]",838,10630000
17,84,5,"[408,628,722,690,552]","[1179000,1848000,2112000,2036000,1545000]",722,8720000
17,85,5,"[525,561,744,633,527]","[1497000,1660000,2221000,1871000,1478000]",744,8727000
17,86,5,"[417,576,710,646,544]","[1224000,1707000,2161000,1902000,1537000]",710,8531000
17,87,5,"[503,511,721,678,570]","[1486000,1509000,2187000,2017000,1596000]",721,8795000
17,88,5,"[399,508,723,654,605]","[1152000,1517000,2190000,1936000,1664000]",723,8459000
17,89,5,"[429,644,685,599,529]","[1237000,1895000,2064000,1763000,1463000]",685,8422000
17,90,5,"[491,585,666,601,585]","[1412000,1729000,1977000,1767000,1626000]",666,8511000
17,91,5,"[435,643,690,660,500]","[1266000,1882000,2056000,1930000,1408000]",690,8542000
17,92,5,"[437,524,715,651,503]","[1261000,1574000,2171000,1924000,1408000]",715,8338000
17,93,5,"[592,637,666,657,640]","[1760000,1870000,2029000,1947000,1763000]",666,9369000
17,94,5,"[490,589,663,602,615]","[1384000,1746000,1971000,1769000,1722000]",663,8592000
17,95,5,"[440,515,716,652,524]","[1279000,1534000,2167000,1923000,1491000]",716,8394000
17,96,5,"[438,649,695,660,501]","[1271000,1897000,2077000,1929000,1410000]",695,8584000
17,97,5,"[439,493,714,650,577]","[1271000,1482000,2167000,1919000,1608000]",714,8447000
17,98,5,"[427,677,689,658,501]","[1235000,1974000,2061000,1928000,1407000]",689,8605000
17,99,5,"[407,537,717,676,543]","[1192000,1582000,2173000,2016000,1536000]",717,8499000
17,100,5,"[444,575,710,638,517]","[1276000,1700000,2161000,1873000,1463000]",710,8473000
17,101,5,"[420,520,708,651,601]","[1225000,1569000,2106000,1919000,1712000]",708,8531000
17,102,5,"[523,584,658,679,501]","[1491000,1730000,2000000,2031000,1398000]",679,8650000
17,103,5,"[420,575,758,638,542]","[1225000,1700000,2257000,1873000,1543000]",758,8598000
17,104,5,"[421,519,701,650,574]","[1232000,1554000,2096000,1919000,1646000]",701,8447000
17,105,5,"[596,635,681,654,634]","[1771000,1874000,2043000,1932000,1754000]",681,9374000
17,106,5,"[412,639,692,656,561]","[1187000,1885000,2062000,1916000,1563000]",692,8613000
17,107,5,"[503,542,685,676,519]","[1441000,1604000,2079000,2016000,1454000]",685,8594000
18,1,5,"[501,576,666,597,631]","[1497000,1610000,2003000,1804000,1877000]",666,8791000
18,2,5,"[501,551,668,558,628]","[1494000,1594000,2017000,1642000,1868000]",668,8615000
18,3,5,"[520,611,635,575,622]","[1538000,1782000,1909000,1714000,1878000]",635,8821000
18,4,5,"[501,555,668,599,628]","[1494000,1602000,2017000,1808000,1868000]",668,8789000
18,5,5,"[489,615,638,642,596]","[1446000,1785000,1912000,1955000,1774000]",642,8872000
18,6,5,"[492,575,669,591,641]","[1440000,1663000,2019000,1734000,1886000]",669,8742000
18,7,5,"[546,620,664,613,556]","[1605000,1780000,2003000,1827000,1649000]",664,8864000
18,8,5,"[496,553,639,600,666]","[1487000,1594000,1929000,1819000,1989000]",666,8818000
18,9,5,"[526,613,644,597,635]","[1565000,1759000,1922000,1782000,1843000]",644,8871000
18,10,5,"[503,614,648,643,603]","[1493000,1765000,1935000,1931000,1778000]",648,8902000
18,11,5,"[492,610,639,642,641]","[1467000,1756000,1912000,1942000,1836000]",642,8913000
18,12,5,"[498,577,666,641,608]","[1483000,1657000,2007000,1939000,1800000]",666,8886000
18,13,5,"[520,572,668,576,622]","[1538000,1662000,2017000,1716000,1878000]",668,8811000
18,14,5,"[492,608,642,644,637]","[1467000,1749000,1923000,1935000,1829000]",644,8903000
18,15,5,"[500,638,643,624,631]","[1498000,1774000,1918000,1860000,1878000]",643,8928000
18,16,5,"[501,589,661,656,603]","[1503000,1686000,1988000,1978000,1750000]",661,8905000
18,17,5,"[501,574,668,599,628]","[1494000,1640000,2017000,1808000,1868000]",668,8827000
18,18,5,"[547,601,672,614,554]","[1605000,1725000,2025000,1829000,1639000]",672,8823000
18,19,5,"[533,614,648,640,577]","[1583000,1765000,1935000,1925000,1700000]",648,8908000
18,20,5,"[501,576,677,599,632]","[1497000,1610000,2025000,1808000,1882000]",677,8822000
18,21,5,"[502,577,671,618,633]","[1508000,1644000,2023000,1845000,1885000]",671,8905000
18,22,5,"[492,574,730,590,640]","[1438000,1672000,2141000,1725000,1891000]",730,8867000
18,23,5,"[501,637,647,596,632]","[1500000,1772000,1926000,1804000,1878000]",647,8880000
18,24,5,"[492,610,639,668,637]","[1467000,1756000,1912000,1991000,1829000]",668,8955000
18,25,5,"[495,555,702,604,626]","[1472000,1596000,2102000,1820000,1843000]",702,8833000
18,26,5,"[494,555,702,604,616]","[1467000,1596000,2102000,1820000,1823000]",702,8808000
18,27,5,"[500,662,644,667,606]","[1481000,1894000,1927000,1994000,1788000]",667,9084000
18,28,5,"[497,554,699,554,671]","[1486000,1594000,2106000,1663000,1999000]",699,8848000
18,29,5,"[501,573,662,597,629]","[1494000,1649000,1993000,1804000,1870000]",662,8810000
18,30,5,"[500,617,647,596,628]","[1495000,1741000,1933000,1804000,1868000]",647,8841000
18,31,5,"[500,580,706,641,605]","[1487000,1663000,2111000,1939000,1782000]",706,8982000
18,32,5,"[500,577,670,599,628]","[1489000,1647000,2017000,1810000,1868000]",670,8831000
18,33,5,"[494,554,740,603,616]","[1467000,1596000,2178000,1818000,1823000]",740,8882000
18,34,5,"[498,567,672,608,667]","[1481000,1637000,2003000,1826000,1914000]",672,8861000
18,35,5,"[501,557,668,656,601]","[1506000,1611000,2017000,1978000,1753000]",668,8865000
18,36,5,"[501,613,644,597,631]","[1494000,1762000,1924000,1804000,1880000]",644,8864000
18,37,5,"[530,570,668,551,634]","[1563000,1647000,2017000,1666000,1926000]",668,8819000
18,38,5,"[554,654,640,667,560]","[1645000,1902000,1922000,1971000,1656000]",667,9096000
18,39,5,"[520,581,662,572,621]","[1538000,1692000,1993000,1705000,1866000]",662,8794000
18,40,5,"[501,612,649,596,632]","[1500000,1722000,1926000,1804000,1878000]",649,8830000
18,41,5,"[496,633,642,662,647]","[1478000,1768000,1904000,1948000,1907000]",662,9005000
18,42,5,"[495,609,649,667,664]","[1472000,1752000,1925000,1975000,1908000]",667,9032000
18,43,5,"[495,550,702,603,625]","[1482000,1549000,2108000,1818000,1832000]",702,8789000
18,44,5,"[489,572,668,699,637]","[1438000,1662000,2017000,2086000,1895000]",699,9098000
18,45,5,"[501,635,648,597,628]","[1494000,1803000,1935000,1804000,1868000]",648,8904000
18,46,5,"[501,551,668,565,628]","[1494000,1594000,2017000,1674000,1868000]",668,8647000
18,47,5,"[534,618,664,630,555]","[1579000,1791000,2003000,1923000,1644000]",664,8940000
18,48,5,"[548,603,673,621,555]","[1608000,1715000,2027000,1846000,1650000]",673,8846000
18,49,5,"[499,577,666,642,608]","[1485000,1657000,2007000,1929000,1800000]",666,8878000
18,50,5,"[486,576,663,572,668]","[1434000,1670000,1995000,1705000,2029000]",668,8833000
18,51,5,"[488,620,642,645,666]","[1436000,1791000,1923000,1961000,1878000]",666,8989000
18,52,5,"[490,588,658,648,594]","[1438000,1704000,1982000,1956000,1757000]",658,8837000
18,53,5,"[500,570,668,600,628]","[1495000,1613000,2017000,1818000,1868000]",668,8811000
18,54,5,"[489,575,668,610,636]","[1438000,1672000,2017000,1831000,1899000]",668,8857000
18,55,5,"[509,591,696,616,660]","[1546000,1697000,2094000,1814000,1948000]",696,9099000
18,56,5,"[497,569,675,632,629]","[1478000,1601000,2023000,1892000,1873000]",675,8867000
18,57,5,"[496,574,667,600,640]","[1478000,1620000,2005000,1814000,1895000]",667,8812000
18,58,5,"[492,551,669,558,643]","[1467000,1594000,2017000,1642000,1905000]",669,8625000
18,59,5,"[523,680,635,575,622]","[1538000,1918000,1909000,1714000,1881000]",680,8960000
18,60,5,"[502,566,668,599,633]","[1499000,1620000,2017000,1808000,1883000]",668,8827000
18,61,5,"[519,618,641,646,573]","[1536000,1787000,1918000,1963000,1702000]",646,8906000
18,62,5,"[500,558,645,590,668]","[1496000,1606000,1938000,1731000,1996000]",668,8767000
18,63,5,"[561,623,664,618,557]","[1650000,1786000,2003000,1837000,1647000]",664,8923000
18,64,5,"[496,557,665,598,682]","[1487000,1602000,1987000,1804000,2015000]",682,8895000
18,65,5,"[530,612,652,597,639]","[1575000,1754000,1939000,1782000,1853000]",652,8903000
18,66,5,"[496,632,645,645,599]","[1485000,1816000,1929000,1935000,1750000]",645,8915000
18,67,5,"[500,612,642,640,569]","[1487000,1766000,1920000,1937000,1705000]",642,8815000
18,68,5,"[468,584,664,643,689]","[1386000,1677000,2003000,1941000,2016000]",689,9023000
18,69,5,"[520,575,678,575,620]","[1538000,1677000,2037000,1714000,1868000]",678,8834000
18,70,5,"[489,608,642,644,637]","[1452000,1761000,1923000,1935000,1829000]",644,8900000
18,71,5,"[501,585,644,626,631]","[1503000,1672000,1920000,1864000,1873000]",644,8832000
18,72,5,"[531,589,661,658,579]","[1593000,1686000,1988000,1982000,1681000]",661,8930000
18,73,5,"[493,574,667,598,638]","[1467000,1638000,2012000,1806000,1890000]",667,8813000
18,74,5,"[589,593,685,619,551]","[1700000,1695000,2045000,1833000,1639000]",685,8912000
18,75,5,"[507,612,646,641,608]","[1501000,1763000,1927000,1930000,1792000]",646,8913000
18,76,5,"[494,567,674,605,637]","[1477000,1597000,2023000,1833000,1892000]",674,8822000
19,1,5,"[381,520,529,509,497]","[1133000,1535000,1541000,1499000,1474000]",529,7182000
19,2,5,"[377,524,526,594,431]","[1108000,1555000,1526000,1758000,1234000]",594,7181000
19,3,5,"[382,530,537,533,502]","[1154000,1552000,1555000,1571000,1479000]",537,7311000
19,4,5,"[367,523,539,529,513]","[1090000,1541000,1576000,1536000,1521000]",539,7264000
19,5,5,"[411,540,506,531,484]","[1223000,1574000,1459000,1540000,1430000]",540,7226000
19,6,5,"[373,520,532,543,500]","[1108000,1535000,1547000,1582000,1429000]",543,7201000
19,7,5,"[440,511,533,527,511]","[1297000,1481000,1561000,1552000,1485000]",533,7376000
19,8,5,"[442,511,535,527,510]","[1301000,1481000,1561000,1552000,1485000]",535,7380000
19,9,5,"[359,520,531,558,491]","[1069000,1535000,1545000,1618000,1453000]",558,7220000
19,10,5,"[390,503,522,557,511]","[1157000,1476000,1507000,1636000,1502000]",557,7278000
19,11,5,"[354,525,591,563,440]","[1049000,1545000,1705000,1624000,1285000]",591,7208000
19,12,5,"[435,467,538,533,509]","[1338000,1371000,1555000,1571000,1509000]",538,7344000
19,13,5,"[371,525,558,544,452]","[1098000,1554000,1635000,1610000,1336000]",558,7233000
19,14,5,"[371,520,539,577,452]","[1098000,1535000,1576000,1685000,1336000]",577,7230000
19,15,5,"[404,530,537,533,504]","[1210000,1552000,1555000,1579000,1492000]",537,7388000
19,16,5,"[462,468,539,533,504]","[1374000,1365000,1568000,1571000,1483000]",539,7361000
19,17,5,"[400,530,535,533,519]","[1190000,1551000,1558000,1579000,1511000]",535,7389000
19,18,5,"[441,544,556,505,455]","[1290000,1610000,1631000,1467000,1351000]",556,7349000
19,19,5,"[371,523,526,557,513]","[1098000,1541000,1514000,1636000,1506000]",557,7295000
19,20,5,"[392,527,558,544,433]","[1157000,1558000,1635000,1610000,1277000]",558,7237000
19,21,5,"[372,472,585,572,495]","[1158000,1407000,1699000,1663000,1464000]",585,7391000
19,22,5,"[367,516,533,575,479]","[1118000,1514000,1546000,1669000,1411000]",575,7258000
19,23,5,"[802,634,663,537,660]","[2655000,1936000,2042000,1579000,2015000]",802,10227000
19,24,5,"[731,493,529,607,661]","[2402000,1411000,1547000,1814000,2038000]",731,9212000
19,25,5,"[370,542,523,591,452]","[1096000,1579000,1511000,1752000,1336000]",591,7274000
19,26,5,"[367,514,572,593,477]","[1118000,1514000,1698000,1756000,1407000]",593,7493000
19,27,5,"[500,585,586,531,521]","[1471000,1783000,1673000,1597000,1572000]",586,8096000
19,28,5,"[469,558,566,558,537]","[1439000,1646000,1662000,1636000,1588000]",566,7971000
19,29,5,"[474,580,552,536,518]","[1432000,1745000,1623000,1576000,1582000]",580,7958000
19,30,5,"[402,532,528,619,498]","[1194000,1546000,1544000,1762000,1452000]",619,7498000
19,31,5,"[781,720,538,581,693]","[2551000,2198000,1557000,1692000,2137000]",781,10135000
19,32,5,"[424,551,547,503,499]","[1283000,1637000,1561000,1487000,1430000]",551,7398000
19,33,5,"[719,521,531,717,638]","[2349000,1519000,1546000,2190000,1914000]",719,9518000
19,34,5,"[780,685,663,538,631]","[2581000,2152000,2020000,1587000,1877000]",780,10217000
19,35,5,"[406,502,561,568,527]","[1215000,1472000,1648000,1658000,1527000]",568,7520000
19,36,5,"[745,752,590,535,696]","[2388000,2353000,1753000,1568000,2106000]",752,10168000
19,37,5,"[388,543,505,618,523]","[1139000,1640000,1472000,1843000,1557000]",618,7651000
19,38,5,"[761,774,670,555,477]","[2482000,2376000,2036000,1611000,1398000]",774,9903000
19,39,5,"[423,542,567,571,507]","[1300000,1594000,1686000,1664000,1495000]",571,7739000
19,40,5,"[761,631,538,529,728]","[2461000,1850000,1557000,1552000,2278000]",761,9698000
19,41,5,"[753,751,545,581,656]","[2437000,2399000,1570000,1690000,1991000]",753,10087000
19,42,5,"[445,591,532,533,505]","[1381000,1740000,1546000,1566000,1524000]",591,7757000
19,43,5,"[744,753,673,582,593]","[2390000,2340000,2057000,1698000,1773000]",753,10258000
19,44,5,"[400,514,531,583,506]","[1190000,1514000,1546000,1737000,1513000]",583,7500000
19,45,5,"[727,767,534,579,629]","[2319000,2393000,1546000,1677000,1903000]",767,9838000
19,46,5,"[3146,858,959,615,3071]","[7245000,2469000,2545000,1752000,6763000]",3146,20774000
19,47,5,"[410,522,552,504,501]","[1233000,1531000,1633000,1491000,1485000]",552,7373000
19,48,5,"[395,555,521,594,420]","[1178000,1686000,1507000,1758000,1246000]",594,7375000
19,49,5,"[361,530,539,533,540]","[1091000,1551000,1555000,1571000,1578000]",540,7346000
19,50,5,"[390,567,572,526,542]","[1205000,1684000,1731000,1532000,1593000]",572,7745000
19,51,5,"[430,540,506,482,485]","[1282000,1574000,1459000,1421000,1432000]",540,7168000
19,52,5,"[375,521,602,560,511]","[1139000,1535000,1733000,1654000,1461000]",602,7522000
19,53,5,"[443,526,601,508,514]","[1295000,1505000,1712000,1499000,1521000]",601,7532000
19,54,5,"[465,532,536,531,512]","[1376000,1556000,1567000,1560000,1477000]",536,7536000
19,55,5,"[354,520,529,558,462]","[1049000,1535000,1541000,1618000,1368000]",558,7111000
19,56,5,"[393,505,526,559,548]","[1172000,1496000,1517000,1638000,1583000]",559,7406000
19,57,5,"[442,534,593,561,392]","[1288000,1605000,1707000,1624000,1165000]",593,7389000
19,58,5,"[428,463,536,561,526]","[1303000,1361000,1551000,1649000,1537000]",561,7401000
19,59,5,"[371,515,560,592,455]","[1098000,1504000,1639000,1728000,1341000]",592,7310000
19,60,5,"[371,521,574,543,452]","[1098000,1537000,1676000,1587000,1336000]",574,7234000
19,61,5,"[410,535,553,538,504]","[1225000,1589000,1585000,1589000,1530000]",553,7518000
19,62,5,"[468,468,539,597,563]","[1404000,1374000,1568000,1710000,1636000]",597,7692000
19,63,5,"[448,527,555,539,521]","[1286000,1549000,1597000,1596000,1517000]",555,7545000
19,64,5,"[500,543,517,504,452]","[1464000,1608000,1499000,1465000,1336000]",543,7372000
19,65,5,"[371,503,556,557,511]","[1098000,1476000,1596000,1636000,1502000]",557,7308000
19,66,5,"[463,537,578,545,466]","[1405000,1575000,1683000,1610000,1347000]",578,7620000
20,1,5,"[529,605,611,611,515]","[1540000,1757000,1806000,1747000,1477000]",611,8327000
20,2,5,"[508,602,612,614,469]","[1502000,1740000,1823000,1760000,1360000]",614,8185000
20,3,5,"[540,660,539,537,496]","[1552000,1895000,1591000,1511000,1406000]",660,7955000
20,4,5,"[495,635,610,526,502]","[1488000,1825000,1822000,1475000,1418000]",635,8028000
20,5,5,"[540,650,561,525,492]","[1554000,1876000,1640000,1479000,1416000]",650,7965000
20,6,5,"[533,619,607,509,497]","[1567000,1814000,1810000,1432000,1411000]",619,8034000
20,7,5,"[538,612,612,604,489]","[1565000,1752000,1827000,1727000,1428000]",612,8299000
20,8,5,"[541,655,555,532,493]","[1556000,1886000,1622000,1504000,1400000]",655,7968000
20,9,5,"[539,651,558,528,497]","[1552000,1881000,1636000,1488000,1415000]",651,7972000
20,10,5,"[529,623,609,533,499]","[1548000,1825000,1814000,1486000,1421000]",623,8094000
20,11,5,"[523,613,613,599,538]","[1518000,1752000,1839000,1721000,1547000]",613,8377000
20,12,5,"[522,611,611,611,582]","[1509000,1764000,1814000,1699000,1662000]",611,8448000
20,13,5,"[512,614,610,611,468]","[1507000,1768000,1810000,1754000,1356000]",614,8195000
20,14,5,"[553,626,547,562,496]","[1622000,1809000,1621000,1593000,1406000]",626,8051000
20,15,5,"[490,602,612,614,518]","[1443000,1740000,1823000,1760000,1482000]",614,8248000
20,16,5,"[520,629,598,534,493]","[1529000,1835000,1799000,1491000,1400000]",629,8054000
20,17,5,"[555,626,560,562,496]","[1622000,1809000,1654000,1599000,1406000]",626,8090000
20,18,5,"[534,621,623,543,502]","[1560000,1812000,1843000,1502000,1416000]",623,8133000
20,19,5,"[520,629,617,533,494]","[1529000,1833000,1839000,1476000,1400000]",629,8077000
20,20,5,"[525,626,624,533,494]","[1541000,1829000,1844000,1476000,1402000]",626,8092000
20,21,5,"[533,623,611,534,497]","[1554000,1828000,1809000,1478000,1417000]",623,8086000
20,22,5,"[443,601,610,571,489]","[1331000,1745000,1806000,1643000,1431000]",610,7956000
20,23,5,"[536,651,564,580,552]","[1546000,1878000,1646000,1658000,1564000]",651,8292000
20,24,5,"[475,663,607,599,488]","[1379000,1918000,1822000,1696000,1426000]",663,8241000
20,25,5,"[438,716,611,569,506]","[1308000,2021000,1821000,1611000,1495000]",716,8256000
20,26,5,"[539,752,629,581,544]","[1609000,2239000,1845000,1654000,1578000]",752,8925000
20,27,5,"[540,651,561,580,509]","[1554000,1878000,1640000,1658000,1459000]",651,8189000
20,28,5,"[478,663,623,598,489]","[1384000,1924000,1856000,1688000,1426000]",663,8278000
20,29,5,"[555,660,573,540,499]","[1619000,1903000,1670000,1527000,1412000]",660,8131000
20,30,5,"[440,675,603,609,505]","[1311000,1888000,1808000,1732000,1490000]",675,8229000
20,31,5,"[692,851,617,530,457]","[2175000,2463000,1823000,1483000,1278000]",851,9222000
20,32,5,"[556,630,551,605,509]","[1629000,1826000,1639000,1715000,1498000]",630,8307000
20,33,5,"[562,638,632,578,517]","[1676000,1839000,1857000,1648000,1487000]",638,8507000
20,34,5,"[513,654,636,569,499]","[1508000,1922000,1868000,1575000,1415000]",654,8288000
20,35,5,"[657,653,561,525,510]","[1941000,1880000,1640000,1479000,1434000]",657,8374000
20,36,5,"[522,653,563,588,494]","[1512000,1881000,1642000,1716000,1408000]",653,8159000
20,37,5,"[520,641,598,534,493]","[1529000,1862000,1799000,1491000,1400000]",641,8081000
20,38,5,"[520,650,617,603,501]","[1508000,1887000,1849000,1741000,1415000]",650,8400000
20,39,5,"[727,673,610,594,555]","[2239000,1960000,1812000,1669000,1613000]",727,9293000
20,40,5,"[496,719,536,710,515]","[1469000,2048000,1569000,2050000,1478000]",719,8614000
20,41,5,"[488,660,532,564,498]","[1462000,1892000,1559000,1583000,1406000]",660,7902000
20,42,5,"[542,682,615,543,493]","[1566000,1950000,1821000,1508000,1400000]",682,8245000
20,43,5,"[525,732,567,537,498]","[1530000,2173000,1659000,1491000,1409000]",732,8262000
20,44,5,"[490,681,611,590,514]","[1443000,1922000,1814000,1667000,1471000]",681,8317000
20,45,5,"[519,595,640,607,582]","[1503000,1715000,1908000,1689000,1662000]",640,8477000
20,46,5,"[437,713,622,584,508]","[1308000,2017000,1820000,1657000,1495000]",713,8297000
20,47,5,"[438,717,612,580,507]","[1308000,2025000,1826000,1627000,1500000]",717,8286000
20,48,5,"[691,853,602,572,510]","[2167000,2465000,1798000,1597000,1509000]",853,9536000
20,49,5,"[520,639,612,532,495]","[1529000,1859000,1818000,1476000,1410000]",639,8092000
20,50,5,"[718,755,622,642,720]","[2285000,2170000,1847000,1817000,2204000]",755,10323000
20,51,5,"[553,660,559,540,499]","[1619000,1903000,1640000,1527000,1412000]",660,8101000
20,52,5,"[422,710,620,577,497]","[1312000,2023000,1829000,1648000,1426000]",710,8238000
20,53,5,"[524,674,562,489,493]","[1528000,2009000,1644000,1362000,1400000]",674,7943000
20,54,5,"[726,607,613,614,552]","[2242000,1759000,1823000,1760000,1604000]",726,9188000
20,55,5,"[530,656,666,537,497]","[1540000,1891000,1954000,1488000,1411000]",666,8284000
20,56,5,"[518,652,617,532,493]","[1513000,1898000,1831000,1481000,1400000]",652,8123000
20,57,5,"[644,627,613,534,567]","[1917000,1835000,1820000,1491000,1618000]",644,8681000
20,58,5,"[725,609,695,639,551]","[2240000,1776000,2014000,1811000,1588000]",725,9429000
20,59,5,"[674,623,596,678,517]","[2029000,1816000,1778000,1973000,1517000]",678,9113000
20,60,5,"[524,702,625,647,541]","[1513000,1965000,1857000,1810000,1523000]",702,8668000
20,61,5,"[527,618,606,524,497]","[1543000,1812000,1805000,1468000,1411000]",618,8039000
20,62,5,"[550,708,623,586,503]","[1596000,2017000,1821000,1680000,1453000]",708,8567000
20,63,5,"[679,664,665,635,512]","[2022000,1901000,1936000,1802000,1504000]",679,9165000
20,64,5,"[520,632,610,539,509]","[1529000,1851000,1828000,1516000,1444000]",632,8168000
20,65,5,"[505,601,610,650,514]","[1462000,1745000,1806000,1846000,1475000]",650,8334000
20,66,5,"[508,603,614,616,469]","[1502000,1742000,1823000,1761000,1360000]",616,8188000
20,67,5,"[542,636,624,533,498]","[1558000,1830000,1805000,1519000,1415000]",636,8127000
20,68,5,"[491,639,614,534,496]","[1474000,1832000,1836000,1509000,1409000]",639,8060000
20,69,5,"[555,622,557,546,491]","[1621000,1797000,1634000,1545000,1408000]",622,8005000
20,70,5,"[524,638,603,512,496]","[1528000,1861000,1799000,1447000,1409000]",638,8044000
20,71,5,"[537,613,625,605,490]","[1560000,1761000,1862000,1722000,1430000]",625,8335000
20,72,5,"[525,657,594,531,494]","[1515000,1886000,1727000,1499000,1405000]",657,8032000
20,73,5,"[547,712,561,535,497]","[1580000,2010000,1648000,1511000,1408000]",712,8157000
20,74,5,"[521,618,608,541,502]","[1516000,1812000,1815000,1503000,1419000]",618,8065000
20,75,5,"[490,621,603,607,542]","[1443000,1775000,1809000,1751000,1551000]",621,8329000
20,76,5,"[526,568,611,642,584]","[1528000,1648000,1811000,1790000,1665000]",642,8442000
20,77,5,"[496,614,610,611,515]","[1451000,1768000,1810000,1754000,1476000]",614,8259000
20,78,5,"[550,626,549,561,496]","[1616000,1811000,1618000,1586000,1409000]",626,8040000
20,79,5,"[492,602,614,616,520]","[1447000,1740000,1823000,1755000,1492000]",616,8257000
20,80,5,"[524,577,650,531,493]","[1533000,1673000,1961000,1476000,1400000]",650,8043000
20,81,5,"[585,628,559,545,496]","[1710000,1814000,1652000,1541000,1406000]",628,8123000
20,82,5,"[533,623,620,540,505]","[1549000,1816000,1834000,1497000,1436000]",623,8132000
20,83,5,"[520,629,617,545,517]","[1529000,1833000,1848000,1504000,1448000]",629,8162000
20,84,5,"[525,626,624,533,494]","[1541000,1822000,1844000,1476000,1405000]",626,8088000
21,1,5,"[531,422,547,545,501]","[1553000,1261000,1567000,1606000,1467000]",547,7454000
21,2,5,"[416,473,551,568,404]","[1246000,1358000,1571000,1700000,1195000]",568,7070000
21,3,5,"[419,465,525,548,496]","[1258000,1355000,1526000,1608000,1499000]",548,7246000
21,4,5,"[419,465,568,548,457]","[1258000,1355000,1662000,1608000,1376000]",568,7259000
21,5,5,"[424,470,564,571,421]","[1271000,1370000,1651000,1696000,1268000]",571,7256000
21,6,5,"[426,472,562,577,424]","[1260000,1370000,1650000,1712000,1264000]",577,7256000
21,7,5,"[532,433,546,547,501]","[1553000,1283000,1572000,1610000,1470000]",547,7488000
21,8,5,"[382,487,499,582,457]","[1193000,1408000,1460000,1734000,1358000]",582,7153000
21,9,5,"[402,440,550,566,548]","[1200000,1294000,1571000,1690000,1630000]",566,7385000
21,10,5,"[419,465,567,557,457]","[1258000,1355000,1662000,1628000,1376000]",567,7279000
21,11,5,"[372,421,557,711,435]","[1127000,1224000,1564000,2058000,1226000]",711,7199000
21,12,5,"[532,437,547,545,503]","[1553000,1294000,1577000,1606000,1469000]",547,7499000
21,13,5,"[382,487,543,582,445]","[1193000,1408000,1548000,1734000,1325000]",582,7208000
21,14,5,"[410,440,550,566,548]","[1216000,1294000,1571000,1690000,1630000]",566,7401000
21,15,5,"[370,468,541,568,525]","[1133000,1370000,1538000,1692000,1533000]",568,7266000
21,16,5,"[426,472,563,582,424]","[1260000,1370000,1650000,1722000,1264000]",582,7266000
21,17,5,"[479,457,546,534,548]","[1405000,1351000,1561000,1592000,1630000]",548,7539000
21,18,5,"[419,465,568,595,401]","[1258000,1355000,1655000,1737000,1210000]",595,7215000
21,19,5,"[424,470,566,568,433]","[1271000,1370000,1646000,1690000,1295000]",568,7272000
21,20,5,"[419,465,570,550,462]","[1258000,1355000,1658000,1618000,1389000]",570,7278000
21,21,5,"[419,446,569,712,424]","[1249000,1296000,1618000,2062000,1277000]",712,7502000
21,22,5,"[421,448,611,721,427]","[1253000,1303000,1706000,2078000,1286000]",721,7626000
21,23,5,"[531,425,545,593,464]","[1553000,1266000,1567000,1735000,1363000]",593,7484000
21,24,5,"[419,446,550,642,431]","[1249000,1296000,1604000,1898000,1303000]",642,7350000
21,25,5,"[533,434,545,564,477]","[1567000,1282000,1563000,1661000,1401000]",564,7474000
21,26,5,"[384,477,530,584,502]","[1193000,1372000,1490000,1721000,1501000]",584,7277000
21,27,5,"[417,475,485,594,443]","[1251000,1374000,1384000,1749000,1330000]",594,7088000
21,28,5,"[424,470,582,562,425]","[1271000,1370000,1702000,1651000,1282000]",582,7276000
21,29,5,"[451,446,603,573,543]","[1304000,1306000,1707000,1707000,1620000]",603,7644000
21,30,5,"[451,449,570,573,592]","[1319000,1302000,1641000,1683000,1775000]",592,7720000
21,31,5,"[419,465,566,604,425]","[1258000,1355000,1655000,1755000,1282000]",604,7305000
21,32,5,"[437,475,512,591,583]","[1331000,1405000,1455000,1743000,1757000]",591,7691000
21,33,5,"[459,446,618,599,579]","[1359000,1296000,1729000,1747000,1749000]",618,7880000
21,34,5,"[370,421,586,645,433]","[1123000,1224000,1619000,1901000,1222000]",645,7089000
21,35,5,"[529,468,563,582,424]","[1500000,1370000,1650000,1722000,1264000]",582,7506000
21,36,5,"[615,591,573,586,549]","[1939000,1679000,1675000,1727000,1628000]",615,8648000
21,37,5,"[532,433,546,593,465]","[1553000,1283000,1572000,1735000,1366000]",593,7509000
21,38,5,"[590,658,553,600,570]","[1782000,2032000,1577000,1769000,1706000]",658,8866000
21,39,5,"[419,465,525,582,483]","[1258000,1355000,1531000,1720000,1455000]",582,7319000
21,40,5,"[402,440,550,566,599]","[1200000,1294000,1571000,1690000,1768000]",599,7523000
21,41,5,"[402,443,591,567,542]","[1209000,1300000,1670000,1690000,1618000]",591,7487000
21,42,5,"[454,489,570,613,555]","[1362000,1440000,1600000,1809000,1650000]",613,7861000
21,43,5,"[444,520,562,575,555]","[1316000,1505000,1629000,1708000,1644000]",575,7802000
21,44,5,"[420,447,550,686,428]","[1243000,1300000,1598000,1972000,1297000]",686,7410000
21,45,5,"[421,467,520,644,470]","[1262000,1355000,1508000,1860000,1417000]",644,7402000
21,46,5,"[384,431,532,660,455]","[1193000,1235000,1514000,1944000,1339000]",660,7225000
21,47,5,"[382,487,543,582,445]","[1193000,1408000,1548000,1734000,1325000]",582,7208000
21,48,5,"[424,470,567,570,398]","[1271000,1370000,1660000,1686000,1204000]",570,7191000
21,49,5,"[419,465,566,601,437]","[1258000,1355000,1657000,1768000,1312000]",601,7350000
21,50,5,"[432,464,568,579,523]","[1292000,1355000,1679000,1716000,1574000]",579,7616000
21,51,5,"[550,550,550,568,438]","[1631000,1579000,1582000,1694000,1307000]",568,7793000
21,52,5,"[384,492,501,573,546]","[1193000,1427000,1470000,1704000,1626000]",573,7420000
21,53,5,"[419,465,586,548,443]","[1258000,1355000,1701000,1610000,1336000]",586,7260000
21,54,5,"[421,441,636,614,434]","[1271000,1294000,1812000,1789000,1306000]",636,7472000
21,55,5,"[380,431,600,576,478]","[1156000,1250000,1727000,1704000,1381000]",600,7218000
21,56,5,"[538,577,571,646,549]","[1676000,1693000,1590000,1914000,1641000]",646,8514000
21,57,5,"[452,465,566,583,546]","[1356000,1355000,1645000,1735000,1626000]",583,7717000
21,58,5,"[426,472,563,596,424]","[1260000,1370000,1655000,1746000,1268000]",596,7299000
21,59,5,"[424,470,551,568,421]","[1271000,1370000,1557000,1690000,1262000]",568,7150000
21,60,5,"[470,426,577,571,541]","[1420000,1253000,1671000,1699000,1616000]",577,7659000
21,61,5,"[384,477,517,596,490]","[1193000,1372000,1500000,1743000,1457000]",596,7265000
21,62,5,"[530,356,583,681,461]","[1553000,1059000,1655000,1971000,1354000]",681,7592000
21,63,5,"[425,445,611,573,449]","[1267000,1310000,1765000,1711000,1323000]",611,7376000
21,64,5,"[433,452,547,663,426]","[1286000,1326000,1588000,1951000,1278000]",663,7429000
21,65,5,"[371,433,559,721,469]","[1129000,1261000,1568000,2041000,1421000]",721,7420000
21,66,5,"[375,451,514,705,521]","[1143000,1331000,1460000,2043000,1525000]",705,7502000
21,67,5,"[384,482,541,598,453]","[1193000,1382000,1551000,1764000,1347000]",598,7237000
21,68,5,"[370,468,541,576,441]","[1133000,1370000,1538000,1696000,1332000]",576,7069000
21,69,5,"[371,469,542,616,526]","[1138000,1370000,1541000,1788000,1535000]",616,7372000
21,70,5,"[370,468,541,581,445]","[1133000,1370000,1538000,1735000,1325000]",581,7101000
21,71,5,"[454,446,563,615,551]","[1329000,1296000,1588000,1809000,1633000]",615,7655000
21,72,5,"[550,467,593,619,421]","[1631000,1363000,1693000,1792000,1265000]",619,7744000
21,73,5,"[424,470,551,576,459]","[1271000,1370000,1557000,1691000,1362000]",576,7251000
21,74,5,"[426,484,523,615,548]","[1267000,1460000,1493000,1821000,1630000]",615,7671000
21,75,5,"[417,426,561,639,398]","[1251000,1222000,1571000,1893000,1178000]",639,7115000
21,76,5,"[632,387,567,703,493]","[1936000,1172000,1593000,2019000,1436000]",703,8156000
21,77,5,"[420,466,573,568,459]","[1263000,1357000,1655000,1690000,1374000]",573,7339000
21,78,5,"[529,499,544,595,502]","[1553000,1439000,1561000,1678000,1469000]",595,7700000
21,79,5,"[428,477,551,568,404]","[1252000,1403000,1558000,1697000,1195000]",568,7105000
21,80,5,"[419,465,525,548,497]","[1258000,1355000,1524000,1608000,1501000]",548,7246000
21,81,5,"[426,472,562,548,461]","[1260000,1370000,1650000,1610000,1384000]",562,7274000
21,82,5,"[424,470,521,571,462]","[1271000,1370000,1520000,1696000,1389000]",571,7246000
21,83,5,"[426,472,564,544,461]","[1260000,1370000,1650000,1603000,1384000]",564,7267000
21,84,5,"[547,440,546,551,497]","[1596000,1293000,1572000,1618000,1462000]",551,7541000
21,85,5,"[382,490,503,584,459]","[1193000,1414000,1465000,1734000,1354000]",584,7160000
21,86,5,"[402,441,551,599,545]","[1200000,1299000,1573000,1750000,1624000]",599,7446000
21,87,5,"[431,488,568,558,458]","[1277000,1480000,1657000,1626000,1378000]",568,7418000
21,88,5,"[388,403,557,764,456]","[1167000,1160000,1564000,2204000,1340000]",764,7435000
21,89,5,"[532,457,546,547,482]","[1553000,1353000,1572000,1610000,1411000]",547,7499000
21,90,5,"[382,487,506,584,491]","[1193000,1408000,1437000,1738000,1467000]",584,7243000
21,91,5,"[434,463,550,567,549]","[1324000,1339000,1556000,1692000,1632000]",567,7543000
21,92,5,"[339,473,541,568,591]","[1039000,1395000,1538000,1692000,1707000]",591,7371000
21,93,5,"[426,472,562,578,424]","[1260000,1370000,1650000,1714000,1264000]",578,7258000
21,94,5,"[475,449,562,536,565]","[1385000,1336000,1593000,1592000,1655000]",565,7561000
21,95,5,"[419,465,569,591,401]","[1258000,1355000,1657000,1725000,1210000]",591,7205000
21,96,5,"[424,470,523,573,464]","[1271000,1370000,1524000,1696000,1393000]",573,7254000
21,97,5,"[419,465,572,538,473]","[1258000,1355000,1664000,1596000,1420000]",572,7293000
22,1,5,"[484,548,490,562,481]","[1413000,1600000,1364000,1706000,1437000]",562,7520000
22,2,5,"[347,586,497,581,401]","[1038000,1683000,1438000,1773000,1174000]",586,7106000
22,3,5,"[421,572,547,563,418]","[1235000,1636000,1553000,1696000,1238000]",572,7358000
22,4,5,"[387,606,526,546,348]","[1167000,1728000,1540000,1614000,1042000]",606,7091000
22,5,5,"[414,550,562,565,453]","[1234000,1607000,1547000,1709000,1325000]",565,7422000
22,6,5,"[395,572,499,580,405]","[1153000,1663000,1472000,1751000,1161000]",580,7200000
22,7,5,"[508,555,560,533,532]","[1451000,1610000,1563000,1612000,1522000]",560,7758000
22,8,5,"[413,550,547,565,482]","[1232000,1599000,1526000,1712000,1443000]",565,7512000
22,9,5,"[414,554,563,568,453]","[1234000,1612000,1558000,1715000,1321000]",568,7440000
22,10,5,"[356,587,453,621,405]","[1060000,1683000,1338000,1873000,1161000]",621,7115000
22,11,5,"[396,586,497,562,401]","[1160000,1688000,1438000,1698000,1174000]",586,7158000
22,12,5,"[356,588,500,578,405]","[1060000,1683000,1468000,1751000,1161000]",588,7123000
22,13,5,"[410,549,553,564,528]","[1228000,1593000,1538000,1710000,1512000]",564,7581000
22,14,5,"[356,606,453,621,386]","[1060000,1742000,1338000,1873000,1102000]",621,7115000
22,15,5,"[386,575,545,573,410]","[1148000,1685000,1590000,1744000,1222000]",575,7389000
22,16,5,"[421,576,547,558,418]","[1235000,1656000,1553000,1679000,1238000]",576,7361000
22,17,5,"[397,579,480,576,491]","[1160000,1680000,1425000,1737000,1415000]",579,7417000
22,18,5,"[414,553,569,562,453]","[1234000,1612000,1579000,1698000,1319000]",569,7442000
22,19,5,"[347,586,528,581,401]","[1038000,1683000,1502000,1774000,1174000]",586,7171000
22,20,5,"[413,546,551,565,524]","[1232000,1587000,1530000,1712000,1523000]",565,7584000
22,21,5,"[542,640,532,617,495]","[1693000,1922000,1526000,1879000,1398000]",640,8418000
22,22,5,"[427,563,486,638,465]","[1226000,1654000,1413000,1933000,1329000]",638,7555000
22,23,5,"[356,585,481,620,388]","[1060000,1681000,1404000,1885000,1120000]",620,7150000
22,24,5,"[508,587,582,568,466]","[1581000,1720000,1632000,1715000,1357000]",587,8005000
22,25,5,"[492,540,607,558,532]","[1411000,1576000,1721000,1677000,1520000]",607,7905000
22,26,5,"[392,579,469,638,407]","[1147000,1688000,1387000,1907000,1175000]",638,7304000
22,27,5,"[503,549,592,629,457]","[1438000,1620000,1655000,1906000,1338000]",629,7957000
22,28,5,"[538,657,564,635,451]","[1667000,1940000,1609000,1871000,1301000]",657,8388000
22,29,5,"[407,580,544,577,410]","[1237000,1648000,1598000,1764000,1205000]",580,7452000
22,30,5,"[399,540,592,616,421]","[1233000,1559000,1627000,1838000,1262000]",616,7519000
22,31,5,"[383,607,484,584,423]","[1147000,1720000,1406000,1765000,1203000]",607,7241000
22,32,5,"[347,597,598,627,403]","[1038000,1717000,1654000,1856000,1184000]",627,7449000
22,33,5,"[371,552,592,607,451]","[1104000,1599000,1620000,1828000,1311000]",607,7462000
22,34,5,"[397,587,497,621,400]","[1162000,1687000,1438000,1867000,1169000]",621,7323000
22,35,5,"[432,541,584,645,400]","[1276000,1564000,1618000,1953000,1177000]",645,7588000
22,36,5,"[396,550,586,639,452]","[1191000,1622000,1639000,1902000,1357000]",639,7711000
22,37,5,"[398,558,595,607,464]","[1167000,1587000,1699000,1826000,1391000]",607,7670000
22,38,5,"[396,574,493,608,454]","[1158000,1649000,1421000,1846000,1295000]",608,7369000
22,39,5,"[370,587,487,660,342]","[1096000,1685000,1422000,1935000,1029000]",660,7167000
22,40,5,"[540,661,506,580,644]","[1757000,1979000,1458000,1758000,1921000]",661,8873000
22,41,5,"[385,531,551,580,395]","[1148000,1554000,1600000,1770000,1153000]",580,7225000
22,42,5,"[400,595,537,592,510]","[1205000,1699000,1529000,1758000,1525000]",595,7716000
22,43,5,"[410,586,464,645,488]","[1230000,1696000,1378000,1936000,1369000]",645,7609000
22,44,5,"[396,588,585,564,455]","[1170000,1698000,1660000,1713000,1314000]",588,7555000
22,45,5,"[423,609,521,604,420]","[1206000,1775000,1492000,1823000,1239000]",609,7535000
22,46,5,"[872,608,531,546,494]","[2746000,1742000,1562000,1612000,1493000]",872,9155000
22,47,5,"[834,924,1000,655,916]","[2623000,2487000,2738000,1996000,3540000]",1000,13384000
22,48,5,"[356,564,467,678,421]","[1060000,1605000,1387000,2010000,1219000]",678,7281000
22,49,5,"[356,594,509,638,434]","[1060000,1713000,1462000,1889000,1264000]",638,7388000
22,50,5,"[444,562,573,561,475]","[1317000,1618000,1596000,1698000,1396000]",573,7625000
22,51,5,"[468,607,528,557,462]","[1363000,1731000,1549000,1684000,1366000]",607,7693000
22,52,5,"[384,606,504,601,394]","[1149000,1712000,1456000,1815000,1154000]",606,7286000
22,53,5,"[385,611,554,625,395]","[1163000,1733000,1574000,1817000,1156000]",625,7443000
22,54,5,"[393,595,528,567,385]","[1154000,1733000,1516000,1714000,1130000]",595,7247000
22,55,5,"[500,616,496,603,410]","[1605000,1739000,1400000,1809000,1198000]",616,7751000
22,56,5,"[416,588,535,564,374]","[1222000,1692000,1543000,1708000,1102000]",588,7267000
22,57,5,"[432,594,562,607,448]","[1253000,1720000,1583000,1811000,1328000]",607,7695000
22,58,5,"[505,568,607,623,451]","[1444000,1675000,1736000,1868000,1315000]",623,8038000
22,59,5,"[394,569,489,645,428]","[1148000,1633000,1380000,1937000,1264000]",645,7362000
22,60,5,"[503,555,595,631,457]","[1406000,1644000,1642000,1912000,1329000]",631,7933000
22,61,5,"[495,521,545,610,458]","[1543000,1587000,1548000,1826000,1381000]",610,7885000
22,62,5,"[404,581,476,646,419]","[1182000,1696000,1406000,1951000,1217000]",646,7452000
22,63,5,"[431,573,469,638,395]","[1231000,1668000,1387000,1901000,1159000]",638,7346000
22,64,5,"[403,584,541,573,394]","[1184000,1677000,1583000,1744000,1190000]",584,7378000
22,65,5,"[1526,1588,1663,1330,1488]","[4088000,4047000,5333000,5342000,6393000]",1663,25203000
22,66,5,"[450,570,603,608,423]","[1371000,1681000,1687000,1833000,1231000]",608,7803000
22,67,5,"[394,617,520,543,343]","[1175000,1772000,1518000,1596000,1034000]",617,7095000
22,68,5,"[436,552,584,643,501]","[1309000,1656000,1678000,1906000,1451000]",643,8000000
22,69,5,"[502,602,594,565,470]","[1588000,1787000,1647000,1709000,1362000]",602,8093000
22,70,5,"[414,606,480,640,425]","[1234000,1712000,1401000,1931000,1232000]",640,7510000
22,71,5,"[356,578,521,631,475]","[1060000,1659000,1490000,1880000,1366000]",631,7455000
22,72,5,"[385,605,507,583,409]","[1151000,1718000,1440000,1763000,1181000]",605,7253000
22,73,5,"[426,578,468,637,441]","[1215000,1683000,1397000,1899000,1269000]",637,7463000
22,74,5,"[406,575,545,575,410]","[1217000,1668000,1591000,1748000,1227000]",575,7451000
22,75,5,"[530,674,535,612,427]","[1704000,1954000,1516000,1857000,1250000]",674,8281000
22,76,5,"[484,551,491,582,481]","[1413000,1609000,1364000,1752000,1437000]",582,7575000
22,77,5,"[347,585,572,548,400]","[1038000,1683000,1638000,1650000,1169000]",585,7178000
22,78,5,"[421,626,547,560,418]","[1235000,1744000,1553000,1690000,1238000]",626,7460000
22,79,5,"[387,607,543,519,345]","[1167000,1742000,1588000,1524000,1027000]",607,7048000
22,80,5,"[417,550,562,565,508]","[1255000,1604000,1547000,1709000,1442000]",565,7557000
22,81,5,"[530,572,499,518,413]","[1505000,1663000,1472000,1557000,1201000]",572,7398000
22,82,5,"[495,558,562,533,531]","[1440000,1634000,1554000,1598000,1527000]",562,7753000
22,83,5,"[413,549,543,563,482]","[1232000,1608000,1527000,1706000,1443000]",563,7516000
22,84,5,"[414,566,568,565,453]","[1234000,1631000,1574000,1709000,1321000]",568,7469000
22,85,5,"[356,587,475,621,405]","[1060000,1683000,1382000,1873000,1161000]",621,7159000
22,86,5,"[396,586,498,562,401]","[1160000,1688000,1442000,1698000,1174000]",586,7162000
22,87,5,"[356,587,494,578,405]","[1060000,1683000,1456000,1751000,1161000]",587,7111000
22,88,5,"[414,561,556,566,531]","[1223000,1632000,1553000,1711000,1518000]",566,7637000
22,89,5,"[362,619,451,621,396]","[1090000,1798000,1337000,1873000,1127000]",621,7225000
22,90,5,"[386,575,520,577,410]","[1148000,1685000,1540000,1748000,1222000]",577,7343000
22,91,5,"[430,560,551,593,418]","[1280000,1581000,1561000,1792000,1238000]",593,7452000
22,92,5,"[407,606,475,588,487]","[1200000,1751000,1397000,1791000,1403000]",606,7542000
22,93,5,"[505,559,568,638,459]","[1458000,1649000,1577000,1845000,1332000]",638,7861000
22,94,5,"[347,588,528,578,401]","[1038000,1687000,1502000,1759000,1174000]",588,7160000
22,95,5,"[413,575,552,567,524]","[1232000,1651000,1548000,1731000,1523000]",575,7685000
23,1,5,"[641,684,663,685,669]","[1870000,1981000,1925000,2061000,2010000]",685,9847000
23,2,5,"[606,702,665,700,562]","[1801000,2016000,1980000,2111000,1664000]",702,9572000
23,3,5,"[612,659,625,694,641]","[1797000,1909000,1850000,2114000,1972000]",694,9642000
23,4,5,"[610,816,584,692,487]","[1760000,2379000,1700000,2075000,1423000]",816,9337000
23,5,5,"[652,660,621,689,675]","[1902000,1911000,1803000,2089000,2058000]",689,9763000
23,6,5,"[637,778,616,688,477]","[1829000,2280000,1795000,2071000,1383000]",778,9358000
23,7,5,"[543,805,619,691,530]","[1593000,2331000,1805000,2073000,1540000]",805,9342000
23,8,5,"[566,832,625,688,465]","[1654000,2441000,1816000,2068000,1339000]",832,9318000
23,9,5,"[689,721,579,653,548]","[2002000,2092000,1692000,1947000,1647000]",721,9380000
23,10,5,"[612,659,625,694,641]","[1797000,1909000,1850000,2114000,1972000]",694,9642000
23,11,5,"[649,639,686,682,654]","[1887000,1846000,1990000,2063000,2004000]",686,9790000
23,12,5,"[643,683,669,682,668]","[1874000,1978000,1953000,2056000,1990000]",683,9851000
23,13,5,"[642,683,664,686,668]","[1868000,1971000,1925000,2065000,1990000]",686,9819000
23,14,5,"[647,684,664,680,669]","[1881000,1983000,1930000,2062000,2010000]",684,9866000
23,15,5,"[570,833,621,690,470]","[1674000,2446000,1809000,2072000,1360000]",833,9361000
23,16,5,"[636,762,585,665,551]","[1834000,2219000,1705000,1974000,1653000]",762,9385000
23,17,5,"[592,695,625,694,641]","[1732000,2005000,1850000,2114000,1972000]",695,9673000
23,18,5,"[604,709,649,687,588]","[1782000,2033000,1928000,2073000,1767000]",709,9583000
23,19,5,"[612,695,593,696,641]","[1797000,2000000,1762000,2115000,1972000]",696,9646000
23,20,5,"[672,720,615,681,558]","[1958000,2114000,1791000,2042000,1677000]",720,9582000
23,21,5,"[571,821,621,695,469]","[1676000,2428000,1809000,2075000,1355000]",821,9343000
23,22,5,"[596,685,669,694,643]","[1745000,1988000,1951000,2105000,1982000]",694,9771000
23,23,5,"[615,660,628,703,728]","[1792000,1907000,1852000,2123000,2167000]",728,9841000
23,24,5,"[653,674,646,682,653]","[1891000,1934000,1886000,2057000,2002000]",682,9770000
23,25,5,"[639,773,578,716,552]","[1834000,2223000,1690000,2119000,1658000]",773,9524000
23,26,5,"[644,769,618,698,582]","[1858000,2252000,1802000,2111000,1741000]",769,9764000
23,27,5,"[644,771,618,708,613]","[1854000,2222000,1795000,2129000,1880000]",771,9880000
23,28,5,"[592,824,586,713,604]","[1754000,2376000,1708000,2145000,1853000]",824,9836000
23,29,5,"[686,760,582,659,551]","[1978000,2201000,1716000,1970000,1656000]",760,9521000
23,30,5,"[629,685,622,693,670]","[1830000,1988000,1805000,2093000,2048000]",693,9764000
23,31,5,"[633,830,626,696,540]","[1840000,2427000,1819000,2105000,1572000]",830,9763000
23,32,5,"[748,792,583,714,709]","[2294000,2298000,1691000,2125000,2162000]",792,10570000
23,33,5,"[484,789,631,709,584]","[1406000,2280000,1834000,2124000,1694000]",789,9338000
23,34,5,"[602,720,597,697,641]","[1762000,2071000,1761000,2107000,1972000]",720,9673000
23,35,5,"[587,684,626,697,641]","[1723000,1975000,1852000,2107000,1972000]",697,9629000
23,36,5,"[607,818,582,696,487]","[1745000,2389000,1698000,2077000,1423000]",818,9332000
23,37,5,"[612,695,593,696,641]","[1790000,2000000,1762000,2115000,1972000]",696,9639000
23,38,5,"[614,707,673,681,671]","[1792000,2048000,1941000,2047000,1996000]",707,9824000
23,39,5,"[611,833,617,692,487]","[1870000,2446000,1807000,2075000,1422000]",833,9620000
23,40,5,"[651,865,623,686,466]","[1872000,2492000,1811000,2064000,1344000]",865,9583000
23,41,5,"[625,698,662,684,654]","[1808000,2004000,1954000,2060000,2010000]",698,9836000
23,42,5,"[637,786,618,724,638]","[1862000,2268000,1799000,2215000,1939000]",786,10083000
23,43,5,"[633,839,622,688,554]","[1872000,2407000,1817000,2008000,1672000]",839,9776000
23,44,5,"[703,795,614,663,575]","[2069000,2367000,1795000,1976000,1786000]",795,9993000
23,45,5,"[608,825,621,692,464]","[1796000,2425000,1809000,2085000,1339000]",825,9454000
23,46,5,"[639,765,579,653,553]","[1841000,2225000,1692000,1953000,1663000]",765,9374000
23,47,5,"[645,752,626,680,559]","[1848000,2223000,1820000,2030000,1682000]",752,9603000
23,48,5,"[649,680,637,684,665]","[1894000,1960000,1881000,2070000,2024000]",684,9829000
23,49,5,"[715,790,579,698,686]","[1993000,2274000,1681000,2095000,2051000]",790,10094000
23,50,5,"[576,795,588,713,539]","[1657000,2315000,1706000,2131000,1596000]",795,9405000
23,51,5,"[624,694,626,693,637]","[1831000,2012000,1829000,2089000,1955000]",694,9716000
23,52,5,"[673,713,615,710,558]","[1961000,2059000,1797000,2151000,1692000]",713,9660000
23,53,5,"[664,769,589,709,606]","[1927000,2213000,1712000,2131000,1863000]",769,9846000
23,54,5,"[647,660,642,689,649]","[1889000,1917000,1878000,2089000,1973000]",689,9746000
23,55,5,"[691,721,577,650,611]","[1967000,2092000,1688000,1941000,1837000]",721,9525000
23,56,5,"[625,698,642,679,656]","[1808000,2007000,1896000,2047000,2017000]",698,9775000
23,57,5,"[676,824,609,713,600]","[1934000,2372000,1781000,2132000,1762000]",824,9981000
23,58,5,"[651,688,672,686,670]","[1886000,1988000,1954000,2073000,2015000]",688,9916000
23,59,5,"[603,761,599,697,554]","[1786000,2179000,1765000,2109000,1639000]",761,9478000
23,60,5,"[649,764,571,719,606]","[1893000,2215000,1667000,2172000,1842000]",764,9789000
23,61,5,"[642,732,610,693,525]","[1846000,2088000,1784000,2089000,1569000]",732,9376000
23,62,5,"[695,707,568,699,643]","[2004000,2023000,1676000,2127000,1974000]",707,9804000
23,63,5,"[629,817,578,693,612]","[1824000,2351000,1693000,2087000,1873000]",817,9828000
23,64,5,"[676,825,586,715,574]","[1953000,2397000,1715000,2094000,1696000]",825,9855000
23,65,5,"[679,773,616,685,511]","[1937000,2272000,1799000,2060000,1487000]",773,9555000
23,66,5,"[653,663,656,701,669]","[1908000,1915000,1930000,2113000,2010000]",701,9876000
23,67,5,"[611,793,583,718,658]","[1816000,2288000,1685000,2158000,1993000]",793,9940000
23,68,5,"[634,766,598,673,553]","[1830000,2181000,1760000,2039000,1682000]",766,9492000
23,69,5,"[612,695,593,694,641]","[1797000,2005000,1762000,2114000,1972000]",695,9650000
23,70,5,"[657,749,582,654,547]","[1918000,2194000,1696000,1957000,1649000]",749,9414000
23,71,5,"[616,684,670,696,641]","[1806000,1981000,1929000,2117000,1972000]",696,9805000
23,72,5,"[641,758,620,671,608]","[1864000,2230000,1807000,1995000,1814000]",758,9710000
23,73,5,"[617,824,580,691,492]","[1844000,2397000,1706000,2069000,1430000]",824,9446000
23,74,5,"[654,822,612,723,567]","[1861000,2408000,1791000,2114000,1746000]",822,9920000
23,75,5,"[593,835,621,703,617]","[1744000,2444000,1815000,2078000,1881000]",835,9962000
23,76,5,"[697,714,577,722,549]","[1994000,2051000,1688000,2139000,1649000]",722,9521000
23,77,5,"[584,791,700,711,610]","[1713000,2269000,2048000,2129000,1877000]",791,10036000
23,78,5,"[623,811,651,679,612]","[1804000,2365000,1836000,2005000,1860000]",811,9870000
23,79,5,"[647,673,666,680,669]","[1881000,1940000,1963000,2062000,2010000]",680,9856000
23,80,5,"[653,789,625,673,619]","[1894000,2274000,1816000,2010000,1879000]",789,9873000
23,81,5,"[574,811,583,711,594]","[1673000,2363000,1707000,2144000,1812000]",811,9699000
23,82,5,"[606,698,649,706,588]","[1792000,2002000,1927000,2123000,1757000]",706,9601000
23,83,5,"[618,692,666,713,670]","[1797000,1997000,1944000,2137000,1997000]",713,9872000
23,84,5,"[667,770,620,715,639]","[1941000,2233000,1803000,2170000,1941000]",770,10088000
23,85,5,"[591,801,633,696,583]","[1735000,2326000,1851000,2085000,1811000]",801,9808000
23,86,5,"[621,771,687,669,606]","[1804000,2226000,1976000,2016000,1842000]",771,9864000
23,87,5,"[534,831,622,680,613]","[1571000,2436000,1809000,2020000,1808000]",831,9644000
23,88,5,"[670,811,581,688,608]","[1958000,2348000,1696000,2018000,1868000]",811,9888000
23,89,5,"[617,818,579,700,620]","[1792000,2357000,1695000,2094000,1893000]",818,9831000
23,90,5,"[601,685,633,698,641]","[1742000,1986000,1864000,2110000,1972000]",698,9674000
23,91,5,"[770,844,616,696,485]","[2157000,2398000,1799000,2083000,1389000]",844,9826000
23,92,5,"[641,678,663,685,699]","[1868000,1957000,1925000,2061000,2079000]",699,9890000
23,93,5,"[611,700,659,748,527]","[1807000,1996000,1956000,2252000,1558000]",748,9569000
23,94,5,"[612,725,626,701,641]","[1806000,2050000,1852000,2122000,1972000]",725,9802000
23,95,5,"[606,816,622,689,491]","[1749000,2379000,1774000,2073000,1444000]",816,9419000
23,96,5,"[649,722,622,699,673]","[1894000,2029000,1805000,2121000,2054000]",722,9903000
23,97,5,"[660,742,612,693,480]","[1912000,2171000,1791000,2077000,1398000]",742,9349000
23,98,5,"[529,807,617,693,509]","[1534000,2339000,1810000,2077000,1522000]",807,9282000
23,99,5,"[576,831,619,689,476]","[1688000,2436000,1806000,2070000,1388000]",831,9388000
23,100,5,"[683,675,581,696,548]","[1982000,1950000,1692000,2079000,1647000]",696,9350000
23,101,5,"[611,690,630,658,641]","[1793000,2013000,1865000,1998000,1972000]",690,9641000
23,102,5,"[649,639,684,679,654]","[1889000,1845000,1990000,2052000,2004000]",684,9780000
23,103,5,"[641,638,669,682,718]","[1868000,1843000,1953000,2056000,2146000]",718,9866000
23,104,5,"[665,684,662,684,673]","[1917000,1986000,1925000,2061000,2006000]",684,9895000
23,105,5,"[638,683,660,681,708]","[1864000,1978000,1893000,2050000,2112000]",708,9897000
23,106,5,"[574,832,617,690,471]","[1685000,2436000,1800000,2072000,1372000]",832,9365000
23,107,5,"[636,768,582,658,554]","[1834000,2230000,1690000,1961000,1668000]",768,9383000
23,108,5,"[650,696,657,692,643]","[1867000,2003000,1914000,2104000,1982000]",696,9870000
23,109,5,"[604,752,656,638,586]","[1782000,2160000,1952000,1933000,1757000]",752,9584000
23,110,5,"[611,694,590,697,641]","[1795000,1998000,1753000,2117000,1972000]",697,9635000
23,111,5,"[672,720,615,681,560]","[1958000,2114000,1791000,2042000,1681000]",720,9586000
24,1,5,"[589,640,656,655,608]","[1666000,1931000,1906000,1904000,1764000]",656,9171000
24,2,5,"[604,664,655,635,531]","[1692000,2021000,1891000,1878000,1536000]",664,9018000
24,3,5,"[585,645,664,662,610]","[1658000,1942000,1921000,1932000,1772000]",664,9225000
24,4,5,"[555,667,659,663,587]","[1581000,2027000,1899000,1954000,1717000]",667,9178000
24,5,5,"[562,668,679,635,590]","[1591000,2026000,1959000,1873000,1651000]",679,9100000
24,6,5,"[653,616,661,632,605]","[1858000,1899000,1919000,1864000,1768000]",661,9308000
24,7,5,"[525,626,682,645,628]","[1475000,1913000,1969000,1872000,1844000]",682,9073000
24,8,5,"[587,666,661,603,628]","[1661000,1995000,1919000,1776000,1835000]",666,9186000
24,9,5,"[637,616,663,632,637]","[1805000,1899000,1923000,1864000,1853000]",663,9344000
24,10,5,"[582,666,653,665,608]","[1651000,1995000,1882000,1945000,1765000]",666,9238000
24,11,5,"[526,659,683,646,609]","[1490000,2003000,1981000,1871000,1773000]",683,9118000
24,12,5,"[586,642,658,669,607]","[1664000,1935000,1905000,1923000,1759000]",669,9186000
24,13,5,"[586,667,661,637,628]","[1664000,1995000,1919000,1836000,1835000]",667,9249000
24,14,5,"[619,665,661,633,655]","[1761000,2023000,1919000,1874000,1850000]",665,9427000
24,15,5,"[634,662,658,663,633]","[1799000,2020000,1903000,1950000,1812000]",663,9484000
24,16,5,"[539,674,697,681,547]","[1555000,2056000,1984000,2025000,1580000]",697,9200000
24,17,5,"[608,669,651,642,605]","[1729000,1995000,1867000,1884000,1759000]",669,9234000
24,18,5,"[634,615,660,664,659]","[1799000,1898000,1923000,1938000,1891000]",664,9449000
24,19,5,"[584,673,678,676,545]","[1664000,2054000,1961000,1994000,1576000]",678,9249000
24,20,5,"[586,669,664,669,608]","[1671000,1995000,1925000,1918000,1765000]",669,9274000
24,21,5,"[592,661,682,631,581]","[1688000,1985000,1961000,1868000,1644000]",682,9146000
24,22,5,"[581,692,696,636,683]","[1654000,2071000,1989000,1869000,1973000]",696,9556000
24,23,5,"[620,669,663,666,626]","[1765000,2027000,1923000,1968000,1777000]",669,9460000
24,24,5,"[591,666,670,660,573]","[1669000,1995000,1945000,1950000,1659000]",670,9218000
24,25,5,"[544,689,614,755,616]","[1538000,2083000,1753000,2176000,1793000]",755,9343000
24,26,5,"[585,640,656,668,606]","[1660000,1928000,1898000,1922000,1759000]",668,9167000
24,27,5,"[585,647,751,668,607]","[1666000,1945000,2116000,1918000,1761000]",751,9406000
24,28,5,"[662,654,671,598,657]","[1863000,1987000,1954000,1718000,1919000]",671,9441000
24,29,5,"[539,674,647,677,608]","[1561000,2062000,1834000,1996000,1764000]",677,9217000
24,30,5,"[635,665,686,681,608]","[1804000,2023000,1977000,1965000,1765000]",686,9534000
24,31,5,"[643,666,699,682,637]","[1815000,2023000,1962000,1988000,1811000]",699,9599000
24,32,5,"[692,642,629,740,811]","[2015000,1944000,1807000,2173000,2303000]",811,10242000
24,33,5,"[527,684,648,731,634]","[1476000,2068000,1851000,2089000,1853000]",731,9337000
24,34,5,"[664,642,683,773,613]","[1964000,1912000,1972000,2206000,1775000]",773,9829000
24,35,5,"[607,667,658,681,501]","[1698000,2027000,1895000,1997000,1434000]",681,9051000
24,36,5,"[583,666,675,666,605]","[1651000,2001000,1942000,1909000,1759000]",675,9262000
24,37,5,"[606,667,656,699,503]","[1693000,2027000,1895000,2033000,1438000]",699,9086000
24,38,5,"[575,667,678,633,612]","[1616000,2023000,1953000,1863000,1769000]",678,9224000
24,39,5,"[528,674,713,691,571]","[1479000,2035000,2038000,2017000,1658000]",713,9227000
24,40,5,"[545,690,660,669,608]","[1534000,2089000,1909000,1938000,1774000]",690,9244000
24,41,5,"[543,668,630,758,652]","[1569000,1999000,1788000,2179000,1913000]",758,9448000
24,42,5,"[521,679,664,643,628]","[1468000,2035000,1919000,1871000,1833000]",679,9126000
24,43,5,"[590,641,674,657,568]","[1668000,1926000,1948000,1910000,1640000]",674,9092000
24,44,5,"[588,666,670,684,596]","[1662000,1995000,1942000,1979000,1705000]",684,9283000
24,45,5,"[590,654,679,633,622]","[1662000,1965000,1935000,1841000,1814000]",679,9217000
24,46,5,"[544,691,613,727,616]","[1538000,2074000,1753000,2117000,1793000]",727,9275000
24,47,5,"[585,670,663,668,607]","[1666000,1997000,1926000,1916000,1763000]",670,9268000
24,48,5,"[746,667,677,644,672]","[2204000,2027000,1945000,1898000,1915000]",746,9989000
24,49,5,"[525,676,661,624,629]","[1479000,2035000,1905000,1818000,1839000]",676,9076000
24,50,5,"[896,672,649,678,793]","[2681000,2006000,1871000,1958000,2288000]",896,10804000
24,51,5,"[582,662,682,661,606]","[1649000,1987000,1960000,1947000,1764000]",682,9307000
24,52,5,"[532,675,648,708,633]","[1497000,2035000,1847000,2046000,1860000]",708,9285000
24,53,5,"[585,633,663,654,587]","[1664000,1921000,1914000,1917000,1687000]",663,9103000
24,54,5,"[585,696,663,660,617]","[1645000,2051000,1923000,1933000,1795000]",696,9347000
24,55,5,"[553,685,612,756,612]","[1556000,2087000,1744000,2210000,1799000]",756,9396000
24,56,5,"[552,691,611,737,606]","[1560000,2082000,1750000,2119000,1776000]",737,9287000
24,57,5,"[588,671,668,645,748]","[1665000,2071000,1936000,1872000,2214000]",748,9758000
24,58,5,"[620,662,678,659,729]","[1792000,1997000,1949000,1946000,2228000]",729,9912000
24,59,5,"[661,692,687,637,613]","[1953000,2116000,1971000,1886000,1784000]",692,9710000
24,60,5,"[586,675,627,678,635]","[1655000,2062000,1803000,1992000,1868000]",678,9380000
24,61,5,"[579,674,663,670,591]","[1647000,2085000,1923000,1958000,1718000]",674,9331000
24,62,5,"[608,638,657,663,508]","[1720000,1948000,1906000,1958000,1460000]",663,8992000
24,63,5,"[534,674,627,678,608]","[1536000,2062000,1803000,1992000,1764000]",678,9157000
24,64,5,"[547,691,648,716,610]","[1544000,2074000,1835000,2076000,1778000]",716,9307000
24,65,5,"[760,681,727,687,609]","[2130000,2037000,2036000,2004000,1767000]",760,9974000
24,66,5,"[633,678,656,678,668]","[1830000,2049000,1897000,1993000,1914000]",678,9683000
24,67,5,"[591,640,658,666,513]","[1681000,1930000,1911000,1971000,1480000]",666,8973000
24,68,5,"[584,639,655,620,631]","[1651000,1924000,1891000,1796000,1850000]",655,9112000
24,69,5,"[593,685,677,638,539]","[1690000,2066000,1927000,1861000,1537000]",685,9081000
24,70,5,"[579,674,663,629,610]","[1647000,2087000,1919000,1852000,1778000]",674,9283000
24,71,5,"[532,744,713,704,664]","[1511000,2237000,2010000,2078000,2013000]",744,9849000
24,72,5,"[595,639,685,688,570]","[1751000,1929000,1958000,2017000,1644000]",688,9299000
24,73,5,"[587,687,665,670,609]","[1661000,2058000,1927000,1920000,1767000]",687,9333000
24,74,5,"[648,678,675,683,864]","[1839000,2065000,1947000,1950000,2406000]",864,10207000
24,75,5,"[588,677,655,667,607]","[1659000,2032000,1898000,1922000,1761000]",677,9272000
24,76,5,"[636,665,676,641,656]","[1809000,2020000,1958000,1878000,1866000]",676,9531000
24,77,5,"[585,668,675,668,607]","[1664000,1995000,1941000,1916000,1763000]",675,9279000
24,78,5,"[586,694,625,676,608]","[1661000,2102000,1793000,1988000,1764000]",694,9308000
24,79,5,"[656,666,677,633,587]","[1873000,2023000,1949000,1863000,1693000]",677,9401000
24,80,5,"[586,667,663,626,647]","[1653000,2026000,1926000,1776000,1888000]",667,9269000
24,81,5,"[586,669,664,669,608]","[1671000,2003000,1925000,1918000,1765000]",669,9282000
24,82,5,"[589,666,659,672,598]","[1671000,2028000,1903000,1926000,1733000]",672,9261000
24,83,5,"[533,624,669,669,531]","[1498000,1912000,1944000,1962000,1515000]",669,8831000
24,84,5,"[535,710,647,677,606]","[1541000,2179000,1843000,1987000,1760000]",710,9310000
24,85,5,"[636,660,666,677,709]","[1799000,1999000,1916000,1948000,2033000]",709,9695000
24,86,5,"[634,690,646,683,625]","[1799000,2102000,1856000,1989000,1793000]",690,9539000
24,87,5,"[640,666,656,644,654]","[1809000,2025000,1906000,1886000,1875000]",666,9501000
24,88,5,"[557,666,676,663,572]","[1561000,2019000,1949000,1958000,1606000]",676,9093000
24,89,5,"[636,687,662,680,711]","[1803000,2088000,1924000,1951000,2067000]",711,9833000
24,90,5,"[598,671,688,704,537]","[1689000,2004000,1988000,2038000,1539000]",704,9258000
24,91,5,"[587,672,666,676,579]","[1659000,2080000,1929000,1931000,1671000]",676,9270000
24,92,5,"[485,668,662,680,596]","[1358000,2068000,1919000,1998000,1660000]",680,9003000
24,93,5,"[584,640,656,620,634]","[1651000,1926000,1896000,1798000,1853000]",656,9124000
24,94,5,"[599,669,656,596,551]","[1687000,2026000,1897000,1783000,1594000]",669,8987000
24,95,5,"[586,643,681,651,611]","[1660000,1936000,1979000,1889000,1772000]",681,9236000
24,96,5,"[583,673,660,629,584]","[1658000,2052000,1905000,1859000,1701000]",673,9175000
24,97,5,"[560,668,679,635,590]","[1584000,2026000,1959000,1870000,1651000]",679,9090000
24,98,5,"[653,616,661,632,605]","[1858000,1905000,1919000,1864000,1768000]",661,9314000
24,99,5,"[524,624,682,645,628]","[1479000,1912000,1972000,1869000,1841000]",682,9073000
24,100,5,"[584,671,663,610,629]","[1655000,2000000,1929000,1792000,1837000]",671,9213000
24,101,5,"[637,625,661,625,636]","[1805000,1931000,1919000,1828000,1851000]",661,9334000
24,102,5,"[582,666,653,665,608]","[1656000,1995000,1882000,1948000,1765000]",666,9246000
24,103,5,"[530,659,681,650,560]","[1483000,2020000,1969000,1885000,1675000]",681,9032000
24,104,5,"[581,639,664,681,607]","[1645000,1926000,1918000,1950000,1766000]",681,9205000
24,105,5,"[586,667,661,637,628]","[1664000,1995000,1919000,1836000,1835000]",667,9249000
24,106,5,"[622,668,635,636,678]","[1763000,2029000,1848000,1883000,1934000]",678,9457000
24,107,5,"[638,675,654,655,640]","[1799000,2058000,1893000,1915000,1832000]",675,9497000
24,108,5,"[539,644,700,711,547]","[1555000,1960000,1989000,2104000,1580000]",711,9188000
24,109,5,"[608,669,650,642,605]","[1729000,1995000,1865000,1890000,1759000]",669,9238000
24,110,5,"[645,613,658,670,657]","[1824000,1898000,1916000,1947000,1887000]",670,9472000
24,111,5,"[584,673,675,676,545]","[1664000,2054000,1952000,1997000,1576000]",676,9243000
24,112,5,"[580,674,633,680,628]","[1645000,2017000,1835000,1940000,1835000]",680,9272000
25,1,5,"[387,585,599,591,344]","[1134000,1752000,1798000,1761000,1043000]",599,7488000
25,2,5,"[470,592,571,589,459]","[1378000,1763000,1694000,1748000,1328000]",592,7911000
25,3,5,"[392,639,545,592,356]","[1144000,1923000,1636000,1761000,1071000]",639,7535000
25,4,5,"[392,586,600,592,361]","[1144000,1754000,1800000,1761000,1085000]",600,7544000
25,5,5,"[411,586,599,596,402]","[1215000,1751000,1798000,1769000,1194000]",599,7727000
25,6,5,"[387,640,547,591,346]","[1134000,1921000,1631000,1761000,1049000]",640,7496000
25,7,5,"[461,596,576,599,431]","[1360000,1774000,1707000,1786000,1252000]",599,7879000
25,8,5,"[389,636,632,567,318]","[1138000,1913000,1882000,1664000,948000]",636,7545000
25,9,5,"[415,582,609,587,351]","[1219000,1743000,1812000,1771000,1053000]",609,7598000
25,10,5,"[469,596,570,605,427]","[1378000,1771000,1689000,1794000,1244000]",605,7876000
25,11,5,"[429,582,608,589,345]","[1254000,1743000,1807000,1766000,1047000]",608,7617000
25,12,5,"[393,635,612,585,323]","[1146000,1905000,1815000,1725000,979000]",635,7570000
25,13,5,"[402,635,602,602,330]","[1164000,1906000,1798000,1745000,979000]",635,7592000
25,14,5,"[466,597,578,604,427]","[1369000,1769000,1707000,1794000,1244000]",604,7883000
25,15,5,"[477,596,572,599,424]","[1398000,1774000,1699000,1786000,1238000]",599,7895000
25,16,5,"[394,636,619,574,324]","[1144000,1910000,1825000,1690000,979000]",636,7548000
25,17,5,"[391,576,625,606,367]","[1138000,1719000,1858000,1785000,1100000]",625,7600000
25,18,5,"[427,585,609,607,344]","[1247000,1749000,1812000,1751000,1045000]",609,7604000
25,19,5,"[477,586,576,601,428]","[1392000,1751000,1707000,1789000,1246000]",601,7885000
25,20,5,"[428,582,609,589,345]","[1249000,1743000,1812000,1766000,1047000]",609,7617000
25,21,5,"[442,592,629,601,406]","[1293000,1771000,1848000,1793000,1187000]",629,7892000
25,22,5,"[391,642,602,600,327]","[1138000,1932000,1786000,1770000,987000]",642,7613000
25,23,5,"[417,569,628,600,434]","[1218000,1693000,1864000,1788000,1252000]",628,7815000
25,24,5,"[428,608,607,601,346]","[1247000,1789000,1835000,1788000,1047000]",608,7706000
25,25,5,"[468,592,618,600,436]","[1378000,1763000,1809000,1773000,1262000]",618,7985000
25,26,5,"[393,621,645,599,418]","[1149000,1854000,1883000,1759000,1202000]",645,7847000
25,27,5,"[417,689,651,594,409]","[1233000,1988000,1905000,1761000,1180000]",689,8067000
25,28,5,"[454,570,609,603,431]","[1346000,1695000,1812000,1794000,1209000]",609,7856000
25,29,5,"[394,642,612,604,507]","[1146000,1929000,1791000,1748000,1545000]",642,8159000
25,30,5,"[402,586,599,592,349]","[1164000,1754000,1798000,1766000,1053000]",599,7535000
25,31,5,"[430,583,608,603,346]","[1256000,1748000,1807000,1788000,1049000]",608,7648000
25,32,5,"[389,638,632,565,325]","[1138000,1903000,1876000,1664000,983000]",638,7564000
25,33,5,"[421,641,602,596,330]","[1235000,1915000,1810000,1737000,979000]",641,7676000
25,34,5,"[396,581,601,596,676]","[1150000,1735000,1800000,1773000,2169000]",676,8627000
25,35,5,"[450,579,633,648,387]","[1313000,1734000,1853000,1908000,1130000]",648,7938000
25,36,5,"[402,636,632,567,360]","[1185000,1917000,1876000,1665000,1047000]",636,7690000
25,37,5,"[391,642,636,558,356]","[1140000,1947000,1876000,1662000,1075000]",642,7700000
25,38,5,"[417,578,623,605,427]","[1233000,1723000,1849000,1796000,1242000]",623,7843000
25,39,5,"[428,582,609,589,345]","[1249000,1743000,1812000,1766000,1047000]",609,7617000
25,40,5,"[393,652,628,581,323]","[1146000,1957000,1838000,1724000,979000]",652,7644000
25,41,5,"[460,592,624,581,430]","[1358000,1763000,1827000,1732000,1250000]",624,7930000
25,42,5,"[430,661,605,591,343]","[1251000,1904000,1808000,1773000,1041000]",661,7777000
25,43,5,"[419,580,628,682,424]","[1237000,1727000,1863000,1964000,1238000]",682,8029000
25,44,5,"[389,635,629,566,325]","[1138000,1905000,1870000,1666000,983000]",635,7562000
25,45,5,"[425,620,620,594,416]","[1250000,1852000,1809000,1748000,1188000]",620,7847000
25,46,5,"[393,586,611,588,385]","[1152000,1751000,1812000,1771000,1136000]",611,7622000
25,47,5,"[414,582,619,590,347]","[1207000,1743000,1838000,1768000,1051000]",619,7607000
25,48,5,"[468,592,570,613,425]","[1380000,1763000,1689000,1814000,1238000]",613,7884000
25,49,5,"[395,635,612,586,325]","[1146000,1905000,1815000,1727000,979000]",635,7572000
25,50,5,"[397,637,614,593,606]","[1154000,1905000,1819000,1749000,1851000]",637,8478000
25,51,5,"[395,616,615,643,420]","[1159000,1838000,1821000,1890000,1202000]",643,7910000
25,52,5,"[407,637,631,570,331]","[1174000,1902000,1874000,1668000,995000]",637,7613000
25,53,5,"[422,632,630,673,404]","[1237000,1885000,1872000,1946000,1177000]",673,8117000
25,54,5,"[387,638,632,567,325]","[1134000,1903000,1876000,1668000,983000]",638,7564000
25,55,5,"[393,635,612,585,482]","[1146000,1905000,1815000,1725000,1441000]",635,8032000
25,56,5,"[397,584,601,609,400]","[1160000,1753000,1798000,1806000,1186000]",609,7703000
25,57,5,"[476,592,619,576,424]","[1396000,1763000,1814000,1722000,1238000]",619,7933000
25,58,5,"[413,629,687,567,326]","[1212000,1876000,1995000,1680000,985000]",687,7748000
25,59,5,"[430,584,611,638,346]","[1252000,1753000,1813000,1867000,1049000]",638,7734000
25,60,5,"[452,572,611,601,423]","[1351000,1699000,1822000,1790000,1197000]",611,7859000
25,61,5,"[416,638,704,568,403]","[1231000,1898000,2026000,1670000,1172000]",704,7997000
25,62,5,"[421,635,618,594,436]","[1239000,1890000,1809000,1752000,1262000]",635,7952000
25,63,5,"[452,571,609,604,424]","[1346000,1697000,1812000,1794000,1214000]",609,7863000
25,64,5,"[422,589,594,609,431]","[1239000,1755000,1788000,1815000,1248000]",609,7845000
25,65,5,"[444,582,611,612,361]","[1314000,1743000,1816000,1779000,1052000]",612,7704000
25,66,5,"[392,576,626,658,441]","[1140000,1719000,1860000,1962000,1287000]",658,7968000
25,67,5,"[411,637,631,568,372]","[1215000,1902000,1874000,1670000,1109000]",637,7770000
25,68,5,"[422,586,611,609,431]","[1242000,1751000,1822000,1806000,1248000]",611,7869000
25,69,5,"[430,636,624,624,400]","[1277000,1895000,1827000,1836000,1143000]",636,7978000
25,70,5,"[423,581,619,608,432]","[1244000,1728000,1844000,1802000,1254000]",619,7872000
25,71,5,"[394,634,596,632,323]","[1148000,1904000,1758000,1830000,961000]",634,7601000
25,72,5,"[393,644,630,599,422]","[1142000,1891000,1837000,1754000,1231000]",644,7855000
25,73,5,"[391,648,633,584,356]","[1142000,1950000,1865000,1744000,1073000]",648,7774000
25,74,5,"[431,643,609,577,349]","[1254000,1931000,1778000,1721000,1055000]",643,7739000
25,75,5,"[423,660,638,602,428]","[1244000,1873000,1903000,1788000,1246000]",660,8054000
25,76,5,"[418,600,629,605,399]","[1235000,1800000,1848000,1798000,1167000]",629,7848000
25,77,5,"[425,641,693,571,323]","[1243000,1915000,1987000,1676000,979000]",693,7800000
25,78,5,"[429,582,609,590,353]","[1254000,1743000,1807000,1766000,1039000]",609,7609000
25,79,5,"[428,582,609,589,345]","[1249000,1743000,1812000,1766000,1047000]",609,7617000
25,80,5,"[430,687,621,559,328]","[1253000,2013000,1833000,1629000,989000]",687,7717000
25,81,5,"[424,685,639,575,325]","[1229000,2018000,1878000,1726000,983000]",685,7834000
25,82,5,"[421,582,611,600,344]","[1235000,1743000,1812000,1784000,1045000]",611,7619000
25,83,5,"[437,588,611,627,354]","[1263000,1752000,1822000,1854000,1053000]",627,7744000
25,84,5,"[421,627,617,659,361]","[1237000,1887000,1816000,1936000,1064000]",659,7940000
25,85,5,"[393,639,617,587,329]","[1146000,1902000,1819000,1727000,991000]",639,7585000
25,86,5,"[488,574,626,604,431]","[1429000,1709000,1858000,1794000,1242000]",626,8032000
25,87,5,"[454,581,645,635,391]","[1334000,1735000,1916000,1864000,1140000]",645,7989000
25,88,5,"[387,581,564,652,344]","[1134000,1744000,1686000,1923000,1043000]",652,7530000
25,89,5,"[467,592,571,589,431]","[1378000,1763000,1694000,1748000,1274000]",592,7857000
25,90,5,"[397,633,544,599,356]","[1154000,1902000,1621000,1778000,1071000]",633,7526000
25,91,5,"[367,585,600,591,382]","[1070000,1752000,1800000,1761000,1145000]",600,7528000
25,92,5,"[411,585,600,633,402]","[1215000,1743000,1800000,1843000,1194000]",633,7795000
25,93,5,"[391,643,611,602,348]","[1138000,1937000,1755000,1786000,1049000]",643,7665000
25,94,5,"[465,596,572,599,429]","[1374000,1774000,1689000,1786000,1248000]",599,7871000
25,95,5,"[429,639,621,566,320]","[1239000,1913000,1824000,1666000,952000]",639,7594000
25,96,5,"[419,589,662,588,346]","[1233000,1766000,1910000,1773000,1045000]",662,7727000
25,97,5,"[467,592,528,652,429]","[1378000,1763000,1563000,1928000,1248000]",652,7880000
25,98,5,"[433,582,638,590,343]","[1262000,1743000,1882000,1768000,1041000]",638,7696000
25,99,5,"[393,635,576,585,385]","[1142000,1905000,1698000,1725000,1137000]",635,7607000
25,100,5,"[402,644,596,599,330]","[1164000,1948000,1771000,1738000,979000]",644,7600000
25,101,5,"[466,597,576,616,505]","[1369000,1773000,1707000,1799000,1425000]",616,8073000
25,102,5,"[478,599,573,608,427]","[1400000,1779000,1704000,1800000,1244000]",608,7927000
25,103,5,"[396,635,617,593,323]","[1158000,1905000,1834000,1735000,979000]",635,7611000
25,104,5,"[394,579,670,608,372]","[1148000,1718000,1954000,1780000,1108000]",670,7708000
25,105,5,"[430,583,609,565,347]","[1253000,1745000,1812000,1661000,1051000]",609,7522000
25,106,5,"[479,585,576,600,400]","[1394000,1749000,1707000,1787000,1208000]",600,7845000
25,107,5,"[428,661,681,605,347]","[1249000,1900000,1968000,1814000,1051000]",681,7982000
26,1,5,"[544,622,625,615,403]","[1647000,1822000,1823000,1782000,1154000]",625,8228000
26,2,5,"[583,626,622,555,405]","[1746000,1843000,1817000,1641000,1158000]",626,8205000
26,3,5,"[457,663,643,564,441]","[1326000,1927000,1844000,1638000,1331000]",663,8066000
26,4,5,"[586,617,656,528,403]","[1752000,1816000,1911000,1557000,1154000]",656,8190000
26,5,5,"[457,659,662,561,429]","[1328000,1921000,1918000,1653000,1293000]",662,8113000
26,6,5,"[543,644,607,594,406]","[1637000,1896000,1796000,1713000,1158000]",644,8200000
26,7,5,"[456,659,626,591,445]","[1327000,1921000,1818000,1717000,1341000]",659,8124000
26,8,5,"[457,659,662,561,441]","[1328000,1921000,1918000,1653000,1317000]",662,8137000
26,9,5,"[627,620,626,554,405]","[1837000,1822000,1823000,1639000,1158000]",627,8279000
26,10,5,"[541,643,624,612,406]","[1632000,1877000,1819000,1760000,1160000]",643,8248000
26,11,5,"[623,626,622,555,405]","[1826000,1843000,1817000,1641000,1158000]",626,8285000
26,12,5,"[544,620,645,594,403]","[1647000,1818000,1893000,1710000,1154000]",645,8222000
26,13,5,"[511,636,642,616,423]","[1530000,1863000,1862000,1814000,1207000]",642,8276000
26,14,5,"[457,659,668,560,441]","[1328000,1921000,1927000,1642000,1317000]",668,8135000
26,15,5,"[532,659,658,537,452]","[1529000,1921000,1904000,1561000,1276000]",659,8191000
26,16,5,"[553,658,661,561,385]","[1619000,1901000,1914000,1644000,1121000]",661,8199000
26,17,5,"[453,662,665,575,434]","[1317000,1923000,1920000,1682000,1303000]",665,8145000
26,18,5,"[568,613,662,552,409]","[1712000,1808000,1911000,1598000,1162000]",662,8191000
26,19,5,"[573,619,631,611,406]","[1717000,1820000,1831000,1756000,1160000]",631,8284000
26,20,5,"[549,618,658,577,402]","[1647000,1816000,1908000,1660000,1206000]",658,8237000
26,21,5,"[518,611,709,585,463]","[1573000,1777000,2050000,1695000,1319000]",709,8414000
26,22,5,"[553,664,660,561,385]","[1619000,1934000,1914000,1644000,1121000]",664,8232000
26,23,5,"[563,619,707,546,457]","[1652000,1857000,2041000,1608000,1400000]",707,8558000
26,24,5,"[564,672,665,549,459]","[1658000,1985000,1930000,1605000,1404000]",672,8582000
26,25,5,"[584,610,705,546,388]","[1715000,1790000,2040000,1614000,1142000]",705,8301000
26,26,5,"[598,616,670,546,402]","[1728000,1787000,1942000,1599000,1200000]",670,8256000
26,27,5,"[443,710,659,620,408]","[1319000,2089000,1897000,1809000,1170000]",710,8284000
26,28,5,"[533,614,716,558,452]","[1537000,1780000,2070000,1623000,1276000]",716,8286000
26,29,5,"[597,633,727,576,380]","[1745000,1890000,2114000,1643000,1114000]",727,8506000
26,30,5,"[672,707,651,563,432]","[2007000,2098000,1902000,1647000,1230000]",707,8884000
26,31,5,"[573,705,669,558,384]","[1678000,2046000,1944000,1642000,1116000]",705,8426000
26,32,5,"[597,615,656,561,403]","[1784000,1808000,1907000,1599000,1154000]",656,8252000
26,33,5,"[544,658,657,558,384]","[1604000,1946000,1911000,1634000,1146000]",658,8241000
26,34,5,"[526,607,691,581,447]","[1517000,1756000,1978000,1685000,1266000]",691,8202000
26,35,5,"[453,662,656,575,434]","[1317000,1923000,1902000,1682000,1303000]",662,8127000
26,36,5,"[448,773,667,576,434]","[1307000,2227000,1933000,1687000,1303000]",773,8457000
26,37,5,"[535,615,752,637,406]","[1586000,1797000,2177000,1829000,1160000]",752,8549000
26,38,5,"[510,643,656,583,462]","[1461000,1868000,1912000,1700000,1336000]",656,8277000
26,39,5,"[460,662,660,610,496]","[1400000,1927000,1914000,1777000,1408000]",662,8426000
26,40,5,"[586,630,707,595,406]","[1775000,1846000,2039000,1718000,1158000]",707,8536000
26,41,5,"[608,662,626,555,449]","[1771000,1927000,1822000,1618000,1266000]",662,8404000
26,42,5,"[525,632,641,618,420]","[1567000,1864000,1857000,1815000,1196000]",641,8299000
26,43,5,"[611,643,688,572,465]","[1804000,1868000,1961000,1665000,1313000]",688,8611000
26,44,5,"[456,663,666,578,434]","[1314000,1911000,1922000,1697000,1303000]",666,8147000
26,45,5,"[538,634,703,641,411]","[1608000,1853000,2031000,1861000,1185000]",703,8538000
26,46,5,"[539,672,724,567,413]","[1646000,1958000,2081000,1615000,1183000]",724,8483000
26,47,5,"[453,709,643,621,477]","[1344000,2093000,1858000,1829000,1357000]",709,8481000
26,48,5,"[512,646,657,578,432]","[1456000,1886000,1900000,1687000,1299000]",657,8228000
26,49,5,"[552,617,667,594,419]","[1652000,1828000,1946000,1714000,1195000]",667,8335000
26,50,5,"[455,714,707,561,454]","[1305000,2047000,2046000,1630000,1279000]",714,8307000
26,51,5,"[512,659,653,574,450]","[1536000,1921000,1900000,1684000,1332000]",659,8373000
26,52,5,"[635,647,664,573,417]","[1861000,1891000,1935000,1631000,1187000]",664,8505000
26,53,5,"[510,637,704,595,455]","[1526000,1861000,2033000,1713000,1287000]",704,8420000
26,54,5,"[555,612,692,583,405]","[1659000,1806000,2012000,1653000,1214000]",692,8344000
26,55,5,"[460,716,642,618,423]","[1359000,2116000,1862000,1824000,1207000]",716,8368000
26,56,5,"[549,658,669,557,385]","[1611000,1901000,1932000,1629000,1121000]",669,8194000
26,57,5,"[542,590,693,603,407]","[1642000,1716000,2028000,1718000,1160000]",693,8264000
26,58,5,"[724,642,643,574,451]","[2252000,1875000,1858000,1679000,1283000]",724,8947000
26,59,5,"[516,644,667,563,432]","[1467000,1870000,1924000,1654000,1299000]",667,8214000
26,60,5,"[523,612,709,591,447]","[1511000,1772000,2047000,1726000,1266000]",709,8322000
26,61,5,"[512,660,630,622,416]","[1534000,1929000,1818000,1822000,1191000]",660,8294000
26,62,5,"[586,606,706,548,459]","[1721000,1782000,2039000,1599000,1295000]",706,8436000
26,63,5,"[527,654,705,552,404]","[1591000,1902000,2037000,1613000,1159000]",705,8302000
26,64,5,"[543,645,684,585,463]","[1563000,1872000,1957000,1700000,1329000]",684,8421000
26,65,5,"[528,756,653,580,458]","[1597000,2181000,1900000,1664000,1290000]",756,8632000
26,66,5,"[457,661,673,604,439]","[1328000,1921000,1949000,1719000,1315000]",673,8232000
26,67,5,"[528,636,709,643,423]","[1578000,1863000,2041000,1874000,1212000]",709,8568000
26,68,5,"[547,629,704,547,443]","[1631000,1849000,2031000,1601000,1349000]",704,8461000
26,69,5,"[509,653,702,580,431]","[1506000,1927000,2031000,1716000,1294000]",702,8474000
26,70,5,"[485,659,727,573,403]","[1463000,1922000,2112000,1636000,1154000]",727,8287000
26,71,5,"[454,741,716,564,456]","[1307000,2099000,2082000,1645000,1283000]",741,8416000
26,72,5,"[541,703,702,558,384]","[1616000,2045000,2040000,1642000,1116000]",703,8459000
26,73,5,"[547,621,627,580,405]","[1656000,1824000,1827000,1721000,1158000]",627,8186000
26,74,5,"[547,622,624,585,405]","[1656000,1826000,1821000,1716000,1158000]",624,8177000
26,75,5,"[457,660,619,572,470]","[1340000,1921000,1766000,1676000,1424000]",660,8127000
26,76,5,"[587,616,661,528,404]","[1756000,1814000,1918000,1557000,1156000]",661,8201000
26,77,5,"[464,659,663,561,429]","[1354000,1921000,1920000,1650000,1291000]",663,8136000
26,78,5,"[541,637,635,573,407]","[1632000,1877000,1882000,1635000,1158000]",637,8184000
26,79,5,"[466,659,623,590,443]","[1356000,1921000,1816000,1703000,1336000]",659,8132000
26,80,5,"[483,662,663,509,440]","[1413000,1927000,1920000,1516000,1312000]",663,8088000
26,81,5,"[607,619,632,549,429]","[1773000,1818000,1841000,1620000,1233000]",632,8285000
26,82,5,"[628,589,624,615,406]","[1863000,1712000,1819000,1781000,1160000]",628,8335000
26,83,5,"[624,676,628,523,406]","[1828000,1978000,1829000,1525000,1160000]",676,8320000
26,84,5,"[540,593,643,591,474]","[1633000,1741000,1889000,1688000,1331000]",643,8282000
26,85,5,"[514,644,632,636,420]","[1546000,1879000,1834000,1861000,1198000]",644,8318000
26,86,5,"[457,676,667,560,436]","[1328000,1973000,1925000,1639000,1298000]",676,8163000
26,87,5,"[527,662,655,539,446]","[1516000,1936000,1904000,1574000,1267000]",662,8197000
26,88,5,"[552,673,682,554,384]","[1611000,1970000,1965000,1634000,1116000]",682,8296000
26,89,5,"[453,666,670,552,434]","[1317000,1931000,1939000,1633000,1312000]",670,8132000
26,90,5,"[571,617,658,595,406]","[1717000,1808000,1874000,1711000,1158000]",658,8268000
26,91,5,"[573,616,671,584,406]","[1717000,1814000,1939000,1684000,1160000]",671,8314000
26,92,5,"[572,615,632,574,396]","[1722000,1812000,1832000,1667000,1176000]",632,8209000
27,1,5,"[589,680,613,640,668]","[1790000,2034000,1786000,1904000,1964000]",680,9478000
27,2,5,"[596,695,596,647,661]","[1785000,2066000,1734000,1902000,1949000]",695,9436000
27,3,5,"[627,749,541,603,660]","[1867000,2241000,1598000,1770000,1934000]",749,9410000
27,4,5,"[586,689,579,685,660]","[1763000,2060000,1680000,2001000,1941000]",689,9445000
27,5,5,"[645,649,618,626,662]","[1949000,1944000,1812000,1834000,1951000]",662,9490000
27,6,5,"[652,641,634,661,661]","[1964000,1900000,1853000,1955000,1948000]",661,9620000
27,7,5,"[627,722,562,618,669]","[1869000,2157000,1640000,1830000,1955000]",722,9451000
27,8,5,"[621,675,605,657,655]","[1864000,1997000,1753000,1967000,1937000]",675,9518000
27,9,5,"[649,664,624,636,660]","[1982000,1976000,1798000,1860000,1938000]",664,9554000
27,10,5,"[590,658,655,651,665]","[1780000,1967000,1913000,1918000,1948000]",665,9526000
27,11,5,"[585,715,577,667,661]","[1767000,2135000,1676000,1942000,1942000]",715,9462000
27,12,5,"[602,686,606,648,666]","[1814000,2061000,1754000,1909000,1974000]",686,9512000
27,13,5,"[590,658,690,645,608]","[1780000,1967000,2019000,1906000,1798000]",690,9470000
27,14,5,"[592,664,617,672,665]","[1795000,1997000,1801000,1983000,1948000]",672,9524000
27,15,5,"[596,656,612,646,703]","[1779000,1952000,1782000,1897000,2065000]",703,9475000
27,16,5,"[589,719,576,641,665]","[1790000,2145000,1677000,1909000,1944000]",719,9465000
27,17,5,"[630,666,636,644,661]","[1877000,1978000,1849000,1924000,1949000]",666,9577000
27,18,5,"[637,667,625,648,661]","[1927000,1978000,1796000,1902000,1946000]",667,9549000
27,19,5,"[590,691,613,640,675]","[1780000,2053000,1787000,1904000,1985000]",691,9509000
27,20,5,"[627,722,566,618,669]","[1869000,2157000,1648000,1830000,1955000]",722,9459000
27,21,5,"[642,686,625,649,664]","[1937000,2016000,1796000,1906000,1952000]",686,9607000
27,22,5,"[602,696,610,616,669]","[1823000,2070000,1786000,1822000,1982000]",696,9483000
27,23,5,"[638,674,655,688,615]","[1946000,1994000,1893000,2003000,1818000]",688,9654000
27,24,5,"[619,675,627,701,622]","[1874000,2001000,1823000,2056000,1837000]",701,9591000
27,25,5,"[583,703,656,688,648]","[1763000,2099000,1959000,2030000,1917000]",703,9768000
27,26,5,"[595,709,604,631,660]","[1777000,2147000,1763000,1850000,1948000]",709,9485000
27,27,5,"[604,688,634,694,625]","[1811000,2061000,1831000,2036000,1831000]",694,9570000
27,28,5,"[589,722,567,666,666]","[1767000,2167000,1653000,1939000,1956000]",722,9482000
27,29,5,"[621,747,526,615,664]","[1855000,2225000,1556000,1824000,1941000]",747,9401000
27,30,5,"[589,719,607,640,667]","[1790000,2145000,1789000,1904000,1960000]",719,9588000
27,31,5,"[636,666,623,632,659]","[1945000,1978000,1796000,1882000,1942000]",666,9543000
27,32,5,"[589,693,661,645,614]","[1780000,2064000,1934000,1910000,1809000]",693,9497000
27,33,5,"[647,699,604,657,649]","[1918000,2083000,1767000,1944000,1925000]",699,9637000
27,34,5,"[650,692,599,627,661]","[1963000,2067000,1744000,1851000,1939000]",692,9564000
27,35,5,"[634,724,560,596,667]","[1910000,2167000,1632000,1756000,1950000]",724,9415000
27,36,5,"[587,728,603,691,657]","[1774000,2129000,1770000,2021000,1932000]",728,9626000
27,37,5,"[591,754,573,629,656]","[1769000,2279000,1668000,1849000,1928000]",754,9493000
27,38,5,"[616,747,560,625,667]","[1844000,2222000,1636000,1847000,1950000]",747,9499000
27,39,5,"[591,690,598,642,666]","[1774000,2053000,1740000,1908000,1954000]",690,9429000
27,40,5,"[688,724,582,617,666]","[2021000,2161000,1706000,1819000,1947000]",724,9654000
27,41,5,"[587,716,604,712,620]","[1786000,2145000,1752000,2062000,1828000]",716,9573000
27,42,5,"[651,688,625,648,661]","[1926000,2062000,1796000,1902000,1946000]",688,9632000
27,43,5,"[595,691,617,640,703]","[1788000,2066000,1795000,1895000,2017000]",703,9561000
27,44,5,"[628,664,629,641,659]","[1890000,1976000,1809000,1860000,1934000]",664,9469000
27,45,5,"[591,728,567,626,666]","[1780000,2158000,1645000,1849000,1962000]",728,9394000
27,46,5,"[634,738,588,634,671]","[1927000,2175000,1710000,1857000,1972000]",738,9641000
27,47,5,"[599,693,608,644,662]","[1802000,2067000,1763000,1903000,1958000]",693,9493000
27,48,5,"[630,727,558,659,661]","[1883000,2168000,1626000,1915000,1946000]",727,9538000
27,49,5,"[591,683,637,705,622]","[1799000,2041000,1865000,2072000,1825000]",705,9602000
27,50,5,"[637,673,624,650,668]","[1927000,2006000,1796000,1902000,1937000]",673,9568000
27,51,5,"[594,729,560,650,674]","[1775000,2157000,1645000,1907000,1970000]",729,9454000
27,52,5,"[653,742,563,626,670]","[1969000,2196000,1641000,1842000,1965000]",742,9613000
27,53,5,"[595,692,599,647,671]","[1789000,2060000,1736000,1902000,1960000]",692,9447000
27,54,5,"[591,729,586,600,668]","[1769000,2153000,1715000,1773000,1960000]",729,9370000
27,55,5,"[595,732,559,693,659]","[1790000,2170000,1634000,2022000,1936000]",732,9552000
27,56,5,"[628,675,607,658,666]","[1885000,1997000,1758000,1953000,1962000]",675,9555000
27,57,5,"[587,707,576,641,677]","[1775000,2101000,1683000,1909000,2003000]",707,9471000
27,58,5,"[596,721,579,667,663]","[1784000,2159000,1680000,1942000,1956000]",721,9521000
27,59,5,"[652,729,559,619,674]","[1933000,2181000,1616000,1834000,2005000]",729,9569000
27,60,5,"[596,738,554,640,664]","[1812000,2200000,1645000,1889000,1946000]",738,9492000
27,61,5,"[673,719,573,656,661]","[2030000,2149000,1668000,1899000,1932000]",719,9678000
27,62,5,"[587,728,568,701,666]","[1765000,2153000,1652000,2023000,1959000]",728,9552000
27,63,5,"[584,694,601,637,671]","[1765000,2078000,1757000,1889000,1958000]",694,9447000
27,64,5,"[756,714,563,608,662]","[2260000,2123000,1648000,1788000,1941000]",756,9760000
27,65,5,"[691,740,562,615,668]","[2054000,2191000,1640000,1815000,1950000]",740,9650000
27,66,5,"[593,694,652,691,658]","[1786000,2061000,1859000,2015000,1934000]",694,9655000
27,67,5,"[636,669,656,644,661]","[1926000,1982000,1880000,1897000,1934000]",669,9619000
27,68,5,"[589,693,655,644,618]","[1780000,2064000,1910000,1908000,1829000]",693,9491000
27,69,5,"[594,706,619,650,662]","[1763000,2127000,1810000,1894000,1954000]",706,9548000
27,70,5,"[662,704,595,636,660]","[1962000,2084000,1736000,1860000,1938000]",704,9580000
27,71,5,"[590,725,578,640,666]","[1780000,2155000,1690000,1904000,1949000]",725,9478000
27,72,5,"[610,694,628,651,664]","[1829000,2064000,1832000,1907000,1954000]",694,9586000
27,73,5,"[586,686,678,644,671]","[1729000,2070000,1962000,1915000,1928000]",686,9604000
27,74,5,"[636,696,603,634,659]","[1866000,2073000,1752000,1875000,1952000]",696,9518000
27,75,5,"[649,744,543,660,667]","[1913000,2219000,1586000,1935000,1968000]",744,9621000
27,76,5,"[585,686,611,640,680]","[1770000,2045000,1780000,1904000,1985000]",686,9484000
27,77,5,"[594,697,636,644,669]","[1781000,2067000,1839000,1897000,1950000]",697,9534000
27,78,5,"[585,749,566,603,660]","[1759000,2241000,1678000,1770000,1934000]",749,9382000
27,79,5,"[581,667,580,688,700]","[1753000,1986000,1680000,2007000,2050000]",700,9476000
27,80,5,"[640,669,605,632,649]","[1926000,2022000,1768000,1855000,1886000]",669,9457000
27,81,5,"[652,641,637,661,669]","[1964000,1900000,1868000,1955000,1958000]",669,9645000
27,82,5,"[651,725,564,623,667]","[1924000,2168000,1644000,1861000,1953000]",725,9550000
27,83,5,"[623,671,599,657,655]","[1866000,1999000,1734000,1964000,1937000]",671,9500000
27,84,5,"[643,676,625,637,664]","[1961000,2003000,1803000,1862000,1944000]",676,9573000
27,85,5,"[590,626,655,672,665]","[1785000,1879000,1911000,1983000,1946000]",672,9504000
27,86,5,"[586,731,582,667,656]","[1759000,2197000,1685000,1942000,1911000]",731,9494000
27,87,5,"[604,649,610,643,712]","[1814000,1940000,1759000,1909000,2086000]",712,9508000
27,88,5,"[592,660,642,667,606]","[1795000,1977000,1888000,1967000,1794000]",667,9421000
27,89,5,"[594,658,620,674,668]","[1788000,1970000,1812000,1986000,1963000]",674,9519000
27,90,5,"[596,656,612,646,705]","[1779000,1952000,1782000,1897000,2069000]",705,9479000
27,91,5,"[595,761,576,641,668]","[1811000,2229000,1677000,1909000,1944000]",761,9570000
27,92,5,"[635,683,641,647,651]","[1900000,2038000,1871000,1939000,1899000]",683,9647000
27,93,5,"[642,637,624,669,660]","[1939000,1900000,1809000,1967000,1945000]",669,9560000
27,94,5,"[590,689,634,640,661]","[1780000,2053000,1845000,1904000,1938000]",689,9520000
27,95,5,"[630,756,566,641,666]","[1880000,2219000,1648000,1873000,1949000]",756,9569000
28,1,5,"[677,620,677,462,549]","[2005000,1795000,2026000,1371000,1597000]",677,8794000
28,2,5,"[675,627,671,554,487]","[1999000,1818000,2008000,1630000,1445000]",675,8900000
28,3,5,"[674,630,725,461,441]","[1999000,1824000,2167000,1372000,1313000]",725,8675000
28,4,5,"[678,608,705,501,488]","[2005000,1771000,2099000,1448000,1449000]",705,8772000
28,5,5,"[676,630,725,461,472]","[2003000,1821000,2167000,1372000,1396000]",725,8759000
28,6,5,"[688,657,701,497,452]","[2030000,1904000,2087000,1444000,1338000]",701,8803000
28,7,5,"[667,626,690,502,500]","[1968000,1805000,2073000,1450000,1520000]",690,8816000
28,8,5,"[675,662,676,590,484]","[1999000,1936000,2021000,1702000,1439000]",676,9097000
28,9,5,"[648,612,717,509,473]","[1926000,1815000,2136000,1507000,1392000]",717,8776000
28,10,5,"[676,607,680,475,550]","[2003000,1767000,2041000,1415000,1605000]",680,8831000
28,11,5,"[651,612,717,509,472]","[1935000,1815000,2136000,1504000,1387000]",717,8777000
28,12,5,"[684,658,675,510,487]","[2024000,1909000,2003000,1493000,1433000]",684,8862000
28,13,5,"[677,680,674,499,484]","[2003000,1978000,2038000,1444000,1441000]",680,8904000
28,14,5,"[677,629,703,499,485]","[2003000,1822000,2094000,1444000,1443000]",703,8806000
28,15,5,"[689,657,701,500,471]","[2035000,1904000,2087000,1449000,1383000]",701,8858000
28,16,5,"[678,665,677,608,489]","[2003000,1919000,2022000,1759000,1437000]",678,9140000
28,17,5,"[675,681,674,494,483]","[1999000,1980000,2038000,1439000,1435000]",681,8891000
28,18,5,"[676,619,677,610,555]","[1999000,1802000,2018000,1755000,1607000]",677,9181000
28,19,5,"[648,633,676,598,666]","[1928000,1824000,2021000,1736000,2006000]",676,9515000
28,20,5,"[650,635,676,600,668]","[1929000,1834000,2021000,1733000,2010000]",676,9527000
28,21,5,"[690,669,703,501,529]","[2046000,1920000,2085000,1451000,1585000]",703,9087000
28,22,5,"[692,659,712,500,669]","[2040000,1908000,2123000,1456000,1986000]",712,9513000
28,23,5,"[659,612,717,509,472]","[1957000,1815000,2136000,1504000,1387000]",717,8799000
28,24,5,"[678,612,719,507,586]","[2007000,1773000,2137000,1496000,1759000]",719,9172000
28,25,5,"[674,700,675,492,497]","[1999000,2016000,2018000,1463000,1460000]",700,8956000
28,26,5,"[712,658,675,508,485]","[2119000,1909000,2003000,1493000,1426000]",712,8950000
28,27,5,"[713,664,707,592,471]","[2079000,1912000,2082000,1702000,1385000]",713,9160000
28,28,5,"[675,661,684,494,483]","[1999000,1925000,2073000,1439000,1435000]",684,8871000
28,29,5,"[668,627,725,461,441]","[1968000,1809000,2167000,1372000,1313000]",725,8629000
28,30,5,"[647,625,671,562,663]","[1924000,1812000,2008000,1649000,1991000]",671,9384000
28,31,5,"[681,610,717,510,474]","[2013000,1771000,2136000,1491000,1391000]",717,8802000
28,32,5,"[690,661,711,538,441]","[2030000,1924000,2084000,1569000,1316000]",711,8923000
28,33,5,"[677,611,727,487,471]","[2005000,1776000,2189000,1425000,1385000]",727,8780000
28,34,5,"[676,700,725,499,484]","[2003000,2018000,2152000,1454000,1435000]",725,9062000
28,35,5,"[677,607,687,568,477]","[2008000,1769000,2040000,1667000,1397000]",687,8881000
28,36,5,"[674,622,726,490,598]","[1999000,1805000,2127000,1430000,1712000]",726,9073000
28,37,5,"[683,616,734,503,474]","[1983000,1835000,2191000,1464000,1395000]",734,8868000
28,38,5,"[683,627,690,503,501]","[2023000,1805000,2073000,1455000,1522000]",690,8878000
28,39,5,"[726,668,679,606,613]","[2147000,1925000,2032000,1743000,1805000]",726,9652000
28,40,5,"[650,629,735,604,666]","[1935000,1827000,2157000,1746000,2000000]",735,9665000
28,41,5,"[673,629,672,498,523]","[1997000,1819000,2008000,1479000,1573000]",673,8876000
28,42,5,"[694,612,717,499,480]","[2054000,1815000,2136000,1472000,1421000]",717,8898000
28,43,5,"[675,612,677,600,664]","[2001000,1788000,2021000,1733000,1993000]",677,9536000
28,44,5,"[678,671,676,580,504]","[2006000,1933000,2018000,1648000,1465000]",678,9070000
28,45,5,"[671,632,706,597,676]","[1961000,1826000,2109000,1734000,2000000]",706,9630000
28,46,5,"[678,661,677,611,489]","[2003000,1926000,2022000,1765000,1437000]",678,9153000
28,47,5,"[678,610,676,499,488]","[2005000,1775000,2041000,1444000,1449000]",678,8714000
28,48,5,"[651,672,680,605,653]","[1938000,1955000,2032000,1752000,1960000]",680,9637000
28,49,5,"[674,676,676,599,669]","[1999000,1944000,2021000,1741000,2012000]",676,9717000
28,50,5,"[683,606,714,506,476]","[2013000,1773000,2121000,1501000,1402000]",714,8810000
28,51,5,"[678,665,726,606,486]","[2003000,1921000,2114000,1749000,1431000]",726,9218000
28,52,5,"[648,670,680,603,653]","[1929000,1951000,2032000,1733000,1960000]",680,9605000
28,53,5,"[694,617,731,499,484]","[2054000,1821000,2164000,1454000,1435000]",731,8928000
28,54,5,"[674,630,677,591,537]","[1999000,1833000,2026000,1704000,1631000]",677,9193000
28,55,5,"[677,653,678,491,597]","[2005000,1889000,2038000,1433000,1796000]",678,9161000
28,56,5,"[679,610,717,508,474]","[2009000,1771000,2136000,1491000,1391000]",717,8798000
28,57,5,"[682,656,722,509,538]","[2017000,1909000,2106000,1497000,1550000]",722,9079000
28,58,5,"[670,626,714,506,476]","[1976000,1813000,2121000,1501000,1402000]",714,8813000
28,59,5,"[678,652,675,492,566]","[2007000,1873000,2040000,1434000,1710000]",678,9064000
28,60,5,"[675,688,668,590,484]","[1999000,2000000,1993000,1702000,1440000]",688,9134000
28,61,5,"[675,668,774,462,499]","[1999000,1939000,2241000,1372000,1454000]",774,9005000
28,62,5,"[709,673,729,500,480]","[2087000,1956000,2151000,1447000,1397000]",729,9038000
28,63,5,"[682,667,714,505,475]","[2011000,1886000,2121000,1490000,1392000]",714,8900000
28,64,5,"[650,614,730,496,484]","[1933000,1815000,2141000,1439000,1430000]",730,8758000
28,65,5,"[683,688,733,497,474]","[2011000,1967000,2192000,1444000,1389000]",733,9003000
28,66,5,"[676,669,674,540,533]","[1999000,1926000,2014000,1546000,1526000]",676,9011000
28,67,5,"[690,615,723,499,484]","[2046000,1821000,2148000,1454000,1435000]",723,8904000
28,68,5,"[678,662,693,507,483]","[2007000,1921000,2055000,1487000,1436000]",693,8906000
28,69,5,"[670,618,763,502,441]","[1976000,1791000,2243000,1469000,1313000]",763,8792000
28,70,5,"[678,607,755,461,441]","[2016000,1769000,2227000,1372000,1313000]",755,8697000
28,71,5,"[705,678,703,500,477]","[2073000,1928000,2097000,1449000,1401000]",705,8948000
28,72,5,"[674,626,672,607,533]","[1999000,1816000,2008000,1742000,1608000]",674,9173000
28,73,5,"[648,633,695,577,667]","[1929000,1838000,2077000,1652000,2002000]",695,9498000
28,74,5,"[688,660,790,501,452]","[2030000,1910000,2299000,1452000,1340000]",790,9031000
28,75,5,"[655,626,768,606,663]","[1952000,1816000,2253000,1749000,1955000]",768,9725000
28,76,5,"[674,634,676,599,666]","[1999000,1836000,2021000,1741000,2006000]",676,9603000
28,77,5,"[679,650,680,462,554]","[2009000,1867000,2027000,1369000,1622000]",680,8894000
28,78,5,"[674,628,688,567,483]","[1999000,1817000,2060000,1687000,1445000]",688,9008000
28,79,5,"[677,623,728,466,467]","[2005000,1801000,2152000,1377000,1404000]",728,8739000
28,80,5,"[676,682,704,467,485]","[2004000,1966000,2098000,1353000,1432000]",704,8853000
28,81,5,"[679,670,721,461,472]","[2009000,1895000,2159000,1372000,1396000]",721,8831000
28,82,5,"[661,660,700,503,509]","[1943000,1906000,2088000,1453000,1484000]",700,8874000
28,83,5,"[669,626,651,503,558]","[1974000,1810000,1951000,1458000,1667000]",669,8860000
28,84,5,"[687,667,681,595,489]","[2028000,1942000,2030000,1712000,1429000]",687,9141000
28,85,5,"[732,570,717,509,473]","[2148000,1677000,2136000,1507000,1392000]",732,8860000
28,86,5,"[676,613,680,475,550]","[2003000,1779000,2041000,1415000,1605000]",680,8843000
28,87,5,"[654,626,714,547,431]","[1948000,1847000,2121000,1622000,1275000]",714,8813000
28,88,5,"[679,665,644,523,488]","[2013000,1928000,1926000,1539000,1434000]",679,8840000
28,89,5,"[684,689,681,499,485]","[2022000,1990000,2054000,1454000,1426000]",689,8946000
28,90,5,"[677,636,709,508,493]","[2003000,1824000,2119000,1465000,1460000]",709,8871000
28,91,5,"[691,681,703,501,478]","[2037000,1959000,2108000,1459000,1406000]",703,8969000
28,92,5,"[679,672,636,609,520]","[2008000,1941000,1912000,1761000,1541000]",679,9163000
28,93,5,"[677,689,663,495,550]","[2001000,1992000,1995000,1444000,1606000]",689,9038000
28,94,5,"[677,623,637,613,591]","[2005000,1808000,1912000,1775000,1714000]",677,9214000
28,95,5,"[648,630,676,625,668]","[1935000,1819000,2021000,1800000,2016000]",676,9591000
28,96,5,"[619,631,676,636,666]","[1838000,1824000,2021000,1854000,2000000]",676,9537000
29,1,5,"[538,683,709,685,709]","[1599000,2008000,2133000,2076000,2143000]",709,9959000
29,2,5,"[534,678,716,676,700]","[1592000,1985000,2161000,2048000,2113000]",716,9899000
29,3,5,"[538,682,712,685,711]","[1599000,1999000,2139000,2076000,2145000]",712,9958000
29,4,5,"[534,678,716,676,700]","[1592000,1985000,2161000,2048000,2113000]",716,9899000
29,5,5,"[537,680,713,686,706]","[1597000,1998000,2139000,2076000,2134000]",713,9944000
29,6,5,"[672,689,689,687,701]","[1944000,2035000,2042000,2070000,2104000]",701,10195000
29,7,5,"[611,674,685,708,685]","[1809000,1987000,2034000,2133000,2053000]",708,10016000
29,8,5,"[535,678,793,584,700]","[1597000,1987000,2402000,1775000,2113000]",793,9874000
29,9,5,"[534,678,717,676,694]","[1592000,1990000,2161000,2048000,2092000]",717,9883000
29,10,5,"[539,673,801,583,697]","[1601000,1980000,2424000,1775000,2091000]",801,9871000
29,11,5,"[536,679,717,676,700]","[1596000,1989000,2163000,2048000,2102000]",717,9898000
29,12,5,"[539,626,844,590,697]","[1604000,1832000,2561000,1789000,2090000]",844,9876000
29,13,5,"[538,635,800,627,692]","[1603000,1863000,2426000,1902000,2082000]",800,9876000
29,14,5,"[539,679,794,583,700]","[1601000,1992000,2404000,1775000,2104000]",794,9876000
29,15,5,"[669,686,688,708,687]","[1929000,2019000,2040000,2133000,2055000]",708,10176000
29,16,5,"[536,679,717,676,700]","[1596000,1989000,2163000,2048000,2102000]",717,9898000
29,17,5,"[534,677,718,676,695]","[1592000,1989000,2161000,2048000,2094000]",718,9884000
29,18,5,"[534,679,707,712,702]","[1592000,1994000,2113000,2150000,2117000]",712,9966000
29,19,5,"[539,679,709,715,696]","[1602000,1996000,2113000,2156000,2096000]",715,9963000
29,20,5,"[667,684,694,704,705]","[1919000,2010000,2042000,2125000,2117000]",705,10213000
29,21,5,"[537,677,773,655,695]","[1598000,1993000,2295000,1991000,2094000]",773,9971000
29,22,5,"[540,681,772,648,700]","[1610000,1999000,2297000,1966000,2092000]",772,9964000
29,23,5,"[535,675,759,693,707]","[1597000,2001000,2247000,2097000,2122000]",759,10064000
29,24,5,"[582,676,717,677,710]","[1688000,1987000,2161000,2059000,2122000]",717,10017000
29,25,5,"[667,684,749,680,705]","[1919000,2010000,2176000,2058000,2117000]",749,10280000
29,26,5,"[540,640,801,658,697]","[1607000,1872000,2397000,1984000,2088000]",801,9948000
29,27,5,"[583,678,716,676,706]","[1693000,1988000,2161000,2054000,2116000]",716,10012000
29,28,5,"[586,683,709,682,730]","[1693000,2014000,2133000,2072000,2188000]",730,10100000
29,29,5,"[669,684,743,666,708]","[1929000,2019000,2176000,2011000,2108000]",743,10243000
29,30,5,"[667,684,692,674,717]","[1919000,2012000,2038000,2044000,2162000]",717,10175000
29,31,5,"[540,640,799,647,697]","[1607000,1872000,2426000,1929000,2088000]",799,9922000
29,32,5,"[534,679,707,712,702]","[1592000,1999000,2113000,2150000,2114000]",712,9968000
29,33,5,"[614,675,685,687,699]","[1815000,1989000,2036000,2070000,2102000]",699,10012000
29,34,5,"[536,678,741,685,702]","[1592000,1989000,2209000,2073000,2110000]",741,9973000
29,35,5,"[539,669,781,657,702]","[1602000,1967000,2321000,1991000,2096000]",781,9977000
29,36,5,"[592,683,723,702,705]","[1720000,2010000,2166000,2121000,2100000]",723,10117000
29,37,5,"[541,679,825,628,695]","[1618000,1997000,2436000,1891000,2091000]",825,10033000
29,38,5,"[617,681,744,686,688]","[1821000,2010000,2176000,2074000,2057000]",744,10138000
29,39,5,"[670,683,683,711,700]","[1931000,2023000,2017000,2149000,2094000]",711,10214000
29,40,5,"[541,633,838,591,697]","[1612000,1859000,2534000,1789000,2092000]",838,9886000
29,41,5,"[619,676,686,674,699]","[1831000,1987000,2038000,2044000,2102000]",699,10002000
29,42,5,"[620,680,688,687,699]","[1827000,2008000,2042000,2070000,2102000]",699,10049000
29,43,5,"[534,677,716,676,700]","[1592000,1989000,2161000,2048000,2113000]",716,9903000
29,44,5,"[535,674,799,584,708]","[1597000,1987000,2402000,1775000,2135000]",799,9896000
29,45,5,"[534,678,716,676,700]","[1592000,1989000,2161000,2048000,2113000]",716,9903000
29,46,5,"[588,666,804,584,700]","[1709000,1961000,2430000,1775000,2113000]",804,9988000
29,47,5,"[584,680,716,692,706]","[1692000,2004000,2161000,2080000,2116000]",716,10053000
29,48,5,"[672,687,689,702,693]","[1931000,2021000,2042000,2121000,2078000]",702,10193000
29,49,5,"[615,676,745,664,697]","[1826000,1987000,2189000,2003000,2090000]",745,10095000
29,50,5,"[669,690,679,712,708]","[1914000,2031000,2019000,2153000,2110000]",712,10227000
29,51,5,"[538,678,793,589,701]","[1609000,1994000,2402000,1787000,2115000]",793,9907000
29,52,5,"[538,678,712,685,726]","[1599000,1989000,2139000,2076000,2178000]",726,9981000
29,53,5,"[582,679,793,616,699]","[1688000,1998000,2402000,1853000,2094000]",793,10035000
29,54,5,"[535,677,717,712,684]","[1594000,1991000,2161000,2141000,2051000]",717,9938000
29,55,5,"[534,678,762,642,695]","[1592000,1994000,2285000,1944000,2094000]",762,9909000
29,56,5,"[540,688,786,593,725]","[1608000,2017000,2374000,1819000,2174000]",786,9992000
29,57,5,"[667,684,683,712,717]","[1919000,2025000,2012000,2149000,2131000]",717,10236000
29,58,5,"[556,636,785,695,729]","[1666000,1872000,2302000,2071000,2176000]",785,10087000
29,59,5,"[535,678,751,712,700]","[1597000,1993000,2225000,2132000,2113000]",751,10060000
29,60,5,"[538,629,811,625,693]","[1596000,1840000,2468000,1885000,2087000]",811,9876000
29,61,5,"[673,690,686,687,706]","[1936000,2049000,2038000,2070000,2125000]",706,10218000
29,62,5,"[534,678,716,681,701]","[1592000,1994000,2161000,2061000,2112000]",716,9920000
29,63,5,"[539,639,859,659,694]","[1602000,1880000,2519000,1994000,2092000]",859,10087000
29,64,5,"[541,682,781,659,699]","[1604000,1988000,2330000,1997000,2101000]",781,10020000
29,65,5,"[537,677,713,713,713]","[1598000,1996000,2111000,2152000,2145000]",713,10002000
29,66,5,"[541,635,839,604,692]","[1609000,1863000,2534000,1817000,2082000]",839,9905000
29,67,5,"[537,685,709,686,709]","[1597000,2014000,2133000,2080000,2143000]",709,9967000
29,68,5,"[606,675,721,675,711]","[1763000,1988000,2177000,2046000,2111000]",721,10085000
29,69,5,"[593,676,710,682,710]","[1715000,1991000,2135000,2078000,2145000]",710,10064000
29,70,5,"[619,678,671,676,700]","[1819000,2000000,2014000,2048000,2113000]",700,9994000
29,71,5,"[537,681,693,686,760]","[1597000,2003000,2080000,2076000,2275000]",760,10031000
29,72,5,"[595,681,688,692,703]","[1773000,2003000,2042000,2076000,2108000]",703,10002000
29,73,5,"[617,674,688,712,793]","[1826000,1987000,2042000,2154000,2285000]",793,10294000
29,74,5,"[536,680,853,595,703]","[1602000,2002000,2520000,1806000,2119000]",853,10049000
29,75,5,"[535,679,691,686,743]","[1592000,1991000,2076000,2074000,2221000]",743,9954000
29,76,5,"[538,681,807,587,697]","[1606000,2010000,2444000,1795000,2092000]",807,9947000
29,77,5,"[534,678,716,676,762]","[1592000,1990000,2161000,2048000,2239000]",762,10030000
29,78,5,"[543,628,844,604,726]","[1607000,1838000,2561000,1825000,2142000]",844,9973000
29,79,5,"[602,635,800,624,702]","[1738000,1863000,2426000,1896000,2123000]",800,10046000
29,80,5,"[543,680,795,602,702]","[1613000,1989000,2404000,1834000,2111000]",795,9951000
29,81,5,"[667,686,732,708,650]","[1919000,2009000,2170000,2133000,1935000]",732,10166000
29,82,5,"[536,673,724,678,697]","[1596000,1984000,2183000,2048000,2091000]",724,9902000
29,83,5,"[533,688,724,680,697]","[1591000,2009000,2180000,2059000,2102000]",724,9941000
29,84,5,"[534,679,707,720,701]","[1592000,1991000,2111000,2162000,2118000]",720,9974000
29,85,5,"[539,723,701,714,698]","[1602000,2096000,2086000,2154000,2094000]",723,10032000
29,86,5,"[667,686,680,708,705]","[1919000,2019000,2006000,2146000,2117000]",708,10207000
30,1,5,"[624,624,520,528,404]","[1843000,1860000,1522000,1533000,1122000]",624,7880000
30,2,5,"[629,616,517,531,370]","[1849000,1850000,1508000,1554000,1072000]",629,7833000
30,3,5,"[608,627,541,528,407]","[1771000,1862000,1547000,1536000,1135000]",627,7851000
30,4,5,"[613,630,512,525,408]","[1793000,1881000,1498000,1524000,1127000]",630,7823000
30,5,5,"[593,601,517,605,408]","[1756000,1814000,1530000,1711000,1130000]",605,7941000
30,6,5,"[592,603,585,596,381]","[1757000,1818000,1697000,1738000,1098000]",603,8108000
30,7,5,"[611,613,565,522,403]","[1777000,1844000,1640000,1512000,1122000]",613,7895000
30,8,5,"[633,559,528,529,425]","[1861000,1656000,1562000,1541000,1192000]",633,7812000
30,9,5,"[592,601,572,604,392]","[1739000,1814000,1654000,1736000,1152000]",604,8095000
30,10,5,"[596,613,551,579,403]","[1755000,1844000,1603000,1677000,1122000]",613,8001000
30,11,5,"[631,626,481,523,426]","[1849000,1860000,1418000,1520000,1187000]",631,7834000
30,12,5,"[615,601,592,561,359]","[1802000,1814000,1684000,1635000,1036000]",615,7971000
30,13,5,"[592,603,548,587,484]","[1757000,1818000,1603000,1696000,1418000]",603,8292000
30,14,5,"[629,616,515,525,404]","[1849000,1853000,1502000,1523000,1124000]",629,7851000
30,15,5,"[605,625,580,559,361]","[1765000,1865000,1651000,1602000,1036000]",625,7919000
30,16,5,"[592,605,569,575,442]","[1739000,1818000,1618000,1680000,1211000]",605,8066000
30,17,5,"[598,607,549,597,407]","[1754000,1824000,1570000,1719000,1135000]",607,8002000
30,18,5,"[595,601,573,607,401]","[1757000,1814000,1656000,1736000,1168000]",607,8131000
30,19,5,"[629,624,522,525,404]","[1849000,1860000,1505000,1520000,1122000]",629,7856000
30,20,5,"[601,613,581,555,380]","[1769000,1844000,1685000,1614000,1101000]",613,8013000
30,21,5,"[626,601,592,542,410]","[1820000,1814000,1719000,1566000,1209000]",626,8128000
30,22,5,"[630,627,520,529,408]","[1849000,1862000,1515000,1538000,1130000]",630,7894000
30,23,5,"[598,647,549,599,407]","[1754000,1904000,1570000,1729000,1135000]",647,8092000
30,24,5,"[624,601,564,589,386]","[1839000,1814000,1638000,1709000,1133000]",624,8133000
30,25,5,"[596,605,562,579,442]","[1759000,1818000,1604000,1677000,1205000]",605,8063000
30,26,5,"[707,625,545,530,417]","[2060000,1880000,1564000,1543000,1218000]",707,8265000
30,27,5,"[592,602,555,604,419]","[1751000,1814000,1591000,1698000,1169000]",604,8023000
30,28,5,"[592,606,600,569,382]","[1737000,1830000,1716000,1669000,1103000]",606,8055000
30,29,5,"[629,631,515,527,404]","[1849000,1880000,1502000,1531000,1122000]",631,7884000
30,30,5,"[594,609,566,599,409]","[1743000,1844000,1642000,1714000,1132000]",609,8075000
30,31,5,"[612,613,511,523,403]","[1782000,1844000,1514000,1526000,1122000]",613,7788000
30,32,5,"[635,601,520,544,413]","[1865000,1814000,1500000,1556000,1143000]",635,7878000
30,33,5,"[640,606,600,552,362]","[1841000,1824000,1724000,1620000,1045000]",640,8054000
30,34,5,"[614,615,513,525,405]","[1795000,1854000,1500000,1530000,1126000]",615,7805000
30,35,5,"[608,627,646,530,407]","[1771000,1862000,1861000,1540000,1135000]",646,8169000
30,36,5,"[598,626,549,599,407]","[1754000,1862000,1570000,1729000,1135000]",626,8050000
30,37,5,"[596,603,591,668,576]","[1766000,1816000,1762000,1960000,1746000]",668,9050000
30,38,5,"[631,637,581,580,409]","[1851000,1880000,1687000,1670000,1139000]",637,8227000
30,39,5,"[625,674,566,597,391]","[1862000,1998000,1632000,1689000,1166000]",674,8347000
30,40,5,"[634,605,573,529,442]","[1868000,1818000,1638000,1535000,1211000]",634,8070000
30,41,5,"[577,613,579,590,420]","[1702000,1847000,1683000,1726000,1176000]",613,8134000
30,42,5,"[601,605,540,628,449]","[1754000,1834000,1521000,1852000,1225000]",628,8186000
30,43,5,"[597,601,598,619,474]","[1749000,1814000,1734000,1802000,1430000]",619,8529000
30,44,5,"[612,617,596,571,369]","[1794000,1864000,1681000,1673000,1085000]",617,8097000
30,45,5,"[657,602,573,526,410]","[1924000,1816000,1651000,1514000,1220000]",657,8125000
30,46,5,"[600,645,577,647,409]","[1765000,1910000,1651000,1813000,1132000]",647,8271000
30,47,5,"[630,608,553,524,450]","[1849000,1837000,1575000,1522000,1231000]",630,8014000
30,48,5,"[635,603,551,531,486]","[1867000,1818000,1609000,1536000,1422000]",635,8252000
30,49,5,"[632,625,534,526,404]","[1855000,1862000,1544000,1526000,1122000]",632,7909000
30,50,5,"[607,608,553,617,481]","[1787000,1824000,1616000,1750000,1399000]",617,8376000
30,51,5,"[589,603,579,599,378]","[1745000,1814000,1683000,1753000,1083000]",603,8078000
30,52,5,"[597,675,570,600,461]","[1765000,2003000,1656000,1707000,1378000]",675,8509000
30,53,5,"[606,624,533,558,607]","[1770000,1860000,1519000,1599000,1892000]",624,8640000
30,54,5,"[608,601,596,562,356]","[1771000,1781000,1723000,1593000,1026000]",608,7894000
30,55,5,"[625,624,517,536,404]","[1843000,1856000,1520000,1545000,1122000]",625,7886000
30,56,5,"[631,616,516,533,399]","[1859000,1850000,1485000,1554000,1137000]",631,7885000
30,57,5,"[625,602,547,524,472]","[1812000,1787000,1559000,1522000,1308000]",625,7988000
30,58,5,"[621,630,524,520,396]","[1823000,1872000,1530000,1514000,1140000]",630,7879000
30,59,5,"[593,601,513,602,408]","[1756000,1814000,1525000,1705000,1130000]",602,7930000
30,60,5,"[560,605,613,592,386]","[1655000,1828000,1787000,1730000,1108000]",613,8108000
30,61,5,"[607,619,560,529,402]","[1769000,1853000,1624000,1529000,1122000]",619,7897000
30,62,5,"[631,558,547,525,439]","[1849000,1677000,1616000,1524000,1218000]",631,7884000
30,63,5,"[632,595,565,609,393]","[1844000,1808000,1640000,1751000,1154000]",632,8197000
30,64,5,"[594,613,578,547,403]","[1751000,1844000,1672000,1583000,1122000]",613,7972000
30,65,5,"[631,626,480,524,410]","[1849000,1864000,1416000,1522000,1159000]",631,7810000
30,66,5,"[612,601,593,566,358]","[1800000,1814000,1689000,1654000,1035000]",612,7992000
30,67,5,"[592,603,551,590,486]","[1750000,1818000,1609000,1701000,1422000]",603,8300000
30,68,5,"[630,623,519,532,405]","[1851000,1857000,1512000,1541000,1128000]",630,7889000
30,69,5,"[607,625,574,530,381]","[1775000,1860000,1619000,1513000,1104000]",625,7871000
30,70,5,"[592,593,569,575,442]","[1739000,1782000,1618000,1680000,1211000]",593,8030000
30,71,5,"[601,608,534,618,407]","[1754000,1826000,1521000,1757000,1135000]",618,7993000
30,72,5,"[595,601,573,607,403]","[1757000,1814000,1656000,1751000,1172000]",607,8150000
30,73,5,"[633,646,521,550,404]","[1859000,1874000,1504000,1619000,1122000]",646,7978000
30,74,5,"[601,581,627,551,375]","[1769000,1747000,1801000,1600000,1070000]",627,7987000
