iteration_id,solution_id,agv_count,running_times_seconds,energy_consumptions_joules,max_running_time_seconds,total_energy_consumption_joules
1,1,10,"[267,326,323,245,384,380,385,337,287,255]","[754000,949000,850000,697000,1130000,1127000,1109000,974000,764000,688000]",385,9042000
1,2,10,"[272,331,362,232,374,355,396,299,280,260]","[774000,967000,1037000,627000,1099000,1041000,1128000,852000,760000,697000]",396,8982000
1,3,10,"[158,290,280,317,381,369,374,378,316,352]","[453000,853000,773000,916000,1080000,1095000,1089000,1064000,902000,950000]",381,9175000
1,4,10,"[267,328,323,236,379,363,395,352,289,257]","[754000,955000,848000,655000,1127000,1062000,1125000,1007000,785000,692000]",395,9010000
1,5,10,"[233,304,326,209,390,378,384,352,320,266]","[653000,895000,906000,603000,1143000,1137000,1128000,976000,871000,699000]",390,9011000
1,6,10,"[267,327,276,323,382,373,380,348,293,250]","[754000,949000,761000,874000,1128000,1110000,1078000,999000,796000,667000]",382,9116000
1,7,10,"[283,324,320,303,377,378,329,345,328,326]","[782000,939000,865000,813000,1101000,1128000,955000,997000,896000,883000]",378,9359000
1,8,10,"[209,366,370,356,365,366,373,374,284,262]","[606000,1047000,1072000,1051000,999000,1082000,1072000,1054000,778000,670000]",374,9431000
1,9,10,"[267,329,273,326,382,369,382,338,288,260]","[754000,961000,754000,874000,1130000,1098000,1080000,977000,796000,701000]",382,9125000
1,10,10,"[267,325,319,243,384,383,387,339,259,273]","[754000,951000,844000,696000,1132000,1135000,1122000,974000,702000,738000]",387,9048000
1,11,10,"[267,327,320,238,378,369,396,346,289,256]","[754000,956000,842000,659000,1122000,1069000,1133000,997000,780000,690000]",396,9002000
1,12,10,"[293,325,319,370,380,372,375,377,303,267]","[760000,944000,899000,988000,1127000,1092000,1087000,1060000,810000,733000]",380,9500000
1,13,10,"[336,323,373,374,362,369,376,329,353,302]","[930000,943000,1061000,1111000,1002000,1079000,1084000,945000,1015000,819000]",376,9989000
1,14,10,"[267,325,319,243,384,331,385,342,303,273]","[754000,954000,844000,696000,1132000,995000,1108000,996000,837000,738000]",385,9054000
1,15,10,"[318,323,372,374,367,367,349,367,354,343]","[885000,941000,1055000,1111000,1002000,1085000,1016000,1042000,1023000,925000]",374,10085000
1,16,10,"[270,324,318,237,377,388,393,337,260,277]","[760000,949000,842000,657000,1114000,1150000,1118000,974000,710000,752000]",393,9026000
1,17,10,"[315,324,355,374,366,369,376,327,349,349]","[867000,945000,1051000,1111000,997000,1083000,1087000,938000,1009000,936000]",376,10024000
1,18,10,"[285,330,317,241,382,383,387,339,264,272]","[816000,961000,844000,686000,1130000,1147000,1122000,978000,711000,728000]",387,9123000
1,19,10,"[270,327,320,236,376,390,396,337,289,258]","[760000,954000,842000,655000,1112000,1160000,1130000,974000,781000,700000]",396,9068000
1,20,10,"[313,324,327,238,383,383,388,341,284,216]","[878000,951000,874000,663000,1132000,1143000,1111000,988000,767000,567000]",388,9074000
1,21,10,"[270,327,320,236,376,388,396,338,316,256]","[760000,956000,847000,655000,1112000,1150000,1123000,979000,846000,690000]",396,9118000
1,22,10,"[283,324,317,303,381,377,402,323,326,328]","[782000,939000,856000,813000,1111000,1126000,1122000,923000,892000,882000]",402,9446000
1,23,10,"[209,295,377,419,368,368,375,379,283,263]","[606000,839000,1108000,1198000,1015000,1091000,1092000,1073000,795000,678000]",419,9495000
1,24,10,"[365,325,377,333,374,369,377,383,305,302]","[1060000,939000,1019000,892000,1066000,1086000,1092000,1077000,844000,796000]",383,9871000
1,25,10,"[288,307,378,385,393,348,440,371,282,373]","[783000,895000,1113000,1089000,1095000,999000,1254000,1066000,828000,1016000]",440,10138000
1,26,10,"[328,324,365,374,359,366,394,383,333,341]","[916000,939000,1045000,1106000,997000,1074000,1120000,1083000,939000,917000]",394,10136000
1,27,10,"[289,426,316,380,430,353,438,377,292,376]","[786000,1311000,874000,1091000,1267000,1007000,1256000,1066000,846000,1040000]",438,10544000
1,28,10,"[270,330,345,376,356,387,397,344,286,256]","[760000,954000,1004000,1100000,1018000,1106000,1143000,945000,789000,690000]",397,9509000
1,29,10,"[270,329,322,245,387,398,418,365,314,256]","[754000,955000,849000,700000,1134000,1146000,1199000,1001000,836000,686000]",418,9260000
1,30,10,"[210,324,379,325,422,368,412,379,277,265]","[601000,905000,1108000,924000,1205000,1096000,1185000,1069000,770000,678000]",422,9541000
1,31,10,"[285,324,320,302,382,377,400,378,310,323]","[782000,939000,850000,817000,1111000,1126000,1115000,1057000,830000,876000]",400,9503000
1,32,10,"[327,327,321,246,410,399,431,372,281,395]","[849000,959000,847000,669000,1162000,1141000,1252000,1041000,811000,1057000]",431,9788000
1,33,10,"[342,324,316,235,383,385,388,341,385,328]","[921000,948000,842000,656000,1132000,1148000,1118000,982000,1067000,884000]",388,9698000
1,34,10,"[270,328,336,237,369,389,397,337,284,260]","[760000,956000,901000,669000,1083000,1153000,1138000,974000,767000,705000]",397,9106000
1,35,10,"[320,323,318,236,386,381,385,340,295,216]","[899000,946000,852000,658000,1134000,1135000,1112000,983000,822000,637000]",386,9178000
1,36,10,"[287,308,381,380,386,354,441,374,354,303]","[787000,893000,1116000,1096000,1083000,1001000,1267000,1071000,1023000,813000]",441,10150000
1,37,10,"[361,336,274,325,386,367,395,447,341,272]","[1028000,985000,760000,939000,1088000,1076000,1129000,1252000,973000,847000]",447,10077000
1,38,10,"[230,421,314,359,359,361,415,430,324,260]","[652000,1289000,882000,958000,1084000,1052000,1146000,1205000,870000,695000]",430,9833000
1,39,10,"[371,367,323,226,393,377,372,380,324,353]","[978000,1067000,840000,593000,1137000,1114000,1089000,1066000,916000,951000]",393,9751000
1,40,10,"[316,323,373,374,362,369,376,328,353,340]","[869000,943000,1061000,1111000,1002000,1079000,1096000,940000,1015000,910000]",376,10026000
1,41,10,"[270,327,324,264,368,396,395,339,314,259]","[760000,954000,858000,762000,1054000,1170000,1128000,966000,842000,696000]",396,9190000
1,42,10,"[385,330,319,236,381,365,488,507,385,457]","[1052000,953000,848000,652000,1126000,1038000,1458000,1479000,1123000,1324000]",507,11053000
1,43,10,"[344,323,362,234,386,367,387,386,294,348]","[952000,939000,1021000,645000,1134000,1082000,1142000,1091000,842000,959000]",387,9807000
1,44,10,"[363,311,382,383,365,369,440,374,411,342]","[1044000,866000,1127000,1132000,999000,1098000,1339000,1054000,1176000,914000]",440,10749000
1,45,10,"[304,334,334,375,405,351,440,378,278,377]","[785000,959000,974000,1064000,1142000,1002000,1254000,1072000,805000,1023000]",440,10080000
1,46,10,"[270,327,345,338,363,389,396,420,330,284]","[760000,959000,930000,973000,996000,1123000,1128000,1224000,909000,757000]",420,9759000
1,47,10,"[314,325,318,239,378,388,387,337,282,215]","[880000,953000,842000,663000,1116000,1153000,1116000,974000,765000,565000]",388,9027000
1,48,10,"[270,336,363,236,370,354,391,300,319,261]","[760000,980000,1037000,647000,1081000,1037000,1113000,865000,854000,705000]",391,9079000
1,49,10,"[317,324,355,287,383,372,386,336,293,210]","[884000,951000,930000,759000,1135000,1137000,1141000,969000,801000,557000]",386,9264000
1,50,10,"[362,303,383,379,432,345,393,303,399,436]","[1027000,891000,1118000,1076000,1264000,985000,1117000,869000,1098000,1199000]",436,10644000
1,51,10,"[268,299,316,225,391,366,412,394,326,267]","[764000,845000,864000,645000,1145000,1076000,1139000,1149000,893000,712000]",412,9232000
1,52,10,"[293,330,320,368,379,370,411,377,303,260]","[760000,966000,903000,988000,1127000,1086000,1153000,1060000,820000,701000]",411,9564000
1,53,10,"[566,392,317,231,381,364,399,337,286,526]","[1673000,1171000,842000,639000,1128000,1076000,1140000,974000,775000,1491000]",566,10909000
1,54,10,"[315,323,376,375,369,367,379,382,329,340]","[876000,943000,1075000,1113000,1016000,1082000,1116000,1075000,938000,917000]",382,10151000
1,55,10,"[315,328,376,379,357,389,368,386,366,351]","[867000,951000,1059000,1124000,993000,1134000,1056000,1087000,1002000,934000]",389,10207000
1,56,10,"[158,290,288,317,385,367,372,374,320,357]","[453000,853000,799000,916000,1103000,1091000,1079000,1054000,907000,960000]",385,9215000
1,57,10,"[313,321,337,393,398,375,380,382,306,348]","[863000,939000,973000,1146000,1115000,1092000,1111000,1075000,866000,936000]",398,10116000
1,58,10,"[270,326,353,320,369,400,420,435,372,299]","[754000,959000,926000,899000,1013000,1150000,1203000,1212000,1024000,811000]",435,9951000
1,59,10,"[333,325,318,376,415,366,372,346,317,340]","[931000,948000,911000,1113000,1172000,1083000,1074000,989000,887000,916000]",415,10024000
1,60,10,"[313,323,343,384,379,374,377,382,315,351]","[863000,943000,979000,1124000,1066000,1104000,1092000,1078000,865000,945000]",384,10059000
1,61,10,"[351,330,327,324,382,371,375,381,418,348]","[969000,966000,898000,931000,1082000,1096000,1094000,1080000,1133000,955000]",418,10204000
1,62,10,"[336,325,356,369,354,370,379,383,327,353]","[946000,947000,1060000,1047000,985000,1080000,1100000,1077000,951000,951000]",383,10144000
1,63,10,"[270,359,320,233,376,396,396,340,286,262]","[760000,1026000,842000,649000,1112000,1178000,1133000,980000,766000,709000]",396,9155000
1,64,10,"[256,290,279,313,433,352,476,418,326,448]","[696000,853000,768000,895000,1258000,996000,1413000,1203000,943000,1250000]",476,10275000
1,65,10,"[158,303,345,387,367,369,374,378,316,348]","[453000,891000,1005000,1143000,1009000,1084000,1087000,1069000,902000,939000]",387,9582000
1,66,10,"[316,326,350,297,385,367,407,398,369,208]","[882000,947000,964000,815000,1136000,1052000,1123000,1146000,1025000,593000]",407,9683000
1,67,10,"[579,426,322,234,381,366,482,435,391,464]","[1704000,1309000,850000,646000,1128000,1065000,1356000,1241000,1120000,1366000]",579,11785000
1,68,10,"[320,393,276,314,381,346,439,368,273,398]","[898000,1174000,766000,835000,1140000,989000,1274000,1052000,810000,1118000]",439,10056000
1,69,10,"[270,326,320,237,379,401,382,340,290,266]","[745000,959000,847000,647000,1127000,1203000,1107000,969000,766000,705000]",401,9075000
1,70,10,"[295,328,362,262,377,351,397,296,294,262]","[821000,953000,1039000,700000,1105000,1030000,1143000,841000,813000,715000]",397,9160000
1,71,10,"[154,292,283,315,379,363,381,373,320,359]","[448000,853000,779000,903000,1074000,1071000,1074000,1055000,910000,990000]",381,9157000
1,72,10,"[273,330,323,236,379,360,399,341,292,259]","[774000,942000,861000,645000,1122000,1062000,1148000,988000,803000,697000]",399,9042000
1,73,10,"[206,308,323,205,391,377,382,357,331,259]","[596000,890000,901000,596000,1145000,1125000,1115000,979000,891000,690000]",391,8928000
1,74,10,"[267,323,274,328,386,377,384,347,292,258]","[754000,944000,814000,883000,1136000,1113000,1083000,1003000,806000,699000]",386,9235000
1,75,10,"[283,403,317,303,379,377,328,278,330,326]","[782000,1147000,856000,813000,1105000,1126000,947000,809000,912000,883000]",403,9380000
1,76,10,"[209,367,375,365,379,367,378,377,272,262]","[606000,1049000,1081000,1074000,1064000,1087000,1093000,1064000,748000,670000]",379,9536000
1,77,10,"[267,326,273,348,378,377,362,339,286,261]","[754000,954000,754000,936000,1122000,1120000,1024000,977000,781000,703000]",378,9125000
1,78,10,"[275,333,319,248,386,385,389,338,260,277]","[775000,961000,857000,699000,1132000,1143000,1128000,976000,712000,744000]",389,9127000
1,79,10,"[286,326,315,237,378,367,400,339,293,269]","[796000,939000,837000,647000,1122000,1079000,1128000,984000,796000,723000]",400,9051000
1,80,10,"[293,328,319,367,376,411,376,317,300,269]","[760000,949000,895000,989000,1115000,1218000,1080000,890000,809000,737000]",411,9442000
1,81,10,"[336,323,375,374,364,369,378,329,353,301]","[930000,943000,1066000,1104000,1005000,1080000,1088000,945000,1015000,817000]",378,9993000
1,82,10,"[287,332,326,242,387,332,390,343,299,286]","[798000,965000,862000,685000,1138000,1006000,1117000,993000,835000,782000]",390,9181000
1,83,10,"[392,324,371,374,367,367,347,367,352,339]","[1054000,943000,1032000,1111000,1002000,1088000,1006000,1044000,1018000,910000]",392,10208000
1,84,10,"[274,329,322,235,379,398,393,339,259,284]","[778000,945000,857000,644000,1118000,1182000,1123000,974000,702000,767000]",398,9090000
1,85,10,"[336,324,355,375,368,369,373,329,346,305]","[930000,945000,1051000,1111000,1001000,1083000,1072000,948000,994000,819000]",375,9954000
1,86,10,"[285,328,318,241,382,334,385,343,300,270]","[816000,961000,852000,686000,1130000,1011000,1112000,998000,829000,718000]",385,9113000
1,87,10,"[270,325,323,236,445,390,342,337,289,258]","[760000,949000,857000,655000,1292000,1160000,969000,974000,781000,697000]",445,9094000
1,88,10,"[313,325,319,272,381,384,389,340,262,216]","[876000,950000,852000,746000,1128000,1144000,1126000,986000,709000,575000]",389,9092000
2,1,10,"[236,279,351,377,398,396,346,352,275,214]","[695000,759000,982000,1076000,1147000,1140000,999000,1028000,802000,623000]",398,9251000
2,2,10,"[215,360,350,376,343,359,329,401,275,211]","[646000,949000,985000,1067000,994000,1066000,967000,1168000,802000,596000]",401,9240000
2,3,10,"[253,350,365,374,389,377,288,391,220,263]","[751000,950000,1021000,1057000,1105000,1077000,832000,1133000,597000,758000]",391,9281000
2,4,10,"[329,249,307,378,351,347,339,377,304,329]","[931000,702000,856000,1063000,1016000,1023000,998000,1083000,857000,945000]",378,9474000
2,5,10,"[323,356,383,381,315,383,358,375,249,184]","[918000,952000,1075000,1084000,912000,1122000,1031000,1081000,661000,518000]",383,9354000
2,6,10,"[227,357,364,379,372,376,357,337,337,232]","[625000,955000,1020000,1082000,1083000,1104000,1028000,971000,891000,659000]",379,9418000
2,7,10,"[212,357,352,383,315,384,351,378,340,250]","[628000,953000,986000,1088000,912000,1114000,1015000,1095000,912000,700000]",384,9403000
2,8,10,"[212,352,381,380,327,381,354,351,336,250]","[628000,947000,1070000,1082000,938000,1107000,1030000,1020000,904000,700000]",381,9426000
2,9,10,"[235,311,342,379,315,373,300,376,343,351]","[716000,909000,955000,1074000,902000,1088000,870000,1079000,928000,966000]",379,9487000
2,10,10,"[226,366,348,355,341,305,366,401,285,223]","[681000,959000,981000,1025000,994000,895000,1089000,1165000,829000,656000]",401,9274000
2,11,10,"[240,279,349,379,345,392,386,354,280,218]","[715000,759000,982000,1080000,992000,1132000,1138000,1032000,818000,638000]",392,9286000
2,12,10,"[211,354,365,378,327,379,354,373,334,339]","[628000,958000,1023000,1080000,946000,1109000,1023000,1082000,903000,895000]",379,9647000
2,13,10,"[226,366,348,375,341,304,368,397,286,223]","[681000,959000,981000,1065000,991000,893000,1087000,1157000,833000,656000]",397,9303000
2,14,10,"[227,356,364,381,355,376,358,376,339,236]","[625000,953000,1020000,1086000,1031000,1102000,1028000,1081000,901000,665000]",381,9492000
2,15,10,"[314,246,307,384,351,347,331,383,304,325]","[871000,686000,856000,1089000,1016000,1023000,983000,1101000,857000,925000]",384,9407000
2,16,10,"[215,361,351,376,324,382,346,400,275,211]","[646000,953000,989000,1076000,926000,1122000,1007000,1166000,802000,601000]",400,9288000
2,17,10,"[207,364,375,379,371,383,354,349,335,251]","[624000,956000,1063000,1081000,1008000,1112000,1029000,1002000,902000,706000]",383,9483000
2,18,10,"[316,391,404,381,369,357,331,315,212,186]","[894000,1062000,1148000,1069000,1079000,1039000,983000,894000,589000,518000]",404,9275000
2,19,10,"[227,366,348,373,341,356,332,398,287,224]","[676000,957000,977000,1059000,985000,1061000,976000,1165000,824000,656000]",398,9336000
2,20,10,"[315,390,403,381,348,354,332,351,212,188]","[894000,1060000,1146000,1069000,1005000,1052000,983000,1003000,589000,518000]",403,9319000
2,21,10,"[212,448,380,343,342,399,291,378,333,340]","[626000,1256000,1044000,1035000,990000,1139000,852000,1086000,906000,905000]",448,9839000
2,22,10,"[227,367,348,370,358,356,331,399,286,224]","[676000,959000,977000,1055000,1031000,1069000,974000,1167000,822000,656000]",399,9386000
2,23,10,"[325,413,388,390,339,354,341,379,275,239]","[914000,1096000,1083000,1087000,979000,1049000,1010000,1092000,765000,687000]",413,9762000
2,24,10,"[227,366,349,373,311,358,332,398,287,224]","[676000,957000,979000,1050000,891000,1050000,976000,1165000,824000,656000]",398,9224000
2,25,10,"[238,334,365,388,354,396,346,349,275,216]","[700000,907000,1027000,1104000,1022000,1136000,1006000,1022000,802000,636000]",396,9362000
2,26,10,"[319,366,424,384,343,392,380,352,212,192]","[894000,972000,1203000,1056000,979000,1153000,1078000,998000,589000,537000]",424,9459000
2,27,10,"[215,359,349,360,342,369,328,398,277,211]","[646000,949000,986000,1035000,985000,1095000,962000,1162000,806000,596000]",398,9222000
2,28,10,"[229,346,359,380,312,409,379,406,334,231]","[625000,934000,1001000,1093000,909000,1199000,1079000,1128000,905000,651000]",409,9524000
2,29,10,"[214,421,367,381,347,347,289,398,278,209]","[646000,1117000,1025000,1081000,1022000,1008000,832000,1155000,812000,593000]",421,9291000
2,30,10,"[224,307,350,377,348,401,356,410,280,221]","[676000,830000,976000,1078000,998000,1142000,1044000,1177000,812000,653000]",410,9386000
2,31,10,"[235,313,340,384,342,355,297,381,344,352]","[716000,913000,948000,1107000,999000,1043000,861000,1102000,949000,968000]",384,9606000
2,32,10,"[315,393,407,381,345,354,332,351,221,232]","[894000,1065000,1143000,1069000,1000000,1049000,983000,1003000,601000,634000]",407,9441000
2,33,10,"[234,249,340,362,338,377,351,386,346,346]","[708000,699000,969000,1041000,944000,1081000,1023000,1106000,917000,956000]",386,9444000
2,34,10,"[215,427,351,380,324,382,348,377,275,211]","[646000,1139000,989000,1084000,926000,1122000,1011000,1087000,802000,601000]",427,9407000
2,35,10,"[275,238,307,377,345,360,338,378,327,236]","[766000,669000,860000,1069000,999000,1060000,994000,1089000,884000,670000]",378,9060000
2,36,10,"[217,304,349,379,344,408,344,386,275,214]","[636000,826000,980000,1078000,995000,1173000,998000,1138000,802000,623000]",408,9249000
2,37,10,"[369,404,401,381,344,354,334,353,258,190]","[993000,1084000,1142000,1069000,1001000,1049000,988000,1003000,687000,518000]",404,9534000
2,38,10,"[332,249,343,337,390,375,351,378,309,336]","[931000,702000,932000,960000,1079000,1072000,1032000,1096000,900000,964000]",390,9668000
2,39,10,"[210,352,346,364,332,398,372,403,332,251]","[633000,949000,984000,1046000,916000,1168000,1056000,1129000,898000,710000]",403,9489000
2,40,10,"[329,398,374,387,327,362,330,398,278,243]","[939000,1093000,1052000,1087000,924000,1064000,968000,1156000,817000,660000]",398,9760000
2,41,10,"[318,401,397,386,330,397,291,376,249,181]","[909000,1102000,1109000,1100000,942000,1139000,840000,1086000,663000,518000]",401,9408000
2,42,10,"[231,395,375,394,330,380,324,395,335,234]","[633000,1079000,1046000,1112000,946000,1115000,933000,1112000,922000,659000]",395,9557000
2,43,10,"[314,246,307,384,356,420,330,384,300,325]","[871000,686000,866000,1089000,969000,1194000,975000,1104000,849000,928000]",420,9531000
2,44,10,"[212,375,349,411,331,422,371,394,324,253]","[633000,1046000,976000,1173000,963000,1236000,1047000,1116000,894000,735000]",422,9819000
2,45,10,"[321,402,413,379,309,387,362,363,221,188]","[904000,1095000,1156000,1055000,894000,1126000,1069000,1032000,607000,526000]",413,9464000
2,46,10,"[321,313,307,351,350,365,335,405,370,321]","[868000,825000,860000,1005000,1013000,1081000,978000,1185000,1031000,912000]",405,9758000
2,47,10,"[218,433,351,379,344,362,326,381,331,224]","[666000,1169000,987000,1073000,998000,1081000,967000,1104000,893000,639000]",433,9577000
2,48,10,"[279,244,326,377,307,384,360,403,320,246]","[777000,690000,924000,1075000,890000,1125000,1055000,1139000,879000,699000]",403,9253000
2,49,10,"[212,397,349,375,345,412,372,405,332,250]","[628000,1096000,991000,1062000,1001000,1197000,1056000,1139000,896000,700000]",412,9766000
2,50,10,"[246,348,366,387,349,398,296,440,215,266]","[717000,948000,1029000,1102000,1005000,1165000,848000,1240000,601000,765000]",440,9420000
2,51,10,"[224,308,352,403,309,380,376,408,285,217]","[681000,830000,983000,1118000,891000,1117000,1076000,1167000,826000,631000]",408,9320000
2,52,10,"[319,278,345,375,339,364,332,388,334,349]","[887000,781000,972000,1065000,979000,1073000,974000,1109000,899000,971000]",388,9710000
2,53,10,"[360,355,383,381,315,383,357,376,250,183]","[1021000,954000,1076000,1082000,912000,1114000,1031000,1088000,665000,514000]",383,9457000
2,54,10,"[317,301,359,382,314,387,354,383,300,322]","[886000,851000,998000,1083000,911000,1127000,1019000,1102000,845000,923000]",387,9745000
2,55,10,"[213,357,341,365,342,400,400,404,333,254]","[643000,956000,973000,1055000,955000,1151000,1103000,1141000,894000,715000]",404,9586000
2,56,10,"[214,422,368,391,326,376,294,396,277,208]","[646000,1117000,1023000,1122000,933000,1084000,845000,1152000,808000,593000]",422,9323000
2,57,10,"[319,435,413,385,320,360,298,379,280,182]","[896000,1189000,1131000,1081000,917000,1076000,878000,1087000,752000,510000]",435,9517000
2,58,10,"[232,363,353,375,363,361,372,399,289,229]","[716000,955000,987000,1061000,1033000,1067000,1068000,1164000,848000,691000]",399,9590000
2,59,10,"[215,359,349,376,342,368,328,398,278,211]","[646000,949000,983000,1067000,986000,1070000,971000,1159000,807000,596000]",398,9234000
2,60,10,"[235,410,342,375,314,393,301,375,352,352]","[716000,1172000,959000,1074000,901000,1142000,885000,1086000,948000,968000]",410,9851000
2,61,10,"[211,353,368,380,326,380,390,399,314,342]","[628000,957000,1020000,1093000,951000,1107000,1103000,1128000,859000,895000]",399,9741000
2,62,10,"[327,286,382,386,352,360,287,380,302,327]","[925000,796000,1067000,1087000,1010000,1068000,832000,1099000,853000,928000]",386,9665000
2,63,10,"[210,380,361,400,367,368,366,409,331,248]","[628000,1031000,1031000,1142000,1045000,1085000,1073000,1156000,896000,700000]",409,9787000
2,64,10,"[247,311,343,363,360,398,349,394,219,259]","[717000,850000,954000,1023000,1032000,1153000,1012000,1145000,608000,753000]",398,9247000
2,65,10,"[211,355,365,375,327,379,357,393,334,339]","[628000,960000,1023000,1074000,946000,1109000,1034000,1149000,903000,895000]",393,9721000
2,66,10,"[217,302,351,412,319,405,366,404,275,214]","[636000,826000,982000,1173000,926000,1167000,1035000,1159000,808000,623000]",412,9335000
2,67,10,"[321,439,434,383,323,352,284,388,214,183]","[906000,1193000,1204000,1085000,931000,1040000,821000,1127000,593000,512000]",439,9412000
2,68,10,"[243,278,349,377,396,392,351,353,285,221]","[735000,757000,982000,1076000,1144000,1132000,1011000,1030000,822000,655000]",396,9344000
2,69,10,"[219,357,387,377,344,304,329,397,279,223]","[661000,936000,1103000,1065000,1003000,908000,973000,1166000,810000,636000]",397,9261000
2,70,10,"[251,356,370,377,356,414,290,392,223,263]","[747000,961000,1021000,1062000,1012000,1181000,842000,1133000,622000,758000]",414,9339000
2,71,10,"[325,250,305,379,351,345,336,375,303,322]","[926000,704000,856000,1067000,1009000,1023000,979000,1083000,861000,923000]",379,9431000
2,72,10,"[271,358,373,380,347,385,358,375,249,184]","[773000,956000,1054000,1082000,1003000,1129000,1031000,1081000,661000,518000]",385,9288000
2,73,10,"[233,360,374,384,367,383,358,342,328,185]","[637000,958000,1087000,1090000,1073000,1135000,1031000,984000,880000,519000]",384,9394000
2,74,10,"[207,364,353,383,372,387,353,380,333,251]","[624000,956000,1006000,1089000,1010000,1132000,1021000,1085000,902000,706000]",387,9531000
2,75,10,"[212,354,381,380,327,381,354,351,336,250]","[628000,951000,1070000,1082000,938000,1107000,1013000,1020000,904000,700000]",381,9413000
2,76,10,"[235,311,342,379,330,361,300,376,352,351]","[716000,909000,958000,1074000,950000,1061000,867000,1079000,955000,966000]",379,9535000
2,77,10,"[232,370,350,359,343,304,386,397,290,213]","[726000,972000,987000,1029000,993000,893000,1138000,1154000,841000,603000]",397,9336000
2,78,10,"[240,279,339,379,345,393,386,352,274,218]","[715000,759000,963000,1080000,990000,1132000,1138000,1028000,806000,638000]",393,9249000
2,79,10,"[211,362,352,381,315,383,351,378,340,338]","[628000,976000,986000,1088000,905000,1122000,1013000,1098000,912000,895000]",383,9623000
2,80,10,"[226,403,348,375,341,260,368,397,286,223]","[681000,1078000,981000,1065000,991000,760000,1087000,1157000,833000,656000]",403,9289000
2,81,10,"[246,325,362,382,355,376,360,379,327,228]","[684000,867000,1002000,1084000,1039000,1102000,1030000,1085000,882000,651000]",382,9426000
2,82,10,"[314,246,333,381,349,345,332,351,301,325]","[871000,686000,939000,1083000,1018000,1019000,983000,1012000,851000,923000]",381,9385000
2,83,10,"[217,361,351,376,313,382,342,431,284,211]","[646000,949000,984000,1076000,896000,1124000,993000,1225000,818000,601000]",431,9312000
2,84,10,"[207,361,407,376,369,381,361,344,317,254]","[624000,959000,1156000,1079000,1019000,1114000,1033000,996000,849000,721000]",407,9550000
2,85,10,"[317,392,403,382,370,358,333,313,218,184]","[896000,1066000,1146000,1079000,1084000,1049000,975000,882000,601000,512000]",403,9290000
2,86,10,"[227,366,348,402,341,361,331,403,287,224]","[676000,957000,977000,1138000,985000,1030000,974000,1177000,839000,656000]",403,9409000
2,87,10,"[324,398,421,382,346,343,331,349,212,189]","[915000,1068000,1198000,1070000,1016000,1018000,983000,995000,589000,518000]",421,9370000
3,1,10,"[300,372,395,344,303,374,346,337,370,391]","[827000,1084000,1136000,1006000,808000,1091000,980000,973000,1027000,1083000]",395,10015000
3,2,10,"[329,343,411,314,258,413,302,260,381,382]","[910000,976000,1169000,919000,714000,1197000,837000,748000,1071000,1094000]",413,9635000
3,3,10,"[339,347,405,319,319,360,330,282,387,383]","[920000,994000,1158000,932000,874000,1003000,931000,804000,1081000,1090000]",405,9787000
3,4,10,"[323,405,386,259,310,393,345,310,313,409]","[870000,1177000,1109000,703000,847000,1128000,983000,862000,859000,1178000]",409,9716000
3,5,10,"[323,397,396,296,284,383,329,350,381,367]","[870000,1152000,1126000,823000,761000,1124000,938000,979000,1073000,1033000]",397,9879000
3,6,10,"[331,342,363,394,343,388,367,308,344,376]","[871000,981000,1029000,1157000,927000,1109000,1039000,855000,997000,1060000]",394,10025000
3,7,10,"[327,352,405,326,258,400,327,283,382,387]","[915000,1013000,1158000,952000,711000,1138000,922000,806000,1064000,1110000]",405,9789000
3,8,10,"[323,335,394,333,259,402,373,299,400,367]","[875000,982000,1136000,969000,711000,1158000,1049000,874000,1134000,1037000]",402,9925000
3,9,10,"[319,404,384,255,306,392,354,313,340,409]","[854000,1175000,1089000,689000,834000,1126000,993000,863000,918000,1178000]",409,9719000
3,10,10,"[327,400,395,304,295,383,327,362,381,369]","[884000,1158000,1126000,839000,794000,1124000,938000,1011000,1068000,1040000]",400,9982000
3,11,10,"[324,343,421,345,267,403,301,251,379,389]","[903000,976000,1201000,1033000,717000,1160000,835000,712000,1061000,1109000]",421,9707000
3,12,10,"[315,401,391,311,303,373,332,353,386,368]","[844000,1158000,1107000,848000,819000,1083000,958000,987000,1090000,1039000]",401,9933000
3,13,10,"[322,456,364,276,251,392,347,307,334,413]","[856000,1339000,1019000,789000,661000,1129000,980000,838000,899000,1185000]",456,9695000
3,14,10,"[321,401,397,276,319,386,333,347,384,368]","[870000,1152000,1142000,764000,859000,1130000,946000,973000,1072000,1035000]",401,9943000
3,15,10,"[326,355,406,283,294,410,328,281,382,380]","[913000,1020000,1156000,833000,786000,1164000,923000,806000,1064000,1090000]",410,9755000
3,16,10,"[320,338,409,383,294,412,324,297,314,367]","[845000,984000,1150000,1125000,784000,1168000,888000,860000,907000,1037000]",412,9748000
3,17,10,"[321,337,418,315,322,404,291,284,375,370]","[867000,948000,1170000,934000,893000,1153000,807000,827000,1090000,1048000]",418,9737000
3,18,10,"[332,330,439,300,312,400,301,257,375,384]","[922000,946000,1203000,903000,873000,1152000,837000,733000,1045000,1099000]",439,9713000
3,19,10,"[323,338,404,321,298,409,290,281,376,368]","[879000,997000,1150000,954000,829000,1196000,814000,812000,1092000,1048000]",409,9771000
3,20,10,"[330,339,401,319,375,387,364,314,346,368]","[858000,966000,1156000,935000,1023000,1107000,1033000,875000,997000,1039000]",401,9989000
3,21,10,"[325,419,390,322,316,385,362,306,346,368]","[854000,1183000,1122000,935000,854000,1104000,1036000,858000,991000,1039000]",419,9976000
3,22,10,"[326,341,418,315,297,402,288,282,391,369]","[876000,978000,1170000,937000,834000,1164000,799000,826000,1122000,1050000]",418,9756000
3,23,10,"[324,412,387,342,246,423,291,288,374,372]","[874000,1197000,1099000,1020000,664000,1239000,803000,836000,1088000,1056000]",423,9876000
3,24,10,"[325,366,383,357,347,388,414,391,337,344]","[876000,1033000,1098000,1053000,946000,1127000,1159000,1037000,970000,952000]",414,10251000
3,25,10,"[325,397,387,344,336,387,368,388,459,370]","[859000,1145000,1110000,1018000,915000,1113000,1050000,1156000,1343000,1043000]",459,10752000
3,26,10,"[329,342,386,350,339,387,365,312,344,374]","[872000,981000,1099000,1033000,924000,1107000,1035000,881000,997000,1060000]",387,9989000
3,27,10,"[326,342,412,367,370,379,377,309,348,371]","[878000,1003000,1191000,1039000,1012000,1073000,1062000,942000,1002000,1053000]",412,10255000
3,28,10,"[375,334,450,315,324,407,431,410,395,407]","[1012000,959000,1295000,934000,893000,1153000,1292000,1190000,1101000,1174000]",450,11003000
3,29,10,"[328,331,460,316,306,380,370,392,426,379]","[906000,948000,1287000,938000,808000,1104000,1040000,1116000,1198000,1088000]",460,10433000
3,30,10,"[312,348,430,318,300,422,367,352,377,366]","[837000,1002000,1204000,941000,849000,1213000,1020000,982000,1078000,1038000]",430,10164000
3,31,10,"[325,451,365,330,247,395,353,344,408,412]","[917000,1304000,1054000,956000,662000,1135000,994000,982000,1096000,1184000]",451,10284000
3,32,10,"[321,448,365,318,255,421,288,279,388,371]","[861000,1303000,1025000,893000,689000,1208000,791000,805000,1116000,1047000]",448,9738000
3,33,10,"[277,456,372,323,269,377,358,338,376,319]","[784000,1302000,1068000,937000,730000,1103000,1002000,970000,1037000,881000]",456,9814000
3,34,10,"[334,468,374,296,271,370,332,354,386,366]","[889000,1335000,1039000,838000,743000,1073000,958000,968000,1078000,1038000]",468,9959000
3,35,10,"[323,457,367,280,255,391,347,306,316,408]","[873000,1337000,1034000,798000,669000,1124000,991000,847000,865000,1176000]",457,9714000
3,36,10,"[331,333,439,309,296,408,305,257,375,382]","[917000,951000,1205000,918000,790000,1169000,845000,733000,1045000,1088000]",439,9661000
3,37,10,"[317,342,401,353,347,384,345,291,358,374]","[844000,976000,1161000,1015000,935000,1098000,978000,837000,1004000,1060000]",401,9908000
3,38,10,"[324,458,384,291,272,388,347,309,340,410]","[867000,1339000,1084000,795000,739000,1083000,977000,845000,924000,1189000]",458,9842000
3,39,10,"[331,452,397,291,261,383,327,356,381,371]","[891000,1319000,1117000,792000,705000,1130000,942000,1002000,1076000,1041000]",452,10015000
3,40,10,"[330,342,438,352,269,397,303,254,382,390]","[915000,974000,1209000,1061000,724000,1154000,849000,727000,1068000,1109000]",438,9790000
3,41,10,"[319,405,388,254,308,424,425,387,341,409]","[854000,1175000,1106000,687000,838000,1251000,1212000,1076000,926000,1178000]",425,10303000
3,42,10,"[330,322,452,321,288,389,352,388,395,377]","[910000,922000,1273000,967000,777000,1126000,999000,1082000,1128000,1078000]",452,10262000
3,43,10,"[323,418,364,331,295,391,329,381,416,372]","[860000,1195000,1052000,974000,812000,1158000,944000,1040000,1189000,1039000]",418,10263000
3,44,10,"[324,393,367,363,272,403,259,270,403,389]","[903000,1089000,1067000,981000,727000,1172000,720000,759000,1136000,1107000]",403,9661000
3,45,10,"[334,352,403,313,253,413,382,294,355,378]","[918000,1001000,1151000,905000,695000,1152000,1085000,790000,984000,1080000]",413,9761000
3,46,10,"[367,350,463,280,308,375,356,333,373,354]","[1087000,1036000,1299000,848000,827000,1089000,1007000,978000,1036000,984000]",463,10191000
3,47,10,"[325,398,389,361,296,350,482,433,442,368]","[882000,1154000,1107000,986000,799000,1012000,1384000,1203000,1238000,1038000]",482,10803000
3,48,10,"[322,342,395,314,384,385,331,355,414,368]","[872000,993000,1134000,919000,1037000,1128000,956000,996000,1157000,1039000]",414,10231000
3,49,10,"[323,411,424,326,265,410,391,301,431,367]","[877000,1161000,1178000,949000,714000,1154000,1099000,837000,1153000,1037000]",431,10159000
3,50,10,"[315,343,443,314,297,421,421,280,459,365]","[849000,994000,1285000,932000,834000,1217000,1259000,815000,1338000,1033000]",459,10556000
3,51,10,"[317,400,412,320,304,375,382,370,391,374]","[849000,1158000,1128000,873000,820000,1083000,1089000,1025000,1117000,1051000]",412,10193000
3,52,10,"[319,458,384,223,306,394,349,312,338,410]","[854000,1343000,1086000,614000,816000,1133000,979000,861000,913000,1189000]",458,9788000
3,53,10,"[331,329,326,348,335,382,309,257,375,388]","[917000,946000,883000,1030000,916000,1113000,854000,732000,1045000,1103000]",388,9539000
3,54,10,"[327,329,451,301,312,402,297,257,375,386]","[912000,946000,1246000,902000,870000,1162000,829000,739000,1045000,1099000]",451,9750000
3,55,10,"[329,456,400,266,265,386,325,355,382,368]","[882000,1323000,1131000,721000,728000,1130000,932000,997000,1078000,1038000]",456,9960000
3,56,10,"[328,342,437,354,258,406,303,259,382,382]","[908000,974000,1229000,1068000,711000,1166000,839000,743000,1070000,1091000]",437,9799000
3,57,10,"[328,341,404,358,301,388,365,310,344,371]","[863000,976000,1181000,1078000,839000,1115000,1035000,865000,997000,1045000]",404,9994000
3,58,10,"[329,342,397,332,373,388,364,311,345,367]","[863000,981000,1136000,952000,1034000,1112000,1033000,870000,995000,1037000]",397,10013000
3,59,10,"[307,374,397,335,315,374,348,338,375,385]","[845000,1084000,1138000,980000,845000,1085000,982000,981000,1043000,1079000]",397,10062000
3,60,10,"[328,343,408,315,258,385,303,260,381,387]","[908000,976000,1164000,918000,704000,1124000,839000,751000,1071000,1109000]",408,9564000
3,61,10,"[335,357,407,319,317,360,322,287,380,382]","[916000,1044000,1171000,932000,870000,998000,895000,804000,1060000,1094000]",407,9784000
3,62,10,"[323,405,471,259,304,393,343,320,310,409]","[864000,1173000,1270000,700000,830000,1125000,983000,892000,848000,1178000]",471,9863000
3,63,10,"[328,401,357,296,278,390,376,350,389,372]","[897000,1156000,1001000,822000,756000,1141000,1065000,977000,1085000,1056000]",401,9956000
3,64,10,"[327,340,365,390,345,384,373,310,341,372]","[868000,978000,1047000,1158000,936000,1098000,1057000,879000,991000,1059000]",390,10071000
3,65,10,"[324,349,404,327,259,402,329,282,380,384]","[900000,996000,1156000,954000,710000,1136000,914000,810000,1075000,1091000]",404,9742000
3,66,10,"[323,338,407,300,293,411,363,301,405,369]","[873000,997000,1182000,883000,799000,1168000,1021000,877000,1157000,1041000]",411,9998000
3,67,10,"[320,403,362,253,310,392,349,333,349,409]","[862000,1177000,1045000,682000,854000,1129000,980000,914000,939000,1176000]",409,9758000
3,68,10,"[327,324,444,304,295,383,327,362,381,369]","[884000,952000,1278000,839000,794000,1124000,938000,1011000,1068000,1040000]",444,9928000
3,69,10,"[325,361,391,347,271,405,300,260,379,389]","[908000,1030000,1120000,1040000,725000,1170000,833000,747000,1051000,1104000]",405,9728000
3,70,10,"[317,403,384,314,306,376,332,350,397,374]","[859000,1160000,1087000,853000,827000,1094000,949000,985000,1106000,1057000]",403,9977000
3,71,10,"[322,457,388,276,255,357,349,307,338,412]","[856000,1339000,1082000,789000,676000,1033000,980000,838000,913000,1179000]",457,9685000
3,72,10,"[317,391,385,283,318,398,333,349,385,365]","[854000,1125000,1096000,765000,862000,1172000,939000,972000,1087000,1033000]",398,9905000
3,73,10,"[326,356,405,283,292,408,337,280,379,378]","[903000,1017000,1154000,836000,784000,1162000,947000,810000,1060000,1080000]",408,9753000
3,74,10,"[320,338,378,383,295,412,322,317,317,370]","[845000,984000,1072000,1125000,786000,1170000,878000,924000,910000,1043000]",412,9737000
3,75,10,"[352,333,426,319,301,406,288,284,377,368]","[947000,944000,1180000,942000,827000,1163000,799000,833000,1094000,1048000]",426,9777000
3,76,10,"[330,330,439,300,312,400,300,250,375,388]","[912000,946000,1203000,903000,873000,1152000,837000,714000,1045000,1112000]",439,9697000
3,77,10,"[317,339,415,320,301,411,274,282,385,368]","[844000,982000,1179000,949000,829000,1196000,762000,814000,1119000,1038000]",415,9712000
3,78,10,"[338,341,361,360,371,387,365,311,344,370]","[904000,966000,1015000,1069000,1015000,1107000,1035000,870000,997000,1046000]",387,10024000
4,1,10,"[238,336,225,368,412,342,354,361,291,252]","[690000,944000,630000,1051000,1139000,957000,1018000,1013000,864000,701000]",412,9007000
4,2,10,"[246,379,222,372,384,340,343,394,315,261]","[747000,1055000,625000,1067000,1068000,949000,977000,1063000,926000,729000]",394,9206000
4,3,10,"[325,388,306,386,387,326,379,355,307,145]","[929000,1139000,864000,1104000,1073000,898000,1021000,1016000,848000,400000]",388,9292000
4,4,10,"[234,374,331,367,367,386,370,336,261,287]","[667000,1041000,934000,1031000,1042000,1048000,1076000,931000,713000,809000]",386,9292000
4,5,10,"[382,324,336,369,383,275,328,364,374,169]","[1116000,912000,945000,1049000,1063000,790000,924000,1045000,1082000,459000]",383,9385000
4,6,10,"[306,389,311,375,388,342,346,371,276,155]","[869000,1139000,877000,1090000,1068000,966000,951000,1050000,779000,454000]",389,9243000
4,7,10,"[246,360,230,375,413,341,352,362,303,190]","[693000,987000,661000,1057000,1141000,951000,1008000,1011000,844000,563000]",413,8916000
4,8,10,"[239,394,221,381,357,342,345,398,304,254]","[677000,1072000,615000,1086000,984000,957000,987000,1063000,862000,706000]",398,9009000
4,9,10,"[335,355,385,372,383,337,376,351,370,253]","[936000,1016000,1045000,1018000,1051000,939000,1039000,1026000,1077000,698000]",385,9845000
4,10,10,"[371,343,298,371,388,267,361,348,375,170]","[1092000,938000,842000,1063000,1071000,753000,1022000,991000,1080000,473000]",388,9325000
4,11,10,"[241,362,227,376,419,392,354,317,275,255]","[705000,1012000,633000,1089000,1151000,1073000,1008000,901000,740000,704000]",419,9016000
4,12,10,"[303,359,323,372,394,338,340,385,303,157]","[832000,1000000,916000,1084000,1078000,949000,969000,1088000,882000,448000]",394,9246000
4,13,10,"[375,341,306,368,386,343,346,339,335,169]","[1098000,928000,854000,1053000,1078000,961000,988000,983000,947000,478000]",386,9368000
4,14,10,"[246,337,223,324,412,342,354,362,296,285]","[684000,948000,632000,939000,1139000,957000,1016000,1011000,868000,828000]",412,9022000
4,15,10,"[325,385,306,380,388,325,346,389,305,145]","[929000,1124000,864000,1087000,1075000,899000,922000,1114000,844000,400000]",389,9258000
4,16,10,"[338,369,381,371,383,338,377,348,369,253]","[942000,1053000,1032000,1018000,1051000,939000,1038000,1011000,1077000,698000]",383,9859000
4,17,10,"[295,399,307,364,385,347,347,340,320,149]","[821000,1142000,873000,1037000,1068000,973000,1000000,976000,922000,413000]",399,9225000
4,18,10,"[321,392,304,379,387,347,381,353,310,145]","[912000,1131000,860000,1092000,1073000,943000,1026000,1009000,845000,400000]",392,9291000
4,19,10,"[291,399,307,376,385,345,347,341,316,149]","[813000,1152000,873000,1094000,1068000,966000,1003000,981000,875000,413000]",399,9238000
4,20,10,"[238,375,365,367,367,388,371,337,263,260]","[677000,1043000,1024000,1030000,1044000,1052000,1071000,927000,717000,754000]",388,9339000
4,21,10,"[336,388,309,373,393,319,411,332,303,143]","[941000,1130000,864000,1076000,1096000,878000,1113000,946000,831000,400000]",411,9275000
4,22,10,"[358,297,310,327,428,358,384,379,402,224]","[1063000,822000,878000,906000,1239000,962000,1080000,1039000,1178000,681000]",428,9848000
4,23,10,"[370,342,307,370,416,390,348,347,337,161]","[1072000,936000,862000,1055000,1147000,1068000,975000,949000,933000,454000]",416,9451000
4,24,10,"[263,388,364,362,365,397,382,340,264,193]","[715000,1076000,1028000,1015000,1038000,1070000,1097000,946000,715000,522000]",397,9222000
4,25,10,"[335,399,341,389,388,270,331,342,369,261]","[951000,1148000,955000,1107000,1070000,768000,914000,982000,1066000,738000]",399,9699000
4,26,10,"[363,345,333,370,388,269,323,349,374,171]","[1052000,951000,936000,1061000,1065000,757000,902000,994000,1074000,462000]",388,9254000
4,27,10,"[332,335,218,379,387,334,394,354,304,203]","[923000,919000,609000,1091000,1073000,898000,1063000,1011000,843000,644000]",394,9074000
4,28,10,"[289,393,302,373,393,394,343,352,309,144]","[826000,1124000,846000,1088000,1095000,1077000,988000,966000,877000,402000]",394,9289000
4,29,10,"[293,478,337,390,391,342,344,391,336,266]","[862000,1319000,938000,1110000,1078000,962000,981000,1055000,914000,723000]",478,9942000
4,30,10,"[382,324,336,369,383,275,328,364,374,169]","[1121000,912000,945000,1049000,1063000,790000,924000,1050000,1082000,459000]",383,9395000
4,31,10,"[232,378,387,374,436,355,306,347,283,258]","[652000,1088000,1083000,1021000,1223000,981000,876000,975000,772000,736000]",436,9407000
4,32,10,"[240,382,337,370,390,397,373,344,264,260]","[687000,1061000,966000,1060000,1083000,1071000,1091000,950000,726000,757000]",397,9452000
4,33,10,"[284,418,305,381,436,361,368,396,307,144]","[809000,1185000,854000,1088000,1156000,1005000,1028000,1094000,873000,408000]",436,9500000
4,34,10,"[238,333,219,409,430,359,365,362,290,249]","[680000,945000,614000,1152000,1133000,1013000,1016000,1018000,814000,703000]",430,9088000
4,35,10,"[335,437,349,382,386,319,389,331,388,273]","[924000,1228000,959000,1090000,1065000,849000,1111000,928000,1133000,767000]",437,10054000
4,36,10,"[305,396,313,373,415,345,344,398,278,148]","[854000,1126000,867000,1076000,1139000,966000,981000,1089000,774000,418000]",415,9290000
4,37,10,"[241,358,319,374,412,345,350,361,301,187]","[687000,977000,895000,1059000,1139000,971000,1006000,1011000,839000,561000]",412,9145000
4,38,10,"[226,357,297,360,456,344,346,393,299,245]","[627000,974000,778000,1004000,1249000,970000,986000,1067000,863000,688000]",456,9206000
4,39,10,"[316,387,309,377,421,356,357,385,249,147]","[909000,1111000,868000,1082000,1129000,993000,997000,1082000,680000,415000]",421,9266000
4,40,10,"[238,333,221,378,433,360,366,363,307,250]","[690000,942000,619000,1102000,1139000,1003000,1021000,1013000,851000,696000]",433,9076000
4,41,10,"[258,371,337,360,392,325,370,355,301,160]","[731000,1058000,952000,1009000,1089000,896000,992000,1013000,839000,446000]",392,9025000
4,42,10,"[297,392,304,368,386,349,352,294,304,154]","[832000,1124000,866000,1066000,1070000,938000,1002000,843000,833000,438000]",392,9012000
4,43,10,"[295,403,303,385,466,356,354,361,319,157]","[834000,1136000,861000,1106000,1318000,955000,975000,988000,889000,460000]",466,9522000
4,44,10,"[507,374,386,371,399,346,456,444,284,233]","[1611000,1105000,1092000,1050000,1095000,934000,1296000,1258000,788000,687000]",507,10916000
4,45,10,"[238,373,225,365,458,347,346,393,303,248]","[667000,1014000,628000,1016000,1255000,976000,985000,1066000,869000,703000]",458,9179000
4,46,10,"[318,376,351,373,392,274,329,372,344,298]","[947000,1059000,967000,1056000,1075000,772000,926000,1043000,939000,928000]",392,9712000
4,47,10,"[289,392,309,375,384,341,344,370,317,149]","[815000,1121000,877000,1075000,1068000,961000,985000,1028000,907000,413000]",392,9250000
4,48,10,"[237,374,362,368,368,387,370,335,262,258]","[677000,1038000,1013000,1052000,1044000,1050000,1071000,930000,715000,744000]",387,9334000
4,49,10,"[377,327,340,369,418,276,343,362,332,180]","[1114000,917000,947000,1066000,1160000,771000,955000,1005000,941000,499000]",418,9375000
4,50,10,"[336,389,310,373,396,333,392,332,303,143]","[946000,1141000,878000,1076000,1108000,916000,1072000,946000,831000,400000]",396,9314000
4,51,10,"[296,356,307,378,397,323,370,351,261,321]","[912000,1031000,870000,1067000,1082000,886000,1001000,1000000,750000,953000]",397,9552000
4,52,10,"[269,397,341,378,385,391,373,321,292,265]","[759000,1136000,957000,1084000,1065000,1067000,1091000,883000,794000,779000]",397,9615000
4,53,10,"[382,325,336,369,383,275,328,367,374,169]","[1123000,914000,945000,1049000,1063000,790000,924000,1049000,1082000,459000]",383,9398000
4,54,10,"[314,404,223,313,400,393,401,430,343,278]","[910000,1192000,617000,911000,1145000,1070000,1128000,1379000,988000,790000]",430,10130000
4,55,10,"[238,427,360,368,388,391,353,337,265,261]","[677000,1173000,1019000,1034000,1107000,1058000,1003000,927000,721000,754000]",427,9473000
4,56,10,"[334,396,350,386,414,269,335,347,349,268]","[957000,1132000,973000,1109000,1143000,763000,934000,992000,1016000,759000]",414,9778000
4,57,10,"[240,386,270,383,426,413,373,381,291,177]","[668000,1100000,720000,1042000,1186000,1136000,1062000,1122000,841000,543000]",426,9420000
4,58,10,"[260,381,323,368,390,321,425,344,273,263]","[734000,1046000,913000,1055000,1083000,878000,1180000,966000,755000,752000]",425,9362000
4,59,10,"[299,353,319,379,387,431,377,356,236,142]","[821000,976000,905000,1082000,1073000,1197000,1027000,1021000,640000,398000]",431,9140000
4,60,10,"[254,330,303,374,395,330,374,408,306,193]","[759000,909000,851000,1064000,1076000,914000,1028000,1124000,854000,552000]",408,9131000
4,61,10,"[321,443,303,380,434,359,366,357,302,265]","[912000,1249000,836000,1094000,1162000,1003000,1029000,992000,844000,732000]",443,9853000
4,62,10,"[295,397,307,364,383,347,347,340,320,149]","[821000,1132000,873000,1037000,1061000,973000,1000000,976000,922000,413000]",397,9208000
4,63,10,"[322,378,231,375,418,274,352,362,305,307]","[932000,1050000,659000,1067000,1151000,767000,985000,1017000,837000,968000]",418,9433000
4,64,10,"[303,404,310,370,386,347,350,375,281,156]","[870000,1141000,878000,1068000,1078000,974000,999000,1019000,769000,462000]",404,9258000
4,65,10,"[345,389,310,389,387,344,375,407,285,183]","[1005000,1099000,891000,1120000,1068000,974000,1100000,1157000,798000,583000]",407,9795000
4,66,10,"[229,354,293,365,457,342,345,420,298,245]","[642000,963000,768000,1006000,1249000,955000,986000,1109000,853000,688000]",457,9219000
4,67,10,"[246,378,302,432,390,376,370,379,292,259]","[698000,1046000,851000,1222000,1074000,1018000,1067000,1047000,845000,758000]",432,9626000
4,68,10,"[368,340,302,368,414,345,376,347,342,169]","[1081000,930000,853000,1053000,1186000,968000,1047000,1011000,956000,474000]",414,9559000
4,69,10,"[351,392,304,373,386,324,407,376,302,158]","[1003000,1104000,857000,1083000,1075000,895000,1106000,1061000,829000,459000]",407,9472000
4,70,10,"[246,387,381,372,410,362,386,335,286,286]","[702000,1061000,1068000,1026000,1183000,969000,1090000,927000,787000,776000]",410,9589000
4,71,10,"[321,401,305,375,387,359,353,356,310,145]","[912000,1156000,862000,1090000,1073000,940000,974000,1015000,851000,405000]",401,9278000
4,72,10,"[238,342,326,373,412,343,346,360,297,252]","[690000,953000,889000,1070000,1139000,963000,999000,1013000,879000,701000]",412,9296000
4,73,10,"[292,390,347,371,420,354,396,363,334,224]","[824000,1102000,958000,1012000,1219000,932000,1128000,1005000,937000,654000]",420,9771000
4,74,10,"[324,407,307,377,371,325,374,323,324,329]","[910000,1165000,859000,1089000,1029000,911000,1047000,906000,924000,1020000]",407,9860000
4,75,10,"[268,401,359,381,401,433,372,358,306,311]","[730000,1096000,1027000,1078000,1132000,1193000,1001000,1023000,843000,852000]",433,9975000
4,76,10,"[245,377,379,370,386,413,369,342,303,262]","[693000,1050000,1082000,1048000,1067000,1103000,1064000,945000,816000,736000]",413,9604000
4,77,10,"[252,365,275,371,416,342,356,367,304,168]","[724000,983000,759000,1061000,1139000,951000,1015000,1018000,851000,478000]",416,8979000
4,78,10,"[238,336,225,368,411,347,352,361,291,252]","[690000,948000,630000,1051000,1137000,979000,1012000,1013000,864000,701000]",411,9025000
4,79,10,"[293,405,224,369,390,341,342,401,325,258]","[911000,1216000,646000,1063000,1087000,967000,993000,1134000,989000,721000]",405,9727000
4,80,10,"[325,388,309,384,384,326,382,355,307,145]","[929000,1139000,864000,1104000,1064000,898000,1034000,1016000,848000,400000]",388,9296000
4,81,10,"[234,374,338,366,366,386,370,336,261,287]","[667000,1045000,943000,1018000,1042000,1048000,1076000,931000,713000,809000]",386,9292000
4,82,10,"[383,326,338,365,361,298,325,360,368,169]","[1112000,916000,945000,1049000,998000,843000,909000,1035000,1067000,459000]",383,9333000
4,83,10,"[304,354,311,375,411,341,343,371,274,155]","[869000,1038000,877000,1087000,1138000,967000,949000,1050000,769000,454000]",411,9198000
4,84,10,"[261,359,233,324,412,340,353,365,308,182]","[751000,976000,651000,939000,1139000,953000,1014000,1019000,852000,557000]",412,8851000
4,85,10,"[236,405,284,378,358,343,344,395,327,262]","[670000,1116000,754000,1098000,986000,963000,987000,1077000,925000,761000]",405,9337000
4,86,10,"[370,355,387,309,386,337,395,353,375,282]","[1054000,1010000,1053000,859000,1057000,938000,1171000,1022000,1073000,834000]",395,10071000
4,87,10,"[366,344,300,372,384,267,360,349,372,169]","[1081000,949000,844000,1062000,1065000,753000,1030000,991000,1074000,471000]",384,9320000
4,88,10,"[275,361,232,316,413,396,361,321,271,258]","[785000,1007000,635000,913000,1139000,1093000,1019000,901000,743000,737000]",413,8972000
4,89,10,"[303,367,319,413,393,339,342,352,308,157]","[832000,1015000,905000,1180000,1080000,954000,974000,1001000,897000,448000]",413,9286000
4,90,10,"[362,340,305,368,386,343,346,349,333,169]","[1067000,932000,854000,1053000,1078000,961000,988000,1028000,945000,478000]",386,9384000
4,91,10,"[241,339,225,322,412,342,354,362,296,285]","[678000,954000,614000,936000,1139000,955000,1016000,1013000,868000,828000]",412,9001000
4,92,10,"[327,385,307,380,389,323,346,387,309,147]","[920000,1124000,860000,1097000,1073000,890000,922000,1113000,858000,400000]",389,9257000
4,93,10,"[323,363,383,363,387,337,385,357,392,269]","[901000,1031000,1045000,1005000,1057000,944000,1081000,1034000,1116000,760000]",392,9974000
4,94,10,"[294,392,308,368,385,322,341,338,318,149]","[823000,1124000,873000,1052000,1068000,923000,979000,976000,912000,413000]",392,9143000
4,95,10,"[322,389,306,353,387,345,383,386,307,145]","[912000,1134000,862000,1008000,1073000,933000,1044000,1097000,839000,400000]",389,9302000
4,96,10,"[291,394,309,376,374,345,345,342,334,149]","[813000,1130000,880000,1094000,1029000,966000,999000,981000,926000,413000]",394,9231000
4,97,10,"[231,372,362,319,368,402,376,336,260,281]","[649000,1035000,1030000,895000,1048000,1084000,1084000,929000,711000,799000]",402,9264000
5,1,10,"[299,206,304,333,321,341,374,309,210,319]","[846000,651000,847000,924000,942000,935000,1060000,887000,584000,915000]",374,8591000
5,2,10,"[239,265,295,386,319,312,393,287,269,319]","[712000,731000,830000,1065000,923000,882000,1113000,802000,778000,930000]",393,8766000
5,3,10,"[310,263,291,343,299,256,433,286,241,319]","[892000,744000,811000,928000,837000,743000,1259000,812000,691000,919000]",433,8636000
5,4,10,"[300,244,360,332,311,356,376,360,232,258]","[907000,720000,990000,905000,839000,986000,1121000,1026000,659000,717000]",376,8870000
5,5,10,"[301,243,337,339,306,385,377,366,235,263]","[889000,724000,926000,922000,833000,1064000,1123000,1056000,665000,723000]",385,8925000
5,6,10,"[270,362,301,333,333,337,382,313,212,374]","[746000,1031000,842000,922000,1006000,931000,1079000,880000,582000,1051000]",382,9070000
5,7,10,"[320,255,350,304,292,376,377,361,325,271]","[904000,777000,917000,854000,833000,1067000,1046000,1039000,929000,761000]",377,9127000
5,8,10,"[310,260,281,343,301,284,441,295,241,325]","[900000,751000,787000,928000,849000,793000,1284000,839000,691000,955000]",441,8777000
5,9,10,"[299,256,294,348,287,279,455,288,221,337]","[854000,727000,817000,934000,814000,774000,1292000,822000,653000,968000]",455,8655000
5,10,10,"[321,219,293,329,304,393,368,317,235,315]","[918000,648000,815000,949000,833000,1082000,1095000,872000,665000,906000]",393,8783000
5,11,10,"[273,358,301,334,339,340,378,313,210,374]","[753000,1031000,842000,924000,1026000,959000,1071000,886000,582000,1051000]",378,9125000
5,12,10,"[310,237,317,340,296,302,442,293,239,304]","[889000,665000,883000,923000,837000,858000,1277000,848000,691000,906000]",442,8777000
5,13,10,"[285,255,341,338,359,357,381,371,330,339]","[843000,797000,973000,946000,976000,1016000,1083000,1037000,921000,957000]",381,9549000
5,14,10,"[337,280,378,358,313,378,349,353,356,337]","[1006000,949000,1101000,992000,886000,1038000,968000,1002000,996000,953000]",378,9891000
5,15,10,"[326,232,291,324,416,330,391,266,233,276]","[937000,681000,815000,921000,1187000,916000,1154000,750000,661000,771000]",416,8793000
5,16,10,"[316,270,308,377,296,335,382,351,326,368]","[914000,809000,884000,1029000,849000,967000,1107000,1014000,902000,1017000]",382,9492000
5,17,10,"[298,217,297,364,385,396,381,277,225,289]","[833000,639000,805000,1039000,1055000,1102000,1129000,804000,658000,788000]",396,8852000
5,18,10,"[325,258,301,352,295,298,450,284,239,306]","[907000,780000,842000,944000,833000,831000,1288000,808000,691000,857000]",450,8781000
5,19,10,"[324,240,336,342,377,338,385,333,283,274]","[915000,726000,947000,951000,1083000,924000,1120000,957000,821000,765000]",385,9209000
5,20,10,"[257,284,293,382,324,318,393,289,271,324]","[756000,782000,825000,1052000,938000,896000,1113000,811000,785000,944000]",393,8902000
5,21,10,"[319,273,291,323,418,330,391,273,232,282]","[920000,759000,820000,917000,1194000,916000,1158000,774000,659000,801000]",418,8918000
5,22,10,"[293,229,295,343,300,404,379,365,232,259]","[865000,660000,813000,918000,825000,1125000,1139000,1052000,657000,719000]",404,8773000
5,23,10,"[1001,1303,1266,1315,1309,1262,457,920,220,1361]","[2521000,2948000,2993000,3581000,4355000,2831000,1301000,2107000,653000,4933000]",1361,28223000
5,24,10,"[328,346,344,381,298,394,377,353,345,374]","[954000,1046000,974000,1039000,825000,1133000,1097000,985000,963000,1049000]",394,10065000
5,25,10,"[378,266,408,327,288,397,340,350,316,391]","[1092000,784000,1115000,903000,813000,1117000,994000,1001000,870000,1071000]",408,9760000
5,26,10,"[306,329,326,349,299,379,382,359,323,308]","[892000,949000,908000,948000,833000,1074000,1101000,1036000,886000,852000]",382,9479000
5,27,10,"[279,172,288,342,322,284,442,286,241,310]","[753000,490000,809000,927000,950000,738000,1268000,812000,695000,885000]",442,8327000
5,28,10,"[325,229,291,324,447,332,387,266,233,278]","[932000,677000,813000,921000,1279000,883000,1137000,748000,661000,790000]",447,8841000
5,29,10,"[280,229,341,343,291,399,376,429,283,311]","[800000,674000,965000,948000,804000,1119000,1127000,1182000,821000,879000]",429,9319000
5,30,10,"[296,243,338,342,308,386,378,367,238,289]","[873000,721000,940000,946000,837000,1073000,1121000,1047000,674000,834000]",386,9066000
5,31,10,"[282,225,306,335,289,419,396,376,233,286]","[846000,697000,861000,937000,851000,1183000,1145000,1057000,661000,819000]",419,9057000
5,32,10,"[366,248,289,346,285,289,394,336,280,371]","[1053000,699000,805000,934000,810000,827000,1146000,995000,820000,1084000]",394,9173000
5,33,10,"[243,300,307,345,332,342,395,347,330,341]","[731000,876000,875000,931000,987000,955000,1108000,931000,894000,964000]",395,9252000
5,34,10,"[304,198,323,386,328,331,379,311,211,319]","[874000,572000,875000,1002000,987000,906000,1076000,889000,602000,910000]",386,8693000
5,35,10,"[572,474,309,340,292,387,377,395,246,479]","[1664000,1469000,853000,947000,827000,1110000,1069000,1120000,684000,1372000]",572,11115000
5,36,10,"[284,250,337,336,374,402,387,344,231,307]","[835000,791000,963000,942000,1042000,1126000,1095000,964000,657000,851000]",402,9266000
5,37,10,"[319,239,335,341,384,337,384,297,245,272]","[905000,721000,947000,946000,1109000,926000,1118000,829000,693000,763000]",384,8957000
5,38,10,"[286,316,329,358,295,390,410,365,346,340]","[888000,916000,934000,957000,836000,1091000,1122000,1048000,963000,959000]",410,9714000
5,39,10,"[245,259,337,383,296,330,414,287,266,305]","[720000,745000,939000,1046000,823000,919000,1179000,791000,777000,839000]",414,8778000
5,40,10,"[316,186,299,332,337,342,376,311,211,375]","[884000,561000,841000,922000,1025000,961000,1064000,879000,584000,1051000]",376,8772000
5,41,10,"[284,245,310,355,349,318,372,286,269,319]","[850000,720000,841000,953000,1023000,914000,1060000,778000,778000,930000]",372,8847000
5,42,10,"[317,226,301,330,305,388,377,318,235,326]","[873000,671000,841000,960000,838000,1074000,1132000,885000,665000,950000]",388,8889000
5,43,10,"[302,258,279,343,302,280,441,290,270,318]","[874000,747000,783000,928000,849000,774000,1284000,819000,783000,921000]",441,8762000
5,44,10,"[343,363,348,367,324,334,381,329,209,401]","[897000,1051000,969000,1053000,955000,932000,1073000,1003000,578000,1128000]",401,9639000
5,45,10,"[444,339,352,332,306,388,379,322,227,338]","[1222000,1020000,935000,901000,846000,1063000,1127000,906000,654000,940000]",444,9614000
5,46,10,"[302,244,324,380,329,335,380,313,212,337]","[928000,818000,969000,1055000,983000,923000,1075000,888000,595000,951000]",380,9185000
5,47,10,"[278,264,359,342,305,338,427,286,238,319]","[823000,825000,1073000,940000,864000,936000,1207000,791000,657000,881000]",427,8997000
5,48,10,"[306,262,281,343,301,284,441,289,242,315]","[881000,755000,783000,928000,848000,791000,1272000,817000,691000,915000]",441,8681000
5,49,10,"[310,259,278,345,283,373,443,286,241,319]","[891000,745000,776000,932000,803000,1076000,1287000,811000,691000,925000]",443,8937000
5,50,10,"[306,257,292,340,297,300,442,291,239,299]","[883000,729000,813000,923000,826000,840000,1277000,828000,691000,866000]",442,8676000
5,51,10,"[239,289,325,357,330,308,430,287,231,392]","[718000,833000,902000,1008000,960000,897000,1221000,817000,666000,1072000]",430,9094000
5,52,10,"[330,317,328,357,353,298,441,299,243,307]","[948000,957000,906000,975000,1081000,849000,1275000,857000,695000,914000]",441,9457000
5,53,10,"[321,187,310,382,320,312,391,272,268,319]","[897000,561000,875000,1053000,921000,889000,1106000,760000,767000,920000]",391,8749000
5,54,10,"[262,313,356,303,298,376,378,351,327,272]","[750000,908000,929000,849000,841000,1065000,1058000,1001000,936000,732000]",378,9069000
5,55,10,"[303,222,326,351,303,407,384,364,232,259]","[891000,665000,906000,939000,831000,1123000,1149000,1046000,659000,719000]",407,8928000
5,56,10,"[361,465,445,390,317,311,401,375,354,320]","[1049000,1456000,1392000,1060000,915000,884000,1140000,1035000,965000,899000]",465,10795000
5,57,10,"[327,261,345,320,304,344,386,361,325,283]","[943000,804000,898000,914000,887000,969000,1096000,1052000,936000,787000]",386,9286000
5,58,10,"[295,288,321,369,322,326,410,283,275,317]","[818000,806000,906000,1020000,925000,936000,1168000,798000,799000,909000]",410,9085000
5,59,10,"[242,282,320,346,323,316,393,276,277,321]","[721000,764000,931000,953000,927000,894000,1113000,780000,780000,933000]",393,8796000
5,60,10,"[234,359,306,335,321,271,443,316,248,333]","[685000,1031000,861000,926000,944000,788000,1273000,887000,710000,944000]",443,9049000
5,61,10,"[270,362,349,351,339,220,453,295,249,353]","[744000,1031000,961000,995000,992000,635000,1308000,825000,712000,986000]",453,9189000
5,62,10,"[309,328,310,333,329,332,378,310,207,314]","[859000,909000,865000,924000,969000,913000,1068000,887000,582000,902000]",378,8878000
5,63,10,"[289,280,333,402,291,377,374,382,314,274]","[819000,813000,1000000,1080000,830000,1076000,1042000,1089000,933000,770000]",402,9452000
5,64,10,"[298,239,298,339,306,406,388,287,242,268]","[876000,697000,819000,908000,833000,1141000,1172000,814000,693000,768000]",406,8721000
5,65,10,"[306,233,284,411,293,262,438,295,240,323]","[888000,650000,801000,1139000,829000,780000,1281000,836000,691000,940000]",438,8835000
5,66,10,"[255,291,298,334,328,331,379,310,214,323]","[721000,813000,836000,932000,983000,908000,1073000,890000,605000,903000]",379,8664000
5,67,10,"[296,258,353,352,294,382,373,351,349,339]","[892000,748000,985000,983000,790000,1069000,1043000,1000000,964000,966000]",382,9440000
5,68,10,"[269,239,303,382,316,311,402,281,263,319]","[799000,702000,830000,1041000,920000,895000,1130000,776000,748000,910000]",402,8751000
5,69,10,"[269,372,334,370,391,400,378,339,280,324]","[804000,1109000,970000,1062000,1061000,1118000,1134000,972000,784000,948000]",400,9962000
5,70,10,"[243,319,293,348,302,290,449,295,220,342]","[699000,889000,822000,932000,863000,812000,1271000,832000,653000,977000]",449,8750000
5,71,10,"[318,251,359,400,305,405,392,346,321,376]","[914000,744000,1015000,1135000,841000,1152000,1130000,983000,862000,1028000]",405,9804000
5,72,10,"[324,240,339,344,379,303,440,334,283,274]","[915000,726000,953000,955000,1083000,824000,1269000,959000,821000,765000]",440,9270000
5,73,10,"[289,318,360,352,293,382,383,369,358,344]","[899000,929000,1005000,956000,803000,1075000,1074000,1056000,976000,970000]",383,9743000
5,74,10,"[251,391,308,337,340,343,376,313,216,375]","[691000,1115000,871000,939000,1025000,967000,1064000,883000,612000,1049000]",391,9216000
5,75,10,"[307,262,345,344,363,354,375,374,327,324]","[881000,760000,983000,944000,982000,1004000,1065000,1070000,934000,912000]",375,9535000
5,76,10,"[232,293,290,391,311,306,390,355,298,327]","[687000,810000,823000,1093000,900000,870000,1119000,1001000,833000,927000]",391,9063000
5,77,10,"[299,220,334,362,412,321,385,263,234,280]","[832000,649000,866000,994000,1173000,906000,1137000,748000,663000,768000]",412,8736000
5,78,10,"[455,297,215,338,283,368,451,327,244,453]","[1317000,817000,628000,932000,819000,1073000,1299000,964000,698000,1326000]",455,9873000
5,79,10,"[236,318,297,343,301,404,379,365,238,259]","[683000,908000,830000,918000,825000,1123000,1139000,1054000,692000,719000]",404,8891000
5,80,10,"[256,301,306,340,298,386,391,376,356,336]","[752000,884000,867000,953000,853000,1093000,1068000,1061000,991000,951000]",391,9473000
5,81,10,"[314,321,325,364,296,378,385,356,353,312]","[941000,923000,945000,992000,843000,1071000,1068000,1010000,981000,888000]",385,9662000
5,82,10,"[291,213,304,348,311,387,376,376,234,268]","[862000,625000,857000,943000,880000,1090000,1127000,1031000,659000,746000]",387,8820000
5,83,10,"[290,229,329,366,330,332,392,327,268,318]","[841000,656000,923000,1045000,953000,946000,1111000,880000,763000,925000]",392,9043000
5,84,10,"[237,267,284,365,413,358,386,307,236,248]","[706000,728000,801000,1048000,1195000,998000,1127000,842000,667000,718000]",413,8830000
5,85,10,"[252,239,353,342,307,409,410,285,344,361]","[771000,707000,954000,926000,839000,1081000,1166000,780000,994000,1037000]",410,9255000
5,86,10,"[256,394,311,336,339,342,378,310,216,379]","[699000,1115000,881000,939000,1032000,961000,1064000,878000,612000,1054000]",394,9235000
5,87,10,"[289,365,352,363,328,278,457,312,214,349]","[801000,1040000,986000,1046000,992000,751000,1298000,898000,596000,1005000]",457,9413000
5,88,10,"[236,289,340,340,307,404,381,361,236,290]","[706000,786000,920000,908000,848000,1123000,1146000,1021000,676000,843000]",404,8977000
5,89,10,"[327,259,313,357,378,278,447,272,265,334]","[989000,787000,924000,1025000,1034000,805000,1284000,774000,726000,969000]",447,9317000
5,90,10,"[302,286,295,367,399,340,405,283,228,295]","[843000,876000,800000,1042000,1088000,924000,1164000,817000,660000,815000]",405,9029000
5,91,10,"[238,292,277,386,326,352,382,313,266,393]","[701000,799000,781000,1063000,934000,986000,1136000,881000,754000,1078000]",393,9113000
5,92,10,"[279,287,295,329,306,395,368,317,256,307]","[792000,828000,817000,950000,837000,1101000,1095000,874000,717000,859000]",395,8870000
5,93,10,"[302,210,317,376,326,323,399,339,234,306]","[859000,615000,876000,1027000,945000,932000,1082000,924000,661000,869000]",399,8790000
5,94,10,"[436,361,404,424,327,330,381,319,385,410]","[1261000,1363000,1133000,1094000,975000,904000,1089000,910000,1152000,1162000]",436,11043000
5,95,10,"[307,313,310,311,291,385,376,350,303,316]","[878000,919000,885000,867000,820000,1071000,1044000,1003000,807000,899000]",385,9193000
5,96,10,"[528,427,361,372,344,377,377,321,258,416]","[1519000,1367000,1022000,1077000,994000,1071000,1046000,899000,777000,1143000]",528,10915000
5,97,10,"[299,206,304,332,346,310,374,309,210,319]","[846000,651000,847000,922000,1022000,843000,1060000,887000,584000,915000]",374,8577000
5,98,10,"[240,267,299,386,338,312,396,284,272,322]","[707000,744000,850000,1065000,977000,876000,1115000,796000,783000,930000]",396,8843000
5,99,10,"[309,254,291,345,297,262,431,294,243,305]","[884000,724000,823000,935000,844000,761000,1255000,842000,698000,861000]",431,8627000
5,100,10,"[296,243,328,332,308,357,377,361,232,258]","[894000,700000,922000,905000,841000,978000,1126000,1035000,659000,717000]",377,8777000
5,101,10,"[292,258,329,293,309,385,378,362,233,259]","[870000,778000,900000,815000,839000,1064000,1123000,1024000,664000,719000]",385,8796000
5,102,10,"[269,361,336,342,328,333,379,269,204,373]","[743000,1031000,946000,961000,975000,929000,1073000,771000,585000,1045000]",379,9059000
5,103,10,"[319,254,338,306,294,376,377,349,326,275]","[911000,772000,889000,852000,843000,1067000,1048000,1002000,931000,769000]",377,9084000
5,104,10,"[297,263,284,345,301,285,447,286,257,316]","[858000,740000,784000,928000,850000,799000,1290000,812000,751000,911000]",447,8723000
5,105,10,"[292,253,294,345,270,299,451,293,223,337]","[834000,749000,815000,928000,755000,804000,1275000,837000,653000,958000]",451,8608000
5,106,10,"[319,219,289,327,304,388,367,318,237,316]","[901000,630000,818000,936000,833000,1060000,1100000,872000,669000,908000]",388,8727000
5,107,10,"[273,358,301,334,339,340,378,273,240,376]","[753000,1031000,842000,922000,1026000,959000,1071000,780000,689000,1055000]",378,9128000
5,108,10,"[305,237,275,340,296,302,442,336,239,303]","[881000,665000,757000,923000,837000,858000,1277000,958000,691000,906000]",442,8753000
5,109,10,"[352,242,350,347,367,360,384,368,343,338]","[993000,733000,986000,961000,996000,1022000,1095000,1032000,933000,955000]",384,9706000
5,110,10,"[337,280,381,295,310,380,349,356,400,337]","[1006000,949000,1111000,809000,880000,1042000,968000,1015000,1123000,953000]",400,9856000
5,111,10,"[296,251,291,324,411,330,389,266,233,273]","[834000,747000,815000,921000,1181000,916000,1141000,750000,661000,765000]",411,8731000
5,112,10,"[317,289,306,372,299,335,378,350,322,371]","[916000,851000,880000,1029000,854000,963000,1099000,991000,869000,1032000]",378,9484000
5,113,10,"[300,217,299,363,389,456,380,239,223,286]","[840000,639000,811000,1039000,1055000,1282000,1125000,712000,656000,782000]",456,8941000
5,114,10,"[325,253,299,348,298,301,452,285,239,306]","[911000,773000,829000,936000,849000,859000,1288000,816000,691000,857000]",452,8809000
5,115,10,"[327,241,342,350,378,328,386,324,283,277]","[915000,748000,961000,970000,1095000,912000,1122000,930000,821000,782000]",386,9256000
5,116,10,"[263,301,305,385,281,371,396,284,272,322]","[780000,851000,873000,1067000,805000,1062000,1119000,796000,785000,940000]",396,9078000
6,1,10,"[152,277,356,369,333,354,345,314,249,229]","[448000,766000,989000,1119000,923000,978000,957000,869000,686000,605000]",369,8340000
6,2,10,"[153,255,279,367,376,358,323,428,182,236]","[448000,721000,765000,1063000,1026000,983000,901000,1189000,502000,621000]",428,8219000
6,3,10,"[152,278,304,375,372,342,305,333,251,231]","[448000,773000,835000,1118000,1035000,918000,852000,956000,686000,605000]",375,8226000
6,4,10,"[152,258,318,375,405,356,317,349,160,244]","[448000,729000,872000,1116000,1137000,979000,872000,981000,446000,646000]",405,8226000
6,5,10,"[152,281,359,371,363,354,300,312,249,229]","[448000,772000,997000,1114000,1014000,974000,831000,867000,686000,605000]",371,8308000
6,6,10,"[152,276,352,362,367,287,347,322,249,273]","[448000,766000,983000,1099000,1040000,792000,951000,924000,686000,766000]",367,8455000
6,7,10,"[152,252,276,363,374,339,311,440,182,230]","[448000,706000,755000,1055000,1042000,932000,857000,1249000,517000,608000]",440,8169000
6,8,10,"[152,276,355,326,367,356,343,332,247,272]","[448000,766000,998000,982000,1040000,978000,947000,960000,686000,764000]",367,8569000
6,9,10,"[152,277,356,369,333,354,344,328,246,273]","[448000,766000,989000,1119000,923000,978000,957000,932000,681000,762000]",369,8555000
6,10,10,"[152,278,352,370,337,355,345,315,249,229]","[448000,772000,983000,1121000,932000,980000,962000,869000,686000,605000]",370,8358000
6,11,10,"[152,264,277,380,377,344,356,369,183,236]","[448000,727000,768000,1090000,1041000,955000,989000,1064000,525000,623000]",380,8230000
6,12,10,"[152,276,296,376,372,322,306,368,250,229]","[448000,766000,813000,1142000,1035000,920000,855000,1021000,686000,601000]",376,8287000
6,13,10,"[152,302,284,375,369,358,356,315,248,227]","[448000,833000,780000,1065000,1024000,991000,1010000,874000,681000,601000]",375,8307000
6,14,10,"[155,256,306,371,379,351,327,363,181,237]","[453000,726000,868000,1085000,1052000,959000,913000,1040000,506000,629000]",379,8231000
6,15,10,"[159,256,280,371,452,285,347,370,187,239]","[453000,709000,775000,1060000,1253000,783000,936000,1082000,523000,620000]",452,8194000
6,16,10,"[152,278,299,372,344,359,345,351,249,229]","[448000,772000,838000,1125000,944000,988000,962000,987000,686000,605000]",372,8355000
6,17,10,"[153,279,314,370,376,349,299,346,249,229]","[448000,781000,857000,1124000,1040000,949000,837000,983000,686000,601000]",376,8306000
6,18,10,"[159,263,279,384,452,290,308,370,188,239]","[473000,725000,770000,1110000,1255000,808000,862000,1073000,539000,617000]",452,8232000
6,19,10,"[152,276,354,374,374,353,320,313,246,232]","[448000,766000,990000,1132000,1026000,973000,901000,868000,681000,607000]",374,8392000
6,20,10,"[152,269,312,373,382,298,333,337,246,232]","[448000,755000,873000,1133000,1047000,851000,903000,950000,681000,605000]",382,8246000
6,21,10,"[152,284,353,360,369,321,303,320,247,267]","[448000,792000,985000,1093000,1050000,885000,846000,914000,686000,759000]",369,8458000
6,22,10,"[155,263,278,372,407,340,339,376,246,239]","[453000,724000,766000,1065000,1115000,944000,931000,1070000,681000,616000]",407,8365000
6,23,10,"[155,258,288,324,418,415,322,393,178,226]","[453000,714000,793000,945000,1142000,1108000,896000,1128000,500000,595000]",418,8274000
6,24,10,"[152,281,294,372,410,356,308,356,252,229]","[448000,788000,821000,1122000,1131000,960000,838000,991000,686000,605000]",410,8390000
6,25,10,"[152,278,309,376,373,416,323,366,256,234]","[448000,770000,841000,1115000,1043000,1115000,890000,1017000,707000,609000]",416,8555000
6,26,10,"[152,301,308,378,372,352,370,306,249,229]","[448000,819000,836000,1087000,1030000,968000,1049000,828000,686000,601000]",378,8352000
6,27,10,"[152,281,295,368,409,355,386,326,250,227]","[448000,788000,819000,1108000,1124000,956000,1060000,903000,681000,601000]",409,8488000
6,28,10,"[152,277,302,374,384,400,312,378,253,276]","[448000,771000,829000,1120000,1080000,1070000,874000,1068000,687000,767000]",400,8714000
6,29,10,"[1495,1056,276,364,405,351,323,446,1962,1133]","[7148000,4418000,767000,1040000,1117000,957000,904000,1370000,9403000,3018000]",1962,30142000
6,30,10,"[152,331,304,351,365,348,351,352,249,229]","[448000,895000,851000,1017000,1019000,949000,1005000,993000,686000,601000]",365,8464000
6,31,10,"[152,284,353,360,369,324,303,323,249,269]","[448000,792000,985000,1093000,1050000,891000,846000,926000,686000,759000]",369,8476000
6,32,10,"[152,284,292,378,406,356,310,404,252,229]","[448000,794000,821000,1134000,1118000,960000,838000,1117000,686000,605000]",406,8521000
6,33,10,"[156,290,309,323,422,420,338,343,249,236]","[450000,815000,858000,958000,1139000,1118000,922000,974000,687000,619000]",422,8540000
6,34,10,"[152,271,305,369,375,354,340,344,251,231]","[448000,762000,850000,1113000,1036000,975000,932000,970000,701000,609000]",375,8396000
6,35,10,"[152,302,284,383,369,354,356,316,247,227]","[448000,833000,775000,1126000,1013000,972000,1005000,876000,681000,601000]",383,8330000
6,36,10,"[155,279,310,374,401,354,340,310,250,238]","[450000,768000,839000,1111000,1127000,973000,947000,863000,688000,619000]",401,8385000
6,37,10,"[152,239,358,369,404,346,318,313,252,229]","[448000,671000,991000,1119000,1114000,971000,887000,869000,691000,605000]",404,8366000
6,38,10,"[153,267,310,374,380,335,330,337,247,232]","[450000,748000,866000,1123000,1060000,913000,897000,950000,683000,605000]",380,8295000
6,39,10,"[152,282,312,375,372,345,334,384,250,272]","[448000,791000,848000,1128000,1035000,922000,927000,1128000,686000,759000]",384,8672000
6,40,10,"[152,278,356,369,404,321,348,315,249,229]","[448000,776000,989000,1119000,1113000,861000,968000,869000,686000,605000]",404,8434000
6,41,10,"[206,1003,299,372,407,351,304,362,303,991]","[718000,3127000,828000,1125000,1123000,942000,841000,1046000,1131000,4419000]",1003,15300000
6,42,10,"[152,260,287,332,389,381,320,393,178,226]","[448000,728000,788000,949000,1096000,1045000,886000,1128000,500000,595000]",393,8163000
6,43,10,"[152,279,355,372,392,357,277,310,252,229]","[448000,766000,989000,1122000,1111000,981000,763000,863000,686000,605000]",392,8334000
6,44,10,"[152,267,307,367,374,364,338,341,251,231]","[448000,754000,848000,1109000,1030000,992000,925000,955000,701000,609000]",374,8371000
6,45,10,"[152,278,307,375,334,334,306,337,249,229]","[448000,773000,841000,1118000,932000,929000,854000,983000,686000,605000]",375,8169000
6,46,10,"[152,282,312,374,374,356,301,350,246,232]","[448000,791000,856000,1141000,1026000,979000,841000,991000,681000,603000]",374,8357000
6,47,10,"[152,271,302,368,377,305,318,368,251,231]","[448000,760000,831000,1111000,1048000,843000,870000,1019000,701000,601000]",377,8232000
6,48,10,"[152,256,279,375,404,356,315,349,160,244]","[448000,726000,783000,1116000,1135000,979000,870000,981000,446000,646000]",404,8130000
6,49,10,"[155,279,304,372,386,398,348,322,254,275]","[450000,772000,833000,1103000,1079000,1066000,978000,920000,687000,773000]",398,8661000
6,50,10,"[152,308,313,377,404,352,322,367,252,232]","[448000,833000,840000,1117000,1135000,953000,893000,1018000,703000,609000]",404,8549000
6,51,10,"[152,278,309,376,370,416,323,368,256,234]","[448000,770000,843000,1124000,1037000,1115000,890000,1003000,707000,609000]",416,8546000
6,52,10,"[152,267,291,372,389,341,304,352,246,235]","[448000,736000,817000,1125000,1086000,946000,846000,987000,681000,613000]",389,8285000
6,53,10,"[153,271,305,372,379,318,340,337,251,231]","[448000,768000,850000,1125000,1046000,909000,932000,947000,701000,609000]",379,8335000
6,54,10,"[152,268,356,372,333,357,345,313,249,229]","[448000,759000,989000,1122000,923000,987000,957000,869000,686000,605000]",372,8345000
6,55,10,"[153,255,279,364,380,358,323,430,182,238]","[448000,721000,765000,1054000,1037000,983000,901000,1191000,502000,631000]",430,8233000
6,56,10,"[152,278,312,375,372,342,305,333,251,231]","[448000,773000,859000,1118000,1035000,918000,852000,956000,686000,605000]",375,8250000
6,57,10,"[152,258,318,375,368,356,317,349,160,285]","[448000,729000,872000,1116000,1027000,979000,872000,981000,446000,764000]",375,8234000
6,58,10,"[152,281,354,371,352,354,300,312,251,231]","[448000,772000,983000,1114000,980000,974000,831000,867000,701000,621000]",371,8291000
6,59,10,"[152,276,354,362,369,288,317,343,249,272]","[448000,766000,990000,1099000,1050000,792000,876000,990000,686000,764000]",369,8461000
6,60,10,"[152,253,274,366,375,337,348,440,182,230]","[448000,711000,758000,1067000,1042000,930000,934000,1249000,505000,603000]",440,8247000
6,61,10,"[152,277,357,328,373,356,346,329,247,267]","[448000,766000,996000,982000,1055000,978000,951000,953000,686000,759000]",373,8574000
6,62,10,"[152,268,356,370,333,357,344,328,248,271]","[448000,759000,989000,1118000,923000,987000,957000,930000,683000,764000]",370,8558000
6,63,10,"[152,268,352,372,337,357,345,313,249,229]","[448000,762000,983000,1125000,932000,987000,962000,869000,686000,605000]",372,8359000
6,64,10,"[152,264,277,298,428,344,356,367,183,236]","[448000,727000,765000,860000,1209000,955000,989000,1060000,525000,623000]",428,8161000
6,65,10,"[152,298,300,377,372,321,305,364,250,229]","[448000,823000,824000,1147000,1035000,918000,850000,1013000,686000,601000]",377,8345000
6,66,10,"[152,301,280,368,423,355,350,313,250,227]","[448000,831000,777000,1054000,1130000,981000,994000,869000,681000,601000]",423,8366000
6,67,10,"[155,256,330,366,344,351,329,362,181,237]","[453000,726000,922000,1077000,958000,961000,925000,1045000,506000,644000]",366,8217000
6,68,10,"[158,265,301,371,452,292,306,372,189,239]","[455000,722000,843000,1060000,1241000,799000,824000,1083000,523000,615000]",452,8165000
6,69,10,"[152,281,292,372,339,355,346,377,250,227]","[448000,779000,821000,1128000,932000,980000,962000,1035000,686000,601000]",377,8372000
6,70,10,"[153,279,314,370,376,349,299,316,266,229]","[448000,781000,857000,1124000,1040000,949000,837000,905000,738000,601000]",376,8280000
6,71,10,"[159,257,284,354,452,287,305,370,188,239]","[473000,714000,776000,1022000,1255000,793000,856000,1073000,539000,625000]",452,8126000
6,72,10,"[152,280,358,329,374,354,316,311,247,278]","[448000,770000,1001000,995000,1026000,976000,884000,868000,681000,743000]",374,8392000
6,73,10,"[154,268,320,367,382,299,336,354,246,232]","[448000,750000,898000,1109000,1033000,853000,918000,993000,681000,605000]",382,8288000
7,1,10,"[334,345,363,363,298,368,340,314,296,324]","[1053000,969000,998000,1038000,849000,1028000,995000,922000,794000,891000]",368,9537000
7,2,10,"[240,314,355,351,340,372,347,340,267,316]","[723000,928000,980000,1039000,967000,1042000,1015000,928000,726000,829000]",372,9177000
7,3,10,"[348,346,331,341,339,360,347,344,297,329]","[1052000,980000,917000,989000,951000,1014000,1018000,978000,806000,865000]",360,9570000
7,4,10,"[345,346,320,338,333,370,365,342,302,322]","[1048000,980000,885000,970000,932000,1041000,1039000,981000,807000,852000]",370,9535000
7,5,10,"[385,280,337,345,332,367,342,338,262,317]","[1206000,821000,1000000,1011000,947000,1031000,999000,955000,709000,843000]",385,9522000
7,6,10,"[348,298,383,361,302,372,342,326,304,322]","[1104000,870000,1027000,1043000,849000,1053000,999000,939000,811000,843000]",383,9538000
7,7,10,"[375,280,343,347,329,367,340,363,262,320]","[1153000,821000,1022000,1012000,936000,1031000,995000,1017000,709000,849000]",375,9545000
7,8,10,"[346,351,359,319,336,369,344,341,303,322]","[1049000,990000,994000,909000,938000,1037000,1003000,977000,809000,852000]",369,9558000
7,9,10,"[366,286,361,386,335,368,344,243,283,327]","[1032000,845000,985000,1120000,941000,1043000,999000,700000,763000,901000]",386,9329000
7,10,10,"[368,299,344,390,339,369,342,267,262,316]","[1032000,874000,976000,1131000,953000,1033000,997000,768000,694000,863000]",390,9321000
7,11,10,"[348,345,374,340,338,369,345,348,263,318]","[1060000,978000,1011000,981000,959000,1038000,1005000,976000,709000,851000]",374,9568000
7,12,10,"[345,347,327,352,334,370,344,343,301,331]","[1051000,978000,901000,1037000,957000,1040000,1003000,980000,803000,879000]",370,9629000
7,13,10,"[351,363,325,339,329,354,373,326,298,326]","[1056000,1051000,894000,984000,934000,985000,1088000,953000,792000,866000]",373,9603000
7,14,10,"[346,351,355,363,308,372,347,348,306,328]","[1055000,986000,983000,1043000,842000,1042000,1015000,984000,815000,853000]",372,9618000
7,15,10,"[368,286,342,390,339,367,343,237,282,331]","[1036000,842000,972000,1128000,948000,1040000,997000,685000,763000,916000]",390,9327000
7,16,10,"[380,281,377,339,337,367,345,342,262,322]","[1189000,823000,1044000,979000,968000,1029000,1005000,959000,709000,849000]",380,9554000
7,17,10,"[365,284,340,387,336,364,342,277,300,297]","[1030000,825000,963000,1113000,943000,1028000,997000,792000,864000,787000]",387,9342000
7,18,10,"[386,280,337,344,333,367,342,339,236,320]","[1208000,821000,1000000,1006000,945000,1029000,999000,960000,658000,839000]",386,9465000
7,19,10,"[349,348,323,335,327,342,382,324,294,326]","[1041000,1026000,881000,973000,944000,947000,1111000,950000,792000,885000]",382,9550000
7,20,10,"[368,286,343,390,337,367,344,267,262,327]","[1032000,838000,974000,1131000,949000,1040000,999000,768000,694000,904000]",390,9329000
7,21,10,"[346,351,358,317,330,367,363,344,302,327]","[1045000,990000,988000,929000,948000,1032000,1054000,994000,807000,863000]",367,9650000
7,22,10,"[365,292,345,389,339,456,438,268,262,320]","[1026000,852000,976000,1120000,965000,1326000,1228000,768000,694000,894000]",456,9849000
7,23,10,"[384,285,337,348,349,351,401,357,262,317]","[1204000,825000,1004000,1007000,996000,953000,1142000,1020000,710000,843000]",401,9704000
7,24,10,"[342,345,362,373,372,361,389,338,272,320]","[1067000,969000,989000,1052000,1059000,969000,1103000,961000,732000,865000]",389,9766000
7,25,10,"[364,286,336,347,362,353,400,357,264,319]","[1111000,825000,976000,1011000,1036000,953000,1140000,983000,711000,849000]",400,9595000
7,26,10,"[244,298,445,372,305,369,342,313,301,321]","[722000,869000,1190000,1098000,866000,1030000,999000,893000,805000,850000]",445,9322000
7,27,10,"[338,308,359,353,335,371,353,354,264,325]","[1013000,902000,991000,1055000,959000,1045000,1027000,1008000,713000,858000]",371,9571000
7,28,10,"[366,286,361,386,339,368,344,274,260,327]","[1032000,845000,985000,1120000,949000,1043000,999000,780000,694000,901000]",386,9348000
7,29,10,"[366,287,355,390,373,349,401,279,300,320]","[1032000,833000,985000,1119000,1064000,953000,1150000,822000,795000,865000]",401,9618000
7,30,10,"[397,303,361,409,330,367,341,271,263,333]","[1220000,857000,995000,1163000,936000,1034000,997000,776000,709000,911000]",409,9598000
7,31,10,"[376,282,345,389,336,369,342,337,240,322]","[1170000,825000,971000,1123000,941000,1037000,997000,952000,646000,864000]",389,9526000
7,32,10,"[353,297,448,350,446,397,374,330,266,321]","[1061000,867000,1190000,1023000,1234000,1106000,1087000,941000,712000,870000]",448,10091000
7,33,10,"[342,353,375,367,365,351,408,359,268,329]","[1029000,988000,1028000,1046000,1012000,960000,1148000,1004000,722000,867000]",408,9804000
7,34,10,"[372,332,362,369,376,349,401,358,271,328]","[1116000,924000,994000,1049000,1040000,953000,1138000,989000,730000,863000]",401,9796000
7,35,10,"[345,347,364,359,374,415,347,359,268,328]","[1038000,978000,995000,1035000,1040000,1133000,968000,989000,724000,869000]",415,9769000
7,36,10,"[364,286,386,363,335,371,341,240,282,323]","[1028000,829000,1051000,1047000,945000,1043000,997000,688000,763000,903000]",386,9294000
7,37,10,"[384,280,337,346,331,369,342,267,304,297]","[1204000,821000,1000000,1013000,947000,1030000,999000,765000,871000,796000]",384,9446000
7,38,10,"[385,284,335,343,340,410,403,368,233,321]","[1204000,825000,1000000,998000,971000,1211000,1144000,1054000,658000,853000]",410,9918000
7,39,10,"[378,281,342,384,333,370,344,277,300,296]","[1176000,823000,968000,1096000,941000,1035000,999000,794000,864000,781000]",384,9477000
7,40,10,"[383,347,358,355,348,370,350,336,260,321]","[1195000,978000,989000,1028000,1026000,1037000,1021000,951000,705000,851000]",383,9781000
7,41,10,"[344,302,342,388,341,366,344,236,259,319]","[1081000,876000,969000,1115000,957000,1028000,1007000,664000,694000,865000]",388,9256000
7,42,10,"[383,281,335,340,338,368,358,327,263,315]","[1196000,823000,1000000,987000,957000,1035000,1015000,936000,707000,855000]",383,9511000
7,43,10,"[385,280,337,345,331,366,342,356,262,318]","[1206000,821000,1000000,1011000,947000,1029000,999000,969000,705000,852000]",385,9539000
7,44,10,"[344,349,369,359,299,351,345,342,300,329]","[1039000,986000,1020000,1024000,838000,987000,1014000,981000,803000,869000]",369,9561000
7,45,10,"[381,280,396,345,330,366,342,338,262,319]","[1191000,821000,1089000,1005000,945000,1029000,999000,964000,709000,847000]",396,9599000
7,46,10,"[345,298,344,426,331,369,342,269,262,317]","[993000,872000,970000,1184000,937000,1030000,999000,770000,700000,861000]",426,9316000
7,47,10,"[337,349,364,358,373,409,339,301,297,326]","[1014000,985000,995000,1036000,1044000,1125000,958000,866000,798000,873000]",409,9694000
7,48,10,"[378,280,377,341,339,367,343,340,262,322]","[1179000,821000,1044000,983000,962000,1029000,1001000,959000,709000,855000]",378,9542000
7,49,10,"[382,299,316,388,331,369,342,268,260,321]","[1182000,874000,899000,1139000,944000,1034000,999000,768000,696000,868000]",388,9403000
7,50,10,"[246,322,449,354,289,365,360,334,300,325]","[726000,898000,1190000,1035000,836000,1024000,1041000,947000,803000,865000]",449,9365000
7,51,10,"[316,299,378,382,337,369,343,275,261,312]","[907000,872000,1092000,1094000,961000,1028000,999000,787000,694000,855000]",382,9289000
7,52,10,"[376,284,353,380,335,368,346,347,263,324]","[1142000,825000,985000,1090000,948000,1039000,1005000,985000,711000,846000]",380,9576000
7,53,10,"[349,354,355,355,307,377,360,353,306,324]","[1068000,995000,983000,1028000,846000,1054000,1044000,991000,815000,849000]",377,9673000
7,54,10,"[365,298,345,389,338,410,406,267,262,311]","[1026000,868000,974000,1126000,951000,1186000,1179000,768000,694000,851000]",410,9623000
7,55,10,"[313,282,341,387,334,373,343,363,300,282]","[902000,825000,968000,1096000,943000,1053000,999000,1026000,847000,804000]",387,9463000
7,56,10,"[374,280,339,348,329,366,341,361,234,318]","[1148000,821000,1011000,1017000,931000,1029000,997000,1010000,656000,837000]",374,9457000
7,57,10,"[341,301,385,370,369,349,399,288,309,328]","[1070000,879000,1031000,1057000,1051000,953000,1139000,857000,821000,855000]",399,9713000
7,58,10,"[353,300,346,386,339,371,345,344,264,330]","[1041000,872000,989000,1105000,953000,1033000,1003000,981000,713000,862000]",386,9552000
7,59,10,"[362,288,341,397,372,351,402,331,268,318]","[1024000,831000,953000,1118000,1071000,953000,1150000,944000,727000,858000]",402,9629000
7,60,10,"[334,286,343,386,335,368,344,267,260,327]","[971000,838000,974000,1111000,945000,1042000,999000,768000,694000,904000]",386,9246000
7,61,10,"[338,353,372,368,357,353,408,312,298,332]","[1018000,988000,1024000,1058000,1002000,960000,1148000,893000,800000,876000]",408,9767000
7,62,10,"[345,347,364,380,374,415,347,359,268,328]","[1038000,978000,995000,1110000,1040000,1133000,968000,989000,724000,869000]",415,9844000
7,63,10,"[361,292,356,390,372,349,399,303,326,319]","[1022000,843000,985000,1114000,1059000,953000,1140000,848000,916000,908000]",399,9788000
7,64,10,"[342,302,385,373,371,351,399,340,265,329]","[1069000,881000,1031000,1070000,1057000,953000,1139000,979000,712000,859000]",399,9750000
7,65,10,"[377,285,323,364,371,414,423,345,263,321]","[1170000,831000,897000,1044000,1044000,1140000,1263000,962000,709000,860000]",423,9920000
7,66,10,"[357,301,454,399,395,395,388,285,295,324]","[1076000,867000,1205000,1128000,1116000,1100000,1113000,843000,790000,891000]",454,10129000
7,67,10,"[452,354,358,342,327,341,377,335,297,324]","[1289000,995000,1001000,987000,948000,952000,1105000,998000,792000,887000]",452,9954000
7,68,10,"[354,297,448,359,364,353,371,328,300,327]","[1062000,857000,1205000,1068000,1019000,981000,1084000,948000,816000,864000]",448,9904000
7,69,10,"[364,286,346,386,335,407,411,298,284,327]","[1028000,836000,978000,1111000,944000,1216000,1156000,826000,761000,911000]",411,9767000
7,70,10,"[367,288,342,389,334,368,344,307,282,332]","[1034000,842000,967000,1123000,943000,1040000,999000,867000,763000,914000]",389,9492000
7,71,10,"[366,284,353,388,337,367,342,242,344,327]","[1032000,825000,985000,1120000,949000,1033000,997000,695000,984000,905000]",388,9525000
7,72,10,"[382,280,377,338,308,367,341,340,260,322]","[1190000,821000,1044000,979000,863000,1029000,997000,959000,705000,849000]",382,9436000
7,73,10,"[315,282,351,389,386,363,397,276,268,338]","[896000,825000,990000,1111000,1076000,1021000,1168000,799000,715000,947000]",397,9548000
7,74,10,"[243,301,447,355,305,371,342,301,305,341]","[722000,878000,1200000,1058000,862000,1032000,999000,848000,813000,914000]",447,9326000
7,75,10,"[242,293,447,334,326,338,377,320,295,366]","[723000,859000,1200000,965000,943000,944000,1102000,912000,791000,998000]",447,9437000
7,76,10,"[395,305,385,367,374,358,425,351,264,324]","[1249000,862000,1029000,1048000,1049000,976000,1263000,963000,707000,852000]",425,9998000
7,77,10,"[333,292,433,340,338,345,399,334,271,315]","[1048000,857000,1196000,980000,951000,938000,1138000,955000,717000,849000]",433,9629000
7,78,10,"[366,286,344,390,366,353,389,268,263,313]","[1027000,833000,973000,1122000,1019000,953000,1129000,768000,700000,875000]",390,9399000
7,79,10,"[366,289,343,389,374,359,344,266,260,316]","[1028000,835000,974000,1084000,1069000,1029000,1018000,764000,694000,879000]",389,9374000
7,80,10,"[341,346,364,371,368,352,390,286,297,329]","[1067000,969000,989000,1057000,1051000,948000,1098000,857000,796000,891000]",390,9723000
7,81,10,"[354,429,361,361,320,343,375,328,297,321]","[1118000,1182000,992000,1036000,964000,949000,1092000,974000,794000,874000]",429,9975000
7,82,10,"[491,300,338,346,329,376,342,351,260,330]","[1492000,874000,1000000,1001000,934000,1056000,998000,963000,696000,899000]",491,9913000
7,83,10,"[336,350,359,361,303,374,348,289,295,323]","[1059000,976000,993000,1032000,857000,1051000,1025000,854000,792000,880000]",374,9519000
7,84,10,"[240,304,379,353,341,360,346,346,268,314]","[723000,896000,1043000,1043000,966000,1012000,1019000,949000,724000,822000]",379,9197000
7,85,10,"[371,349,309,343,340,360,346,347,297,327]","[1125000,986000,846000,992000,965000,1014000,1016000,998000,806000,861000]",371,9609000
7,86,10,"[346,390,319,336,335,369,362,283,301,325]","[1050000,1104000,890000,963000,932000,1032000,1041000,821000,805000,867000]",390,9505000
7,87,10,"[379,283,391,294,336,369,345,339,263,321]","[1187000,826000,1179000,846000,949000,1031000,1005000,966000,711000,858000]",391,9558000
7,88,10,"[345,300,385,317,336,367,344,321,303,324]","[1088000,867000,1029000,919000,955000,1043000,1003000,940000,809000,856000]",385,9509000
7,89,10,"[373,280,340,337,329,366,342,360,262,319]","[1147000,821000,1013000,977000,940000,1029000,999000,1011000,709000,847000]",373,9493000
7,90,10,"[343,354,357,319,333,368,362,342,301,323]","[1047000,996000,993000,909000,935000,1042000,1044000,977000,805000,852000]",368,9600000
7,91,10,"[366,286,361,386,335,368,344,243,295,327]","[1026000,845000,985000,1120000,941000,1043000,999000,700000,793000,901000]",386,9353000
7,92,10,"[364,299,341,388,337,373,343,237,282,312]","[1028000,872000,968000,1118000,949000,1041000,999000,685000,763000,855000]",388,9278000
7,93,10,"[352,349,368,342,340,368,346,349,264,306]","[1076000,986000,1003000,985000,960000,1036000,1010000,992000,713000,818000]",368,9579000
7,94,10,"[348,412,321,349,308,379,347,352,308,326]","[1059000,1139000,900000,1019000,842000,1055000,1015000,993000,819000,851000]",412,9692000
7,95,10,"[351,364,326,340,330,356,384,327,300,314]","[1056000,1058000,899000,986000,936000,989000,1105000,948000,799000,864000]",384,9640000
7,96,10,"[346,351,356,360,297,380,345,341,300,313]","[1043000,986000,985000,1032000,834000,1063000,1014000,979000,803000,856000]",380,9595000
7,97,10,"[368,286,340,373,329,367,342,243,283,327]","[1039000,842000,959000,1076000,933000,1040000,995000,696000,763000,908000]",373,9251000
7,98,10,"[380,302,377,339,337,367,345,319,262,323]","[1189000,879000,1044000,979000,968000,1027000,1011000,895000,709000,851000]",380,9552000
7,99,10,"[364,284,342,388,335,365,343,269,302,293]","[1028000,825000,972000,1115000,943000,1033000,999000,769000,868000,772000]",388,9324000
7,100,10,"[385,281,337,344,334,366,343,348,237,319]","[1203000,823000,1000000,1000000,953000,1029000,1001000,981000,672000,841000]",385,9503000
7,101,10,"[353,355,326,334,330,354,373,327,298,329]","[1063000,1033000,899000,965000,937000,985000,1088000,950000,796000,881000]",373,9597000
7,102,10,"[314,283,342,385,334,369,343,275,259,324]","[929000,830000,969000,1098000,943000,1035000,997000,787000,694000,903000]",385,9185000
8,1,10,"[303,349,378,338,360,354,345,354,318,200]","[830000,966000,1037000,977000,1004000,1023000,960000,1038000,887000,535000]",378,9257000
8,2,10,"[268,348,343,314,384,351,347,349,333,207]","[743000,988000,964000,904000,1059000,1026000,964000,1005000,931000,582000]",384,9166000
8,3,10,"[303,350,343,309,380,363,347,349,324,212]","[839000,958000,970000,867000,1054000,1059000,964000,1019000,922000,619000]",380,9271000
8,4,10,"[292,377,378,378,366,367,363,376,313,210]","[824000,1035000,1034000,1062000,984000,1054000,1020000,1054000,881000,604000]",378,9552000
8,5,10,"[271,396,343,316,381,347,347,349,333,211]","[751000,1081000,970000,905000,1053000,1018000,964000,1005000,945000,596000]",396,9288000
8,6,10,"[369,356,378,367,358,350,345,341,372,177]","[1057000,955000,1042000,1035000,1004000,1015000,960000,998000,1020000,497000]",378,9583000
8,7,10,"[314,359,379,366,359,351,380,373,317,169]","[893000,1008000,1052000,1031000,1006000,1017000,1060000,1066000,914000,482000]",380,9529000
8,8,10,"[266,355,381,366,363,359,353,355,320,202]","[739000,991000,1056000,1037000,975000,1045000,984000,1028000,909000,555000]",381,9319000
8,9,10,"[311,358,378,364,359,361,379,375,316,184]","[877000,1001000,1035000,1031000,1012000,1052000,1052000,1079000,891000,527000]",379,9557000
8,10,10,"[300,381,377,379,365,360,365,375,283,174]","[836000,1043000,1032000,1074000,991000,1031000,1023000,1063000,810000,496000]",381,9399000
8,11,10,"[283,374,355,364,361,355,384,366,293,177]","[788000,1019000,989000,1044000,1006000,1025000,1077000,1048000,829000,507000]",384,9332000
8,12,10,"[307,362,380,366,363,361,347,379,324,177]","[874000,1015000,1039000,1031000,1023000,1052000,962000,1089000,922000,532000]",380,9539000
8,13,10,"[297,381,377,382,365,357,362,373,289,174]","[849000,1042000,1032000,1084000,988000,1026000,1018000,1050000,822000,496000]",382,9407000
8,14,10,"[301,381,377,380,365,357,362,373,289,174]","[852000,1039000,1032000,1079000,988000,1026000,1018000,1050000,831000,496000]",381,9411000
8,15,10,"[295,324,380,369,360,348,347,349,371,214]","[860000,924000,1060000,1047000,1008000,1020000,970000,1001000,1030000,628000]",380,9548000
8,16,10,"[286,369,336,364,364,352,384,384,324,176]","[784000,1023000,904000,1015000,1034000,1019000,1077000,1098000,897000,507000]",384,9358000
8,17,10,"[280,385,382,350,310,359,392,367,312,205]","[777000,1068000,1041000,997000,817000,1045000,1105000,1057000,871000,559000]",392,9337000
8,18,10,"[294,357,379,366,359,353,380,365,327,217]","[841000,997000,1043000,1044000,1004000,1021000,1060000,1066000,908000,605000]",380,9589000
8,19,10,"[294,386,361,383,369,351,356,355,318,178]","[828000,1055000,1034000,1085000,979000,1023000,993000,1011000,885000,491000]",386,9384000
8,20,10,"[298,383,380,377,362,358,354,358,320,176]","[832000,1052000,1035000,1062000,973000,1040000,974000,1034000,912000,511000]",383,9425000
8,21,10,"[285,377,341,367,360,354,348,350,315,197]","[798000,1044000,920000,1042000,1014000,1032000,966000,1005000,871000,553000]",377,9245000
8,22,10,"[317,359,378,396,375,358,360,388,334,195]","[904000,1010000,1035000,1081000,1008000,1028000,1017000,1107000,935000,564000]",396,9689000
8,23,10,"[294,355,379,366,359,353,386,365,322,217]","[841000,987000,1043000,1044000,1004000,1021000,1081000,1066000,889000,605000]",386,9581000
8,24,10,"[337,361,384,370,355,354,367,353,312,240]","[963000,995000,1048000,1046000,992000,1020000,1020000,1023000,861000,668000]",384,9636000
8,25,10,"[304,387,392,374,445,364,388,372,325,189]","[867000,1120000,1072000,1052000,1191000,1052000,1075000,1057000,944000,549000]",445,9979000
8,26,10,"[371,381,386,371,358,352,349,345,377,180]","[1055000,1032000,1069000,1052000,1004000,1019000,968000,1017000,1049000,519000]",386,9784000
8,27,10,"[301,385,380,373,367,360,365,378,271,184]","[854000,1074000,1044000,1061000,1010000,1030000,1024000,1056000,764000,524000]",385,9441000
8,28,10,"[309,361,378,397,366,362,366,373,316,190]","[880000,1000000,1038000,1107000,988000,1033000,1024000,1044000,884000,516000]",397,9514000
8,29,10,"[322,447,399,480,365,355,349,351,386,191]","[844000,1245000,1169000,1339000,1018000,1040000,964000,1006000,1062000,573000]",480,10260000
8,30,10,"[284,390,381,349,351,365,360,361,317,196]","[785000,1076000,1037000,997000,928000,1042000,1013000,1043000,881000,532000]",390,9334000
8,31,10,"[347,358,397,390,367,362,363,389,390,248]","[996000,1008000,1109000,1063000,998000,1045000,1012000,1085000,1071000,668000]",397,10055000
8,32,10,"[284,369,339,365,360,350,415,383,326,179]","[780000,1026000,914000,1026000,961000,1015000,1181000,1076000,909000,507000]",415,9395000
8,33,10,"[303,397,390,366,384,372,359,353,309,197]","[865000,1091000,1070000,1032000,1035000,1072000,997000,1022000,876000,596000]",397,9656000
8,34,10,"[291,383,355,373,357,358,354,356,315,209]","[809000,1037000,980000,1058000,984000,1019000,998000,1021000,882000,567000]",383,9355000
8,35,10,"[311,370,363,341,363,353,380,371,363,171]","[853000,1019000,997000,941000,1020000,1021000,1050000,1075000,953000,486000]",380,9415000
8,36,10,"[310,362,376,364,360,361,366,373,317,168]","[887000,1000000,1043000,1023000,1015000,1031000,1020000,1051000,883000,463000]",376,9416000
8,37,10,"[292,381,384,383,369,355,354,350,318,178]","[815000,1045000,1082000,1085000,981000,1031000,989000,1005000,891000,491000]",384,9415000
8,38,10,"[431,450,425,406,358,371,370,357,322,220]","[1233000,1333000,1179000,1222000,951000,1060000,1038000,1032000,909000,615000]",450,10572000
8,39,10,"[295,325,381,371,360,348,348,363,372,214]","[860000,930000,1060000,1049000,1008000,1020000,975000,1034000,1035000,628000]",381,9599000
8,40,10,"[307,362,378,364,361,349,364,379,324,177]","[874000,1015000,1035000,1031000,1019000,986000,1007000,1089000,913000,532000]",379,9501000
8,41,10,"[308,380,361,391,363,353,332,364,310,179]","[864000,1037000,1043000,1116000,972000,1027000,932000,1052000,856000,497000]",391,9396000
8,42,10,"[298,381,381,377,364,358,366,363,320,178]","[846000,1054000,1037000,1062000,974000,1040000,1026000,1011000,903000,515000]",381,9468000
8,43,10,"[341,379,359,368,363,353,349,378,370,226]","[957000,1045000,1006000,1053000,1018000,1021000,968000,1089000,1024000,662000]",379,9843000
8,44,10,"[297,383,383,385,361,356,359,382,295,179]","[827000,1040000,1047000,1092000,1025000,1021000,1004000,1080000,802000,522000]",385,9460000
8,45,10,"[302,373,363,363,377,364,363,376,318,217]","[843000,1029000,1012000,1030000,1033000,1029000,1020000,1066000,906000,623000]",377,9591000
8,46,10,"[281,372,342,362,363,361,382,370,295,177]","[778000,1019000,938000,1034000,1020000,1037000,1065000,1054000,833000,507000]",382,9285000
8,47,10,"[297,387,378,377,393,352,363,377,283,176]","[837000,1071000,1037000,1053000,1035000,1019000,1020000,1053000,795000,503000]",393,9423000
8,48,10,"[301,393,381,373,364,358,365,367,381,179]","[821000,1070000,1035000,1052000,986000,1031000,1024000,1024000,1039000,496000]",393,9578000
8,49,10,"[432,372,390,361,354,356,361,380,303,174]","[1297000,1099000,1081000,1032000,996000,1020000,1012000,1081000,840000,494000]",432,9952000
8,50,10,"[431,359,381,366,359,349,380,373,336,273]","[1274000,976000,1050000,1026000,1006000,1013000,1060000,1069000,950000,855000]",431,10279000
8,51,10,"[297,381,381,382,365,357,353,373,289,174]","[849000,1042000,1052000,1084000,985000,1026000,1000000,1050000,822000,496000]",382,9406000
8,52,10,"[335,386,372,364,355,357,356,353,314,170]","[906000,1060000,1023000,1033000,1001000,1044000,980000,1020000,881000,499000]",386,9447000
8,53,10,"[281,390,387,353,348,366,361,356,421,196]","[784000,1077000,1061000,1001000,911000,1056000,1022000,994000,1148000,532000]",421,9586000
8,54,10,"[306,418,376,408,365,347,348,407,369,229]","[863000,1212000,1049000,1183000,1035000,1009000,975000,1226000,1038000,666000]",418,10256000
8,55,10,"[302,371,342,361,354,363,361,384,301,175]","[840000,1034000,942000,1023000,999000,1031000,1016000,1086000,843000,503000]",384,9317000
8,56,10,"[304,377,376,356,359,353,347,322,362,174]","[839000,1037000,1040000,987000,1009000,1020000,964000,947000,941000,510000]",377,9294000
8,57,10,"[284,381,372,353,361,355,383,367,301,171]","[780000,1045000,1023000,1009000,1004000,1025000,1075000,1056000,856000,492000]",383,9365000
8,58,10,"[279,374,335,361,381,351,383,386,325,176]","[774000,1033000,906000,1015000,1032000,1017000,1075000,1099000,901000,507000]",386,9359000
8,59,10,"[436,354,390,359,361,353,383,378,319,304]","[1285000,1042000,1065000,1023000,1016000,1025000,1060000,1083000,879000,920000]",436,10398000
8,60,10,"[295,393,379,371,366,364,355,356,347,228]","[830000,1078000,1033000,1048000,981000,1060000,978000,1026000,1004000,655000]",393,9693000
8,61,10,"[312,382,376,376,366,358,361,375,288,201]","[939000,1111000,1030000,1061000,978000,1028000,1016000,1056000,809000,564000]",382,9592000
8,62,10,"[292,322,444,369,368,359,364,373,287,181]","[833000,932000,1253000,1039000,988000,1029000,1018000,1042000,805000,515000]",444,9454000
8,63,10,"[286,371,337,365,369,350,381,370,324,173]","[786000,1033000,923000,1035000,1050000,1015000,1065000,1067000,910000,490000]",381,9374000
8,64,10,"[326,356,381,331,359,355,381,370,303,177]","[897000,999000,1056000,972000,1006000,1028000,1062000,1060000,858000,526000]",381,9464000
8,65,10,"[297,383,383,375,340,356,346,377,312,210]","[822000,1042000,1054000,1056000,925000,1023000,962000,1081000,900000,588000]",383,9453000
8,66,10,"[295,322,365,371,361,349,361,346,378,211]","[860000,924000,1018000,1052000,1010000,1022000,1012000,979000,1035000,619000]",378,9531000
8,67,10,"[298,321,373,374,356,362,367,354,367,215]","[869000,919000,1047000,1052000,1002000,1049000,1026000,1002000,1013000,622000]",374,9601000
8,68,10,"[282,321,390,371,359,345,349,383,373,206]","[811000,905000,1086000,1051000,1002000,1005000,977000,1093000,1016000,585000]",390,9531000
8,69,10,"[287,373,337,363,363,349,383,370,308,209]","[788000,1043000,923000,1031000,1023000,1013000,1075000,1063000,870000,578000]",383,9407000
8,70,10,"[308,378,346,318,361,362,359,375,280,177]","[858000,1040000,946000,899000,974000,1036000,1012000,1057000,785000,504000]",378,9111000
8,71,10,"[286,375,377,378,369,365,443,370,298,177]","[774000,1042000,1029000,1077000,1008000,1042000,1245000,1055000,846000,496000]",443,9614000
8,72,10,"[317,357,396,409,364,360,362,378,296,206]","[974000,1026000,1117000,1158000,976000,1035000,1021000,1050000,845000,589000]",409,9791000
8,73,10,"[339,360,382,418,362,357,414,386,336,199]","[956000,1020000,1035000,1156000,976000,1026000,1157000,1117000,969000,562000]",418,9974000
8,74,10,"[311,358,378,364,359,361,345,375,316,184]","[877000,1001000,1035000,1031000,1012000,1052000,954000,1079000,891000,527000]",378,9459000
8,75,10,"[304,356,365,350,368,358,352,381,308,180]","[840000,994000,1012000,1003000,1033000,1033000,973000,1088000,861000,491000]",381,9328000
8,76,10,"[354,351,380,310,365,355,356,356,322,182]","[946000,990000,1045000,908000,973000,1033000,999000,1026000,912000,522000]",380,9354000
8,77,10,"[324,330,377,375,359,347,347,351,395,246]","[933000,952000,1054000,1043000,1006000,1005000,970000,997000,1108000,775000]",395,9843000
8,78,10,"[405,436,324,365,361,355,352,358,313,197]","[1142000,1208000,891000,1044000,1002000,1034000,971000,1037000,871000,553000]",436,9753000
8,79,10,"[296,362,421,379,366,357,362,406,400,239]","[849000,993000,1145000,1078000,984000,1035000,1021000,1155000,1084000,661000]",421,10005000
8,80,10,"[306,373,353,319,359,357,362,371,280,170]","[850000,1016000,975000,914000,970000,1026000,1012000,1042000,794000,488000]",373,9087000
8,81,10,"[302,372,378,398,363,353,353,376,320,175]","[833000,1022000,1035000,1135000,1023000,1020000,970000,1072000,919000,516000]",398,9545000
8,82,10,"[334,368,378,333,357,353,345,354,324,215]","[991000,1019000,1037000,972000,990000,1021000,960000,1038000,899000,610000]",378,9537000
8,83,10,"[319,352,343,312,358,350,347,349,331,207]","[885000,1000000,964000,900000,984000,1024000,964000,1005000,938000,582000]",358,9246000
8,84,10,"[304,362,343,310,385,357,347,349,314,205]","[841000,984000,970000,870000,1061000,1044000,964000,1007000,883000,574000]",385,9198000
8,85,10,"[324,376,379,376,369,369,364,378,310,221]","[919000,1033000,1036000,1062000,999000,1058000,1022000,1072000,863000,640000]",379,9704000
8,86,10,"[271,398,343,315,381,363,347,355,323,199]","[751000,1095000,970000,913000,1053000,1055000,964000,1040000,904000,559000]",398,9304000
8,87,10,"[351,357,380,367,361,353,345,347,371,177]","[1006000,957000,1048000,1035000,1010000,1017000,960000,1012000,1017000,498000]",380,9560000
8,88,10,"[316,359,379,366,359,351,380,373,319,172]","[907000,1008000,1052000,1031000,1006000,1017000,1060000,1066000,936000,486000]",380,9569000
8,89,10,"[266,359,377,355,336,353,349,347,314,198]","[739000,1002000,1039000,1006000,927000,1033000,971000,1006000,876000,546000]",377,9145000
8,90,10,"[305,354,383,356,332,354,379,378,322,217]","[847000,970000,1054000,1011000,936000,1032000,1050000,1081000,905000,618000]",383,9504000
8,91,10,"[300,317,377,379,408,361,366,373,289,172]","[850000,871000,1032000,1079000,1110000,1033000,1025000,1048000,837000,492000]",408,9377000
8,92,10,"[285,327,360,362,357,386,382,363,298,170]","[793000,905000,1014000,1021000,1002000,1138000,1073000,1060000,842000,467000]",386,9315000
8,93,10,"[307,362,401,364,363,361,351,335,320,177]","[874000,1009000,1111000,1035000,1023000,1055000,977000,979000,911000,532000]",401,9506000
8,94,10,"[314,383,378,379,355,359,363,377,289,174]","[886000,1051000,1034000,1070000,953000,1030000,1016000,1065000,822000,492000]",383,9419000
8,95,10,"[303,374,333,450,363,358,360,370,291,174]","[868000,1029000,926000,1261000,978000,1026000,1014000,1044000,818000,496000]",450,9460000
8,96,10,"[294,374,381,370,330,347,347,349,377,215]","[858000,1069000,1078000,1052000,918000,1015000,970000,1001000,1037000,628000]",381,9626000
8,97,10,"[284,376,362,362,352,350,383,387,327,176]","[784000,1046000,979000,1032000,983000,1024000,1075000,1104000,905000,507000]",387,9439000
8,98,10,"[283,379,379,350,293,360,390,359,308,206]","[785000,1050000,1037000,998000,780000,1047000,1094000,1030000,861000,579000]",390,9261000
8,99,10,"[291,406,379,371,327,350,380,370,329,217]","[832000,1126000,1043000,1060000,903000,1015000,1060000,1079000,909000,605000]",406,9632000
8,100,10,"[294,384,361,383,372,370,354,355,318,178]","[828000,1051000,1024000,1085000,987000,1068000,989000,1011000,885000,491000]",384,9419000
8,101,10,"[295,383,385,367,302,357,394,358,322,175]","[828000,1063000,1041000,1028000,802000,1038000,1101000,1027000,914000,498000]",394,9340000
9,1,10,"[334,393,394,333,386,393,380,335,358,299]","[972000,1106000,1097000,996000,1083000,1105000,1058000,900000,1007000,891000]",394,10215000
9,2,10,"[328,347,303,332,341,403,332,291,312,283]","[947000,978000,840000,948000,978000,1118000,964000,819000,912000,851000]",403,9355000
9,3,10,"[364,391,399,329,343,399,317,319,313,292]","[1015000,1109000,1096000,982000,958000,1121000,895000,899000,947000,879000]",399,9901000
9,4,10,"[250,384,397,336,392,374,378,354,321,357]","[755000,1082000,1108000,1020000,1094000,1038000,1054000,1028000,906000,962000]",397,10047000
9,5,10,"[347,361,290,329,400,399,373,327,301,368]","[932000,1040000,791000,945000,1133000,1189000,1051000,926000,881000,960000]",400,9848000
9,6,10,"[328,359,403,331,386,402,319,292,289,304]","[962000,1018000,1132000,983000,1075000,1116000,899000,818000,831000,891000]",403,9725000
9,7,10,"[334,344,394,400,372,402,320,294,309,292]","[961000,978000,1077000,1152000,1055000,1125000,910000,822000,898000,878000]",402,9856000
9,8,10,"[351,326,235,408,320,440,330,340,294,348]","[994000,935000,677000,1134000,946000,1275000,923000,979000,827000,956000]",440,9646000
9,9,10,"[338,382,284,352,372,445,289,291,299,332]","[919000,1091000,785000,955000,1065000,1329000,836000,817000,861000,876000]",445,9534000
9,10,10,"[337,373,345,344,342,409,346,292,319,297]","[959000,1053000,967000,1008000,945000,1148000,983000,818000,920000,876000]",409,9677000
9,11,10,"[296,356,369,387,345,369,309,355,397,366]","[832000,1010000,1051000,1112000,1017000,1088000,862000,978000,1173000,995000]",397,10118000
9,12,10,"[359,404,308,334,323,448,315,292,296,334]","[969000,1121000,853000,938000,929000,1335000,881000,814000,860000,882000]",448,9582000
9,13,10,"[336,382,288,412,327,447,289,291,300,336]","[924000,1091000,795000,1128000,935000,1339000,836000,817000,861000,905000]",447,9631000
9,14,10,"[359,357,397,395,362,397,383,333,326,293]","[1043000,992000,1088000,1135000,1036000,1111000,1067000,903000,930000,883000]",397,10188000
9,15,10,"[369,387,398,395,341,402,317,303,311,295]","[1074000,1118000,1077000,1135000,950000,1103000,895000,867000,902000,882000]",402,10003000
9,16,10,"[359,402,308,289,362,449,315,292,297,330]","[969000,1119000,853000,809000,1035000,1337000,881000,814000,860000,872000]",449,9549000
9,17,10,"[331,359,403,332,389,404,320,292,289,301]","[951000,1018000,1132000,995000,1081000,1126000,899000,818000,831000,884000]",404,9735000
9,18,10,"[338,372,417,340,342,409,320,291,322,293]","[976000,1040000,1154000,998000,945000,1133000,901000,816000,931000,869000]",417,9763000
9,19,10,"[364,366,289,327,401,404,373,326,301,364]","[983000,1044000,792000,941000,1135000,1210000,1055000,926000,884000,960000]",404,9930000
9,20,10,"[370,384,392,338,386,374,383,398,347,399]","[1037000,1081000,1090000,1012000,1072000,1047000,1063000,1117000,988000,1210000]",399,10717000
9,21,10,"[339,367,383,354,367,385,320,291,311,310]","[977000,1030000,1089000,1020000,1023000,1066000,901000,816000,903000,905000]",385,9730000
9,22,10,"[340,382,285,417,300,445,288,290,298,332]","[935000,1087000,792000,1109000,891000,1329000,839000,815000,858000,876000]",445,9531000
9,23,10,"[340,405,405,351,346,401,333,285,304,368]","[983000,1132000,1117000,1029000,949000,1118000,944000,794000,854000,965000]",405,9885000
9,24,10,"[366,422,422,341,386,390,385,349,323,415]","[1012000,1232000,1192000,1030000,1075000,1101000,1073000,945000,959000,1250000]",422,10869000
9,25,10,"[342,278,383,335,395,398,428,329,304,373]","[925000,785000,1031000,970000,1135000,1156000,1224000,946000,887000,993000]",428,10052000
9,26,10,"[248,423,403,337,381,373,330,380,309,357]","[743000,1149000,1094000,1002000,1068000,1071000,960000,1060000,876000,971000]",423,9994000
9,27,10,"[522,386,388,338,393,372,376,357,351,480]","[1515000,1098000,1076000,1015000,1083000,1036000,1052000,1029000,971000,1495000]",522,11370000
9,28,10,"[341,370,414,332,342,407,320,291,316,293]","[981000,1036000,1160000,985000,945000,1133000,901000,816000,919000,869000]",414,9745000
9,29,10,"[370,324,360,387,338,428,342,356,351,305]","[1028000,914000,1008000,1117000,994000,1227000,963000,1016000,1030000,914000]",428,10211000
9,30,10,"[357,406,306,352,305,449,313,290,295,333]","[969000,1149000,840000,969000,907000,1335000,881000,812000,860000,900000]",449,9622000
9,31,10,"[344,286,238,403,317,437,307,343,326,350]","[959000,826000,683000,1109000,940000,1271000,880000,988000,944000,953000]",437,9553000
9,32,10,"[365,385,401,408,348,481,436,355,292,384]","[964000,1094000,1090000,1153000,968000,1329000,1238000,1015000,839000,1006000]",481,10696000
9,33,10,"[371,367,390,356,399,384,320,291,323,320]","[1100000,1034000,1115000,1027000,1097000,1072000,901000,816000,922000,975000]",399,10059000
9,34,10,"[372,409,309,342,293,454,375,316,312,322]","[1027000,1174000,836000,975000,838000,1345000,1056000,877000,906000,860000]",454,9894000
9,35,10,"[354,356,393,347,353,400,382,339,330,287]","[1045000,1004000,1087000,1015000,1004000,1113000,1069000,919000,947000,869000]",400,10072000
9,36,10,"[356,284,348,380,479,404,378,319,372,374]","[956000,796000,953000,1096000,1321000,1161000,1065000,878000,1015000,1006000]",479,10247000
9,37,10,"[345,351,399,395,406,349,429,334,309,291]","[1005000,982000,1101000,1138000,1158000,988000,1233000,935000,891000,875000]",429,10306000
9,38,10,"[313,276,384,330,393,406,427,339,303,434]","[830000,775000,1024000,960000,1128000,1192000,1222000,977000,885000,1207000]",434,10200000
9,39,10,"[326,349,338,337,391,337,418,393,373,420]","[932000,988000,934000,1004000,1093000,904000,1168000,1095000,1019000,1245000]",420,10382000
9,40,10,"[372,401,390,380,335,429,331,351,299,277]","[1068000,1149000,1062000,1102000,979000,1237000,914000,989000,881000,802000]",429,10183000
9,41,10,"[332,365,381,416,300,450,284,291,323,343]","[973000,1040000,1038000,1125000,879000,1333000,829000,819000,909000,910000]",450,9855000
9,42,10,"[363,284,370,337,396,398,428,294,298,363]","[956000,787000,994000,992000,1134000,1156000,1229000,820000,874000,990000]",428,9932000
9,43,10,"[337,363,405,347,364,321,423,329,379,301]","[973000,1024000,1115000,1015000,1019000,894000,1180000,941000,1036000,891000]",423,10088000
9,44,10,"[247,381,292,347,308,449,317,294,335,341]","[727000,1078000,805000,972000,918000,1346000,891000,822000,950000,913000]",449,9422000
9,45,10,"[339,331,352,388,335,427,332,357,354,363]","[939000,943000,973000,1118000,979000,1229000,919000,1026000,1036000,991000]",427,10153000
9,46,10,"[546,352,298,332,356,413,475,345,297,428]","[1502000,1006000,815000,955000,1029000,1171000,1388000,963000,867000,1290000]",546,10986000
9,47,10,"[296,362,370,387,310,391,425,327,361,366]","[832000,1038000,1055000,1114000,929000,1127000,1220000,926000,1073000,997000]",425,10311000
9,48,10,"[392,440,307,335,324,448,313,298,300,355]","[1181000,1245000,839000,946000,928000,1335000,881000,830000,870000,1033000]",448,10088000
9,49,10,"[347,373,382,345,336,418,300,343,374,366]","[969000,1064000,1090000,1004000,981000,1157000,846000,957000,1060000,993000]",418,10121000
9,50,10,"[335,380,287,415,299,446,336,287,297,332]","[919000,1087000,797000,1106000,874000,1331000,930000,802000,861000,880000]",446,9587000
9,51,10,"[369,378,420,398,376,425,317,340,296,296]","[1077000,1086000,1165000,1141000,1070000,1202000,895000,979000,831000,875000]",425,10321000
9,52,10,"[344,381,285,409,300,446,309,301,324,250]","[937000,1085000,792000,1098000,897000,1331000,869000,848000,919000,712000]",446,9488000
9,53,10,"[358,409,308,354,334,409,316,302,389,335]","[969000,1158000,850000,984000,983000,1232000,896000,830000,1099000,903000]",409,9904000
9,54,10,"[376,343,239,407,317,482,325,340,298,346]","[1058000,978000,697000,1121000,943000,1327000,917000,979000,850000,946000]",482,9816000
9,55,10,"[401,402,344,359,371,351,430,369,376,406]","[1144000,1138000,968000,1045000,1031000,996000,1211000,1023000,1073000,1212000]",430,10841000
9,56,10,"[368,386,394,340,385,398,341,404,346,403]","[1030000,1088000,1100000,1019000,1070000,1129000,948000,1138000,987000,1210000]",404,10719000
9,57,10,"[340,383,285,402,327,458,286,288,300,333]","[938000,1093000,790000,1092000,935000,1362000,830000,802000,861000,883000]",458,9586000
9,58,10,"[330,362,402,334,370,407,322,293,289,296]","[965000,1024000,1130000,998000,1035000,1137000,901000,818000,825000,884000]",407,9717000
9,59,10,"[360,357,394,348,392,415,383,332,329,288]","[1041000,1011000,1079000,1020000,1091000,1178000,1059000,897000,930000,869000]",415,10175000
9,60,10,"[361,391,423,328,396,375,394,294,336,304]","[1046000,1114000,1192000,980000,1102000,1046000,1091000,819000,962000,938000]",423,10290000
9,61,10,"[366,377,421,332,382,407,320,291,296,299]","[1043000,1052000,1159000,992000,1077000,1131000,901000,816000,837000,876000]",421,9884000
9,62,10,"[250,384,391,337,396,374,377,356,322,357]","[752000,1082000,1070000,1025000,1093000,1038000,1054000,1032000,908000,962000]",396,10016000
9,63,10,"[378,289,381,335,396,401,424,330,308,375]","[1103000,821000,1036000,973000,1130000,1138000,1220000,946000,900000,994000]",424,10261000
9,64,10,"[455,390,280,439,404,403,383,400,348,408]","[1261000,1113000,777000,1289000,1109000,1128000,1079000,1118000,986000,1230000]",455,11090000
9,65,10,"[417,414,305,342,306,451,320,429,348,413]","[1127000,1165000,838000,950000,918000,1359000,895000,1218000,968000,1268000]",451,10706000
9,66,10,"[463,286,375,334,385,388,434,333,305,372]","[1254000,799000,992000,983000,1081000,1123000,1236000,948000,881000,983000]",463,10280000
9,67,10,"[379,351,344,330,377,393,380,383,294,343]","[1067000,995000,970000,979000,1060000,1098000,1055000,1127000,833000,929000]",393,10113000
9,68,10,"[367,326,373,388,336,427,410,340,328,291]","[1022000,915000,1056000,1116000,981000,1226000,1118000,902000,985000,882000]",427,10203000
9,69,10,"[342,378,390,335,380,402,425,318,358,373]","[942000,1074000,1080000,1006000,1032000,1152000,1220000,898000,995000,983000]",425,10382000
9,70,10,"[427,390,361,370,349,391,317,319,315,287]","[1225000,1105000,948000,1043000,970000,1086000,895000,899000,948000,866000]",427,9985000
9,71,10,"[319,369,390,359,402,405,487,380,330,298]","[930000,1030000,1071000,1002000,1148000,1184000,1371000,1016000,936000,904000]",487,10592000
9,72,10,"[366,395,393,401,343,401,320,295,329,291]","[1070000,1153000,1072000,1156000,949000,1102000,910000,824000,944000,881000]",401,10061000
9,73,10,"[242,392,358,370,319,454,315,296,340,345]","[713000,1113000,969000,1012000,917000,1364000,881000,826000,979000,923000]",454,9697000
9,74,10,"[376,362,406,331,387,403,357,338,287,302]","[1041000,1022000,1141000,990000,1081000,1129000,992000,913000,825000,888000]",406,10022000
9,75,10,"[341,362,383,354,368,319,425,291,308,306]","[987000,1024000,1085000,1020000,1019000,879000,1225000,816000,919000,921000]",425,9895000
9,76,10,"[390,387,285,306,399,398,444,344,302,353]","[1052000,1083000,834000,967000,1161000,1155000,1254000,945000,862000,1022000]",444,10335000
9,77,10,"[340,332,236,365,340,396,336,379,334,285]","[939000,954000,675000,1014000,978000,1109000,950000,1028000,917000,819000]",396,9383000
9,78,10,"[396,388,384,400,362,391,377,312,324,289]","[1155000,1107000,1058000,1145000,1036000,1106000,1062000,873000,897000,870000]",400,10309000
9,79,10,"[356,352,391,399,363,367,333,285,312,330]","[1030000,988000,1078000,1143000,1036000,1046000,967000,798000,896000,879000]",399,9861000
9,80,10,"[370,407,291,353,299,454,345,327,366,271]","[1025000,1177000,807000,975000,892000,1343000,968000,911000,995000,766000]",454,9859000
9,81,10,"[343,393,286,415,395,402,345,347,292,288]","[931000,1131000,800000,1109000,1124000,1136000,995000,931000,837000,860000]",415,9854000
9,82,10,"[435,368,385,348,304,455,317,292,326,377]","[1318000,1057000,1080000,958000,904000,1339000,887000,818000,929000,1161000]",455,10451000
9,83,10,"[341,316,382,352,343,388,276,316,378,365]","[943000,896000,1064000,1009000,951000,1089000,784000,907000,1077000,1017000]",388,9737000
9,84,10,"[366,1733,381,387,536,2041,394,381,494,432]","[977000,3802000,1071000,1112000,1487000,4390000,1097000,995000,1253000,1213000]",2041,17397000
9,85,10,"[387,290,369,330,394,413,428,403,286,425]","[1054000,813000,979000,960000,1130000,1197000,1230000,1156000,803000,1289000]",428,10611000
9,86,10,"[362,393,274,335,407,451,320,282,296,333]","[977000,1090000,770000,970000,1157000,1349000,904000,775000,865000,883000]",451,9740000
9,87,10,"[332,413,336,334,384,409,322,292,290,288]","[965000,1179000,922000,1004000,1079000,1136000,901000,818000,836000,868000]",413,9708000
9,88,10,"[356,389,450,329,386,399,381,303,321,294]","[1038000,1096000,1263000,979000,1089000,1117000,1072000,835000,901000,885000]",450,10275000
9,89,10,"[365,359,381,403,370,399,402,327,335,287]","[1057000,1016000,1044000,1154000,1059000,1124000,1122000,890000,935000,869000]",403,10270000
9,90,10,"[398,335,426,454,337,430,326,351,362,388]","[1159000,957000,1204000,1322000,983000,1214000,907000,1003000,1059000,1041000]",454,10849000
9,91,10,"[362,400,305,348,314,447,315,291,311,307]","[991000,1119000,838000,962000,908000,1333000,881000,812000,937000,886000]",447,9667000
9,92,10,"[338,389,380,483,365,424,328,376,320,298]","[925000,1126000,1016000,1383000,978000,1173000,943000,1067000,924000,886000]",483,10421000
9,93,10,"[399,384,300,330,319,451,314,298,308,363]","[1184000,1100000,825000,943000,916000,1338000,881000,824000,899000,1131000]",451,10041000
9,94,10,"[336,406,397,325,391,394,380,323,352,293]","[987000,1126000,1111000,980000,1100000,1111000,1052000,883000,984000,880000]",406,10214000
9,95,10,"[328,346,287,332,342,403,332,290,309,284]","[947000,976000,796000,948000,983000,1115000,964000,817000,904000,851000]",403,9301000
9,96,10,"[317,392,389,332,343,395,320,316,336,284]","[879000,1108000,1072000,1000000,949000,1118000,902000,896000,1008000,853000]",395,9785000
9,97,10,"[269,384,402,332,391,306,378,353,328,359]","[802000,1082000,1115000,994000,1094000,881000,1054000,1023000,919000,966000]",402,9930000
9,98,10,"[340,361,288,328,401,399,334,331,301,365]","[922000,1043000,794000,947000,1135000,1189000,977000,932000,876000,970000]",401,9785000
9,99,10,"[331,374,396,333,395,404,321,295,289,299]","[957000,1072000,1096000,985000,1101000,1124000,903000,824000,821000,884000]",404,9767000
9,100,10,"[333,346,395,398,372,380,320,294,318,289]","[961000,986000,1091000,1148000,1058000,1087000,910000,822000,922000,874000]",398,9859000
9,101,10,"[344,291,235,427,320,443,329,342,332,354]","[964000,823000,677000,1217000,955000,1279000,917000,979000,951000,986000]",443,9748000
9,102,10,"[337,382,308,349,366,445,285,266,298,331]","[923000,1091000,852000,957000,1048000,1329000,821000,739000,858000,874000]",445,9492000
9,103,10,"[349,369,342,345,342,408,348,292,303,292]","[1014000,1034000,968000,1010000,945000,1147000,987000,818000,891000,864000]",408,9678000
9,104,10,"[296,352,371,387,343,370,307,355,397,366]","[832000,1000000,1055000,1127000,1013000,1097000,855000,972000,1173000,995000]",397,10119000
9,105,10,"[358,403,315,334,318,490,436,291,295,333]","[974000,1123000,871000,938000,918000,1373000,1182000,812000,860000,880000]",490,9931000
9,106,10,"[338,384,284,400,334,447,289,291,299,331]","[919000,1095000,783000,1080000,961000,1329000,836000,817000,861000,870000]",447,9551000
9,107,10,"[359,356,398,395,371,397,383,333,325,292]","[1043000,992000,1090000,1135000,1061000,1111000,1067000,903000,928000,881000]",398,10211000
9,108,10,"[360,387,394,399,343,401,319,303,274,327]","[1062000,1111000,1070000,1143000,950000,1096000,905000,867000,797000,980000]",401,9981000
9,109,10,"[343,401,311,288,363,448,358,291,294,326]","[925000,1119000,868000,807000,1039000,1335000,995000,819000,855000,867000]",448,9629000
9,110,10,"[336,364,404,332,382,408,320,292,282,296]","[959000,1034000,1134000,995000,1075000,1124000,905000,818000,808000,876000]",408,9728000
9,111,10,"[328,373,405,344,342,413,320,291,323,302]","[962000,1040000,1124000,1006000,945000,1155000,901000,816000,934000,878000]",413,9761000
9,112,10,"[366,369,290,328,394,407,372,331,298,368]","[984000,1046000,791000,947000,1136000,1208000,1056000,950000,875000,972000]",407,9965000
9,113,10,"[368,384,397,338,386,374,387,394,343,403]","[1059000,1081000,1103000,1012000,1070000,1045000,1065000,1097000,980000,1212000]",403,10724000
10,1,10,"[300,318,329,396,329,386,386,395,243,251]","[840000,911000,901000,1113000,913000,1102000,1068000,1189000,708000,724000]",396,9469000
10,2,10,"[191,323,332,396,329,390,384,401,243,251]","[550000,921000,910000,1113000,913000,1108000,1068000,1199000,708000,724000]",401,9214000
10,3,10,"[278,338,330,384,348,379,370,359,339,305]","[784000,959000,918000,1053000,954000,1079000,1016000,1086000,972000,866000]",384,9687000
10,4,10,"[353,322,333,396,331,388,391,398,285,261]","[966000,919000,901000,1113000,920000,1106000,1087000,1216000,804000,726000]",398,9758000
10,5,10,"[298,368,328,396,333,389,389,384,321,251]","[813000,1053000,914000,1113000,936000,1104000,1068000,1146000,930000,724000]",396,9801000
10,6,10,"[304,320,333,398,329,392,386,401,243,251]","[875000,915000,912000,1113000,913000,1113000,1072000,1201000,708000,724000]",401,9546000
10,7,10,"[188,362,314,408,332,384,386,399,242,251]","[544000,1008000,872000,1167000,931000,1098000,1068000,1218000,696000,724000]",408,9326000
10,8,10,"[209,336,327,396,330,386,386,413,241,255]","[587000,959000,918000,1113000,918000,1102000,1071000,1255000,656000,675000]",413,9254000
10,9,10,"[307,328,327,395,329,386,359,400,280,277]","[858000,943000,891000,1114000,913000,1102000,1013000,1218000,774000,734000]",400,9560000
10,10,10,"[191,370,317,407,344,414,384,402,243,252]","[550000,1030000,881000,1150000,976000,1176000,1068000,1203000,705000,723000]",414,9462000
10,11,10,"[303,316,328,397,329,387,390,402,278,258]","[858000,912000,891000,1111000,913000,1104000,1077000,1233000,774000,681000]",402,9554000
10,12,10,"[186,384,330,403,333,410,382,417,241,284]","[537000,1069000,924000,1112000,924000,1140000,1064000,1258000,656000,739000]",417,9423000
10,13,10,"[376,325,275,398,333,385,386,400,285,261]","[1034000,935000,772000,1123000,924000,1103000,1078000,1220000,804000,727000]",400,9720000
10,14,10,"[353,333,324,394,329,389,389,399,283,261]","[967000,946000,885000,1109000,913000,1114000,1085000,1218000,794000,729000]",399,9760000
10,15,10,"[378,354,316,398,369,387,388,351,356,284]","[1021000,995000,876000,1117000,1027000,1100000,1068000,1074000,1051000,799000]",398,10128000
10,16,10,"[274,307,323,411,342,419,387,402,247,195]","[755000,858000,898000,1170000,975000,1186000,1072000,1203000,709000,579000]",419,9405000
10,17,10,"[244,360,311,408,349,382,365,404,279,256]","[688000,1059000,850000,1156000,958000,1094000,1007000,1237000,786000,679000]",408,9514000
10,18,10,"[289,344,311,400,334,383,398,413,235,263]","[809000,983000,854000,1130000,924000,1096000,1122000,1249000,650000,691000]",413,9508000
10,19,10,"[301,339,328,399,334,389,387,400,322,251]","[819000,971000,914000,1128000,941000,1104000,1068000,1199000,941000,724000]",400,9809000
10,20,10,"[203,412,319,404,367,385,388,415,238,288]","[567000,1119000,882000,1141000,995000,1093000,1085000,1256000,656000,763000]",415,9557000
10,21,10,"[302,335,318,405,360,422,417,406,326,260]","[824000,948000,892000,1130000,924000,1169000,1144000,1224000,961000,756000]",422,9972000
10,22,10,"[310,337,341,366,338,419,423,415,337,288]","[901000,957000,973000,1009000,905000,1169000,1164000,1253000,971000,806000]",423,10108000
10,23,10,"[204,360,331,394,328,459,391,398,243,286]","[572000,1023000,914000,1112000,901000,1208000,1085000,1207000,656000,759000]",459,9437000
10,24,10,"[217,367,322,396,316,408,368,398,248,256]","[638000,1052000,890000,1111000,869000,1119000,1017000,1216000,712000,675000]",408,9299000
10,25,10,"[263,323,332,396,329,387,390,402,283,260]","[741000,933000,907000,1113000,916000,1104000,1089000,1233000,794000,723000]",402,9553000
10,26,10,"[346,339,328,399,329,390,388,401,285,259]","[944000,954000,889000,1119000,916000,1110000,1082000,1222000,804000,686000]",401,9726000
10,27,10,"[353,338,325,394,329,392,390,403,297,261]","[967000,952000,890000,1109000,913000,1120000,1085000,1173000,843000,729000]",403,9781000
10,28,10,"[283,319,331,400,330,389,395,413,239,260]","[836000,930000,900000,1130000,921000,1108000,1098000,1252000,656000,683000]",413,9514000
10,29,10,"[274,307,326,415,342,418,386,414,247,195]","[755000,858000,913000,1178000,975000,1187000,1072000,1225000,709000,579000]",418,9451000
10,30,10,"[183,357,326,406,329,439,384,415,237,291]","[522000,986000,900000,1107000,911000,1232000,1074000,1251000,654000,755000]",439,9392000
10,31,10,"[263,319,330,396,330,389,376,406,243,251]","[741000,911000,900000,1113000,915000,1108000,1040000,1219000,708000,724000]",406,9379000
10,32,10,"[290,345,311,401,334,383,398,413,251,263]","[809000,985000,854000,1132000,924000,1096000,1119000,1249000,706000,691000]",413,9565000
10,33,10,"[304,326,336,398,332,385,417,410,272,265]","[849000,945000,915000,1113000,931000,1100000,1170000,1231000,766000,708000]",417,9728000
10,34,10,"[191,370,317,408,344,385,384,402,243,252]","[550000,1030000,881000,1170000,976000,1100000,1068000,1203000,705000,723000]",408,9406000
10,35,10,"[374,345,317,413,333,392,386,401,243,304]","[1186000,1010000,882000,1183000,930000,1113000,1070000,1201000,699000,958000]",413,10232000
10,36,10,"[353,338,324,394,331,391,389,396,299,261]","[967000,965000,885000,1109000,916000,1121000,1085000,1182000,848000,729000]",396,9807000
10,37,10,"[231,321,329,393,329,386,377,403,280,256]","[669000,931000,905000,1107000,913000,1102000,1038000,1231000,788000,677000]",403,9361000
10,38,10,"[340,348,325,398,347,384,398,402,295,290]","[957000,1007000,914000,1126000,960000,1098000,1120000,1233000,819000,751000]",402,9985000
10,39,10,"[375,335,319,397,319,392,357,447,338,247]","[1029000,958000,893000,1121000,872000,1120000,984000,1349000,973000,685000]",447,9984000
10,40,10,"[268,343,302,409,330,387,398,415,239,259]","[767000,975000,853000,1151000,911000,1110000,1124000,1251000,657000,690000]",415,9489000
10,41,10,"[205,404,327,398,295,382,394,414,384,211]","[571000,1068000,906000,1114000,800000,1091000,1106000,1260000,1066000,580000]",414,9562000
10,42,10,"[290,343,311,400,334,383,387,413,241,262]","[810000,971000,854000,1130000,924000,1096000,1086000,1249000,661000,687000]",413,9468000
10,43,10,"[311,335,341,371,329,419,425,367,350,328]","[904000,960000,962000,1027000,883000,1169000,1168000,1106000,1008000,949000]",425,10136000
10,44,10,"[284,317,330,406,329,389,394,400,280,266]","[826000,906000,901000,1135000,916000,1108000,1083000,1220000,788000,707000]",406,9590000
10,45,10,"[289,346,310,402,339,414,347,450,335,162]","[809000,992000,859000,1137000,943000,1147000,959000,1351000,982000,443000]",450,9622000
10,46,10,"[303,316,328,397,329,387,390,402,232,258]","[858000,912000,891000,1111000,913000,1104000,1077000,1233000,644000,681000]",402,9424000
10,47,10,"[227,383,326,402,329,384,386,412,237,259]","[640000,1076000,898000,1110000,916000,1098000,1072000,1250000,654000,683000]",412,9397000
10,48,10,"[283,346,312,397,335,381,397,401,290,273]","[797000,989000,855000,1122000,926000,1092000,1098000,1231000,814000,721000]",401,9645000
10,49,10,"[350,365,320,400,345,387,390,402,294,289]","[986000,1096000,902000,1123000,960000,1113000,1086000,1222000,818000,836000]",402,10142000
10,50,10,"[317,395,349,407,336,417,388,400,245,242]","[908000,1116000,949000,1150000,960000,1180000,1072000,1199000,705000,717000]",417,9956000
10,51,10,"[191,301,329,396,330,420,386,401,243,251]","[550000,865000,895000,1113000,918000,1188000,1072000,1204000,708000,724000]",420,9237000
10,52,10,"[275,345,304,404,332,434,410,415,241,262]","[775000,983000,853000,1126000,919000,1222000,1147000,1253000,661000,702000]",434,9641000
10,53,10,"[342,361,326,404,351,384,388,409,244,253]","[963000,1064000,921000,1141000,968000,1098000,1083000,1215000,711000,728000]",409,9892000
10,54,10,"[289,340,311,411,355,386,390,416,237,259]","[809000,971000,858000,1162000,971000,1096000,1086000,1255000,654000,683000]",416,9545000
10,55,10,"[187,383,331,404,329,416,387,413,245,259]","[537000,1076000,920000,1111000,916000,1180000,1070000,1250000,666000,683000]",416,9409000
10,56,10,"[356,339,327,399,328,385,387,394,246,280]","[978000,976000,890000,1118000,911000,1100000,1074000,1157000,710000,812000]",399,9726000
10,57,10,"[351,350,320,394,329,387,393,399,309,267]","[952000,979000,889000,1109000,916000,1102000,1110000,1218000,861000,739000]",399,9875000
10,58,10,"[372,339,346,398,320,399,387,448,273,348]","[1008000,983000,954000,1117000,876000,1136000,1046000,1355000,774000,939000]",448,10188000
10,59,10,"[399,359,324,401,329,402,384,462,359,287]","[1130000,1046000,909000,1119000,903000,1132000,1026000,1395000,1072000,832000]",462,10564000
10,60,10,"[329,365,310,402,335,386,386,400,287,264]","[905000,1029000,860000,1122000,928000,1098000,1070000,1226000,804000,705000]",402,9747000
10,61,10,"[277,322,317,411,344,414,384,408,257,305]","[776000,979000,878000,1167000,989000,1176000,1068000,1233000,723000,820000]",414,9809000
10,62,10,"[176,339,325,397,331,395,390,403,250,289]","[517000,972000,917000,1115000,920000,1120000,1085000,1208000,704000,767000]",403,9325000
10,63,10,"[246,384,330,403,333,410,382,417,241,284]","[693000,1069000,924000,1112000,924000,1140000,1064000,1258000,656000,739000]",417,9579000
10,64,10,"[303,337,333,399,331,393,386,401,322,295]","[821000,967000,930000,1128000,920000,1113000,1068000,1201000,920000,875000]",401,9943000
10,65,10,"[300,318,331,396,331,390,384,391,242,251]","[840000,911000,899000,1113000,913000,1117000,1068000,1184000,701000,724000]",396,9470000
10,66,10,"[191,323,332,360,353,387,386,404,243,251]","[550000,921000,910000,1020000,988000,1104000,1068000,1205000,708000,724000]",404,9198000
10,67,10,"[287,339,337,376,349,377,359,360,347,306]","[814000,972000,941000,1044000,957000,1075000,998000,1092000,993000,877000]",377,9763000
10,68,10,"[354,317,328,397,329,387,390,399,285,247]","[985000,909000,893000,1118000,913000,1104000,1079000,1218000,804000,689000]",399,9712000
10,69,10,"[298,371,327,360,333,427,386,395,321,251]","[813000,1058000,912000,1020000,936000,1201000,1068000,1175000,930000,724000]",427,9837000
10,70,10,"[303,327,313,397,334,388,392,403,243,251]","[870000,940000,865000,1113000,917000,1106000,1086000,1205000,708000,724000]",403,9534000
10,71,10,"[181,362,314,408,332,384,386,399,235,254]","[533000,1008000,872000,1167000,931000,1098000,1068000,1218000,671000,724000]",408,9290000
10,72,10,"[208,337,319,398,337,387,387,432,236,257]","[587000,963000,893000,1117000,951000,1104000,1071000,1294000,655000,675000]",432,9310000
10,73,10,"[307,327,322,396,346,389,360,405,278,275]","[858000,941000,881000,1116000,956000,1114000,1000000,1239000,774000,734000]",405,9613000
10,74,10,"[188,367,323,410,342,416,387,403,276,252]","[544000,1023000,901000,1156000,969000,1180000,1072000,1208000,795000,723000]",416,9571000
10,75,10,"[303,316,328,362,357,387,390,403,278,258]","[858000,912000,900000,1018000,1004000,1104000,1077000,1233000,774000,681000]",403,9561000
10,76,10,"[187,337,352,407,337,403,385,418,243,286]","[539000,957000,980000,1119000,925000,1130000,1074000,1271000,660000,743000]",418,9398000
10,77,10,"[373,341,275,397,334,385,388,399,283,257]","[1026000,969000,772000,1118000,929000,1103000,1082000,1218000,789000,703000]",399,9709000
10,78,10,"[355,335,328,396,297,386,390,401,283,282]","[980000,940000,891000,1113000,843000,1102000,1081000,1218000,794000,804000]",401,9766000
10,79,10,"[375,349,315,396,369,411,386,355,354,284]","[1013000,987000,876000,1113000,1029000,1149000,1068000,1078000,1047000,802000]",411,10162000
10,80,10,"[270,309,318,412,342,427,391,403,247,196]","[738000,863000,882000,1172000,969000,1202000,1079000,1205000,715000,584000]",427,9409000
10,81,10,"[229,362,311,404,346,382,396,403,282,256]","[653000,1057000,855000,1141000,953000,1094000,1089000,1225000,798000,679000]",404,9544000
10,82,10,"[289,344,324,402,331,407,403,419,237,259]","[809000,992000,883000,1134000,926000,1156000,1144000,1257000,654000,683000]",419,9638000
10,83,10,"[301,341,267,399,335,389,387,400,365,251]","[819000,975000,740000,1128000,940000,1104000,1068000,1199000,1081000,724000]",400,9778000
10,84,10,"[203,411,323,404,367,384,360,412,260,290]","[571000,1123000,899000,1141000,995000,1091000,1008000,1250000,713000,769000]",412,9560000
11,1,10,"[342,369,379,306,291,343,356,345,205,229]","[969000,1048000,1083000,859000,827000,962000,979000,942000,581000,695000]",379,8945000
11,2,10,"[377,356,358,311,332,349,370,375,162,222]","[1075000,999000,987000,879000,892000,979000,996000,1078000,449000,673000]",377,9007000
11,3,10,"[293,332,372,323,325,308,387,381,157,208]","[855000,956000,1053000,911000,913000,862000,1101000,1056000,427000,611000]",387,8745000
11,4,10,"[270,372,364,310,356,360,372,357,166,267]","[794000,1086000,979000,881000,984000,1059000,1029000,987000,454000,855000]",372,9108000
11,5,10,"[330,365,358,303,318,286,345,392,162,281]","[931000,1047000,976000,862000,890000,797000,971000,1048000,435000,792000]",392,8749000
11,6,10,"[345,369,376,306,347,344,379,351,205,230]","[990000,1054000,1071000,862000,960000,964000,1049000,945000,581000,706000]",379,9182000
11,7,10,"[308,375,377,345,360,368,369,328,202,238]","[876000,1095000,1039000,971000,1017000,1031000,1017000,887000,577000,729000]",377,9239000
11,8,10,"[351,368,384,301,314,348,357,344,208,229]","[1010000,1062000,1074000,842000,866000,981000,981000,940000,587000,703000]",384,9046000
11,9,10,"[272,361,362,306,350,282,386,388,170,295]","[776000,1052000,968000,870000,991000,802000,1028000,1041000,481000,842000]",388,8851000
11,10,10,"[328,375,378,341,361,362,369,326,201,238]","[941000,1095000,1037000,963000,1017000,1005000,1017000,883000,577000,729000]",378,9264000
11,11,10,"[292,329,384,348,324,296,394,380,159,215]","[853000,937000,1083000,972000,920000,832000,1120000,1055000,444000,636000]",394,8852000
11,12,10,"[286,383,349,309,345,335,395,285,213,255]","[824000,1122000,949000,868000,981000,933000,1081000,780000,590000,723000]",395,8851000
11,13,10,"[344,378,340,320,350,328,389,295,176,227]","[994000,1063000,939000,892000,992000,925000,1067000,794000,505000,688000]",389,8859000
11,14,10,"[287,336,384,348,324,305,388,387,158,220]","[834000,970000,1076000,981000,905000,862000,1104000,1059000,435000,653000]",388,8879000
11,15,10,"[384,384,377,369,349,355,303,352,157,222]","[1084000,1067000,1053000,1017000,980000,989000,814000,1017000,430000,696000]",384,9147000
11,16,10,"[288,401,316,314,330,287,354,417,163,281]","[790000,1147000,863000,882000,936000,821000,1002000,1148000,448000,799000]",417,8836000
11,17,10,"[275,380,362,303,346,267,386,390,170,298]","[801000,1100000,966000,864000,983000,767000,1028000,1056000,481000,847000]",390,8893000
11,18,10,"[384,384,377,346,355,351,353,352,157,222]","[1084000,1067000,1053000,950000,988000,981000,935000,1017000,430000,696000]",384,9201000
11,19,10,"[313,388,389,315,307,345,379,357,162,228]","[947000,1096000,1117000,860000,886000,948000,1056000,1020000,433000,686000]",389,9049000
11,20,10,"[335,381,378,351,361,346,367,330,201,238]","[949000,1110000,1041000,986000,1003000,966000,1012000,889000,577000,749000]",381,9282000
11,21,10,"[286,469,350,283,342,289,405,303,162,280]","[785000,1288000,967000,787000,990000,798000,1157000,845000,444000,800000]",469,8861000
11,22,10,"[356,384,378,344,384,301,367,389,164,224]","[1002000,1089000,1063000,950000,1043000,842000,1011000,1111000,464000,696000]",389,9271000
11,23,10,"[366,435,356,335,353,349,410,304,183,267]","[1101000,1265000,992000,921000,996000,978000,1125000,824000,505000,838000]",435,9545000
11,24,10,"[376,369,393,317,293,298,411,350,163,233]","[1059000,1041000,1125000,868000,835000,826000,1128000,997000,431000,734000]",411,9044000
11,25,10,"[376,403,382,340,353,380,401,437,330,252]","[1087000,1130000,1076000,937000,969000,1040000,1081000,1214000,882000,834000]",437,10250000
11,26,10,"[297,379,383,386,332,314,344,392,158,289]","[858000,1097000,1054000,1082000,939000,834000,970000,1048000,440000,845000]",392,9167000
11,27,10,"[354,367,381,301,312,358,380,355,191,229]","[1021000,1061000,1074000,842000,856000,998000,1057000,978000,539000,706000]",381,9132000
11,28,10,"[348,376,343,396,431,341,393,294,177,227]","[1005000,1096000,958000,1096000,1231000,965000,1077000,810000,496000,682000]",431,9416000
11,29,10,"[324,323,381,331,346,355,378,351,166,255]","[915000,894000,1066000,944000,961000,1043000,1059000,963000,456000,786000]",381,9087000
11,30,10,"[313,394,377,351,366,370,394,378,315,227]","[956000,1140000,1074000,992000,1093000,1041000,1124000,1050000,915000,686000]",394,10071000
11,31,10,"[274,365,353,310,350,356,384,286,205,255]","[797000,1065000,954000,866000,997000,1017000,1055000,791000,559000,723000]",384,8824000
11,32,10,"[346,373,366,307,354,366,371,355,167,224]","[1004000,1063000,976000,872000,984000,1077000,1025000,983000,455000,667000]",373,9106000
11,33,10,"[283,506,350,281,347,354,359,327,241,278]","[770000,1406000,960000,790000,1009000,990000,981000,885000,680000,790000]",506,9261000
11,34,10,"[283,499,353,281,332,347,377,330,339,276]","[770000,1400000,970000,790000,977000,976000,1048000,890000,964000,784000]",499,9569000
11,35,10,"[336,378,370,307,348,325,386,293,202,254]","[957000,1093000,1003000,871000,996000,906000,1067000,797000,556000,709000]",386,8955000
11,36,10,"[274,382,353,307,356,363,367,385,364,260]","[788000,1099000,955000,874000,1015000,1074000,994000,1107000,1051000,729000]",385,9686000
11,37,10,"[348,388,429,396,337,331,371,399,371,283]","[1052000,1096000,1197000,1110000,950000,910000,1007000,1095000,1081000,914000]",429,10412000
11,38,10,"[376,362,345,308,416,395,361,394,166,226]","[1056000,1042000,951000,874000,1160000,1100000,1010000,1139000,449000,696000]",416,9477000
11,39,10,"[403,392,376,349,320,325,350,375,253,223]","[1114000,1108000,1073000,959000,918000,930000,929000,1105000,727000,701000]",403,9564000
11,40,10,"[358,383,373,312,330,378,361,347,208,228]","[1048000,1080000,1049000,878000,901000,1071000,993000,947000,583000,703000]",383,9253000
11,41,10,"[293,384,378,342,361,363,370,328,201,216]","[873000,1120000,1040000,961000,1012000,1011000,1017000,899000,577000,666000]",384,9176000
11,42,10,"[338,369,376,310,309,296,356,347,203,227]","[970000,1048000,1071000,894000,902000,814000,979000,943000,581000,691000]",376,8893000
11,43,10,"[335,366,385,349,364,345,374,316,318,248]","[959000,1063000,1065000,975000,1018000,966000,1014000,886000,872000,796000]",385,9614000
11,44,10,"[352,380,387,348,356,355,360,326,202,235]","[980000,1116000,1059000,975000,1000000,987000,990000,883000,579000,734000]",387,9303000
11,45,10,"[318,401,410,301,287,345,357,343,211,255]","[975000,1166000,1134000,842000,816000,966000,984000,917000,593000,761000]",410,9154000
11,46,10,"[287,487,363,288,353,355,381,371,360,284]","[778000,1367000,991000,804000,1012000,1046000,1010000,1036000,1041000,796000]",487,9881000
11,47,10,"[325,373,383,335,318,349,364,383,161,221]","[951000,1061000,1067000,932000,906000,977000,993000,1072000,454000,691000]",383,9104000
11,48,10,"[363,416,373,355,318,344,385,296,202,250]","[1072000,1176000,1047000,1010000,940000,960000,1060000,814000,553000,701000]",416,9333000
11,49,10,"[319,400,373,307,348,328,393,289,206,251]","[910000,1185000,1005000,872000,993000,927000,1084000,789000,576000,706000]",400,9047000
11,50,10,"[327,401,378,342,357,356,361,329,209,259]","[992000,1196000,1042000,965000,1005000,984000,990000,885000,591000,776000]",401,9426000
11,51,10,"[387,425,384,349,365,347,374,315,336,254]","[1109000,1193000,1053000,977000,1030000,970000,1025000,887000,959000,818000]",425,10021000
11,52,10,"[312,387,396,318,346,342,385,355,162,228]","[951000,1094000,1131000,877000,989000,923000,1063000,1007000,433000,678000]",396,9146000
11,53,10,"[354,390,370,357,310,344,430,305,213,316]","[1011000,1149000,1049000,1010000,852000,964000,1234000,842000,588000,976000]",430,9675000
11,54,10,"[345,387,413,347,364,355,367,360,329,228]","[981000,1114000,1126000,972000,1019000,982000,1015000,981000,968000,708000]",413,9866000
11,55,10,"[287,381,385,342,354,357,368,368,194,244]","[854000,1097000,1069000,975000,990000,982000,1017000,1061000,536000,725000]",385,9306000
11,56,10,"[291,335,342,303,348,331,391,371,357,210]","[840000,948000,931000,864000,986000,923000,1081000,1065000,958000,633000]",391,9229000
11,57,10,"[288,466,344,335,344,301,406,298,171,274]","[789000,1286000,919000,945000,995000,826000,1160000,833000,495000,767000]",466,9015000
11,58,10,"[253,384,354,302,353,351,360,389,169,209]","[721000,1110000,955000,862000,1018000,1035000,982000,1130000,463000,619000]",389,8895000
11,59,10,"[304,393,347,305,328,332,383,291,204,251]","[854000,1148000,976000,868000,887000,912000,1057000,803000,557000,697000]",393,8759000
11,60,10,"[344,393,375,298,289,345,374,361,156,276]","[1032000,1114000,1062000,813000,831000,972000,1029000,1027000,425000,906000]",393,9211000
11,61,10,"[290,336,368,359,355,353,367,303,330,227]","[839000,949000,1008000,1018000,1035000,988000,1017000,857000,875000,677000]",368,9263000
11,62,10,"[324,389,382,343,356,358,358,353,154,225]","[930000,1097000,1076000,944000,1009000,1011000,967000,999000,425000,711000]",389,9169000
11,63,10,"[380,383,381,342,353,364,384,395,162,224]","[1072000,1061000,1061000,942000,990000,1018000,1015000,1125000,460000,693000]",395,9437000
11,64,10,"[330,365,358,303,318,286,345,392,162,297]","[931000,1047000,976000,862000,890000,797000,971000,1048000,435000,840000]",392,8797000
11,65,10,"[329,411,349,350,365,344,367,345,208,226]","[933000,1173000,977000,982000,1026000,990000,1016000,948000,597000,698000]",411,9340000
11,66,10,"[321,389,379,333,326,312,392,391,170,238]","[910000,1127000,1053000,927000,920000,877000,1120000,1080000,479000,704000]",392,9197000
11,67,10,"[420,456,408,342,359,361,363,384,345,225]","[1263000,1372000,1116000,963000,1006000,1003000,1008000,1081000,1021000,676000]",456,10509000
11,68,10,"[457,359,354,305,326,339,367,381,164,357]","[1315000,1001000,981000,864000,892000,937000,987000,1083000,449000,1107000]",457,9616000
11,69,10,"[394,366,351,307,326,340,364,377,163,229]","[1147000,1055000,981000,868000,892000,947000,984000,1082000,448000,713000]",394,9117000
11,70,10,"[341,363,376,302,337,347,433,385,165,269]","[1000000,1034000,1064000,842000,956000,962000,1202000,1057000,449000,826000]",433,9392000
11,71,10,"[310,367,352,303,320,286,344,393,162,281]","[899000,1057000,965000,862000,897000,797000,966000,1050000,435000,792000]",393,8720000
11,72,10,"[264,374,363,311,355,360,370,389,362,343]","[783000,1090000,973000,881000,983000,1054000,1025000,1096000,1036000,1109000]",389,10030000
11,73,10,"[342,392,377,304,350,375,394,291,201,251]","[994000,1113000,1011000,867000,991000,1061000,1080000,799000,551000,706000]",394,9173000
11,74,10,"[372,371,373,316,311,288,313,375,255,218]","[1061000,1067000,1052000,881000,880000,804000,871000,1105000,728000,670000]",375,9119000
11,75,10,"[306,383,378,343,360,371,368,388,186,232]","[876000,1098000,1039000,971000,1015000,1041000,1012000,1105000,526000,714000]",388,9397000
11,76,10,"[340,369,379,306,291,350,358,345,203,229]","[980000,1048000,1083000,859000,827000,976000,983000,942000,581000,698000]",379,8977000
11,77,10,"[377,307,358,333,332,349,370,375,162,222]","[1075000,880000,987000,947000,892000,979000,996000,1078000,449000,673000]",377,8956000
11,78,10,"[295,331,373,336,324,304,387,381,164,208]","[862000,950000,1067000,963000,912000,842000,1101000,1047000,469000,629000]",387,8842000
11,79,10,"[270,372,364,310,356,360,372,357,159,267]","[794000,1086000,979000,881000,984000,1059000,1029000,987000,434000,855000]",372,9088000
11,80,10,"[356,372,351,307,307,283,347,344,162,279]","[1003000,1066000,959000,868000,863000,787000,972000,945000,435000,792000]",372,8690000
11,81,10,"[344,375,374,307,347,343,369,347,211,226]","[981000,1086000,1061000,864000,964000,962000,1010000,936000,600000,693000]",375,9157000
11,82,10,"[310,376,379,341,360,368,318,332,201,265]","[888000,1097000,1041000,963000,1020000,1031000,894000,899000,577000,822000]",379,9232000
11,83,10,"[351,368,382,301,313,347,361,342,208,229]","[1010000,1062000,1061000,842000,858000,976000,998000,936000,587000,703000]",382,9033000
11,84,10,"[272,363,355,306,348,284,391,389,174,295]","[776000,1056000,955000,870000,987000,808000,1029000,1054000,496000,842000]",391,8873000
11,85,10,"[331,378,382,341,360,349,359,330,219,239]","[956000,1094000,1064000,965000,1020000,974000,987000,892000,619000,734000]",382,9305000
11,86,10,"[298,346,379,343,323,305,385,382,158,216]","[851000,1001000,1059000,950000,909000,871000,1095000,1061000,425000,636000]",385,8858000
11,87,10,"[286,383,297,309,345,335,395,285,213,272]","[824000,1122000,827000,868000,981000,933000,1081000,780000,590000,775000]",395,8781000
11,88,10,"[344,378,352,332,350,328,389,295,176,227]","[994000,1063000,960000,919000,992000,925000,1067000,794000,505000,688000]",389,8907000
11,89,10,"[287,336,384,348,323,305,387,387,158,220]","[834000,970000,1076000,981000,927000,862000,1102000,1059000,435000,653000]",387,8899000
11,90,10,"[379,384,372,375,355,356,302,350,157,222]","[1074000,1067000,1034000,1038000,991000,987000,812000,1007000,430000,696000]",384,9136000
11,91,10,"[287,407,314,308,328,291,351,418,162,286]","[790000,1168000,859000,868000,922000,839000,1005000,1154000,446000,808000]",418,8859000
11,92,10,"[273,381,356,307,391,265,392,390,167,294]","[791000,1081000,956000,870000,1089000,764000,1040000,1047000,469000,836000]",392,8943000
11,93,10,"[379,383,340,353,356,351,353,355,157,247]","[1074000,1065000,949000,974000,994000,981000,935000,1023000,430000,776000]",383,9201000
11,94,10,"[313,389,390,316,307,340,379,357,162,228]","[947000,1094000,1119000,860000,883000,947000,1056000,1020000,433000,686000]",390,9045000
11,95,10,"[335,381,378,358,361,346,367,330,201,235]","[949000,1110000,1041000,1010000,1003000,966000,1012000,889000,577000,725000]",381,9282000
12,1,10,"[251,304,308,335,377,373,391,338,350,259]","[680000,857000,818000,1006000,1097000,1101000,1106000,947000,1006000,744000]",391,9362000
12,2,10,"[230,345,331,335,404,434,327,362,257,260]","[619000,969000,911000,978000,1186000,1278000,895000,1023000,706000,732000]",434,9297000
12,3,10,"[326,346,330,359,377,373,291,334,348,371]","[901000,958000,912000,1006000,1108000,1067000,828000,926000,990000,1123000]",377,9819000
12,4,10,"[251,304,308,333,432,311,389,338,350,265]","[680000,857000,818000,996000,1275000,911000,1102000,947000,1006000,750000]",432,9342000
12,5,10,"[299,343,335,410,374,415,353,294,254,270]","[796000,943000,927000,1162000,1096000,1202000,965000,824000,718000,785000]",415,9418000
12,6,10,"[255,209,326,394,373,379,389,337,367,292]","[693000,615000,873000,1139000,1095000,1124000,1116000,956000,1010000,806000]",394,9427000
12,7,10,"[390,284,323,336,392,334,360,357,317,323]","[1086000,805000,900000,974000,1163000,988000,969000,960000,892000,938000]",392,9675000
12,8,10,"[325,306,334,369,380,376,381,339,290,332]","[898000,836000,932000,1041000,1114000,1115000,1104000,954000,838000,1006000]",381,9838000
12,9,10,"[297,336,332,427,374,420,350,291,253,269]","[789000,926000,906000,1198000,1087000,1195000,953000,818000,720000,783000]",427,9375000
12,10,10,"[344,303,328,369,380,378,381,338,344,346]","[1021000,830000,902000,1032000,1112000,1120000,1104000,952000,999000,1065000]",381,10137000
12,11,10,"[299,343,341,408,371,415,320,343,254,270]","[796000,943000,952000,1158000,1081000,1202000,883000,934000,718000,785000]",415,9452000
12,12,10,"[364,317,279,361,378,377,396,308,332,301]","[977000,886000,760000,1046000,1098000,1126000,1113000,880000,932000,881000]",396,9699000
12,13,10,"[349,314,303,331,363,400,336,357,315,320]","[953000,897000,847000,967000,1054000,1182000,932000,963000,897000,924000]",400,9616000
12,14,10,"[253,335,344,350,402,373,392,378,254,257]","[686000,937000,949000,1032000,1182000,1119000,1104000,1076000,700000,716000]",402,9501000
12,15,10,"[335,301,315,355,382,378,381,338,354,381]","[935000,828000,866000,1037000,1117000,1115000,1104000,949000,1021000,1146000]",382,10118000
12,16,10,"[295,232,335,377,395,425,381,331,290,263]","[824000,662000,887000,1057000,1137000,1210000,1099000,953000,829000,774000]",425,9432000
12,17,10,"[256,232,332,371,410,376,388,345,379,316]","[708000,662000,889000,1033000,1190000,1046000,1114000,974000,1061000,896000]",410,9573000
12,18,10,"[330,341,316,355,383,379,383,358,356,384]","[931000,952000,874000,1037000,1119000,1119000,1109000,962000,1016000,1161000]",384,10280000
12,19,10,"[389,284,323,336,405,386,360,360,319,322]","[1078000,805000,900000,973000,1185000,1095000,969000,968000,896000,924000]",405,9793000
12,20,10,"[302,380,358,362,382,378,387,335,369,336]","[808000,1053000,1019000,1005000,1133000,1115000,1112000,949000,1043000,964000]",387,10201000
12,21,10,"[390,288,324,336,404,384,367,355,307,319]","[1080000,815000,906000,979000,1179000,1095000,992000,966000,861000,909000]",404,9782000
12,22,10,"[300,337,333,424,372,415,334,357,250,263]","[805000,925000,904000,1196000,1081000,1187000,898000,978000,714000,777000]",424,9465000
12,23,10,"[354,313,309,329,366,500,339,358,316,317]","[975000,883000,887000,958000,1021000,1426000,942000,963000,890000,914000]",500,9859000
12,24,10,"[252,416,278,370,380,376,385,336,264,259]","[682000,1189000,799000,1047000,1105000,1111000,1101000,947000,722000,718000]",416,9421000
12,25,10,"[290,235,339,385,388,415,365,338,342,263]","[808000,667000,898000,1063000,1110000,1199000,1058000,972000,967000,770000]",415,9512000
12,26,10,"[293,208,379,409,385,414,378,346,257,270]","[816000,613000,1006000,1202000,1127000,1197000,1065000,993000,748000,782000]",414,9549000
12,27,10,"[334,346,317,363,417,425,355,352,362,391]","[934000,960000,873000,1019000,1199000,1263000,997000,944000,1014000,1175000]",425,10378000
12,28,10,"[300,333,338,428,373,415,314,359,255,262]","[804000,915000,914000,1203000,1083000,1189000,856000,985000,725000,762000]",428,9436000
12,29,10,"[302,380,358,364,381,377,387,335,369,341]","[805000,1064000,1014000,1008000,1128000,1113000,1124000,946000,1043000,970000]",387,10215000
12,30,10,"[253,308,310,335,370,440,387,342,353,259]","[682000,865000,828000,1003000,1092000,1234000,1100000,964000,1003000,744000]",440,9515000
12,31,10,"[389,318,323,336,404,390,360,360,319,309]","[1078000,921000,900000,973000,1183000,1099000,969000,968000,896000,891000]",404,9878000
12,32,10,"[297,415,334,365,383,379,388,338,262,265]","[790000,1131000,923000,1023000,1132000,1110000,1104000,944000,727000,752000]",415,9636000
12,33,10,"[253,208,397,409,381,419,349,331,338,301]","[684000,613000,1040000,1165000,1119000,1189000,996000,922000,926000,836000]",419,9490000
12,34,10,"[329,297,323,378,380,377,386,346,351,393]","[937000,822000,907000,1066000,1112000,1117000,1121000,964000,1011000,1157000]",393,10214000
12,35,10,"[302,377,360,366,384,383,386,341,375,375]","[812000,1035000,1019000,1025000,1134000,1119000,1110000,960000,1069000,1083000]",386,10366000
12,36,10,"[328,341,296,332,368,398,382,354,353,382]","[927000,952000,814000,977000,1074000,1170000,1100000,948000,1010000,1151000]",398,10123000
12,37,10,"[316,307,331,362,384,374,382,339,333,347]","[880000,836000,917000,1018000,1122000,1112000,1106000,953000,927000,1057000]",384,9928000
12,38,10,"[299,338,336,423,372,422,309,358,250,261]","[808000,943000,924000,1197000,1081000,1210000,857000,980000,714000,772000]",423,9486000
12,39,10,"[357,413,366,364,383,379,388,328,373,343]","[963000,1114000,1049000,1012000,1132000,1115000,1117000,938000,1058000,974000]",413,10472000
12,40,10,"[292,238,334,367,413,417,387,341,294,267]","[804000,669000,893000,1025000,1189000,1193000,1109000,967000,834000,778000]",417,9461000
12,41,10,"[294,342,342,345,403,367,391,338,288,263]","[800000,957000,943000,1001000,1180000,1097000,1124000,909000,810000,768000]",403,9589000
12,42,10,"[349,318,300,321,401,374,382,379,371,422]","[1028000,879000,847000,932000,1180000,1118000,1094000,1109000,1107000,1219000]",422,10513000
12,43,10,"[331,429,312,363,382,379,385,341,352,386]","[933000,1209000,864000,1071000,1117000,1124000,1109000,955000,1013000,1154000]",429,10549000
12,44,10,"[295,234,339,374,388,384,389,334,316,260]","[813000,666000,924000,1051000,1108000,1138000,1114000,945000,872000,765000]",389,9396000
12,45,10,"[331,353,318,357,383,379,423,361,359,384]","[939000,956000,875000,1041000,1121000,1119000,1238000,978000,1021000,1155000]",423,10443000
12,46,10,"[329,299,319,355,383,382,395,353,355,384]","[923000,829000,873000,1037000,1122000,1119000,1137000,1004000,1023000,1155000]",395,10222000
12,47,10,"[298,416,383,441,365,418,403,337,366,300]","[826000,1156000,1078000,1261000,1049000,1195000,1119000,957000,1020000,824000]",441,10485000
12,48,10,"[356,235,341,359,378,375,384,354,345,341]","[1035000,672000,911000,1028000,1110000,1116000,1116000,999000,975000,1051000]",384,10013000
12,49,10,"[332,344,322,358,380,377,386,361,363,380]","[930000,967000,890000,1034000,1113000,1111000,1119000,960000,1019000,1126000]",386,10269000
12,50,10,"[319,347,335,358,404,410,292,337,347,358]","[876000,960000,937000,993000,1179000,1189000,834000,930000,985000,1088000]",410,9971000
12,51,10,"[395,284,323,336,405,386,360,357,319,319]","[1087000,805000,900000,973000,1185000,1095000,969000,962000,896000,918000]",405,9790000
12,52,10,"[360,340,290,388,377,378,309,335,360,367]","[1072000,980000,781000,1091000,1099000,1095000,830000,934000,1000000,1033000]",388,9915000
12,53,10,"[305,303,325,371,370,437,384,338,356,269]","[818000,843000,871000,1063000,1059000,1231000,1104000,960000,1017000,800000]",437,9766000
12,54,10,"[332,297,320,357,380,383,382,340,361,389]","[934000,822000,886000,1026000,1113000,1144000,1104000,949000,1035000,1153000]",389,10166000
12,55,10,"[252,304,308,335,378,374,393,338,351,260]","[690000,857000,815000,1006000,1101000,1101000,1113000,952000,999000,746000]",393,9380000
12,56,10,"[227,345,331,335,391,452,326,362,257,260]","[617000,969000,911000,978000,1136000,1331000,891000,1026000,706000,749000]",452,9314000
12,57,10,"[356,347,330,359,377,374,291,289,348,365]","[997000,964000,912000,1006000,1108000,1075000,828000,809000,990000,1103000]",377,9792000
12,58,10,"[249,303,306,333,427,314,383,338,336,262]","[676000,855000,809000,996000,1271000,913000,1094000,960000,975000,760000]",427,9309000
12,59,10,"[300,236,335,408,374,417,347,292,301,261]","[798000,681000,931000,1158000,1086000,1209000,952000,824000,873000,771000]",417,9283000
12,60,10,"[255,209,341,394,373,379,389,337,306,292]","[693000,615000,925000,1139000,1095000,1124000,1116000,956000,870000,806000]",394,9339000
12,61,10,"[390,284,325,336,392,334,290,353,350,323]","[1086000,805000,906000,971000,1157000,988000,786000,953000,996000,938000]",392,9586000
12,62,10,"[323,308,336,363,376,373,381,340,288,331]","[893000,840000,918000,1018000,1097000,1108000,1104000,953000,846000,1001000]",381,9778000
12,63,10,"[297,336,334,427,374,420,350,295,253,269]","[789000,926000,907000,1198000,1087000,1195000,953000,832000,720000,783000]",427,9390000
12,64,10,"[342,300,333,371,380,389,385,338,338,343]","[1015000,822000,927000,1041000,1117000,1137000,1112000,946000,971000,1049000]",389,10137000
12,65,10,"[294,346,338,408,372,417,320,344,255,261]","[792000,958000,933000,1158000,1081000,1209000,879000,941000,738000,775000]",417,9464000
12,66,10,"[359,318,276,359,381,368,399,308,289,297]","[961000,905000,752000,1046000,1109000,1102000,1128000,880000,845000,865000]",399,9593000
12,67,10,"[373,316,302,333,365,395,337,358,326,312]","[1036000,887000,848000,971000,1059000,1177000,932000,971000,924000,895000]",395,9700000
12,68,10,"[231,335,345,347,402,375,382,375,255,258]","[647000,937000,974000,1028000,1178000,1120000,1094000,1070000,703000,729000]",402,9480000
12,69,10,"[325,302,316,352,383,373,366,341,361,391]","[915000,832000,868000,1022000,1120000,1105000,1064000,949000,1049000,1146000]",391,10070000
12,70,10,"[310,240,337,371,383,436,391,330,301,274]","[860000,672000,897000,1033000,1104000,1218000,1113000,949000,851000,796000]",436,9493000
12,71,10,"[256,232,361,313,412,373,392,347,376,316]","[708000,662000,980000,878000,1194000,1040000,1137000,974000,1056000,896000]",412,9525000
12,72,10,"[333,341,311,349,381,381,386,296,350,384]","[931000,952000,854000,1016000,1118000,1125000,1110000,840000,1012000,1133000]",386,10091000
12,73,10,"[389,338,323,335,405,386,360,362,322,322]","[1078000,952000,900000,926000,1185000,1095000,969000,972000,902000,924000]",405,9903000
12,74,10,"[302,324,361,413,382,378,383,334,369,339]","[810000,882000,1021000,1172000,1130000,1115000,1104000,944000,1053000,969000]",413,10200000
13,1,10,"[357,338,375,400,373,285,391,332,346,323]","[1049000,985000,1023000,1145000,1015000,778000,1084000,954000,1019000,985000]",400,10037000
13,2,10,"[347,359,343,422,285,273,444,321,359,242]","[1016000,1017000,977000,1189000,763000,720000,1294000,917000,987000,701000]",444,9581000
13,3,10,"[351,362,352,388,287,265,420,344,330,301]","[1032000,1051000,1005000,1093000,767000,697000,1257000,993000,964000,888000]",420,9747000
13,4,10,"[362,338,336,428,289,264,436,319,361,259]","[1031000,946000,967000,1194000,782000,696000,1271000,921000,1082000,774000]",436,9664000
13,5,10,"[356,338,380,404,373,285,393,332,337,323]","[1049000,985000,1034000,1153000,1015000,778000,1092000,958000,983000,982000]",404,10029000
13,6,10,"[362,336,335,428,289,273,436,319,361,259]","[1031000,942000,965000,1194000,782000,714000,1271000,921000,1072000,774000]",436,9666000
13,7,10,"[350,335,342,429,289,265,451,403,319,206]","[1000000,946000,977000,1209000,767000,698000,1322000,1169000,939000,628000]",451,9655000
13,8,10,"[352,338,337,424,287,264,435,424,354,225]","[1037000,942000,967000,1188000,768000,696000,1312000,1220000,1047000,648000]",435,9825000
13,9,10,"[358,307,357,392,392,321,400,345,360,335]","[1045000,898000,1031000,1096000,1120000,861000,1137000,931000,1017000,1015000]",400,10151000
13,10,10,"[346,341,339,423,288,264,379,423,386,319]","[989000,949000,969000,1191000,771000,696000,1142000,1212000,1131000,920000]",423,9970000
13,11,10,"[351,343,343,430,286,237,453,404,319,210]","[1000000,957000,977000,1211000,766000,642000,1326000,1169000,937000,635000]",453,9620000
13,12,10,"[342,375,360,406,315,267,408,377,368,328]","[971000,1050000,976000,1164000,897000,710000,1221000,1082000,1049000,953000]",408,10073000
13,13,10,"[347,339,337,423,288,265,387,417,387,324]","[990000,951000,963000,1191000,770000,698000,1167000,1200000,1145000,925000]",423,10000000
13,14,10,"[348,324,318,406,226,364,429,396,364,330]","[1012000,883000,921000,1166000,637000,991000,1259000,1134000,1043000,951000]",429,9997000
13,15,10,"[345,326,358,402,375,298,391,347,409,365]","[1011000,958000,956000,1144000,1031000,822000,1092000,942000,1155000,1065000]",409,10176000
13,16,10,"[399,340,380,425,282,266,435,411,353,225]","[1140000,947000,1077000,1201000,757000,709000,1312000,1153000,1029000,630000]",435,9955000
13,17,10,"[357,372,372,400,390,313,402,336,347,320]","[1056000,1057000,1015000,1139000,1095000,823000,1155000,958000,1024000,976000]",402,10298000
13,18,10,"[357,306,359,407,293,319,394,350,401,335]","[1052000,906000,1037000,1165000,835000,862000,1169000,1007000,1174000,1018000]",407,10225000
13,19,10,"[392,318,352,391,384,392,410,299,376,270]","[1039000,878000,977000,1120000,1051000,1114000,1158000,850000,1113000,802000]",410,10102000
13,20,10,"[349,341,377,426,284,266,436,376,351,312]","[974000,941000,1054000,1197000,763000,721000,1235000,1068000,1009000,886000]",436,9848000
13,21,10,"[353,308,359,410,335,321,404,339,404,343]","[1041000,916000,1027000,1176000,987000,866000,1153000,919000,1156000,1021000]",410,10262000
13,22,10,"[348,406,364,460,290,274,444,360,356,329]","[959000,1134000,998000,1278000,773000,736000,1248000,1031000,1025000,923000]",460,10105000
13,23,10,"[383,310,378,430,286,289,434,335,351,315]","[1073000,906000,1049000,1190000,766000,764000,1226000,930000,1010000,901000]",434,9815000
13,24,10,"[340,343,361,411,230,326,440,398,355,327]","[984000,997000,984000,1181000,640000,876000,1274000,1144000,1033000,930000]",440,10043000
13,25,10,"[380,424,376,400,372,355,401,363,374,268]","[1089000,1191000,1027000,1158000,1023000,995000,1092000,1035000,1096000,800000]",424,10506000
13,26,10,"[337,340,380,425,282,266,434,419,352,223]","[962000,952000,1077000,1201000,757000,709000,1310000,1188000,1029000,630000]",434,9815000
13,27,10,"[396,337,381,433,282,272,427,408,319,212]","[1110000,948000,1073000,1219000,759000,717000,1298000,1177000,940000,637000]",433,9878000
13,28,10,"[380,347,345,430,289,271,435,431,369,299]","[1092000,971000,977000,1207000,772000,704000,1300000,1208000,1088000,885000]",435,10204000
13,29,10,"[415,333,374,467,287,268,471,415,353,327]","[1220000,936000,1045000,1324000,768000,713000,1344000,1172000,1045000,1008000]",471,10575000
13,30,10,"[350,338,338,423,287,264,435,424,355,227]","[1033000,942000,969000,1188000,768000,696000,1312000,1229000,1047000,648000]",435,9832000
13,31,10,"[359,355,357,411,327,392,399,362,403,349]","[1066000,1033000,1019000,1178000,880000,1094000,1203000,1020000,1183000,1069000]",411,10745000
13,32,10,"[403,352,394,500,324,278,395,388,362,231]","[1158000,987000,1099000,1398000,857000,751000,1183000,1108000,1053000,664000]",500,10258000
13,33,10,"[337,339,337,428,290,266,452,406,319,299]","[931000,958000,967000,1207000,771000,698000,1317000,1171000,950000,923000]",452,9893000
13,34,10,"[486,435,351,405,436,424,430,434,364,323]","[1466000,1228000,958000,1145000,1238000,1158000,1277000,1247000,1015000,979000]",486,11711000
13,35,10,"[362,362,348,456,384,363,412,334,341,330]","[1057000,1017000,997000,1288000,1071000,959000,1163000,940000,990000,1003000]",456,10485000
13,36,10,"[349,342,353,422,287,263,427,423,354,320]","[993000,959000,1017000,1186000,769000,694000,1290000,1194000,1033000,917000]",427,10052000
13,37,10,"[406,333,370,398,351,262,436,335,321,332]","[1193000,993000,1023000,1132000,966000,688000,1271000,959000,931000,1015000]",436,10171000
13,38,10,"[395,311,347,410,387,439,412,297,370,266]","[1122000,910000,965000,1168000,1037000,1200000,1147000,840000,1090000,793000]",439,10272000
13,39,10,"[347,339,400,426,281,263,428,421,361,329]","[988000,947000,1109000,1199000,757000,694000,1303000,1174000,1059000,945000]",428,10175000
13,40,10,"[348,386,329,409,287,366,426,403,343,338]","[989000,1060000,953000,1159000,782000,1001000,1255000,1171000,992000,966000]",426,10328000
13,41,10,"[399,340,380,425,282,266,435,411,370,223]","[1140000,947000,1077000,1201000,757000,709000,1312000,1153000,1089000,626000]",435,10011000
13,42,10,"[361,309,357,425,300,385,391,416,352,333]","[1051000,918000,1022000,1217000,873000,1012000,1194000,1183000,1036000,1019000]",425,10525000
13,43,10,"[369,305,351,388,381,420,408,297,368,300]","[1020000,895000,1004000,1094000,1086000,1154000,1130000,852000,1100000,833000]",420,10168000
13,44,10,"[349,307,337,423,284,268,434,421,354,260]","[1025000,866000,963000,1184000,763000,709000,1308000,1201000,1031000,760000]",434,9810000
13,45,10,"[359,379,342,334,386,270,436,427,349,333]","[1061000,1078000,921000,910000,1071000,709000,1312000,1247000,1050000,1026000]",436,10385000
13,46,10,"[358,341,339,431,292,245,451,403,325,289]","[1004000,961000,975000,1222000,775000,654000,1319000,1169000,959000,855000]",451,9893000
13,47,10,"[347,340,346,422,287,263,426,425,353,321]","[990000,949000,983000,1186000,769000,694000,1290000,1203000,1033000,930000]",426,10027000
13,48,10,"[363,381,345,360,387,264,426,427,360,345]","[1058000,1083000,951000,1000000,1089000,694000,1285000,1208000,1059000,1020000]",427,10447000
13,49,10,"[349,307,366,398,390,320,408,353,362,334]","[1015000,898000,1026000,1134000,1094000,858000,1166000,970000,1021000,1022000]",408,10204000
13,50,10,"[391,322,353,337,384,392,488,301,360,269]","[1047000,897000,1003000,937000,1053000,1114000,1412000,868000,1067000,778000]",488,10176000
13,51,10,"[361,310,356,440,300,387,395,388,304,338]","[1061000,926000,1028000,1258000,860000,1028000,1169000,1104000,884000,1036000]",440,10354000
13,52,10,"[345,405,358,404,492,374,469,434,401,359]","[1007000,1170000,975000,1148000,1353000,1209000,1280000,1246000,1131000,1046000]",492,11565000
13,53,10,"[356,294,363,351,295,269,446,374,365,326]","[1049000,866000,1054000,1002000,779000,705000,1323000,1063000,1031000,995000]",446,9867000
13,54,10,"[339,326,326,405,225,306,415,412,423,338]","[1003000,884000,937000,1155000,635000,817000,1246000,1151000,1221000,962000]",423,10011000
13,55,10,"[386,347,353,422,392,396,422,339,384,283]","[1049000,976000,962000,1177000,1061000,1116000,1190000,1002000,1191000,839000]",422,10563000
13,56,10,"[402,345,383,404,320,285,464,373,410,370]","[1137000,972000,1065000,1119000,850000,740000,1398000,1034000,1157000,1045000]",464,10517000
13,57,10,"[341,331,354,475,371,302,328,347,405,365]","[1004000,983000,952000,1337000,1012000,839000,926000,945000,1138000,1066000]",475,10202000
13,58,10,"[369,356,341,433,288,272,441,331,383,261]","[1074000,1004000,989000,1201000,772000,717000,1284000,983000,1096000,789000]",441,9909000
13,59,10,"[347,337,337,465,294,272,442,333,373,268]","[954000,940000,967000,1288000,795000,702000,1301000,976000,1101000,817000]",465,9841000
13,60,10,"[374,355,338,420,300,270,440,316,359,259]","[1063000,1001000,963000,1177000,806000,700000,1297000,901000,1072000,766000]",440,9746000
13,61,10,"[346,371,338,458,378,271,406,416,364,330]","[948000,999000,965000,1314000,1049000,713000,1202000,1169000,1063000,945000]",458,10367000
13,62,10,"[357,368,382,395,427,362,404,342,347,341]","[1066000,1040000,1098000,1125000,1154000,973000,1162000,990000,1011000,1044000]",427,10663000
13,63,10,"[373,347,366,400,373,293,422,411,328,218]","[1098000,951000,1002000,1144000,1029000,802000,1211000,1185000,958000,625000]",422,10005000
13,64,10,"[411,378,347,387,292,327,462,311,364,296]","[1107000,1068000,1000000,1095000,779000,867000,1299000,901000,1086000,865000]",462,10067000
13,65,10,"[402,290,354,390,408,264,433,360,338,352]","[1169000,862000,1013000,1096000,1155000,692000,1254000,1076000,1026000,1085000]",433,10428000
13,66,10,"[388,365,340,420,290,278,442,325,370,264]","[1099000,1034000,969000,1173000,777000,739000,1298000,924000,1092000,789000]",442,9894000
13,67,10,"[340,338,360,411,228,368,446,389,407,312]","[993000,940000,1035000,1152000,638000,1002000,1306000,1151000,1114000,892000]",446,10223000
13,68,10,"[357,366,348,383,298,283,471,338,345,300]","[1050000,1047000,996000,1087000,788000,779000,1326000,974000,957000,833000]",471,9837000
13,69,10,"[348,324,324,408,229,321,441,392,369,330]","[1014000,882000,933000,1173000,647000,884000,1288000,1148000,1059000,951000]",441,9979000
13,70,10,"[385,405,330,458,290,395,436,403,359,337]","[1112000,1067000,948000,1264000,774000,1056000,1250000,1158000,1062000,977000]",458,10668000
13,71,10,"[350,278,354,389,289,265,442,343,346,298]","[1022000,844000,1003000,1103000,771000,694000,1330000,1011000,977000,883000]",442,9638000
13,72,10,"[373,422,347,427,296,303,393,353,380,310]","[1080000,1180000,973000,1199000,786000,827000,1120000,1014000,1103000,903000]",427,10185000
13,73,10,"[347,370,321,390,288,265,422,408,355,337]","[1002000,1049000,933000,1107000,771000,688000,1189000,1194000,1029000,983000]",422,9945000
13,74,10,"[362,377,341,336,386,312,436,407,350,330]","[1063000,1059000,915000,921000,1071000,821000,1312000,1174000,1036000,1017000]",436,10389000
13,75,10,"[344,350,373,448,308,272,442,376,349,314]","[951000,999000,1041000,1258000,830000,734000,1244000,1079000,994000,884000]",448,10014000
13,76,10,"[380,339,339,429,292,273,435,357,375,284]","[1105000,952000,975000,1196000,779000,714000,1313000,1017000,1124000,821000]",435,9996000
13,77,10,"[394,294,349,439,284,268,427,347,328,316]","[1154000,869000,988000,1231000,763000,707000,1240000,1029000,983000,957000]",439,9921000
13,78,10,"[1266,1179,359,1104,294,268,1098,1198,1022,1143]","[5469000,3083000,973000,2554000,793000,694000,2590000,3005000,2374000,3635000]",1266,25170000
13,79,10,"[362,389,347,411,255,358,401,358,385,349]","[1057000,1167000,994000,1167000,690000,965000,1176000,1028000,1147000,1052000]",411,10443000
13,80,10,"[357,283,375,400,373,283,389,373,346,321]","[1049000,830000,1016000,1145000,1015000,772000,1080000,1080000,1019000,975000]",400,9981000
13,81,10,"[351,361,384,423,285,273,441,318,297,240]","[1025000,1021000,1086000,1189000,763000,720000,1289000,911000,846000,708000]",441,9558000
13,82,10,"[352,362,328,388,287,270,418,363,320,303]","[1037000,1051000,930000,1093000,767000,707000,1231000,1068000,934000,906000]",418,9724000
13,83,10,"[358,347,339,422,299,269,452,319,366,260]","[999000,973000,971000,1183000,814000,700000,1302000,909000,1095000,778000]",452,9724000
13,84,10,"[353,342,379,360,368,285,396,335,381,320]","[1043000,989000,1032000,1030000,1009000,778000,1107000,970000,1123000,976000]",396,10057000
13,85,10,"[355,344,338,423,292,274,441,320,360,258]","[997000,963000,970000,1181000,788000,728000,1287000,929000,1072000,777000]",441,9692000
13,86,10,"[347,342,341,424,284,268,452,411,320,207]","[1000000,957000,979000,1187000,761000,713000,1324000,1197000,939000,621000]",452,9678000
13,87,10,"[352,338,370,424,287,264,436,386,356,225]","[1037000,942000,1069000,1188000,768000,696000,1312000,1108000,1057000,648000]",436,9825000
13,88,10,"[356,310,367,392,385,300,410,352,360,332]","[1052000,908000,1050000,1094000,1094000,804000,1166000,962000,996000,1012000]",410,10138000
13,89,10,"[349,342,340,425,284,268,426,428,379,315]","[994000,960000,973000,1192000,763000,713000,1227000,1222000,1136000,906000]",428,10086000
13,90,10,"[349,341,341,429,286,236,453,403,318,210]","[1001000,966000,978000,1203000,766000,653000,1326000,1169000,934000,622000]",453,9618000
13,91,10,"[344,372,354,405,315,267,368,379,369,368]","[971000,1044000,965000,1158000,897000,710000,1099000,1082000,1047000,1077000]",405,10050000
13,92,10,"[344,313,336,426,289,291,396,410,386,325]","[966000,875000,968000,1194000,770000,779000,1190000,1179000,1141000,937000]",426,9999000
13,93,10,"[340,326,384,410,224,361,429,404,368,332]","[1002000,886000,1060000,1169000,634000,985000,1260000,1168000,1060000,959000]",429,10183000
13,94,10,"[347,326,354,371,375,298,391,347,402,397]","[1018000,958000,948000,1032000,1033000,822000,1092000,942000,1141000,1144000]",402,10130000
13,95,10,"[391,344,377,457,271,260,435,417,355,223]","[1115000,981000,1066000,1264000,776000,688000,1321000,1176000,1031000,624000]",457,10042000
13,96,10,"[355,374,369,398,356,315,403,338,341,325]","[1056000,1059000,1005000,1138000,1003000,827000,1153000,966000,997000,986000]",403,10190000
13,97,10,"[358,306,357,408,295,321,394,354,402,339]","[1057000,906000,1022000,1167000,839000,869000,1181000,1008000,1174000,1043000]",408,10266000
13,98,10,"[385,316,354,352,382,392,410,297,408,267]","[1014000,874000,982000,1007000,1049000,1110000,1158000,844000,1215000,792000]",410,10045000
13,99,10,"[370,340,381,394,291,271,444,370,344,304]","[1032000,941000,1053000,1124000,773000,729000,1255000,1076000,994000,862000]",444,9839000
14,1,10,"[292,313,347,360,380,380,381,342,292,272]","[845000,859000,985000,1006000,1087000,1065000,1146000,964000,821000,757000]",381,9535000
14,2,10,"[269,320,336,331,373,361,378,383,302,289]","[776000,867000,951000,874000,1086000,995000,1130000,1141000,853000,806000]",383,9479000
14,3,10,"[292,312,345,316,377,377,386,375,244,272]","[847000,867000,984000,883000,1084000,1054000,1151000,1056000,686000,751000]",386,9363000
14,4,10,"[233,281,337,287,382,357,392,385,305,286]","[651000,787000,995000,744000,1090000,1023000,1170000,1131000,889000,784000]",392,9264000
14,5,10,"[257,294,333,330,366,351,396,310,311,281]","[730000,843000,983000,901000,1072000,980000,1188000,886000,850000,771000]",396,9204000
14,6,10,"[290,283,335,338,376,376,367,336,367,308]","[839000,789000,994000,904000,1074000,1050000,1070000,999000,1002000,893000]",376,9614000
14,7,10,"[292,312,345,360,380,372,384,344,292,238]","[845000,857000,984000,1002000,1087000,1043000,1152000,974000,822000,690000]",384,9456000
14,8,10,"[257,294,339,305,368,381,398,310,308,281]","[730000,843000,1003000,825000,1072000,1054000,1192000,886000,844000,771000]",398,9220000
14,9,10,"[290,290,341,341,377,377,366,329,380,322]","[831000,828000,1017000,897000,1092000,1048000,1065000,967000,1017000,935000]",380,9697000
14,10,10,"[288,283,338,351,378,378,379,324,381,319]","[829000,799000,1009000,903000,1076000,1052000,1097000,936000,1040000,929000]",381,9670000
14,11,10,"[256,330,331,276,383,358,393,320,309,305]","[730000,934000,983000,762000,1096000,1019000,1173000,903000,867000,829000]",393,9296000
14,12,10,"[227,296,346,283,387,392,390,375,337,284]","[639000,820000,1037000,740000,1104000,1087000,1165000,1086000,962000,777000]",392,9417000
14,13,10,"[274,317,338,333,377,365,384,381,286,290]","[786000,861000,961000,870000,1101000,1003000,1134000,1135000,803000,812000]",384,9466000
14,14,10,"[277,289,342,334,385,350,389,366,245,308]","[781000,797000,1017000,893000,1095000,1003000,1170000,1125000,694000,857000]",389,9432000
14,15,10,"[286,331,383,290,382,359,337,382,299,302]","[805000,907000,1126000,766000,1094000,1020000,1013000,1113000,862000,828000]",383,9534000
14,16,10,"[231,287,337,282,389,360,402,385,306,277]","[653000,789000,995000,735000,1096000,1009000,1191000,1133000,891000,758000]",402,9250000
14,17,10,"[297,312,346,363,377,377,386,382,246,268]","[858000,857000,983000,1009000,1081000,1063000,1154000,1068000,691000,738000]",386,9502000
14,18,10,"[274,286,346,334,380,355,390,366,246,290]","[775000,795000,1031000,893000,1090000,1023000,1170000,1125000,696000,836000]",390,9434000
14,19,10,"[252,331,342,267,389,355,394,381,268,286]","[714000,909000,1020000,721000,1105000,1009000,1159000,1118000,776000,812000]",394,9343000
14,20,10,"[217,300,333,268,380,366,408,369,253,315]","[614000,851000,983000,760000,1090000,1056000,1220000,1075000,714000,866000]",408,9229000
14,21,10,"[275,329,364,322,385,360,389,372,245,414]","[777000,924000,1014000,892000,1112000,1045000,1175000,1137000,694000,1172000]",414,9942000
14,22,10,"[257,297,338,306,368,411,388,310,313,284]","[734000,858000,1007000,841000,1061000,1146000,1165000,890000,842000,772000]",411,9316000
14,23,10,"[231,287,336,273,388,360,402,383,303,277]","[653000,789000,993000,725000,1098000,1009000,1191000,1129000,851000,758000]",402,9196000
14,24,10,"[288,290,341,331,379,379,380,328,380,321]","[829000,822000,1024000,865000,1091000,1053000,1097000,959000,1016000,943000]",380,9699000
14,25,10,"[267,282,341,280,388,382,391,372,392,346]","[773000,787000,1027000,721000,1100000,1063000,1165000,1080000,1082000,1022000]",392,9820000
14,26,10,"[277,283,342,323,423,381,390,372,247,291]","[783000,785000,1014000,855000,1189000,1076000,1169000,1136000,698000,850000]",423,9555000
14,27,10,"[255,333,339,310,371,381,381,345,356,301]","[730000,929000,1011000,884000,1073000,1062000,1109000,980000,969000,854000]",381,9601000
14,28,10,"[218,300,340,277,382,366,408,386,301,366]","[616000,849000,997000,755000,1094000,1060000,1220000,1120000,866000,988000]",408,9565000
14,29,10,"[276,305,332,345,383,369,383,379,289,387]","[780000,871000,983000,945000,1096000,1010000,1145000,1131000,818000,1109000]",387,9888000
14,30,10,"[287,285,337,350,379,380,399,332,365,316]","[825000,800000,1003000,901000,1084000,1059000,1165000,964000,990000,918000]",399,9709000
14,31,10,"[325,319,340,307,366,376,390,444,355,302]","[974000,896000,997000,845000,1066000,1052000,1125000,1288000,986000,829000]",444,10058000
14,32,10,"[280,285,342,314,375,381,383,383,244,272]","[794000,791000,1008000,841000,1098000,1060000,1144000,1165000,692000,787000]",383,9380000
14,33,10,"[331,368,336,304,390,355,395,381,274,322]","[1006000,1038000,993000,851000,1109000,1009000,1159000,1131000,788000,990000]",395,10074000
14,34,10,"[251,314,339,280,367,415,389,380,303,282]","[712000,876000,1011000,714000,1064000,1144000,1156000,1114000,891000,804000]",415,9486000
14,35,10,"[222,316,336,326,372,362,382,383,304,384]","[637000,889000,988000,864000,1080000,995000,1144000,1133000,847000,1074000]",384,9651000
14,36,10,"[315,386,379,320,401,397,395,308,310,271]","[1017000,1157000,1081000,898000,1118000,1102000,1180000,872000,840000,752000]",401,10017000
14,37,10,"[277,287,339,338,378,377,383,335,381,334]","[781000,819000,1017000,895000,1096000,1048000,1110000,972000,1020000,967000]",383,9725000
14,38,10,"[236,339,342,341,383,352,396,311,312,322]","[676000,944000,1004000,994000,1092000,1003000,1190000,903000,848000,911000]",396,9565000
14,39,10,"[300,321,346,306,400,422,381,343,312,247]","[875000,874000,998000,849000,1150000,1155000,1146000,964000,866000,725000]",422,9602000
14,40,10,"[293,314,358,295,412,384,373,388,307,294]","[819000,863000,1043000,795000,1132000,1062000,1127000,1145000,884000,825000]",412,9695000
14,41,10,"[279,370,358,337,370,379,386,306,316,418]","[796000,1025000,1019000,947000,1052000,1052000,1165000,870000,879000,1235000]",418,10040000
14,42,10,"[218,296,338,267,402,383,380,371,252,312]","[626000,853000,998000,752000,1175000,1062000,1140000,1079000,717000,867000]",402,9269000
14,43,10,"[240,300,344,350,364,413,392,376,255,379]","[687000,847000,1007000,988000,1045000,1141000,1157000,1050000,729000,1109000]",413,9760000
14,44,10,"[342,342,339,340,376,376,386,394,244,300]","[1022000,950000,1008000,902000,1084000,1052000,1154000,1114000,692000,859000]",394,9837000
14,45,10,"[258,315,335,346,371,362,378,379,298,313]","[737000,879000,998000,948000,1069000,997000,1130000,1133000,836000,892000]",379,9619000
14,46,10,"[268,318,345,334,374,374,388,432,289,277]","[776000,868000,981000,881000,1079000,1048000,1156000,1242000,781000,776000]",432,9588000
14,47,10,"[250,327,348,323,380,396,393,374,270,282]","[710000,918000,1035000,866000,1086000,1088000,1164000,1102000,780000,800000]",396,9549000
14,48,10,"[268,323,339,348,381,347,384,382,357,286]","[774000,883000,962000,912000,1095000,969000,1135000,1137000,987000,797000]",384,9651000
14,49,10,"[243,324,357,344,412,382,369,305,313,273]","[688000,872000,1019000,960000,1184000,1066000,1107000,880000,849000,754000]",412,9379000
14,50,10,"[271,313,333,316,373,363,378,380,289,292]","[780000,857000,965000,881000,1074000,999000,1128000,1133000,817000,810000]",380,9444000
14,51,10,"[282,291,344,318,401,350,388,365,246,291]","[795000,826000,1022000,844000,1140000,1003000,1162000,1120000,696000,845000]",401,9453000
14,52,10,"[218,294,337,340,376,376,363,332,298,436]","[626000,843000,1000000,897000,1083000,1048000,1059000,961000,836000,1217000]",436,9570000
14,53,10,"[316,300,335,303,362,376,372,326,410,318]","[913000,855000,991000,835000,1062000,1048000,1079000,946000,1136000,901000]",410,9766000
14,54,10,"[219,305,331,266,386,404,410,369,250,311]","[618000,849000,983000,747000,1096000,1137000,1215000,1075000,703000,862000]",410,9285000
14,55,10,"[248,327,342,333,378,367,394,378,281,280]","[704000,921000,1020000,876000,1090000,999000,1160000,1111000,838000,836000]",394,9555000
14,56,10,"[348,371,373,287,405,383,376,355,328,414]","[1011000,1021000,1068000,778000,1124000,1060000,1133000,1088000,953000,1182000]",414,10418000
14,57,10,"[257,308,333,354,379,376,386,344,297,244]","[730000,886000,990000,963000,1083000,1050000,1152000,974000,849000,695000]",386,9372000
14,58,10,"[320,295,351,310,371,409,386,308,555,454]","[942000,841000,1033000,852000,1070000,1133000,1165000,879000,1560000,1277000]",555,10752000
14,59,10,"[264,357,366,311,358,380,392,382,242,375]","[754000,1034000,1071000,895000,997000,1071000,1168000,1063000,691000,1076000]",392,9820000
14,60,10,"[301,291,335,323,446,394,379,324,357,306]","[856000,799000,991000,836000,1222000,1087000,1102000,943000,997000,891000]",446,9724000
14,61,10,"[290,290,337,313,407,372,369,329,377,324]","[831000,825000,1004000,809000,1189000,1030000,1079000,962000,1012000,947000]",407,9688000
14,62,10,"[292,282,341,352,384,379,370,329,377,323]","[837000,794000,1024000,905000,1115000,1058000,1073000,953000,1022000,942000]",384,9723000
14,63,10,"[270,312,335,330,370,361,377,379,301,277]","[773000,879000,993000,868000,1079000,995000,1130000,1133000,842000,799000]",379,9491000
14,64,10,"[253,332,359,322,373,382,382,430,291,314]","[708000,929000,1009000,899000,1074000,1058000,1139000,1174000,837000,906000]",430,9733000
14,65,10,"[224,313,336,359,379,379,383,340,336,392]","[643000,893000,1002000,1012000,1087000,1055000,1153000,949000,993000,1109000]",392,9896000
14,66,10,"[216,303,332,269,380,365,373,369,253,317]","[614000,857000,985000,764000,1090000,1041000,1108000,1075000,714000,866000]",380,9114000
14,67,10,"[303,294,334,300,359,381,389,310,286,267]","[871000,841000,998000,833000,1066000,1063000,1170000,892000,791000,745000]",389,9270000
14,68,10,"[258,313,365,296,401,383,377,381,313,274]","[734000,870000,1067000,797000,1118000,1060000,1134000,1125000,908000,779000]",401,9592000
14,69,10,"[215,300,343,328,374,364,381,407,252,380]","[614000,861000,1018000,916000,1087000,1001000,1132000,1188000,707000,1095000]",407,9619000
14,70,10,"[248,315,340,321,381,381,381,385,296,286]","[706000,872000,1010000,860000,1089000,1061000,1137000,1076000,883000,864000]",385,9558000
14,71,10,"[249,331,338,328,373,364,379,385,283,294]","[708000,929000,1009000,864000,1081000,1000000,1129000,1136000,842000,870000]",385,9568000
14,72,10,"[316,284,335,279,389,358,408,395,441,303]","[951000,799000,997000,723000,1103000,1024000,1191000,1120000,1302000,874000]",441,10084000
14,73,10,"[298,278,335,349,394,374,381,397,349,291]","[860000,781000,994000,899000,1146000,1048000,1117000,1111000,1034000,827000]",397,9817000
14,74,10,"[256,313,338,359,380,373,385,399,296,286]","[727000,872000,997000,1002000,1083000,1043000,1153000,1149000,824000,830000]",399,9680000
14,75,10,"[292,318,346,367,380,379,383,334,297,276]","[845000,861000,986000,1034000,1087000,1063000,1150000,952000,852000,775000]",383,9605000
14,76,10,"[270,324,338,329,375,399,382,383,304,287]","[776000,883000,948000,874000,1083000,1084000,1130000,1141000,857000,806000]",399,9582000
14,77,10,"[304,313,340,319,373,379,383,381,243,269]","[883000,869000,965000,900000,1079000,1064000,1141000,1086000,686000,739000]",383,9412000
14,78,10,"[219,281,337,282,382,357,392,385,305,286]","[611000,787000,995000,741000,1090000,1018000,1165000,1127000,892000,774000]",392,9200000
14,79,10,"[257,298,333,330,316,382,390,316,311,284]","[730000,847000,983000,901000,928000,1073000,1164000,911000,850000,786000]",390,9173000
14,80,10,"[290,292,339,343,376,376,367,333,367,308]","[834000,827000,999000,911000,1074000,1050000,1071000,982000,996000,893000]",376,9637000
14,81,10,"[295,329,345,354,375,375,384,346,295,242]","[847000,890000,988000,996000,1069000,1043000,1152000,963000,831000,701000]",384,9480000
14,82,10,"[257,294,337,346,368,381,398,310,250,281]","[730000,843000,1003000,954000,1072000,1054000,1192000,886000,689000,771000]",398,9194000
14,83,10,"[296,335,341,342,377,377,363,333,324,330]","[845000,936000,1017000,899000,1085000,1048000,1057000,969000,877000,951000]",377,9684000
14,84,10,"[288,283,338,351,385,369,379,324,378,319]","[829000,799000,1009000,903000,1104000,1035000,1097000,936000,1034000,929000]",385,9675000
14,85,10,"[260,330,331,276,387,358,391,324,307,283]","[747000,925000,983000,762000,1103000,1019000,1173000,915000,866000,803000]",391,9296000
14,86,10,"[216,296,346,283,387,392,390,375,342,284]","[605000,820000,1037000,740000,1104000,1087000,1165000,1086000,984000,777000]",392,9405000
14,87,10,"[271,316,341,332,381,361,387,382,288,290]","[783000,857000,973000,872000,1094000,995000,1130000,1137000,822000,800000]",387,9463000
14,88,10,"[274,289,346,386,318,357,388,366,246,309]","[775000,805000,1031000,1060000,899000,1033000,1175000,1125000,696000,858000]",388,9457000
14,89,10,"[288,325,385,254,383,357,337,381,306,291]","[818000,894000,1133000,688000,1096000,1009000,1013000,1119000,875000,813000]",385,9458000
14,90,10,"[228,288,333,282,391,295,401,384,359,285]","[660000,796000,987000,728000,1098000,834000,1180000,1134000,1056000,774000]",401,9247000
14,91,10,"[345,313,346,364,383,348,388,380,244,264]","[988000,859000,998000,1024000,1085000,975000,1158000,1068000,686000,723000]",388,9564000
14,92,10,"[278,288,344,362,382,327,392,366,246,297]","[781000,817000,1027000,967000,1090000,945000,1170000,1125000,696000,859000]",392,9477000
14,93,10,"[252,319,341,266,386,382,394,380,271,282]","[706000,900000,1013000,710000,1094000,1070000,1159000,1118000,786000,810000]",394,9366000
14,94,10,"[218,289,336,274,383,365,403,369,241,322]","[616000,829000,989000,785000,1092000,1048000,1214000,1075000,686000,893000]",403,9227000
15,1,10,"[353,290,325,349,333,353,340,273,334,357]","[1023000,821000,894000,1007000,948000,934000,926000,748000,948000,994000]",357,9243000
15,2,10,"[352,269,318,377,336,316,361,271,285,365]","[1025000,778000,863000,1059000,953000,868000,990000,743000,822000,1002000]",377,9103000
15,3,10,"[353,271,316,375,344,301,306,303,337,364]","[1023000,782000,852000,1053000,973000,813000,826000,849000,968000,1000000]",375,9139000
15,4,10,"[352,271,318,377,336,309,332,271,332,365]","[1025000,778000,863000,1059000,953000,852000,905000,743000,946000,1002000]",377,9126000
15,5,10,"[353,271,319,375,344,301,340,273,337,364]","[1023000,782000,865000,1053000,973000,813000,924000,759000,968000,1000000]",375,9160000
15,6,10,"[357,269,316,358,336,348,338,297,357,355]","[1024000,779000,862000,999000,982000,967000,923000,800000,1029000,1056000]",358,9421000
15,7,10,"[348,300,320,362,335,282,342,278,352,356]","[1008000,846000,868000,1008000,980000,800000,938000,765000,1010000,1060000]",362,9283000
15,8,10,"[344,332,275,365,350,358,340,273,333,345]","[985000,919000,739000,1027000,1014000,1001000,916000,763000,951000,966000]",365,9281000
15,9,10,"[348,268,315,363,335,349,344,300,356,356]","[1008000,779000,857000,1008000,980000,966000,929000,803000,1024000,1060000]",363,9414000
15,10,10,"[344,327,275,365,350,359,345,283,331,346]","[985000,909000,739000,1027000,1014000,1006000,944000,777000,947000,968000]",365,9316000
15,11,10,"[352,266,315,379,332,310,336,270,324,375]","[990000,781000,857000,1055000,933000,850000,911000,751000,933000,1078000]",379,9139000
15,12,10,"[321,269,318,375,338,356,332,276,375,296]","[910000,781000,859000,1032000,989000,1027000,906000,783000,1032000,846000]",375,9165000
15,13,10,"[322,311,315,369,348,363,324,277,330,346]","[923000,899000,870000,1038000,1004000,1018000,893000,764000,909000,968000]",369,9286000
15,14,10,"[344,326,275,365,354,358,343,284,330,353]","[985000,898000,739000,1027000,1024000,1004000,937000,784000,945000,1003000]",365,9346000
15,15,10,"[345,267,319,368,349,357,333,299,352,319]","[985000,775000,857000,1036000,1014000,1019000,914000,828000,977000,914000]",368,9319000
15,16,10,"[358,344,316,363,351,348,338,301,359,359]","[1004000,949000,863000,1017000,1016000,969000,920000,818000,1033000,1058000]",363,9647000
15,17,10,"[326,309,316,369,348,360,324,274,335,346]","[930000,902000,868000,1038000,1001000,1032000,911000,749000,919000,968000]",369,9318000
15,18,10,"[350,303,321,378,308,299,343,276,356,358]","[1012000,852000,871000,1059000,874000,809000,937000,759000,1018000,1067000]",378,9258000
15,19,10,"[350,280,321,384,333,312,339,272,337,357]","[1008000,799000,888000,1081000,948000,853000,925000,745000,947000,994000]",384,9188000
15,20,10,"[351,268,327,374,356,330,332,295,350,316]","[989000,775000,878000,1038000,1022000,947000,920000,803000,1003000,914000]",374,9289000
15,21,10,"[351,271,316,375,348,297,327,286,337,365]","[1023000,788000,852000,1045000,977000,807000,892000,805000,971000,1003000]",375,9163000
15,22,10,"[355,299,315,378,336,309,345,279,355,346]","[1029000,842000,852000,1059000,938000,856000,936000,765000,1016000,1025000]",378,9318000
15,23,10,"[350,270,318,371,340,307,342,258,312,358]","[1010000,780000,862000,1045000,967000,848000,931000,714000,903000,996000]",371,9056000
15,24,10,"[349,270,316,363,338,353,327,285,355,354]","[1010000,789000,852000,1008000,982000,969000,898000,794000,1016000,1056000]",363,9374000
15,25,10,"[317,268,346,360,346,356,325,274,368,292]","[909000,775000,921000,1004000,992000,1017000,891000,761000,1009000,831000]",368,9110000
15,26,10,"[347,281,322,347,353,350,353,304,358,364]","[955000,804000,881000,1004000,1026000,977000,947000,818000,1020000,1070000]",364,9502000
15,27,10,"[352,266,317,360,344,274,331,280,362,364]","[1023000,784000,858000,1006000,997000,777000,906000,770000,1027000,998000]",364,9146000
15,28,10,"[344,270,317,329,352,349,339,295,358,342]","[982000,781000,861000,946000,1008000,968000,923000,795000,1034000,971000]",358,9269000
15,29,10,"[352,264,319,377,336,367,333,271,344,365]","[1025000,764000,863000,1060000,953000,1005000,907000,743000,964000,1002000]",377,9286000
15,30,10,"[328,310,314,369,346,360,327,278,365,321]","[931000,859000,859000,1038000,997000,992000,917000,763000,1045000,927000]",369,9328000
15,31,10,"[349,303,315,364,339,297,347,259,315,358]","[1010000,852000,857000,1008000,986000,808000,956000,716000,912000,1070000]",364,9175000
15,32,10,"[351,263,348,366,350,350,338,275,343,364]","[1023000,766000,924000,1027000,1016000,975000,906000,777000,957000,1004000]",366,9375000
15,33,10,"[325,350,311,374,377,362,342,284,336,354]","[929000,982000,864000,1045000,1077000,999000,923000,771000,957000,998000]",377,9545000
15,34,10,"[326,315,312,370,361,336,333,270,330,348]","[931000,920000,864000,1036000,1032000,955000,915000,755000,909000,978000]",370,9295000
15,35,10,"[326,310,269,371,350,358,344,316,337,348]","[931000,912000,748000,1042000,1007000,1026000,988000,907000,947000,970000]",371,9478000
15,36,10,"[336,266,314,382,332,358,335,293,358,388]","[952000,764000,852000,1059000,937000,974000,911000,783000,1025000,1157000]",388,9414000
15,37,10,"[344,308,319,368,348,359,325,270,336,345]","[979000,888000,862000,1036000,1001000,1027000,913000,747000,946000,964000]",368,9363000
15,38,10,"[351,323,318,354,339,306,332,281,330,364]","[1023000,903000,864000,1015000,956000,816000,910000,769000,937000,1004000]",364,9197000
15,39,10,"[348,279,320,377,336,318,361,271,285,287]","[1008000,816000,873000,1069000,953000,876000,990000,743000,822000,837000]",377,8987000
15,40,10,"[353,273,262,377,344,305,310,307,339,366]","[1023000,786000,755000,1057000,973000,821000,843000,853000,969000,1004000]",377,9084000
15,41,10,"[353,266,316,350,338,304,329,274,330,360]","[1012000,772000,856000,999000,957000,842000,899000,745000,939000,1000000]",360,9021000
15,42,10,"[351,268,316,379,348,296,343,308,307,366]","[1017000,776000,856000,1055000,985000,808000,928000,872000,872000,1009000]",379,9178000
15,43,10,"[357,267,316,358,336,348,370,294,313,355]","[1024000,775000,862000,999000,982000,961000,1023000,794000,914000,1056000]",370,9390000
15,44,10,"[348,301,316,362,336,283,349,289,331,354]","[1008000,848000,862000,1008000,980000,803000,949000,795000,971000,1056000]",362,9280000
15,45,10,"[341,330,273,365,349,332,352,270,332,342]","[969000,915000,734000,1027000,1008000,935000,936000,757000,952000,956000]",365,9189000
15,46,10,"[349,267,316,363,336,391,344,297,312,356]","[1008000,777000,859000,1010000,980000,1116000,931000,797000,873000,1060000]",391,9411000
15,47,10,"[351,327,275,365,353,361,335,280,330,338]","[993000,903000,739000,1027000,1014000,1016000,941000,771000,945000,952000]",365,9301000
15,48,10,"[363,270,316,379,335,309,300,261,357,382]","[1019000,789000,857000,1061000,943000,852000,811000,729000,1031000,1092000]",382,9184000
15,49,10,"[301,266,322,380,335,358,335,273,379,296]","[852000,775000,877000,1034000,972000,1019000,902000,774000,1040000,846000]",380,9091000
15,50,10,"[322,313,318,371,350,363,325,274,306,347]","[923000,906000,878000,1038000,1014000,1029000,895000,749000,864000,970000]",371,9266000
15,51,10,"[341,330,254,367,355,338,343,275,332,356]","[973000,906000,691000,1029000,1022000,943000,939000,757000,949000,992000]",367,9201000
15,52,10,"[349,279,320,367,350,357,333,296,351,318]","[1000000,805000,862000,1028000,1014000,1021000,914000,812000,975000,914000]",367,9345000
15,53,10,"[360,345,317,365,354,347,343,303,360,359]","[1005000,948000,863000,1017000,1016000,961000,944000,824000,1038000,1058000]",365,9674000
15,54,10,"[323,308,349,371,351,314,321,277,335,357]","[925000,903000,959000,1042000,1015000,916000,904000,761000,919000,995000]",371,9339000
15,55,10,"[350,301,318,378,309,298,310,306,357,358]","[1012000,848000,862000,1059000,876000,805000,835000,858000,1020000,1067000]",378,9242000
15,56,10,"[352,282,321,349,339,302,341,272,333,357]","[1016000,803000,888000,999000,960000,835000,919000,745000,943000,994000]",357,9102000
15,57,10,"[404,268,325,375,353,332,277,295,351,322]","[1132000,775000,874000,1044000,1016000,941000,765000,803000,1003000,926000]",404,9279000
16,1,10,"[324,344,364,294,292,325,367,354,275,357]","[969000,988000,1060000,818000,812000,866000,1044000,1015000,795000,1034000]",367,9401000
16,2,10,"[319,367,351,320,307,276,329,388,216,339]","[937000,1004000,992000,910000,855000,785000,928000,1129000,664000,949000]",388,9153000
16,3,10,"[336,327,342,336,274,290,362,371,274,350]","[990000,922000,966000,973000,766000,795000,1020000,1063000,783000,1008000]",371,9286000
16,4,10,"[332,344,355,312,302,312,359,370,264,330]","[1003000,1011000,1016000,887000,814000,849000,998000,1067000,780000,947000]",370,9372000
16,5,10,"[294,333,324,310,342,254,359,407,217,330]","[882000,918000,909000,899000,979000,705000,1000000,1206000,644000,957000]",407,9099000
16,6,10,"[324,299,333,382,309,327,346,394,216,329]","[948000,855000,927000,1058000,859000,866000,996000,1153000,654000,941000]",394,9257000
16,7,10,"[319,369,330,321,306,305,332,398,214,330]","[944000,1061000,951000,905000,849000,839000,938000,1161000,659000,941000]",398,9248000
16,8,10,"[328,344,328,294,294,280,350,420,246,296]","[983000,980000,980000,825000,854000,754000,1017000,1205000,701000,859000]",420,9158000
16,9,10,"[333,327,385,337,275,307,319,369,279,349]","[992000,927000,1109000,965000,768000,841000,889000,1063000,799000,1013000]",385,9366000
16,10,10,"[362,314,338,389,261,347,307,375,271,300]","[1080000,914000,981000,1078000,717000,935000,875000,1075000,779000,859000]",389,9293000
16,11,10,"[333,326,355,338,298,314,359,369,279,349]","[996000,934000,1022000,963000,822000,855000,999000,1063000,811000,1007000]",369,9472000
16,12,10,"[335,369,363,281,296,313,360,371,279,349]","[1000000,1046000,1047000,802000,817000,851000,1001000,1067000,793000,1007000]",371,9431000
16,13,10,"[337,371,358,290,270,293,370,374,272,360]","[991000,1030000,1028000,838000,751000,809000,1050000,1067000,781000,1032000]",374,9377000
16,14,10,"[318,347,332,390,302,270,346,390,224,324]","[942000,987000,943000,1078000,824000,716000,980000,1155000,682000,951000]",390,9258000
16,15,10,"[336,324,386,292,270,290,370,371,271,356]","[998000,906000,1109000,842000,746000,795000,1048000,1063000,775000,1024000]",386,9306000
16,16,10,"[358,355,325,316,315,225,361,396,239,332]","[1066000,1040000,931000,895000,888000,627000,998000,1147000,700000,957000]",396,9249000
16,17,10,"[317,298,333,386,308,327,358,394,215,331]","[937000,851000,927000,1066000,854000,878000,1013000,1153000,654000,941000]",394,9274000
16,18,10,"[320,357,335,382,310,318,349,391,218,298]","[939000,1026000,924000,1058000,857000,857000,1009000,1139000,654000,863000]",391,9326000
16,19,10,"[331,365,354,312,301,311,361,369,280,350]","[989000,1032000,1020000,887000,828000,845000,998000,1063000,805000,1007000]",369,9474000
16,20,10,"[308,387,337,387,306,345,348,320,271,294]","[917000,1115000,987000,1080000,843000,936000,992000,929000,781000,855000]",387,9435000
16,21,10,"[372,386,441,361,360,275,359,368,311,395]","[1147000,1098000,1233000,1060000,963000,704000,1040000,1053000,967000,1207000]",441,10472000
16,22,10,"[365,346,301,400,352,284,349,391,256,335]","[1058000,1003000,862000,1121000,968000,738000,992000,1118000,769000,950000]",400,9579000
16,23,10,"[287,400,310,338,350,244,366,447,248,344]","[851000,1108000,881000,992000,989000,695000,1018000,1270000,734000,993000]",447,9531000
16,24,10,"[334,375,317,400,303,311,365,396,263,327]","[990000,1031000,882000,1140000,857000,804000,1072000,1156000,779000,941000]",400,9652000
16,25,10,"[325,307,420,310,292,290,349,407,221,339]","[949000,887000,1175000,887000,785000,773000,1006000,1201000,665000,953000]",420,9281000
16,26,10,"[269,408,327,312,310,256,357,418,247,343]","[810000,1163000,936000,891000,878000,705000,1030000,1220000,718000,983000]",418,9334000
16,27,10,"[314,338,333,391,308,268,343,390,226,324]","[937000,963000,943000,1075000,845000,716000,992000,1155000,686000,948000]",391,9260000
16,28,10,"[341,357,318,401,301,314,363,394,259,327]","[1005000,1018000,882000,1141000,823000,837000,1068000,1164000,774000,945000]",401,9657000
16,29,10,"[406,369,336,418,332,271,367,411,312,390]","[1267000,1086000,980000,1211000,910000,740000,1048000,1169000,1012000,1148000]",418,10571000
16,30,10,"[296,409,313,329,343,269,370,450,256,351]","[860000,1115000,901000,967000,956000,747000,1024000,1277000,776000,1000000]",450,9623000
16,31,10,"[365,386,352,399,319,273,354,392,297,395]","[1145000,1089000,989000,1134000,872000,703000,1040000,1133000,943000,1195000]",399,10243000
16,32,10,"[325,377,354,314,301,290,337,388,218,334]","[956000,1045000,1012000,896000,797000,771000,960000,1131000,659000,941000]",388,9168000
16,33,10,"[318,350,328,296,302,267,330,408,222,329]","[939000,989000,938000,844000,824000,704000,944000,1168000,681000,967000]",408,8998000
16,34,10,"[296,334,327,313,340,275,357,428,226,341]","[877000,925000,918000,905000,969000,754000,998000,1225000,648000,973000]",428,9192000
16,35,10,"[289,399,305,335,352,236,372,440,248,343]","[851000,1100000,865000,988000,994000,658000,1025000,1255000,736000,987000]",440,9459000
16,36,10,"[307,340,313,407,339,298,364,389,269,340]","[917000,970000,875000,1151000,925000,807000,1060000,1138000,796000,959000]",407,9598000
16,37,10,"[304,380,372,283,386,373,361,396,262,332]","[901000,1095000,1041000,807000,1061000,1028000,1043000,1144000,783000,953000]",396,9856000
16,38,10,"[262,437,382,286,271,300,362,377,277,347]","[774000,1210000,1097000,823000,750000,820000,1020000,1082000,808000,1003000]",437,9387000
16,39,10,"[328,386,354,310,314,254,397,367,276,359]","[986000,1079000,1035000,877000,883000,700000,1118000,1020000,786000,1027000]",397,9511000
16,40,10,"[351,315,373,313,311,253,345,425,255,350]","[1065000,919000,1024000,892000,874000,700000,1002000,1258000,742000,1032000]",425,9508000
16,41,10,"[288,430,331,313,347,263,363,438,249,302]","[860000,1208000,938000,905000,1004000,755000,1003000,1269000,722000,864000]",438,9528000
16,42,10,"[368,345,295,399,333,277,357,395,261,334]","[1078000,999000,851000,1122000,918000,718000,1013000,1156000,771000,947000]",399,9573000
16,43,10,"[336,373,378,314,309,296,358,371,270,351]","[995000,1076000,1071000,891000,846000,828000,994000,1063000,776000,1007000]",378,9547000
16,44,10,"[333,313,355,399,322,275,375,401,264,330]","[1008000,865000,1018000,1140000,898000,709000,1095000,1172000,783000,950000]",401,9638000
16,45,10,"[321,338,357,292,291,292,348,389,226,335]","[947000,973000,997000,832000,777000,771000,1005000,1131000,668000,943000]",389,9044000
16,46,10,"[315,362,355,320,304,220,327,399,224,330]","[933000,1007000,1016000,895000,834000,617000,938000,1140000,685000,970000]",399,9035000
16,47,10,"[352,326,331,315,352,265,370,435,250,304]","[1064000,918000,941000,918000,1019000,715000,1021000,1248000,694000,877000]",435,9415000
16,48,10,"[300,370,337,383,310,317,368,391,218,330]","[871000,1058000,928000,1060000,863000,856000,1074000,1148000,658000,946000]",391,9462000
16,49,10,"[331,381,344,313,318,342,355,373,275,354]","[985000,1066000,970000,896000,915000,938000,989000,1071000,793000,1022000]",381,9645000
16,50,10,"[329,349,363,290,294,326,367,350,277,358]","[975000,993000,1053000,808000,816000,883000,1046000,1007000,795000,1020000]",367,9396000
16,51,10,"[318,368,356,320,310,279,330,399,221,348]","[939000,1000000,1002000,910000,861000,775000,933000,1157000,662000,966000]",399,9205000
16,52,10,"[335,329,338,335,273,288,362,371,273,349]","[994000,930000,955000,991000,757000,791000,1020000,1067000,781000,1008000]",371,9294000
16,53,10,"[334,348,355,312,264,310,354,370,311,332]","[993000,1013000,1016000,887000,713000,847000,987000,1067000,931000,967000]",370,9421000
16,54,10,"[294,330,324,310,340,254,359,376,222,363]","[877000,913000,909000,899000,975000,705000,1000000,1105000,654000,1068000]",376,9105000
16,55,10,"[325,302,334,353,314,325,367,392,309,331]","[959000,862000,932000,969000,856000,864000,1057000,1153000,865000,953000]",392,9470000
16,56,10,"[346,369,330,321,300,305,332,367,216,330]","[1020000,1048000,951000,905000,822000,839000,938000,1072000,663000,941000]",369,9199000
16,57,10,"[325,356,328,294,295,288,353,421,246,296]","[977000,1029000,980000,825000,853000,771000,1026000,1207000,701000,859000]",421,9228000
16,58,10,"[334,326,384,338,278,303,326,372,283,322]","[997000,931000,1102000,963000,780000,831000,909000,1071000,818000,962000]",384,9364000
16,59,10,"[359,315,338,389,288,345,307,373,231,299]","[1077000,914000,981000,1078000,787000,931000,875000,1071000,675000,859000]",389,9248000
16,60,10,"[347,326,360,341,315,309,360,373,294,369]","[1073000,946000,1025000,969000,843000,849000,1012000,1073000,862000,1061000]",373,9713000
16,61,10,"[349,329,363,281,313,306,385,377,283,350]","[1073000,957000,1048000,802000,863000,839000,1082000,1079000,809000,1009000]",385,9561000
16,62,10,"[337,370,353,293,266,296,358,371,275,359]","[989000,1026000,1012000,844000,737000,816000,1032000,1067000,791000,1030000]",371,9344000
16,63,10,"[318,347,332,390,302,270,346,394,224,324]","[942000,987000,943000,1078000,824000,701000,970000,1169000,682000,951000]",394,9247000
16,64,10,"[383,328,388,289,274,291,370,374,267,347]","[1082000,931000,1115000,825000,773000,801000,1041000,1069000,771000,1003000]",388,9411000
16,65,10,"[355,352,325,316,313,219,367,395,240,334]","[1063000,1038000,931000,901000,884000,603000,1031000,1147000,705000,957000]",395,9260000
16,66,10,"[320,331,335,386,272,325,356,395,213,334]","[941000,948000,931000,1066000,739000,876000,1016000,1148000,654000,946000]",395,9265000
16,67,10,"[318,419,255,382,307,318,349,388,225,298]","[935000,1186000,717000,1058000,851000,857000,1009000,1133000,667000,863000]",419,9276000
16,68,10,"[329,362,354,313,297,313,356,374,276,355]","[983000,1033000,1020000,892000,811000,843000,994000,1073000,791000,1022000]",374,9462000
16,69,10,"[311,325,338,384,309,343,387,319,273,302]","[940000,947000,985000,1068000,848000,932000,1105000,921000,782000,885000]",387,9413000
17,1,10,"[265,382,379,379,376,371,372,376,383,319]","[813000,1103000,1035000,1069000,1136000,987000,1045000,1048000,1096000,876000]",383,10208000
17,2,10,"[257,383,375,345,372,383,386,330,377,294]","[788000,1120000,1039000,1008000,1092000,1080000,1072000,912000,1044000,817000]",386,9972000
17,3,10,"[243,304,366,395,400,319,324,384,352,248]","[748000,896000,1044000,1151000,1189000,847000,906000,1092000,1013000,723000]",400,9609000
17,4,10,"[266,384,332,346,383,358,355,340,387,329]","[818000,1112000,930000,1004000,1097000,953000,990000,963000,1064000,894000]",387,9825000
17,5,10,"[243,304,362,388,410,324,325,362,352,248]","[748000,896000,1036000,1127000,1227000,865000,906000,1039000,1013000,723000]",410,9580000
17,6,10,"[258,387,346,353,398,283,374,333,376,324]","[784000,1125000,962000,1021000,1117000,775000,1056000,939000,1064000,877000]",398,9720000
17,7,10,"[242,313,408,398,405,317,285,337,379,246]","[745000,924000,1170000,1151000,1192000,846000,804000,950000,1078000,738000]",408,9598000
17,8,10,"[245,325,358,383,398,377,393,380,368,243]","[731000,911000,1022000,1124000,1159000,1013000,1082000,1064000,1026000,704000]",398,9836000
17,9,10,"[265,382,379,379,378,371,378,377,383,321]","[813000,1103000,1035000,1069000,1140000,984000,1054000,1053000,1096000,880000]",383,10227000
17,10,10,"[252,379,328,341,366,391,372,323,403,247]","[768000,1096000,925000,982000,1077000,1095000,1023000,894000,1109000,652000]",403,9621000
17,11,10,"[240,297,362,371,402,316,379,382,345,245]","[729000,882000,1035000,1111000,1189000,845000,1049000,1086000,1003000,731000]",402,9660000
17,12,10,"[256,382,359,352,397,384,377,327,348,329]","[774000,1104000,993000,1022000,1121000,1057000,1033000,889000,974000,888000]",397,9855000
17,13,10,"[239,297,358,397,402,318,324,330,419,243]","[717000,876000,1034000,1166000,1193000,851000,891000,936000,1206000,724000]",419,9594000
17,14,10,"[252,379,328,341,366,410,372,302,403,247]","[768000,1096000,925000,982000,1077000,1148000,1023000,837000,1109000,652000]",410,9617000
17,15,10,"[266,389,342,346,373,361,355,339,389,327]","[818000,1129000,979000,1004000,1052000,968000,990000,963000,1074000,894000]",389,9871000
17,16,10,"[273,319,329,366,377,385,378,350,371,387]","[863000,946000,931000,1020000,1085000,1089000,1035000,933000,1009000,1031000]",387,9942000
17,17,10,"[241,261,372,369,400,321,380,380,343,272]","[728000,760000,1085000,1090000,1189000,860000,1053000,1087000,997000,812000]",400,9661000
17,18,10,"[243,287,361,398,401,319,383,379,349,247]","[738000,848000,1034000,1159000,1191000,843000,1053000,1085000,1022000,734000]",401,9707000
17,19,10,"[259,383,361,349,394,382,385,331,364,329]","[788000,1108000,993000,1022000,1119000,1047000,1047000,915000,999000,888000]",394,9926000
17,20,10,"[239,297,361,400,401,318,330,330,420,243]","[717000,876000,1040000,1166000,1191000,851000,919000,936000,1211000,724000]",420,9631000
17,21,10,"[267,384,317,350,391,344,458,377,369,329]","[818000,1110000,880000,1024000,1115000,916000,1276000,1033000,1031000,892000]",458,10095000
17,22,10,"[272,355,354,348,393,379,399,314,374,394]","[862000,1081000,1019000,1011000,1104000,1031000,1107000,817000,1026000,1047000]",399,10105000
17,23,10,"[251,377,377,415,362,393,389,361,427,249]","[767000,1142000,1101000,1181000,1055000,1104000,1082000,986000,1215000,745000]",427,10378000
17,24,10,"[256,286,367,382,377,427,334,331,455,258]","[801000,838000,1061000,1142000,1089000,1171000,924000,889000,1308000,778000]",455,10001000
17,25,10,"[252,386,304,376,374,349,377,329,375,325]","[776000,1118000,858000,1060000,1026000,986000,1064000,915000,1059000,873000]",386,9735000
17,26,10,"[251,379,328,342,372,416,378,297,399,246]","[773000,1096000,925000,984000,1075000,1186000,1041000,830000,1101000,652000]",416,9663000
17,27,10,"[239,296,360,389,409,323,332,296,453,244]","[726000,872000,1035000,1129000,1222000,871000,934000,832000,1301000,732000]",453,9654000
17,28,10,"[250,385,416,430,416,316,360,333,398,323]","[771000,1121000,1206000,1268000,1216000,882000,995000,934000,1078000,879000]",430,10350000
17,29,10,"[274,272,365,391,369,393,376,355,366,387]","[851000,795000,1027000,1089000,1077000,1105000,1034000,942000,1005000,1029000]",393,9954000
17,30,10,"[239,295,397,397,401,315,332,331,458,294]","[710000,875000,1104000,1172000,1191000,857000,922000,925000,1314000,855000]",458,9925000
17,31,10,"[245,290,357,397,400,335,381,339,420,250]","[754000,822000,1025000,1166000,1189000,925000,1049000,960000,1210000,753000]",420,9853000
17,32,10,"[256,385,351,340,365,390,374,346,429,248]","[776000,1114000,941000,983000,1075000,1083000,1027000,968000,1206000,652000]",429,9825000
17,33,10,"[232,343,380,402,365,334,467,372,385,311]","[694000,1007000,1032000,1163000,1075000,897000,1294000,1023000,1079000,916000]",467,10180000
17,34,10,"[252,337,373,353,423,318,342,339,407,249]","[772000,995000,1060000,1024000,1245000,866000,962000,952000,1165000,765000]",423,9806000
17,35,10,"[251,249,380,366,376,364,364,390,418,257]","[768000,713000,1095000,1101000,1107000,984000,1033000,1071000,1205000,754000]",418,9831000
17,36,10,"[237,313,379,374,428,414,379,329,420,246]","[747000,923000,1083000,1066000,1216000,1139000,1044000,930000,1222000,727000]",428,10097000
17,37,10,"[239,296,357,397,401,319,343,341,417,243]","[724000,872000,1029000,1160000,1187000,849000,929000,933000,1202000,724000]",417,9609000
17,38,10,"[267,384,317,350,391,397,458,377,369,329]","[818000,1110000,880000,1024000,1115000,1058000,1276000,1033000,1031000,892000]",458,10237000
17,39,10,"[262,388,342,348,370,383,386,333,385,285]","[791000,1125000,979000,1004000,1055000,1077000,1056000,902000,1058000,756000]",388,9803000
17,40,10,"[238,308,357,396,399,316,380,331,388,243]","[728000,914000,1025000,1152000,1187000,848000,1045000,936000,1112000,741000]",399,9688000
17,41,10,"[389,2507,396,398,406,420,321,371,2634,266]","[1033000,5248000,1109000,1155000,1170000,1097000,906000,1004000,5673000,771000]",2634,19166000
17,42,10,"[244,373,363,388,391,395,377,345,354,339]","[726000,1061000,1044000,1139000,1113000,1054000,1033000,942000,988000,901000]",395,10001000
17,43,10,"[265,312,353,319,405,416,358,333,432,336]","[816000,922000,983000,897000,1183000,1164000,1002000,913000,1182000,917000]",432,9979000
17,44,10,"[308,443,383,413,403,299,380,355,435,354]","[1000000,1293000,1036000,1181000,1199000,808000,1063000,992000,1218000,995000]",443,10785000
17,45,10,"[251,380,361,356,401,306,388,362,364,302]","[778000,1103000,999000,1022000,1130000,854000,1115000,1018000,1008000,846000]",401,9873000
17,46,10,"[259,288,373,370,400,309,385,314,421,307]","[818000,843000,1107000,1103000,1185000,827000,1064000,877000,1167000,911000]",421,9902000
17,47,10,"[243,359,441,401,415,418,319,339,329,247]","[762000,1075000,1291000,1172000,1217000,1124000,908000,958000,913000,692000]",441,10112000
17,48,10,"[251,290,403,382,381,438,320,328,454,257]","[796000,833000,1126000,1142000,1109000,1221000,883000,880000,1306000,784000]",454,10080000
17,49,10,"[266,385,405,396,382,375,334,342,393,367]","[832000,1127000,1166000,1152000,1106000,1021000,919000,952000,1077000,1028000]",405,10380000
17,50,10,"[250,379,325,354,406,353,358,327,429,333]","[773000,1100000,892000,1023000,1136000,950000,981000,931000,1162000,888000]",429,9836000
17,51,10,"[238,297,376,373,402,318,384,391,389,244]","[747000,862000,1090000,1102000,1202000,856000,1066000,1065000,1096000,737000]",402,9823000
17,52,10,"[239,296,363,392,409,326,332,296,450,244]","[726000,872000,1041000,1135000,1222000,886000,934000,832000,1295000,732000]",450,9675000
17,53,10,"[261,363,364,373,389,357,408,342,431,258]","[807000,1115000,1064000,1057000,1066000,960000,1153000,984000,1263000,799000]",431,10268000
17,54,10,"[241,265,373,375,405,312,404,382,400,246]","[733000,768000,1074000,1131000,1191000,834000,1080000,1094000,1151000,709000]",405,9765000
17,55,10,"[266,381,414,339,364,392,383,329,382,261]","[771000,1180000,1199000,999000,1062000,1099000,1044000,907000,1048000,736000]",414,10045000
17,56,10,"[282,325,339,329,391,424,370,353,388,390]","[868000,961000,940000,886000,1125000,1183000,1001000,954000,1114000,1041000]",424,10073000
17,57,10,"[249,401,395,339,363,390,423,362,429,255]","[794000,1196000,1152000,999000,1057000,1071000,1155000,994000,1239000,743000]",429,10400000
17,58,10,"[248,326,357,382,398,353,469,377,374,243]","[763000,910000,1025000,1124000,1156000,985000,1301000,1044000,1046000,703000]",469,10057000
17,59,10,"[243,297,353,392,399,330,458,331,416,248]","[759000,877000,1016000,1126000,1187000,881000,1271000,941000,1201000,745000]",458,10004000
17,60,10,"[281,392,347,348,400,411,391,365,381,338]","[864000,1143000,1006000,1015000,1081000,1107000,1100000,1012000,1052000,893000]",411,10273000
17,61,10,"[296,412,355,370,400,361,407,349,392,340]","[955000,1236000,978000,1058000,1151000,965000,1127000,914000,1071000,942000]",412,10397000
17,62,10,"[392,2507,399,401,419,421,321,348,2634,266]","[1048000,5248000,1114000,1159000,1200000,1100000,906000,945000,5673000,771000]",2634,19164000
17,63,10,"[280,402,334,352,384,358,353,336,389,324]","[849000,1160000,936000,1028000,1095000,959000,984000,948000,1068000,888000]",402,9915000
17,64,10,"[261,390,370,348,361,425,344,329,371,297]","[815000,1125000,1029000,1016000,1046000,1197000,934000,898000,1007000,805000]",425,9872000
17,65,10,"[256,383,369,350,372,389,381,331,366,295]","[787000,1108000,1014000,1013000,1095000,1100000,1053000,912000,1003000,787000]",389,9872000
17,66,10,"[248,296,351,401,399,387,376,365,444,254]","[743000,874000,1012000,1165000,1194000,1043000,1028000,1010000,1225000,758000]",444,10052000
17,67,10,"[251,380,332,348,410,403,369,303,407,247]","[769000,1096000,935000,996000,1124000,1134000,1005000,836000,1113000,654000]",410,9662000
17,68,10,"[265,393,356,304,377,461,379,298,397,249]","[804000,1146000,1022000,854000,1122000,1311000,1041000,821000,1097000,654000]",461,9872000
17,69,10,"[318,442,365,388,398,392,331,326,355,346]","[958000,1299000,1037000,1139000,1159000,1066000,925000,886000,971000,962000]",442,10402000
17,70,10,"[307,293,356,367,404,431,351,323,389,256]","[865000,860000,1024000,1091000,1203000,1141000,958000,895000,1064000,775000]",431,9876000
17,71,10,"[258,379,422,399,413,377,334,315,354,366]","[797000,1100000,1117000,1153000,1183000,1026000,940000,877000,994000,1038000]",422,10225000
17,72,10,"[255,380,337,349,353,401,324,334,420,255]","[789000,1099000,949000,996000,1042000,1111000,901000,944000,1191000,668000]",420,9690000
17,73,10,"[240,470,356,386,381,307,332,392,476,244]","[728000,1324000,1020000,1064000,1138000,832000,903000,1069000,1342000,732000]",476,10152000
17,74,10,"[2100,275,592,396,394,366,319,362,518,1643]","[4499000,791000,1547000,1153000,1151000,990000,902000,1001000,1414000,3520000]",2100,16968000
17,75,10,"[260,386,396,396,425,317,418,337,425,284]","[786000,1147000,1178000,1150000,1283000,845000,1183000,962000,1231000,829000]",425,10594000
17,76,10,"[265,384,379,381,376,375,374,376,385,319]","[813000,1103000,1035000,1067000,1136000,995000,1045000,1048000,1112000,876000]",385,10230000
17,77,10,"[257,383,373,351,372,377,384,331,377,293]","[789000,1120000,1033000,1016000,1094000,1065000,1055000,916000,1044000,818000]",384,9950000
17,78,10,"[251,320,370,399,402,313,326,385,350,249]","[750000,952000,1059000,1172000,1193000,826000,910000,1087000,1007000,765000]",402,9721000
17,79,10,"[269,387,334,342,383,361,351,337,389,322]","[828000,1117000,954000,990000,1097000,967000,978000,948000,1069000,882000]",389,9830000
17,80,10,"[243,290,359,388,410,324,331,363,352,247]","[738000,863000,1030000,1127000,1227000,861000,922000,1038000,1034000,734000]",410,9574000
17,81,10,"[253,385,352,349,396,275,385,332,377,330]","[766000,1114000,962000,1006000,1129000,772000,1079000,920000,1066000,901000]",396,9715000
17,82,10,"[240,314,401,401,402,315,292,364,380,244]","[733000,920000,1161000,1171000,1193000,841000,816000,1021000,1085000,723000]",402,9664000
17,83,10,"[241,322,357,382,395,374,390,377,367,239]","[750000,907000,1022000,1134000,1154000,1015000,1078000,1048000,1027000,697000]",395,9832000
17,84,10,"[266,384,381,383,376,368,375,379,386,319]","[818000,1103000,1035000,1072000,1134000,972000,1048000,1064000,1104000,876000]",386,10226000
17,85,10,"[252,379,328,346,366,391,372,312,403,247]","[768000,1096000,925000,998000,1077000,1095000,1023000,860000,1109000,652000]",403,9603000
17,86,10,"[241,330,363,372,403,311,387,383,343,247]","[730000,948000,1046000,1116000,1189000,832000,1056000,1086000,999000,740000]",403,9742000
17,87,10,"[258,383,360,353,396,380,385,331,349,335]","[786000,1104000,993000,1024000,1124000,1037000,1051000,896000,969000,924000]",396,9908000
17,88,10,"[239,294,365,396,409,316,325,332,422,243]","[717000,870000,1060000,1167000,1203000,847000,893000,936000,1212000,724000]",422,9629000
17,89,10,"[256,383,321,370,369,415,374,304,405,248]","[778000,1107000,915000,1034000,1095000,1161000,1026000,828000,1113000,662000]",415,9719000
17,90,10,"[268,390,343,347,374,352,353,346,385,322]","[828000,1129000,981000,1004000,1052000,960000,986000,975000,1061000,882000]",390,9858000
17,91,10,"[265,316,333,371,408,386,304,351,372,386]","[824000,935000,934000,1030000,1193000,1091000,846000,929000,1005000,1033000]",408,9820000
17,92,10,"[233,282,364,377,415,307,387,387,346,289]","[728000,795000,1048000,1123000,1226000,829000,1069000,1101000,1005000,881000]",415,9805000
17,93,10,"[244,302,390,401,406,313,337,380,348,250]","[743000,898000,1108000,1175000,1208000,830000,941000,1082000,1007000,738000]",406,9730000
17,94,10,"[260,383,361,352,397,380,374,332,364,335]","[787000,1108000,993000,1028000,1124000,1037000,1025000,905000,999000,900000]",397,9906000
17,95,10,"[245,311,365,394,401,272,322,330,420,268]","[718000,902000,1030000,1157000,1187000,716000,902000,936000,1212000,822000]",420,9582000
18,1,10,"[258,380,390,322,353,379,382,382,304,236]","[796000,1111000,1064000,926000,1033000,1091000,1067000,1043000,808000,612000]",390,9551000
18,2,10,"[208,397,380,288,366,369,374,326,281,192]","[631000,1194000,1043000,802000,1055000,1030000,1081000,898000,813000,552000]",397,9099000
18,3,10,"[348,374,390,322,353,379,382,382,301,241]","[1056000,1097000,1064000,926000,1033000,1091000,1064000,1043000,803000,631000]",390,9808000
18,4,10,"[209,395,381,292,367,451,319,327,288,181]","[641000,1181000,1047000,807000,1059000,1260000,905000,897000,809000,507000]",451,9113000
18,5,10,"[254,383,312,381,399,376,381,379,274,284]","[782000,1108000,858000,1077000,1151000,1074000,1059000,1034000,721000,738000]",399,9602000
18,6,10,"[348,375,396,285,370,380,374,357,308,241]","[1055000,1090000,1072000,807000,1067000,1056000,1038000,963000,837000,630000]",396,9615000
18,7,10,"[260,343,362,327,400,365,381,338,321,168]","[759000,969000,1048000,899000,1181000,1018000,1054000,910000,869000,473000]",400,9180000
18,8,10,"[347,378,400,281,373,383,381,358,302,241]","[1057000,1092000,1080000,790000,1073000,1062000,1059000,968000,836000,630000]",400,9647000
18,9,10,"[232,325,312,392,399,402,350,351,321,173]","[671000,950000,852000,1117000,1173000,1089000,999000,1008000,889000,494000]",402,9242000
18,10,10,"[232,415,388,328,357,377,301,329,288,189]","[707000,1215000,1064000,950000,1040000,1086000,861000,913000,824000,551000]",415,9211000
18,11,10,"[348,374,390,322,353,379,352,382,337,241]","[1056000,1097000,1064000,926000,1033000,1091000,966000,1043000,915000,631000]",390,9822000
18,12,10,"[209,421,376,292,367,451,327,328,288,181]","[641000,1232000,1038000,807000,1059000,1260000,918000,899000,825000,507000]",451,9186000
18,13,10,"[355,389,342,324,396,345,360,386,322,233]","[1068000,1112000,945000,924000,1156000,998000,999000,1051000,869000,619000]",396,9741000
18,14,10,"[233,356,407,325,400,367,381,329,315,179]","[671000,984000,1159000,899000,1178000,1017000,1054000,898000,877000,518000]",407,9255000
18,15,10,"[263,374,356,328,375,431,382,331,264,166]","[790000,1095000,993000,909000,1079000,1219000,1054000,905000,726000,472000]",431,9242000
18,16,10,"[211,426,381,292,367,451,319,329,288,192]","[631000,1238000,1047000,807000,1059000,1260000,905000,901000,839000,547000]",451,9234000
18,17,10,"[354,386,359,321,397,383,352,387,313,235]","[1062000,1109000,997000,909000,1142000,1072000,986000,1053000,856000,623000]",397,9809000
18,18,10,"[331,376,394,341,396,373,352,389,351,294]","[940000,1073000,1106000,991000,1179000,1013000,1013000,1101000,958000,802000]",396,10176000
18,19,10,"[231,374,313,382,396,402,355,402,276,234]","[677000,1088000,862000,1070000,1168000,1089000,990000,1119000,729000,599000]",402,9391000
18,20,10,"[237,349,392,334,377,431,383,338,318,163]","[702000,962000,1111000,913000,1085000,1219000,1056000,916000,871000,467000]",431,9302000
18,21,10,"[305,430,391,268,338,419,355,386,310,239]","[922000,1236000,1089000,758000,980000,1207000,990000,1051000,842000,629000]",430,9704000
18,22,10,"[245,307,360,382,400,371,403,327,314,175]","[733000,868000,1000000,1076000,1163000,1067000,1138000,887000,862000,492000]",403,9286000
18,23,10,"[308,365,391,293,368,423,400,385,330,243]","[928000,1075000,1086000,816000,1066000,1198000,1115000,1070000,896000,639000]",423,9889000
18,24,10,"[262,421,392,323,356,382,386,350,268,249]","[804000,1229000,1068000,927000,1039000,1075000,1059000,1003000,751000,701000]",421,9656000
18,25,10,"[258,340,350,286,367,456,319,347,330,183]","[738000,979000,982000,800000,1055000,1270000,905000,972000,927000,533000]",456,9161000
18,26,10,"[245,431,388,324,357,376,302,323,288,194]","[720000,1258000,1064000,939000,1042000,1084000,863000,889000,824000,581000]",431,9264000
18,27,10,"[310,413,392,286,398,383,382,386,277,245]","[943000,1216000,1068000,814000,1159000,1113000,1074000,1051000,731000,626000]",413,9795000
18,28,10,"[237,349,399,336,376,432,382,338,320,163]","[702000,962000,1149000,918000,1083000,1219000,1054000,916000,873000,467000]",432,9343000
18,29,10,"[199,394,357,331,374,434,388,341,279,215]","[596000,1176000,1023000,924000,1081000,1224000,1078000,943000,767000,661000]",434,9473000
18,30,10,"[231,415,388,321,357,377,384,297,288,191]","[705000,1215000,1064000,927000,1039000,1086000,1069000,819000,821000,551000]",415,9296000
18,31,10,"[316,475,327,342,397,455,329,422,327,311]","[910000,1342000,895000,994000,1171000,1221000,922000,1168000,917000,826000]",475,10366000
18,32,10,"[213,396,384,291,365,429,368,370,288,194]","[646000,1186000,1054000,809000,1055000,1232000,1036000,1012000,838000,562000]",429,9430000
18,33,10,"[364,384,314,383,401,382,374,380,314,325]","[1082000,1108000,860000,1081000,1153000,1105000,1048000,1047000,883000,1069000]",401,10436000
18,34,10,"[251,360,393,331,388,403,407,370,319,181]","[714000,990000,1116000,912000,1104000,1141000,1160000,998000,876000,518000]",407,9529000
18,35,10,"[260,289,410,330,401,362,381,336,321,168]","[759000,813000,1192000,924000,1183000,1009000,1054000,910000,865000,473000]",410,9182000
18,36,10,"[208,396,378,288,365,420,343,326,281,191]","[631000,1184000,1042000,804000,1055000,1151000,994000,895000,813000,547000]",420,9116000
18,37,10,"[349,378,397,325,353,385,380,362,301,237]","[1062000,1094000,1072000,937000,1031000,1099000,1064000,991000,831000,625000]",397,9806000
18,38,10,"[325,445,344,374,397,439,387,379,320,326]","[932000,1280000,949000,1043000,1152000,1166000,1089000,1042000,907000,885000]",445,10445000
18,39,10,"[238,424,415,334,377,433,387,284,324,166]","[704000,1190000,1118000,930000,1083000,1224000,1078000,776000,882000,472000]",433,9457000
18,40,10,"[226,314,410,330,402,361,381,331,320,168]","[680000,882000,1192000,924000,1187000,1007000,1054000,898000,867000,473000]",410,9164000
18,41,10,"[233,391,407,295,430,433,387,328,280,183]","[675000,1137000,1094000,851000,1184000,1229000,1077000,899000,786000,511000]",433,9443000
18,42,10,"[344,397,382,291,403,385,388,338,372,326]","[1216000,1179000,1050000,805000,1164000,1052000,1079000,926000,1051000,1135000]",403,10657000
18,43,10,"[229,417,390,321,358,380,361,318,289,188]","[705000,1230000,1068000,927000,1043000,1104000,996000,884000,853000,551000]",417,9361000
18,44,10,"[309,402,381,297,374,382,378,359,296,240]","[931000,1189000,1063000,825000,1066000,1058000,1051000,972000,802000,629000]",402,9586000
18,45,10,"[574,643,361,338,413,388,341,329,312,253]","[1717000,1768000,982000,997000,1197000,1077000,1007000,895000,863000,701000]",643,11204000
18,46,10,"[254,420,381,291,367,451,319,329,286,237]","[749000,1230000,1060000,805000,1059000,1260000,905000,901000,793000,675000]",451,9437000
18,47,10,"[327,458,374,287,414,432,377,383,309,296]","[936000,1316000,1033000,805000,1211000,1152000,1072000,1070000,870000,818000]",458,10283000
18,48,10,"[313,432,386,324,337,394,355,391,316,233]","[929000,1238000,1075000,921000,955000,1143000,984000,1076000,859000,619000]",432,9799000
18,49,10,"[311,422,396,285,371,389,377,364,307,241]","[931000,1231000,1072000,807000,1069000,1087000,1043000,991000,844000,627000]",422,9702000
18,50,10,"[256,384,379,331,357,379,382,382,302,236]","[786000,1113000,1018000,957000,1032000,1080000,1067000,1043000,803000,619000]",384,9518000
18,51,10,"[232,328,398,349,395,405,350,347,320,173]","[671000,952000,1089000,956000,1167000,1095000,1002000,988000,889000,494000]",405,9303000
18,52,10,"[368,417,399,293,385,459,355,381,334,301]","[1136000,1221000,1105000,810000,1094000,1294000,1037000,1039000,885000,980000]",459,10601000
18,53,10,"[350,371,388,323,357,376,399,346,285,237]","[1065000,1082000,1064000,924000,1053000,1089000,1109000,956000,784000,625000]",399,9751000
18,54,10,"[315,432,318,383,371,416,355,386,269,236]","[933000,1243000,877000,1071000,1075000,1150000,991000,1051000,743000,624000]",432,9758000
18,55,10,"[281,428,370,293,374,436,391,344,283,228]","[888000,1242000,1061000,812000,1090000,1244000,1081000,955000,799000,706000]",436,9878000
18,56,10,"[209,421,390,281,383,452,327,328,289,181]","[641000,1232000,1060000,789000,1092000,1248000,918000,899000,830000,507000]",452,9216000
18,57,10,"[355,395,312,424,373,375,404,353,357,361]","[1058000,1156000,867000,1202000,1081000,1085000,1117000,968000,990000,1118000]",424,10642000
18,58,10,"[284,398,338,389,400,403,336,340,293,251]","[883000,1186000,917000,1093000,1171000,1091000,991000,968000,813000,808000]",403,9921000
18,59,10,"[276,370,353,326,384,429,377,332,275,177]","[806000,1080000,990000,899000,1111000,1221000,1059000,914000,787000,532000]",429,9399000
18,60,10,"[316,376,416,331,375,431,392,339,289,222]","[995000,1034000,1204000,904000,1083000,1219000,1084000,930000,801000,656000]",431,9910000
18,61,10,"[306,432,346,319,360,455,320,525,390,229]","[922000,1245000,949000,905000,1034000,1254000,880000,1491000,1090000,611000]",525,10381000
18,62,10,"[233,355,401,331,404,375,387,328,315,179]","[671000,984000,1147000,917000,1191000,1034000,1073000,896000,874000,518000]",404,9305000
18,63,10,"[307,411,312,364,395,421,361,395,268,239]","[922000,1215000,857000,1031000,1108000,1207000,1002000,1068000,749000,628000]",421,9787000
18,64,10,"[305,434,394,294,355,443,357,389,317,240]","[922000,1240000,1095000,832000,1019000,1251000,992000,1057000,859000,625000]",443,9892000
18,65,10,"[628,517,346,332,339,416,358,396,310,485]","[1908000,1532000,968000,948000,990000,1190000,992000,1075000,842000,1503000]",628,11948000
18,66,10,"[211,397,332,331,355,474,325,329,287,192]","[636000,1182000,906000,940000,1037000,1314000,915000,907000,830000,551000]",474,9218000
18,67,10,"[414,440,319,381,399,376,464,333,315,347]","[1308000,1263000,881000,1074000,1153000,1077000,1291000,924000,875000,1180000]",464,11026000
18,68,10,"[417,516,342,286,369,390,381,367,311,278]","[1359000,1540000,973000,803000,1071000,1087000,1046000,983000,849000,751000]",516,10462000
18,69,10,"[232,326,355,397,388,402,348,351,322,173]","[671000,950000,977000,1099000,1136000,1089000,999000,1008000,887000,494000]",402,9310000
18,70,10,"[260,375,388,321,357,377,384,284,288,175]","[800000,1101000,1064000,927000,1039000,1091000,1071000,775000,800000,486000]",388,9154000
18,71,10,"[208,417,378,344,359,379,329,326,283,191]","[631000,1221000,1048000,955000,1043000,1093000,908000,895000,823000,551000]",417,9168000
18,72,10,"[232,327,367,352,414,405,355,351,319,173]","[671000,950000,1028000,971000,1236000,1095000,1016000,1000000,874000,494000]",414,9335000
18,73,10,"[237,349,392,334,377,431,376,338,318,163]","[702000,962000,1111000,915000,1085000,1219000,1040000,916000,871000,467000]",431,9288000
18,74,10,"[463,468,408,311,386,472,321,330,276,310]","[1385000,1377000,1203000,823000,1092000,1313000,905000,903000,776000,968000]",472,10745000
18,75,10,"[263,375,359,326,369,443,383,329,264,166]","[790000,1100000,987000,904000,1072000,1243000,1054000,901000,721000,472000]",443,9244000
18,76,10,"[324,445,323,343,398,449,379,379,312,295]","[932000,1280000,895000,1001000,1151000,1216000,1072000,1060000,866000,796000]",449,10269000
18,77,10,"[321,418,353,327,410,367,387,411,347,332]","[966000,1219000,982000,931000,1204000,994000,1079000,1206000,1009000,1036000]",418,10626000
18,78,10,"[233,357,377,337,411,428,382,330,316,179]","[671000,988000,1056000,980000,1186000,1181000,1058000,900000,879000,518000]",428,9417000
18,79,10,"[233,355,411,328,385,364,382,328,315,179]","[671000,980000,1167000,908000,1125000,1009000,1056000,896000,874000,518000]",411,9204000
18,80,10,"[404,419,394,336,364,386,377,386,307,309]","[1169000,1209000,1119000,980000,1038000,1088000,1051000,1058000,811000,908000]",419,10431000
18,81,10,"[236,416,391,326,355,381,385,387,337,190]","[741000,1222000,1064000,943000,1037000,1094000,1080000,1051000,926000,526000]",416,9684000
18,82,10,"[292,398,383,430,399,378,390,333,296,246]","[942000,1173000,1063000,1152000,1172000,1041000,1068000,927000,809000,813000]",430,10160000
18,83,10,"[210,416,400,321,356,378,395,250,287,188]","[637000,1219000,1086000,927000,1039000,1091000,1094000,689000,840000,551000]",416,9173000
18,84,10,"[411,403,398,313,405,378,436,384,301,342]","[1199000,1210000,1112000,875000,1188000,1086000,1205000,1048000,818000,945000]",436,10686000
18,85,10,"[352,418,391,323,359,425,357,387,325,241]","[1064000,1182000,1070000,920000,992000,1206000,999000,1052000,878000,634000]",425,9997000
18,86,10,"[225,429,355,342,407,377,376,352,273,234]","[666000,1234000,995000,1003000,1195000,1003000,1059000,961000,715000,603000]",429,9434000
18,87,10,"[207,415,378,295,379,376,352,328,292,181]","[636000,1217000,1053000,825000,1084000,1084000,962000,892000,815000,525000]",415,9093000
18,88,10,"[232,443,365,323,413,383,371,355,309,234]","[692000,1237000,1009000,913000,1210000,1031000,1045000,974000,798000,612000]",443,9521000
18,89,10,"[223,419,359,327,378,417,383,332,263,167]","[661000,1227000,1006000,899000,1080000,1196000,1058000,901000,717000,472000]",419,9217000
18,90,10,"[325,443,382,324,354,438,376,381,322,299]","[934000,1291000,1061000,942000,1038000,1183000,1068000,1060000,894000,814000]",443,10285000
18,91,10,"[232,405,351,338,406,377,404,345,274,234]","[679000,1164000,978000,971000,1196000,1082000,1130000,957000,721000,601000]",406,9479000
18,92,10,"[255,392,397,355,397,377,377,377,323,281]","[782000,1123000,1091000,966000,1160000,1094000,1051000,1032000,807000,731000]",397,9837000
18,93,10,"[230,417,372,342,403,359,381,388,303,250]","[677000,1205000,1014000,973000,1187000,943000,1059000,1051000,801000,626000]",417,9536000
18,94,10,"[326,444,325,380,404,432,377,381,312,297]","[934000,1281000,892000,1066000,1184000,1152000,1072000,1064000,870000,810000]",444,10325000
18,95,10,"[224,435,344,338,394,447,320,327,287,168]","[663000,1263000,949000,943000,1139000,1245000,905000,895000,784000,477000]",447,9263000
18,96,10,"[265,336,396,326,355,373,384,412,327,177]","[754000,925000,1077000,943000,1021000,1067000,1065000,1143000,893000,507000]",412,9395000
18,97,10,"[258,380,390,322,353,379,382,382,304,236]","[796000,1111000,1064000,926000,1033000,1091000,1067000,1043000,808000,612000]",390,9551000
18,98,10,"[208,397,391,288,371,365,374,328,283,192]","[631000,1194000,1085000,802000,1068000,1004000,1081000,898000,813000,552000]",397,9128000
18,99,10,"[349,373,366,323,353,375,382,420,300,241]","[1060000,1086000,983000,937000,1033000,1087000,1064000,1166000,801000,631000]",420,9848000
18,100,10,"[208,398,383,290,367,412,321,327,334,188]","[631000,1194000,1050000,805000,1061000,1129000,909000,900000,955000,547000]",412,9181000
18,101,10,"[254,383,312,381,399,376,381,379,274,284]","[782000,1108000,858000,1077000,1151000,1074000,1059000,1034000,721000,738000]",399,9602000
18,102,10,"[346,372,403,281,379,384,379,355,309,243]","[1055000,1082000,1095000,790000,1096000,1051000,1042000,953000,837000,634000]",403,9635000
18,103,10,"[263,348,354,332,399,370,385,299,322,175]","[764000,977000,1032000,909000,1174000,1019000,1067000,829000,873000,503000]",399,9147000
18,104,10,"[348,375,399,282,372,380,340,357,302,241]","[1055000,1086000,1078000,792000,1071000,1056000,977000,963000,836000,630000]",399,9544000
18,105,10,"[232,325,312,392,399,402,350,351,326,173]","[671000,950000,851000,1117000,1178000,1089000,999000,1008000,902000,494000]",402,9259000
18,106,10,"[232,415,438,328,356,337,301,329,287,189]","[707000,1215000,1206000,950000,1040000,949000,861000,913000,824000,551000]",438,9216000
18,107,10,"[349,375,400,325,352,372,354,386,337,248]","[1056000,1097000,1093000,931000,1020000,1072000,966000,1057000,915000,642000]",400,9849000
18,108,10,"[218,423,376,292,367,451,295,350,288,189]","[675000,1234000,1038000,807000,1059000,1260000,828000,976000,840000,504000]",451,9221000
18,109,10,"[355,389,315,359,399,348,360,386,322,233]","[1068000,1112000,864000,1005000,1162000,1004000,999000,1051000,869000,619000]",399,9753000
18,110,10,"[233,355,403,337,400,390,354,328,313,179]","[671000,979000,1151000,939000,1178000,1091000,981000,896000,873000,518000]",403,9277000
18,111,10,"[263,374,355,328,375,431,382,331,260,166]","[790000,1095000,991000,909000,1089000,1219000,1054000,905000,706000,472000]",431,9230000
18,112,10,"[211,426,382,292,425,447,320,329,285,254]","[631000,1238000,1049000,807000,1169000,1240000,907000,901000,824000,677000]",447,9443000
18,113,10,"[347,389,365,321,397,377,358,390,310,250]","[1052000,1115000,1009000,905000,1138000,1054000,987000,1068000,842000,662000]",397,9832000
18,114,10,"[330,386,396,341,399,374,354,391,351,294]","[941000,1116000,1113000,989000,1177000,1018000,1010000,1121000,962000,810000]",399,10257000
18,115,10,"[263,376,313,382,396,402,355,404,251,237]","[767000,1088000,862000,1070000,1171000,1089000,990000,1121000,652000,599000]",404,9409000
18,116,10,"[237,349,397,329,376,428,382,338,319,163]","[702000,958000,1139000,919000,1085000,1190000,1056000,914000,874000,467000]",428,9304000
19,1,10,"[280,257,380,340,381,368,318,322,359,409]","[828000,693000,1034000,953000,1101000,1072000,945000,900000,1007000,1130000]",409,9663000
19,2,10,"[361,260,341,325,375,364,336,356,374,355]","[1091000,699000,937000,932000,1083000,1055000,981000,998000,1024000,940000]",375,9740000
19,3,10,"[261,316,342,341,381,402,320,350,373,362]","[750000,879000,925000,949000,1109000,1176000,945000,973000,1047000,950000]",402,9703000
19,4,10,"[361,259,351,326,378,366,320,354,371,355]","[1091000,699000,956000,934000,1098000,1059000,939000,994000,1018000,940000]",378,9728000
19,5,10,"[261,316,338,341,381,373,320,350,407,362]","[750000,879000,915000,949000,1109000,1097000,945000,969000,1142000,950000]",407,9705000
19,6,10,"[298,349,346,344,377,370,313,349,370,355]","[890000,961000,934000,949000,1091000,1082000,935000,976000,1046000,942000]",377,9806000
19,7,10,"[300,310,350,325,378,368,339,354,373,358]","[918000,860000,951000,922000,1091000,1066000,978000,994000,1020000,942000]",378,9742000
19,8,10,"[279,257,380,340,381,370,327,323,361,411]","[816000,693000,1034000,953000,1101000,1076000,968000,900000,1011000,1134000]",411,9686000
19,9,10,"[215,313,381,345,384,369,337,318,358,418]","[631000,870000,1029000,961000,1103000,1069000,992000,896000,993000,1135000]",418,9679000
19,10,10,"[215,313,381,345,384,369,329,316,364,418]","[631000,870000,1029000,961000,1103000,1072000,987000,892000,1014000,1135000]",418,9694000
19,11,10,"[299,346,343,342,378,370,316,336,365,357]","[892000,968000,929000,949000,1096000,1076000,940000,949000,1033000,948000]",378,9780000
19,12,10,"[322,312,345,326,321,414,313,337,377,376]","[960000,854000,942000,889000,928000,1197000,954000,953000,1072000,997000]",414,9746000
19,13,10,"[259,307,343,362,389,372,340,358,370,358]","[745000,860000,926000,1027000,1143000,1083000,994000,1019000,1022000,945000]",389,9764000
19,14,10,"[302,312,370,296,353,390,309,357,396,367]","[897000,855000,1034000,826000,1018000,1110000,914000,983000,1115000,998000]",396,9750000
19,15,10,"[301,344,342,344,383,349,318,339,368,360]","[902000,961000,919000,954000,1098000,1040000,963000,947000,1037000,944000]",383,9765000
19,16,10,"[215,313,332,343,392,373,327,321,400,418]","[631000,870000,895000,951000,1133000,1080000,987000,902000,1123000,1135000]",418,9707000
19,17,10,"[240,368,343,373,378,367,314,353,381,357]","[711000,1051000,917000,1055000,1086000,1064000,948000,987000,1058000,948000]",381,9825000
19,18,10,"[258,372,336,340,378,374,319,378,403,281]","[745000,1056000,902000,948000,1094000,1097000,965000,1043000,1135000,782000]",403,9767000
19,19,10,"[352,314,338,378,374,372,334,292,361,378]","[1094000,862000,909000,1072000,1082000,1092000,989000,802000,1048000,1025000]",378,9975000
19,20,10,"[295,312,396,330,389,384,363,327,331,353]","[865000,862000,1059000,930000,1120000,1095000,1063000,918000,911000,955000]",396,9778000
19,21,10,"[301,312,344,325,384,370,339,348,404,361]","[923000,872000,939000,916000,1121000,1076000,990000,983000,1137000,946000]",404,9903000
19,22,10,"[262,305,325,322,391,368,337,349,419,379]","[785000,859000,896000,905000,1149000,1084000,986000,974000,1187000,1028000]",419,9853000
19,23,10,"[262,314,344,350,382,348,327,349,422,362]","[751000,877000,939000,958000,1102000,1002000,978000,965000,1213000,954000]",422,9739000
19,24,10,"[340,319,360,335,396,378,362,352,394,346]","[966000,864000,982000,946000,1141000,1099000,1042000,985000,1063000,920000]",396,10008000
19,25,10,"[392,387,350,341,329,430,309,353,390,409]","[1246000,1101000,977000,930000,946000,1253000,911000,990000,1107000,1084000]",430,10545000
19,26,10,"[259,307,346,361,391,371,333,324,417,361]","[745000,860000,927000,1016000,1144000,1078000,977000,897000,1177000,945000]",417,9766000
19,27,10,"[215,313,380,348,381,366,327,316,361,395]","[631000,870000,1024000,970000,1097000,1057000,987000,892000,1009000,1170000]",395,9707000
19,28,10,"[217,313,402,327,372,371,365,327,375,423]","[641000,864000,1099000,912000,1074000,1078000,1059000,918000,1017000,1173000]",423,9835000
19,29,10,"[552,260,348,299,307,415,315,351,380,381]","[1755000,705000,943000,829000,878000,1202000,945000,977000,1095000,1022000]",552,10351000
19,30,10,"[257,364,329,340,382,381,320,312,432,335]","[745000,1034000,883000,926000,1103000,1114000,962000,861000,1219000,914000]",432,9761000
19,31,10,"[235,370,348,329,328,366,322,471,434,361]","[701000,1038000,937000,910000,953000,1063000,953000,1257000,1212000,956000]",471,9980000
19,32,10,"[237,336,346,332,327,408,380,328,437,359]","[705000,957000,959000,929000,931000,1170000,1104000,897000,1254000,954000]",437,9860000
19,33,10,"[235,372,341,297,302,437,318,356,428,358]","[701000,1064000,928000,811000,868000,1267000,951000,1000000,1210000,946000]",437,9746000
19,34,10,"[308,293,365,334,334,437,339,348,379,408]","[849000,816000,991000,926000,967000,1246000,980000,982000,1084000,1119000]",437,9960000
19,35,10,"[261,316,338,341,380,373,320,344,407,365]","[750000,879000,915000,949000,1104000,1097000,945000,961000,1142000,965000]",407,9707000
19,36,10,"[233,338,381,349,378,379,320,373,335,367]","[680000,951000,1043000,983000,1094000,1112000,957000,1016000,905000,977000]",381,9718000
19,37,10,"[291,313,343,301,349,424,317,358,392,361]","[879000,857000,923000,845000,1007000,1210000,922000,985000,1111000,990000]",424,9729000
19,38,10,"[363,259,348,355,378,364,320,354,373,356]","[1107000,700000,965000,981000,1094000,1064000,937000,997000,1020000,944000]",378,9809000
19,39,10,"[289,305,339,334,325,460,382,351,366,377]","[896000,859000,917000,911000,940000,1343000,1115000,980000,1047000,1024000]",460,10032000
19,40,10,"[300,310,350,325,378,368,322,354,373,358]","[918000,860000,954000,922000,1098000,1066000,941000,997000,1020000,942000]",378,9718000
19,41,10,"[235,337,368,334,323,428,311,356,431,355]","[701000,944000,999000,924000,931000,1234000,901000,981000,1222000,944000]",431,9781000
19,42,10,"[260,280,372,351,348,420,329,351,375,408]","[778000,782000,1008000,952000,986000,1207000,979000,962000,1071000,1119000]",420,9844000
19,43,10,"[357,373,345,324,334,397,442,330,365,448]","[1134000,1064000,939000,897000,942000,1136000,1249000,909000,1037000,1252000]",448,10559000
19,44,10,"[318,257,350,325,326,419,325,351,420,355]","[948000,696000,976000,899000,933000,1216000,956000,964000,1198000,944000]",420,9730000
19,45,10,"[257,356,374,346,385,380,322,312,429,340]","[745000,1018000,996000,958000,1117000,1111000,971000,864000,1219000,941000]",429,9940000
19,46,10,"[267,336,346,332,327,410,378,328,437,359]","[789000,957000,959000,929000,931000,1180000,1094000,897000,1254000,954000]",437,9944000
19,47,10,"[220,313,379,349,382,367,325,321,364,416]","[643000,873000,1028000,978000,1103000,1061000,964000,902000,1009000,1134000]",416,9695000
19,48,10,"[304,257,378,348,341,400,383,325,432,355]","[904000,696000,1020000,963000,951000,1154000,1108000,897000,1251000,944000]",432,9888000
19,49,10,"[367,311,389,303,358,391,320,320,355,408]","[1148000,849000,1069000,849000,1037000,1110000,950000,900000,1004000,1122000]",408,10038000
19,50,10,"[227,312,376,351,388,343,331,352,427,359]","[673000,869000,1008000,963000,1119000,993000,983000,977000,1215000,952000]",427,9752000
19,51,10,"[311,367,350,337,376,376,333,322,353,434]","[975000,1039000,998000,934000,1084000,1095000,996000,911000,986000,1210000]",434,10228000
19,52,10,"[231,310,379,345,380,361,326,345,422,340]","[681000,872000,1022000,947000,1104000,1018000,976000,963000,1157000,899000]",422,9639000
19,53,10,"[261,310,351,327,322,426,315,353,427,358]","[789000,860000,978000,921000,914000,1236000,926000,976000,1208000,944000]",427,9752000
19,54,10,"[235,374,344,342,328,426,317,354,425,355]","[701000,1049000,928000,947000,946000,1230000,946000,976000,1207000,944000]",426,9874000
19,55,10,"[235,308,401,367,386,363,337,357,370,356]","[701000,860000,1047000,1029000,1124000,1053000,982000,1004000,1014000,945000]",401,9759000
19,56,10,"[346,314,338,342,379,378,334,353,413,359]","[1043000,879000,923000,952000,1099000,1113000,977000,978000,1172000,948000]",413,10084000
19,57,10,"[575,369,343,328,328,366,330,351,509,362]","[1843000,1036000,919000,908000,948000,1069000,956000,970000,1446000,954000]",575,11049000
19,58,10,"[258,370,375,341,398,377,337,363,372,357]","[747000,1124000,1006000,949000,1176000,1102000,988000,1024000,1038000,943000]",398,10097000
19,59,10,"[288,305,367,328,391,424,383,359,366,382]","[894000,859000,1000000,902000,1126000,1216000,1108000,1007000,1053000,1030000]",424,10195000
19,60,10,"[348,258,346,303,309,458,326,394,364,380]","[1074000,705000,943000,843000,886000,1333000,939000,1120000,1054000,1024000]",458,9921000
19,61,10,"[254,314,342,329,383,344,331,371,388,360]","[740000,869000,939000,920000,1100000,991000,983000,1030000,1052000,944000]",388,9568000
19,62,10,"[257,372,377,364,398,375,336,359,372,356]","[745000,1134000,1032000,1021000,1167000,1092000,983000,1009000,1022000,938000]",398,10143000
19,63,10,"[296,292,352,332,399,367,318,328,383,357]","[886000,802000,965000,922000,1153000,1068000,942000,913000,1108000,948000]",399,9707000
19,64,10,"[261,301,379,344,379,381,316,311,437,341]","[755000,838000,1016000,954000,1090000,1098000,945000,858000,1234000,947000]",437,9735000
19,65,10,"[238,368,329,335,332,408,382,320,436,359]","[707000,1042000,908000,929000,953000,1173000,1108000,887000,1250000,954000]",436,9911000
19,66,10,"[289,307,343,307,386,364,382,351,368,384]","[893000,859000,958000,860000,1130000,1075000,1104000,993000,1057000,1034000]",386,9963000
19,67,10,"[259,307,344,372,390,370,340,361,370,358]","[745000,860000,926000,1036000,1143000,1079000,994000,1016000,1022000,945000]",390,9766000
19,68,10,"[347,365,395,336,401,386,360,319,407,282]","[970000,985000,1047000,945000,1160000,1112000,1044000,868000,1139000,790000]",407,10060000
19,69,10,"[217,312,379,343,383,369,322,324,445,361]","[632000,871000,1012000,953000,1101000,1067000,964000,923000,1234000,950000]",445,9707000
19,70,10,"[258,335,385,351,382,368,315,319,384,355]","[774000,940000,1030000,957000,1113000,1072000,945000,896000,1094000,959000]",385,9780000
19,71,10,"[324,312,341,324,321,417,313,339,415,364]","[961000,854000,928000,883000,928000,1210000,954000,960000,1157000,960000]",417,9795000
19,72,10,"[259,307,335,364,379,372,340,355,370,358]","[745000,860000,914000,1037000,1093000,1083000,994000,999000,1022000,945000]",379,9692000
19,73,10,"[322,306,349,303,310,406,337,353,402,375]","[1004000,861000,961000,835000,884000,1175000,994000,989000,1176000,1020000]",406,9899000
19,74,10,"[287,307,344,332,386,368,385,350,358,386]","[889000,859000,962000,934000,1118000,1090000,1105000,988000,1043000,1041000]",386,10029000
19,75,10,"[259,307,347,324,379,377,342,355,370,358]","[745000,860000,950000,912000,1096000,1085000,998000,999000,1022000,940000]",379,9607000
19,76,10,"[504,325,350,336,331,399,386,326,367,435]","[1580000,908000,974000,931000,938000,1149000,1125000,897000,1036000,1194000]",504,10732000
19,77,10,"[309,256,378,363,381,367,326,315,381,410]","[918000,691000,1025000,1003000,1106000,1062000,959000,859000,1086000,1126000]",410,9835000
19,78,10,"[271,369,388,298,352,384,309,362,399,360]","[808000,1014000,1104000,832000,1013000,1083000,918000,993000,1119000,984000]",399,9868000
19,79,10,"[215,313,381,345,384,369,337,334,358,418]","[631000,870000,1029000,961000,1103000,1071000,992000,949000,993000,1135000]",418,9734000
19,80,10,"[389,257,358,295,300,457,335,329,428,374]","[1147000,700000,992000,811000,870000,1331000,976000,907000,1231000,997000]",457,9962000
19,81,10,"[257,371,332,343,309,421,333,327,431,347]","[745000,1047000,885000,952000,897000,1220000,984000,883000,1234000,969000]",431,9816000
19,82,10,"[235,421,402,327,332,431,317,357,428,352]","[701000,1212000,1107000,909000,961000,1243000,946000,980000,1211000,938000]",431,10208000
19,83,10,"[257,371,381,345,385,384,316,312,435,341]","[745000,1115000,1028000,953000,1111000,1116000,950000,861000,1229000,927000]",435,10035000
19,84,10,"[228,311,400,336,363,372,321,311,425,331]","[670000,870000,1074000,918000,1030000,1087000,956000,860000,1200000,911000]",425,9576000
19,85,10,"[235,312,371,336,393,375,356,332,380,354]","[685000,869000,1038000,937000,1125000,1096000,1036000,916000,1076000,957000]",393,9735000
19,86,10,"[302,312,371,296,333,414,308,357,394,359]","[899000,855000,1029000,832000,954000,1200000,913000,995000,1118000,995000]",414,9790000
19,87,10,"[259,307,347,347,383,373,340,323,423,362]","[745000,860000,931000,960000,1116000,1091000,1007000,917000,1211000,956000]",423,9794000
19,88,10,"[237,366,346,363,330,403,338,358,368,404]","[711000,1034000,928000,1022000,960000,1163000,988000,1014000,1014000,1093000]",404,9927000
19,89,10,"[235,336,343,340,378,384,330,324,436,358]","[701000,957000,952000,965000,1076000,1107000,981000,893000,1240000,945000]",436,9817000
19,90,10,"[279,257,380,344,392,349,321,322,356,406]","[827000,693000,1034000,957000,1116000,1035000,959000,900000,997000,1115000]",406,9633000
19,91,10,"[355,260,334,323,385,417,332,356,370,355]","[1077000,699000,899000,922000,1101000,1197000,964000,1012000,1016000,943000]",417,9830000
19,92,10,"[259,314,336,345,383,411,318,394,328,363]","[745000,867000,913000,956000,1119000,1197000,945000,1133000,887000,955000]",411,9717000
19,93,10,"[362,259,346,325,378,365,319,352,371,356]","[1102000,699000,946000,932000,1095000,1057000,937000,992000,1018000,944000]",378,9722000
19,94,10,"[261,313,339,348,380,374,325,351,407,365]","[750000,874000,917000,964000,1111000,1102000,964000,977000,1142000,965000]",407,9766000
19,95,10,"[303,348,345,372,386,366,313,348,346,354]","[896000,959000,915000,1050000,1126000,1059000,935000,977000,965000,940000]",386,9822000
19,96,10,"[301,312,336,327,379,370,343,360,378,370]","[923000,866000,914000,921000,1096000,1076000,995000,1018000,1042000,985000]",379,9836000
19,97,10,"[279,258,380,340,383,370,327,324,361,410]","[816000,695000,1034000,952000,1108000,1073000,968000,896000,1011000,1132000]",410,9685000
19,98,10,"[233,320,328,348,395,366,336,320,359,422]","[685000,888000,912000,969000,1165000,1065000,1002000,900000,1009000,1150000]",422,9745000
19,99,10,"[215,313,381,304,384,365,329,361,364,418]","[631000,870000,1029000,831000,1103000,1057000,987000,1048000,1014000,1135000]",418,9705000
19,100,10,"[298,341,294,342,379,374,314,368,368,364]","[890000,946000,796000,951000,1099000,1090000,940000,1039000,1039000,970000]",379,9760000
19,101,10,"[327,312,346,326,321,413,313,336,370,376]","[967000,854000,935000,907000,928000,1195000,954000,951000,1053000,997000]",413,9741000
19,102,10,"[259,307,343,362,389,372,341,361,368,358]","[745000,860000,926000,1027000,1143000,1083000,1002000,1026000,1012000,945000]",389,9769000
19,103,10,"[304,316,331,330,350,393,309,350,395,366]","[905000,863000,910000,925000,1007000,1118000,914000,973000,1120000,993000]",395,9728000
19,104,10,"[299,343,331,343,382,348,316,340,365,359]","[896000,953000,911000,959000,1110000,1041000,953000,957000,1033000,944000]",382,9757000
19,105,10,"[216,314,361,345,384,369,327,317,351,417]","[633000,875000,991000,961000,1103000,1069000,987000,897000,987000,1133000]",417,9636000
19,106,10,"[235,368,340,378,381,368,314,361,372,358]","[701000,1042000,914000,1056000,1088000,1069000,948000,1021000,1041000,948000]",381,9828000
19,107,10,"[257,374,333,344,378,382,323,374,446,280]","[745000,1051000,885000,954000,1091000,1122000,966000,1058000,1240000,795000]",446,9907000
19,108,10,"[352,316,340,383,372,375,337,293,361,382]","[1084000,869000,916000,1068000,1082000,1086000,995000,808000,1045000,1035000]",383,9988000
19,109,10,"[293,314,397,331,364,380,357,329,327,358]","[865000,862000,1064000,932000,1073000,1101000,1033000,920000,900000,965000]",397,9715000
20,1,10,"[367,372,390,377,294,334,338,336,347,258]","[1093000,1060000,1170000,1044000,801000,959000,993000,976000,1042000,753000]",390,9891000
20,2,10,"[309,402,414,365,338,310,337,292,178,259]","[929000,1203000,1251000,1018000,931000,890000,932000,770000,518000,741000]",414,9183000
20,3,10,"[268,428,374,386,273,339,305,247,340,289]","[721000,1175000,1096000,1012000,744000,961000,875000,749000,974000,827000]",428,9134000
20,4,10,"[335,369,412,368,394,303,327,310,232,254]","[922000,1050000,1244000,1033000,1097000,828000,932000,800000,662000,710000]",412,9278000
20,5,10,"[339,371,355,369,396,310,340,287,250,313]","[935000,1055000,1076000,1019000,1088000,881000,942000,750000,719000,862000]",396,9327000
20,6,10,"[294,396,407,380,295,330,332,253,311,269]","[868000,1141000,1204000,1050000,818000,942000,983000,753000,855000,746000]",407,9360000
20,7,10,"[342,406,414,370,346,265,330,333,235,253]","[942000,1183000,1246000,1017000,945000,730000,942000,868000,677000,721000]",414,9271000
20,8,10,"[294,390,411,378,299,328,333,250,313,265]","[865000,1137000,1215000,1059000,826000,935000,987000,726000,859000,732000]",411,9341000
20,9,10,"[335,369,412,368,394,303,327,318,232,249]","[922000,1046000,1244000,1033000,1097000,828000,932000,825000,662000,691000]",412,9280000
20,10,10,"[293,437,424,308,275,328,322,250,315,254]","[851000,1261000,1282000,844000,750000,935000,939000,754000,850000,694000]",437,9160000
20,11,10,"[367,374,393,374,298,383,330,280,347,274]","[1093000,1070000,1190000,1049000,809000,1123000,984000,814000,1037000,796000]",393,9965000
20,12,10,"[294,391,417,361,297,328,324,249,312,264]","[847000,1139000,1239000,1003000,819000,935000,935000,725000,853000,714000]",417,9209000
20,13,10,"[308,421,410,362,310,360,322,258,231,229]","[919000,1235000,1243000,1009000,853000,1002000,912000,710000,663000,655000]",421,9201000
20,14,10,"[296,409,408,422,339,336,271,227,297,269]","[858000,1191000,1204000,1168000,913000,942000,791000,622000,834000,723000]",422,9246000
20,15,10,"[397,404,380,383,395,346,367,405,336,298]","[1148000,1172000,1123000,1024000,1113000,941000,1055000,1210000,953000,867000]",405,10606000
20,16,10,"[289,372,412,362,402,305,369,301,246,251]","[775000,1048000,1244000,1009000,1071000,841000,1070000,792000,727000,710000]",412,9287000
20,17,10,"[390,393,406,371,296,345,337,347,347,261]","[1157000,1145000,1210000,1039000,820000,984000,962000,995000,1047000,762000]",406,10121000
20,18,10,"[334,369,415,368,394,303,329,318,232,249]","[922000,1046000,1242000,1033000,1097000,828000,932000,825000,662000,691000]",415,9278000
20,19,10,"[292,437,418,306,276,332,324,250,320,254]","[849000,1261000,1271000,840000,760000,946000,943000,754000,858000,693000]",437,9175000
20,20,10,"[342,406,419,377,290,330,321,273,293,237]","[984000,1174000,1210000,1069000,791000,892000,924000,755000,796000,677000]",419,9272000
20,21,10,"[383,382,430,402,414,324,329,336,237,255]","[1072000,1100000,1271000,1086000,1125000,886000,946000,908000,675000,714000]",430,9783000
20,22,10,"[303,440,427,306,267,332,300,247,347,306]","[917000,1267000,1281000,837000,723000,946000,869000,742000,995000,873000]",440,9450000
20,23,10,"[376,414,453,360,363,312,327,348,283,261]","[1092000,1187000,1353000,977000,1001000,862000,896000,948000,869000,737000]",453,9922000
20,24,10,"[367,409,453,350,350,312,330,258,285,252]","[1059000,1162000,1353000,957000,945000,864000,938000,701000,879000,707000]",453,9565000
20,25,10,"[350,367,423,352,416,300,328,268,284,281]","[991000,1051000,1264000,965000,1141000,849000,908000,699000,790000,802000]",423,9460000
20,26,10,"[303,441,423,312,314,339,327,247,348,284]","[911000,1267000,1277000,842000,859000,966000,950000,722000,1002000,810000]",441,9606000
20,27,10,"[305,477,443,348,317,315,324,257,229,229]","[910000,1383000,1312000,957000,878000,891000,916000,695000,647000,650000]",477,9239000
20,28,10,"[345,411,480,279,361,298,330,273,290,280]","[967000,1166000,1403000,801000,1002000,843000,914000,714000,805000,794000]",480,9409000
20,29,10,"[292,438,423,301,276,330,315,250,360,254]","[853000,1257000,1282000,839000,754000,940000,878000,743000,961000,686000]",438,9193000
20,30,10,"[285,438,429,306,276,344,322,252,314,218]","[820000,1255000,1296000,847000,753000,967000,941000,769000,855000,603000]",438,9106000
20,31,10,"[289,441,420,304,269,333,327,242,342,223]","[849000,1263000,1271000,846000,723000,946000,946000,719000,946000,644000]",441,9153000
20,32,10,"[347,399,415,372,355,320,335,373,293,257]","[965000,1157000,1250000,1029000,956000,877000,916000,937000,823000,723000]",415,9633000
20,33,10,"[334,476,427,283,286,399,325,421,432,309]","[959000,1321000,1290000,815000,772000,1064000,928000,1243000,1365000,889000]",476,10646000
20,34,10,"[314,534,443,352,276,341,368,311,301,228]","[930000,1464000,1321000,977000,748000,969000,1053000,885000,913000,663000]",534,9923000
20,35,10,"[300,487,456,358,402,304,321,274,274,240]","[871000,1358000,1308000,1028000,1111000,863000,917000,761000,766000,687000]",487,9670000
20,36,10,"[387,441,425,340,329,322,315,228,418,249]","[1134000,1287000,1303000,942000,899000,906000,888000,634000,1148000,717000]",441,9858000
20,37,10,"[344,368,415,366,393,302,336,442,374,316]","[961000,1040000,1250000,1017000,1082000,826000,948000,1234000,1028000,932000]",442,10318000
20,38,10,"[372,376,408,375,295,340,325,340,335,247]","[1070000,1088000,1218000,1050000,809000,969000,934000,962000,1046000,703000]",408,9849000
20,39,10,"[315,410,373,364,288,311,305,268,339,289]","[922000,1220000,1094000,957000,771000,901000,877000,797000,980000,804000]",410,9323000
20,40,10,"[389,426,480,287,274,299,337,341,318,282]","[1105000,1222000,1418000,801000,740000,849000,938000,977000,915000,805000]",480,9770000
20,41,10,"[334,450,426,293,271,323,319,280,292,232]","[973000,1295000,1284000,816000,730000,892000,917000,777000,820000,671000]",450,9175000
20,42,10,"[296,456,425,399,326,310,327,248,334,331]","[876000,1321000,1277000,1152000,895000,888000,921000,653000,942000,1004000]",456,9929000
20,43,10,"[370,368,444,305,294,311,319,340,336,246]","[1073000,1069000,1305000,876000,807000,884000,926000,962000,1046000,705000]",444,9653000
20,44,10,"[370,378,412,381,334,305,328,378,351,265]","[1099000,1064000,1187000,1059000,923000,860000,938000,1015000,1062000,781000]",412,9988000
20,45,10,"[397,424,478,278,356,294,356,216,308,258]","[1221000,1241000,1403000,796000,964000,843000,946000,632000,857000,684000]",478,9587000
20,46,10,"[293,398,373,377,294,325,327,270,335,327]","[851000,1153000,1113000,1054000,801000,923000,956000,854000,921000,924000]",398,9550000
20,47,10,"[382,377,419,411,435,308,359,240,432,260]","[1151000,1109000,1258000,1125000,1191000,864000,1024000,717000,1188000,765000]",435,10392000
20,48,10,"[351,400,406,378,299,335,331,248,311,263]","[1014000,1193000,1187000,1052000,822000,942000,983000,736000,846000,721000]",406,9496000
20,49,10,"[367,418,423,300,271,345,335,309,346,270]","[1095000,1188000,1277000,841000,729000,984000,970000,893000,1045000,795000]",423,9817000
20,50,10,"[313,394,404,371,294,335,327,293,276,247]","[945000,1145000,1185000,1039000,803000,946000,960000,899000,810000,708000]",404,9440000
20,51,10,"[362,490,449,357,317,337,368,343,232,259]","[960000,1369000,1324000,986000,883000,931000,996000,921000,655000,706000]",490,9731000
20,52,10,"[312,439,419,374,310,333,300,246,318,353]","[944000,1261000,1271000,1172000,846000,954000,870000,726000,862000,1030000]",439,9936000
20,53,10,"[373,417,423,295,299,345,337,245,333,310]","[1106000,1200000,1277000,851000,842000,980000,981000,713000,957000,892000]",423,9799000
20,54,10,"[282,427,419,281,350,312,329,222,299,256]","[812000,1238000,1273000,783000,952000,909000,960000,649000,802000,710000]",427,9088000
20,55,10,"[307,478,443,355,366,313,328,331,322,229]","[915000,1389000,1318000,970000,1054000,847000,930000,978000,990000,662000]",478,10053000
20,56,10,"[370,371,387,381,296,343,331,305,346,273]","[1105000,1051000,1170000,1057000,805000,987000,962000,881000,1048000,798000]",387,9864000
20,57,10,"[337,391,453,395,423,326,350,273,291,235]","[969000,1113000,1272000,1073000,1162000,898000,985000,759000,799000,684000]",453,9714000
20,58,10,"[346,403,413,343,363,306,328,326,226,252]","[960000,1198000,1240000,949000,1007000,837000,938000,858000,647000,706000]",413,9340000
20,59,10,"[298,498,421,349,327,313,316,225,255,256]","[873000,1397000,1247000,959000,902000,908000,901000,627000,695000,692000]",498,9201000
20,60,10,"[304,468,445,356,326,317,325,248,231,227]","[905000,1362000,1321000,980000,888000,888000,942000,710000,652000,650000]",468,9298000
20,61,10,"[282,394,457,418,342,322,323,300,282,236]","[805000,1144000,1307000,1163000,931000,906000,921000,795000,791000,683000]",457,9446000
20,62,10,"[287,460,418,302,306,312,317,326,314,321]","[847000,1329000,1271000,843000,831000,895000,898000,996000,891000,975000]",460,9776000
20,63,10,"[330,380,415,363,401,304,342,301,319,244]","[997000,1093000,1250000,1011000,1108000,841000,996000,790000,975000,695000]",415,9756000
20,64,10,"[407,437,419,456,306,334,298,409,360,445]","[1426000,1261000,1271000,1355000,838000,959000,860000,1325000,996000,1225000]",456,11516000
20,65,10,"[332,398,420,319,297,335,301,261,350,325]","[1016000,1168000,1252000,923000,810000,950000,867000,788000,967000,946000]",420,9687000
20,66,10,"[317,462,424,307,281,331,324,325,297,262]","[935000,1308000,1282000,851000,774000,935000,954000,937000,860000,711000]",462,9547000
20,67,10,"[413,428,427,348,325,315,318,233,322,265]","[1199000,1222000,1285000,973000,894000,918000,899000,670000,904000,735000]",428,9699000
20,68,10,"[441,349,406,378,298,345,331,261,271,245]","[1200000,1014000,1189000,1038000,806000,990000,980000,767000,781000,697000]",441,9462000
20,69,10,"[388,390,409,376,303,335,329,244,309,329]","[1103000,1137000,1198000,1055000,834000,939000,976000,721000,838000,887000]",409,9688000
20,70,10,"[349,418,424,355,404,299,327,379,418,344]","[1059000,1227000,1266000,971000,1113000,857000,908000,1068000,1175000,1059000]",424,10703000
20,71,10,"[365,362,397,378,303,347,403,384,374,269]","[1102000,1042000,1192000,1071000,826000,967000,1130000,1040000,1080000,776000]",403,10226000
20,72,10,"[344,410,449,351,368,308,333,324,227,251]","[952000,1167000,1334000,963000,1020000,850000,947000,855000,647000,707000]",449,9442000
20,73,10,"[290,430,421,305,272,310,327,268,366,265]","[834000,1243000,1273000,853000,738000,882000,912000,758000,1015000,712000]",430,9220000
20,74,10,"[293,429,476,275,283,342,317,246,296,262]","[845000,1215000,1405000,796000,776000,981000,891000,724000,786000,689000]",476,9108000
20,75,10,"[304,474,435,266,321,338,325,346,348,233]","[905000,1369000,1272000,754000,872000,937000,914000,995000,1036000,673000]",474,9727000
20,76,10,"[342,362,415,370,399,302,331,306,194,321]","[945000,1035000,1248000,1030000,1097000,826000,940000,790000,555000,948000]",415,9414000
20,77,10,"[297,459,421,345,325,307,326,235,265,268]","[869000,1328000,1277000,941000,893000,894000,962000,666000,751000,716000]",459,9297000
20,78,10,"[390,533,418,271,313,340,320,351,342,262]","[1117000,1480000,1271000,773000,860000,952000,910000,972000,1040000,776000]",533,10151000
20,79,10,"[376,385,417,374,411,337,335,242,320,271]","[1124000,1110000,1284000,1073000,1115000,948000,975000,722000,862000,768000]",417,9981000
20,80,10,"[572,1205,519,295,271,337,368,270,1600,247]","[1449000,2793000,1468000,824000,738000,957000,1030000,780000,3476000,707000]",1600,14222000
20,81,10,"[383,374,419,390,403,328,323,340,341,246]","[1099000,1068000,1225000,1105000,1112000,945000,931000,964000,1078000,702000]",419,10229000
20,82,10,"[319,437,418,306,277,342,322,250,346,241]","[937000,1261000,1271000,842000,740000,962000,941000,757000,926000,677000]",437,9314000
20,83,10,"[350,359,404,441,294,341,337,327,245,247]","[977000,1044000,1177000,1212000,788000,944000,953000,854000,691000,702000]",441,9342000
20,84,10,"[307,473,443,350,359,313,326,260,234,228]","[910000,1386000,1348000,967000,1004000,875000,929000,715000,653000,652000]",473,9439000
20,85,10,"[294,479,444,348,365,331,329,310,299,228]","[844000,1389000,1320000,957000,1003000,902000,933000,867000,897000,663000]",479,9775000
20,86,10,"[345,413,444,351,368,308,337,313,227,256]","[955000,1182000,1326000,963000,1020000,850000,955000,818000,647000,726000]",444,9442000
20,87,10,"[475,391,463,372,293,353,364,438,2935,2383]","[1322000,1108000,1297000,1034000,799000,1003000,1046000,1147000,6202000,4986000]",2935,19944000
20,88,10,"[377,405,429,360,336,313,327,383,371,266]","[1117000,1138000,1246000,1008000,932000,896000,934000,1031000,1104000,769000]",429,10175000
20,89,10,"[366,373,392,373,295,339,333,335,347,258]","[1095000,1070000,1190000,1044000,803000,961000,990000,976000,1042000,753000]",392,9924000
20,90,10,"[310,399,413,372,322,310,334,300,179,264]","[931000,1188000,1249000,1025000,890000,884000,926000,787000,532000,766000]",413,9178000
20,91,10,"[266,427,375,384,278,344,304,252,333,285]","[727000,1172000,1098000,1014000,766000,971000,878000,762000,960000,822000]",427,9170000
20,92,10,"[368,371,412,365,412,307,336,300,239,249]","[1014000,1051000,1244000,1015000,1139000,836000,965000,786000,703000,697000]",412,9450000
20,93,10,"[339,371,295,369,396,310,427,287,250,313]","[935000,1055000,884000,1019000,1088000,881000,1188000,750000,719000,862000]",427,9381000
20,94,10,"[297,396,409,376,297,331,342,243,312,268]","[861000,1141000,1208000,1055000,822000,942000,989000,726000,855000,736000]",409,9335000
20,95,10,"[338,417,414,369,340,264,324,339,234,251]","[934000,1180000,1244000,1019000,926000,725000,930000,911000,675000,714000]",417,9258000
20,96,10,"[294,390,412,379,287,332,339,250,311,263]","[864000,1137000,1217000,1070000,802000,941000,998000,751000,855000,722000]",412,9357000
20,97,10,"[339,351,412,366,400,305,329,309,227,252]","[938000,1008000,1244000,1023000,1115000,830000,940000,812000,646000,709000]",412,9265000
20,98,10,"[290,438,429,301,275,318,321,252,317,265]","[849000,1261000,1296000,834000,750000,915000,937000,764000,863000,721000]",438,9190000
20,99,10,"[371,376,397,384,302,387,333,281,352,278]","[1115000,1068000,1192000,1067000,826000,1125000,951000,826000,1062000,814000]",397,10046000
20,100,10,"[316,421,433,366,295,330,326,249,309,260]","[980000,1235000,1295000,1012000,815000,935000,967000,733000,842000,702000]",433,9516000
20,101,10,"[307,423,417,362,311,360,329,257,231,229]","[914000,1239000,1263000,1009000,855000,1002000,937000,710000,663000,655000]",423,9247000
20,102,10,"[333,409,408,422,339,336,271,226,300,269]","[931000,1206000,1204000,1168000,926000,942000,794000,627000,849000,733000]",422,9380000
20,103,10,"[397,404,380,406,364,346,367,405,344,298]","[1141000,1176000,1123000,1088000,1021000,941000,1055000,1210000,991000,867000]",406,10613000
20,104,10,"[305,375,415,363,401,300,371,302,246,248]","[840000,1060000,1254000,1011000,1086000,845000,1078000,800000,733000,698000]",415,9405000
20,105,10,"[387,400,403,382,296,349,327,351,347,288]","[1146000,1158000,1211000,1059000,820000,1007000,942000,989000,1050000,812000]",403,10194000
20,106,10,"[333,365,413,373,397,303,378,317,232,249]","[929000,1042000,1244000,1034000,1103000,828000,1033000,825000,662000,694000]",413,9394000
20,107,10,"[292,438,423,302,270,332,334,248,323,261]","[847000,1261000,1277000,826000,732000,946000,970000,739000,862000,697000]",438,9157000
20,108,10,"[420,398,416,373,280,325,322,278,285,242]","[1148000,1158000,1215000,1039000,765000,890000,919000,786000,798000,704000]",420,9422000
21,1,10,"[216,369,241,362,369,373,309,258,250,378]","[612000,1077000,654000,1045000,1080000,1062000,861000,696000,719000,1077000]",378,8883000
21,2,10,"[207,347,305,355,341,330,350,327,249,360]","[659000,986000,855000,1015000,1027000,966000,1045000,907000,708000,1064000]",360,9232000
21,3,10,"[229,375,230,384,359,375,264,330,237,375]","[638000,1022000,622000,1112000,1049000,1074000,738000,960000,660000,1008000]",384,8883000
21,4,10,"[224,319,329,375,351,371,327,344,240,350]","[650000,905000,896000,1070000,1023000,1075000,921000,942000,674000,926000]",375,9082000
21,5,10,"[217,368,259,352,358,326,344,377,248,376]","[605000,1038000,687000,1036000,1061000,953000,1030000,1037000,721000,1053000]",377,9221000
21,6,10,"[204,375,232,379,359,375,306,330,237,375]","[562000,1020000,622000,1102000,1049000,1070000,852000,960000,660000,1008000]",379,8905000
21,7,10,"[233,368,304,321,361,329,353,338,253,351]","[678000,1051000,857000,915000,1064000,974000,1051000,955000,737000,1000000]",368,9282000
21,8,10,"[214,367,329,375,348,370,363,355,247,375]","[603000,1012000,898000,1071000,1027000,1070000,1019000,947000,701000,1082000]",375,9430000
21,9,10,"[309,335,329,344,345,329,350,361,248,371]","[868000,973000,888000,972000,1024000,940000,1062000,958000,717000,1054000]",371,9456000
21,10,10,"[217,373,257,355,359,328,345,377,250,377]","[603000,1058000,691000,1036000,1063000,956000,1038000,1035000,724000,1055000]",377,9259000
21,11,10,"[217,369,257,353,344,324,345,379,242,353]","[623000,1053000,680000,1042000,1036000,951000,1035000,1043000,689000,1026000]",379,9178000
21,12,10,"[224,370,233,364,352,326,351,380,252,353]","[660000,1010000,631000,1051000,1052000,939000,1067000,1027000,708000,934000]",380,9079000
21,13,10,"[220,344,228,378,372,370,304,397,181,346]","[639000,952000,616000,1137000,1080000,1073000,840000,1158000,500000,919000]",397,8914000
21,14,10,"[232,372,242,365,371,376,310,258,234,383]","[665000,1079000,654000,1040000,1080000,1077000,863000,696000,690000,1091000]",383,8935000
21,15,10,"[308,323,328,375,355,373,364,357,244,371]","[859000,935000,894000,1070000,1043000,1070000,1068000,945000,689000,1046000]",375,9619000
21,16,10,"[213,387,235,385,343,322,349,382,247,348]","[609000,1052000,638000,1088000,1022000,931000,1067000,1058000,708000,925000]",387,9098000
21,17,10,"[231,319,328,380,361,370,315,346,241,354]","[696000,905000,875000,1086000,1055000,1070000,891000,949000,678000,934000]",380,9139000
21,18,10,"[213,368,328,370,327,327,347,377,248,376]","[603000,1012000,893000,1050000,959000,950000,1063000,1031000,724000,1077000]",377,9362000
21,19,10,"[215,389,230,383,389,318,350,323,245,350]","[621000,1056000,619000,1078000,1164000,912000,1075000,870000,708000,929000]",389,9032000
21,20,10,"[224,373,237,381,363,376,313,396,181,348]","[630000,1010000,662000,1104000,1068000,1078000,859000,1158000,500000,924000]",396,8993000
21,21,10,"[307,325,325,341,358,348,348,356,248,380]","[858000,951000,887000,974000,1029000,1017000,1058000,949000,709000,1062000]",380,9494000
21,22,10,"[234,415,328,351,346,328,351,381,232,369]","[702000,1170000,890000,986000,1033000,942000,1068000,1054000,729000,1033000]",415,9607000
21,23,10,"[197,342,249,351,353,382,334,267,293,379]","[572000,987000,693000,987000,1013000,1078000,936000,734000,790000,1072000]",382,8862000
21,24,10,"[276,443,236,396,373,380,341,257,252,400]","[874000,1274000,653000,1141000,1078000,1084000,964000,700000,765000,1173000]",443,9706000
21,25,10,"[209,359,235,405,407,378,355,401,187,343]","[614000,990000,651000,1161000,1118000,1095000,975000,1173000,504000,915000]",407,9196000
21,26,10,"[225,365,233,365,364,341,351,381,251,353]","[649000,1002000,633000,1056000,1082000,991000,1062000,1030000,706000,931000]",381,9142000
21,27,10,"[314,390,289,329,357,371,371,341,247,378]","[860000,1081000,812000,945000,1066000,1064000,1098000,895000,714000,1061000]",390,9596000
21,28,10,"[221,316,332,361,365,369,312,351,246,353]","[662000,903000,938000,1010000,1081000,1056000,883000,961000,693000,926000]",369,9113000
21,29,10,"[221,366,236,364,348,322,352,394,272,349]","[650000,1004000,654000,1048000,1032000,941000,1031000,1134000,766000,927000]",394,9187000
21,30,10,"[280,396,305,302,361,369,333,347,241,408]","[816000,1080000,868000,874000,1061000,1058000,949000,957000,680000,1108000]",408,9451000
21,31,10,"[218,366,324,377,359,337,349,381,248,374]","[621000,1007000,877000,1074000,1059000,978000,1060000,1006000,712000,1049000]",381,9443000
21,32,10,"[218,420,286,305,355,328,354,345,245,347]","[610000,1205000,749000,875000,1058000,955000,1060000,974000,715000,1017000]",420,9218000
21,33,10,"[219,384,228,385,353,328,329,418,237,347]","[632000,1052000,614000,1085000,1048000,958000,968000,1142000,670000,923000]",418,9092000
21,34,10,"[208,328,329,379,358,377,368,385,239,382]","[583000,959000,889000,1078000,1049000,1088000,1085000,1044000,672000,1072000]",385,9519000
21,35,10,"[217,291,335,350,368,383,357,368,235,354]","[629000,830000,902000,1023000,1039000,1097000,990000,1046000,659000,935000]",383,9150000
21,36,10,"[216,387,238,382,353,386,371,394,242,350]","[639000,1058000,643000,1065000,1027000,1117000,1097000,1084000,685000,929000]",394,9344000
21,37,10,"[219,403,267,360,383,329,327,418,238,347]","[622000,1108000,701000,1038000,1071000,957000,977000,1142000,674000,923000]",418,9213000
21,38,10,"[198,350,253,446,367,380,254,348,288,378]","[582000,979000,692000,1219000,1074000,1078000,703000,967000,806000,1070000]",446,9170000
21,39,10,"[230,419,333,347,344,332,345,383,241,361]","[681000,1156000,899000,974000,1023000,958000,1062000,1044000,698000,959000]",419,9454000
21,40,10,"[310,385,321,302,353,327,353,377,251,370]","[877000,1061000,893000,872000,1054000,957000,1046000,1040000,710000,1056000]",385,9566000
21,41,10,"[210,386,233,382,347,326,349,382,242,366]","[606000,1050000,636000,1073000,1033000,948000,1063000,1058000,703000,978000]",386,9148000
21,42,10,"[994,1166,1047,350,345,1011,347,1110,1032,357]","[3055000,5012000,2357000,1009000,1035000,2323000,1036000,2763000,2400000,1051000]",1166,22041000
21,43,10,"[212,350,234,377,387,332,313,397,187,346]","[614000,960000,643000,1067000,1122000,969000,862000,1156000,508000,921000]",397,8822000
21,44,10,"[222,320,371,383,362,324,347,355,280,347]","[643000,919000,1060000,1083000,1076000,954000,1036000,1019000,876000,994000]",383,9660000
21,45,10,"[198,356,254,374,380,372,290,348,280,377]","[576000,982000,684000,1120000,1105000,1054000,773000,938000,758000,1071000]",380,9061000
21,46,10,"[227,390,283,306,352,337,345,364,249,385]","[669000,1030000,754000,889000,1057000,977000,1059000,983000,717000,1103000]",390,9238000
21,47,10,"[198,373,294,354,356,338,310,312,296,377]","[577000,1102000,812000,993000,1055000,971000,824000,859000,799000,1060000]",377,9052000
21,48,10,"[205,363,241,395,413,385,358,332,240,384]","[584000,998000,671000,1135000,1152000,1109000,995000,964000,664000,1041000]",413,9313000
21,49,10,"[240,371,230,355,356,382,319,395,201,358]","[694000,1034000,622000,1006000,1062000,1087000,898000,1156000,632000,1001000]",395,9192000
21,50,10,"[216,344,274,339,355,369,309,398,181,348]","[632000,964000,729000,987000,1060000,1066000,855000,1160000,500000,928000]",398,8881000
21,51,10,"[301,331,333,379,359,375,368,298,259,382]","[839000,977000,894000,1074000,1054000,1072000,1069000,816000,745000,1085000]",382,9625000
21,52,10,"[306,326,327,379,356,376,365,270,245,340]","[849000,938000,897000,1078000,1045000,1088000,1093000,747000,693000,983000]",379,9411000
21,53,10,"[199,339,254,359,364,384,329,311,290,374]","[572000,979000,693000,1010000,1067000,1115000,887000,860000,775000,1065000]",384,9023000
21,54,10,"[224,362,230,381,358,377,305,329,202,350]","[644000,996000,635000,1104000,1049000,1089000,867000,892000,548000,934000]",381,8758000
21,55,10,"[207,350,258,398,419,376,357,488,238,355]","[589000,964000,706000,1151000,1159000,1091000,971000,1352000,674000,939000]",488,9596000
21,56,10,"[222,318,326,378,351,373,360,348,240,347]","[658000,903000,891000,1076000,1026000,1079000,1005000,953000,678000,920000]",378,9189000
21,57,10,"[216,304,232,383,372,368,366,350,240,345]","[628000,827000,638000,1177000,1095000,1061000,1023000,932000,675000,914000]",383,8970000
21,58,10,"[302,347,322,331,369,384,404,377,248,398]","[828000,1008000,871000,937000,1053000,1113000,1153000,1033000,733000,1154000]",404,9883000
21,59,10,"[312,387,325,325,359,327,351,337,257,372]","[866000,1057000,917000,922000,1066000,960000,1044000,942000,706000,1050000]",387,9530000
21,60,10,"[220,366,235,366,350,336,350,366,256,350]","[638000,998000,653000,1052000,1035000,974000,1069000,1019000,715000,922000]",366,9075000
21,61,10,"[284,430,242,384,344,382,332,312,292,467]","[809000,1238000,643000,1101000,1024000,1099000,890000,839000,785000,1254000]",467,9682000
21,62,10,"[222,366,229,383,367,374,377,377,191,354]","[646000,1002000,625000,1119000,1047000,1070000,1116000,1048000,545000,954000]",383,9172000
21,63,10,"[224,373,237,381,363,379,332,396,181,348]","[630000,1010000,662000,1104000,1068000,1093000,921000,1158000,500000,924000]",396,9070000
21,64,10,"[218,360,245,365,372,365,308,259,253,395]","[611000,1036000,685000,1053000,1092000,1054000,855000,702000,710000,1118000]",395,8916000
21,65,10,"[207,297,301,356,349,329,350,347,253,351]","[622000,847000,848000,1021000,1037000,979000,1042000,993000,728000,1004000]",356,9121000
21,66,10,"[269,374,228,383,358,374,268,330,237,366]","[754000,1020000,622000,1110000,1047000,1068000,755000,960000,660000,981000]",383,8977000
21,67,10,"[224,318,321,375,351,370,335,344,240,347]","[650000,913000,876000,1070000,1019000,1070000,940000,942000,673000,920000]",375,9073000
21,68,10,"[217,373,259,353,355,326,349,377,238,381]","[606000,1048000,693000,1035000,1055000,959000,1043000,1035000,687000,1072000]",381,9233000
21,69,10,"[211,373,234,379,361,377,308,331,237,375]","[593000,1014000,631000,1102000,1064000,1077000,849000,962000,660000,1018000]",379,8970000
21,70,10,"[229,367,301,320,362,321,358,337,252,350]","[674000,1049000,835000,911000,1072000,943000,1064000,956000,739000,1000000]",367,9243000
21,71,10,"[215,374,326,379,320,369,392,345,245,378]","[626000,1048000,882000,1088000,955000,1065000,1112000,928000,699000,1053000]",392,9456000
21,72,10,"[314,327,329,341,346,324,350,358,245,371]","[873000,952000,904000,976000,1024000,935000,1062000,956000,718000,1048000]",371,9448000
21,73,10,"[217,406,257,352,359,328,345,401,250,377]","[603000,1103000,691000,1030000,1063000,956000,1038000,1110000,724000,1055000]",406,9373000
21,74,10,"[216,368,260,354,344,325,356,379,243,350]","[618000,1048000,685000,1044000,1031000,949000,1050000,1043000,684000,1013000]",379,9165000
21,75,10,"[240,370,240,365,352,326,351,345,253,353]","[699000,1012000,642000,1053000,1052000,939000,1067000,931000,710000,934000]",370,9039000
21,76,10,"[218,340,231,379,373,371,336,397,182,350]","[637000,942000,634000,1139000,1080000,1069000,913000,1160000,500000,933000]",397,9007000
21,77,10,"[237,364,243,365,373,370,310,258,225,352]","[666000,1058000,652000,1060000,1097000,1059000,855000,696000,645000,1013000]",373,8801000
21,78,10,"[307,324,326,380,358,375,359,357,239,381]","[854000,946000,891000,1086000,1043000,1075000,1066000,942000,670000,1065000]",381,9638000
21,79,10,"[217,393,232,386,342,358,320,382,245,346]","[626000,1069000,625000,1090000,1017000,1029000,981000,1058000,708000,921000]",393,9124000
21,80,10,"[234,318,342,381,359,372,324,345,228,353]","[681000,904000,945000,1088000,1049000,1077000,919000,947000,645000,932000]",381,9187000
21,81,10,"[212,365,327,367,324,324,346,380,253,373]","[603000,1012000,891000,1055000,953000,944000,1058000,1035000,725000,1064000]",380,9340000
21,82,10,"[216,380,229,381,388,323,349,319,273,363]","[615000,1048000,625000,1069000,1166000,932000,1068000,862000,779000,994000]",388,9158000
21,83,10,"[221,374,229,385,360,377,304,393,181,349]","[624000,1042000,626000,1113000,1053000,1080000,851000,1152000,500000,935000]",393,8976000
22,1,10,"[246,362,309,373,347,370,375,356,338,289]","[669000,1029000,846000,1034000,958000,1028000,1050000,1011000,985000,776000]",375,9386000
22,2,10,"[175,305,379,334,380,264,317,339,379,276]","[489000,853000,1094000,941000,1123000,715000,852000,975000,1025000,764000]",380,8831000
22,3,10,"[172,313,391,338,386,278,316,359,347,241]","[468000,845000,1148000,918000,1020000,787000,842000,1019000,930000,709000]",391,8686000
22,4,10,"[177,314,377,342,378,266,313,334,377,292]","[484000,864000,1080000,953000,1117000,740000,847000,962000,1036000,777000]",378,8860000
22,5,10,"[192,279,383,340,377,267,309,336,354,279]","[509000,757000,1099000,950000,1117000,747000,840000,965000,956000,776000]",383,8716000
22,6,10,"[178,311,382,335,378,276,308,332,382,287]","[490000,853000,1109000,939000,1122000,762000,836000,961000,1027000,769000]",382,8868000
22,7,10,"[172,313,391,336,386,278,316,359,352,241]","[468000,845000,1148000,929000,1017000,787000,842000,1019000,943000,709000]",391,8707000
22,8,10,"[178,319,378,338,377,266,312,334,378,291]","[493000,866000,1089000,949000,1117000,748000,849000,965000,1020000,775000]",378,8871000
22,9,10,"[174,334,324,331,345,377,390,268,384,285]","[489000,894000,978000,891000,942000,1035000,1120000,714000,1055000,766000]",390,8884000
22,10,10,"[174,304,348,353,378,387,385,373,343,198]","[489000,830000,982000,1024000,1043000,1098000,1085000,1058000,918000,563000]",387,9090000
22,11,10,"[186,380,296,378,346,379,382,365,340,253]","[534000,1020000,823000,1011000,940000,1041000,1069000,1083000,967000,699000]",382,9187000
22,12,10,"[215,371,336,382,407,280,252,288,336,280]","[601000,1033000,945000,1103000,1108000,770000,675000,801000,937000,741000]",407,8714000
22,13,10,"[176,359,296,383,404,274,304,348,346,286]","[503000,957000,820000,1012000,1142000,779000,842000,998000,952000,778000]",404,8783000
22,14,10,"[213,350,339,384,371,356,289,335,384,275]","[592000,955000,966000,1093000,1047000,1006000,773000,933000,1058000,722000]",384,9145000
22,15,10,"[178,310,393,357,384,267,316,331,357,277]","[473000,860000,1124000,1032000,1090000,735000,847000,959000,968000,764000]",393,8852000
22,16,10,"[197,397,220,390,377,355,329,346,325,270]","[530000,1078000,560000,1078000,1030000,981000,932000,1008000,901000,722000]",397,8820000
22,17,10,"[205,397,221,388,377,357,329,348,326,261]","[550000,1076000,568000,1078000,1030000,989000,934000,1008000,903000,689000]",397,8825000
22,18,10,"[188,280,385,332,413,270,313,337,338,274]","[514000,761000,1103000,934000,1219000,744000,857000,978000,920000,739000]",413,8769000
22,19,10,"[218,368,295,372,343,377,384,349,367,221]","[579000,1042000,827000,1026000,950000,1034000,1075000,1002000,1058000,626000]",384,9219000
22,20,10,"[178,370,293,377,345,380,388,338,339,256]","[489000,1016000,813000,996000,938000,1060000,1110000,992000,966000,735000]",388,9115000
22,21,10,"[179,309,373,332,442,283,305,325,357,282]","[506000,855000,1059000,937000,1280000,767000,847000,900000,964000,784000]",442,8899000
22,22,10,"[178,361,335,340,346,381,381,356,333,288]","[509000,977000,964000,1019000,936000,1055000,1077000,1055000,949000,793000]",381,9334000
22,23,10,"[232,410,299,386,346,374,392,343,346,288]","[693000,1124000,817000,1022000,940000,1033000,1125000,1000000,978000,749000]",410,9481000
22,24,10,"[179,306,382,334,441,296,305,327,345,284]","[521000,852000,1094000,938000,1278000,782000,859000,908000,963000,784000]",441,8979000
22,25,10,"[389,370,1125,323,384,379,709,396,371,301]","[925000,1029000,2497000,901000,1059000,1043000,1757000,1135000,1005000,779000]",1125,12130000
22,26,10,"[181,370,410,329,449,313,425,328,370,245]","[517000,1022000,1158000,931000,1272000,844000,1131000,971000,1057000,670000]",449,9573000
22,27,10,"[184,372,388,340,429,270,310,336,341,281]","[491000,999000,1121000,961000,1242000,742000,838000,975000,927000,779000]",429,9075000
22,28,10,"[220,361,293,378,349,366,414,338,340,279]","[633000,1021000,823000,1002000,953000,1014000,1183000,992000,970000,826000]",414,9417000
22,29,10,"[244,434,317,391,342,337,372,351,332,250]","[748000,1216000,866000,1030000,934000,954000,1050000,1001000,885000,740000]",434,9424000
22,30,10,"[252,386,302,308,405,381,419,455,352,253]","[711000,1080000,849000,862000,1107000,1066000,1166000,1271000,986000,721000]",455,9819000
22,31,10,"[189,295,353,393,425,274,321,346,373,278]","[559000,811000,996000,1084000,1246000,776000,871000,979000,1006000,757000]",425,9085000
22,32,10,"[212,399,276,433,418,266,311,339,369,233]","[632000,1101000,771000,1160000,1181000,727000,841000,974000,1011000,673000]",433,9071000
22,33,10,"[177,341,376,312,336,400,423,363,422,245]","[502000,913000,1077000,855000,923000,1074000,1174000,1070000,1207000,701000]",423,9496000
22,34,10,"[496,304,374,333,447,292,304,429,455,432]","[1565000,830000,1061000,939000,1297000,780000,855000,1232000,1326000,1339000]",496,11224000
22,35,10,"[176,308,371,333,445,287,304,323,363,284]","[514000,853000,1061000,935000,1286000,762000,860000,911000,1008000,766000]",445,8956000
22,36,10,"[542,595,397,335,444,287,306,355,529,437]","[1762000,1746000,1139000,944000,1299000,778000,867000,1007000,1447000,1336000]",595,12325000
22,37,10,"[227,416,296,384,343,387,388,364,344,270]","[689000,1156000,824000,1015000,937000,1095000,1079000,1076000,984000,739000]",416,9594000
22,38,10,"[175,306,383,334,410,270,274,300,321,276]","[466000,844000,1090000,938000,1204000,739000,737000,850000,878000,754000]",410,8500000
22,39,10,"[168,325,330,322,388,377,312,368,350,243]","[454000,838000,954000,894000,1021000,1045000,851000,1051000,945000,686000]",388,8739000
22,40,10,"[181,334,323,336,357,401,329,350,334,193]","[521000,909000,965000,909000,971000,1107000,888000,1012000,890000,547000]",401,8719000
22,41,10,"[188,300,374,329,402,351,307,290,396,292]","[549000,828000,1069000,931000,1131000,955000,862000,817000,1071000,830000]",402,9043000
22,42,10,"[227,374,295,377,390,388,414,345,294,295]","[636000,1093000,824000,1030000,1044000,1087000,1171000,1002000,797000,802000]",414,9486000
22,43,10,"[170,306,372,335,445,286,287,322,360,276]","[476000,849000,1057000,939000,1282000,750000,801000,905000,979000,778000]",445,8816000
22,44,10,"[242,409,294,387,346,375,417,344,338,300]","[715000,1184000,825000,1028000,944000,1035000,1197000,1004000,953000,888000]",417,9773000
22,45,10,"[304,471,219,417,441,386,340,306,318,265]","[905000,1252000,564000,1135000,1287000,1063000,960000,883000,873000,701000]",471,9623000
22,46,10,"[213,362,391,357,382,266,315,336,355,265]","[616000,978000,1124000,1035000,1077000,719000,860000,948000,961000,736000]",391,9054000
22,47,10,"[230,398,220,398,378,358,328,344,333,271]","[663000,1082000,569000,1096000,1038000,994000,932000,1004000,911000,731000]",398,9020000
22,48,10,"[243,425,288,377,440,289,300,323,377,270]","[727000,1179000,804000,1022000,1279000,768000,830000,910000,1009000,820000]",440,9348000
22,49,10,"[170,328,327,335,376,380,406,375,350,212]","[471000,868000,996000,955000,1050000,1034000,1148000,1101000,982000,605000]",406,9210000
22,50,10,"[223,399,799,414,379,341,435,1289,521,248]","[624000,1111000,1922000,867000,1055000,943000,1135000,2888000,1351000,710000]",1289,12606000
22,51,10,"[257,306,372,335,443,291,306,323,360,384]","[730000,840000,1066000,943000,1280000,782000,856000,904000,993000,1100000]",443,9494000
22,52,10,"[188,376,376,384,363,299,306,333,398,280]","[554000,1070000,1103000,1053000,981000,783000,855000,945000,1061000,762000]",398,9167000
22,53,10,"[444,449,214,392,379,360,347,333,377,427]","[1326000,1237000,548000,1099000,1049000,1003000,989000,984000,1044000,1249000]",449,10528000
22,54,10,"[351,365,363,383,408,280,249,393,386,295]","[1016000,1007000,1033000,1099000,1107000,770000,664000,1136000,1110000,853000]",408,9795000
22,55,10,"[215,335,286,403,388,395,286,336,391,272]","[572000,919000,810000,1200000,1038000,1114000,768000,911000,1063000,719000]",403,9114000
22,56,10,"[218,419,296,389,352,377,385,374,356,292]","[645000,1171000,822000,1034000,956000,1039000,1085000,1100000,1021000,788000]",419,9661000
22,57,10,"[252,400,296,327,399,274,268,476,335,255]","[702000,1143000,838000,903000,1137000,754000,746000,1365000,943000,771000]",476,9302000
22,58,10,"[191,280,387,332,412,267,288,363,347,287]","[548000,764000,1098000,934000,1183000,733000,798000,982000,1013000,786000]",412,8839000
22,59,10,"[172,242,357,394,426,259,315,343,378,287]","[491000,682000,1032000,1091000,1235000,707000,855000,980000,998000,767000]",426,8838000
22,60,10,"[232,356,306,375,346,372,377,353,340,283]","[644000,1008000,844000,1033000,954000,1030000,1052000,1007000,995000,776000]",377,9343000
22,61,10,"[175,305,379,337,380,264,317,340,374,276]","[489000,853000,1094000,950000,1123000,715000,852000,975000,1012000,764000]",380,8827000
22,62,10,"[178,313,391,338,387,278,315,316,347,260]","[475000,843000,1136000,918000,1019000,787000,845000,923000,933000,754000]",391,8633000
22,63,10,"[178,315,379,290,377,267,335,331,370,277]","[469000,856000,1096000,820000,1117000,744000,925000,956000,1004000,769000]",379,8756000
22,64,10,"[192,279,382,359,377,267,310,334,355,271]","[509000,757000,1094000,1027000,1117000,747000,842000,964000,952000,718000]",382,8727000
22,65,10,"[178,313,368,336,382,276,319,332,370,296]","[490000,860000,1060000,947000,1125000,762000,857000,961000,996000,805000]",382,8863000
22,66,10,"[172,301,387,333,388,279,310,359,350,241]","[468000,821000,1128000,928000,1021000,787000,831000,1019000,939000,709000]",388,8651000
22,67,10,"[178,319,354,354,380,266,310,331,379,291]","[493000,866000,1011000,995000,1123000,748000,828000,959000,1036000,776000]",380,8835000
22,68,10,"[193,329,323,335,344,378,392,266,351,284]","[541000,889000,973000,891000,940000,1035000,1121000,712000,967000,766000]",392,8835000
22,69,10,"[176,311,351,356,384,389,388,371,335,206]","[484000,845000,982000,1030000,1055000,1102000,1108000,1053000,893000,606000]",389,9158000
22,70,10,"[177,374,293,380,345,381,403,363,339,247]","[507000,1031000,816000,1006000,938000,1034000,1132000,1083000,960000,704000]",403,9211000
22,71,10,"[215,371,336,382,407,282,252,288,336,280]","[601000,1033000,945000,1100000,1108000,777000,675000,801000,937000,741000]",407,8718000
22,72,10,"[186,362,296,347,397,308,313,345,346,283]","[536000,973000,820000,916000,1134000,890000,878000,992000,959000,788000]",397,8886000
22,73,10,"[218,347,366,345,366,358,286,336,377,279]","[602000,949000,1022000,1011000,1019000,1003000,759000,912000,1051000,732000]",377,9060000
22,74,10,"[175,309,392,362,383,270,313,334,345,274]","[466000,856000,1123000,1042000,1078000,739000,846000,969000,935000,754000]",392,8808000
22,75,10,"[197,397,220,392,377,355,348,344,325,271]","[530000,1078000,560000,1078000,1030000,976000,998000,1000000,897000,718000]",397,8865000
22,76,10,"[207,375,222,387,376,388,329,347,326,261]","[562000,1005000,570000,1078000,1022000,1075000,934000,1006000,899000,683000]",388,8834000
22,77,10,"[190,283,410,332,413,270,313,337,338,285]","[524000,771000,1147000,934000,1219000,744000,857000,978000,920000,781000]",413,8875000
22,78,10,"[218,373,294,372,343,359,384,349,373,234]","[579000,1055000,828000,1026000,950000,1003000,1075000,1002000,1053000,673000]",384,9244000
22,79,10,"[179,372,319,382,315,385,393,340,337,257]","[480000,1022000,897000,1018000,858000,1065000,1128000,992000,965000,737000]",393,9162000
23,1,10,"[282,233,345,336,364,354,329,373,295,316]","[791000,671000,937000,969000,1032000,954000,905000,1121000,869000,883000]",373,9132000
23,2,10,"[300,263,331,354,338,338,357,371,292,362]","[813000,725000,911000,1068000,960000,938000,984000,1106000,846000,992000]",371,9343000
23,3,10,"[284,237,345,337,363,352,328,372,295,314]","[801000,679000,937000,959000,1032000,950000,905000,1119000,869000,889000]",372,9140000
23,4,10,"[277,223,308,402,362,279,287,393,283,280]","[824000,659000,843000,1146000,1045000,815000,790000,1191000,825000,793000]",402,8931000
23,5,10,"[315,246,299,372,357,253,362,375,286,352]","[872000,729000,823000,1109000,1020000,692000,991000,1073000,791000,950000]",375,9050000
23,6,10,"[298,227,306,371,360,300,331,397,296,278]","[828000,643000,828000,1120000,1023000,821000,905000,1132000,846000,821000]",397,8967000
23,7,10,"[257,220,310,340,408,278,284,390,282,313]","[740000,653000,874000,982000,1167000,805000,784000,1162000,839000,875000]",408,8881000
23,8,10,"[263,298,333,352,337,336,356,369,299,366]","[689000,839000,926000,1067000,960000,949000,982000,1115000,856000,1000000]",369,9383000
23,9,10,"[306,304,307,341,364,280,354,364,319,358]","[836000,842000,878000,991000,1045000,779000,978000,1099000,954000,996000]",364,9398000
23,10,10,"[308,308,308,344,367,282,354,366,320,364]","[865000,850000,878000,994000,1047000,783000,978000,1105000,970000,1018000]",367,9488000
23,11,10,"[257,223,306,402,411,278,287,390,282,280]","[742000,659000,839000,1146000,1175000,810000,790000,1176000,820000,793000]",411,8950000
23,12,10,"[270,263,301,345,330,327,301,408,287,287]","[768000,778000,860000,991000,952000,909000,852000,1201000,799000,844000]",408,8954000
23,13,10,"[273,196,376,339,374,313,286,353,306,361]","[738000,560000,1045000,975000,1067000,914000,788000,1066000,900000,1008000]",376,9061000
23,14,10,"[255,222,304,403,399,275,357,366,284,277]","[740000,654000,851000,1148000,1139000,797000,988000,1104000,831000,794000]",403,9046000
23,15,10,"[307,227,303,368,357,306,362,383,292,273]","[866000,643000,840000,1105000,1029000,804000,1002000,1113000,840000,811000]",383,9053000
23,16,10,"[336,233,345,336,340,354,329,373,295,316]","[932000,671000,937000,969000,954000,954000,905000,1121000,869000,883000]",373,9195000
23,17,10,"[278,223,286,406,360,275,287,393,309,280]","[819000,659000,779000,1166000,1045000,799000,790000,1191000,913000,793000]",406,8954000
23,18,10,"[273,221,309,342,387,347,337,345,283,363]","[785000,647000,867000,988000,1115000,940000,928000,1026000,791000,992000]",387,9079000
23,19,10,"[241,288,320,368,406,278,289,398,286,285]","[678000,789000,890000,1050000,1202000,801000,790000,1190000,835000,827000]",406,9052000
23,20,10,"[268,221,310,335,332,327,303,408,283,361]","[767000,649000,881000,973000,957000,912000,858000,1201000,791000,992000]",408,8981000
23,21,10,"[234,292,341,411,422,299,342,384,238,279]","[675000,794000,940000,1192000,1229000,843000,936000,1143000,707000,805000]",422,9264000
23,22,10,"[291,275,335,353,395,287,357,366,292,361]","[756000,756000,926000,1061000,1121000,799000,982000,1103000,842000,991000]",395,9337000
23,23,10,"[331,239,346,333,441,280,358,363,293,314]","[925000,689000,939000,958000,1211000,802000,986000,1101000,854000,889000]",441,9354000
23,24,10,"[310,311,320,350,361,261,367,364,316,371]","[843000,863000,888000,1025000,1038000,705000,1004000,1086000,959000,1014000]",371,9425000
23,25,10,"[235,351,302,352,432,282,284,391,284,281]","[671000,967000,858000,1016000,1303000,815000,784000,1168000,819000,819000]",432,9220000
23,26,10,"[307,227,303,370,353,310,373,373,296,284]","[851000,643000,842000,1108000,1012000,824000,1023000,1100000,848000,842000]",373,9093000
23,27,10,"[305,213,376,314,379,279,358,367,277,353]","[821000,651000,1045000,892000,1059000,774000,992000,1099000,816000,1021000]",379,9170000
23,28,10,"[270,221,308,338,329,336,258,401,283,361]","[780000,649000,869000,977000,952000,926000,730000,1213000,791000,992000]",401,8879000
23,29,10,"[321,243,301,373,388,276,379,386,288,350]","[878000,723000,827000,1123000,1088000,799000,1017000,1130000,795000,942000]",388,9322000
23,30,10,"[277,219,296,342,349,282,285,387,282,274]","[799000,639000,847000,979000,1013000,810000,786000,1162000,825000,769000]",387,8629000
23,31,10,"[273,218,379,383,443,272,288,350,311,370]","[739000,643000,1051000,1108000,1228000,738000,792000,1051000,898000,1032000]",443,9280000
23,32,10,"[248,289,368,371,360,296,330,363,301,286]","[759000,815000,991000,1111000,1032000,805000,909000,1085000,873000,837000]",371,9217000
23,33,10,"[292,221,309,341,332,335,293,386,282,341]","[826000,645000,885000,983000,958000,920000,826000,1136000,798000,949000]",386,8926000
23,34,10,"[294,268,338,373,457,291,354,364,295,361]","[754000,740000,926000,1072000,1327000,804000,978000,1085000,836000,1009000]",457,9531000
23,35,10,"[280,271,371,339,338,352,340,408,285,367]","[811000,804000,1061000,979000,967000,950000,936000,1203000,791000,1009000]",408,9511000
23,36,10,"[260,250,306,341,332,331,296,393,313,273]","[739000,707000,879000,983000,957000,926000,836000,1146000,869000,816000]",393,8858000
23,37,10,"[293,221,301,338,335,353,257,363,270,362]","[826000,649000,855000,979000,960000,1003000,730000,1098000,758000,997000]",363,8855000
23,38,10,"[252,223,374,335,369,316,284,357,298,310]","[720000,638000,1040000,964000,1062000,923000,784000,1067000,857000,843000]",374,8898000
23,39,10,"[272,225,304,357,404,274,291,386,255,339]","[775000,657000,866000,1018000,1188000,794000,797000,1162000,711000,945000]",404,8913000
23,40,10,"[275,215,375,339,374,312,294,356,309,364]","[737000,628000,1038000,972000,1046000,912000,810000,1063000,873000,1014000]",375,9093000
23,41,10,"[296,247,306,375,432,282,362,367,289,331]","[890000,687000,834000,1166000,1229000,778000,992000,1103000,855000,900000]",432,9434000
23,42,10,"[366,195,373,317,366,407,284,390,394,431]","[1076000,554000,1038000,919000,1043000,1152000,784000,1113000,1226000,1225000]",431,10130000
23,43,10,"[272,260,311,350,331,328,354,402,283,288]","[778000,770000,885000,991000,952000,909000,978000,1161000,791000,843000]",402,9058000
23,44,10,"[277,244,309,369,407,278,287,395,285,233]","[817000,685000,836000,1101000,1186000,810000,790000,1180000,836000,651000]",407,8892000
23,45,10,"[323,246,303,367,356,253,361,374,323,272]","[883000,729000,836000,1103000,1019000,692000,988000,1065000,894000,811000]",374,9020000
23,46,10,"[272,221,313,343,332,344,293,423,281,341]","[775000,645000,918000,987000,956000,962000,826000,1189000,798000,949000]",423,9005000
23,47,10,"[365,318,398,347,373,326,284,367,343,349]","[1060000,899000,1090000,990000,1066000,919000,784000,1098000,996000,1015000]",398,9917000
23,48,10,"[230,244,341,357,398,315,341,386,303,278]","[666000,673000,943000,1071000,1130000,894000,925000,1145000,853000,804000]",398,9104000
23,49,10,"[310,320,314,340,410,279,376,367,325,367]","[864000,880000,899000,983000,1154000,802000,1013000,1102000,952000,1041000]",410,9690000
23,50,10,"[298,201,377,315,375,415,289,371,279,323]","[794000,603000,1044000,903000,1064000,1260000,794000,1107000,819000,917000]",415,9305000
23,51,10,"[307,231,303,369,408,310,361,382,300,272]","[863000,663000,842000,1101000,1189000,807000,1001000,1100000,845000,802000]",408,9213000
23,52,10,"[329,249,352,331,360,355,342,358,401,420]","[965000,774000,961000,959000,1032000,975000,939000,1069000,1261000,1196000]",420,10131000
23,53,10,"[226,285,322,368,407,276,289,395,245,336]","[649000,783000,883000,1050000,1199000,804000,790000,1182000,698000,913000]",407,8951000
23,54,10,"[270,218,337,360,335,332,302,409,283,359]","[780000,637000,911000,1047000,973000,912000,853000,1201000,791000,986000]",409,9091000
23,55,10,"[267,221,310,335,334,327,303,408,283,361]","[765000,649000,886000,973000,962000,912000,858000,1201000,791000,992000]",408,8989000
23,56,10,"[269,223,302,346,367,326,303,408,292,326]","[765000,663000,868000,993000,1067000,910000,847000,1201000,866000,881000]",408,9061000
23,57,10,"[348,229,300,372,357,345,360,385,285,395]","[992000,645000,822000,1113000,1026000,948000,990000,1101000,791000,1153000]",395,9581000
23,58,10,"[227,347,418,442,365,397,348,405,284,278]","[664000,961000,1148000,1242000,1033000,1117000,943000,1205000,805000,799000]",442,9917000
23,59,10,"[275,241,314,366,385,345,359,365,291,357]","[730000,681000,833000,1097000,1087000,991000,982000,1098000,852000,1001000]",385,9352000
23,60,10,"[289,238,311,342,369,356,331,378,302,309]","[804000,699000,868000,974000,1045000,957000,909000,1123000,881000,867000]",378,9127000
23,61,10,"[299,258,330,352,337,345,356,371,291,373]","[808000,714000,911000,1061000,960000,967000,982000,1110000,852000,1041000]",373,9406000
23,62,10,"[291,234,342,335,361,365,328,375,299,303]","[806000,684000,938000,955000,1030000,995000,905000,1123000,879000,843000]",375,9158000
23,63,10,"[277,202,308,402,362,279,287,461,283,280]","[824000,590000,843000,1146000,1045000,815000,790000,1333000,825000,793000]",461,9004000
23,64,10,"[319,246,299,370,368,253,361,375,286,348]","[875000,729000,821000,1101000,1042000,692000,991000,1073000,791000,942000]",375,9057000
23,65,10,"[304,230,300,369,346,298,343,396,301,270]","[844000,658000,824000,1117000,1007000,809000,944000,1137000,887000,796000]",396,9023000
23,66,10,"[256,220,308,337,409,275,284,402,280,313]","[740000,650000,874000,977000,1159000,799000,784000,1208000,826000,869000]",409,8886000
23,67,10,"[262,299,332,356,337,337,356,369,299,361]","[691000,830000,911000,1071000,960000,937000,982000,1111000,855000,993000]",369,9341000
23,68,10,"[296,296,319,340,367,293,354,363,322,358]","[808000,814000,921000,981000,1044000,812000,978000,1094000,975000,974000]",367,9401000
23,69,10,"[316,294,301,341,369,287,354,362,326,361]","[887000,804000,864000,985000,1035000,793000,978000,1083000,947000,998000]",369,9374000
23,70,10,"[256,223,306,367,411,308,287,390,282,280]","[742000,659000,837000,1040000,1175000,904000,790000,1176000,820000,793000]",411,8936000
23,71,10,"[270,259,301,342,329,333,302,409,289,287]","[768000,770000,860000,985000,952000,922000,847000,1206000,812000,844000]",409,8966000
23,72,10,"[275,196,375,339,376,313,290,353,304,365]","[745000,560000,1043000,968000,1055000,914000,794000,1066000,882000,1018000]",376,9045000
23,73,10,"[258,222,308,368,403,308,357,366,284,277]","[740000,654000,853000,1042000,1141000,903000,988000,1104000,831000,794000]",403,9050000
23,74,10,"[307,227,303,368,357,306,362,383,247,292]","[866000,643000,840000,1105000,1029000,804000,1002000,1113000,729000,870000]",383,9001000
23,75,10,"[339,236,346,412,339,366,328,335,296,316]","[953000,677000,939000,1162000,953000,977000,905000,988000,884000,888000]",412,9326000
23,76,10,"[275,219,278,415,365,273,285,388,304,282]","[814000,639000,761000,1182000,1065000,795000,786000,1166000,896000,800000]",415,8904000
23,77,10,"[273,218,355,339,391,363,335,347,283,361]","[773000,638000,958000,977000,1119000,984000,928000,1026000,791000,988000]",391,9182000
23,78,10,"[227,291,320,368,406,290,289,398,282,280]","[664000,804000,890000,1050000,1196000,839000,790000,1192000,814000,785000]",406,9024000
23,79,10,"[269,221,306,341,336,374,300,362,283,361]","[765000,652000,871000,985000,964000,1057000,852000,1055000,791000,988000]",374,8980000
24,1,10,"[245,328,326,357,348,306,348,311,233,302]","[669000,878000,912000,969000,942000,933000,990000,796000,650000,846000]",357,8585000
24,2,10,"[237,327,326,362,349,307,364,302,233,302]","[637000,883000,910000,979000,944000,932000,1037000,763000,650000,846000]",364,8581000
24,3,10,"[229,315,250,347,388,367,345,282,259,304]","[633000,853000,684000,937000,1067000,1064000,975000,723000,718000,844000]",388,8498000
24,4,10,"[204,315,252,390,375,365,343,288,248,331]","[588000,840000,673000,1032000,1017000,1060000,974000,792000,670000,916000]",390,8562000
24,5,10,"[328,306,288,279,327,356,363,336,282,284]","[881000,819000,806000,753000,883000,1048000,1053000,957000,771000,800000]",363,8771000
24,6,10,"[313,280,323,286,326,355,365,339,278,291]","[829000,771000,883000,753000,880000,1040000,1048000,963000,754000,832000]",365,8753000
24,7,10,"[204,325,248,378,373,369,345,291,242,337]","[588000,864000,661000,999000,1021000,1080000,980000,798000,666000,941000]",378,8598000
24,8,10,"[318,298,329,281,324,355,357,337,274,296]","[839000,795000,897000,747000,884000,1043000,1035000,956000,746000,844000]",357,8786000
24,9,10,"[319,296,333,284,324,355,360,344,274,298]","[843000,791000,910000,753000,891000,1043000,1033000,976000,746000,848000]",360,8834000
24,10,10,"[240,323,254,352,382,363,346,334,234,306]","[641000,873000,700000,943000,1053000,1050000,975000,862000,656000,848000]",382,8601000
24,11,10,"[338,266,323,329,356,358,353,327,278,291]","[913000,727000,858000,908000,932000,1042000,992000,918000,757000,811000]",358,8858000
24,12,10,"[319,288,323,284,323,355,362,359,274,298]","[843000,766000,872000,753000,889000,1043000,1033000,1030000,746000,848000]",362,8823000
24,13,10,"[328,306,288,279,328,361,363,332,282,284]","[881000,819000,809000,756000,888000,1061000,1053000,953000,771000,800000]",363,8791000
24,14,10,"[338,265,323,329,369,295,353,327,280,291]","[913000,727000,858000,908000,973000,902000,992000,918000,761000,811000]",369,8763000
24,15,10,"[339,227,325,367,302,351,330,305,314,331]","[911000,629000,859000,1021000,815000,1026000,932000,833000,857000,903000]",367,8786000
24,16,10,"[206,338,292,373,380,370,356,225,298,313]","[588000,902000,758000,1016000,1051000,1066000,1006000,605000,847000,896000]",380,8735000
24,17,10,"[312,299,326,312,322,354,358,354,340,296]","[831000,793000,891000,814000,876000,1030000,1043000,1021000,948000,823000]",358,9070000
24,18,10,"[340,265,323,369,356,353,299,327,278,290]","[919000,727000,858000,1021000,938000,1031000,850000,918000,757000,809000]",369,8828000
24,19,10,"[342,224,326,370,305,353,374,303,308,287]","[912000,625000,863000,1027000,827000,1036000,1039000,833000,835000,793000]",374,8790000
24,20,10,"[318,259,322,317,327,352,361,349,332,261]","[839000,716000,846000,836000,898000,1026000,1041000,1022000,926000,705000]",361,8855000
24,21,10,"[270,470,383,370,353,411,395,336,327,353]","[777000,1392000,1087000,1009000,953000,1186000,1168000,878000,927000,981000]",470,10358000
24,22,10,"[313,281,324,285,325,354,359,339,277,290]","[829000,773000,888000,745000,875000,1035000,1033000,978000,752000,832000]",359,8740000
24,23,10,"[347,257,302,460,378,366,281,338,283,305]","[931000,706000,850000,1228000,1047000,1056000,836000,949000,798000,831000]",460,9232000
24,24,10,"[345,228,327,414,319,360,298,374,235,289]","[932000,636000,878000,1169000,845000,1050000,833000,1026000,647000,807000]",414,8823000
24,25,10,"[317,290,315,286,322,353,302,395,274,297]","[839000,770000,850000,755000,881000,1033000,858000,1168000,746000,844000]",395,8744000
24,26,10,"[319,290,323,289,382,346,401,355,276,298]","[845000,766000,872000,759000,992000,983000,1127000,1015000,759000,854000]",401,8972000
24,27,10,"[205,318,254,388,367,377,302,323,248,333]","[588000,861000,677000,1037000,1009000,1098000,868000,881000,676000,915000]",388,8610000
24,28,10,"[209,338,295,397,391,406,361,294,298,313]","[588000,911000,762000,1085000,1107000,1166000,1052000,800000,841000,896000]",406,9208000
24,29,10,"[238,321,255,367,382,365,366,307,233,304]","[641000,865000,696000,1001000,1058000,1060000,1039000,780000,654000,852000]",382,8646000
24,30,10,"[235,318,248,348,384,364,348,322,237,301]","[645000,863000,680000,931000,1057000,1055000,975000,853000,651000,837000]",384,8547000
24,31,10,"[344,257,288,463,358,355,321,309,280,294]","[925000,691000,778000,1271000,939000,1032000,916000,864000,782000,822000]",463,9020000
24,32,10,"[339,250,294,459,323,343,319,302,289,289]","[915000,687000,794000,1266000,838000,1049000,895000,839000,794000,800000]",459,8877000
24,33,10,"[342,315,339,466,356,352,373,310,290,303]","[917000,855000,875000,1268000,945000,1032000,1044000,839000,793000,846000]",466,9414000
24,34,10,"[316,308,326,284,387,367,400,333,257,285]","[835000,822000,885000,765000,1064000,1060000,1127000,948000,696000,807000]",400,9009000
24,35,10,"[235,314,251,371,391,370,332,347,237,307]","[656000,849000,687000,1011000,1073000,1072000,937000,880000,655000,869000]",391,8689000
24,36,10,"[228,315,257,350,394,369,313,381,239,306]","[633000,859000,692000,935000,1078000,1067000,894000,966000,658000,846000]",394,8628000
24,37,10,"[206,336,321,449,380,356,359,307,305,311]","[588000,907000,820000,1249000,1126000,1098000,997000,847000,814000,875000]",449,9321000
24,38,10,"[318,311,261,349,379,354,411,357,287,300]","[846000,857000,703000,942000,1049000,1043000,1152000,1036000,791000,828000]",411,9247000
24,39,10,"[349,212,324,415,317,362,304,375,222,382]","[941000,601000,864000,1208000,853000,1072000,851000,1021000,615000,1030000]",415,9056000
24,40,10,"[206,338,292,343,380,368,357,225,300,310]","[588000,902000,758000,929000,1051000,1056000,997000,605000,860000,881000]",380,8627000
24,41,10,"[347,225,266,411,305,354,418,323,258,292]","[940000,627000,724000,1159000,832000,1050000,1094000,915000,723000,824000]",418,8888000
24,42,10,"[338,254,304,423,378,356,323,382,290,290]","[913000,695000,813000,1145000,978000,1045000,910000,1115000,795000,805000]",423,9214000
24,43,10,"[313,280,323,284,326,355,364,339,278,322]","[829000,771000,883000,753000,881000,1040000,1053000,963000,754000,926000]",364,8853000
24,44,10,"[209,314,249,379,338,350,403,290,243,328]","[590000,847000,685000,1017000,955000,1027000,1091000,782000,665000,895000]",403,8554000
24,45,10,"[319,245,274,421,353,347,407,375,279,298]","[841000,663000,749000,1163000,946000,1030000,1141000,1072000,756000,842000]",421,9203000
24,46,10,"[337,265,327,362,382,358,297,331,277,287]","[911000,729000,863000,1029000,986000,1046000,831000,926000,761000,799000]",382,8881000
24,47,10,"[312,298,311,459,380,363,344,406,349,303]","[831000,808000,836000,1268000,989000,1074000,1015000,1175000,964000,828000]",459,9788000
24,48,10,"[314,281,324,290,326,358,310,415,277,292]","[829000,773000,888000,745000,879000,1055000,875000,1162000,752000,832000]",415,8790000
24,49,10,"[314,231,253,372,379,355,407,351,296,260]","[838000,636000,687000,1017000,1052000,1049000,1144000,1016000,834000,703000]",407,8976000
24,50,10,"[320,259,324,303,387,369,406,350,279,261]","[849000,713000,853000,799000,1065000,1080000,1135000,1015000,778000,705000]",406,8992000
24,51,10,"[311,252,251,370,383,368,402,368,255,295]","[829000,682000,689000,1004000,1063000,1075000,1132000,1092000,688000,842000]",402,9096000
24,52,10,"[204,318,253,383,370,374,303,322,248,331]","[588000,854000,685000,1027000,1013000,1089000,867000,881000,683000,915000]",383,8602000
24,53,10,"[340,300,256,411,306,350,372,301,278,298]","[917000,831000,716000,1160000,840000,1045000,1014000,863000,779000,834000]",411,8999000
24,54,10,"[310,282,325,287,387,353,330,411,278,288]","[827000,771000,897000,753000,1048000,1018000,963000,1171000,760000,828000]",411,9036000
24,55,10,"[316,291,312,283,345,346,403,351,283,283]","[837000,772000,855000,750000,963000,1018000,1131000,1011000,772000,803000]",403,8912000
24,56,10,"[349,271,297,372,383,367,367,370,286,299]","[934000,752000,820000,1008000,1063000,1067000,1092000,1025000,805000,835000]",383,9401000
24,57,10,"[204,308,251,372,385,373,358,303,243,343]","[588000,827000,687000,1023000,1070000,1094000,1009000,813000,665000,959000]",385,8735000
24,58,10,"[206,341,298,374,370,374,398,275,341,355]","[588000,908000,779000,1022000,1031000,1094000,1072000,726000,954000,998000]",398,9172000
24,59,10,"[347,228,326,416,314,362,331,328,235,292]","[935000,636000,873000,1169000,837000,1052000,932000,905000,647000,811000]",416,8797000
24,60,10,"[341,292,250,351,392,360,372,400,250,300]","[916000,798000,673000,960000,1071000,1083000,989000,1068000,696000,833000]",400,9087000
24,61,10,"[317,296,332,282,321,352,304,380,274,296]","[839000,794000,915000,751000,879000,1028000,858000,1104000,746000,844000]",380,8758000
24,62,10,"[340,226,324,411,318,356,304,317,268,294]","[930000,629000,861000,1161000,854000,1042000,860000,888000,737000,820000]",411,8782000
24,63,10,"[344,249,294,320,326,346,418,329,285,293]","[921000,679000,787000,898000,846000,1059000,1190000,931000,779000,823000]",418,8913000
24,64,10,"[338,268,328,365,324,299,353,327,280,288]","[913000,733000,871000,1035000,833000,922000,1009000,924000,767000,799000]",365,8806000
24,65,10,"[239,328,326,359,364,306,348,302,233,302]","[637000,888000,910000,973000,986000,930000,984000,753000,650000,846000]",364,8557000
24,66,10,"[233,326,325,391,354,310,360,303,233,289]","[647000,873000,908000,1056000,963000,938000,1017000,768000,650000,796000]",391,8616000
24,67,10,"[234,322,284,353,389,368,353,259,260,302]","[643000,873000,797000,945000,1069000,1066000,1000000,651000,717000,844000]",389,8605000
24,68,10,"[205,313,249,383,325,372,347,284,243,333]","[590000,840000,667000,1015000,917000,1077000,974000,785000,666000,901000]",383,8432000
24,69,10,"[328,304,287,281,325,355,363,335,282,286]","[881000,815000,795000,753000,872000,1043000,1053000,955000,771000,807000]",363,8745000
24,70,10,"[325,278,329,286,328,354,366,341,299,297]","[877000,763000,895000,754000,885000,1030000,1058000,970000,803000,817000]",366,8852000
24,71,10,"[204,325,248,345,373,369,360,291,242,337]","[588000,864000,661000,924000,1021000,1080000,1025000,798000,666000,941000]",373,8568000
24,72,10,"[322,353,326,283,327,313,362,336,280,287]","[847000,953000,891000,749000,884000,911000,1044000,954000,763000,814000]",362,8810000
24,73,10,"[321,301,320,284,324,296,359,356,281,299]","[845000,804000,875000,747000,885000,904000,1035000,1008000,760000,850000]",359,8713000
24,74,10,"[240,234,254,344,382,363,420,338,234,305]","[641000,614000,700000,931000,1053000,1050000,1201000,878000,656000,846000]",420,8570000
24,75,10,"[340,264,326,285,359,353,349,325,285,287]","[913000,727000,865000,818000,941000,1030000,994000,911000,767000,803000]",359,8769000
24,76,10,"[316,291,317,283,359,354,325,362,276,295]","[837000,772000,868000,753000,990000,1032000,929000,1027000,750000,846000]",362,8804000
24,77,10,"[328,303,292,280,340,354,362,341,286,283]","[884000,816000,817000,755000,914000,1041000,1057000,987000,773000,800000]",362,8844000
24,78,10,"[340,268,328,321,297,299,350,327,311,290]","[922000,735000,865000,890000,808000,922000,998000,915000,837000,803000]",350,8695000
24,79,10,"[338,229,325,366,304,297,336,313,313,330]","[911000,633000,859000,1015000,816000,909000,945000,876000,857000,901000]",366,8722000
24,80,10,"[213,352,320,377,392,370,306,235,307,321]","[607000,933000,843000,1022000,1084000,1082000,888000,642000,876000,898000]",392,8875000
24,81,10,"[243,299,322,313,323,353,359,351,334,302]","[691000,802000,878000,826000,884000,1028000,1040000,1023000,930000,838000]",359,8940000
24,82,10,"[338,265,323,374,354,351,303,327,278,290]","[913000,727000,858000,1028000,928000,1026000,855000,918000,757000,809000]",374,8819000
24,83,10,"[342,226,327,374,300,338,376,309,309,287]","[912000,625000,864000,1044000,812000,1007000,1043000,845000,846000,785000]",376,8783000
24,84,10,"[319,259,323,328,329,296,357,366,339,264]","[844000,716000,851000,858000,900000,902000,1033000,1068000,928000,711000]",366,8811000
25,1,10,"[322,384,331,269,351,341,370,260,326,317]","[908000,1107000,1016000,746000,993000,952000,1093000,710000,924000,862000]",384,9311000
25,2,10,"[344,362,336,362,346,355,366,264,330,320]","[936000,1057000,1017000,1050000,942000,1005000,1089000,735000,948000,863000]",366,9642000
25,3,10,"[322,384,331,269,351,341,368,260,326,318]","[908000,1107000,1016000,746000,993000,952000,1093000,710000,924000,862000]",384,9311000
25,4,10,"[314,363,354,293,322,348,367,262,323,345]","[910000,1014000,1080000,822000,905000,974000,1091000,712000,914000,959000]",367,9381000
25,5,10,"[374,359,361,294,296,351,370,260,323,322]","[1065000,991000,1067000,826000,828000,993000,1101000,712000,916000,880000]",374,9379000
25,6,10,"[343,367,339,361,365,338,329,344,355,315]","[937000,1062000,1020000,1042000,1009000,932000,976000,946000,999000,900000]",367,9823000
25,7,10,"[352,328,349,370,342,368,366,288,345,326]","[986000,870000,988000,1061000,981000,1034000,1089000,777000,948000,921000]",370,9655000
25,8,10,"[371,362,354,296,261,352,369,260,329,344]","[1063000,1007000,1083000,816000,748000,982000,1095000,710000,926000,957000]",371,9387000
25,9,10,"[345,366,334,369,361,338,330,339,352,305]","[945000,1044000,1010000,1052000,990000,932000,976000,936000,995000,875000]",369,9755000
25,10,10,"[323,308,354,266,383,367,387,259,325,323]","[912000,861000,1074000,745000,1057000,1032000,1122000,716000,916000,892000]",387,9327000
25,11,10,"[334,385,331,290,350,339,368,260,323,317]","[938000,1102000,1016000,805000,991000,938000,1093000,710000,909000,864000]",385,9366000
25,12,10,"[377,362,353,296,261,351,369,261,317,344]","[1071000,1009000,1081000,827000,748000,988000,1087000,710000,909000,957000]",377,9387000
25,13,10,"[378,360,354,293,325,319,367,260,328,342]","[1104000,980000,1080000,819000,911000,890000,1091000,712000,926000,933000]",378,9446000
25,14,10,"[376,360,362,295,321,346,365,260,326,322]","[1097000,984000,1067000,829000,885000,983000,1087000,712000,931000,871000]",376,9446000
25,15,10,"[352,342,323,371,341,331,366,273,342,297]","[986000,946000,979000,1063000,987000,948000,1089000,731000,921000,845000]",371,9495000
25,16,10,"[378,324,354,241,355,386,376,259,327,327]","[1083000,904000,1074000,664000,977000,1090000,1116000,716000,929000,872000]",386,9425000
25,17,10,"[350,343,324,381,335,337,366,257,340,296]","[969000,953000,979000,1101000,957000,921000,1086000,712000,917000,845000]",381,9440000
25,18,10,"[354,328,347,370,350,352,367,306,345,321]","[986000,870000,984000,1061000,1025000,987000,1089000,843000,960000,913000]",370,9718000
25,19,10,"[353,347,334,359,369,350,330,336,351,339]","[981000,967000,995000,1028000,1006000,954000,976000,921000,991000,941000]",369,9760000
25,20,10,"[350,342,323,384,302,328,372,263,363,296]","[976000,949000,979000,1107000,874000,893000,1110000,712000,977000,848000]",384,9425000
25,21,10,"[362,345,327,345,396,349,369,259,328,328]","[1067000,977000,990000,1024000,1110000,951000,1099000,716000,944000,937000]",396,9815000
25,22,10,"[324,312,356,295,385,354,399,259,335,323]","[916000,874000,1078000,808000,1061000,1017000,1161000,716000,958000,883000]",399,9472000
25,23,10,"[283,366,331,383,323,354,369,267,340,296]","[808000,1008000,991000,1108000,925000,968000,1092000,731000,917000,847000]",383,9395000
25,24,10,"[415,371,330,364,361,324,371,267,372,405]","[1229000,1105000,996000,1052000,1007000,883000,1101000,750000,1085000,1145000]",415,10353000
25,25,10,"[377,352,358,296,311,374,395,294,362,252]","[1100000,959000,1086000,833000,890000,1045000,1121000,780000,1012000,712000]",395,9538000
25,26,10,"[320,313,357,323,307,351,387,262,331,332]","[910000,887000,1079000,907000,856000,987000,1132000,731000,950000,922000]",387,9361000
25,27,10,"[353,308,334,360,367,375,330,337,345,337]","[982000,821000,995000,1032000,1004000,1009000,976000,926000,975000,933000]",375,9653000
25,28,10,"[356,342,347,381,326,337,366,258,340,294]","[1023000,957000,982000,1101000,940000,929000,1086000,708000,917000,838000]",381,9481000
25,29,10,"[379,366,368,295,325,366,394,297,372,261]","[1084000,1045000,1095000,827000,921000,1012000,1121000,798000,1056000,759000]",394,9718000
25,30,10,"[381,353,359,299,310,375,390,294,371,255]","[1105000,970000,1084000,845000,902000,1054000,1109000,786000,1057000,717000]",390,9629000
25,31,10,"[393,365,341,380,366,338,330,357,393,328]","[1113000,1033000,1030000,1090000,998000,932000,981000,937000,1109000,935000]",393,10158000
25,32,10,"[348,345,327,362,299,338,366,259,343,300]","[959000,948000,989000,1082000,835000,918000,1086000,717000,923000,852000]",366,9309000
25,33,10,"[375,333,356,287,353,386,374,259,334,328]","[1074000,954000,1063000,805000,967000,1090000,1108000,716000,946000,892000]",386,9615000
25,34,10,"[408,433,339,267,352,349,376,262,370,354]","[1188000,1184000,1041000,759000,996000,967000,1119000,725000,1075000,1125000]",433,10179000
25,35,10,"[364,390,332,327,337,375,397,294,376,255]","[1065000,1068000,1001000,882000,965000,1055000,1137000,784000,1056000,713000]",397,9726000
25,36,10,"[359,345,325,391,332,367,396,297,316,301]","[996000,954000,986000,1139000,936000,1003000,1130000,798000,870000,851000]",396,9663000
25,37,10,"[350,367,342,386,335,337,366,255,347,298]","[969000,1022000,1003000,1111000,955000,921000,1086000,702000,942000,856000]",386,9567000
25,38,10,"[352,337,389,429,327,405,366,296,346,325]","[976000,884000,1122000,1203000,884000,1162000,1089000,825000,941000,914000]",429,10000000
25,39,10,"[354,339,350,379,363,340,367,424,401,333]","[991000,932000,1033000,1100000,999000,945000,1096000,1207000,1132000,929000]",424,10364000
25,40,10,"[502,466,371,289,326,476,503,261,324,385]","[1404000,1201000,1102000,815000,917000,1577000,1485000,717000,915000,1050000]",503,11183000
25,41,10,"[390,363,335,321,316,351,367,261,327,321]","[1133000,1008000,1030000,888000,894000,1008000,1088000,712000,936000,868000]",390,9565000
25,42,10,"[341,359,337,412,294,355,370,266,377,313]","[945000,1034000,1006000,1166000,828000,1001000,1090000,726000,1064000,899000]",412,9759000
25,43,10,"[339,389,333,300,350,340,369,261,323,310]","[953000,1124000,1023000,831000,991000,947000,1095000,710000,909000,854000]",389,9437000
25,44,10,"[381,371,357,291,310,320,366,264,316,348]","[1088000,1017000,1092000,819000,893000,890000,1087000,720000,908000,973000]",381,9487000
25,45,10,"[350,328,414,293,346,383,366,310,335,412]","[976000,870000,1147000,832000,1006000,1030000,1089000,853000,932000,1230000]",414,9965000
25,46,10,"[380,402,351,299,310,379,395,291,319,378]","[1172000,1120000,1074000,834000,915000,1031000,1123000,836000,911000,1108000]",402,10124000
25,47,10,"[306,346,339,266,299,342,368,259,347,428]","[879000,957000,1020000,755000,824000,926000,1093000,716000,929000,1286000]",428,9385000
25,48,10,"[358,335,337,446,325,324,366,300,348,328]","[1007000,880000,990000,1277000,919000,886000,1087000,833000,956000,928000]",446,9763000
25,49,10,"[480,368,356,294,353,337,368,267,325,410]","[1403000,1071000,1096000,831000,1000000,939000,1093000,722000,926000,1147000]",480,10228000
25,50,10,"[339,359,351,313,305,381,396,291,374,263]","[986000,970000,1074000,877000,881000,1045000,1121000,780000,1045000,745000]",396,9524000
25,51,10,"[380,353,358,292,329,387,336,345,339,395]","[1100000,941000,1092000,819000,900000,1032000,972000,912000,932000,1165000]",395,9865000
25,52,10,"[470,424,339,332,338,372,400,300,372,304]","[1364000,1250000,1015000,888000,967000,1037000,1139000,807000,1047000,854000]",470,10368000
25,53,10,"[438,389,331,326,336,394,367,416,374,432]","[1275000,1059000,999000,879000,958000,1118000,1082000,1210000,1093000,1288000]",438,10961000
25,54,10,"[349,327,355,292,305,380,391,289,321,290]","[1025000,923000,1059000,827000,890000,1060000,1115000,777000,885000,818000]",391,9379000
25,55,10,"[378,350,363,291,319,361,385,308,315,437]","[1098000,955000,1071000,822000,881000,1042000,1089000,810000,850000,1283000]",437,9901000
25,56,10,"[355,347,331,370,359,344,329,339,357,340]","[978000,968000,1000000,1054000,991000,943000,976000,936000,1010000,937000]",370,9793000
25,57,10,"[337,363,331,366,307,363,393,301,363,249]","[926000,1038000,998000,1050000,881000,995000,1117000,818000,1010000,708000]",393,9541000
25,58,10,"[362,344,325,394,323,370,395,297,316,299]","[1002000,952000,986000,1124000,931000,1003000,1132000,798000,870000,846000]",395,9644000
25,59,10,"[322,307,354,269,354,380,398,259,321,324]","[914000,864000,1074000,749000,999000,1064000,1161000,716000,909000,897000]",398,9347000
25,60,10,"[359,327,342,333,326,370,397,290,451,253]","[1033000,874000,971000,941000,953000,1028000,1125000,789000,1263000,721000]",451,9698000
25,61,10,"[350,343,324,383,333,370,366,257,342,334]","[969000,953000,979000,1105000,957000,980000,1086000,712000,921000,898000]",383,9560000
25,62,10,"[334,348,334,360,353,355,330,339,371,339]","[971000,967000,995000,1036000,941000,993000,940000,927000,1051000,937000]",371,9758000
25,63,10,"[354,325,337,356,371,342,386,300,315,301]","[976000,901000,1031000,1036000,1030000,948000,1106000,795000,849000,844000]",386,9516000
25,64,10,"[350,348,342,356,366,365,324,339,350,336]","[976000,958000,1026000,1003000,1002000,987000,954000,927000,994000,936000]",366,9763000
25,65,10,"[364,357,370,294,321,350,371,259,323,324]","[1090000,1014000,1060000,827000,907000,1000000,1098000,716000,913000,886000]",371,9511000
25,66,10,"[353,361,335,370,363,346,331,339,347,324]","[982000,1030000,1002000,1052000,996000,943000,976000,927000,980000,909000]",370,9797000
25,67,10,"[322,381,371,374,340,340,366,271,341,297]","[922000,1080000,1105000,1063000,979000,935000,1089000,731000,919000,842000]",381,9665000
25,68,10,"[356,339,346,387,328,404,398,302,316,297]","[986000,918000,1041000,1131000,930000,1073000,1134000,818000,875000,846000]",404,9752000
25,69,10,"[350,344,324,383,333,372,367,257,343,341]","[969000,958000,979000,1101000,957000,984000,1088000,712000,923000,920000]",383,9591000
25,70,10,"[367,388,356,295,310,336,383,265,337,410]","[1033000,1059000,1093000,829000,889000,918000,1086000,716000,902000,1255000]",410,9780000
25,71,10,"[378,356,353,296,311,381,396,291,314,282]","[1086000,976000,1084000,832000,902000,1058000,1126000,780000,893000,783000]",396,9520000
25,72,10,"[350,356,331,382,329,338,366,260,341,301]","[969000,1031000,991000,1101000,943000,921000,1086000,721000,917000,856000]",382,9536000
25,73,10,"[324,381,333,386,309,342,366,273,340,354]","[873000,1086000,1026000,1093000,870000,955000,1089000,736000,918000,1008000]",386,9654000
25,74,10,"[303,355,358,265,377,357,377,267,325,338]","[861000,977000,1085000,739000,1051000,1011000,1119000,746000,926000,921000]",377,9436000
25,75,10,"[353,348,338,372,333,327,369,272,345,299]","[954000,974000,992000,1065000,953000,957000,1092000,742000,936000,851000]",372,9516000
25,76,10,"[293,335,330,375,336,324,391,309,350,262]","[841000,906000,995000,1077000,963000,875000,1115000,838000,935000,757000]",391,9302000
25,77,10,"[323,382,335,247,384,366,388,257,333,311]","[915000,1094000,1020000,713000,1062000,1040000,1130000,706000,952000,850000]",388,9482000
25,78,10,"[403,329,342,395,334,378,377,279,342,320]","[1085000,878000,966000,1087000,935000,1077000,1129000,763000,935000,881000]",403,9736000
25,79,10,"[429,391,354,368,379,342,337,341,340,463]","[1305000,1154000,1074000,1119000,1030000,949000,985000,929000,932000,1329000]",463,10806000
25,80,10,"[305,388,339,329,339,373,399,295,314,360]","[851000,1062000,1026000,890000,963000,1049000,1143000,788000,855000,1077000]",399,9704000
25,81,10,"[375,330,363,377,362,351,368,259,315,327]","[1064000,924000,1102000,1045000,1000000,963000,1091000,716000,873000,896000]",377,9674000
25,82,10,"[379,353,359,272,356,375,394,291,369,254]","[1103000,961000,1084000,757000,1001000,1052000,1119000,780000,1050000,712000]",394,9619000
25,83,10,"[375,397,353,305,306,400,407,299,375,249]","[1080000,1071000,1074000,851000,886000,1111000,1147000,799000,1059000,708000]",407,9786000
25,84,10,"[357,355,355,271,303,355,358,421,399,469]","[999000,994000,1060000,769000,851000,970000,1055000,1196000,1115000,1383000]",469,10392000
25,85,10,"[490,386,331,326,339,373,401,293,371,331]","[1457000,1063000,999000,880000,978000,1043000,1139000,784000,1044000,1010000]",490,10397000
25,86,10,"[434,381,333,373,363,346,402,300,374,345]","[1293000,1106000,1002000,1065000,1003000,954000,1148000,804000,1050000,1042000]",434,10467000
25,87,10,"[352,314,328,372,336,358,368,280,363,324]","[986000,824000,998000,1065000,977000,1012000,1093000,752000,1021000,921000]",372,9649000
25,88,10,"[313,393,331,268,359,341,370,260,328,317]","[884000,1121000,1016000,738000,1010000,940000,1092000,708000,929000,862000]",393,9300000
25,89,10,"[347,361,303,361,343,349,366,289,329,319]","[945000,1058000,921000,1035000,917000,983000,1086000,808000,946000,859000]",366,9558000
25,90,10,"[339,389,335,267,353,311,365,260,332,318]","[978000,1117000,1024000,753000,997000,867000,1087000,710000,936000,864000]",389,9333000
25,91,10,"[311,363,357,293,385,348,367,184,323,345]","[904000,1008000,1093000,825000,1080000,974000,1091000,511000,914000,959000]",385,9359000
25,92,10,"[377,361,365,293,287,365,368,260,326,324]","[1084000,1004000,1074000,816000,803000,1029000,1093000,712000,916000,885000]",377,9416000
25,93,10,"[341,367,340,359,355,339,330,342,379,316]","[930000,1055000,1022000,1042000,971000,945000,971000,933000,1045000,904000]",379,9818000
25,94,10,"[357,273,353,370,330,361,368,273,345,321]","[1001000,763000,992000,1061000,951000,1020000,1093000,737000,945000,913000]",370,9476000
25,95,10,"[370,362,355,293,261,347,409,184,326,344]","[1061000,1001000,1078000,818000,746000,982000,1232000,511000,927000,957000]",409,9313000
25,96,10,"[341,364,380,367,363,340,331,317,353,302]","[928000,1036000,1117000,1048000,992000,932000,976000,865000,991000,848000]",380,9733000
25,97,10,"[322,319,354,279,384,370,389,259,321,322]","[910000,915000,1074000,769000,1059000,1060000,1138000,716000,909000,879000]",389,9429000
25,98,10,"[338,388,338,299,350,356,367,260,323,306]","[955000,1113000,1030000,814000,991000,981000,1091000,711000,909000,837000]",388,9432000
25,99,10,"[371,362,358,295,262,356,369,259,338,347]","[1063000,1002000,1091000,821000,747000,993000,1096000,710000,942000,963000]",371,9428000
25,100,10,"[373,366,352,299,324,318,373,262,325,348]","[1082000,1002000,1076000,839000,906000,878000,1112000,716000,919000,955000]",373,9485000
25,101,10,"[380,356,360,321,271,351,370,261,332,314]","[1099000,967000,1065000,933000,757000,999000,1094000,714000,943000,865000]",380,9436000
25,102,10,"[352,342,323,373,341,292,366,273,348,353]","[986000,944000,979000,1063000,987000,840000,1089000,731000,944000,1011000]",373,9574000
25,103,10,"[376,340,356,241,319,388,376,261,325,325]","[1072000,955000,1074000,664000,875000,1094000,1116000,723000,929000,877000]",388,9379000
25,104,10,"[292,342,324,384,326,360,366,257,343,295]","[844000,948000,979000,1105000,940000,985000,1086000,712000,919000,842000]",384,9360000
25,105,10,"[355,334,347,369,351,353,367,306,308,357]","[991000,874000,984000,1055000,1024000,990000,1089000,841000,858000,1012000]",369,9718000
25,106,10,"[352,347,334,359,367,344,330,336,343,344]","[976000,967000,995000,1028000,1004000,943000,976000,921000,983000,961000]",367,9754000
25,107,10,"[350,342,327,384,302,328,372,263,363,296]","[976000,949000,987000,1107000,874000,893000,1110000,712000,977000,848000]",384,9433000
26,1,10,"[203,268,379,385,378,379,365,343,370,362]","[582000,740000,1112000,1092000,1098000,1112000,1053000,951000,987000,991000]",385,9718000
26,2,10,"[204,267,382,386,379,382,361,343,350,361]","[584000,742000,1122000,1092000,1100000,1130000,1040000,951000,937000,988000]",386,9686000
26,3,10,"[201,321,353,391,389,377,331,279,267,216]","[582000,912000,1039000,1115000,1163000,1094000,911000,793000,752000,593000]",391,8954000
26,4,10,"[202,316,345,404,403,378,334,264,277,194]","[582000,883000,1026000,1164000,1175000,1098000,917000,756000,771000,523000]",404,8895000
26,5,10,"[192,306,326,391,406,381,380,264,277,188]","[561000,847000,963000,1083000,1181000,1094000,1054000,763000,788000,506000]",406,8840000
26,6,10,"[201,302,353,407,380,381,340,256,269,193]","[582000,849000,1039000,1170000,1115000,1098000,916000,733000,754000,542000]",407,8798000
26,7,10,"[204,318,357,392,375,376,331,278,275,211]","[596000,884000,1047000,1132000,1113000,1094000,911000,768000,764000,587000]",392,8896000
26,8,10,"[201,319,354,408,384,385,331,265,269,192]","[582000,889000,1044000,1162000,1134000,1109000,911000,769000,750000,539000]",408,8889000
26,9,10,"[192,306,326,424,376,377,336,247,273,224]","[561000,842000,963000,1205000,1111000,1096000,910000,713000,764000,635000]",424,8800000
26,10,10,"[203,268,379,385,376,379,365,343,370,362]","[582000,740000,1112000,1092000,1091000,1112000,1053000,951000,995000,991000]",385,9719000
26,11,10,"[218,298,358,413,382,377,332,270,263,185]","[634000,831000,1048000,1177000,1127000,1094000,904000,756000,727000,502000]",413,8800000
26,12,10,"[201,322,356,392,392,369,329,283,266,208]","[582000,913000,1045000,1115000,1168000,1091000,896000,811000,738000,591000]",392,8950000
26,13,10,"[204,269,377,388,378,383,369,348,350,361]","[584000,744000,1112000,1106000,1096000,1127000,1056000,944000,943000,981000]",388,9693000
26,14,10,"[203,300,356,413,382,377,332,270,263,234]","[582000,831000,1048000,1177000,1127000,1094000,904000,756000,727000,618000]",413,8864000
26,15,10,"[201,321,353,392,388,375,331,285,282,216]","[582000,912000,1039000,1117000,1159000,1094000,911000,810000,793000,593000]",392,9010000
26,16,10,"[203,268,379,385,378,379,386,343,370,362]","[582000,740000,1112000,1092000,1101000,1112000,1082000,948000,987000,991000]",386,9747000
26,17,10,"[202,316,345,408,407,376,334,268,272,212]","[582000,883000,1026000,1168000,1175000,1096000,917000,755000,746000,585000]",408,8933000
26,18,10,"[201,319,396,369,382,378,339,285,272,204]","[582000,880000,1179000,1041000,1129000,1090000,917000,811000,752000,589000]",396,8970000
26,19,10,"[201,321,353,413,379,380,331,261,277,216]","[582000,895000,1039000,1179000,1129000,1100000,911000,730000,764000,595000]",413,8924000
26,20,10,"[201,319,396,369,382,378,339,283,271,212]","[582000,880000,1179000,1041000,1129000,1090000,917000,804000,750000,614000]",396,8986000
26,21,10,"[205,314,357,466,389,399,364,217,380,349]","[592000,874000,1048000,1307000,1161000,1143000,993000,612000,1135000,1089000]",466,9954000
26,22,10,"[204,312,345,405,421,376,344,264,279,211]","[582000,870000,1021000,1172000,1234000,1106000,937000,732000,800000,584000]",421,9038000
26,23,10,"[192,301,339,429,357,374,346,288,299,192]","[561000,827000,988000,1221000,1065000,1120000,957000,810000,808000,537000]",429,8894000
26,24,10,"[201,322,354,469,386,385,321,271,274,212]","[582000,904000,1044000,1290000,1146000,1127000,885000,776000,750000,585000]",469,9089000
26,25,10,"[192,306,326,427,427,428,340,253,271,224]","[561000,842000,963000,1210000,1258000,1240000,930000,723000,730000,635000]",428,9092000
26,26,10,"[202,314,358,437,382,352,362,229,271,211]","[582000,874000,1061000,1246000,1106000,1067000,977000,639000,768000,594000]",437,8914000
26,27,10,"[201,306,348,384,419,389,377,309,408,331]","[582000,850000,1023000,1092000,1228000,1112000,1063000,864000,1094000,878000]",419,9786000
26,28,10,"[201,319,345,431,381,380,339,285,272,209]","[582000,880000,1026000,1225000,1133000,1101000,924000,801000,747000,616000]",431,9035000
26,29,10,"[205,302,411,426,363,377,378,354,398,343]","[582000,831000,1156000,1215000,1089000,1100000,1027000,981000,1070000,920000]",426,9971000
26,30,10,"[209,279,382,387,424,373,385,345,378,334]","[607000,805000,1132000,1093000,1244000,1075000,1090000,951000,1016000,916000]",424,9929000
26,31,10,"[202,299,348,424,409,375,384,270,273,232]","[587000,831000,1025000,1208000,1173000,1094000,1056000,774000,747000,612000]",424,9107000
26,32,10,"[202,314,358,437,384,357,364,319,271,284]","[582000,874000,1058000,1246000,1108000,1064000,977000,996000,750000,830000]",437,9485000
26,33,10,"[201,312,353,416,375,397,350,263,269,205]","[582000,870000,1039000,1187000,1122000,1151000,945000,738000,755000,577000]",416,8966000
26,34,10,"[201,319,352,480,378,383,342,282,270,209]","[582000,880000,1037000,1330000,1124000,1096000,923000,799000,752000,609000]",480,9132000
26,35,10,"[201,313,346,433,383,378,337,369,356,211]","[582000,878000,1028000,1221000,1134000,1096000,917000,1070000,993000,569000]",433,9488000
26,36,10,"[201,302,353,407,380,375,348,256,269,193]","[582000,849000,1039000,1170000,1115000,1080000,938000,733000,754000,542000]",407,8802000
26,37,10,"[193,306,336,485,365,374,344,291,292,196]","[563000,842000,986000,1355000,1054000,1109000,948000,822000,777000,543000]",485,8999000
26,38,10,"[201,302,353,407,380,381,340,256,269,212]","[582000,849000,1039000,1170000,1115000,1098000,916000,733000,754000,598000]",407,8854000
26,39,10,"[201,305,450,354,437,408,374,350,375,330]","[582000,845000,1278000,993000,1248000,1191000,1024000,961000,1010000,883000]",450,10015000
26,40,10,"[201,319,345,433,380,378,339,248,274,209]","[582000,880000,1026000,1223000,1128000,1098000,914000,718000,764000,581000]",433,8914000
26,41,10,"[205,285,378,437,381,375,335,339,275,212]","[602000,795000,1100000,1223000,1129000,1094000,914000,967000,760000,586000]",437,9170000
26,42,10,"[201,317,353,385,418,376,364,356,378,274]","[582000,879000,1030000,1090000,1223000,1124000,1004000,1038000,1069000,810000]",418,9849000
26,43,10,"[206,303,349,430,418,405,392,268,272,327]","[587000,839000,1028000,1200000,1223000,1164000,1102000,782000,760000,861000]",430,9546000
26,44,10,"[201,304,360,426,382,399,358,232,305,304]","[582000,841000,1048000,1236000,1120000,1158000,981000,642000,870000,860000]",426,9338000
26,45,10,"[201,311,352,390,415,375,390,346,375,330]","[582000,865000,1029000,1100000,1212000,1076000,1092000,953000,1011000,878000]",415,9798000
26,46,10,"[201,302,349,385,409,379,342,316,383,332]","[582000,836000,1028000,1090000,1178000,1112000,927000,866000,1029000,882000]",409,9530000
26,47,10,"[202,311,346,401,446,377,338,285,263,201]","[582000,868000,1026000,1162000,1253000,1090000,915000,814000,730000,583000]",446,9023000
26,48,10,"[203,309,348,412,415,380,385,341,275,321]","[582000,867000,1023000,1150000,1217000,1086000,1084000,939000,763000,839000]",415,9550000
26,49,10,"[208,316,348,396,384,376,331,263,274,205]","[611000,887000,1022000,1134000,1138000,1094000,911000,750000,772000,575000]",396,8894000
26,50,10,"[202,314,356,425,349,398,357,234,275,215]","[582000,874000,1046000,1220000,1026000,1153000,969000,639000,791000,602000]",425,8902000
26,51,10,"[202,322,346,423,408,377,334,324,363,360]","[582000,914000,1026000,1236000,1176000,1094000,917000,971000,1046000,1113000]",423,10075000
26,52,10,"[204,317,360,387,397,356,361,306,365,276]","[582000,889000,1055000,1104000,1169000,1075000,957000,906000,1042000,816000]",397,9595000
26,53,10,"[201,313,343,434,378,373,339,282,269,203]","[582000,868000,1016000,1221000,1111000,1090000,914000,798000,736000,572000]",434,8908000
26,54,10,"[206,328,346,384,417,375,385,345,378,334]","[607000,942000,1013000,1088000,1230000,1072000,1090000,951000,1016000,916000]",417,9925000
26,55,10,"[201,300,350,388,407,383,350,314,414,338]","[582000,833000,1033000,1090000,1174000,1118000,998000,868000,1109000,913000]",414,9718000
26,56,10,"[192,307,343,466,382,398,357,240,345,432]","[561000,834000,972000,1325000,1107000,1157000,969000,694000,990000,1346000]",466,9955000
26,57,10,"[203,314,355,413,369,372,357,281,284,207]","[582000,874000,1046000,1181000,1109000,1040000,969000,802000,780000,583000]",413,8966000
26,58,10,"[201,306,348,413,415,404,381,259,319,329]","[582000,847000,1023000,1158000,1217000,1160000,1074000,747000,869000,878000]",415,9555000
26,59,10,"[201,315,347,438,386,378,339,245,268,277]","[582000,868000,1036000,1227000,1133000,1094000,914000,702000,735000,813000]",438,9104000
26,60,10,"[204,270,379,392,382,385,340,341,392,363]","[584000,744000,1114000,1115000,1106000,1113000,969000,952000,1047000,990000]",392,9734000
26,61,10,"[204,269,376,387,379,382,340,343,379,362]","[584000,740000,1112000,1098000,1100000,1109000,968000,953000,1026000,987000]",387,9677000
26,62,10,"[201,322,400,346,392,378,339,279,267,216]","[582000,910000,1190000,977000,1169000,1096000,927000,793000,752000,593000]",400,8989000
26,63,10,"[202,320,343,402,403,390,334,268,272,192]","[582000,891000,1016000,1149000,1167000,1123000,917000,785000,762000,539000]",403,8931000
26,64,10,"[194,302,354,388,407,382,335,266,277,189]","[561000,827000,1046000,1081000,1186000,1104000,928000,760000,785000,511000]",407,8789000
26,65,10,"[201,302,353,414,381,383,340,248,275,194]","[582000,840000,1039000,1167000,1115000,1102000,913000,712000,782000,545000]",414,8797000
26,66,10,"[204,322,355,392,373,379,331,271,275,210]","[596000,896000,1043000,1117000,1107000,1098000,911000,776000,768000,587000]",392,8899000
26,67,10,"[216,317,356,413,374,384,336,263,270,194]","[621000,880000,1045000,1170000,1111000,1121000,930000,759000,754000,546000]",413,8937000
26,68,10,"[192,306,326,436,376,377,350,247,273,231]","[561000,842000,963000,1229000,1111000,1096000,957000,713000,764000,672000]",436,8908000
26,69,10,"[203,268,377,397,376,374,367,341,368,363]","[582000,740000,1112000,1142000,1091000,1105000,1049000,941000,978000,993000]",397,9733000
26,70,10,"[218,298,359,411,380,375,332,268,279,186]","[634000,831000,1052000,1177000,1127000,1094000,904000,751000,783000,502000]",411,8855000
26,71,10,"[201,319,353,397,377,337,352,279,266,207]","[582000,880000,1039000,1119000,1109000,1013000,974000,806000,757000,576000]",397,8855000
26,72,10,"[204,267,382,386,379,382,366,343,350,361]","[584000,742000,1122000,1097000,1091000,1130000,1053000,938000,936000,988000]",386,9681000
26,73,10,"[203,300,356,413,382,377,332,270,263,234]","[582000,831000,1048000,1177000,1127000,1094000,904000,756000,727000,618000]",413,8864000
26,74,10,"[201,321,356,392,342,375,366,282,285,216]","[582000,912000,1054000,1117000,1027000,1094000,1023000,805000,787000,593000]",392,8994000
26,75,10,"[205,270,377,404,376,383,388,341,371,366]","[582000,740000,1114000,1132000,1094000,1117000,1097000,949000,987000,994000]",404,9806000
26,76,10,"[202,316,347,407,353,382,370,267,280,218]","[582000,883000,1026000,1170000,1015000,1104000,1043000,751000,791000,593000]",407,8958000
26,77,10,"[201,311,398,369,386,409,306,283,271,210]","[582000,868000,1189000,1041000,1133000,1189000,846000,788000,757000,617000]",409,9010000
26,78,10,"[201,322,397,368,383,380,339,261,277,216]","[582000,895000,1184000,1041000,1137000,1100000,927000,730000,764000,595000]",397,8955000
26,79,10,"[201,311,398,366,386,409,305,284,268,212]","[582000,868000,1189000,1041000,1140000,1189000,841000,790000,747000,606000]",409,8993000
27,1,10,"[213,217,336,368,346,337,349,307,277,265]","[641000,605000,928000,1101000,920000,929000,982000,903000,799000,725000]",368,8533000
27,2,10,"[212,214,309,363,339,319,347,297,345,282]","[644000,602000,828000,1081000,926000,881000,980000,855000,1001000,784000]",363,8582000
27,3,10,"[152,210,323,370,339,322,351,301,315,235]","[448000,580000,905000,1115000,910000,884000,989000,854000,898000,638000]",370,8221000
27,4,10,"[212,224,328,362,317,315,344,294,337,308]","[635000,633000,902000,1074000,862000,866000,968000,841000,993000,857000]",362,8631000
27,5,10,"[224,220,320,367,306,331,382,274,282,292]","[674000,623000,883000,1100000,826000,899000,1088000,768000,764000,761000]",382,8386000
27,6,10,"[218,278,303,365,305,314,339,319,281,304]","[655000,792000,839000,1087000,829000,876000,943000,929000,804000,851000]",365,8605000
27,7,10,"[238,214,335,369,299,344,350,308,276,272]","[728000,597000,924000,1103000,801000,952000,985000,913000,799000,740000]",369,8542000
27,8,10,"[212,214,309,363,338,326,347,311,344,289]","[644000,602000,828000,1081000,921000,907000,977000,904000,1001000,803000]",363,8668000
27,9,10,"[212,285,305,364,293,314,345,320,284,308]","[642000,827000,840000,1087000,802000,870000,963000,931000,819000,871000]",364,8652000
27,10,10,"[220,219,287,365,310,338,383,288,343,281]","[668000,609000,783000,1096000,835000,926000,1090000,789000,949000,779000]",383,8524000
27,11,10,"[218,276,305,365,301,314,346,319,282,306]","[655000,792000,842000,1082000,825000,870000,968000,929000,804000,864000]",365,8631000
27,12,10,"[200,304,339,364,328,331,362,357,356,267]","[615000,894000,993000,1094000,907000,869000,1015000,1010000,1015000,734000]",364,9146000
27,13,10,"[214,223,309,368,320,319,341,312,344,284]","[646000,629000,831000,1111000,868000,876000,963000,909000,1003000,788000]",368,8624000
27,14,10,"[219,216,320,365,310,331,382,287,342,271]","[667000,603000,886000,1096000,834000,905000,1088000,787000,958000,758000]",382,8582000
27,15,10,"[209,246,325,370,294,324,351,303,316,300]","[630000,699000,918000,1115000,793000,892000,984000,858000,898000,832000]",370,8619000
27,16,10,"[222,216,321,366,309,332,383,290,344,266]","[674000,603000,885000,1098000,838000,895000,1090000,793000,970000,734000]",383,8580000
27,17,10,"[219,213,323,370,342,324,351,307,315,296]","[666000,597000,905000,1115000,915000,884000,989000,864000,898000,815000]",370,8648000
27,18,10,"[213,214,316,369,341,327,352,309,323,306]","[647000,602000,869000,1115000,915000,901000,982000,870000,918000,841000]",369,8660000
27,19,10,"[216,223,332,367,289,311,359,325,355,286]","[659000,629000,934000,1112000,794000,856000,1022000,902000,1029000,787000]",367,8724000
27,20,10,"[223,243,342,366,312,325,353,300,325,291]","[692000,688000,995000,1094000,824000,880000,988000,836000,934000,806000]",366,8737000
27,21,10,"[207,222,337,368,353,336,350,306,348,261]","[633000,639000,910000,1105000,936000,887000,972000,873000,1001000,715000]",368,8671000
27,22,10,"[213,226,296,364,339,318,346,299,313,308]","[648000,635000,808000,1124000,921000,883000,971000,859000,902000,869000]",364,8620000
27,23,10,"[215,234,321,360,348,348,345,310,284,268]","[661000,645000,865000,1098000,942000,983000,979000,918000,810000,746000]",360,8647000
27,24,10,"[216,223,332,367,289,311,359,325,355,286]","[659000,632000,934000,1112000,794000,856000,1022000,893000,1037000,787000]",367,8726000
27,25,10,"[212,217,323,351,327,355,403,289,338,255]","[652000,605000,890000,1037000,944000,997000,1157000,783000,952000,709000]",403,8726000
27,26,10,"[206,355,352,369,319,316,351,403,355,344]","[626000,1017000,1009000,1101000,854000,849000,987000,1224000,1035000,959000]",403,9661000
27,27,10,"[214,234,321,361,349,366,363,359,359,309]","[654000,643000,866000,1109000,930000,969000,1029000,1019000,1028000,871000]",366,9118000
27,28,10,"[175,304,322,368,288,317,352,317,329,285]","[532000,865000,944000,1116000,779000,876000,978000,935000,924000,795000]",368,8744000
27,29,10,"[213,236,321,363,350,336,347,305,347,340]","[651000,645000,868000,1113000,948000,902000,988000,884000,963000,965000]",363,8927000
27,30,10,"[218,240,344,369,326,338,403,307,361,300]","[668000,684000,1003000,1113000,944000,944000,1096000,853000,1032000,833000]",403,9170000
27,31,10,"[216,223,311,368,352,319,343,312,344,288]","[650000,629000,831000,1111000,934000,883000,967000,903000,1003000,796000]",368,8707000
27,32,10,"[220,215,330,367,269,319,341,308,386,266]","[657000,634000,912000,1099000,780000,864000,963000,913000,1057000,764000]",386,8643000
27,33,10,"[213,215,319,369,327,326,340,296,326,290]","[644000,604000,889000,1103000,950000,908000,958000,855000,863000,748000]",369,8522000
27,34,10,"[214,223,322,368,322,319,341,312,344,284]","[646000,629000,858000,1111000,872000,876000,963000,909000,1003000,788000]",368,8655000
27,35,10,"[212,213,309,369,336,319,341,295,353,283]","[642000,597000,831000,1111000,894000,887000,960000,845000,1027000,787000]",369,8581000
27,36,10,"[200,307,343,366,319,321,372,355,358,266]","[615000,899000,1001000,1094000,893000,841000,1054000,1010000,1015000,734000]",372,9156000
27,37,10,"[226,260,342,365,312,325,355,302,327,264]","[686000,730000,1002000,1094000,830000,876000,992000,839000,936000,727000]",365,8712000
27,38,10,"[218,223,322,367,303,319,357,320,345,291]","[663000,629000,911000,1111000,834000,881000,1007000,931000,1005000,798000]",367,8770000
27,39,10,"[216,234,282,360,347,346,389,305,309,281]","[658000,645000,762000,1098000,937000,985000,1076000,872000,893000,782000]",389,8708000
27,40,10,"[215,225,283,367,304,344,347,311,317,326]","[670000,629000,786000,1099000,830000,960000,975000,922000,913000,821000]",367,8605000
27,41,10,"[217,284,367,365,334,342,365,358,357,300]","[642000,809000,1022000,1094000,926000,902000,1024000,1026000,1023000,822000]",367,9290000
27,42,10,"[225,219,306,365,325,345,379,283,347,270]","[680000,609000,830000,1096000,879000,948000,1082000,769000,976000,750000]",379,8619000
27,43,10,"[214,213,316,367,322,360,351,294,386,262]","[652000,597000,882000,1098000,927000,965000,1000000,814000,1057000,716000]",386,8708000
27,44,10,"[209,299,296,362,366,319,344,302,341,325]","[646000,799000,829000,1114000,978000,872000,967000,857000,975000,912000]",366,8949000
27,45,10,"[361,352,380,384,294,322,340,315,398,365]","[1140000,1020000,1083000,1118000,800000,882000,923000,928000,1078000,1014000]",398,9986000
27,46,10,"[214,284,314,367,305,327,342,336,303,303]","[656000,813000,879000,1099000,820000,864000,964000,990000,866000,838000]",367,8789000
27,47,10,"[213,286,305,363,293,335,345,321,289,274]","[634000,834000,841000,1082000,804000,897000,973000,939000,839000,766000]",363,8609000
27,48,10,"[216,213,353,368,348,343,344,309,280,273]","[666000,597000,956000,1101000,926000,950000,963000,918000,799000,741000]",368,8617000
27,49,10,"[212,213,308,363,334,323,346,297,345,284]","[653000,597000,832000,1081000,903000,894000,978000,855000,1005000,789000]",363,8587000
27,50,10,"[152,210,318,369,338,321,325,302,314,242]","[448000,580000,881000,1115000,896000,886000,924000,864000,912000,652000]",369,8158000
27,51,10,"[203,219,329,362,312,319,344,298,337,311]","[616000,622000,902000,1074000,846000,884000,968000,849000,993000,883000]",362,8637000
27,52,10,"[224,220,320,365,341,333,364,273,284,300]","[674000,623000,883000,1096000,932000,903000,1031000,766000,768000,787000]",365,8463000
27,53,10,"[212,328,313,366,303,328,339,314,281,312]","[642000,911000,856000,1089000,818000,907000,943000,919000,801000,849000]",366,8735000
27,54,10,"[239,217,363,369,298,342,316,311,281,269]","[730000,603000,1013000,1103000,799000,952000,876000,918000,807000,738000]",369,8539000
27,55,10,"[212,213,309,362,336,318,351,299,342,283]","[644000,597000,828000,1076000,913000,875000,985000,859000,992000,786000]",362,8555000
27,56,10,"[212,285,340,322,295,321,350,319,278,310]","[645000,827000,948000,954000,807000,880000,972000,919000,814000,891000]",350,8657000
27,57,10,"[217,239,287,364,310,334,383,289,343,287]","[668000,658000,789000,1094000,822000,909000,1090000,783000,949000,797000]",383,8559000
27,58,10,"[217,276,315,354,299,316,348,317,279,310]","[655000,792000,865000,1047000,821000,864000,972000,922000,819000,887000]",354,8644000
27,59,10,"[200,303,338,370,331,332,368,357,357,267]","[615000,892000,988000,1109000,915000,867000,1032000,1010000,1020000,738000]",370,9186000
27,60,10,"[218,223,311,368,318,317,339,310,361,290]","[663000,629000,835000,1111000,862000,876000,958000,905000,1042000,826000]",368,8707000
27,61,10,"[219,216,317,364,306,328,381,298,342,272]","[667000,603000,880000,1094000,820000,895000,1086000,812000,958000,757000]",381,8572000
27,62,10,"[209,278,328,370,292,331,351,302,356,299]","[630000,781000,927000,1115000,789000,911000,992000,858000,959000,826000]",370,8788000
27,63,10,"[308,218,319,364,310,271,379,292,342,264]","[907000,607000,880000,1094000,828000,746000,1082000,799000,953000,715000]",379,8611000
27,64,10,"[244,215,323,370,293,324,351,307,315,300]","[730000,602000,905000,1115000,788000,888000,989000,862000,898000,825000]",370,8602000
27,65,10,"[213,213,322,372,344,333,353,334,275,299]","[647000,597000,896000,1121000,933000,912000,992000,966000,786000,833000]",372,8683000
27,66,10,"[218,223,328,460,289,312,265,325,352,283]","[659000,629000,919000,1365000,794000,867000,735000,897000,1029000,784000]",460,8678000
27,67,10,"[222,243,341,366,315,328,352,300,324,297]","[682000,688000,995000,1094000,840000,896000,986000,843000,929000,821000]",366,8774000
28,1,10,"[251,379,308,389,313,387,393,393,335,214]","[712000,1089000,884000,1118000,863000,1116000,1112000,1139000,955000,594000]",393,9582000
28,2,10,"[323,270,361,326,377,384,392,391,335,228]","[907000,760000,1062000,954000,1045000,1111000,1084000,1148000,947000,632000]",392,9650000
28,3,10,"[218,321,278,370,379,399,343,395,338,254]","[624000,892000,811000,1117000,1049000,1179000,958000,1139000,951000,722000]",399,9442000
28,4,10,"[214,378,306,426,280,391,405,397,328,225]","[618000,1051000,871000,1259000,773000,1154000,1113000,1163000,927000,613000]",426,9542000
28,5,10,"[325,269,363,325,377,386,392,390,336,231]","[915000,755000,1064000,949000,1045000,1113000,1084000,1140000,949000,637000]",392,9651000
28,6,10,"[223,330,277,370,379,399,405,395,334,226]","[636000,921000,806000,1117000,1046000,1182000,1113000,1139000,946000,639000]",405,9545000
28,7,10,"[320,260,363,324,310,384,396,401,377,232]","[901000,735000,1052000,948000,863000,1113000,1092000,1154000,1069000,629000]",401,9556000
28,8,10,"[223,330,277,370,379,399,405,395,334,226]","[636000,921000,806000,1117000,1049000,1182000,1113000,1139000,943000,639000]",405,9545000
28,9,10,"[325,249,345,386,377,381,396,397,332,227]","[891000,712000,949000,1111000,1045000,1107000,1090000,1157000,943000,624000]",397,9629000
28,10,10,"[329,359,358,392,305,384,391,392,333,247]","[918000,996000,1022000,1117000,838000,1122000,1082000,1150000,943000,691000]",392,9879000
28,11,10,"[294,361,349,380,307,370,392,395,308,249]","[841000,1000000,1010000,1094000,842000,1089000,1084000,1143000,872000,690000]",395,9665000
28,12,10,"[325,246,365,328,379,373,406,393,338,226]","[895000,702000,1054000,939000,1049000,1089000,1115000,1152000,955000,617000]",406,9567000
28,13,10,"[223,373,307,430,281,391,406,368,330,247]","[622000,1038000,869000,1267000,778000,1157000,1115000,1084000,931000,690000]",430,9551000
28,14,10,"[317,263,366,324,309,387,394,403,349,256]","[883000,740000,1067000,945000,861000,1128000,1091000,1154000,1013000,727000]",403,9609000
28,15,10,"[254,378,306,392,277,390,346,394,370,308]","[714000,1089000,883000,1122000,770000,1124000,981000,1104000,1046000,860000]",394,9693000
28,16,10,"[253,384,305,390,321,381,401,400,337,230]","[710000,1095000,871000,1122000,866000,1108000,1094000,1153000,962000,654000]",401,9635000
28,17,10,"[254,382,307,391,309,389,403,382,347,233]","[712000,1096000,882000,1110000,858000,1123000,1118000,1100000,959000,655000]",403,9613000
28,18,10,"[253,382,311,395,311,387,393,396,288,300]","[710000,1096000,888000,1130000,859000,1131000,1112000,1149000,801000,815000]",396,9691000
28,19,10,"[253,338,269,439,346,379,406,368,344,237]","[716000,964000,754000,1236000,980000,1101000,1119000,1062000,974000,658000]",439,9564000
28,20,10,"[329,255,370,322,385,384,393,394,335,249]","[899000,720000,1081000,939000,1061000,1111000,1082000,1160000,952000,698000]",394,9703000
28,21,10,"[332,358,355,384,306,390,399,402,344,262]","[913000,999000,1026000,1113000,838000,1139000,1096000,1160000,977000,725000]",402,9986000
28,22,10,"[256,327,275,438,347,380,426,375,330,250]","[714000,939000,770000,1241000,967000,1105000,1214000,1089000,942000,719000]",438,9700000
28,23,10,"[297,362,346,382,305,381,398,394,336,233]","[848000,994000,984000,1104000,838000,1122000,1096000,1145000,943000,657000]",398,9731000
28,24,10,"[226,322,299,443,314,396,435,362,344,225]","[641000,894000,852000,1327000,854000,1173000,1217000,1044000,986000,619000]",443,9607000
28,25,10,"[215,379,309,427,281,401,394,393,330,224]","[620000,1053000,886000,1259000,772000,1180000,1087000,1155000,928000,622000]",427,9562000
28,26,10,"[332,283,290,447,318,399,402,395,333,239]","[871000,772000,838000,1334000,854000,1191000,1105000,1154000,941000,656000]",447,9716000
28,27,10,"[320,342,292,435,314,381,394,396,334,230]","[885000,970000,812000,1280000,865000,1108000,1094000,1155000,943000,641000]",435,9753000
28,28,10,"[185,308,365,328,364,385,399,426,341,321]","[547000,897000,1058000,954000,1008000,1107000,1135000,1215000,964000,852000]",426,9737000
28,29,10,"[244,388,343,385,282,385,429,406,338,235]","[696000,1108000,979000,1112000,774000,1119000,1166000,1177000,953000,655000]",429,9739000
28,30,10,"[214,384,305,428,280,414,427,373,335,225]","[616000,1079000,875000,1256000,770000,1206000,1166000,1094000,938000,616000]",428,9616000
28,31,10,"[221,385,307,430,288,391,413,409,341,234]","[637000,1073000,879000,1263000,789000,1157000,1125000,1181000,961000,633000]",430,9698000
28,32,10,"[217,331,285,448,343,405,370,371,327,271]","[616000,925000,823000,1355000,930000,1203000,1020000,1049000,948000,751000]",448,9620000
28,33,10,"[318,356,384,387,314,385,410,405,337,234]","[883000,995000,1038000,1119000,865000,1114000,1126000,1174000,958000,641000]",410,9913000
28,34,10,"[1366,568,380,737,309,368,407,418,411,233]","[3138000,1516000,1077000,1810000,852000,1084000,1114000,1185000,1105000,649000]",1366,13530000
28,35,10,"[223,323,313,463,283,324,441,389,374,287]","[620000,890000,874000,1355000,767000,955000,1235000,1092000,1060000,800000]",463,9648000
28,36,10,"[328,358,356,382,314,382,338,396,372,315]","[901000,994000,1014000,1103000,856000,1105000,938000,1102000,1049000,910000]",396,9972000
28,37,10,"[254,328,275,437,382,379,397,394,327,213]","[714000,939000,768000,1236000,1054000,1103000,1128000,1154000,920000,604000]",437,9620000
28,38,10,"[190,342,324,391,310,391,389,399,332,217]","[565000,1013000,928000,1120000,844000,1151000,1108000,1164000,943000,614000]",399,9450000
28,39,10,"[256,326,272,435,347,382,401,422,342,233]","[704000,944000,763000,1233000,982000,1101000,1129000,1212000,955000,661000]",435,9684000
28,40,10,"[252,330,302,328,319,370,382,392,378,286]","[706000,947000,854000,958000,870000,1092000,1101000,1106000,1078000,777000]",392,9489000
28,41,10,"[251,379,310,392,311,390,395,394,332,214]","[712000,1093000,883000,1127000,862000,1120000,1086000,1145000,936000,593000]",395,9557000
28,42,10,"[326,263,368,326,407,384,395,398,336,253]","[907000,756000,1094000,946000,1104000,1122000,1090000,1151000,954000,729000]",407,9853000
28,43,10,"[322,354,388,391,293,320,430,396,347,249]","[887000,995000,1064000,1141000,810000,943000,1173000,1135000,986000,713000]",430,9847000
28,44,10,"[324,251,331,377,384,392,387,397,349,299]","[887000,719000,924000,1110000,1089000,1132000,1092000,1130000,975000,748000]",397,9806000
28,45,10,"[254,326,275,437,350,379,437,398,330,219]","[712000,939000,779000,1243000,955000,1101000,1200000,1162000,925000,637000]",437,9653000
28,46,10,"[256,388,305,387,316,416,438,365,293,243]","[722000,1115000,870000,1108000,878000,1204000,1222000,1045000,854000,701000]",438,9719000
28,47,10,"[398,349,271,434,402,370,395,395,312,262]","[1250000,986000,778000,1231000,1101000,1094000,1084000,1157000,897000,729000]",434,10307000
28,48,10,"[225,330,302,451,283,318,423,395,330,250]","[648000,926000,881000,1345000,753000,936000,1221000,1151000,921000,702000]",451,9484000
28,49,10,"[318,356,382,384,280,408,410,446,335,225]","[885000,993000,1058000,1115000,773000,1193000,1123000,1285000,942000,617000]",446,9984000
28,50,10,"[329,345,389,391,315,382,403,401,336,250]","[916000,977000,1075000,1135000,867000,1115000,1106000,1172000,906000,693000]",403,9962000
28,51,10,"[222,331,294,439,317,398,434,323,334,259]","[632000,910000,854000,1319000,853000,1183000,1219000,952000,939000,749000]",439,9610000
28,52,10,"[337,258,369,321,321,329,440,402,407,260]","[919000,720000,1055000,939000,876000,966000,1249000,1116000,1158000,726000]",440,9724000
28,53,10,"[326,235,366,493,409,372,407,391,335,232]","[883000,635000,1026000,1376000,1118000,1092000,1117000,1139000,949000,642000]",493,9977000
28,54,10,"[247,387,303,388,322,388,327,391,399,256]","[700000,1105000,876000,1114000,870000,1128000,909000,1100000,1130000,717000]",399,9649000
28,55,10,"[339,359,309,447,309,389,402,373,359,276]","[984000,1004000,886000,1258000,858000,1128000,1122000,1076000,1022000,784000]",447,10122000
28,56,10,"[218,371,307,428,282,399,465,395,326,369]","[626000,1034000,870000,1263000,777000,1182000,1231000,1160000,955000,925000]",465,10023000
28,57,10,"[254,386,308,422,317,400,437,338,332,248]","[714000,1095000,885000,1188000,889000,1172000,1229000,1003000,934000,698000]",437,9807000
28,58,10,"[323,339,379,384,315,373,412,398,335,234]","[906000,957000,1042000,1120000,867000,1103000,1136000,1149000,945000,645000]",412,9870000
28,59,10,"[241,343,302,425,339,384,398,399,356,292]","[728000,968000,838000,1255000,925000,1125000,1115000,1134000,1014000,774000]",425,9876000
28,60,10,"[253,327,288,433,385,374,409,394,345,231]","[723000,937000,824000,1229000,1070000,1105000,1118000,1157000,978000,672000]",433,9813000
28,61,10,"[256,328,275,437,346,379,397,394,329,245]","[714000,944000,777000,1236000,965000,1103000,1130000,1154000,937000,709000]",437,9669000
28,62,10,"[223,323,313,463,283,324,441,389,375,287]","[620000,890000,874000,1355000,764000,955000,1235000,1092000,1065000,800000]",463,9650000
28,63,10,"[328,253,363,324,346,381,399,400,334,255]","[915000,719000,1052000,945000,993000,1107000,1090000,1157000,947000,687000]",400,9612000
28,64,10,"[224,370,305,428,262,390,409,443,344,246]","[620000,1032000,868000,1266000,697000,1152000,1118000,1256000,967000,686000]",443,9662000
28,65,10,"[329,264,365,324,308,322,436,441,349,254]","[908000,733000,1084000,939000,859000,950000,1231000,1257000,1008000,714000]",441,9683000
28,66,10,"[257,401,314,383,318,390,401,373,342,259]","[732000,1187000,883000,1071000,906000,1119000,1113000,1088000,959000,730000]",401,9788000
28,67,10,"[327,252,329,379,321,371,373,402,398,319]","[907000,713000,926000,1109000,876000,1090000,1064000,1116000,1128000,897000]",402,9826000
28,68,10,"[328,344,382,386,322,382,400,370,337,245]","[901000,968000,1052000,1123000,871000,1113000,1123000,1075000,939000,668000]",400,9833000
28,69,10,"[252,380,345,391,321,380,417,392,337,234]","[712000,1093000,975000,1121000,866000,1108000,1126000,1141000,962000,660000]",417,9764000
28,70,10,"[340,390,379,385,278,405,473,433,367,432]","[1136000,1127000,1051000,1118000,769000,1188000,1304000,1246000,1037000,1224000]",473,11200000
28,71,10,"[231,379,307,429,313,385,393,392,335,217]","[638000,1087000,882000,1236000,863000,1114000,1110000,1141000,941000,604000]",429,9616000
28,72,10,"[327,265,361,321,379,383,400,400,339,227]","[924000,756000,1058000,939000,1049000,1111000,1096000,1166000,954000,632000]",400,9685000
28,73,10,"[221,328,324,373,382,397,343,393,339,254]","[628000,896000,907000,1129000,1058000,1175000,963000,1144000,948000,726000]",397,9574000
28,74,10,"[229,380,311,428,280,397,420,396,340,238]","[644000,1053000,893000,1263000,773000,1174000,1144000,1157000,972000,647000]",428,9720000
28,75,10,"[318,269,364,327,375,381,393,398,338,233]","[889000,749000,1049000,952000,1038000,1107000,1082000,1151000,959000,631000]",398,9607000
28,76,10,"[219,331,291,370,382,401,409,397,337,227]","[626000,919000,828000,1117000,1058000,1189000,1121000,1146000,947000,628000]",409,9579000
28,77,10,"[325,265,361,326,309,387,394,397,373,231]","[899000,739000,1049000,943000,861000,1118000,1084000,1146000,1065000,626000]",397,9530000
28,78,10,"[198,330,277,370,379,442,405,393,334,226]","[560000,921000,806000,1117000,1049000,1292000,1113000,1139000,943000,639000]",442,9579000
28,79,10,"[321,252,345,381,343,382,393,396,334,257]","[883000,722000,954000,1110000,956000,1107000,1084000,1156000,953000,720000]",396,9645000
28,80,10,"[331,369,358,387,307,371,391,392,330,247]","[918000,1006000,1022000,1110000,842000,1087000,1082000,1140000,937000,691000]",392,9835000
28,81,10,"[297,361,349,384,307,368,394,428,310,249]","[846000,1000000,1004000,1104000,842000,1079000,1084000,1211000,877000,685000]",428,9732000
28,82,10,"[318,250,368,407,379,370,346,395,348,223]","[883000,706000,1069000,1177000,1049000,1088000,940000,1152000,973000,620000]",407,9657000
28,83,10,"[229,378,309,428,281,393,406,370,333,246]","[643000,1044000,867000,1260000,778000,1164000,1115000,1091000,940000,680000]",428,9582000
28,84,10,"[319,263,366,324,273,387,395,400,349,276]","[885000,739000,1072000,943000,768000,1131000,1090000,1153000,1008000,795000]",400,9584000
28,85,10,"[253,379,329,397,277,393,346,394,382,313]","[708000,1091000,922000,1145000,770000,1140000,981000,1113000,1047000,839000]",397,9756000
28,86,10,"[254,386,305,389,321,381,399,394,339,233]","[710000,1099000,871000,1110000,866000,1108000,1082000,1145000,964000,657000]",399,9612000
28,87,10,"[257,383,309,393,309,385,404,433,340,231]","[722000,1091000,884000,1111000,853000,1120000,1120000,1191000,968000,657000]",433,9717000
28,88,10,"[252,359,312,384,310,392,400,397,293,284]","[708000,1051000,889000,1122000,860000,1153000,1133000,1148000,832000,803000]",400,9699000
28,89,10,"[252,328,271,434,343,317,405,368,345,301]","[714000,944000,760000,1231000,974000,923000,1119000,1062000,974000,858000]",434,9559000
28,90,10,"[327,256,379,323,354,381,394,397,334,250]","[901000,720000,1109000,939000,1008000,1107000,1084000,1160000,953000,696000]",397,9677000
29,1,10,"[397,359,322,391,395,383,396,389,368,300]","[1033000,1055000,909000,1097000,1129000,1156000,1067000,1096000,1063000,873000]",397,10478000
29,2,10,"[154,375,289,391,371,397,398,398,351,316]","[448000,1116000,799000,1082000,1075000,1160000,1094000,1132000,1017000,891000]",398,9814000
29,3,10,"[396,386,322,393,393,386,395,390,375,296]","[1031000,1126000,909000,1101000,1125000,1160000,1059000,1096000,1085000,859000]",396,10551000
29,4,10,"[154,402,305,404,372,393,396,390,363,236]","[450000,1176000,856000,1119000,1073000,1162000,1114000,1104000,1065000,667000]",404,9786000
29,5,10,"[192,395,279,407,369,353,395,377,361,236]","[562000,1153000,779000,1145000,1071000,1055000,1093000,1072000,1054000,669000]",407,9653000
29,6,10,"[238,391,308,356,365,427,362,430,324,195]","[668000,1144000,876000,997000,1066000,1292000,1003000,1244000,874000,551000]",430,9715000
29,7,10,"[169,394,279,412,369,413,398,393,361,236]","[500000,1148000,779000,1143000,1071000,1186000,1095000,1112000,1054000,669000]",413,9757000
29,8,10,"[154,395,317,412,367,390,385,397,362,237]","[450000,1155000,889000,1148000,1067000,1156000,1065000,1118000,1063000,669000]",412,9780000
29,9,10,"[152,399,302,388,349,407,344,411,353,313]","[448000,1181000,841000,1068000,1046000,1175000,928000,1188000,1021000,886000]",411,9782000
29,10,10,"[315,397,320,398,396,381,393,389,373,275]","[884000,1172000,885000,1123000,1140000,1144000,1062000,1088000,1088000,817000]",398,10403000
29,11,10,"[397,359,353,396,394,388,396,343,370,302]","[1033000,1057000,979000,1117000,1124000,1175000,1073000,989000,1073000,877000]",397,10497000
29,12,10,"[152,400,319,391,371,387,406,382,339,307]","[448000,1177000,885000,1091000,1081000,1126000,1111000,1094000,999000,863000]",406,9875000
29,13,10,"[238,391,312,359,367,430,350,435,314,198]","[668000,1141000,882000,1003000,1066000,1298000,961000,1254000,851000,551000]",435,9675000
29,14,10,"[169,394,284,400,370,414,401,394,348,234]","[500000,1148000,795000,1109000,1073000,1185000,1100000,1120000,1021000,675000]",414,9726000
29,15,10,"[152,394,321,386,376,385,399,382,362,315]","[448000,1158000,889000,1081000,1081000,1114000,1098000,1094000,1048000,890000]",399,9901000
29,16,10,"[315,397,320,398,396,381,393,389,373,275]","[884000,1172000,885000,1123000,1140000,1144000,1062000,1088000,1088000,817000]",398,10403000
29,17,10,"[238,390,349,310,365,427,362,434,324,195]","[668000,1130000,961000,884000,1066000,1292000,1001000,1256000,871000,551000]",434,9680000
29,18,10,"[152,403,322,389,374,380,404,384,337,309]","[448000,1192000,891000,1091000,1083000,1109000,1106000,1094000,995000,870000]",404,9879000
29,19,10,"[242,387,319,361,368,434,349,431,312,196]","[683000,1128000,890000,1007000,1068000,1311000,969000,1244000,849000,553000]",434,9702000
29,20,10,"[154,397,325,394,366,400,393,401,351,313]","[448000,1167000,905000,1103000,1062000,1172000,1089000,1141000,1014000,883000]",401,9984000
29,21,10,"[239,389,327,396,391,438,360,400,364,246]","[674000,1146000,937000,1109000,1121000,1308000,1010000,1154000,1072000,685000]",438,10216000
29,22,10,"[359,355,401,380,406,434,394,463,361,242]","[931000,1012000,1099000,1090000,1134000,1309000,1061000,1331000,1034000,682000]",463,10683000
29,23,10,"[153,326,350,370,391,462,400,395,337,315]","[450000,970000,975000,1046000,1097000,1329000,1108000,1128000,993000,882000]",462,9978000
29,24,10,"[154,422,406,375,366,432,391,390,338,314]","[448000,1161000,1118000,1081000,1031000,1329000,1067000,1083000,997000,880000]",432,10195000
29,25,10,"[171,404,337,411,365,458,369,357,353,238]","[500000,1173000,934000,1131000,1065000,1285000,988000,1025000,1037000,684000]",458,9822000
29,26,10,"[239,390,316,348,368,427,360,458,294,199]","[670000,1141000,906000,978000,1068000,1292000,999000,1293000,789000,558000]",458,9694000
29,27,10,"[155,400,322,387,372,448,379,400,323,316]","[453000,1159000,891000,1080000,1077000,1328000,1008000,1118000,950000,885000]",448,9949000
29,28,10,"[198,420,384,409,368,331,396,405,356,311]","[567000,1198000,1070000,1134000,1060000,953000,1086000,1173000,1020000,883000]",420,10144000
29,29,10,"[153,325,339,370,376,420,410,462,348,316]","[450000,959000,950000,1013000,1097000,1248000,1144000,1324000,951000,881000]",462,10017000
29,30,10,"[172,301,427,402,396,407,390,505,363,243]","[504000,848000,1191000,1128000,1138000,1190000,1064000,1393000,1072000,684000]",505,10212000
29,31,10,"[245,385,327,398,395,434,357,459,297,278]","[696000,1129000,905000,1116000,1126000,1298000,988000,1305000,879000,763000]",459,10205000
29,32,10,"[289,397,329,400,403,433,359,405,347,179]","[797000,1143000,920000,1124000,1136000,1304000,999000,1158000,1021000,491000]",433,10093000
29,33,10,"[155,389,355,399,377,441,377,434,295,312]","[453000,1107000,985000,1111000,1082000,1304000,1012000,1255000,822000,873000]",441,10004000
29,34,10,"[193,422,371,402,360,352,382,416,367,231]","[558000,1199000,1030000,1101000,1053000,1045000,1052000,1183000,1067000,649000]",422,9937000
29,35,10,"[153,326,342,370,392,441,406,460,349,317]","[450000,961000,965000,1002000,1147000,1278000,1127000,1320000,956000,879000]",460,10085000
29,36,10,"[238,405,325,397,401,430,354,453,303,286]","[674000,1140000,908000,1117000,1144000,1298000,990000,1293000,852000,800000]",453,10216000
29,37,10,"[270,438,290,389,372,398,400,399,347,291]","[766000,1275000,799000,1077000,1077000,1160000,1091000,1131000,995000,844000]",438,10215000
29,38,10,"[255,363,407,371,389,434,355,427,348,274]","[723000,1055000,1120000,1062000,1076000,1321000,983000,1242000,941000,787000]",434,10310000
29,39,10,"[155,403,322,389,375,435,375,354,336,308]","[453000,1183000,891000,1086000,1083000,1284000,1008000,1008000,993000,865000]",435,9854000
29,40,10,"[261,368,401,393,319,397,387,449,357,261]","[731000,1069000,1105000,1097000,902000,1171000,1077000,1310000,1020000,754000]",449,10236000
29,41,10,"[313,362,408,368,365,425,358,371,374,278]","[856000,1039000,1117000,1060000,1028000,1286000,995000,1063000,1064000,798000]",425,10306000
29,42,10,"[154,413,316,405,392,437,366,404,361,245]","[450000,1194000,880000,1127000,1123000,1312000,1017000,1135000,1067000,685000]",437,9990000
29,43,10,"[235,386,305,371,370,442,347,430,315,273]","[662000,1144000,870000,1031000,1050000,1337000,963000,1262000,888000,746000]",442,9953000
29,44,10,"[155,404,322,390,374,464,380,354,365,297]","[453000,1175000,891000,1089000,1081000,1354000,1017000,1008000,1085000,825000]",464,9978000
29,45,10,"[172,363,359,398,371,356,398,377,369,239]","[505000,1046000,994000,1123000,1075000,1065000,1092000,1070000,1074000,677000]",398,9721000
29,46,10,"[355,393,306,376,404,427,389,463,304,238]","[939000,1165000,859000,1082000,1119000,1295000,1057000,1329000,873000,698000]",463,10416000
29,47,10,"[153,393,322,378,373,394,373,429,335,307]","[450000,1149000,893000,1073000,1075000,1162000,1007000,1260000,933000,863000]",429,9865000
29,48,10,"[155,395,331,363,393,441,378,412,372,330]","[453000,1155000,918000,1011000,1098000,1293000,1023000,1151000,1083000,921000]",441,10106000
29,49,10,"[170,335,348,400,403,430,360,455,301,240]","[502000,975000,966000,1124000,1140000,1298000,1004000,1293000,890000,675000]",455,9867000
29,50,10,"[399,361,307,375,403,425,391,463,284,240]","[1035000,1080000,851000,1074000,1124000,1292000,1057000,1320000,826000,674000]",463,10333000
29,51,10,"[155,392,321,388,375,438,372,428,295,309]","[453000,1141000,889000,1091000,1081000,1290000,1002000,1240000,822000,867000]",438,9876000
29,52,10,"[323,362,363,398,389,433,369,460,297,277]","[932000,1038000,997000,1107000,1096000,1321000,1028000,1312000,823000,803000]",460,10457000
29,53,10,"[155,396,317,400,365,400,393,401,351,311]","[453000,1161000,889000,1124000,1056000,1172000,1089000,1147000,1014000,883000]",401,9988000
29,54,10,"[152,402,324,387,385,398,379,426,335,307]","[448000,1180000,897000,1076000,1109000,1162000,1028000,1251000,917000,863000]",426,9931000
29,55,10,"[152,384,288,391,373,448,404,455,293,262]","[448000,1133000,801000,1054000,1079000,1321000,1101000,1297000,871000,725000]",455,9830000
29,56,10,"[241,388,306,380,372,404,377,447,318,195]","[670000,1141000,868000,1044000,1086000,1170000,1051000,1311000,859000,551000]",447,9751000
29,57,10,"[171,364,308,380,404,428,385,422,342,253]","[502000,1081000,859000,1075000,1129000,1292000,1060000,1213000,1020000,707000]",428,9938000
29,58,10,"[239,383,327,396,399,430,356,453,301,284]","[679000,1126000,909000,1122000,1133000,1298000,980000,1293000,848000,791000]",453,10179000
29,59,10,"[207,435,354,363,359,356,337,415,362,314]","[581000,1251000,979000,1007000,1050000,1054000,906000,1208000,1045000,889000]",435,9970000
29,60,10,"[401,386,320,405,402,433,353,456,309,249]","[1045000,1116000,893000,1131000,1139000,1298000,973000,1298000,877000,700000]",456,10470000
29,61,10,"[202,406,361,392,373,390,373,413,321,313]","[573000,1140000,1004000,1086000,1079000,1176000,1002000,1146000,954000,876000]",413,10036000
29,62,10,"[169,399,372,347,364,368,392,395,363,236]","[500000,1168000,1024000,1013000,1062000,1041000,1084000,1119000,1058000,671000]",399,9740000
29,63,10,"[238,392,308,357,367,428,358,436,325,199]","[664000,1130000,855000,1019000,1066000,1294000,992000,1261000,883000,565000]",436,9729000
29,64,10,"[153,360,359,403,371,424,396,393,349,237]","[448000,1046000,996000,1121000,1075000,1212000,1095000,1124000,1026000,679000]",424,9822000
29,65,10,"[350,419,319,411,402,436,353,456,318,245]","[934000,1213000,888000,1147000,1139000,1306000,973000,1298000,885000,684000]",456,10467000
29,66,10,"[153,348,356,372,378,449,389,390,372,257]","[450000,1026000,988000,1018000,1104000,1318000,1076000,1114000,1073000,716000]",449,9883000
29,67,10,"[205,422,342,369,359,355,412,402,358,314]","[581000,1216000,936000,1026000,1042000,1022000,1115000,1146000,1021000,886000]",422,9991000
29,68,10,"[153,363,353,391,371,414,398,390,368,281]","[448000,1054000,999000,1082000,1075000,1191000,1095000,1109000,1073000,804000]",414,9930000
29,69,10,"[153,399,322,389,373,438,373,400,323,310]","[450000,1153000,893000,1086000,1079000,1323000,1002000,1130000,952000,863000]",438,9931000
29,70,10,"[154,326,405,367,405,478,380,386,340,311]","[450000,937000,1107000,1055000,1123000,1351000,1066000,1108000,997000,870000]",478,10064000
29,71,10,"[154,398,308,374,405,431,391,460,295,213]","[448000,1185000,860000,1069000,1139000,1307000,1057000,1331000,860000,580000]",460,9836000
29,72,10,"[242,394,309,358,392,434,358,431,319,243]","[676000,1150000,898000,1001000,1111000,1311000,986000,1256000,859000,677000]",434,9925000
29,73,10,"[308,393,320,389,382,408,383,417,333,273]","[857000,1155000,892000,1087000,1095000,1217000,1045000,1172000,935000,793000]",417,10248000
29,74,10,"[306,376,405,380,373,436,398,413,347,215]","[861000,1064000,1114000,1093000,1052000,1337000,1081000,1198000,1002000,576000]",436,10378000
29,75,10,"[155,392,321,388,375,438,372,354,362,311]","[453000,1148000,889000,1091000,1079000,1293000,1002000,1008000,1048000,883000]",438,9894000
29,76,10,"[152,360,353,387,349,413,348,412,355,314]","[448000,1058000,991000,1053000,1049000,1196000,934000,1190000,1021000,889000]",413,9829000
29,77,10,"[257,363,400,380,380,434,393,389,373,276]","[733000,1055000,1097000,1072000,1067000,1322000,1069000,1085000,1071000,805000]",434,10376000
29,78,10,"[241,384,313,377,364,429,411,428,332,181]","[683000,1119000,866000,1087000,1026000,1307000,1119000,1246000,858000,494000]",429,9805000
29,79,10,"[153,399,345,400,372,433,354,453,278,311]","[450000,1167000,947000,1127000,1062000,1310000,987000,1293000,790000,878000]",453,10011000
29,80,10,"[154,394,320,414,373,403,394,396,359,314]","[448000,1163000,889000,1145000,1079000,1184000,1103000,1125000,1037000,878000]",414,10051000
29,81,10,"[153,393,317,390,378,445,372,389,363,311]","[450000,1148000,882000,1092000,1078000,1322000,1008000,1081000,1053000,881000]",445,9995000
29,82,10,"[153,384,296,390,358,404,361,397,353,314]","[450000,1125000,829000,1074000,1051000,1169000,999000,1148000,1016000,886000]",404,9747000
29,83,10,"[154,326,350,377,407,434,389,383,337,311]","[450000,954000,1009000,1079000,1134000,1319000,1044000,1090000,995000,871000]",434,9945000
29,84,10,"[370,362,306,380,373,413,411,443,320,237]","[982000,1063000,851000,1067000,1071000,1186000,1122000,1292000,934000,678000]",443,10246000
29,85,10,"[245,421,310,372,369,452,370,431,314,196]","[678000,1237000,873000,1081000,1080000,1357000,999000,1241000,853000,553000]",452,9952000
29,86,10,"[396,359,323,398,395,401,399,389,375,302]","[1033000,1053000,914000,1120000,1126000,1190000,1082000,1096000,1095000,880000]",401,10589000
29,87,10,"[154,379,288,392,376,400,400,394,359,362]","[448000,1136000,797000,1078000,1085000,1175000,1100000,1121000,1063000,985000]",400,9988000
29,88,10,"[312,385,322,393,393,385,395,390,375,302]","[874000,1111000,909000,1101000,1125000,1160000,1056000,1086000,1075000,867000]",395,10364000
29,89,10,"[154,396,305,404,371,378,422,392,362,236]","[450000,1158000,856000,1119000,1071000,1117000,1193000,1108000,1063000,667000]",422,9802000
29,90,10,"[192,394,279,397,370,353,395,376,361,234]","[562000,1148000,779000,1122000,1073000,1060000,1093000,1072000,1054000,668000]",397,9631000
29,91,10,"[239,386,306,400,367,429,305,433,316,195]","[670000,1141000,868000,1127000,1073000,1294000,836000,1272000,863000,555000]",433,9699000
29,92,10,"[170,395,273,412,370,413,398,395,361,237]","[500000,1153000,771000,1145000,1071000,1186000,1095000,1119000,1054000,671000]",413,9765000
29,93,10,"[154,395,317,416,367,406,386,397,362,218]","[450000,1155000,889000,1171000,1067000,1202000,1071000,1118000,1063000,619000]",416,9805000
29,94,10,"[152,393,297,394,350,409,345,411,352,313]","[448000,1157000,829000,1091000,1045000,1181000,933000,1184000,1010000,885000]",411,9763000
29,95,10,"[319,397,345,399,400,382,353,390,373,275]","[901000,1172000,978000,1122000,1141000,1149000,946000,1098000,1088000,817000]",400,10412000
29,96,10,"[396,358,349,391,389,382,403,338,384,299]","[1035000,1055000,961000,1097000,1111000,1157000,1090000,960000,1125000,865000]",403,10456000
29,97,10,"[152,403,319,392,371,378,401,382,337,307]","[448000,1192000,885000,1093000,1081000,1110000,1102000,1094000,995000,863000]",403,9863000
29,98,10,"[235,391,310,359,366,433,348,430,312,203]","[662000,1146000,887000,1003000,1068000,1313000,963000,1244000,849000,566000]",433,9701000
29,99,10,"[169,394,283,394,371,417,395,398,351,231]","[500000,1150000,790000,1099000,1062000,1187000,1102000,1128000,1021000,667000]",417,9706000
29,100,10,"[153,397,320,359,371,388,398,426,363,310]","[448000,1156000,887000,1010000,1075000,1129000,1114000,1209000,1045000,881000]",426,9954000
29,101,10,"[315,401,318,398,389,374,393,391,376,273]","[876000,1167000,885000,1120000,1110000,1138000,1077000,1086000,1087000,803000]",401,10349000
29,102,10,"[238,390,349,310,365,427,325,434,324,219]","[668000,1130000,961000,884000,1066000,1292000,905000,1256000,876000,620000]",434,9658000
29,103,10,"[152,403,322,389,416,380,343,384,337,309]","[448000,1192000,891000,1091000,1211000,1109000,942000,1094000,995000,870000]",416,9843000
29,104,10,"[271,391,324,361,368,431,305,435,315,203]","[755000,1128000,917000,1003000,1068000,1300000,865000,1257000,859000,559000]",435,9711000
29,105,10,"[154,397,319,404,409,359,398,397,354,313]","[448000,1173000,890000,1142000,1202000,1042000,1098000,1139000,1008000,881000]",409,10023000
30,1,10,"[261,336,370,359,265,301,323,310,290,303]","[755000,939000,1018000,1020000,790000,856000,910000,847000,777000,756000]",370,8668000
30,2,10,"[327,303,366,365,267,306,276,318,296,332]","[878000,870000,1027000,1047000,798000,874000,775000,852000,794000,862000]",366,8777000
30,3,10,"[260,278,382,355,283,303,279,296,294,329]","[750000,808000,1056000,1020000,850000,858000,791000,806000,792000,852000]",382,8583000
30,4,10,"[300,340,347,337,333,336,245,342,282,322]","[856000,947000,953000,1004000,950000,952000,688000,915000,760000,839000]",347,8864000
30,5,10,"[300,336,354,363,312,329,244,320,295,329]","[851000,945000,961000,1056000,888000,925000,686000,862000,786000,853000]",363,8813000
30,6,10,"[291,340,370,357,271,299,278,318,296,330]","[825000,955000,1020000,1036000,812000,865000,796000,852000,784000,855000]",370,8800000
30,7,10,"[330,304,369,354,271,307,278,321,296,323]","[889000,884000,1014000,1026000,817000,894000,788000,857000,794000,844000]",369,8807000
30,8,10,"[259,323,361,364,326,339,327,328,292,282]","[746000,893000,1000000,1055000,902000,937000,867000,871000,791000,769000]",364,8831000
30,9,10,"[260,315,417,357,272,307,276,320,289,267]","[752000,904000,1126000,1026000,827000,871000,786000,852000,774000,720000]",417,8638000
30,10,10,"[300,337,339,365,267,302,284,315,295,349]","[838000,953000,952000,1059000,802000,865000,807000,846000,789000,908000]",365,8819000
30,11,10,"[281,363,354,332,360,243,345,363,295,305]","[808000,1020000,987000,952000,1011000,683000,993000,986000,803000,766000]",363,9009000
30,12,10,"[294,340,372,305,262,317,295,365,286,304]","[831000,942000,1018000,863000,791000,901000,845000,996000,773000,765000]",372,8725000
30,13,10,"[299,344,351,338,337,331,330,290,314,328]","[862000,960000,961000,988000,953000,916000,882000,801000,848000,849000]",351,9020000
30,14,10,"[257,276,425,354,266,302,277,324,292,331]","[740000,808000,1136000,1026000,806000,858000,782000,863000,794000,860000]",425,8673000
30,15,10,"[292,349,363,364,323,336,331,331,293,283]","[821000,973000,1006000,1045000,907000,927000,874000,881000,791000,772000]",364,8997000
30,16,10,"[294,341,375,334,262,303,295,365,286,304]","[831000,947000,1018000,936000,786000,859000,845000,996000,773000,765000]",375,8756000
30,17,10,"[296,339,351,372,335,332,245,318,281,327]","[845000,942000,973000,1086000,951000,958000,688000,852000,758000,849000]",372,8902000
30,18,10,"[296,351,357,363,333,330,331,328,294,281]","[829000,960000,1008000,1062000,943000,920000,859000,881000,791000,769000]",363,9022000
30,19,10,"[295,349,356,345,334,319,341,362,298,305]","[845000,969000,970000,984000,944000,889000,928000,994000,819000,763000]",362,9105000
30,20,10,"[257,373,351,365,327,306,306,318,295,306]","[745000,1065000,981000,1000000,928000,858000,835000,850000,791000,771000]",373,8824000
30,21,10,"[294,340,376,368,318,247,294,363,289,314]","[821000,951000,1052000,1032000,936000,675000,833000,989000,782000,785000]",376,8856000
30,22,10,"[263,272,384,356,271,319,280,378,299,323]","[745000,791000,1063000,1026000,811000,889000,739000,1009000,807000,837000]",384,8717000
30,23,10,"[257,276,425,354,266,350,357,324,292,331]","[740000,808000,1136000,1026000,806000,1006000,983000,885000,794000,860000]",425,9044000
30,24,10,"[295,345,385,377,311,310,264,303,301,324]","[836000,956000,1094000,1063000,911000,857000,727000,819000,813000,839000]",385,8915000
30,25,10,"[294,337,350,367,265,306,291,311,283,325]","[840000,938000,968000,1076000,789000,872000,812000,843000,764000,845000]",367,8747000
30,26,10,"[289,343,347,357,361,346,330,326,294,277]","[819000,944000,952000,1025000,1020000,971000,867000,866000,786000,770000]",361,9020000
30,27,10,"[300,339,355,362,315,315,316,322,299,332]","[853000,946000,968000,1054000,897000,884000,858000,872000,798000,861000]",362,8991000
30,28,10,"[296,340,362,374,337,323,324,292,286,305]","[850000,951000,1010000,1081000,939000,888000,862000,806000,804000,786000]",374,8977000
30,29,10,"[278,312,416,381,327,321,268,302,287,282]","[809000,900000,1126000,1085000,940000,893000,742000,832000,777000,748000]",416,8852000
30,30,10,"[259,298,327,365,324,337,326,331,295,283]","[753000,842000,937000,1055000,919000,929000,865000,876000,803000,771000]",365,8750000
30,31,10,"[407,441,451,350,268,318,287,378,295,355]","[1199000,1314000,1331000,994000,803000,882000,764000,1029000,800000,947000]",451,10063000
30,32,10,"[298,340,372,357,274,305,279,320,294,328]","[852000,946000,1024000,1036000,812000,864000,798000,856000,784000,851000]",372,8823000
30,33,10,"[297,349,350,370,331,314,342,362,297,299]","[845000,962000,955000,1028000,934000,878000,930000,994000,800000,749000]",370,9075000
30,34,10,"[263,305,381,383,390,266,346,373,307,323]","[750000,858000,1027000,1078000,1108000,753000,980000,1019000,829000,837000]",390,9239000
30,35,10,"[260,275,385,330,266,301,296,368,286,302]","[737000,810000,1062000,936000,801000,866000,847000,1005000,773000,772000]",385,8609000
30,36,10,"[258,312,383,381,390,268,344,370,289,305]","[740000,897000,1029000,1069000,1106000,763000,991000,1013000,779000,769000]",390,9156000
30,37,10,"[292,335,370,357,269,307,299,327,292,308]","[825000,940000,1020000,1036000,802000,874000,859000,883000,781000,777000]",370,8797000
30,38,10,"[258,337,338,362,328,325,362,314,294,267]","[750000,943000,943000,1051000,940000,932000,946000,873000,786000,685000]",362,8849000
30,39,10,"[298,339,275,380,391,270,349,370,289,230]","[837000,940000,754000,1061000,1110000,771000,997000,1013000,775000,623000]",391,8881000
30,40,10,"[291,337,368,273,241,301,357,360,289,237]","[825000,944000,1016000,751000,721000,856000,1055000,984000,784000,630000]",368,8566000
30,41,10,"[257,282,425,355,267,303,333,302,292,332]","[740000,851000,1165000,1020000,800000,860000,918000,829000,787000,855000]",425,8825000
30,42,10,"[257,374,332,369,328,307,302,317,295,302]","[745000,1067000,943000,1020000,932000,860000,816000,853000,791000,770000]",374,8797000
30,43,10,"[258,374,356,367,323,308,312,314,286,309]","[750000,1058000,996000,1047000,937000,867000,847000,844000,773000,768000]",374,8887000
30,44,10,"[291,340,349,372,267,304,286,318,291,327]","[825000,944000,957000,1085000,798000,879000,805000,850000,771000,847000]",372,8761000
30,45,10,"[266,301,437,355,267,303,278,325,295,347]","[785000,947000,1222000,1028000,802000,860000,780000,864000,797000,905000]",437,8990000
30,46,10,"[300,339,375,382,306,342,331,325,302,296]","[836000,950000,1063000,1098000,870000,943000,862000,866000,829000,816000]",382,9133000
30,47,10,"[291,334,356,367,264,374,227,311,285,327]","[822000,930000,991000,1076000,789000,1072000,606000,835000,775000,849000]",374,8745000
30,48,10,"[263,264,352,367,317,314,391,306,313,349]","[775000,739000,967000,1056000,906000,883000,1039000,849000,849000,927000]",391,8990000
30,49,10,"[273,302,436,360,266,302,277,324,299,342]","[810000,947000,1222000,1037000,792000,858000,785000,864000,814000,897000]",436,9026000
30,50,10,"[294,350,368,360,332,335,330,329,302,285]","[825000,969000,1041000,1034000,933000,930000,877000,870000,828000,784000]",368,9091000
30,51,10,"[260,340,354,367,264,298,286,309,283,323]","[750000,946000,973000,1076000,789000,854000,804000,839000,764000,841000]",367,8636000
30,52,10,"[264,373,349,365,324,349,350,310,296,306]","[770000,1061000,974000,1001000,924000,934000,896000,843000,783000,768000]",373,8954000
30,53,10,"[259,335,354,358,317,330,375,311,291,241]","[752000,910000,951000,1035000,913000,921000,1013000,859000,782000,682000]",375,8818000
30,54,10,"[256,299,381,436,315,337,378,330,295,303]","[737000,876000,1025000,1241000,886000,937000,1056000,885000,807000,766000]",436,9216000
30,55,10,"[388,391,463,382,308,302,282,322,297,430]","[1139000,1205000,1359000,1105000,858000,869000,807000,865000,802000,1190000]",463,10199000
30,56,10,"[257,376,351,368,349,307,373,318,299,302]","[745000,1089000,981000,1014000,1055000,859000,998000,872000,794000,764000]",376,9171000
30,57,10,"[292,350,372,363,299,328,367,323,295,304]","[830000,1000000,1024000,1026000,876000,892000,1028000,874000,789000,773000]",372,9112000
30,58,10,"[298,342,380,371,312,332,256,362,288,300]","[825000,954000,1071000,1035000,915000,933000,715000,984000,775000,762000]",380,8969000
30,59,10,"[265,289,361,471,319,311,264,314,303,320]","[767000,843000,1038000,1309000,937000,856000,709000,848000,811000,886000]",471,9004000
30,60,10,"[262,306,318,380,389,264,349,370,290,309]","[760000,872000,832000,1069000,1106000,753000,1005000,1013000,781000,787000]",389,8978000
30,61,10,"[260,316,397,354,269,305,280,315,290,268]","[762000,910000,1088000,1026000,801000,873000,786000,846000,775000,722000]",397,8589000
30,62,10,"[262,279,372,366,316,240,298,360,303,327]","[765000,812000,1029000,1031000,929000,667000,830000,984000,828000,857000]",372,8732000
30,63,10,"[257,278,426,355,346,305,267,316,294,327]","[740000,811000,1163000,1028000,1036000,834000,717000,861000,800000,854000]",426,8844000
30,64,10,"[257,327,347,370,276,304,324,313,293,239]","[745000,901000,949000,1082000,837000,871000,903000,865000,780000,644000]",370,8577000
30,65,10,"[290,340,354,323,273,269,351,362,290,300]","[814000,940000,980000,875000,817000,759000,997000,984000,786000,758000]",362,8710000
30,66,10,"[257,276,425,354,266,302,287,324,292,331]","[740000,808000,1136000,1026000,806000,871000,809000,863000,794000,860000]",425,8713000
30,67,10,"[253,336,372,363,278,311,328,308,294,303]","[728000,934000,1020000,1052000,852000,892000,918000,845000,784000,761000]",372,8786000
30,68,10,"[324,302,364,388,273,284,284,318,297,330]","[863000,860000,1016000,1105000,818000,826000,806000,852000,796000,858000]",388,8800000
30,69,10,"[261,270,381,355,283,303,279,288,300,330]","[742000,791000,1068000,1020000,845000,858000,790000,780000,813000,850000]",381,8557000
30,70,10,"[304,342,349,338,314,329,251,344,285,324]","[868000,965000,957000,994000,898000,940000,711000,923000,766000,846000]",349,8868000
30,71,10,"[302,339,349,378,314,342,252,321,296,329]","[851000,960000,953000,1094000,887000,948000,716000,857000,784000,856000]",378,8906000
30,72,10,"[289,334,373,358,285,306,286,289,295,325]","[815000,935000,1026000,1021000,850000,869000,818000,798000,787000,843000]",373,8762000
30,73,10,"[336,309,375,358,268,306,309,318,294,322]","[921000,884000,1023000,1037000,804000,881000,862000,852000,792000,839000]",375,8895000
30,74,10,"[266,358,361,334,321,339,330,330,292,293]","[749000,982000,1002000,961000,894000,932000,872000,874000,789000,788000]",361,8843000
30,75,10,"[262,314,416,386,273,305,280,320,291,277]","[737000,904000,1126000,1111000,837000,882000,786000,856000,778000,728000]",416,8745000
30,76,10,"[381,354,338,366,266,308,300,315,302,348]","[1092000,1038000,952000,1057000,802000,883000,862000,846000,808000,908000]",381,9248000
30,77,10,"[281,363,354,332,368,246,342,361,294,308]","[808000,1024000,979000,952000,1036000,683000,974000,986000,798000,776000]",368,9016000
30,78,10,"[291,336,370,279,264,319,294,361,313,299]","[825000,943000,1022000,797000,801000,913000,834000,984000,860000,758000]",370,8737000
30,79,10,"[304,302,353,337,335,332,332,292,317,321]","[858000,913000,962000,984000,941000,927000,878000,819000,856000,837000]",353,8975000
30,80,10,"[256,280,424,355,267,303,278,325,299,335]","[740000,816000,1146000,1028000,807000,860000,785000,868000,800000,874000]",424,8724000
30,81,10,"[293,346,363,365,324,327,319,333,291,284]","[826000,971000,987000,1049000,900000,910000,879000,873000,778000,756000]",365,8929000
30,82,10,"[294,339,369,308,267,305,310,361,286,307]","[831000,944000,1018000,868000,806000,854000,889000,989000,773000,770000]",369,8742000
30,83,10,"[307,304,359,368,334,331,250,319,290,326]","[869000,920000,970000,1071000,952000,950000,702000,850000,791000,849000]",368,8924000
30,84,10,"[293,350,347,340,330,337,336,326,321,285]","[821000,969000,986000,999000,930000,930000,882000,868000,879000,770000]",350,9034000
30,85,10,"[296,349,352,388,336,315,338,305,298,301]","[847000,969000,961000,1112000,950000,887000,922000,826000,819000,763000]",388,9056000
30,86,10,"[257,374,352,364,326,305,311,317,295,306]","[745000,1067000,989000,998000,926000,856000,838000,848000,791000,771000]",374,8829000
