iteration_id,solution_id,agv_count,running_times_seconds,energy_consumptions_joules,max_running_time_seconds,total_energy_consumption_joules
1,1,8,"[326,379,491,393,487,467,483,213]","[940000,1073000,1378000,1089000,1401000,1312000,1360000,626000]",491,9179000
1,2,8,"[341,424,490,390,489,471,473,210]","[962000,1135000,1394000,1066000,1410000,1333000,1350000,617000]",490,9267000
1,3,8,"[321,398,454,436,493,419,449,219]","[914000,1135000,1292000,1211000,1409000,1189000,1237000,631000]",493,9018000
1,4,8,"[387,401,450,472,465,418,432,221]","[1123000,1165000,1284000,1350000,1354000,1193000,1208000,652000]",472,9329000
1,5,8,"[396,403,448,468,464,424,471,223]","[1130000,1173000,1286000,1350000,1355000,1176000,1359000,675000]",471,9504000
1,6,8,"[303,401,450,474,507,468,402,214]","[856000,1160000,1280000,1308000,1449000,1307000,1164000,623000]",507,9147000
1,7,8,"[307,436,436,460,493,480,382,227]","[896000,1197000,1247000,1268000,1419000,1368000,1103000,660000]",493,9158000
1,8,8,"[394,398,448,482,451,452,429,224]","[1120000,1150000,1280000,1399000,1299000,1288000,1216000,687000]",482,9439000
1,9,8,"[395,395,451,474,466,466,431,223]","[1128000,1148000,1301000,1356000,1364000,1312000,1222000,671000]",474,9502000
1,10,8,"[369,361,464,400,499,492,389,256]","[1074000,1021000,1295000,1099000,1434000,1365000,1133000,733000]",499,9154000
1,11,8,"[303,400,400,474,508,471,421,214]","[856000,1161000,1156000,1308000,1451000,1326000,1238000,623000]",508,9119000
1,12,8,"[320,398,409,486,481,423,453,354]","[958000,1150000,1178000,1394000,1347000,1206000,1245000,952000]",486,9430000
1,13,8,"[320,393,478,465,480,428,450,353]","[958000,1131000,1337000,1335000,1345000,1216000,1235000,950000]",480,9507000
1,14,8,"[363,395,436,476,457,473,444,349]","[1017000,1092000,1253000,1315000,1326000,1355000,1275000,964000]",476,9597000
1,15,8,"[306,410,426,397,518,569,375,211]","[891000,1107000,1257000,1120000,1456000,1598000,1095000,626000]",569,9150000
1,16,8,"[307,476,432,419,498,481,378,227]","[889000,1331000,1251000,1144000,1428000,1364000,1095000,661000]",498,9163000
1,17,8,"[343,375,502,400,488,469,438,213]","[992000,1054000,1401000,1116000,1405000,1318000,1245000,626000]",502,9157000
1,18,8,"[407,390,480,451,482,478,416,236]","[1169000,1119000,1352000,1289000,1337000,1331000,1183000,706000]",482,9486000
1,19,8,"[392,401,473,483,487,474,418,236]","[1121000,1153000,1333000,1389000,1345000,1328000,1183000,697000]",487,9549000
1,20,8,"[354,400,423,489,493,487,431,272]","[1009000,1091000,1251000,1401000,1400000,1358000,1221000,772000]",493,9503000
1,21,8,"[319,394,465,428,479,427,447,349]","[953000,1139000,1350000,1237000,1351000,1217000,1233000,942000]",479,9422000
1,22,8,"[314,394,458,458,498,436,439,227]","[919000,1130000,1336000,1301000,1377000,1256000,1247000,663000]",498,9229000
1,23,8,"[307,399,488,377,539,459,381,206]","[862000,1154000,1425000,1043000,1546000,1285000,1107000,607000]",539,9029000
1,24,8,"[313,443,431,453,497,482,384,221]","[898000,1224000,1264000,1245000,1434000,1366000,1107000,647000]",497,9185000
1,25,8,"[306,442,429,451,564,475,386,227]","[889000,1219000,1253000,1241000,1570000,1346000,1098000,670000]",564,9286000
1,26,8,"[304,454,496,477,514,559,414,233]","[864000,1307000,1412000,1327000,1403000,1577000,1179000,684000]",559,9753000
1,27,8,"[387,401,481,464,509,475,417,229]","[1101000,1149000,1367000,1296000,1456000,1338000,1185000,661000]",509,9553000
1,28,8,"[452,519,453,399,464,488,484,213]","[1393000,1452000,1295000,1119000,1324000,1393000,1382000,631000]",519,9989000
1,29,8,"[244,483,478,399,494,481,484,216]","[698000,1339000,1344000,1095000,1409000,1356000,1377000,655000]",494,9273000
1,30,8,"[394,404,444,466,467,459,437,222]","[1128000,1175000,1272000,1335000,1354000,1284000,1268000,667000]",467,9483000
1,31,8,"[392,429,448,478,476,446,454,221]","[1109000,1191000,1279000,1379000,1362000,1283000,1271000,671000]",478,9545000
1,32,8,"[307,388,469,392,498,476,412,218]","[864000,1125000,1340000,1069000,1420000,1339000,1161000,600000]",498,8918000
1,33,8,"[532,401,487,470,486,422,452,326]","[1718000,1156000,1386000,1350000,1368000,1195000,1243000,946000]",532,10362000
1,34,8,"[307,438,438,460,496,457,379,227]","[896000,1207000,1251000,1268000,1425000,1313000,1088000,660000]",496,9108000
1,35,8,"[360,393,431,482,538,455,452,237]","[1011000,1115000,1252000,1321000,1549000,1313000,1276000,668000]",538,9505000
1,36,8,"[244,486,482,405,470,485,482,215]","[698000,1351000,1361000,1120000,1322000,1377000,1362000,641000]",486,9232000
1,37,8,"[358,354,429,489,491,483,435,277]","[1017000,1029000,1263000,1401000,1392000,1350000,1239000,782000]",491,9473000
1,38,8,"[433,358,458,392,503,425,435,432]","[1319000,986000,1269000,1090000,1443000,1252000,1292000,1281000]",503,9932000
1,39,8,"[303,448,489,373,546,448,442,226]","[867000,1292000,1431000,1035000,1559000,1256000,1280000,656000]",546,9376000
1,40,8,"[368,408,447,467,485,462,441,222]","[1045000,1181000,1287000,1335000,1404000,1290000,1278000,667000]",485,9487000
1,41,8,"[374,407,502,504,485,426,469,346]","[1033000,1162000,1424000,1398000,1389000,1212000,1337000,974000]",504,9929000
1,42,8,"[272,411,502,380,553,369,470,203]","[776000,1188000,1469000,1054000,1576000,1048000,1338000,601000]",553,9050000
1,43,8,"[354,402,423,489,493,473,438,272]","[1009000,1101000,1251000,1401000,1400000,1339000,1239000,772000]",493,9512000
1,44,8,"[315,447,491,485,510,504,417,228]","[907000,1285000,1399000,1325000,1434000,1417000,1188000,657000]",510,9612000
1,45,8,"[390,484,473,460,507,469,409,341]","[1160000,1343000,1347000,1298000,1461000,1344000,1153000,947000]",507,10053000
1,46,8,"[305,400,496,401,502,485,394,270]","[861000,1127000,1441000,1099000,1433000,1354000,1136000,744000]",502,9195000
1,47,8,"[307,440,499,513,477,481,447,220]","[848000,1251000,1404000,1444000,1332000,1376000,1231000,627000]",513,9513000
1,48,8,"[309,432,447,429,497,484,383,223]","[899000,1189000,1274000,1201000,1425000,1367000,1115000,656000]",497,9126000
1,49,8,"[244,486,483,405,501,485,486,215]","[698000,1351000,1371000,1120000,1382000,1379000,1369000,641000]",501,9311000
1,50,8,"[318,405,500,494,497,430,460,367]","[948000,1155000,1396000,1414000,1373000,1220000,1257000,1034000]",500,9797000
1,51,8,"[315,400,529,472,523,454,383,206]","[886000,1134000,1572000,1360000,1429000,1283000,1100000,607000]",529,9371000
1,52,8,"[323,401,498,508,542,432,460,350]","[915000,1167000,1444000,1432000,1506000,1232000,1275000,1007000]",542,9978000
1,53,8,"[329,386,435,477,534,454,397,216]","[944000,1095000,1257000,1308000,1532000,1310000,1133000,628000]",534,9207000
1,54,8,"[363,394,435,479,524,423,466,348]","[1011000,1100000,1264000,1323000,1516000,1190000,1302000,940000]",524,9646000
1,55,8,"[481,391,492,467,532,487,525,531]","[1411000,1127000,1397000,1339000,1555000,1354000,1527000,1644000]",532,11354000
1,56,8,"[460,397,493,409,547,461,435,467]","[1473000,1148000,1418000,1131000,1554000,1273000,1266000,1443000]",547,10706000
1,57,8,"[368,397,441,485,537,442,418,377]","[1028000,1123000,1291000,1363000,1539000,1271000,1172000,1109000]",537,9896000
1,58,8,"[368,353,464,499,500,513,391,262]","[1072000,975000,1286000,1441000,1379000,1405000,1132000,764000]",513,9454000
1,59,8,"[310,400,424,475,512,445,446,240]","[868000,1142000,1222000,1310000,1497000,1291000,1231000,654000]",512,9215000
1,60,8,"[311,448,493,513,487,475,417,230]","[885000,1284000,1400000,1442000,1349000,1325000,1188000,678000]",513,9551000
1,61,8,"[378,404,447,469,475,421,383,335]","[1083000,1159000,1285000,1339000,1341000,1205000,1085000,922000]",475,9419000
1,62,8,"[339,414,443,473,517,470,421,328]","[989000,1170000,1269000,1289000,1464000,1311000,1217000,1004000]",517,9713000
1,63,8,"[314,393,460,455,494,437,426,211]","[919000,1131000,1340000,1286000,1367000,1258000,1210000,622000]",494,9133000
1,64,8,"[428,410,446,473,469,418,451,393]","[1288000,1164000,1283000,1349000,1357000,1188000,1300000,1151000]",473,10080000
1,65,8,"[311,405,496,454,501,476,383,223]","[906000,1143000,1430000,1246000,1436000,1354000,1105000,656000]",501,9276000
1,66,8,"[395,405,482,490,437,486,462,241]","[1131000,1164000,1351000,1405000,1184000,1388000,1297000,731000]",490,9651000
1,67,8,"[332,410,450,439,522,427,478,219]","[949000,1178000,1299000,1221000,1446000,1196000,1338000,631000]",522,9258000
1,68,8,"[307,363,425,396,515,563,402,252]","[900000,1007000,1255000,1120000,1441000,1570000,1179000,715000]",563,9187000
1,69,8,"[369,395,459,370,494,468,472,211]","[1021000,1137000,1341000,993000,1418000,1310000,1349000,626000]",494,9195000
1,70,8,"[367,394,430,476,567,457,400,349]","[1028000,1110000,1245000,1310000,1594000,1316000,1139000,975000]",567,9717000
1,71,8,"[324,392,451,471,515,429,447,353]","[978000,1087000,1332000,1352000,1426000,1218000,1233000,981000]",515,9607000
1,72,8,"[304,406,449,477,511,507,402,211]","[858000,1178000,1277000,1317000,1458000,1395000,1170000,616000]",511,9269000
1,73,8,"[299,450,455,507,484,483,417,231]","[850000,1313000,1286000,1439000,1339000,1356000,1198000,681000]",507,9462000
1,74,8,"[391,397,473,469,497,468,433,217]","[1134000,1144000,1370000,1343000,1439000,1322000,1225000,643000]",497,9620000
1,75,8,"[433,404,449,481,512,473,397,209]","[1322000,1170000,1283000,1334000,1457000,1324000,1158000,616000]",512,9664000
1,76,8,"[324,380,495,395,489,455,476,213]","[932000,1080000,1386000,1093000,1402000,1288000,1349000,623000]",495,9153000
1,77,8,"[357,426,490,390,488,470,474,212]","[992000,1142000,1394000,1066000,1405000,1323000,1354000,621000]",490,9297000
1,78,8,"[312,398,460,438,493,419,449,219]","[912000,1135000,1301000,1211000,1409000,1189000,1237000,631000]",493,9025000
1,79,8,"[387,401,450,472,465,418,402,240]","[1123000,1165000,1284000,1350000,1354000,1193000,1127000,711000]",472,9307000
1,80,8,"[396,403,448,471,463,424,473,223]","[1130000,1170000,1286000,1350000,1349000,1175000,1367000,675000]",473,9502000
1,81,8,"[303,416,449,477,511,460,401,214]","[856000,1181000,1278000,1314000,1457000,1297000,1168000,623000]",511,9174000
1,82,8,"[306,446,434,463,498,457,381,227]","[889000,1218000,1255000,1286000,1428000,1298000,1095000,660000]",498,9129000
1,83,8,"[397,402,441,478,469,447,433,224]","[1140000,1158000,1263000,1388000,1349000,1284000,1225000,687000]",478,9494000
1,84,8,"[394,395,457,467,461,466,431,223]","[1128000,1148000,1312000,1339000,1345000,1312000,1222000,671000]",467,9477000
1,85,8,"[369,358,467,394,490,488,408,256]","[1072000,1006000,1301000,1088000,1409000,1359000,1172000,733000]",490,9140000
1,86,8,"[303,407,400,475,511,424,418,261]","[856000,1187000,1156000,1310000,1457000,1197000,1221000,753000]",511,9137000
1,87,8,"[320,366,409,486,478,422,452,354]","[958000,1071000,1178000,1394000,1341000,1204000,1243000,952000]",486,9341000
1,88,8,"[319,396,478,465,481,417,452,353]","[953000,1140000,1342000,1335000,1363000,1182000,1254000,963000]",481,9532000
1,89,8,"[363,422,439,476,456,473,396,349]","[1017000,1180000,1268000,1315000,1326000,1364000,1155000,964000]",476,9589000
1,90,8,"[305,410,447,391,512,565,375,211]","[896000,1109000,1296000,1100000,1435000,1580000,1093000,626000]",565,9135000
1,91,8,"[303,529,432,423,499,417,380,224]","[885000,1491000,1247000,1158000,1432000,1189000,1093000,655000]",529,9150000
1,92,8,"[344,373,479,401,490,475,438,267]","[1000000,1050000,1318000,1115000,1410000,1345000,1267000,771000]",490,9276000
1,93,8,"[406,392,480,450,465,474,419,231]","[1169000,1129000,1359000,1287000,1312000,1326000,1189000,675000]",480,9446000
1,94,8,"[393,461,479,428,487,481,416,236]","[1123000,1309000,1338000,1234000,1343000,1337000,1183000,697000]",487,9564000
1,95,8,"[354,427,425,483,491,491,431,272]","[1009000,1178000,1255000,1361000,1396000,1362000,1231000,772000]",491,9564000
2,1,8,"[422,463,458,451,425,475,460,406]","[1222000,1383000,1291000,1322000,1214000,1342000,1383000,1243000]",475,10400000
2,2,8,"[440,471,467,472,465,470,466,356]","[1267000,1407000,1310000,1419000,1293000,1367000,1385000,1057000]",472,10505000
2,3,8,"[470,471,464,474,419,470,466,356]","[1363000,1407000,1304000,1422000,1167000,1367000,1385000,1057000]",474,10472000
2,4,8,"[424,250,393,454,441,446,476,427]","[1238000,731000,1095000,1394000,1264000,1285000,1397000,1250000]",476,9654000
2,5,8,"[418,251,397,453,445,360,500,412]","[1220000,731000,1109000,1404000,1286000,1044000,1483000,1226000]",500,9503000
2,6,8,"[459,233,493,453,429,492,495,373]","[1341000,662000,1418000,1390000,1260000,1393000,1476000,1055000]",495,9995000
2,7,8,"[427,450,465,448,389,478,463,400]","[1232000,1341000,1301000,1318000,1133000,1345000,1387000,1232000]",478,10289000
2,8,8,"[425,458,464,450,426,475,458,404]","[1237000,1368000,1306000,1322000,1221000,1342000,1389000,1239000]",475,10424000
2,9,8,"[459,231,494,456,423,464,492,433]","[1338000,663000,1418000,1404000,1230000,1313000,1455000,1229000]",494,10050000
2,10,8,"[423,234,491,503,451,468,485,258]","[1227000,669000,1411000,1495000,1256000,1323000,1456000,770000]",503,9607000
2,11,8,"[423,445,465,448,385,483,466,400]","[1217000,1325000,1297000,1318000,1121000,1377000,1402000,1232000]",483,10289000
2,12,8,"[427,231,482,473,463,398,548,262]","[1235000,663000,1393000,1438000,1328000,1143000,1645000,782000]",548,9627000
2,13,8,"[440,233,494,456,449,439,505,364]","[1258000,663000,1418000,1408000,1306000,1240000,1485000,1051000]",505,9829000
2,14,8,"[441,232,498,450,432,519,501,252]","[1258000,665000,1423000,1380000,1254000,1507000,1485000,736000]",519,9708000
2,15,8,"[417,235,464,486,427,467,516,296]","[1227000,663000,1354000,1494000,1256000,1323000,1500000,892000]",516,9709000
2,16,8,"[436,437,484,472,426,445,464,350]","[1256000,1314000,1333000,1413000,1233000,1301000,1392000,1063000]",484,10305000
2,17,8,"[426,231,483,477,460,345,545,319]","[1233000,663000,1395000,1452000,1313000,991000,1639000,944000]",545,9630000
2,18,8,"[425,430,461,449,426,480,455,404]","[1237000,1284000,1300000,1320000,1221000,1348000,1369000,1239000]",480,10318000
2,19,8,"[437,232,473,450,428,523,505,253]","[1252000,665000,1348000,1380000,1246000,1518000,1495000,736000]",523,9640000
2,20,8,"[459,233,495,453,429,496,493,373]","[1344000,662000,1422000,1395000,1248000,1402000,1476000,1055000]",496,10004000
2,21,8,"[445,335,529,447,421,416,549,378]","[1319000,997000,1501000,1322000,1196000,1149000,1645000,1157000]",549,10286000
2,22,8,"[477,363,520,469,459,468,505,334]","[1377000,1107000,1478000,1403000,1307000,1374000,1498000,1008000]",520,10552000
2,23,8,"[426,233,485,477,460,363,541,313]","[1233000,667000,1395000,1452000,1313000,1061000,1598000,923000]",541,9642000
2,24,8,"[420,452,462,462,443,529,508,253]","[1179000,1351000,1302000,1379000,1306000,1543000,1485000,741000]",529,10286000
2,25,8,"[458,232,471,476,422,496,492,354]","[1342000,662000,1365000,1456000,1234000,1409000,1476000,1033000]",496,9977000
2,26,8,"[443,303,424,464,462,403,530,405]","[1291000,906000,1230000,1362000,1312000,1153000,1570000,1194000]",530,10018000
2,27,8,"[421,234,466,480,427,449,568,242]","[1235000,659000,1355000,1476000,1262000,1253000,1681000,716000]",568,9637000
2,28,8,"[423,231,482,514,444,409,590,312]","[1227000,663000,1393000,1535000,1242000,1143000,1708000,930000]",590,9841000
2,29,8,"[419,235,477,483,429,435,518,375]","[1237000,663000,1394000,1482000,1264000,1226000,1500000,1064000]",518,9830000
2,30,8,"[495,282,465,457,426,482,518,350]","[1443000,808000,1308000,1350000,1221000,1360000,1554000,1052000]",518,10096000
2,31,8,"[534,256,390,446,421,338,539,502]","[1516000,737000,1075000,1380000,1262000,979000,1612000,1454000]",539,10015000
2,32,8,"[413,476,471,485,477,397,560,262]","[1172000,1418000,1335000,1456000,1350000,1128000,1631000,770000]",560,10260000
2,33,8,"[443,431,444,455,432,510,471,351]","[1275000,1278000,1205000,1396000,1252000,1458000,1385000,1062000]",510,10311000
2,34,8,"[430,500,487,470,461,471,508,343]","[1250000,1482000,1373000,1363000,1312000,1328000,1520000,1034000]",508,10662000
2,35,8,"[416,453,457,451,424,405,575,459]","[1214000,1359000,1292000,1324000,1214000,1118000,1689000,1389000]",575,10599000
2,36,8,"[424,459,458,451,429,477,525,284]","[1229000,1380000,1291000,1337000,1218000,1338000,1589000,829000]",525,10211000
2,37,8,"[464,236,522,465,463,492,478,385]","[1339000,682000,1503000,1383000,1324000,1401000,1424000,1103000]",522,10159000
2,38,8,"[437,450,465,446,420,391,579,423]","[1248000,1329000,1319000,1327000,1191000,1149000,1686000,1200000]",579,10449000
2,39,8,"[476,386,433,443,440,490,516,419]","[1395000,1143000,1187000,1360000,1287000,1394000,1506000,1222000]",516,10494000
2,40,8,"[447,437,415,509,472,417,555,356]","[1281000,1311000,1171000,1503000,1313000,1209000,1657000,1075000]",555,10520000
2,41,8,"[444,229,456,457,435,328,547,355]","[1305000,659000,1305000,1409000,1257000,952000,1643000,1079000]",547,9609000
2,42,8,"[422,447,463,448,385,484,530,346]","[1217000,1329000,1297000,1332000,1121000,1376000,1588000,1064000]",530,10324000
2,43,8,"[440,321,471,522,538,546,518,260]","[1250000,929000,1347000,1525000,1491000,1553000,1483000,724000]",546,10302000
2,44,8,"[441,231,475,459,441,435,537,312]","[1258000,663000,1352000,1416000,1264000,1230000,1592000,909000]",537,9684000
2,45,8,"[425,232,498,451,445,520,500,252]","[1231000,665000,1423000,1382000,1270000,1507000,1483000,736000]",520,9697000
2,46,8,"[438,231,500,454,450,465,549,308]","[1254000,663000,1440000,1391000,1305000,1319000,1638000,877000]",549,9887000
2,47,8,"[431,231,526,475,514,440,506,343]","[1243000,663000,1458000,1438000,1430000,1257000,1497000,1001000]",526,9987000
2,48,8,"[497,235,456,502,468,363,502,418]","[1459000,661000,1338000,1505000,1396000,1046000,1485000,1259000]",502,10149000
2,49,8,"[434,481,457,447,557,492,501,354]","[1252000,1427000,1301000,1343000,1586000,1394000,1477000,1021000]",557,10801000
2,50,8,"[426,231,481,472,464,344,507,308]","[1233000,663000,1391000,1433000,1327000,989000,1545000,910000]",507,9491000
2,51,8,"[456,228,494,455,386,547,490,417]","[1323000,657000,1418000,1399000,1099000,1519000,1427000,1239000]",547,10081000
2,52,8,"[416,252,381,476,448,380,521,392]","[1219000,731000,1055000,1453000,1291000,1072000,1558000,1177000]",521,9556000
2,53,8,"[445,229,456,451,429,456,500,358]","[1313000,659000,1305000,1385000,1255000,1296000,1472000,1085000]",500,9770000
2,54,8,"[458,230,477,477,464,396,548,330]","[1346000,657000,1381000,1441000,1324000,1142000,1645000,1020000]",548,9956000
2,55,8,"[439,232,481,456,423,522,502,255]","[1259000,665000,1364000,1397000,1230000,1516000,1490000,742000]",522,9663000
2,56,8,"[455,228,474,455,431,435,552,355]","[1348000,657000,1375000,1402000,1261000,1247000,1622000,1037000]",552,9949000
2,57,8,"[441,233,493,451,441,448,506,363]","[1259000,663000,1418000,1380000,1272000,1276000,1487000,1046000]",506,9801000
2,58,8,"[427,431,461,446,450,439,523,327]","[1238000,1291000,1292000,1332000,1284000,1255000,1563000,975000]",523,10230000
2,59,8,"[427,452,466,454,438,459,489,410]","[1241000,1338000,1333000,1368000,1287000,1309000,1421000,1201000]",489,10498000
2,60,8,"[462,231,550,460,437,468,492,429]","[1353000,663000,1539000,1423000,1267000,1322000,1455000,1221000]",550,10243000
2,61,8,"[435,231,476,458,425,466,498,315]","[1248000,663000,1353000,1411000,1234000,1329000,1439000,914000]",498,9591000
2,62,8,"[475,231,493,476,413,345,549,381]","[1373000,663000,1434000,1456000,1228000,981000,1654000,1143000]",549,9932000
2,63,8,"[468,434,531,444,389,487,524,362]","[1361000,1321000,1511000,1320000,1135000,1375000,1579000,1069000]",531,10671000
2,64,8,"[418,451,463,456,449,365,542,412]","[1208000,1350000,1268000,1398000,1282000,1046000,1591000,1268000]",542,10411000
2,65,8,"[422,238,465,483,428,449,453,298]","[1233000,673000,1353000,1486000,1264000,1305000,1371000,896000]",483,9581000
2,66,8,"[484,228,495,448,431,527,518,391]","[1414000,657000,1423000,1376000,1261000,1448000,1555000,1150000]",527,10284000
2,67,8,"[427,447,462,447,429,485,524,339]","[1235000,1326000,1302000,1331000,1221000,1371000,1572000,1026000]",524,10384000
2,68,8,"[423,232,487,503,451,443,555,258]","[1227000,665000,1403000,1495000,1265000,1234000,1657000,770000]",555,9716000
2,69,8,"[496,458,461,449,389,475,531,346]","[1439000,1321000,1297000,1336000,1133000,1337000,1590000,1064000]",531,10517000
2,70,8,"[426,231,463,506,451,441,542,267]","[1242000,663000,1311000,1501000,1265000,1242000,1621000,759000]",542,9604000
2,71,8,"[432,233,478,478,438,481,565,252]","[1242000,667000,1368000,1465000,1284000,1365000,1667000,736000]",565,9794000
2,72,8,"[441,305,474,452,432,520,516,254]","[1255000,892000,1350000,1390000,1254000,1515000,1488000,736000]",520,9880000
2,73,8,"[438,453,521,503,480,474,493,257]","[1207000,1275000,1435000,1495000,1335000,1325000,1469000,767000]",521,10308000
2,74,8,"[449,351,556,445,395,466,507,362]","[1294000,1055000,1564000,1336000,1147000,1295000,1493000,1058000]",556,10242000
2,75,8,"[435,231,484,482,430,466,518,361]","[1293000,666000,1397000,1471000,1196000,1350000,1558000,1062000]",518,9993000
2,76,8,"[445,392,525,480,476,396,555,256]","[1223000,1132000,1439000,1450000,1349000,1143000,1653000,767000]",555,10156000
2,77,8,"[419,455,457,453,423,508,579,347]","[1228000,1366000,1289000,1320000,1206000,1411000,1716000,1077000]",579,10613000
2,78,8,"[424,339,524,446,424,481,496,267]","[1227000,1005000,1531000,1321000,1199000,1359000,1478000,791000]",524,9911000
2,79,8,"[440,232,498,448,425,518,482,339]","[1256000,665000,1423000,1376000,1222000,1501000,1426000,990000]",518,9859000
2,80,8,"[448,228,482,482,462,357,572,461]","[1304000,657000,1393000,1452000,1308000,1029000,1687000,1321000]",572,10151000
2,81,8,"[531,279,518,463,470,398,597,431]","[1557000,846000,1474000,1367000,1357000,1135000,1748000,1347000]",597,10831000
2,82,8,"[423,456,459,447,398,475,533,346]","[1227000,1355000,1262000,1359000,1168000,1346000,1603000,1064000]",533,10384000
2,83,8,"[424,445,464,495,390,480,484,398]","[1226000,1325000,1304000,1431000,1127000,1322000,1442000,1231000]",495,10408000
2,84,8,"[424,453,449,451,397,482,531,376]","[1226000,1356000,1270000,1329000,1160000,1352000,1593000,1124000]",531,10410000
2,85,8,"[465,228,497,457,449,383,576,449]","[1353000,657000,1433000,1415000,1292000,1099000,1680000,1300000]",576,10229000
2,86,8,"[440,233,494,452,439,447,505,363]","[1258000,663000,1418000,1382000,1250000,1274000,1485000,1046000]",505,9776000
2,87,8,"[425,228,471,504,490,502,578,235]","[1243000,657000,1331000,1503000,1376000,1411000,1696000,702000]",578,9919000
2,88,8,"[425,451,463,449,389,409,551,400]","[1228000,1355000,1301000,1318000,1135000,1129000,1633000,1232000]",551,10331000
2,89,8,"[422,235,468,478,428,476,519,243]","[1235000,668000,1359000,1466000,1267000,1351000,1575000,727000]",519,9648000
2,90,8,"[427,441,459,450,429,485,523,339]","[1235000,1317000,1296000,1337000,1221000,1355000,1576000,1026000]",523,10363000
2,91,8,"[438,233,494,482,449,414,537,361]","[1254000,663000,1418000,1460000,1306000,1162000,1578000,1046000]",537,9887000
2,92,8,"[461,435,427,485,425,470,576,344]","[1260000,1314000,1198000,1489000,1260000,1319000,1643000,996000]",576,10479000
2,93,8,"[429,234,511,477,463,402,557,309]","[1239000,665000,1493000,1449000,1319000,1153000,1657000,891000]",557,9866000
2,94,8,"[506,346,501,458,387,459,505,494]","[1484000,1052000,1425000,1349000,1131000,1299000,1498000,1493000]",506,10731000
2,95,8,"[424,250,471,478,410,450,516,302]","[1229000,731000,1380000,1460000,1222000,1287000,1506000,903000]",516,9718000
2,96,8,"[454,276,530,445,421,413,572,426]","[1333000,837000,1509000,1317000,1191000,1152000,1683000,1287000]",572,10309000
2,97,8,"[427,341,519,442,437,343,551,308]","[1241000,1023000,1491000,1328000,1250000,980000,1657000,913000]",551,9883000
2,98,8,"[479,342,390,469,461,339,566,417]","[1384000,951000,1071000,1447000,1314000,974000,1654000,1248000]",566,10043000
2,99,8,"[427,426,463,449,429,480,523,339]","[1235000,1272000,1304000,1335000,1221000,1349000,1566000,1026000]",523,10308000
2,100,8,"[456,232,473,452,426,490,494,370]","[1350000,662000,1348000,1380000,1245000,1393000,1476000,1040000]",494,9894000
2,101,8,"[436,231,573,461,426,457,473,313]","[1250000,663000,1609000,1404000,1239000,1314000,1388000,911000]",573,9778000
2,102,8,"[457,233,495,455,427,492,457,252]","[1334000,663000,1418000,1394000,1250000,1393000,1355000,738000]",495,9545000
2,103,8,"[470,456,462,454,424,475,544,360]","[1362000,1371000,1299000,1322000,1214000,1315000,1625000,1091000]",544,10599000
2,104,8,"[451,458,413,450,425,476,458,406]","[1312000,1368000,1165000,1322000,1214000,1342000,1379000,1243000]",476,10345000
2,105,8,"[438,471,467,470,464,468,466,362]","[1263000,1407000,1312000,1415000,1288000,1363000,1399000,1078000]",471,10525000
2,106,8,"[486,473,468,534,429,464,468,357]","[1395000,1409000,1306000,1530000,1208000,1357000,1396000,1059000]",534,10660000
2,107,8,"[458,250,393,452,440,451,437,432]","[1355000,731000,1095000,1381000,1253000,1304000,1287000,1258000]",458,9664000
2,108,8,"[437,251,387,451,444,361,500,405]","[1268000,733000,1065000,1400000,1281000,1043000,1483000,1201000]",500,9474000
2,109,8,"[457,234,495,450,429,460,493,373]","[1334000,662000,1420000,1380000,1260000,1344000,1476000,1055000]",495,9931000
2,110,8,"[454,451,416,449,388,472,466,400]","[1322000,1349000,1171000,1318000,1133000,1337000,1387000,1232000]",472,10249000
2,111,8,"[424,463,458,448,425,475,460,406]","[1232000,1387000,1292000,1307000,1214000,1342000,1383000,1243000]",475,10400000
2,112,8,"[462,229,500,456,423,464,491,404]","[1335000,659000,1427000,1407000,1230000,1316000,1445000,1167000]",500,9986000
2,113,8,"[423,234,491,503,451,468,447,277]","[1227000,669000,1411000,1495000,1256000,1323000,1359000,829000]",503,9569000
2,114,8,"[449,455,470,447,390,475,463,402]","[1265000,1351000,1307000,1325000,1137000,1336000,1397000,1237000]",475,10355000
2,115,8,"[426,231,512,473,462,449,548,255]","[1233000,663000,1438000,1435000,1323000,1255000,1645000,752000]",548,9744000
2,116,8,"[437,234,493,457,448,431,506,367]","[1252000,665000,1418000,1410000,1301000,1224000,1487000,1056000]",506,9813000
2,117,8,"[453,232,498,450,430,519,501,252]","[1282000,665000,1423000,1380000,1250000,1507000,1485000,736000]",519,9728000
2,118,8,"[420,236,469,483,430,468,518,280]","[1242000,663000,1367000,1485000,1270000,1338000,1503000,851000]",518,9719000
2,119,8,"[436,437,484,472,426,445,464,347]","[1256000,1314000,1333000,1413000,1233000,1301000,1392000,1060000]",484,10302000
2,120,8,"[469,231,483,402,459,345,545,319]","[1373000,663000,1395000,1248000,1302000,991000,1639000,944000]",545,9555000
2,121,8,"[431,425,462,449,437,480,455,410]","[1246000,1270000,1302000,1320000,1224000,1348000,1375000,1251000]",480,10336000
2,122,8,"[439,232,478,450,438,519,501,252]","[1254000,665000,1353000,1380000,1269000,1507000,1485000,736000]",519,9649000
2,123,8,"[464,233,493,453,428,430,560,372]","[1354000,662000,1418000,1382000,1243000,1203000,1675000,1040000]",560,9977000
3,1,8,"[467,387,399,440,468,432,394,390]","[1324000,1067000,1091000,1260000,1376000,1233000,1151000,1112000]",468,9614000
3,2,8,"[325,403,403,422,490,463,419,255]","[937000,1127000,1133000,1220000,1416000,1310000,1198000,726000]",490,9067000
3,3,8,"[374,383,488,426,479,430,467,248]","[1006000,1034000,1332000,1217000,1396000,1186000,1328000,679000]",488,9178000
3,4,8,"[315,340,481,472,489,388,479,250]","[917000,973000,1301000,1385000,1459000,1068000,1368000,701000]",489,9172000
3,5,8,"[355,327,405,458,495,449,480,229]","[960000,929000,1113000,1277000,1456000,1230000,1374000,639000]",495,8978000
3,6,8,"[356,398,353,477,439,444,490,347]","[961000,1076000,961000,1331000,1271000,1265000,1406000,964000]",490,9235000
3,7,8,"[316,440,400,461,488,466,456,379]","[894000,1188000,1127000,1338000,1450000,1291000,1336000,1069000]",488,9693000
3,8,8,"[469,364,400,449,457,476,438,388]","[1322000,1022000,1106000,1274000,1313000,1340000,1296000,1106000]",476,9779000
3,9,8,"[228,318,403,419,536,379,468,419]","[655000,877000,1125000,1207000,1561000,1054000,1332000,1228000]",536,9039000
3,10,8,"[470,377,373,439,479,477,420,393]","[1324000,1066000,1013000,1253000,1370000,1340000,1232000,1131000]",479,9729000
3,11,8,"[287,381,385,412,494,467,478,304]","[798000,1076000,1082000,1196000,1429000,1311000,1337000,846000]",494,9075000
3,12,8,"[470,367,396,448,457,463,442,396]","[1330000,1037000,1098000,1277000,1313000,1311000,1316000,1121000]",470,9803000
3,13,8,"[397,427,484,455,482,432,485,350]","[1154000,1163000,1322000,1261000,1335000,1209000,1383000,946000]",485,9773000
3,14,8,"[313,355,478,479,494,380,491,280]","[849000,1027000,1305000,1373000,1470000,1063000,1409000,834000]",494,9330000
3,15,8,"[332,366,484,435,437,468,487,444]","[954000,1026000,1317000,1232000,1289000,1278000,1387000,1251000]",487,9734000
3,16,8,"[373,379,378,433,491,474,422,395]","[1054000,1058000,1022000,1238000,1398000,1336000,1246000,1156000]",491,9508000
3,17,8,"[359,379,352,464,497,451,458,345]","[965000,1037000,950000,1306000,1427000,1250000,1313000,1016000]",497,9264000
3,18,8,"[310,377,406,420,500,490,487,281]","[857000,1025000,1103000,1212000,1427000,1370000,1343000,801000]",500,9138000
3,19,8,"[333,407,363,414,489,462,475,450]","[1008000,1128000,1034000,1195000,1413000,1302000,1328000,1308000]",489,9716000
3,20,8,"[469,410,354,437,463,476,441,395]","[1325000,1132000,984000,1262000,1321000,1340000,1305000,1119000]",476,9788000
3,21,8,"[348,409,477,471,504,400,493,284]","[938000,1086000,1308000,1390000,1487000,1110000,1382000,809000]",504,9510000
3,22,8,"[474,369,433,455,498,498,427,487]","[1352000,1014000,1226000,1292000,1437000,1409000,1193000,1406000]",498,10329000
3,23,8,"[302,352,495,417,579,388,483,278]","[839000,1025000,1363000,1173000,1689000,1075000,1386000,844000]",579,9394000
3,24,8,"[467,408,394,418,497,490,483,329]","[1316000,1137000,1093000,1212000,1422000,1373000,1343000,928000]",497,9824000
3,25,8,"[278,316,479,462,492,472,483,451]","[838000,932000,1351000,1284000,1426000,1322000,1354000,1331000]",492,9838000
3,26,8,"[228,318,403,419,536,379,468,280]","[655000,877000,1125000,1207000,1561000,1054000,1332000,794000]",536,8605000
3,27,8,"[459,378,375,525,488,462,434,388]","[1308000,1065000,1011000,1443000,1455000,1271000,1254000,1101000]",525,9908000
3,28,8,"[310,436,502,457,485,426,455,349]","[880000,1186000,1409000,1319000,1422000,1173000,1300000,973000]",502,9662000
3,29,8,"[328,450,458,453,488,447,475,256]","[953000,1347000,1271000,1266000,1455000,1211000,1363000,725000]",488,9591000
3,30,8,"[345,406,353,471,508,500,437,414]","[928000,1089000,939000,1321000,1460000,1402000,1355000,1222000]",508,9716000
3,31,8,"[321,347,347,465,553,464,480,333]","[850000,956000,918000,1314000,1575000,1286000,1337000,962000]",553,9198000
3,32,8,"[473,373,351,436,472,498,421,390]","[1326000,1047000,958000,1238000,1360000,1390000,1244000,1119000]",498,9682000
3,33,8,"[282,405,399,424,499,541,414,393]","[800000,1096000,1097000,1220000,1430000,1501000,1238000,1141000]",541,9523000
3,34,8,"[277,398,394,415,525,460,478,292]","[792000,1076000,1109000,1202000,1491000,1292000,1358000,830000]",525,9150000
3,35,8,"[343,425,380,435,485,476,424,304]","[914000,1168000,1022000,1242000,1391000,1336000,1240000,866000]",485,9179000
3,36,8,"[298,338,354,509,491,384,473,340]","[815000,938000,954000,1466000,1465000,1087000,1354000,1002000]",509,9081000
3,37,8,"[446,494,539,434,528,537,490,449]","[1435000,1477000,1475000,1238000,1527000,1523000,1410000,1261000]",539,11346000
3,38,8,"[459,379,493,474,493,538,407,399]","[1308000,1027000,1346000,1335000,1402000,1492000,1200000,1148000]",538,10258000
3,39,8,"[466,374,385,445,497,500,398,401]","[1313000,1048000,1075000,1290000,1424000,1401000,1164000,1152000]",500,9867000
3,40,8,"[376,362,381,433,491,495,422,395]","[1061000,1004000,1020000,1238000,1398000,1384000,1258000,1150000]",495,9513000
3,41,8,"[282,368,480,427,508,471,478,448]","[858000,1020000,1359000,1229000,1463000,1317000,1335000,1310000]",508,9891000
3,42,8,"[474,435,465,581,435,651,455,458]","[1184000,1160000,1518000,1846000,1251000,1781000,1318000,1383000]",651,11441000
3,43,8,"[301,321,392,453,498,449,491,427]","[842000,912000,1081000,1263000,1472000,1238000,1410000,1199000]",498,9417000
3,44,8,"[280,435,402,472,483,389,567,600]","[801000,1171000,1137000,1366000,1440000,1085000,1591000,1742000]",600,10333000
3,45,8,"[268,349,480,490,501,417,471,281]","[726000,1007000,1299000,1408000,1491000,1171000,1348000,852000]",501,9302000
3,46,8,"[459,491,395,413,475,486,468,473]","[1409000,1481000,1090000,1222000,1381000,1399000,1392000,1523000]",491,10897000
3,47,8,"[313,320,342,468,545,497,409,329]","[840000,885000,904000,1326000,1556000,1402000,1180000,963000]",545,9056000
3,48,8,"[334,348,407,458,498,493,413,409]","[957000,993000,1134000,1322000,1426000,1394000,1227000,1212000]",498,9665000
3,49,8,"[338,368,483,515,413,450,482,441]","[979000,1030000,1327000,1484000,1177000,1248000,1387000,1245000]",515,9877000
3,50,8,"[340,318,478,425,502,471,475,430]","[977000,933000,1342000,1247000,1450000,1314000,1313000,1220000]",502,9796000
3,51,8,"[318,373,396,419,506,524,458,362]","[866000,1022000,1088000,1219000,1444000,1406000,1341000,1021000]",524,9407000
3,52,8,"[218,328,407,419,536,379,468,419]","[610000,904000,1107000,1207000,1561000,1054000,1332000,1228000]",536,9003000
3,53,8,"[464,379,402,449,495,489,398,395]","[1309000,1075000,1095000,1277000,1422000,1377000,1158000,1150000]",495,9863000
3,54,8,"[245,344,484,436,438,467,478,442]","[685000,943000,1325000,1236000,1291000,1273000,1373000,1245000]",484,9371000
3,55,8,"[317,367,406,454,495,491,457,331]","[862000,1026000,1117000,1284000,1410000,1359000,1323000,1001000]",495,9382000
3,56,8,"[468,376,377,458,491,475,424,443]","[1320000,1057000,1012000,1302000,1456000,1340000,1253000,1276000]",491,10016000
3,57,8,"[377,378,372,433,469,475,431,404]","[1061000,1056000,1008000,1241000,1354000,1340000,1257000,1195000]",475,9512000
3,58,8,"[332,406,398,421,440,466,485,461]","[953000,1097000,1066000,1193000,1289000,1274000,1386000,1264000]",485,9522000
3,59,8,"[544,510,515,503,505,483,504,496]","[1601000,1543000,1480000,1412000,1460000,1346000,1503000,1550000]",544,11895000
3,60,8,"[350,324,400,453,490,493,456,379]","[936000,919000,1090000,1305000,1454000,1364000,1349000,1069000]",493,9486000
3,61,8,"[304,387,496,450,474,413,458,433]","[890000,1085000,1333000,1276000,1395000,1129000,1308000,1196000]",496,9612000
3,62,8,"[329,450,402,463,490,479,458,394]","[979000,1211000,1128000,1348000,1460000,1310000,1343000,1108000]",490,9887000
3,63,8,"[423,356,486,416,475,552,426,356]","[1219000,997000,1332000,1193000,1391000,1512000,1238000,1028000]",552,9910000
3,64,8,"[375,430,400,437,503,422,416,249]","[1034000,1179000,1091000,1255000,1453000,1164000,1167000,733000]",503,9076000
3,65,8,"[242,360,479,413,496,429,480,374]","[728000,1006000,1357000,1187000,1432000,1230000,1326000,1058000]",496,9324000
3,66,8,"[370,382,374,470,497,484,440,390]","[1050000,1060000,1014000,1347000,1445000,1358000,1288000,1131000]",497,9693000
3,67,8,"[362,335,374,449,497,483,426,241]","[1018000,951000,1045000,1274000,1426000,1369000,1220000,684000]",497,8987000
3,68,8,"[469,426,483,441,485,474,507,538]","[1429000,1145000,1318000,1245000,1369000,1327000,1548000,1661000]",538,11042000
3,69,8,"[332,440,401,427,496,464,476,332]","[901000,1219000,1122000,1214000,1443000,1299000,1321000,937000]",496,9456000
3,70,8,"[282,367,480,398,521,471,479,447]","[858000,1015000,1359000,1162000,1509000,1317000,1337000,1308000]",521,9865000
3,71,8,"[335,346,387,422,535,376,473,286]","[933000,946000,1069000,1211000,1557000,1032000,1350000,806000]",535,8904000
3,72,8,"[332,363,403,442,504,443,440,258]","[943000,1015000,1111000,1265000,1437000,1248000,1235000,753000]",504,9007000
3,73,8,"[386,443,527,454,467,432,414,347]","[1151000,1236000,1438000,1254000,1299000,1228000,1224000,982000]",527,9812000
3,74,8,"[467,368,379,433,499,423,427,396]","[1324000,1026000,1049000,1237000,1482000,1163000,1258000,1134000]",499,9673000
3,75,8,"[464,362,380,425,482,529,418,395]","[1321000,1015000,1056000,1202000,1412000,1455000,1241000,1132000]",529,9834000
3,76,8,"[316,434,380,421,500,485,476,285]","[864000,1172000,1049000,1218000,1428000,1357000,1294000,811000]",500,9193000
3,77,8,"[320,350,482,424,467,374,453,222]","[943000,1000000,1308000,1222000,1390000,1038000,1302000,613000]",482,8816000
3,78,8,"[301,381,387,412,586,436,471,320]","[853000,1067000,1070000,1196000,1673000,1224000,1317000,888000]",586,9288000
3,79,8,"[354,377,375,435,482,450,509,342]","[956000,1011000,1014000,1227000,1410000,1261000,1446000,1017000]",509,9342000
3,80,8,"[283,367,479,463,506,470,484,448]","[863000,1015000,1357000,1310000,1462000,1314000,1357000,1310000]",506,9988000
3,81,8,"[432,376,395,450,501,499,507,470]","[1331000,1051000,1087000,1288000,1437000,1415000,1506000,1471000]",507,10586000
3,82,8,"[313,351,460,396,480,374,489,280]","[852000,1007000,1256000,1148000,1406000,1041000,1436000,848000]",489,8994000
3,83,8,"[282,368,480,417,507,471,482,447]","[858000,1020000,1359000,1215000,1458000,1317000,1346000,1308000]",507,9881000
3,84,8,"[362,330,347,463,463,423,420,389]","[988000,927000,952000,1306000,1332000,1160000,1237000,1120000]",463,9022000
3,85,8,"[282,368,480,417,507,471,479,447]","[858000,1020000,1359000,1215000,1458000,1317000,1337000,1308000]",507,9872000
3,86,8,"[494,368,400,454,497,499,397,393]","[1368000,1027000,1095000,1289000,1432000,1412000,1158000,1140000]",499,9921000
3,87,8,"[282,365,479,436,506,469,459,454]","[858000,1015000,1353000,1241000,1452000,1314000,1305000,1314000]",506,9852000
3,88,8,"[349,417,401,472,440,417,489,357]","[950000,1139000,1128000,1316000,1247000,1161000,1377000,959000]",489,9277000
3,89,8,"[389,401,480,501,483,387,478,365]","[1094000,1068000,1308000,1444000,1432000,1093000,1359000,1003000]",501,9801000
3,90,8,"[334,366,472,446,437,465,485,443]","[961000,1026000,1280000,1263000,1287000,1272000,1385000,1249000]",485,9723000
3,91,8,"[465,406,356,419,498,499,407,404]","[1314000,1120000,1014000,1219000,1426000,1415000,1204000,1185000]",499,9897000
3,92,8,"[285,409,485,417,493,498,478,455]","[872000,1093000,1369000,1212000,1411000,1399000,1334000,1337000]",498,10027000
3,93,8,"[346,384,401,416,502,471,488,285]","[938000,1035000,1091000,1195000,1474000,1319000,1355000,813000]",502,9220000
3,94,8,"[370,384,355,469,486,474,490,456]","[1011000,1047000,956000,1316000,1419000,1332000,1380000,1329000]",490,9790000
3,95,8,"[464,330,472,447,497,529,399,395]","[1307000,945000,1295000,1262000,1432000,1462000,1165000,1144000]",529,10012000
3,96,8,"[310,381,488,415,480,508,420,347]","[876000,1029000,1336000,1208000,1400000,1411000,1219000,994000]",508,9473000
3,97,8,"[465,374,398,447,492,522,402,398]","[1314000,1060000,1099000,1265000,1398000,1473000,1155000,1162000]",522,9926000
3,98,8,"[349,389,402,429,491,464,458,331]","[1038000,1096000,1126000,1261000,1417000,1315000,1297000,953000]",491,9503000
3,99,8,"[439,379,400,447,466,440,399,437]","[1349000,1049000,1097000,1289000,1374000,1249000,1167000,1286000]",466,9860000
3,100,8,"[470,362,385,427,444,448,446,443]","[1342000,1015000,1072000,1190000,1279000,1273000,1276000,1272000]",470,9719000
3,101,8,"[452,385,387,476,467,492,422,393]","[1254000,1067000,1053000,1386000,1339000,1366000,1252000,1123000]",492,9840000
3,102,8,"[223,343,394,453,470,387,466,419]","[634000,992000,1096000,1326000,1379000,1080000,1330000,1228000]",470,9065000
3,103,8,"[422,375,373,433,487,475,461,480]","[1300000,1049000,1022000,1232000,1393000,1336000,1383000,1469000]",487,10184000
3,104,8,"[227,326,358,471,452,447,523,419]","[640000,903000,977000,1323000,1300000,1284000,1456000,1229000]",523,9112000
3,105,8,"[372,377,378,429,463,474,424,443]","[1056000,1054000,1019000,1224000,1319000,1336000,1251000,1279000]",474,9538000
3,106,8,"[393,337,439,517,494,450,481,275]","[1140000,976000,1196000,1414000,1464000,1223000,1369000,816000]",517,9598000
3,107,8,"[467,386,398,429,472,434,395,391]","[1324000,1067000,1093000,1242000,1384000,1232000,1140000,1114000]",472,9596000
3,108,8,"[333,404,405,418,492,479,423,256]","[963000,1135000,1144000,1203000,1422000,1342000,1200000,726000]",492,9135000
3,109,8,"[374,383,451,451,479,430,467,248]","[1006000,1034000,1234000,1288000,1396000,1186000,1328000,679000]",479,9151000
3,110,8,"[315,340,480,494,492,388,473,250]","[917000,973000,1299000,1441000,1465000,1068000,1332000,701000]",494,9196000
3,111,8,"[354,327,405,458,494,450,480,219]","[955000,929000,1113000,1277000,1456000,1232000,1377000,619000]",494,8958000
3,112,8,"[356,398,353,477,468,444,441,347]","[961000,1076000,961000,1331000,1356000,1265000,1281000,964000]",477,9195000
3,113,8,"[318,446,401,433,487,461,463,426]","[904000,1216000,1133000,1282000,1454000,1274000,1365000,1187000]",487,9815000
3,114,8,"[464,362,405,444,459,496,436,386]","[1309000,1018000,1103000,1269000,1317000,1382000,1289000,1096000]",496,9783000
3,115,8,"[227,320,404,419,537,380,469,409]","[647000,892000,1134000,1207000,1563000,1049000,1330000,1219000]",537,9041000
3,116,8,"[527,382,380,433,477,415,419,393]","[1499000,1091000,1029000,1232000,1373000,1175000,1232000,1137000]",527,9768000
3,117,8,"[287,384,390,412,492,458,474,305]","[800000,1058000,1092000,1196000,1423000,1275000,1326000,850000]",492,9020000
3,118,8,"[405,365,408,445,457,464,444,398]","[1198000,1030000,1125000,1274000,1313000,1315000,1323000,1139000]",464,9717000
3,119,8,"[399,450,488,414,485,419,483,351]","[1158000,1234000,1333000,1167000,1333000,1172000,1370000,947000]",488,9714000
3,120,8,"[312,343,472,479,493,427,439,279]","[851000,988000,1295000,1387000,1470000,1207000,1281000,835000]",493,9314000
3,121,8,"[331,370,485,443,402,463,482,443]","[953000,1029000,1322000,1253000,1207000,1268000,1379000,1247000]",485,9658000
3,122,8,"[426,376,372,429,491,439,423,388]","[1202000,1052000,1008000,1224000,1402000,1224000,1260000,1121000]",491,9493000
3,123,8,"[359,402,352,464,465,451,458,345]","[965000,1100000,950000,1306000,1342000,1250000,1313000,1016000]",465,9242000
3,124,8,"[314,372,404,420,498,490,485,281]","[863000,1014000,1099000,1207000,1427000,1366000,1343000,811000]",498,9130000
3,125,8,"[339,405,363,413,501,465,478,449]","[1028000,1125000,1034000,1193000,1446000,1303000,1336000,1308000]",501,9773000
3,126,8,"[469,411,357,451,462,476,442,396]","[1325000,1137000,999000,1281000,1335000,1340000,1310000,1118000]",476,9845000
4,1,8,"[411,473,448,422,449,422,460,420]","[1186000,1369000,1299000,1208000,1238000,1195000,1382000,1207000]",473,10084000
4,2,8,"[297,465,467,362,464,475,461,458]","[847000,1350000,1309000,1072000,1280000,1364000,1390000,1291000]",475,9903000
4,3,8,"[279,466,473,380,459,469,486,439]","[761000,1320000,1353000,1103000,1245000,1349000,1464000,1239000]",486,9834000
4,4,8,"[204,532,449,429,442,459,463,428]","[565000,1506000,1297000,1243000,1232000,1287000,1377000,1217000]",532,9724000
4,5,8,"[410,470,452,434,439,469,471,436]","[1192000,1361000,1321000,1253000,1231000,1352000,1402000,1225000]",471,10337000
4,6,8,"[409,468,447,434,407,426,472,469]","[1174000,1348000,1305000,1259000,1171000,1202000,1418000,1355000]",472,10232000
4,7,8,"[463,469,461,432,455,454,472,466]","[1327000,1349000,1321000,1260000,1251000,1304000,1418000,1320000]",472,10550000
4,8,8,"[463,468,450,429,441,473,462,448]","[1332000,1349000,1314000,1243000,1248000,1338000,1376000,1274000]",473,10474000
4,9,8,"[409,470,453,434,419,472,475,437]","[1190000,1361000,1329000,1253000,1174000,1364000,1409000,1227000]",475,10307000
4,10,8,"[274,499,438,385,464,429,477,473]","[764000,1457000,1266000,1126000,1258000,1212000,1420000,1347000]",499,9850000
4,11,8,"[304,493,450,376,474,435,463,438]","[901000,1442000,1305000,1099000,1280000,1231000,1388000,1262000]",493,9908000
4,12,8,"[310,470,448,434,432,450,463,477]","[907000,1353000,1304000,1250000,1212000,1299000,1397000,1378000]",477,10100000
4,13,8,"[272,443,466,422,448,478,477,474]","[743000,1257000,1343000,1212000,1235000,1353000,1424000,1345000]",478,9912000
4,14,8,"[401,476,440,429,440,463,466,438]","[1159000,1361000,1290000,1245000,1228000,1310000,1400000,1259000]",476,10252000
4,15,8,"[316,468,477,437,440,435,475,479]","[842000,1370000,1378000,1260000,1220000,1236000,1424000,1360000]",479,10090000
4,16,8,"[310,472,448,434,432,450,463,477]","[907000,1360000,1304000,1250000,1212000,1298000,1400000,1378000]",477,10109000
4,17,8,"[266,447,464,442,457,480,479,454]","[739000,1273000,1328000,1285000,1265000,1364000,1426000,1279000]",480,9959000
4,18,8,"[404,476,445,429,439,461,466,435]","[1164000,1361000,1298000,1245000,1226000,1309000,1400000,1253000]",476,10256000
4,19,8,"[267,518,448,410,455,445,478,453]","[739000,1445000,1298000,1191000,1207000,1282000,1431000,1279000]",518,9872000
4,20,8,"[273,513,448,433,431,467,461,447]","[744000,1470000,1301000,1256000,1204000,1311000,1374000,1257000]",513,9917000
4,21,8,"[271,448,470,444,448,465,468,460]","[749000,1275000,1342000,1295000,1235000,1300000,1397000,1297000]",470,9890000
4,22,8,"[304,512,448,408,473,435,461,439]","[901000,1474000,1301000,1202000,1278000,1231000,1384000,1273000]",512,10044000
4,23,8,"[396,496,476,433,448,479,477,492]","[1231000,1394000,1350000,1243000,1244000,1351000,1450000,1434000]",496,10697000
4,24,8,"[343,505,472,409,450,453,484,466]","[944000,1443000,1371000,1183000,1239000,1280000,1456000,1322000]",505,10238000
4,25,8,"[422,481,450,433,436,430,473,473]","[1213000,1374000,1304000,1259000,1220000,1192000,1404000,1342000]",481,10308000
4,26,8,"[400,443,480,443,463,477,463,461]","[1281000,1267000,1431000,1366000,1276000,1365000,1388000,1297000]",480,10671000
4,27,8,"[397,471,450,431,434,424,486,465]","[1144000,1362000,1303000,1258000,1216000,1178000,1445000,1329000]",486,10235000
4,28,8,"[429,476,450,419,457,428,478,501]","[1242000,1366000,1301000,1213000,1260000,1230000,1444000,1451000]",501,10507000
4,29,8,"[279,499,442,381,468,454,471,473]","[773000,1457000,1275000,1116000,1270000,1295000,1403000,1347000]",499,9936000
4,30,8,"[499,574,510,462,461,474,467,461]","[1559000,1655000,1457000,1409000,1276000,1352000,1394000,1297000]",574,11399000
4,31,8,"[311,518,452,430,433,399,499,445]","[922000,1489000,1321000,1247000,1216000,1140000,1488000,1287000]",518,10110000
4,32,8,"[469,467,461,392,455,510,477,465]","[1334000,1333000,1321000,1153000,1248000,1431000,1418000,1315000]",510,10553000
4,33,8,"[406,473,456,410,466,479,476,446]","[1155000,1356000,1338000,1199000,1288000,1311000,1427000,1275000]",479,10349000
4,34,8,"[453,532,452,435,437,460,463,555]","[1449000,1508000,1321000,1255000,1221000,1296000,1378000,1594000]",555,11022000
4,35,8,"[486,522,452,434,431,463,490,510]","[1564000,1536000,1305000,1261000,1204000,1306000,1491000,1482000]",522,11149000
4,36,8,"[311,470,464,440,445,467,477,469]","[938000,1330000,1328000,1276000,1229000,1320000,1428000,1354000]",477,10203000
4,37,8,"[392,463,467,447,450,466,475,484]","[1221000,1325000,1345000,1298000,1249000,1309000,1433000,1407000]",484,10587000
4,38,8,"[422,470,459,434,404,453,491,423]","[1231000,1344000,1341000,1246000,1160000,1283000,1440000,1239000]",491,10284000
4,39,8,"[269,507,444,433,436,469,460,477]","[739000,1447000,1293000,1253000,1211000,1330000,1386000,1380000]",507,10039000
4,40,8,"[402,479,444,409,416,460,478,490]","[1132000,1341000,1293000,1202000,1123000,1295000,1434000,1383000]",490,10203000
4,41,8,"[268,515,447,434,438,438,478,448]","[739000,1419000,1298000,1253000,1220000,1242000,1423000,1267000]",515,9861000
4,42,8,"[318,468,452,442,461,477,475,481]","[944000,1354000,1321000,1276000,1257000,1333000,1431000,1375000]",481,10291000
4,43,8,"[427,471,447,420,447,429,471,457]","[1236000,1378000,1293000,1207000,1231000,1213000,1406000,1297000]",471,10261000
4,44,8,"[270,508,492,389,467,438,475,451]","[750000,1496000,1377000,1138000,1270000,1228000,1422000,1292000]",508,9973000
4,45,8,"[272,504,454,432,456,465,460,446]","[744000,1457000,1310000,1249000,1245000,1339000,1374000,1253000]",504,9971000
4,46,8,"[415,487,450,377,454,461,464,425]","[1229000,1409000,1309000,1102000,1239000,1285000,1394000,1228000]",487,10195000
4,47,8,"[356,472,496,371,466,470,489,437]","[1046000,1339000,1419000,1085000,1282000,1363000,1494000,1243000]",496,10271000
4,48,8,"[404,465,448,419,454,419,484,417]","[1168000,1350000,1310000,1211000,1262000,1197000,1440000,1207000]",484,10145000
4,49,8,"[430,470,454,434,434,430,490,478]","[1313000,1359000,1312000,1255000,1214000,1225000,1468000,1375000]",490,10521000
4,50,8,"[305,512,467,366,442,443,469,480]","[913000,1487000,1353000,1050000,1215000,1272000,1408000,1387000]",512,10085000
4,51,8,"[401,474,448,415,445,477,481,498]","[1246000,1358000,1291000,1207000,1229000,1336000,1451000,1404000]",498,10522000
4,52,8,"[316,468,480,437,440,435,476,479]","[842000,1370000,1392000,1260000,1220000,1236000,1426000,1360000]",480,10106000
4,53,8,"[301,494,455,382,463,397,494,443]","[875000,1413000,1324000,1124000,1279000,1139000,1496000,1245000]",494,9895000
4,54,8,"[411,472,496,435,437,472,472,439]","[1194000,1356000,1410000,1255000,1230000,1350000,1410000,1230000]",496,10435000
4,55,8,"[269,518,446,397,467,470,466,447]","[744000,1433000,1298000,1162000,1270000,1330000,1383000,1257000]",518,9877000
4,56,8,"[405,496,447,431,433,407,464,435]","[1159000,1449000,1297000,1255000,1205000,1150000,1389000,1264000]",496,10168000
4,57,8,"[410,485,469,369,473,471,488,413]","[1191000,1406000,1315000,1102000,1292000,1365000,1443000,1207000]",488,10321000
4,58,8,"[408,484,476,441,449,456,475,478]","[1159000,1352000,1357000,1284000,1237000,1293000,1433000,1379000]",484,10494000
4,59,8,"[301,514,448,434,430,463,468,440]","[853000,1468000,1299000,1255000,1195000,1308000,1407000,1237000]",514,10022000
4,60,8,"[271,514,464,434,442,471,473,398]","[743000,1469000,1337000,1261000,1214000,1327000,1424000,1120000]",514,9895000
4,61,8,"[408,465,448,431,434,474,489,418]","[1167000,1342000,1304000,1245000,1207000,1348000,1485000,1194000]",489,10292000
4,62,8,"[467,466,447,429,439,464,464,446]","[1341000,1349000,1308000,1243000,1238000,1309000,1384000,1261000]",467,10433000
4,63,8,"[318,467,481,428,434,464,492,449]","[842000,1378000,1322000,1246000,1216000,1305000,1471000,1261000]",492,10041000
4,64,8,"[269,443,464,437,458,481,476,456]","[744000,1261000,1328000,1262000,1269000,1364000,1422000,1286000]",481,9936000
4,65,8,"[270,515,448,431,411,476,480,448]","[745000,1424000,1303000,1252000,1119000,1315000,1435000,1269000]",515,9862000
4,66,8,"[202,532,457,422,443,461,463,422]","[565000,1511000,1312000,1231000,1234000,1306000,1387000,1212000]",532,9758000
4,67,8,"[273,482,458,451,461,462,478,425]","[752000,1376000,1332000,1279000,1239000,1273000,1439000,1204000]",482,9894000
4,68,8,"[484,459,457,422,455,456,475,471]","[1361000,1313000,1328000,1213000,1261000,1320000,1432000,1339000]",484,10567000
4,69,8,"[356,532,446,435,439,439,478,479]","[957000,1490000,1300000,1252000,1218000,1254000,1432000,1357000]",532,10260000
4,70,8,"[300,472,446,397,463,443,468,473]","[877000,1373000,1293000,1163000,1256000,1273000,1415000,1373000]",473,10023000
4,71,8,"[269,442,465,438,448,481,494,458]","[741000,1243000,1330000,1273000,1235000,1361000,1480000,1295000]",494,9958000
4,72,8,"[266,531,447,416,449,456,480,439]","[739000,1479000,1299000,1203000,1215000,1266000,1440000,1254000]",531,9895000
4,73,8,"[405,480,468,418,426,468,460,433]","[1174000,1371000,1323000,1210000,1188000,1327000,1376000,1251000]",480,10220000
4,74,8,"[266,532,446,438,407,443,472,425]","[739000,1485000,1293000,1264000,1164000,1262000,1418000,1209000]",532,9834000
4,75,8,"[270,479,446,405,448,482,484,461]","[746000,1318000,1297000,1159000,1235000,1349000,1450000,1292000]",484,9846000
4,76,8,"[267,513,448,405,455,445,478,453]","[739000,1425000,1298000,1166000,1207000,1282000,1431000,1279000]",513,9827000
4,77,8,"[269,517,449,428,439,474,474,450]","[744000,1430000,1298000,1243000,1218000,1316000,1418000,1275000]",517,9942000
4,78,8,"[468,466,449,432,447,472,465,452]","[1374000,1346000,1306000,1243000,1255000,1355000,1393000,1271000]",472,10543000
4,79,8,"[307,487,425,424,438,445,460,473]","[915000,1411000,1204000,1212000,1224000,1269000,1385000,1367000]",487,9987000
4,80,8,"[477,467,459,429,432,457,506,479]","[1486000,1354000,1332000,1243000,1212000,1301000,1543000,1403000]",506,10874000
4,81,8,"[269,523,413,417,450,464,482,470]","[745000,1431000,1202000,1201000,1245000,1333000,1444000,1324000]",523,9925000
4,82,8,"[271,442,513,410,450,479,475,458]","[741000,1255000,1460000,1183000,1239000,1343000,1424000,1286000]",513,9931000
4,83,8,"[303,500,494,438,449,453,474,494]","[862000,1389000,1375000,1270000,1237000,1290000,1434000,1401000]",500,10258000
4,84,8,"[416,482,455,425,446,427,461,421]","[1200000,1374000,1314000,1223000,1234000,1215000,1384000,1207000]",482,10151000
4,85,8,"[297,465,467,379,426,473,461,469]","[847000,1350000,1309000,1124000,1205000,1360000,1390000,1322000]",473,9907000
4,86,8,"[276,466,480,377,453,469,486,436]","[755000,1320000,1364000,1079000,1223000,1352000,1462000,1235000]",486,9790000
4,87,8,"[237,521,447,429,440,459,461,426]","[654000,1463000,1293000,1245000,1228000,1294000,1381000,1215000]",521,9773000
4,88,8,"[417,472,454,438,433,476,471,440]","[1212000,1356000,1325000,1265000,1220000,1369000,1402000,1233000]",476,10382000
4,89,8,"[409,470,453,434,407,409,470,471]","[1188000,1352000,1317000,1259000,1177000,1167000,1415000,1356000]",471,10231000
4,90,8,"[461,469,427,430,453,452,468,462]","[1327000,1346000,1259000,1247000,1247000,1294000,1410000,1313000]",469,10443000
4,91,8,"[467,468,443,429,439,472,476,444]","[1341000,1359000,1321000,1243000,1238000,1336000,1383000,1257000]",476,10478000
4,92,8,"[418,469,453,433,417,469,485,446]","[1201000,1356000,1319000,1262000,1170000,1348000,1453000,1256000]",485,10365000
4,93,8,"[271,501,436,398,469,431,479,474]","[748000,1465000,1262000,1142000,1274000,1218000,1426000,1348000]",501,9883000
4,94,8,"[306,448,453,372,468,483,460,436]","[893000,1295000,1316000,1101000,1272000,1357000,1382000,1262000]",483,9878000
4,95,8,"[311,471,451,435,433,452,427,508]","[925000,1355000,1316000,1258000,1212000,1309000,1295000,1459000]",508,10129000
4,96,8,"[274,441,476,404,450,477,481,477]","[743000,1253000,1364000,1171000,1239000,1350000,1428000,1347000]",481,9895000
4,97,8,"[402,462,441,431,443,464,466,431]","[1164000,1327000,1290000,1245000,1234000,1304000,1387000,1234000]",466,10185000
4,98,8,"[340,474,479,418,443,438,481,479]","[904000,1383000,1377000,1207000,1229000,1236000,1432000,1360000]",481,10128000
4,99,8,"[306,472,434,434,439,448,471,479]","[901000,1354000,1276000,1251000,1223000,1292000,1424000,1377000]",479,10098000
4,100,8,"[266,455,464,440,457,476,479,454]","[739000,1289000,1328000,1275000,1265000,1356000,1426000,1283000]",479,9961000
4,101,8,"[411,466,450,435,449,470,462,436]","[1183000,1348000,1309000,1285000,1245000,1323000,1385000,1274000]",470,10352000
4,102,8,"[267,513,450,411,457,447,471,457]","[739000,1425000,1308000,1168000,1207000,1282000,1415000,1287000]",513,9831000
4,103,8,"[271,514,447,433,433,470,453,453]","[749000,1472000,1298000,1251000,1205000,1337000,1364000,1278000]",514,9954000
5,1,8,"[238,410,425,487,469,449,465,469]","[692000,1122000,1231000,1454000,1361000,1302000,1320000,1393000]",487,9875000
5,2,8,"[287,472,478,480,467,473,470,416]","[834000,1287000,1349000,1433000,1366000,1366000,1358000,1191000]",480,10184000
5,3,8,"[224,481,473,474,473,469,429,416]","[664000,1379000,1351000,1404000,1363000,1368000,1238000,1196000]",481,9963000
5,4,8,"[232,415,434,489,468,449,454,469]","[671000,1141000,1275000,1457000,1359000,1302000,1292000,1383000]",489,9880000
5,5,8,"[240,424,483,480,473,440,463,479]","[718000,1165000,1393000,1402000,1365000,1285000,1325000,1396000]",483,10049000
5,6,8,"[279,429,478,482,470,475,460,447]","[862000,1197000,1352000,1448000,1367000,1373000,1315000,1304000]",482,10218000
5,7,8,"[238,470,478,485,470,481,461,409]","[691000,1295000,1382000,1457000,1363000,1369000,1299000,1187000]",485,10043000
5,8,8,"[259,413,434,488,469,434,457,469]","[745000,1137000,1275000,1452000,1361000,1263000,1298000,1383000]",488,9914000
5,9,8,"[243,404,478,486,469,438,487,470]","[712000,1101000,1381000,1460000,1361000,1256000,1400000,1366000]",487,10037000
5,10,8,"[285,479,459,482,471,476,480,482]","[811000,1324000,1332000,1428000,1360000,1362000,1384000,1374000]",482,10375000
5,11,8,"[272,486,455,485,453,460,482,413]","[779000,1396000,1308000,1447000,1308000,1304000,1359000,1194000]",486,10095000
5,12,8,"[287,473,475,482,467,475,484,416]","[834000,1286000,1348000,1435000,1363000,1370000,1385000,1191000]",484,10212000
5,13,8,"[235,410,477,488,466,447,464,473]","[677000,1131000,1376000,1452000,1355000,1298000,1318000,1363000]",488,9970000
5,14,8,"[286,453,483,484,462,491,404,392]","[840000,1233000,1364000,1443000,1325000,1417000,1146000,1152000]",491,9920000
5,15,8,"[242,425,482,487,470,474,463,454]","[696000,1154000,1381000,1454000,1361000,1376000,1305000,1313000]",487,10040000
5,16,8,"[287,469,479,481,467,475,482,483]","[834000,1277000,1349000,1438000,1363000,1370000,1386000,1379000]",483,10396000
5,17,8,"[208,418,482,489,469,452,456,483]","[627000,1137000,1383000,1444000,1361000,1307000,1296000,1416000]",489,9971000
5,18,8,"[264,409,486,499,489,490,406,415]","[754000,1115000,1394000,1488000,1429000,1430000,1122000,1191000]",499,9923000
5,19,8,"[284,467,476,484,467,477,482,416]","[818000,1327000,1347000,1438000,1363000,1372000,1389000,1191000]",484,10245000
5,20,8,"[232,410,477,488,466,447,464,472]","[671000,1131000,1376000,1452000,1355000,1298000,1318000,1387000]",488,9988000
5,21,8,"[307,416,525,479,469,442,504,413]","[892000,1135000,1488000,1416000,1362000,1262000,1414000,1186000]",525,10155000
5,22,8,"[224,482,475,475,476,515,416,417]","[664000,1380000,1352000,1406000,1373000,1475000,1193000,1202000]",515,10045000
5,23,8,"[254,420,477,486,475,482,450,493]","[709000,1151000,1371000,1446000,1382000,1380000,1282000,1427000]",493,10148000
5,24,8,"[279,460,545,486,477,492,485,429]","[802000,1299000,1515000,1464000,1390000,1400000,1404000,1200000]",545,10474000
5,25,8,"[279,428,472,485,471,440,527,493]","[864000,1195000,1336000,1439000,1365000,1263000,1530000,1438000]",527,10430000
5,26,8,"[309,423,515,490,469,509,422,432]","[958000,1166000,1492000,1439000,1338000,1455000,1200000,1242000]",515,10290000
5,27,8,"[284,429,481,482,472,443,533,499]","[889000,1224000,1361000,1442000,1369000,1282000,1555000,1441000]",533,10563000
5,28,8,"[261,429,454,488,466,491,407,412]","[748000,1205000,1288000,1463000,1337000,1417000,1127000,1192000]",491,9777000
5,29,8,"[343,431,480,484,474,478,482,418]","[1070000,1265000,1357000,1453000,1378000,1376000,1391000,1189000]",484,10479000
5,30,8,"[279,462,447,480,467,513,478,416]","[807000,1314000,1286000,1437000,1357000,1457000,1384000,1191000]",513,10233000
5,31,8,"[336,492,504,485,472,478,486,413]","[921000,1403000,1437000,1449000,1378000,1376000,1404000,1191000]",504,10559000
5,32,8,"[298,523,523,486,457,482,483,420]","[876000,1481000,1496000,1458000,1278000,1384000,1329000,1201000]",523,10503000
5,33,8,"[235,419,480,492,478,430,458,468]","[675000,1148000,1378000,1467000,1375000,1214000,1300000,1372000]",492,9929000
5,34,8,"[200,413,477,490,449,495,429,445]","[608000,1128000,1398000,1451000,1303000,1404000,1192000,1309000]",495,9793000
5,35,8,"[312,432,484,486,473,542,436,411]","[901000,1188000,1411000,1465000,1381000,1555000,1232000,1187000]",542,10320000
5,36,8,"[284,449,508,484,474,491,410,392]","[836000,1225000,1431000,1450000,1364000,1417000,1164000,1152000]",508,10039000
5,37,8,"[239,481,434,501,466,458,478,429]","[700000,1345000,1257000,1492000,1355000,1317000,1342000,1226000]",501,10034000
5,38,8,"[323,418,488,485,477,442,450,510]","[979000,1166000,1444000,1424000,1375000,1289000,1277000,1503000]",510,10457000
5,39,8,"[245,422,422,497,466,485,453,496]","[722000,1163000,1224000,1468000,1355000,1401000,1294000,1434000]",497,10061000
5,40,8,"[313,461,475,483,468,476,481,486]","[902000,1255000,1339000,1448000,1363000,1372000,1379000,1391000]",486,10449000
5,41,8,"[289,475,478,480,470,500,514,424]","[841000,1288000,1337000,1443000,1365000,1420000,1436000,1246000]",514,10376000
5,42,8,"[261,409,444,491,474,431,464,483]","[750000,1129000,1277000,1462000,1380000,1248000,1318000,1416000]",491,9980000
5,43,8,"[262,417,481,486,472,514,519,488]","[760000,1161000,1409000,1408000,1372000,1477000,1449000,1389000]",519,10425000
5,44,8,"[276,443,473,481,468,476,479,487]","[859000,1222000,1339000,1443000,1363000,1372000,1379000,1387000]",487,10364000
5,45,8,"[306,570,512,481,472,480,465,406]","[861000,1609000,1452000,1448000,1372000,1364000,1308000,1172000]",570,10586000
5,46,8,"[287,469,479,481,467,475,481,416]","[834000,1281000,1348000,1438000,1363000,1370000,1373000,1191000]",481,10198000
5,47,8,"[242,440,476,484,472,498,482,413]","[710000,1231000,1346000,1439000,1375000,1398000,1379000,1185000]",498,10063000
5,48,8,"[250,415,434,492,477,431,455,467]","[716000,1134000,1275000,1472000,1338000,1245000,1294000,1373000]",492,9847000
5,49,8,"[299,432,478,484,467,470,472,443]","[910000,1174000,1358000,1453000,1366000,1348000,1324000,1284000]",484,10217000
5,50,8,"[233,412,517,489,468,503,474,477]","[671000,1126000,1502000,1463000,1365000,1392000,1341000,1413000]",517,10273000
5,51,8,"[279,429,431,481,470,474,540,447]","[862000,1197000,1244000,1440000,1370000,1366000,1564000,1304000]",540,10347000
5,52,8,"[284,506,453,488,479,464,485,442]","[812000,1445000,1304000,1454000,1366000,1320000,1389000,1268000]",506,10358000
5,53,8,"[257,405,482,491,510,509,407,413]","[742000,1106000,1370000,1470000,1499000,1496000,1120000,1187000]",510,9990000
5,54,8,"[339,518,487,482,470,443,463,490]","[936000,1408000,1359000,1444000,1368000,1291000,1325000,1393000]",518,10524000
5,55,8,"[242,416,473,487,481,421,456,560]","[697000,1140000,1359000,1453000,1389000,1226000,1266000,1603000]",560,10133000
5,56,8,"[261,404,493,492,463,481,403,417]","[753000,1101000,1415000,1480000,1364000,1412000,1116000,1203000]",493,9844000
5,57,8,"[240,426,476,485,468,440,452,564]","[702000,1161000,1381000,1452000,1359000,1277000,1261000,1600000]",564,10193000
5,58,8,"[306,444,441,481,470,476,479,471]","[909000,1272000,1290000,1438000,1370000,1370000,1383000,1309000]",481,10341000
5,59,8,"[288,429,476,483,497,474,460,448]","[884000,1197000,1358000,1442000,1409000,1368000,1315000,1318000]",497,10291000
5,60,8,"[223,474,454,490,466,438,473,418]","[659000,1313000,1289000,1447000,1355000,1249000,1369000,1195000]",490,9876000
5,61,8,"[206,419,430,486,471,479,458,442]","[614000,1139000,1240000,1435000,1377000,1373000,1300000,1295000]",486,9773000
5,62,8,"[549,500,473,485,466,510,434,485]","[1654000,1388000,1361000,1468000,1351000,1454000,1229000,1434000]",549,11339000
5,63,8,"[280,466,495,483,470,479,481,409]","[807000,1313000,1430000,1438000,1378000,1374000,1402000,1177000]",495,10319000
5,64,8,"[242,407,478,488,473,475,473,438]","[696000,1125000,1362000,1454000,1384000,1369000,1325000,1263000]",488,9978000
5,65,8,"[244,452,478,485,472,445,468,479]","[721000,1246000,1375000,1454000,1373000,1255000,1315000,1398000]",485,10137000
5,66,8,"[299,429,470,484,471,457,488,477]","[910000,1183000,1360000,1454000,1373000,1294000,1394000,1381000]",488,10349000
5,67,8,"[219,420,479,481,471,480,450,480]","[685000,1130000,1376000,1435000,1372000,1364000,1290000,1402000]",481,10054000
5,68,8,"[233,418,524,487,450,503,455,451]","[671000,1141000,1518000,1453000,1302000,1411000,1231000,1298000]",524,10025000
5,69,8,"[256,461,475,483,469,492,481,486]","[736000,1255000,1346000,1441000,1357000,1382000,1394000,1388000]",492,10299000
5,70,8,"[275,485,450,488,444,503,471,424]","[784000,1401000,1302000,1456000,1310000,1411000,1305000,1213000]",503,10182000
5,71,8,"[280,429,496,498,466,476,478,481]","[801000,1178000,1398000,1467000,1355000,1359000,1380000,1376000]",498,10314000
5,72,8,"[236,411,478,488,466,440,486,474]","[677000,1127000,1377000,1453000,1358000,1260000,1389000,1347000]",488,9988000
5,73,8,"[270,485,478,478,482,471,469,412]","[768000,1383000,1354000,1410000,1404000,1343000,1301000,1192000]",485,10155000
5,74,8,"[237,404,474,485,469,474,486,487]","[696000,1110000,1374000,1452000,1367000,1367000,1368000,1427000]",487,10161000
5,75,8,"[241,400,480,482,473,420,530,559]","[704000,1106000,1345000,1453000,1361000,1217000,1507000,1587000]",559,10280000
5,76,8,"[245,429,480,489,479,426,461,568]","[716000,1164000,1383000,1452000,1340000,1234000,1278000,1613000]",568,10180000
5,77,8,"[239,421,479,481,469,491,470,480]","[713000,1167000,1403000,1408000,1334000,1408000,1305000,1391000]",491,10129000
5,78,8,"[240,417,453,495,448,503,475,503]","[702000,1139000,1321000,1488000,1298000,1411000,1333000,1458000]",503,10150000
5,79,8,"[227,442,483,485,474,495,477,417]","[670000,1193000,1349000,1439000,1369000,1394000,1381000,1187000]",495,9982000
5,80,8,"[241,423,475,484,477,419,457,566]","[702000,1170000,1367000,1448000,1375000,1212000,1270000,1614000]",566,10158000
5,81,8,"[248,483,472,482,477,492,483,422]","[712000,1383000,1344000,1430000,1363000,1421000,1353000,1233000]",492,10239000
5,82,8,"[232,418,486,497,480,490,404,419]","[680000,1152000,1401000,1484000,1425000,1430000,1114000,1194000]",497,9880000
5,83,8,"[290,447,483,486,441,493,477,414]","[848000,1225000,1380000,1441000,1231000,1417000,1379000,1197000]",493,10118000
5,84,8,"[232,415,434,489,468,449,454,470]","[671000,1141000,1275000,1457000,1359000,1302000,1292000,1382000]",489,9879000
5,85,8,"[251,453,491,487,468,486,460,566]","[748000,1257000,1379000,1453000,1365000,1401000,1292000,1615000]",566,10510000
5,86,8,"[296,416,483,486,466,500,519,486]","[825000,1171000,1416000,1418000,1362000,1423000,1449000,1385000]",519,10449000
5,87,8,"[604,572,486,488,469,475,528,478]","[1949000,1598000,1401000,1464000,1370000,1370000,1523000,1382000]",604,12057000
5,88,8,"[284,471,476,486,463,481,484,418]","[818000,1331000,1348000,1463000,1352000,1380000,1393000,1198000]",486,10283000
5,89,8,"[262,407,527,485,496,507,413,413]","[750000,1122000,1488000,1450000,1460000,1474000,1132000,1187000]",527,10063000
5,90,8,"[299,430,477,482,455,471,480,424]","[904000,1179000,1358000,1453000,1336000,1350000,1345000,1258000]",482,10183000
5,91,8,"[284,563,467,491,513,451,439,411]","[812000,1588000,1324000,1453000,1458000,1304000,1272000,1169000]",563,10380000
5,92,8,"[297,428,478,483,469,470,480,424]","[906000,1175000,1360000,1448000,1361000,1348000,1345000,1258000]",483,10201000
5,93,8,"[241,422,471,480,480,485,494,503]","[706000,1205000,1350000,1428000,1367000,1405000,1384000,1434000]",503,10279000
5,94,8,"[279,444,510,481,470,516,437,396]","[802000,1209000,1432000,1435000,1351000,1432000,1257000,1150000]",516,10068000
5,95,8,"[246,467,488,486,462,491,404,393]","[724000,1257000,1374000,1451000,1325000,1417000,1146000,1154000]",491,9848000
5,96,8,"[242,408,424,487,471,448,505,495]","[712000,1115000,1229000,1447000,1374000,1300000,1434000,1450000]",505,10061000
5,97,8,"[387,403,426,490,480,520,473,490]","[1148000,1096000,1233000,1470000,1414000,1496000,1316000,1431000]",520,10604000
5,98,8,"[237,405,479,488,472,467,460,558]","[696000,1112000,1383000,1448000,1367000,1339000,1304000,1529000]",558,10178000
5,99,8,"[236,409,427,488,469,448,462,458]","[691000,1120000,1235000,1465000,1367000,1300000,1306000,1348000]",488,9832000
5,100,8,"[282,468,477,488,465,468,481,421]","[801000,1268000,1339000,1439000,1356000,1347000,1384000,1204000]",488,10138000
5,101,8,"[224,482,473,474,468,468,426,398]","[664000,1381000,1351000,1404000,1338000,1368000,1223000,1180000]",482,9909000
5,102,8,"[232,415,434,489,476,443,454,463]","[671000,1141000,1275000,1457000,1372000,1281000,1292000,1368000]",489,9857000
5,103,8,"[240,423,483,485,478,442,481,485]","[718000,1160000,1418000,1409000,1389000,1281000,1352000,1405000]",485,10132000
5,104,8,"[285,427,477,480,474,473,462,445]","[879000,1189000,1352000,1438000,1390000,1366000,1319000,1301000]",480,10234000
5,105,8,"[242,476,479,489,468,478,463,415]","[715000,1312000,1388000,1459000,1365000,1361000,1301000,1202000]",489,10103000
5,106,8,"[256,437,431,514,477,431,457,468]","[740000,1181000,1250000,1522000,1383000,1248000,1297000,1367000]",514,9988000
5,107,8,"[240,404,478,489,436,477,487,470]","[696000,1101000,1384000,1457000,1259000,1380000,1397000,1372000]",489,10046000
5,108,8,"[278,482,417,484,473,478,475,485]","[797000,1330000,1212000,1432000,1375000,1366000,1375000,1374000]",485,10261000
5,109,8,"[272,489,456,489,454,463,490,417]","[779000,1400000,1310000,1453000,1310000,1316000,1394000,1202000]",490,10164000
5,110,8,"[284,469,478,482,467,473,484,416]","[828000,1281000,1349000,1437000,1363000,1366000,1389000,1191000]",484,10204000
5,111,8,"[235,423,478,489,467,484,419,474]","[676000,1158000,1371000,1460000,1363000,1410000,1186000,1374000]",489,9998000
5,112,8,"[286,450,483,482,431,491,443,392]","[840000,1227000,1364000,1443000,1227000,1417000,1266000,1152000]",491,9936000
5,113,8,"[237,414,481,486,472,472,462,456]","[677000,1140000,1377000,1453000,1369000,1366000,1302000,1300000]",486,9984000
5,114,8,"[286,465,477,484,470,476,482,490]","[832000,1273000,1350000,1449000,1367000,1375000,1394000,1408000]",490,10448000
5,115,8,"[203,418,471,482,468,423,462,488]","[623000,1129000,1359000,1440000,1359000,1242000,1305000,1426000]",488,9883000
5,116,8,"[264,409,543,432,486,490,400,415]","[754000,1115000,1583000,1279000,1423000,1430000,1110000,1191000]",543,9885000
5,117,8,"[284,509,477,485,422,477,483,415]","[816000,1474000,1355000,1448000,1204000,1374000,1386000,1189000]",509,10246000
5,118,8,"[232,410,479,488,470,449,464,468]","[671000,1131000,1380000,1452000,1360000,1302000,1318000,1382000]",488,9996000
6,1,8,"[276,424,469,487,417,478,518,368]","[801000,1164000,1385000,1386000,1230000,1370000,1462000,1081000]",518,9879000
6,2,8,"[279,468,474,476,464,474,470,384]","[822000,1317000,1362000,1357000,1343000,1344000,1329000,1113000]",476,9987000
6,3,8,"[275,455,471,485,411,466,466,415]","[799000,1295000,1393000,1391000,1206000,1364000,1364000,1189000]",485,10001000
6,4,8,"[462,461,475,477,417,431,454,378]","[1328000,1303000,1396000,1401000,1197000,1274000,1346000,1095000]",477,10340000
6,5,8,"[333,439,481,470,432,474,433,429]","[969000,1210000,1379000,1337000,1226000,1362000,1271000,1272000]",481,10026000
6,6,8,"[380,417,476,432,420,480,460,456]","[1111000,1188000,1403000,1215000,1221000,1401000,1339000,1311000]",480,10189000
6,7,8,"[333,441,485,467,430,470,430,429]","[978000,1213000,1399000,1331000,1228000,1356000,1271000,1262000]",485,10038000
6,8,8,"[469,461,475,477,417,431,454,378]","[1351000,1303000,1396000,1401000,1197000,1274000,1346000,1095000]",477,10363000
6,9,8,"[273,495,489,473,407,473,452,414]","[792000,1367000,1408000,1357000,1204000,1372000,1287000,1218000]",495,10005000
6,10,8,"[316,462,480,476,420,478,484,453]","[956000,1283000,1401000,1386000,1203000,1360000,1432000,1324000]",484,10345000
6,11,8,"[309,465,485,485,457,475,465,369]","[895000,1266000,1397000,1377000,1346000,1374000,1313000,1083000]",485,10051000
6,12,8,"[455,475,472,484,411,458,469,337]","[1326000,1352000,1392000,1397000,1205000,1350000,1370000,981000]",484,10373000
6,13,8,"[450,479,478,478,416,476,471,332]","[1321000,1359000,1413000,1372000,1215000,1394000,1370000,951000]",479,10395000
6,14,8,"[348,487,474,467,426,443,435,437]","[1014000,1368000,1347000,1246000,1236000,1283000,1281000,1276000]",487,10051000
6,15,8,"[462,460,479,478,418,481,455,378]","[1328000,1293000,1416000,1391000,1202000,1370000,1337000,1095000]",481,10432000
6,16,8,"[273,445,496,493,424,471,464,422]","[792000,1223000,1451000,1442000,1218000,1359000,1337000,1237000]",496,10059000
6,17,8,"[306,402,502,453,452,480,465,431]","[901000,1125000,1475000,1306000,1312000,1346000,1335000,1255000]",502,10055000
6,18,8,"[320,463,487,473,405,476,449,412]","[943000,1282000,1401000,1357000,1203000,1377000,1291000,1217000]",487,10071000
6,19,8,"[462,460,479,478,418,475,478,452]","[1328000,1293000,1416000,1391000,1202000,1345000,1419000,1288000]",479,10682000
6,20,8,"[339,480,474,485,431,443,476,442]","[985000,1341000,1386000,1416000,1230000,1278000,1415000,1289000]",485,10340000
6,21,8,"[321,466,470,480,423,466,447,415]","[926000,1288000,1359000,1399000,1209000,1342000,1287000,1232000]",480,10042000
6,22,8,"[220,434,511,477,471,478,459,432]","[638000,1208000,1501000,1396000,1334000,1337000,1319000,1266000]",511,9999000
6,23,8,"[345,466,481,478,425,483,484,452]","[1020000,1290000,1359000,1394000,1213000,1392000,1451000,1324000]",484,10443000
6,24,8,"[316,460,478,477,424,468,485,421]","[956000,1271000,1405000,1388000,1223000,1344000,1443000,1235000]",485,10265000
6,25,8,"[220,461,471,475,423,466,457,469]","[638000,1316000,1389000,1385000,1209000,1349000,1338000,1347000]",475,9971000
6,26,8,"[386,501,554,505,420,483,470,483]","[1132000,1411000,1602000,1431000,1226000,1401000,1378000,1403000]",554,10984000
6,27,8,"[274,435,498,493,425,488,459,422]","[806000,1189000,1451000,1438000,1217000,1400000,1328000,1234000]",498,10063000
6,28,8,"[460,477,485,478,419,485,474,378]","[1317000,1339000,1433000,1389000,1201000,1378000,1397000,1095000]",485,10549000
6,29,8,"[275,455,500,463,409,486,457,427]","[805000,1241000,1458000,1358000,1208000,1392000,1311000,1249000]",500,10022000
6,30,8,"[274,452,496,492,424,469,458,417]","[794000,1234000,1449000,1436000,1207000,1341000,1307000,1224000]",496,9992000
6,31,8,"[343,512,477,472,428,453,476,448]","[1010000,1403000,1384000,1382000,1219000,1316000,1417000,1334000]",512,10465000
6,32,8,"[394,516,468,481,423,431,453,381]","[1139000,1450000,1383000,1406000,1209000,1277000,1344000,1100000]",516,10308000
6,33,8,"[276,530,419,490,421,476,449,427]","[800000,1462000,1222000,1428000,1205000,1367000,1289000,1256000]",530,10029000
6,34,8,"[336,401,529,429,415,474,457,456]","[987000,1154000,1533000,1205000,1220000,1383000,1339000,1308000]",529,10129000
6,35,8,"[470,462,481,478,418,479,472,379]","[1345000,1303000,1404000,1400000,1199000,1353000,1417000,1093000]",481,10514000
6,36,8,"[341,532,451,592,415,542,531,434]","[990000,1482000,1261000,1656000,1219000,1529000,1599000,1278000]",592,11014000
6,37,8,"[387,523,475,474,429,499,481,427]","[1129000,1472000,1402000,1392000,1233000,1394000,1436000,1247000]",523,10705000
6,38,8,"[220,430,471,480,426,479,516,422]","[638000,1194000,1398000,1395000,1227000,1361000,1475000,1231000]",516,9919000
6,39,8,"[338,430,518,521,429,453,476,440]","[985000,1202000,1474000,1507000,1219000,1338000,1415000,1298000]",521,10438000
6,40,8,"[271,430,493,499,422,435,458,419]","[800000,1159000,1445000,1438000,1207000,1272000,1354000,1234000]",499,9909000
6,41,8,"[453,505,476,478,418,472,468,332]","[1320000,1412000,1406000,1372000,1220000,1372000,1367000,949000]",505,10418000
6,42,8,"[273,497,483,475,424,472,456,418]","[792000,1368000,1395000,1385000,1207000,1361000,1301000,1218000]",497,10027000
6,43,8,"[330,463,494,473,405,479,449,412]","[984000,1285000,1406000,1357000,1203000,1383000,1291000,1217000]",494,10126000
6,44,8,"[316,418,477,476,420,480,486,450]","[956000,1168000,1407000,1390000,1203000,1353000,1417000,1320000]",486,10214000
6,45,8,"[463,460,469,479,418,500,477,475]","[1331000,1285000,1372000,1355000,1202000,1443000,1415000,1361000]",500,10764000
6,46,8,"[381,426,618,517,422,470,467,421]","[1087000,1234000,1771000,1448000,1206000,1381000,1345000,1193000]",618,10665000
6,47,8,"[462,460,502,478,418,480,453,378]","[1328000,1293000,1458000,1391000,1202000,1368000,1333000,1095000]",502,10468000
6,48,8,"[274,455,473,476,423,471,507,420]","[781000,1248000,1394000,1363000,1218000,1368000,1450000,1230000]",507,10052000
6,49,8,"[325,455,481,463,433,467,455,420]","[947000,1272000,1421000,1322000,1271000,1351000,1308000,1228000]",481,10120000
6,50,8,"[333,441,487,496,430,470,430,429]","[978000,1213000,1403000,1407000,1228000,1356000,1271000,1262000]",496,10118000
6,51,8,"[379,522,493,488,423,469,453,381]","[1098000,1463000,1464000,1416000,1209000,1361000,1335000,1095000]",522,10441000
6,52,8,"[501,397,531,431,411,462,473,375]","[1423000,1133000,1551000,1209000,1199000,1374000,1387000,1089000]",531,10365000
6,53,8,"[220,434,523,474,424,459,476,450]","[638000,1206000,1522000,1383000,1211000,1310000,1417000,1284000]",523,9971000
6,54,8,"[222,427,474,456,416,521,477,454]","[638000,1185000,1413000,1305000,1225000,1464000,1415000,1286000]",521,9931000
6,55,8,"[271,474,499,496,407,485,472,452]","[779000,1316000,1460000,1419000,1152000,1420000,1353000,1321000]",499,10220000
6,56,8,"[307,549,477,511,406,467,445,370]","[880000,1518000,1422000,1467000,1153000,1367000,1249000,1078000]",549,10134000
6,57,8,"[379,522,493,486,423,469,483,457]","[1098000,1463000,1464000,1416000,1209000,1361000,1431000,1328000]",522,10770000
6,58,8,"[378,419,549,453,430,474,470,410]","[1098000,1192000,1605000,1255000,1252000,1371000,1370000,1168000]",549,10311000
6,59,8,"[267,506,460,465,423,469,448,416]","[780000,1407000,1280000,1314000,1209000,1354000,1306000,1228000]",506,9878000
6,60,8,"[302,464,479,486,411,505,494,386]","[889000,1316000,1409000,1405000,1204000,1416000,1419000,1135000]",505,10193000
6,61,8,"[345,503,479,485,428,480,476,435]","[1011000,1375000,1392000,1416000,1215000,1372000,1415000,1278000]",503,10474000
6,62,8,"[273,499,508,465,425,477,444,415]","[792000,1375000,1454000,1318000,1213000,1365000,1292000,1223000]",508,10032000
6,63,8,"[308,463,474,460,416,532,482,458]","[844000,1308000,1407000,1313000,1216000,1497000,1420000,1304000]",532,10309000
6,64,8,"[322,427,501,414,429,475,457,424]","[887000,1211000,1476000,1212000,1215000,1364000,1319000,1248000]",501,9932000
6,65,8,"[329,475,561,431,438,419,460,459]","[961000,1365000,1635000,1212000,1279000,1222000,1354000,1314000]",561,10342000
6,66,8,"[342,447,536,474,417,448,434,437]","[993000,1223000,1525000,1357000,1218000,1313000,1277000,1294000]",536,10200000
6,67,8,"[307,471,476,472,426,470,463,464]","[917000,1326000,1414000,1379000,1215000,1369000,1360000,1339000]",476,10319000
6,68,8,"[327,389,479,477,428,476,510,416]","[960000,1054000,1395000,1388000,1219000,1370000,1475000,1237000]",510,10098000
6,69,8,"[320,466,481,470,404,475,448,412]","[943000,1288000,1390000,1359000,1198000,1375000,1295000,1217000]",481,10065000
6,70,8,"[466,491,490,456,448,476,472,385]","[1433000,1392000,1412000,1321000,1289000,1348000,1346000,1121000]",491,10662000
6,71,8,"[273,420,472,487,421,475,526,381]","[801000,1154000,1391000,1380000,1224000,1362000,1476000,1117000]",526,9905000
6,72,8,"[282,427,477,476,457,480,473,421]","[828000,1192000,1364000,1359000,1321000,1355000,1335000,1229000]",480,9983000
6,73,8,"[274,454,475,482,448,466,466,415]","[797000,1295000,1404000,1381000,1277000,1364000,1364000,1189000]",482,10071000
6,74,8,"[459,495,475,478,417,429,420,389]","[1313000,1412000,1396000,1400000,1197000,1270000,1247000,1123000]",495,10358000
6,75,8,"[351,431,484,470,362,475,432,435]","[1014000,1195000,1383000,1342000,1066000,1372000,1269000,1302000]",484,9943000
6,76,8,"[378,417,469,429,423,482,457,456]","[1104000,1188000,1367000,1209000,1223000,1399000,1339000,1311000]",482,10140000
6,77,8,"[352,435,487,469,363,477,430,432]","[1019000,1199000,1398000,1340000,1066000,1377000,1269000,1287000]",487,9955000
6,78,8,"[467,461,475,474,417,431,417,411]","[1351000,1303000,1396000,1389000,1197000,1274000,1242000,1199000]",475,10351000
6,79,8,"[262,502,488,473,408,470,450,419]","[764000,1402000,1407000,1357000,1206000,1366000,1292000,1224000]",502,10018000
6,80,8,"[311,462,480,476,421,478,491,453]","[931000,1283000,1401000,1386000,1205000,1360000,1454000,1324000]",491,10344000
6,81,8,"[307,463,484,484,455,474,465,368]","[899000,1262000,1395000,1375000,1339000,1379000,1313000,1081000]",484,10043000
6,82,8,"[455,474,472,397,413,549,474,331]","[1328000,1347000,1389000,1148000,1207000,1603000,1378000,951000]",549,10351000
6,83,8,"[451,481,480,477,410,434,503,337]","[1320000,1369000,1428000,1372000,1204000,1266000,1486000,966000]",503,10411000
6,84,8,"[344,492,477,464,448,455,440,434]","[997000,1381000,1353000,1240000,1286000,1320000,1296000,1279000]",492,10152000
6,85,8,"[420,488,481,484,418,481,454,383]","[1214000,1369000,1426000,1413000,1199000,1375000,1335000,1097000]",488,10428000
6,86,8,"[261,453,502,492,422,477,457,421]","[758000,1254000,1468000,1440000,1207000,1366000,1301000,1243000]",502,10037000
6,87,8,"[307,403,503,462,504,477,464,434]","[901000,1127000,1474000,1333000,1414000,1341000,1336000,1267000]",504,10193000
6,88,8,"[320,463,487,473,405,476,447,412]","[943000,1288000,1401000,1357000,1203000,1377000,1281000,1217000]",487,10067000
6,89,8,"[464,457,479,478,418,477,478,452]","[1328000,1278000,1416000,1391000,1202000,1362000,1419000,1288000]",479,10684000
6,90,8,"[339,480,476,556,401,449,476,441]","[985000,1341000,1388000,1600000,1128000,1290000,1415000,1287000]",556,10434000
7,1,8,"[269,388,459,458,446,458,371,423]","[811000,1027000,1318000,1329000,1263000,1255000,1075000,1178000]",459,9256000
7,2,8,"[257,267,400,426,500,498,370,431]","[778000,761000,1137000,1245000,1405000,1389000,1067000,1207000]",500,8989000
7,3,8,"[205,286,476,400,478,508,381,382]","[595000,826000,1390000,1157000,1346000,1422000,1110000,1054000]",508,8900000
7,4,8,"[203,342,446,472,435,452,378,403]","[599000,983000,1303000,1373000,1263000,1262000,1100000,1130000]",472,9013000
7,5,8,"[249,266,474,408,501,509,381,384]","[711000,741000,1381000,1163000,1407000,1431000,1110000,1062000]",509,9006000
7,6,8,"[203,346,484,472,432,455,379,374]","[599000,1000000,1399000,1369000,1257000,1268000,1105000,1042000]",484,9039000
7,7,8,"[331,454,456,461,440,458,393,428]","[937000,1310000,1339000,1314000,1196000,1274000,1125000,1202000]",461,9697000
7,8,8,"[215,454,475,454,439,483,398,325]","[640000,1300000,1385000,1326000,1239000,1368000,1141000,887000]",483,9286000
7,9,8,"[269,388,459,459,448,464,372,423]","[811000,1027000,1312000,1337000,1275000,1275000,1086000,1178000]",464,9301000
7,10,8,"[246,306,418,416,494,503,376,429]","[717000,907000,1199000,1207000,1414000,1396000,1079000,1204000]",503,9123000
7,11,8,"[205,349,487,402,489,505,382,380]","[604000,1007000,1395000,1147000,1380000,1426000,1108000,1050000]",505,9117000
7,12,8,"[230,426,474,464,438,484,397,325]","[685000,1216000,1383000,1350000,1237000,1366000,1139000,887000]",484,9263000
7,13,8,"[249,266,477,408,501,509,381,384]","[711000,741000,1382000,1163000,1407000,1431000,1109000,1064000]",509,9008000
7,14,8,"[275,309,417,467,446,486,423,365]","[794000,918000,1219000,1360000,1273000,1370000,1209000,981000]",486,9124000
7,15,8,"[235,431,445,469,446,446,403,388]","[704000,1226000,1301000,1369000,1258000,1250000,1142000,1074000]",469,9324000
7,16,8,"[215,453,474,457,439,441,406,361]","[640000,1305000,1372000,1332000,1244000,1245000,1160000,1007000]",474,9305000
7,17,8,"[215,453,478,457,438,441,406,361]","[640000,1305000,1395000,1332000,1239000,1245000,1150000,1007000]",478,9313000
7,18,8,"[473,454,458,460,390,455,429,381]","[1375000,1310000,1316000,1376000,1123000,1276000,1238000,1053000]",473,10067000
7,19,8,"[233,430,477,468,441,438,399,373]","[700000,1230000,1388000,1361000,1243000,1236000,1154000,1041000]",477,9353000
7,20,8,"[205,360,473,400,501,493,380,383]","[622000,1024000,1381000,1148000,1416000,1366000,1108000,1065000]",501,9130000
7,21,8,"[243,355,450,425,500,505,381,432]","[717000,971000,1269000,1243000,1408000,1409000,1094000,1214000]",505,9325000
7,22,8,"[204,281,475,445,509,501,399,369]","[607000,820000,1391000,1263000,1419000,1388000,1145000,1012000]",509,9045000
7,23,8,"[206,425,390,427,550,482,413,365]","[649000,1201000,1110000,1254000,1565000,1378000,1157000,1017000]",550,9331000
7,24,8,"[211,418,478,461,440,492,401,342]","[626000,1224000,1399000,1351000,1243000,1372000,1145000,952000]",492,9312000
7,25,8,"[218,342,491,506,438,473,365,375]","[673000,999000,1450000,1457000,1290000,1342000,1043000,1044000]",506,9298000
7,26,8,"[251,299,502,473,448,486,407,402]","[763000,882000,1392000,1371000,1267000,1372000,1182000,1097000]",502,9326000
7,27,8,"[229,427,495,490,442,438,399,344]","[680000,1221000,1454000,1406000,1246000,1233000,1143000,948000]",495,9331000
7,28,8,"[195,429,461,436,526,482,387,389]","[577000,1215000,1323000,1260000,1460000,1376000,1089000,1063000]",526,9363000
7,29,8,"[232,456,463,497,438,440,406,349]","[689000,1345000,1376000,1414000,1239000,1243000,1151000,958000]",497,9415000
7,30,8,"[494,474,465,516,451,500,383,358]","[1549000,1526000,1374000,1452000,1255000,1405000,1089000,965000]",516,10615000
7,31,8,"[505,546,456,503,444,458,381,433]","[1663000,1692000,1308000,1419000,1230000,1276000,1097000,1210000]",546,10895000
7,32,8,"[487,457,464,501,414,444,400,423]","[1400000,1306000,1335000,1462000,1190000,1250000,1132000,1172000]",501,10247000
7,33,8,"[197,449,459,419,499,505,424,358]","[583000,1285000,1315000,1224000,1403000,1419000,1220000,984000]",505,9433000
7,34,8,"[254,280,495,467,447,489,373,400]","[729000,842000,1452000,1360000,1273000,1380000,1074000,1094000]",495,9204000
7,35,8,"[216,345,491,427,432,517,369,372]","[670000,1005000,1450000,1223000,1235000,1463000,1051000,1047000]",517,9144000
7,36,8,"[434,453,441,466,512,511,429,386]","[1258000,1301000,1261000,1353000,1462000,1397000,1245000,1063000]",512,10340000
7,37,8,"[205,409,478,410,442,486,400,344]","[632000,1177000,1397000,1210000,1247000,1370000,1145000,962000]",486,9140000
7,38,8,"[406,475,455,392,480,510,426,395]","[1319000,1439000,1320000,1117000,1350000,1440000,1230000,1148000]",510,10363000
7,39,8,"[331,453,456,463,439,507,394,385]","[937000,1305000,1341000,1318000,1203000,1416000,1108000,1065000]",507,9693000
7,40,8,"[246,310,418,410,490,487,403,502]","[717000,911000,1199000,1206000,1397000,1358000,1156000,1450000]",502,9394000
7,41,8,"[330,394,446,376,492,501,377,434]","[1032000,1132000,1312000,1049000,1415000,1393000,1080000,1222000]",501,9635000
7,42,8,"[203,281,473,442,501,506,381,383]","[612000,820000,1381000,1265000,1407000,1398000,1109000,1056000]",506,9048000
7,43,8,"[243,341,496,424,414,468,402,369]","[702000,999000,1460000,1206000,1197000,1302000,1154000,1027000]",496,9047000
7,44,8,"[213,422,465,432,522,493,436,526]","[621000,1216000,1346000,1260000,1437000,1400000,1260000,1550000]",526,10090000
7,45,8,"[215,454,473,454,440,485,408,324]","[640000,1300000,1372000,1326000,1244000,1375000,1176000,885000]",485,9318000
7,46,8,"[198,447,456,440,519,481,491,420]","[583000,1287000,1315000,1287000,1450000,1376000,1509000,1189000]",519,9996000
7,47,8,"[213,349,458,434,514,487,399,370]","[621000,1025000,1321000,1264000,1425000,1388000,1137000,1010000]",514,9191000
7,48,8,"[486,454,494,489,441,490,429,431]","[1384000,1313000,1448000,1425000,1234000,1373000,1239000,1243000]",494,10659000
7,49,8,"[194,340,487,449,487,520,421,398]","[577000,1012000,1395000,1342000,1366000,1421000,1221000,1147000]",520,9481000
7,50,8,"[259,276,466,468,449,489,371,398]","[783000,793000,1365000,1362000,1282000,1376000,1071000,1110000]",489,9142000
7,51,8,"[215,457,481,504,443,482,412,321]","[640000,1304000,1391000,1447000,1237000,1366000,1182000,874000]",504,9441000
7,52,8,"[215,454,477,472,438,457,405,374]","[640000,1304000,1401000,1357000,1234000,1292000,1167000,1048000]",477,9443000
7,53,8,"[273,347,442,413,426,516,384,375]","[843000,1014000,1280000,1198000,1204000,1447000,1112000,1042000]",516,9140000
7,54,8,"[240,462,464,492,436,490,379,365]","[766000,1321000,1372000,1375000,1225000,1383000,1089000,988000]",492,9519000
7,55,8,"[233,428,474,468,442,445,411,383]","[700000,1223000,1377000,1356000,1250000,1249000,1184000,1070000]",474,9409000
7,56,8,"[206,427,473,398,502,496,405,345]","[649000,1227000,1387000,1132000,1409000,1393000,1154000,954000]",502,9305000
7,57,8,"[242,463,478,468,427,460,405,361]","[723000,1352000,1367000,1374000,1204000,1277000,1160000,1006000]",478,9463000
7,58,8,"[473,452,468,463,394,433,413,419]","[1369000,1298000,1340000,1388000,1136000,1226000,1174000,1164000]",473,10095000
7,59,8,"[287,452,442,419,443,511,533,406]","[834000,1302000,1295000,1226000,1239000,1409000,1594000,1158000]",533,10057000
7,60,8,"[246,356,448,436,500,510,374,430]","[728000,979000,1273000,1260000,1405000,1450000,1088000,1205000]",510,9388000
7,61,8,"[198,446,458,438,525,452,383,419]","[583000,1279000,1326000,1277000,1461000,1300000,1112000,1163000]",525,9501000
7,62,8,"[431,444,446,399,507,506,433,381]","[1261000,1294000,1288000,1138000,1450000,1422000,1250000,1071000]",507,10174000
7,63,8,"[246,306,408,416,494,503,376,429]","[717000,907000,1179000,1207000,1414000,1396000,1079000,1204000]",503,9103000
7,64,8,"[215,454,475,454,439,483,398,327]","[640000,1300000,1385000,1326000,1239000,1368000,1141000,897000]",483,9296000
7,65,8,"[244,370,449,429,502,508,368,434]","[728000,1006000,1288000,1256000,1415000,1402000,1066000,1232000]",508,9393000
7,66,8,"[244,265,460,416,501,509,385,384]","[707000,749000,1322000,1225000,1405000,1429000,1114000,1062000]",509,9013000
7,67,8,"[205,360,473,400,527,490,380,383]","[622000,1024000,1381000,1148000,1486000,1360000,1090000,1065000]",527,9176000
7,68,8,"[217,450,475,480,442,484,405,333]","[640000,1274000,1389000,1357000,1243000,1368000,1163000,918000]",484,9352000
7,69,8,"[269,388,456,451,447,512,366,381]","[817000,1027000,1304000,1325000,1269000,1401000,1069000,1057000]",512,9269000
7,70,8,"[328,452,467,463,439,457,400,424]","[957000,1300000,1364000,1308000,1202000,1272000,1138000,1192000]",467,9733000
7,71,8,"[474,452,467,461,392,456,404,411]","[1375000,1300000,1335000,1387000,1125000,1272000,1174000,1158000]",474,10126000
7,72,8,"[215,490,440,452,443,433,440,362]","[640000,1390000,1270000,1323000,1267000,1232000,1272000,1009000]",490,9403000
7,73,8,"[230,426,474,464,438,484,397,325]","[685000,1216000,1383000,1350000,1237000,1366000,1139000,887000]",484,9263000
7,74,8,"[287,449,442,423,443,508,391,419]","[834000,1300000,1295000,1234000,1239000,1394000,1102000,1174000]",508,9572000
7,75,8,"[313,421,456,455,447,515,488,440]","[897000,1198000,1308000,1331000,1264000,1418000,1453000,1291000]",515,10160000
7,76,8,"[466,406,421,405,491,488,411,375]","[1504000,1212000,1184000,1194000,1393000,1366000,1156000,1036000]",491,10045000
7,77,8,"[249,259,476,437,507,513,382,385]","[710000,737000,1378000,1227000,1413000,1445000,1093000,1066000]",513,9069000
7,78,8,"[279,397,459,456,446,458,367,421]","[822000,1075000,1318000,1327000,1266000,1252000,1067000,1174000]",459,9301000
7,79,8,"[257,267,400,418,495,504,375,423]","[778000,761000,1137000,1229000,1395000,1397000,1071000,1194000]",504,8962000
7,80,8,"[205,289,451,400,481,509,379,400]","[595000,832000,1321000,1163000,1352000,1427000,1106000,1114000]",509,8910000
7,81,8,"[203,342,493,473,434,405,378,403]","[599000,983000,1441000,1375000,1270000,1120000,1100000,1130000]",493,9018000
7,82,8,"[249,265,477,408,495,509,381,384]","[726000,743000,1387000,1158000,1398000,1431000,1110000,1062000]",509,9015000
7,83,8,"[209,345,484,475,403,456,384,377]","[620000,985000,1395000,1384000,1177000,1264000,1114000,1057000]",484,8996000
7,84,8,"[331,454,456,461,440,458,393,428]","[937000,1310000,1333000,1314000,1196000,1274000,1125000,1208000]",461,9697000
7,85,8,"[215,454,476,455,449,487,399,273]","[640000,1303000,1394000,1331000,1282000,1379000,1143000,784000]",487,9256000
7,86,8,"[270,389,431,451,440,462,401,431]","[812000,1029000,1240000,1322000,1252000,1265000,1169000,1204000]",462,9293000
7,87,8,"[240,323,449,417,488,509,368,423]","[708000,970000,1264000,1214000,1392000,1400000,1064000,1191000]",509,9203000
7,88,8,"[205,344,449,402,490,501,381,405]","[604000,992000,1321000,1150000,1382000,1406000,1106000,1126000]",501,9087000
7,89,8,"[230,428,476,466,440,486,417,325]","[685000,1220000,1381000,1350000,1239000,1370000,1205000,891000]",486,9341000
7,90,8,"[249,266,487,408,495,509,381,382]","[711000,741000,1408000,1163000,1389000,1431000,1109000,1056000]",509,9008000
7,91,8,"[276,312,416,471,447,485,421,363]","[803000,919000,1212000,1371000,1275000,1372000,1209000,977000]",485,9138000
7,92,8,"[235,429,445,465,446,438,396,396]","[704000,1218000,1301000,1355000,1251000,1236000,1136000,1095000]",465,9296000
7,93,8,"[215,453,478,457,439,441,406,361]","[640000,1305000,1382000,1332000,1244000,1245000,1160000,1007000]",478,9315000
7,94,8,"[215,454,477,458,439,442,400,359]","[640000,1307000,1393000,1341000,1239000,1245000,1142000,1006000]",477,9313000
7,95,8,"[483,455,458,448,393,460,430,381]","[1394000,1306000,1316000,1338000,1128000,1289000,1250000,1053000]",483,10074000
7,96,8,"[229,425,476,461,440,437,397,366]","[680000,1217000,1385000,1346000,1239000,1240000,1136000,1022000]",476,9265000
7,97,8,"[263,360,460,400,501,493,380,383]","[771000,1024000,1322000,1148000,1416000,1366000,1108000,1065000]",501,9220000
8,1,8,"[315,410,447,384,380,458,447,414]","[872000,1168000,1287000,1086000,1108000,1341000,1253000,1179000]",458,9294000
8,2,8,"[311,409,445,458,379,459,417,414]","[865000,1167000,1284000,1259000,1112000,1330000,1159000,1180000]",459,9356000
8,3,8,"[319,435,439,434,378,460,417,413]","[871000,1236000,1271000,1191000,1093000,1340000,1159000,1175000]",460,9336000
8,4,8,"[313,423,437,437,379,458,419,453]","[869000,1254000,1263000,1197000,1100000,1333000,1166000,1264000]",458,9446000
8,5,8,"[308,443,433,404,380,459,426,431]","[863000,1280000,1262000,1177000,1119000,1338000,1174000,1211000]",459,9424000
8,6,8,"[310,401,432,431,383,465,423,433]","[863000,1163000,1258000,1236000,1116000,1340000,1173000,1211000]",465,9360000
8,7,8,"[319,451,433,384,409,470,386,389]","[880000,1328000,1268000,1107000,1205000,1375000,1089000,1106000]",470,9358000
8,8,8,"[308,374,432,445,381,462,422,430]","[866000,1091000,1260000,1310000,1126000,1341000,1166000,1209000]",462,9369000
8,9,8,"[310,443,442,389,408,460,427,441]","[867000,1278000,1289000,1117000,1203000,1339000,1184000,1252000]",460,9529000
8,10,8,"[310,446,438,429,375,466,421,400]","[860000,1283000,1260000,1222000,1100000,1347000,1177000,1133000]",466,9382000
8,11,8,"[311,447,441,431,373,462,436,378]","[854000,1286000,1288000,1233000,1100000,1355000,1216000,1080000]",462,9412000
8,12,8,"[308,443,445,387,408,464,436,377]","[863000,1278000,1295000,1113000,1203000,1358000,1216000,1082000]",464,9408000
8,13,8,"[383,450,442,433,378,422,425,459]","[1128000,1301000,1262000,1230000,1115000,1230000,1182000,1303000]",459,9751000
8,14,8,"[323,411,420,426,376,462,473,414]","[889000,1162000,1194000,1218000,1102000,1336000,1326000,1167000]",473,9394000
8,15,8,"[311,447,433,434,383,462,423,437]","[869000,1280000,1258000,1239000,1137000,1338000,1178000,1223000]",462,9522000
8,16,8,"[338,387,450,429,383,463,401,425]","[987000,1112000,1347000,1227000,1117000,1350000,1128000,1214000]",463,9482000
8,17,8,"[352,442,441,431,378,459,417,455]","[1026000,1246000,1318000,1230000,1120000,1344000,1157000,1315000]",459,9756000
8,18,8,"[311,446,444,435,381,460,429,440]","[869000,1280000,1289000,1242000,1130000,1334000,1184000,1227000]",460,9555000
8,19,8,"[308,443,447,387,408,464,436,376]","[863000,1278000,1307000,1111000,1203000,1365000,1208000,1080000]",464,9415000
8,20,8,"[321,453,440,431,378,472,380,393]","[886000,1335000,1273000,1240000,1107000,1380000,1071000,1125000]",472,9417000
8,21,8,"[353,413,423,425,378,480,452,476]","[1035000,1182000,1236000,1246000,1120000,1416000,1301000,1372000]",480,9908000
8,22,8,"[429,431,446,462,384,464,425,465]","[1243000,1232000,1284000,1279000,1121000,1351000,1181000,1359000]",465,10050000
8,23,8,"[353,424,435,436,380,458,419,456]","[979000,1259000,1263000,1195000,1105000,1343000,1157000,1315000]",458,9616000
8,24,8,"[367,441,453,389,414,500,419,451]","[1064000,1251000,1350000,1126000,1194000,1422000,1165000,1303000]",500,9875000
8,25,8,"[340,400,447,461,368,463,405,419]","[994000,1179000,1299000,1325000,1076000,1361000,1115000,1164000]",463,9513000
8,26,8,"[365,444,438,432,376,466,455,438]","[1060000,1290000,1267000,1230000,1115000,1353000,1322000,1300000]",466,9937000
8,27,8,"[317,444,436,429,373,463,404,442]","[870000,1278000,1260000,1233000,1095000,1345000,1119000,1247000]",463,9447000
8,28,8,"[318,431,450,427,374,467,377,392]","[880000,1247000,1342000,1220000,1108000,1365000,1059000,1123000]",467,9344000
8,29,8,"[310,444,466,458,362,461,416,446]","[868000,1278000,1373000,1321000,1052000,1353000,1160000,1264000]",466,9669000
8,30,8,"[313,406,433,429,381,466,427,430]","[861000,1179000,1259000,1236000,1097000,1342000,1175000,1211000]",466,9360000
8,31,8,"[302,445,446,461,367,463,405,444]","[844000,1278000,1297000,1320000,1066000,1351000,1113000,1251000]",463,9520000
8,32,8,"[328,449,438,460,433,490,424,353]","[894000,1314000,1287000,1322000,1243000,1404000,1221000,984000]",490,9669000
8,33,8,"[317,444,436,398,373,462,404,442]","[873000,1278000,1260000,1156000,1095000,1352000,1119000,1247000]",462,9380000
8,34,8,"[313,400,447,404,384,459,426,431]","[866000,1161000,1281000,1172000,1121000,1340000,1183000,1210000]",459,9334000
8,35,8,"[325,431,451,512,357,463,420,466]","[893000,1276000,1298000,1441000,1044000,1342000,1155000,1319000]",512,9768000
8,36,8,"[308,434,415,427,370,455,426,433]","[849000,1273000,1189000,1242000,1094000,1334000,1195000,1213000]",455,9389000
8,37,8,"[302,445,437,461,367,463,405,444]","[844000,1278000,1266000,1320000,1066000,1351000,1110000,1251000]",463,9486000
8,38,8,"[305,416,446,455,397,480,422,415]","[853000,1188000,1284000,1289000,1137000,1364000,1166000,1183000]",480,9464000
8,39,8,"[339,387,462,461,384,462,401,426]","[992000,1112000,1371000,1274000,1134000,1350000,1131000,1211000]",462,9575000
8,40,8,"[321,453,451,431,378,465,380,393]","[886000,1335000,1315000,1240000,1107000,1349000,1071000,1125000]",465,9428000
8,41,8,"[304,449,465,463,436,474,470,388]","[849000,1280000,1360000,1345000,1246000,1374000,1284000,1073000]",474,9811000
8,42,8,"[314,446,430,432,376,466,421,460]","[887000,1280000,1278000,1239000,1115000,1347000,1168000,1277000]",466,9591000
8,43,8,"[334,426,442,430,379,458,419,449]","[961000,1235000,1318000,1226000,1122000,1332000,1164000,1279000]",458,9637000
8,44,8,"[312,408,448,459,417,479,417,413]","[867000,1173000,1292000,1264000,1198000,1375000,1154000,1175000]",479,9498000
8,45,8,"[366,424,441,433,380,461,482,482]","[1056000,1254000,1269000,1187000,1101000,1341000,1380000,1419000]",482,10007000
8,46,8,"[352,369,463,432,376,456,414,431]","[1026000,1077000,1361000,1230000,1108000,1341000,1181000,1243000]",463,9567000
8,47,8,"[320,451,433,456,363,470,381,390]","[884000,1328000,1268000,1320000,1065000,1382000,1075000,1110000]",470,9432000
8,48,8,"[315,418,445,457,398,484,487,380]","[871000,1192000,1289000,1293000,1131000,1380000,1353000,1078000]",487,9587000
8,49,8,"[358,443,454,419,369,497,418,457]","[1048000,1248000,1355000,1187000,1095000,1413000,1160000,1300000]",497,9806000
8,50,8,"[344,415,447,428,378,470,406,424]","[1001000,1204000,1311000,1222000,1111000,1391000,1148000,1199000]",470,9587000
8,51,8,"[336,449,452,390,409,499,403,427]","[996000,1314000,1349000,1131000,1177000,1418000,1133000,1223000]",499,9741000
8,52,8,"[311,448,434,474,363,462,446,444]","[871000,1294000,1260000,1347000,1055000,1363000,1244000,1258000]",474,9692000
8,53,8,"[419,589,449,452,358,476,424,437]","[1234000,1701000,1296000,1291000,1046000,1383000,1156000,1230000]",589,10337000
8,54,8,"[314,443,459,457,366,490,448,441]","[863000,1278000,1342000,1316000,1065000,1431000,1223000,1236000]",490,9754000
8,55,8,"[365,443,452,391,395,498,418,449]","[1061000,1248000,1355000,1133000,1168000,1415000,1163000,1292000]",498,9835000
8,56,8,"[312,445,531,429,379,458,490,439]","[864000,1278000,1574000,1239000,1130000,1291000,1348000,1238000]",531,9962000
8,57,8,"[311,444,439,434,385,459,426,437]","[869000,1280000,1277000,1242000,1117000,1334000,1177000,1223000]",459,9519000
8,58,8,"[306,448,434,432,375,502,430,440]","[853000,1280000,1270000,1242000,1110000,1423000,1206000,1223000]",502,9607000
8,59,8,"[351,500,455,393,416,502,422,451]","[983000,1451000,1363000,1146000,1189000,1418000,1170000,1308000]",502,10028000
8,60,8,"[308,414,418,427,370,455,426,435]","[849000,1230000,1195000,1242000,1094000,1336000,1195000,1217000]",455,9358000
8,61,8,"[422,439,454,468,412,496,417,462]","[1232000,1212000,1306000,1295000,1217000,1413000,1161000,1338000]",496,10174000
8,62,8,"[356,441,443,455,367,470,401,464]","[1038000,1247000,1311000,1303000,1057000,1382000,1103000,1321000]",470,9762000
8,63,8,"[338,382,437,401,383,487,400,422]","[987000,1133000,1303000,1166000,1127000,1419000,1124000,1200000]",487,9459000
8,64,8,"[317,410,488,383,384,411,441,416]","[872000,1178000,1424000,1086000,1111000,1199000,1227000,1183000]",488,9280000
8,65,8,"[275,415,457,459,376,460,414,413]","[788000,1207000,1302000,1264000,1112000,1340000,1150000,1171000]",460,9334000
8,66,8,"[319,435,439,434,378,460,424,413]","[870000,1236000,1271000,1191000,1087000,1346000,1168000,1177000]",460,9346000
8,67,8,"[313,424,437,438,381,458,422,455]","[869000,1254000,1263000,1199000,1101000,1340000,1170000,1270000]",458,9466000
8,68,8,"[309,442,434,408,382,460,427,431]","[859000,1278000,1258000,1185000,1116000,1333000,1187000,1209000]",460,9425000
8,69,8,"[317,405,434,387,411,460,427,427]","[886000,1176000,1264000,1116000,1210000,1337000,1179000,1205000]",460,9373000
8,70,8,"[314,448,491,391,408,467,382,401]","[872000,1319000,1378000,1118000,1205000,1374000,1067000,1142000]",491,9475000
8,71,8,"[311,395,431,445,380,460,421,395]","[874000,1154000,1258000,1310000,1126000,1333000,1166000,1118000]",460,9339000
8,72,8,"[310,443,442,387,411,464,425,442]","[867000,1278000,1289000,1103000,1209000,1350000,1174000,1254000]",464,9524000
8,73,8,"[312,449,435,431,371,465,419,402]","[864000,1283000,1258000,1230000,1099000,1349000,1167000,1131000]",465,9381000
8,74,8,"[312,444,446,430,376,464,370,421]","[866000,1278000,1281000,1238000,1106000,1359000,1044000,1217000]",464,9389000
8,75,8,"[332,444,456,389,409,466,438,346]","[935000,1280000,1317000,1107000,1203000,1378000,1236000,993000]",466,9449000
8,76,8,"[376,452,434,432,386,416,443,462]","[1096000,1300000,1262000,1230000,1150000,1207000,1225000,1312000]",462,9782000
8,77,8,"[336,514,421,423,378,493,473,449]","[934000,1499000,1194000,1212000,1106000,1442000,1326000,1343000]",514,10056000
8,78,8,"[314,425,435,430,381,464,419,430]","[872000,1267000,1268000,1235000,1105000,1356000,1164000,1209000]",464,9476000
8,79,8,"[328,385,456,430,382,477,404,424]","[948000,1115000,1374000,1235000,1122000,1384000,1143000,1206000]",477,9527000
8,80,8,"[354,443,442,426,377,464,418,450]","[1034000,1245000,1316000,1218000,1109000,1350000,1159000,1299000]",464,9730000
8,81,8,"[311,446,444,429,381,463,420,441]","[867000,1280000,1289000,1229000,1115000,1343000,1167000,1235000]",463,9525000
8,82,8,"[309,443,435,385,408,461,370,421]","[860000,1278000,1258000,1106000,1203000,1342000,1049000,1215000]",461,9311000
8,83,8,"[319,452,434,430,376,472,384,387]","[882000,1330000,1268000,1244000,1103000,1380000,1091000,1100000]",472,9398000
9,1,8,"[338,459,425,374,487,434,391,473]","[961000,1293000,1217000,1077000,1369000,1279000,1073000,1351000]",487,9620000
9,2,8,"[345,459,422,369,486,483,410,404]","[974000,1293000,1206000,1068000,1373000,1419000,1138000,1159000]",486,9630000
9,3,8,"[319,370,427,376,505,528,406,386]","[901000,1052000,1225000,1106000,1435000,1554000,1115000,1120000]",528,9508000
9,4,8,"[244,375,464,390,492,501,471,429]","[701000,1057000,1344000,1134000,1401000,1440000,1303000,1212000]",501,9592000
9,5,8,"[367,422,470,482,480,480,462,421]","[1043000,1215000,1319000,1388000,1369000,1427000,1293000,1280000]",482,10334000
9,6,8,"[244,382,466,384,518,503,437,433]","[701000,1083000,1348000,1113000,1458000,1444000,1231000,1220000]",518,9598000
9,7,8,"[315,463,419,377,504,496,378,422]","[867000,1306000,1185000,1111000,1444000,1432000,1093000,1190000]",504,9628000
9,8,8,"[339,464,424,375,486,433,392,478]","[963000,1303000,1216000,1081000,1367000,1277000,1078000,1360000]",486,9645000
9,9,8,"[352,446,472,484,482,485,457,420]","[977000,1286000,1337000,1387000,1361000,1443000,1283000,1272000]",485,10346000
9,10,8,"[359,433,469,486,479,485,461,421]","[1009000,1252000,1319000,1401000,1358000,1441000,1306000,1273000]",486,10359000
9,11,8,"[338,459,430,376,488,493,392,450]","[961000,1291000,1236000,1089000,1371000,1431000,1078000,1281000]",493,9738000
9,12,8,"[306,474,422,386,504,428,453,431]","[855000,1331000,1191000,1123000,1438000,1243000,1290000,1227000]",504,9698000
9,13,8,"[307,470,418,426,487,450,455,418]","[860000,1320000,1180000,1184000,1407000,1308000,1293000,1199000]",487,9751000
9,14,8,"[336,459,383,401,487,496,396,456]","[957000,1296000,1114000,1138000,1369000,1435000,1091000,1301000]",496,9701000
9,15,8,"[313,528,419,378,457,494,380,422]","[867000,1484000,1191000,1120000,1296000,1432000,1097000,1194000]",528,9681000
9,16,8,"[306,473,418,388,503,447,457,421]","[855000,1331000,1182000,1103000,1433000,1307000,1298000,1207000]",503,9716000
9,17,8,"[359,400,469,484,481,487,459,467]","[1009000,1129000,1319000,1391000,1359000,1442000,1302000,1423000]",487,10374000
9,18,8,"[385,480,485,486,471,474,475,482]","[1039000,1341000,1361000,1415000,1299000,1383000,1356000,1440000]",486,10634000
9,19,8,"[347,380,437,424,498,437,432,453]","[985000,1061000,1302000,1202000,1414000,1270000,1204000,1322000]",498,9760000
9,20,8,"[282,412,500,378,492,481,414,428]","[807000,1139000,1459000,1096000,1405000,1415000,1148000,1264000]",500,9733000
9,21,8,"[314,419,485,420,500,550,347,438]","[883000,1164000,1360000,1232000,1384000,1601000,996000,1226000]",550,9846000
9,22,8,"[384,475,424,380,486,470,523,434]","[1130000,1343000,1209000,1084000,1394000,1357000,1490000,1298000]",523,10305000
9,23,8,"[345,459,422,369,486,483,410,408]","[974000,1293000,1203000,1068000,1373000,1419000,1138000,1167000]",486,9635000
9,24,8,"[370,449,459,532,490,492,468,469]","[1031000,1287000,1275000,1485000,1373000,1435000,1284000,1387000]",532,10557000
9,25,8,"[370,473,424,447,518,432,451,418]","[1035000,1334000,1187000,1305000,1457000,1260000,1280000,1203000]",518,10061000
9,26,8,"[341,468,440,348,489,468,365,452]","[970000,1335000,1274000,991000,1374000,1367000,1021000,1281000]",489,9613000
9,27,8,"[353,429,468,390,556,461,544,421]","[979000,1216000,1356000,1123000,1556000,1333000,1555000,1284000]",556,10402000
9,28,8,"[319,372,420,376,507,526,410,386]","[900000,1068000,1199000,1112000,1441000,1550000,1123000,1120000]",526,9513000
9,29,8,"[378,496,459,380,503,535,448,475]","[1020000,1404000,1333000,1107000,1431000,1583000,1229000,1342000]",535,10449000
9,30,8,"[335,380,437,416,501,443,439,448]","[950000,1061000,1283000,1195000,1424000,1278000,1232000,1293000]",501,9716000
9,31,8,"[363,381,465,385,543,575,478,465]","[1038000,1072000,1344000,1109000,1512000,1659000,1339000,1386000]",575,10459000
9,32,8,"[341,464,441,349,488,499,398,450]","[970000,1315000,1282000,987000,1371000,1438000,1094000,1281000]",499,9738000
9,33,8,"[340,473,438,378,489,505,447,443]","[979000,1319000,1253000,1097000,1366000,1448000,1244000,1238000]",505,9944000
9,34,8,"[315,409,487,419,516,504,383,423]","[882000,1150000,1357000,1231000,1443000,1467000,1107000,1191000]",516,9828000
9,35,8,"[316,457,404,379,502,497,378,426]","[895000,1298000,1147000,1088000,1431000,1436000,1093000,1196000]",502,9584000
9,36,8,"[362,407,468,391,554,469,536,419]","[1015000,1135000,1346000,1132000,1557000,1374000,1534000,1276000]",554,10369000
9,37,8,"[365,413,443,397,491,497,472,456]","[1109000,1195000,1234000,1127000,1385000,1450000,1345000,1353000]",497,10198000
9,38,8,"[373,373,509,540,486,450,519,453]","[1043000,1064000,1389000,1533000,1371000,1313000,1461000,1356000]",540,10530000
9,39,8,"[367,505,428,369,486,487,426,431]","[1108000,1423000,1214000,1060000,1371000,1423000,1181000,1305000]",505,10085000
9,40,8,"[497,472,419,429,492,507,585,498]","[1420000,1327000,1184000,1192000,1408000,1481000,1731000,1530000]",585,11273000
9,41,8,"[332,425,470,389,538,566,382,432]","[940000,1157000,1352000,1111000,1502000,1608000,1067000,1221000]",566,9958000
9,42,8,"[282,414,503,378,469,481,425,470]","[807000,1139000,1461000,1092000,1344000,1415000,1216000,1364000]",503,9838000
9,43,8,"[371,378,517,490,477,457,518,450]","[1037000,1082000,1417000,1415000,1348000,1342000,1450000,1350000]",518,10441000
9,44,8,"[341,464,439,349,480,516,396,452]","[970000,1315000,1287000,1001000,1332000,1500000,1083000,1281000]",516,9769000
9,45,8,"[377,489,452,534,513,496,405,495]","[1018000,1371000,1283000,1526000,1411000,1430000,1116000,1443000]",534,10598000
9,46,8,"[390,416,496,443,475,485,508,449]","[1083000,1179000,1364000,1280000,1349000,1435000,1454000,1374000]",508,10518000
9,47,8,"[308,516,424,382,502,509,429,433]","[859000,1457000,1193000,1120000,1427000,1447000,1186000,1237000]",516,9926000
9,48,8,"[537,492,471,373,510,500,589,605]","[1454000,1384000,1305000,1092000,1447000,1452000,1721000,1804000]",605,11659000
9,49,8,"[361,417,473,537,542,514,548,462]","[1003000,1213000,1297000,1537000,1516000,1499000,1556000,1429000]",548,11050000
9,50,8,"[237,380,495,402,516,503,436,435]","[681000,1079000,1437000,1116000,1458000,1444000,1229000,1215000]",516,9659000
9,51,8,"[349,519,468,421,451,452,515,397]","[998000,1436000,1341000,1180000,1266000,1318000,1450000,1142000]",519,10131000
9,52,8,"[362,400,470,368,486,524,463,466]","[1084000,1167000,1358000,1057000,1348000,1532000,1312000,1397000]",524,10255000
9,53,8,"[285,425,499,381,495,482,423,443]","[812000,1170000,1457000,1098000,1408000,1420000,1172000,1321000]",499,9858000
9,54,8,"[445,509,504,522,478,463,523,417]","[1271000,1373000,1426000,1494000,1366000,1348000,1469000,1176000]",523,10923000
9,55,8,"[356,463,466,398,547,497,473,419]","[983000,1272000,1336000,1141000,1529000,1453000,1356000,1257000]",547,10327000
9,56,8,"[242,376,466,387,525,568,387,431]","[697000,1059000,1344000,1128000,1488000,1645000,1076000,1222000]",568,9659000
9,57,8,"[242,375,462,387,537,568,387,431]","[697000,1057000,1336000,1128000,1500000,1645000,1076000,1222000]",568,9661000
9,58,8,"[344,467,428,372,488,456,382,430]","[960000,1308000,1230000,1072000,1378000,1356000,1110000,1208000]",488,9622000
9,59,8,"[282,417,502,378,494,483,428,432]","[807000,1151000,1463000,1092000,1403000,1419000,1206000,1278000]",502,9819000
9,60,8,"[337,459,430,408,486,493,392,450]","[959000,1294000,1236000,1155000,1377000,1431000,1081000,1281000]",493,9814000
9,61,8,"[384,479,444,461,518,574,489,481]","[1026000,1348000,1257000,1326000,1416000,1610000,1376000,1427000]",574,10786000
9,62,8,"[343,466,440,347,484,492,396,388]","[974000,1315000,1270000,985000,1363000,1422000,1086000,1095000]",492,9510000
9,63,8,"[282,418,476,385,545,439,422,446]","[823000,1167000,1381000,1113000,1549000,1274000,1189000,1313000]",545,9809000
9,64,8,"[375,395,489,545,524,505,532,446]","[1053000,1092000,1374000,1496000,1464000,1454000,1506000,1345000]",545,10784000
9,65,8,"[313,458,421,388,510,499,454,412]","[884000,1291000,1213000,1114000,1479000,1406000,1325000,1197000]",510,9909000
9,66,8,"[315,456,411,385,516,496,377,427]","[897000,1290000,1160000,1118000,1459000,1436000,1093000,1200000]",516,9653000
9,67,8,"[313,508,428,387,503,466,480,418]","[881000,1430000,1229000,1118000,1450000,1349000,1332000,1221000]",508,10010000
9,68,8,"[320,469,448,373,495,460,453,418]","[910000,1319000,1267000,1076000,1390000,1328000,1275000,1201000]",495,9766000
9,69,8,"[342,414,517,581,487,453,496,430]","[981000,1148000,1445000,1636000,1401000,1314000,1455000,1236000]",581,10616000
9,70,8,"[341,383,435,422,495,475,488,430]","[965000,1069000,1286000,1201000,1395000,1399000,1378000,1234000]",495,9927000
9,71,8,"[378,413,503,489,479,449,522,493]","[1051000,1200000,1376000,1417000,1368000,1311000,1476000,1506000]",522,10705000
9,72,8,"[361,471,432,405,540,498,452,448]","[1100000,1341000,1247000,1157000,1489000,1486000,1271000,1349000]",540,10440000
9,73,8,"[377,409,503,538,473,451,527,481]","[1042000,1186000,1370000,1523000,1356000,1310000,1486000,1424000]",538,10697000
9,74,8,"[360,429,474,385,520,512,504,451]","[1002000,1204000,1360000,1108000,1464000,1462000,1419000,1362000]",520,10381000
9,75,8,"[375,416,499,501,520,439,524,448]","[1033000,1210000,1367000,1437000,1444000,1256000,1475000,1267000]",524,10489000
9,76,8,"[336,485,423,406,491,541,403,452]","[955000,1380000,1191000,1137000,1383000,1520000,1108000,1285000]",541,9959000
9,77,8,"[282,414,496,378,491,484,425,421]","[807000,1139000,1449000,1092000,1403000,1427000,1216000,1195000]",496,9728000
9,78,8,"[312,427,436,427,495,445,447,449]","[900000,1189000,1295000,1193000,1396000,1316000,1261000,1326000]",495,9876000
9,79,8,"[397,362,411,382,505,486,537,567]","[1100000,1033000,1173000,1123000,1437000,1419000,1500000,1599000]",567,10384000
9,80,8,"[391,401,506,495,518,456,455,451]","[1079000,1159000,1387000,1431000,1494000,1326000,1268000,1338000]",518,10482000
9,81,8,"[351,425,624,376,509,540,395,505]","[975000,1185000,1716000,1105000,1441000,1583000,1096000,1451000]",624,10552000
9,82,8,"[399,509,467,458,482,454,459,384]","[1128000,1400000,1304000,1270000,1351000,1327000,1284000,1092000]",509,10156000
9,83,8,"[316,396,481,417,492,504,381,423]","[881000,1125000,1340000,1221000,1379000,1467000,1107000,1204000]",504,9724000
9,84,8,"[360,401,422,494,632,490,455,419]","[1017000,1135000,1192000,1424000,1724000,1452000,1279000,1303000]",632,10526000
9,85,8,"[363,385,519,488,473,458,511,449]","[1012000,1091000,1429000,1415000,1341000,1336000,1453000,1340000]",519,10417000
9,86,8,"[393,474,405,369,518,469,554,500]","[1092000,1322000,1195000,1072000,1429000,1376000,1558000,1507000]",554,10551000
9,87,8,"[359,428,433,537,500,490,459,474]","[1096000,1220000,1204000,1501000,1423000,1459000,1281000,1449000]",537,10633000
9,88,8,"[385,490,521,484,475,511,434,446]","[1065000,1376000,1425000,1400000,1352000,1490000,1202000,1363000]",521,10673000
9,89,8,"[359,486,424,370,487,493,421,433]","[1076000,1365000,1205000,1064000,1379000,1445000,1160000,1262000]",493,9956000
9,90,8,"[336,471,515,488,485,490,448,369]","[946000,1288000,1468000,1407000,1361000,1463000,1259000,1098000]",515,10290000
9,91,8,"[352,472,418,431,490,437,387,477]","[997000,1336000,1211000,1200000,1379000,1289000,1065000,1359000]",490,9836000
9,92,8,"[352,458,424,369,484,479,404,406]","[1004000,1291000,1219000,1068000,1363000,1411000,1144000,1163000]",484,9663000
9,93,8,"[319,370,416,382,505,528,376,386]","[900000,1052000,1195000,1121000,1435000,1554000,1067000,1101000]",528,9425000
9,94,8,"[241,382,443,384,494,501,470,450]","[695000,1070000,1282000,1113000,1402000,1440000,1295000,1265000]",501,9562000
9,95,8,"[358,431,467,486,477,483,456,419]","[1007000,1252000,1306000,1401000,1357000,1445000,1290000,1273000]",486,10331000
9,96,8,"[241,382,443,384,519,501,470,433]","[695000,1070000,1282000,1113000,1470000,1440000,1295000,1212000]",519,9577000
9,97,8,"[336,465,379,379,504,496,378,428]","[933000,1307000,1088000,1118000,1447000,1432000,1093000,1197000]",504,9615000
9,98,8,"[341,484,417,367,489,433,391,475]","[970000,1346000,1213000,1058000,1388000,1277000,1073000,1356000]",489,9681000
9,99,8,"[361,436,470,487,480,487,421,422]","[1016000,1249000,1330000,1396000,1357000,1446000,1238000,1255000]",487,10287000
9,100,8,"[363,441,469,485,483,493,460,420]","[1015000,1298000,1319000,1391000,1362000,1469000,1297000,1267000]",493,10418000
9,101,8,"[337,460,446,380,490,500,375,451]","[959000,1295000,1277000,1105000,1374000,1445000,1026000,1281000]",500,9762000
9,102,8,"[335,464,383,380,509,435,447,421]","[946000,1310000,1098000,1110000,1466000,1252000,1259000,1207000]",509,9648000
9,103,8,"[309,468,421,421,465,450,452,442]","[870000,1318000,1189000,1181000,1330000,1310000,1281000,1262000]",468,9741000
9,104,8,"[341,458,384,398,487,443,425,457]","[973000,1294000,1111000,1136000,1375000,1304000,1184000,1308000]",487,9685000
9,105,8,"[311,533,443,380,457,454,382,424]","[865000,1493000,1258000,1135000,1301000,1331000,1099000,1202000]",533,9684000
9,106,8,"[290,470,416,391,506,448,466,419]","[808000,1327000,1179000,1107000,1438000,1311000,1325000,1197000]",506,9692000
9,107,8,"[360,417,469,443,480,490,458,470]","[996000,1192000,1319000,1280000,1358000,1453000,1294000,1426000]",490,10318000
9,108,8,"[383,478,484,484,447,473,481,480]","[1030000,1340000,1359000,1405000,1237000,1371000,1371000,1440000]",484,10553000
9,109,8,"[334,370,434,472,497,390,429,452]","[957000,1052000,1288000,1351000,1409000,1125000,1203000,1320000]",497,9705000
9,110,8,"[279,412,499,378,519,483,416,430]","[801000,1139000,1453000,1096000,1455000,1419000,1152000,1268000]",519,9783000
10,1,8,"[323,495,488,500,410,458,362,323]","[963000,1391000,1435000,1401000,1130000,1372000,1040000,916000]",500,9648000
10,2,8,"[380,425,493,495,441,473,375,348]","[1075000,1213000,1421000,1458000,1234000,1388000,1052000,997000]",495,9838000
10,3,8,"[384,459,497,465,442,482,450,366]","[1092000,1315000,1423000,1380000,1244000,1423000,1265000,1050000]",497,10192000
10,4,8,"[383,422,488,503,430,476,366,349]","[1082000,1207000,1402000,1426000,1181000,1398000,1012000,996000]",503,9704000
10,5,8,"[365,411,488,501,439,483,357,390]","[1020000,1167000,1411000,1413000,1229000,1433000,1035000,1125000]",501,9833000
10,6,8,"[392,439,494,500,405,497,381,354]","[1165000,1247000,1450000,1401000,1131000,1498000,1083000,999000]",500,9974000
10,7,8,"[328,476,491,503,412,504,361,325]","[985000,1335000,1450000,1411000,1134000,1485000,1032000,907000]",504,9739000
10,8,8,"[385,461,500,467,441,475,455,369]","[1089000,1321000,1425000,1372000,1233000,1422000,1282000,1062000]",500,10206000
10,9,8,"[346,487,479,500,414,502,306,437]","[1031000,1348000,1366000,1474000,1156000,1422000,868000,1269000]",502,9934000
10,10,8,"[390,465,497,467,440,484,451,368]","[1096000,1315000,1438000,1374000,1234000,1424000,1274000,1051000]",497,10206000
10,11,8,"[358,450,508,464,413,509,294,371]","[1049000,1293000,1457000,1359000,1165000,1504000,855000,1050000]",509,9732000
10,12,8,"[384,412,498,503,440,480,450,368]","[1089000,1187000,1427000,1473000,1231000,1424000,1267000,1054000]",503,10152000
10,13,8,"[372,408,501,504,440,502,344,420]","[1054000,1167000,1431000,1479000,1231000,1472000,981000,1198000]",504,10013000
10,14,8,"[364,415,487,505,425,503,356,368]","[1020000,1173000,1396000,1430000,1168000,1480000,1029000,1051000]",505,9747000
10,15,8,"[393,459,502,463,444,471,427,397]","[1118000,1324000,1423000,1367000,1248000,1405000,1222000,1119000]",502,10226000
10,16,8,"[344,411,507,507,428,504,365,394]","[970000,1179000,1459000,1430000,1174000,1482000,1032000,1126000]",507,9852000
10,17,8,"[351,420,505,500,436,463,343,434]","[1008000,1191000,1478000,1477000,1220000,1383000,968000,1243000]",505,9968000
10,18,8,"[364,429,506,504,428,503,363,392]","[1010000,1203000,1457000,1428000,1178000,1480000,1022000,1121000]",506,9899000
10,19,8,"[366,411,486,512,425,506,358,357]","[1015000,1173000,1401000,1445000,1168000,1486000,1040000,1023000]",512,9751000
10,20,8,"[336,449,502,505,433,508,354,332]","[981000,1291000,1428000,1430000,1197000,1493000,1026000,920000]",508,9766000
10,21,8,"[359,411,511,508,440,483,455,354]","[1003000,1169000,1477000,1441000,1218000,1427000,1279000,1006000]",511,10020000
10,22,8,"[366,426,544,511,429,508,365,394]","[1015000,1193000,1594000,1456000,1189000,1490000,1021000,1123000]",544,10081000
10,23,8,"[393,397,569,502,437,473,427,397]","[1109000,1136000,1601000,1477000,1225000,1411000,1222000,1124000]",569,10305000
10,24,8,"[323,423,567,479,373,511,363,322]","[955000,1177000,1620000,1375000,1053000,1524000,1044000,909000]",567,9657000
10,25,8,"[363,410,488,509,424,509,357,377]","[1019000,1177000,1401000,1447000,1168000,1483000,1030000,1078000]",509,9803000
10,26,8,"[392,437,481,498,405,494,382,366]","[1165000,1243000,1403000,1397000,1131000,1492000,1085000,1044000]",498,9960000
10,27,8,"[399,403,541,501,482,498,464,377]","[1120000,1133000,1529000,1484000,1342000,1481000,1318000,1070000]",541,10477000
10,28,8,"[388,387,571,499,440,472,456,376]","[1103000,1096000,1617000,1478000,1234000,1403000,1289000,1073000]",571,10293000
10,29,8,"[334,451,503,505,434,509,360,332]","[986000,1295000,1452000,1444000,1193000,1501000,1043000,928000]",509,9842000
10,30,8,"[366,408,482,547,410,540,358,420]","[1017000,1167000,1403000,1605000,1150000,1545000,1046000,1197000]",547,10130000
10,31,8,"[361,425,548,496,417,506,368,341]","[999000,1195000,1536000,1467000,1182000,1492000,1032000,994000]",548,9897000
10,32,8,"[383,389,569,499,443,487,452,371]","[1090000,1091000,1602000,1475000,1237000,1444000,1271000,1030000]",569,10240000
10,33,8,"[293,476,470,549,417,541,351,393]","[886000,1349000,1339000,1608000,1150000,1529000,991000,1152000]",549,10004000
10,34,8,"[366,411,489,510,421,506,358,357]","[1015000,1173000,1402000,1445000,1169000,1486000,1040000,1023000]",510,9753000
10,35,8,"[328,441,504,506,426,496,342,421]","[970000,1212000,1458000,1428000,1176000,1469000,976000,1202000]",506,9891000
10,36,8,"[359,433,486,496,405,491,330,379]","[997000,1211000,1423000,1397000,1122000,1486000,938000,1106000]",496,9680000
10,37,8,"[336,456,509,505,436,471,367,346]","[981000,1304000,1448000,1445000,1211000,1406000,1060000,983000]",509,9838000
10,38,8,"[448,433,493,500,451,512,452,438]","[1267000,1236000,1426000,1422000,1265000,1481000,1271000,1262000]",512,10630000
10,39,8,"[350,415,507,500,437,508,374,386]","[1010000,1180000,1478000,1477000,1222000,1490000,1059000,1093000]",508,10009000
10,40,8,"[392,435,504,510,428,505,371,400]","[1084000,1232000,1448000,1436000,1178000,1484000,1056000,1133000]",510,10051000
10,41,8,"[345,442,507,505,425,504,368,395]","[972000,1241000,1459000,1430000,1172000,1482000,1038000,1131000]",507,9925000
10,42,8,"[328,440,585,487,416,503,364,325]","[963000,1241000,1635000,1394000,1162000,1480000,1052000,917000]",585,9844000
10,43,8,"[323,501,488,496,416,514,316,323]","[963000,1395000,1435000,1393000,1162000,1532000,932000,916000]",514,9728000
10,44,8,"[355,408,499,502,439,473,333,418]","[1017000,1167000,1425000,1467000,1226000,1417000,943000,1208000]",502,9870000
10,45,8,"[386,394,570,506,417,508,423,479]","[1089000,1125000,1603000,1481000,1165000,1484000,1197000,1305000]",570,10449000
10,46,8,"[332,448,563,516,443,512,363,327]","[973000,1289000,1620000,1510000,1221000,1516000,1042000,917000]",563,10088000
10,47,8,"[363,410,488,506,426,502,362,378]","[1015000,1171000,1401000,1431000,1172000,1478000,1020000,1092000]",506,9780000
10,48,8,"[362,413,500,508,427,480,449,361]","[1013000,1169000,1428000,1446000,1172000,1443000,1267000,1019000]",508,9957000
10,49,8,"[345,473,492,502,414,507,355,307]","[1033000,1332000,1442000,1407000,1138000,1491000,1024000,875000]",507,9742000
10,50,8,"[365,429,506,504,428,466,362,392]","[1015000,1203000,1457000,1428000,1178000,1382000,1020000,1121000]",506,9804000
10,51,8,"[391,411,569,477,437,460,353,344]","[1108000,1172000,1627000,1368000,1211000,1347000,995000,997000]",569,9825000
10,52,8,"[326,437,584,499,413,509,297,368]","[961000,1234000,1648000,1475000,1166000,1513000,861000,1040000]",584,9898000
10,53,8,"[393,396,568,496,436,484,458,369]","[1108000,1112000,1597000,1469000,1214000,1433000,1300000,1053000]",568,10286000
10,54,8,"[350,403,570,498,439,508,359,379]","[1010000,1124000,1615000,1473000,1232000,1493000,1031000,1089000]",570,10067000
10,55,8,"[390,420,567,507,439,470,458,349]","[1117000,1176000,1638000,1479000,1232000,1405000,1284000,1003000]",567,10334000
10,56,8,"[388,389,569,503,438,471,459,349]","[1096000,1096000,1597000,1484000,1230000,1407000,1278000,1007000]",569,10195000
10,57,8,"[370,396,556,558,432,500,366,329]","[1045000,1095000,1592000,1562000,1196000,1438000,1071000,931000]",558,9930000
10,58,8,"[353,410,510,535,426,428,362,391]","[991000,1177000,1465000,1543000,1172000,1257000,1020000,1121000]",535,9746000
10,59,8,"[333,453,598,501,440,467,369,335]","[981000,1296000,1724000,1485000,1215000,1378000,1056000,946000]",598,10081000
10,60,8,"[359,516,493,493,412,458,363,325]","[1033000,1467000,1460000,1394000,1134000,1375000,1046000,926000]",516,9835000
10,61,8,"[394,436,497,497,408,500,380,357]","[1166000,1244000,1465000,1395000,1137000,1504000,1066000,1017000]",500,9994000
10,62,8,"[346,430,493,495,437,502,369,338]","[978000,1235000,1421000,1461000,1214000,1484000,1059000,970000]",502,9822000
10,63,8,"[337,450,569,552,424,511,358,334]","[997000,1293000,1645000,1577000,1170000,1511000,1026000,921000]",569,10140000
10,64,8,"[368,411,497,509,441,497,360,413]","[1032000,1171000,1438000,1491000,1229000,1431000,1044000,1159000]",509,9995000
10,65,8,"[365,413,485,506,425,506,360,356]","[1013000,1173000,1396000,1441000,1168000,1486000,1017000,1018000]",506,9712000
10,66,8,"[363,432,491,509,428,509,362,321]","[1062000,1245000,1415000,1438000,1178000,1498000,1034000,906000]",509,9776000
10,67,8,"[437,498,494,501,418,543,356,398]","[1345000,1444000,1423000,1412000,1166000,1527000,1004000,1150000]",543,10471000
10,68,8,"[326,438,586,500,411,506,362,326]","[961000,1236000,1655000,1477000,1156000,1487000,1042000,928000]",586,9942000
10,69,8,"[297,467,499,531,434,478,397,338]","[877000,1328000,1428000,1568000,1202000,1414000,1126000,961000]",531,9904000
10,70,8,"[391,420,570,496,439,474,454,371]","[1111000,1176000,1653000,1463000,1229000,1425000,1278000,1059000]",570,10394000
10,71,8,"[391,463,504,537,438,491,415,371]","[1109000,1313000,1434000,1586000,1199000,1444000,1150000,1069000]",537,10304000
10,72,8,"[333,443,566,500,434,507,368,329]","[992000,1229000,1593000,1475000,1205000,1497000,1063000,940000]",566,9994000
10,73,8,"[351,413,505,519,443,465,340,435]","[1008000,1182000,1472000,1534000,1201000,1396000,962000,1243000]",519,9998000
10,74,8,"[350,413,507,502,437,508,374,386]","[1010000,1176000,1478000,1472000,1213000,1490000,1056000,1093000]",508,9988000
10,75,8,"[382,408,501,504,511,502,345,425]","[1077000,1167000,1442000,1479000,1415000,1472000,980000,1208000]",511,10240000
10,76,8,"[364,414,503,512,427,477,448,384]","[1017000,1173000,1433000,1458000,1176000,1418000,1255000,1102000]",512,10032000
10,77,8,"[359,411,491,532,443,482,353,361]","[1008000,1173000,1416000,1514000,1237000,1423000,1024000,1043000]",532,9838000
10,78,8,"[364,411,498,513,426,505,441,365]","[1017000,1173000,1427000,1464000,1172000,1499000,1232000,1056000]",513,10040000
10,79,8,"[327,473,505,491,399,506,372,327]","[971000,1323000,1459000,1440000,1125000,1495000,1083000,915000]",506,9811000
10,80,8,"[368,420,465,504,436,466,361,423]","[1073000,1207000,1341000,1476000,1209000,1391000,1010000,1200000]",504,9907000
10,81,8,"[378,472,520,519,424,500,289,484]","[1109000,1357000,1476000,1517000,1185000,1393000,811000,1388000]",520,10236000
10,82,8,"[393,425,553,496,438,487,458,369]","[1113000,1207000,1562000,1469000,1210000,1444000,1300000,1053000]",553,10358000
10,83,8,"[387,422,499,505,444,469,462,346]","[1102000,1195000,1423000,1487000,1232000,1403000,1316000,998000]",505,10156000
10,84,8,"[383,457,487,505,426,473,366,349]","[1082000,1277000,1400000,1430000,1173000,1392000,1012000,996000]",505,9762000
10,85,8,"[384,437,572,497,438,474,347,347]","[1101000,1221000,1608000,1471000,1210000,1382000,980000,1000000]",572,9973000
10,86,8,"[394,435,498,498,405,491,381,354]","[1178000,1239000,1470000,1397000,1131000,1486000,1071000,999000]",498,9971000
10,87,8,"[337,451,504,534,430,527,363,350]","[989000,1295000,1432000,1551000,1201000,1516000,1048000,982000]",534,10014000
10,88,8,"[327,438,586,500,448,506,362,325]","[959000,1236000,1655000,1477000,1242000,1487000,1048000,920000]",586,10024000
10,89,8,"[278,483,568,479,375,514,348,344]","[826000,1362000,1622000,1369000,1051000,1541000,996000,964000]",568,9731000
10,90,8,"[371,411,487,530,439,506,353,358]","[1025000,1173000,1406000,1501000,1229000,1486000,1024000,1028000]",530,9872000
10,91,8,"[397,435,504,496,414,526,452,359]","[1184000,1237000,1498000,1396000,1185000,1549000,1269000,1066000]",526,10384000
10,92,8,"[321,494,501,503,410,458,364,324]","[958000,1389000,1473000,1403000,1130000,1372000,1044000,924000]",503,9693000
10,93,8,"[423,425,493,453,442,472,376,348]","[1196000,1213000,1427000,1340000,1233000,1388000,1060000,997000]",493,9854000
10,94,8,"[389,456,496,463,404,481,455,395]","[1108000,1309000,1423000,1370000,1120000,1421000,1278000,1125000]",496,10154000
10,95,8,"[383,422,490,504,430,484,295,373]","[1082000,1207000,1405000,1428000,1181000,1414000,851000,1079000]",504,9647000
10,96,8,"[368,413,504,497,436,480,363,392]","[1030000,1177000,1441000,1401000,1210000,1425000,1062000,1132000]",504,9878000
10,97,8,"[391,439,491,501,405,500,384,357]","[1160000,1247000,1447000,1403000,1131000,1504000,1078000,1005000]",501,9975000
10,98,8,"[308,475,522,498,412,503,364,325]","[917000,1333000,1542000,1404000,1134000,1480000,1047000,907000]",522,9764000
10,99,8,"[383,461,499,466,441,467,457,369]","[1091000,1321000,1425000,1372000,1233000,1399000,1283000,1062000]",499,10186000
10,100,8,"[347,483,478,498,415,500,307,440]","[1036000,1342000,1360000,1472000,1156000,1422000,868000,1288000]",500,9944000
10,101,8,"[390,465,497,461,442,486,453,368]","[1096000,1315000,1438000,1375000,1238000,1428000,1278000,1051000]",497,10219000
10,102,8,"[360,491,509,465,414,510,292,366]","[1059000,1373000,1459000,1359000,1171000,1506000,851000,1044000]",510,9822000
10,103,8,"[432,414,500,467,444,482,453,366]","[1248000,1179000,1431000,1387000,1239000,1424000,1271000,1047000]",500,10226000
10,104,8,"[367,421,501,504,436,502,344,422]","[1046000,1202000,1446000,1479000,1211000,1472000,978000,1210000]",504,10044000
10,105,8,"[363,410,533,507,424,444,355,372]","[1015000,1171000,1546000,1435000,1168000,1314000,1027000,1060000]",533,9736000
10,106,8,"[389,467,505,463,440,470,406,393]","[1103000,1334000,1448000,1367000,1228000,1402000,1164000,1114000]",505,10160000
10,107,8,"[349,415,508,500,424,515,370,406]","[977000,1177000,1459000,1420000,1170000,1504000,1042000,1148000]",515,9897000
10,108,8,"[351,420,505,498,436,463,343,434]","[1002000,1191000,1478000,1477000,1220000,1383000,968000,1243000]",505,9962000
10,109,8,"[365,429,510,504,425,515,369,398]","[1004000,1197000,1459000,1428000,1172000,1504000,1034000,1144000]",515,9942000
10,110,8,"[365,411,488,520,425,510,372,356]","[1011000,1173000,1411000,1472000,1168000,1506000,1061000,1018000]",520,9820000
10,111,8,"[337,448,510,516,433,510,355,335]","[973000,1289000,1456000,1452000,1197000,1503000,1028000,930000]",516,9828000
11,1,8,"[274,314,479,515,470,375,437,404]","[794000,889000,1432000,1509000,1378000,1007000,1251000,1166000]",515,9426000
11,2,8,"[359,342,482,422,455,488,489,340]","[1005000,955000,1414000,1237000,1315000,1394000,1341000,1014000]",489,9675000
11,3,8,"[358,312,476,498,468,392,439,402]","[1002000,885000,1417000,1460000,1357000,1059000,1252000,1162000]",498,9594000
11,4,8,"[357,339,482,444,459,479,472,392]","[1007000,974000,1439000,1292000,1338000,1359000,1336000,1125000]",482,9870000
11,5,8,"[284,509,501,429,467,371,472,371]","[806000,1442000,1446000,1257000,1278000,1013000,1325000,1069000]",509,9636000
11,6,8,"[282,353,484,556,423,337,516,415]","[799000,995000,1432000,1604000,1194000,938000,1429000,1197000]",556,9588000
11,7,8,"[438,436,484,422,454,431,475,368]","[1315000,1284000,1408000,1240000,1307000,1212000,1328000,1052000]",484,10146000
11,8,8,"[338,390,497,448,477,381,477,431]","[947000,1088000,1461000,1305000,1346000,1034000,1354000,1252000]",497,9787000
11,9,8,"[439,440,482,425,421,434,488,393]","[1313000,1284000,1408000,1241000,1219000,1206000,1357000,1114000]",488,10142000
11,10,8,"[377,387,490,416,455,464,459,395]","[1049000,1085000,1402000,1229000,1307000,1348000,1287000,1143000]",490,9850000
11,11,8,"[365,351,430,520,462,390,437,414]","[1008000,982000,1295000,1519000,1356000,1057000,1251000,1155000]",520,9623000
11,12,8,"[360,320,497,450,453,486,496,345]","[1005000,887000,1468000,1321000,1314000,1392000,1408000,1033000]",497,9828000
11,13,8,"[376,384,482,415,456,490,463,397]","[1047000,1079000,1393000,1224000,1309000,1396000,1295000,1143000]",490,9886000
11,14,8,"[343,305,477,502,509,401,464,430]","[932000,847000,1400000,1455000,1474000,1098000,1306000,1248000]",509,9760000
11,15,8,"[372,282,495,526,468,416,444,396]","[1032000,775000,1451000,1545000,1366000,1150000,1209000,1125000]",526,9653000
11,16,8,"[372,288,476,513,469,418,465,401]","[1022000,789000,1411000,1486000,1358000,1142000,1317000,1131000]",513,9656000
11,17,8,"[436,456,484,424,454,427,475,370]","[1310000,1330000,1423000,1235000,1307000,1205000,1328000,1056000]",484,10194000
11,18,8,"[368,303,497,499,419,490,458,389]","[1023000,849000,1456000,1470000,1193000,1411000,1274000,1115000]",499,9791000
11,19,8,"[338,306,486,438,511,401,470,446]","[936000,849000,1473000,1296000,1471000,1101000,1338000,1294000]",511,9758000
11,20,8,"[282,512,498,433,461,371,508,371]","[800000,1453000,1446000,1259000,1270000,1013000,1385000,1072000]",512,9698000
11,21,8,"[432,445,487,426,442,473,377,374]","[1293000,1307000,1424000,1248000,1286000,1350000,1079000,1068000]",487,10055000
11,22,8,"[466,366,482,501,472,390,457,450]","[1360000,1088000,1420000,1466000,1374000,1076000,1312000,1368000]",501,10464000
11,23,8,"[427,457,502,436,505,368,473,447]","[1206000,1334000,1495000,1222000,1453000,1002000,1333000,1287000]",505,10332000
11,24,8,"[361,313,476,517,466,376,434,406]","[1001000,861000,1402000,1509000,1370000,1007000,1236000,1142000]",517,9528000
11,25,8,"[504,439,487,422,463,351,481,434]","[1526000,1286000,1423000,1240000,1366000,957000,1340000,1300000]",504,10438000
11,26,8,"[458,394,504,484,524,369,438,434]","[1331000,1163000,1467000,1421000,1615000,995000,1241000,1289000]",524,10522000
11,27,8,"[375,439,485,425,457,551,459,349]","[1065000,1290000,1414000,1243000,1313000,1532000,1277000,1018000]",551,10152000
11,28,8,"[506,469,488,426,494,371,419,433]","[1550000,1338000,1420000,1253000,1447000,997000,1222000,1283000]",506,10510000
11,29,8,"[499,305,476,513,469,418,465,400]","[1510000,852000,1408000,1486000,1374000,1142000,1317000,1142000]",513,10231000
11,30,8,"[376,326,496,449,452,493,536,420]","[1092000,905000,1461000,1319000,1289000,1417000,1507000,1226000]",536,10216000
11,31,8,"[372,381,506,425,462,533,515,403]","[1049000,1075000,1474000,1250000,1278000,1480000,1417000,1161000]",533,10184000
11,32,8,"[279,525,527,445,474,376,511,377]","[793000,1461000,1522000,1289000,1343000,1021000,1410000,1099000]",527,9938000
11,33,8,"[370,313,496,458,466,415,461,395]","[1025000,868000,1448000,1360000,1351000,1141000,1269000,1127000]",496,9589000
11,34,8,"[489,440,503,501,494,393,450,473]","[1429000,1318000,1430000,1460000,1437000,1056000,1295000,1421000]",503,10846000
11,35,8,"[373,344,495,503,442,440,486,392]","[1026000,958000,1452000,1455000,1255000,1268000,1353000,1123000]",503,9890000
11,36,8,"[428,349,480,519,474,372,451,428]","[1256000,1031000,1404000,1509000,1382000,995000,1297000,1243000]",519,10117000
11,37,8,"[370,299,499,464,463,421,486,405]","[1033000,822000,1461000,1347000,1335000,1160000,1356000,1137000]",499,9651000
11,38,8,"[503,472,472,440,464,410,581,527]","[1557000,1395000,1397000,1288000,1285000,1159000,1634000,1545000]",581,11260000
11,39,8,"[350,331,494,526,469,413,443,370]","[972000,909000,1446000,1545000,1371000,1141000,1209000,1040000]",526,9633000
11,40,8,"[293,306,478,523,472,376,548,457]","[829000,852000,1418000,1532000,1389000,1016000,1489000,1370000]",548,9895000
11,41,8,"[361,323,487,513,521,372,435,410]","[1026000,935000,1454000,1502000,1553000,998000,1236000,1181000]",521,9885000
11,42,8,"[438,436,484,422,454,431,475,368]","[1309000,1284000,1408000,1240000,1313000,1212000,1328000,1058000]",484,10152000
11,43,8,"[340,395,516,481,481,323,456,434]","[938000,1094000,1512000,1399000,1359000,876000,1294000,1246000]",516,9718000
11,44,8,"[366,334,475,478,407,427,495,403]","[1029000,947000,1409000,1379000,1153000,1199000,1383000,1139000]",495,9638000
11,45,8,"[352,402,488,447,480,379,476,403]","[996000,1134000,1424000,1303000,1371000,1030000,1340000,1166000]",488,9764000
11,46,8,"[490,336,479,497,465,383,484,489]","[1452000,1000000,1432000,1454000,1347000,1057000,1393000,1488000]",497,10623000
11,47,8,"[332,308,485,439,462,401,476,438]","[915000,860000,1467000,1257000,1314000,1110000,1358000,1289000]",485,9570000
11,48,8,"[641,525,513,559,655,389,435,397]","[2258000,1457000,1486000,1574000,1944000,1057000,1245000,1142000]",655,12163000
11,49,8,"[355,406,488,419,444,464,423,408]","[1010000,1154000,1430000,1240000,1291000,1321000,1172000,1186000]",488,9804000
11,50,8,"[357,291,477,472,508,372,499,399]","[993000,803000,1413000,1319000,1398000,1013000,1377000,1158000]",508,9474000
11,51,8,"[428,540,486,519,445,390,565,482]","[1317000,1602000,1389000,1515000,1199000,1077000,1589000,1430000]",565,11118000
11,52,8,"[283,488,489,472,480,360,508,371]","[810000,1399000,1448000,1386000,1305000,990000,1396000,1072000]",508,9806000
11,53,8,"[401,337,485,424,464,485,535,380]","[1165000,945000,1419000,1250000,1338000,1390000,1473000,1150000]",535,10130000
11,54,8,"[369,303,534,484,421,488,462,392]","[1023000,849000,1543000,1422000,1195000,1411000,1291000,1121000]",534,9855000
11,55,8,"[419,523,486,423,455,432,482,443]","[1212000,1526000,1421000,1233000,1309000,1213000,1344000,1272000]",523,10530000
11,56,8,"[483,305,477,502,509,402,463,414]","[1423000,847000,1400000,1455000,1474000,1098000,1295000,1195000]",509,10187000
11,57,8,"[338,305,498,522,493,407,463,443]","[934000,847000,1450000,1518000,1418000,1108000,1295000,1275000]",522,9845000
11,58,8,"[375,385,492,444,490,488,460,395]","[1049000,1081000,1410000,1295000,1370000,1375000,1295000,1145000]",492,10020000
11,59,8,"[292,368,484,518,475,379,495,412]","[870000,1053000,1421000,1515000,1374000,1012000,1380000,1181000]",518,9806000
11,60,8,"[283,515,435,435,506,374,503,371]","[795000,1453000,1260000,1251000,1393000,1021000,1379000,1072000]",515,9624000
11,61,8,"[392,340,475,448,483,475,532,475]","[1169000,969000,1415000,1313000,1389000,1351000,1480000,1426000]",532,10512000
11,62,8,"[429,351,494,462,478,481,464,413]","[1209000,1014000,1455000,1320000,1389000,1359000,1318000,1255000]",494,10319000
11,63,8,"[404,532,486,424,495,483,450,433]","[1260000,1560000,1410000,1238000,1418000,1364000,1290000,1276000]",532,10816000
11,64,8,"[393,504,495,490,469,382,434,401]","[1201000,1456000,1428000,1380000,1367000,1048000,1234000,1137000]",504,10251000
11,65,8,"[373,384,482,415,456,490,463,400]","[1043000,1079000,1393000,1224000,1315000,1396000,1295000,1159000]",490,9904000
11,66,8,"[357,308,479,553,424,333,514,409]","[1009000,845000,1423000,1597000,1166000,933000,1361000,1155000]",553,9489000
11,67,8,"[377,323,474,427,617,410,469,394]","[1066000,873000,1358000,1256000,1752000,1168000,1313000,1125000]",617,9911000
11,68,8,"[431,344,478,440,546,382,459,448]","[1212000,1004000,1410000,1284000,1578000,1042000,1263000,1299000]",546,10092000
11,69,8,"[488,334,459,490,579,487,444,428]","[1296000,929000,1363000,1422000,1616000,1405000,1256000,1200000]",579,10487000
11,70,8,"[370,302,513,469,466,423,496,392]","[1033000,837000,1500000,1347000,1349000,1161000,1400000,1119000]",513,9746000
11,71,8,"[306,304,522,502,442,487,484,440]","[891000,854000,1494000,1480000,1276000,1410000,1350000,1280000]",522,10035000
11,72,8,"[473,373,479,495,474,467,542,431]","[1382000,1061000,1413000,1454000,1382000,1286000,1540000,1324000]",542,10842000
11,73,8,"[371,328,512,493,456,457,435,359]","[1058000,917000,1484000,1431000,1314000,1292000,1238000,1037000]",512,9771000
11,74,8,"[386,339,481,444,484,482,469,453]","[1077000,962000,1431000,1292000,1422000,1367000,1327000,1353000]",484,10231000
11,75,8,"[369,304,496,493,469,491,438,393]","[1025000,854000,1466000,1453000,1354000,1399000,1222000,1123000]",496,9896000
11,76,8,"[362,316,473,492,496,356,507,385]","[1003000,876000,1398000,1450000,1344000,979000,1396000,1116000]",507,9562000
11,77,8,"[488,335,492,501,463,387,433,510]","[1408000,986000,1460000,1449000,1341000,1057000,1234000,1514000]",510,10449000
11,78,8,"[490,457,512,443,487,477,494,463]","[1435000,1392000,1470000,1296000,1416000,1359000,1406000,1401000]",512,11175000
11,79,8,"[366,288,481,556,423,332,519,409]","[1016000,800000,1420000,1608000,1197000,928000,1440000,1177000]",556,9586000
11,80,8,"[379,288,478,526,466,410,452,399]","[1038000,803000,1410000,1543000,1346000,1135000,1242000,1134000]",526,9651000
11,81,8,"[376,318,508,540,473,463,499,408]","[1070000,884000,1514000,1543000,1302000,1280000,1377000,1165000]",540,10135000
11,82,8,"[371,290,492,528,467,411,438,398]","[1030000,816000,1435000,1543000,1367000,1137000,1209000,1129000]",528,9666000
11,83,8,"[369,303,496,489,458,489,454,389]","[1025000,849000,1451000,1431000,1295000,1411000,1266000,1115000]",496,9843000
11,84,8,"[268,313,472,517,466,422,488,439]","[759000,864000,1397000,1513000,1363000,1197000,1405000,1315000]",517,9813000
11,85,8,"[281,326,476,515,470,386,393,416]","[800000,922000,1417000,1509000,1371000,1052000,1142000,1205000]",515,9418000
11,86,8,"[374,338,477,423,455,491,489,340]","[1054000,947000,1391000,1238000,1315000,1403000,1341000,1020000]",491,9709000
11,87,8,"[356,310,475,496,477,382,439,400]","[1002000,881000,1402000,1454000,1394000,1041000,1252000,1154000]",496,9580000
11,88,8,"[362,347,436,449,458,481,475,427]","[1000000,1015000,1314000,1297000,1333000,1367000,1351000,1236000]",481,9913000
11,89,8,"[306,512,499,428,434,386,474,371]","[884000,1449000,1455000,1252000,1198000,1051000,1329000,1069000]",512,9687000
11,90,8,"[282,353,488,556,423,343,507,416]","[799000,995000,1447000,1602000,1194000,938000,1411000,1195000]",556,9581000
11,91,8,"[437,436,485,427,455,426,476,368]","[1313000,1289000,1408000,1250000,1307000,1199000,1330000,1048000]",485,10144000
11,92,8,"[338,393,487,497,477,380,414,432]","[945000,1090000,1430000,1462000,1347000,1032000,1174000,1256000]",497,9736000
11,93,8,"[438,438,483,425,434,440,472,394]","[1317000,1286000,1408000,1240000,1248000,1226000,1322000,1120000]",483,10167000
11,94,8,"[377,385,490,416,455,464,451,395]","[1049000,1081000,1402000,1223000,1307000,1348000,1275000,1143000]",490,9828000
11,95,8,"[366,354,432,511,465,377,433,407]","[1009000,982000,1293000,1505000,1347000,1023000,1240000,1150000]",511,9549000
11,96,8,"[359,320,503,451,455,483,495,345]","[1003000,887000,1479000,1326000,1324000,1383000,1404000,1033000]",503,9839000
11,97,8,"[373,384,482,415,456,490,463,400]","[1049000,1073000,1393000,1224000,1315000,1396000,1295000,1159000]",490,9904000
11,98,8,"[377,301,431,502,513,402,474,438]","[1049000,839000,1303000,1455000,1481000,1102000,1321000,1266000]",513,9816000
11,99,8,"[377,280,498,526,463,411,446,397]","[1033000,783000,1457000,1545000,1347000,1131000,1214000,1137000]",526,9647000
11,100,8,"[368,286,481,518,420,423,464,397]","[1016000,788000,1426000,1505000,1263000,1159000,1315000,1126000]",518,9598000
11,101,8,"[440,454,484,424,473,427,475,370]","[1326000,1316000,1423000,1235000,1364000,1205000,1328000,1048000]",484,10245000
11,102,8,"[369,299,495,500,420,488,460,392]","[1016000,829000,1452000,1478000,1193000,1411000,1299000,1125000]",500,9803000
11,103,8,"[338,306,486,438,511,401,470,448]","[936000,849000,1473000,1296000,1471000,1101000,1335000,1306000]",511,9767000
11,104,8,"[303,512,498,433,461,306,508,371]","[876000,1451000,1446000,1257000,1270000,859000,1391000,1072000]",512,9622000
12,1,8,"[400,453,478,432,479,465,482,455]","[1194000,1275000,1403000,1251000,1407000,1323000,1428000,1305000]",482,10586000
12,2,8,"[401,441,478,432,480,461,425,507]","[1199000,1240000,1403000,1251000,1409000,1309000,1239000,1485000]",507,10535000
12,3,8,"[397,436,471,424,496,465,480,454]","[1194000,1226000,1392000,1202000,1469000,1328000,1427000,1307000]",496,10545000
12,4,8,"[438,448,473,435,480,460,473,481]","[1282000,1258000,1390000,1254000,1418000,1307000,1408000,1389000]",481,10706000
12,5,8,"[441,450,478,476,451,461,479,478]","[1284000,1272000,1397000,1369000,1319000,1307000,1423000,1394000]",479,10765000
12,6,8,"[405,483,435,430,486,461,484,450]","[1200000,1371000,1281000,1247000,1433000,1309000,1429000,1293000]",486,10563000
12,7,8,"[441,448,478,479,451,461,479,478]","[1284000,1265000,1397000,1378000,1319000,1307000,1423000,1394000]",479,10767000
12,8,8,"[405,444,480,432,486,461,482,450]","[1200000,1248000,1407000,1251000,1433000,1309000,1425000,1293000]",486,10566000
12,9,8,"[438,457,478,481,451,461,480,481]","[1274000,1264000,1393000,1378000,1319000,1307000,1428000,1392000]",481,10755000
12,10,8,"[401,472,478,430,440,466,484,460]","[1201000,1340000,1403000,1247000,1295000,1325000,1448000,1337000]",484,10596000
12,11,8,"[403,440,480,434,482,465,508,432]","[1200000,1240000,1403000,1255000,1422000,1317000,1459000,1264000]",508,10560000
12,12,8,"[400,448,480,432,472,461,482,481]","[1187000,1254000,1410000,1254000,1393000,1309000,1425000,1402000]",482,10634000
12,13,8,"[405,444,480,432,486,461,482,450]","[1200000,1248000,1407000,1251000,1433000,1315000,1425000,1293000]",486,10572000
12,14,8,"[441,450,478,479,442,460,481,480]","[1284000,1269000,1397000,1378000,1295000,1307000,1439000,1407000]",481,10776000
12,15,8,"[442,447,478,432,476,463,482,477]","[1277000,1263000,1400000,1254000,1401000,1309000,1425000,1392000]",482,10721000
12,16,8,"[400,443,478,432,472,461,484,483]","[1194000,1244000,1403000,1251000,1393000,1309000,1435000,1412000]",484,10641000
12,17,8,"[416,444,474,483,454,466,471,483]","[1231000,1247000,1392000,1389000,1325000,1315000,1398000,1399000]",483,10696000
12,18,8,"[400,504,436,430,440,463,482,460]","[1199000,1444000,1283000,1247000,1295000,1319000,1444000,1337000]",504,10568000
12,19,8,"[437,443,476,483,440,462,472,483]","[1277000,1251000,1408000,1386000,1293000,1314000,1398000,1401000]",483,10728000
12,20,8,"[418,449,479,482,451,463,480,480]","[1238000,1254000,1397000,1383000,1322000,1309000,1428000,1402000]",482,10733000
12,21,8,"[449,482,467,434,487,463,485,484]","[1307000,1345000,1354000,1257000,1432000,1309000,1443000,1389000]",487,10836000
12,22,8,"[400,461,482,429,445,462,481,456]","[1199000,1312000,1414000,1242000,1303000,1317000,1442000,1311000]",482,10540000
12,23,8,"[401,492,477,434,443,461,519,429]","[1196000,1400000,1401000,1212000,1301000,1309000,1488000,1260000]",519,10567000
12,24,8,"[437,492,489,449,431,462,475,483]","[1277000,1386000,1409000,1269000,1277000,1311000,1415000,1394000]",492,10738000
12,25,8,"[400,444,481,436,474,465,508,470]","[1187000,1255000,1410000,1262000,1397000,1320000,1459000,1377000]",508,10667000
12,26,8,"[400,477,484,441,444,462,482,457]","[1199000,1338000,1418000,1266000,1301000,1317000,1447000,1313000]",484,10599000
12,27,8,"[406,443,482,433,488,463,480,464]","[1216000,1245000,1423000,1256000,1431000,1309000,1414000,1300000]",488,10594000
12,28,8,"[405,437,476,428,484,469,489,457]","[1199000,1228000,1405000,1237000,1426000,1330000,1451000,1304000]",489,10580000
12,29,8,"[443,448,486,435,477,461,482,478]","[1273000,1262000,1416000,1260000,1403000,1309000,1425000,1387000]",486,10735000
12,30,8,"[402,490,480,429,441,472,476,461]","[1204000,1399000,1401000,1202000,1293000,1346000,1418000,1327000]",490,10590000
12,31,8,"[445,436,476,435,485,466,488,486]","[1290000,1232000,1405000,1256000,1424000,1314000,1456000,1391000]",488,10768000
12,32,8,"[400,443,478,432,472,461,514,481]","[1194000,1246000,1403000,1251000,1393000,1309000,1492000,1396000]",514,10684000
12,33,8,"[401,494,475,429,441,488,482,458]","[1196000,1398000,1394000,1202000,1299000,1376000,1438000,1318000]",494,10621000
12,34,8,"[404,459,475,473,487,462,483,452]","[1194000,1263000,1392000,1336000,1432000,1315000,1436000,1297000]",487,10665000
12,35,8,"[441,448,478,439,490,464,479,481]","[1279000,1268000,1397000,1276000,1428000,1312000,1419000,1393000]",490,10772000
12,36,8,"[442,450,483,447,494,463,478,480]","[1289000,1272000,1410000,1269000,1434000,1307000,1418000,1386000]",494,10785000
12,37,8,"[443,452,476,437,480,465,486,479]","[1289000,1273000,1393000,1260000,1410000,1307000,1423000,1388000]",486,10743000
12,38,8,"[402,449,478,433,481,462,494,454]","[1194000,1252000,1403000,1256000,1417000,1317000,1440000,1304000]",494,10583000
12,39,8,"[397,436,471,424,496,465,480,454]","[1194000,1226000,1392000,1202000,1469000,1322000,1427000,1307000]",496,10539000
12,40,8,"[440,491,480,429,451,465,471,483]","[1274000,1408000,1413000,1199000,1319000,1317000,1398000,1398000]",491,10726000
12,41,8,"[405,475,484,444,435,461,479,465]","[1205000,1334000,1418000,1284000,1287000,1313000,1417000,1320000]",484,10578000
12,42,8,"[397,433,471,428,495,470,514,434]","[1194000,1220000,1392000,1210000,1485000,1333000,1480000,1284000]",514,10598000
12,43,8,"[440,507,480,432,453,465,472,485]","[1274000,1432000,1413000,1206000,1323000,1317000,1400000,1388000]",507,10753000
12,44,8,"[414,456,472,478,453,470,482,481]","[1227000,1266000,1400000,1373000,1326000,1319000,1428000,1406000]",482,10745000
12,45,8,"[440,493,478,432,434,466,477,487]","[1267000,1407000,1409000,1208000,1281000,1325000,1418000,1403000]",493,10718000
12,46,8,"[418,449,479,479,451,463,480,480]","[1238000,1257000,1397000,1374000,1322000,1309000,1428000,1402000]",480,10727000
12,47,8,"[440,455,476,437,498,465,482,511]","[1274000,1276000,1393000,1253000,1453000,1315000,1429000,1454000]",511,10847000
12,48,8,"[400,447,478,431,476,464,482,477]","[1194000,1254000,1403000,1252000,1401000,1311000,1425000,1389000]",482,10629000
12,49,8,"[398,437,474,426,506,462,482,456]","[1199000,1231000,1398000,1205000,1504000,1311000,1447000,1317000]",506,10612000
12,50,8,"[397,465,478,428,490,498,428,451]","[1196000,1329000,1410000,1230000,1416000,1425000,1257000,1292000]",498,10555000
12,51,8,"[437,447,473,435,486,460,475,477]","[1277000,1263000,1390000,1254000,1431000,1307000,1413000,1377000]",486,10712000
12,52,8,"[398,450,480,431,478,466,482,479]","[1187000,1260000,1410000,1252000,1405000,1315000,1425000,1393000]",482,10647000
12,53,8,"[400,461,479,429,444,464,482,456]","[1199000,1306000,1405000,1242000,1301000,1327000,1447000,1311000]",482,10538000
12,54,8,"[400,480,496,435,442,462,485,456]","[1194000,1362000,1460000,1214000,1301000,1311000,1447000,1320000]",496,10609000
12,55,8,"[402,490,480,429,441,472,476,461]","[1204000,1399000,1401000,1202000,1293000,1340000,1418000,1327000]",490,10584000
12,56,8,"[387,453,478,432,484,467,482,491]","[1156000,1275000,1397000,1251000,1426000,1327000,1435000,1418000]",491,10685000
12,57,8,"[401,474,478,429,445,460,429,503]","[1201000,1350000,1403000,1242000,1305000,1307000,1254000,1477000]",503,10539000
12,58,8,"[397,433,471,424,493,472,428,501]","[1194000,1220000,1392000,1202000,1481000,1337000,1261000,1464000]",501,10551000
12,59,8,"[375,444,477,456,473,461,480,484]","[1120000,1257000,1404000,1320000,1404000,1309000,1422000,1418000]",484,10654000
12,60,8,"[441,450,480,480,518,460,402,478]","[1284000,1269000,1397000,1380000,1536000,1307000,1182000,1388000]",518,10743000
12,61,8,"[400,511,438,430,440,463,483,460]","[1199000,1450000,1287000,1247000,1295000,1313000,1449000,1337000]",511,10577000
12,62,8,"[441,448,486,501,451,461,482,467]","[1284000,1265000,1422000,1419000,1315000,1307000,1429000,1390000]",501,10831000
12,63,8,"[405,444,475,459,486,461,482,450]","[1202000,1248000,1379000,1317000,1433000,1309000,1425000,1293000]",486,10606000
12,64,8,"[439,456,478,481,450,460,479,480]","[1284000,1269000,1393000,1378000,1317000,1307000,1417000,1381000]",481,10746000
12,65,8,"[397,518,479,434,446,463,484,456]","[1194000,1438000,1408000,1261000,1308000,1319000,1457000,1317000]",518,10702000
12,66,8,"[403,441,481,436,482,465,508,433]","[1193000,1240000,1410000,1262000,1422000,1320000,1459000,1269000]",508,10575000
12,67,8,"[400,448,486,473,477,461,482,478]","[1187000,1254000,1422000,1321000,1403000,1309000,1425000,1387000]",486,10708000
12,68,8,"[405,446,478,432,486,461,482,450]","[1200000,1255000,1400000,1251000,1433000,1315000,1425000,1293000]",486,10572000
12,69,8,"[442,452,478,445,444,502,482,482]","[1294000,1268000,1397000,1280000,1299000,1435000,1444000,1414000]",502,10831000
12,70,8,"[447,448,479,432,472,461,482,481]","[1284000,1256000,1402000,1249000,1393000,1309000,1425000,1402000]",482,10720000
12,71,8,"[400,443,478,432,472,461,535,481]","[1194000,1246000,1403000,1251000,1393000,1309000,1526000,1402000]",535,10724000
12,72,8,"[419,441,476,485,458,468,471,485]","[1231000,1238000,1392000,1393000,1334000,1318000,1395000,1407000]",485,10708000
12,73,8,"[400,506,436,429,442,460,543,452]","[1199000,1443000,1286000,1242000,1301000,1313000,1543000,1303000]",543,10630000
12,74,8,"[464,439,477,445,442,465,471,482]","[1352000,1236000,1413000,1277000,1295000,1315000,1398000,1405000]",482,10691000
12,75,8,"[418,449,479,482,459,463,481,483]","[1238000,1254000,1397000,1383000,1333000,1309000,1428000,1397000]",483,10739000
13,1,8,"[346,390,425,462,482,447,492,310]","[959000,1134000,1228000,1356000,1429000,1271000,1476000,831000]",492,9684000
13,2,8,"[352,385,429,461,477,458,453,409]","[980000,1094000,1241000,1363000,1424000,1297000,1359000,1091000]",477,9849000
13,3,8,"[300,391,426,463,483,448,493,360]","[879000,1130000,1236000,1358000,1423000,1279000,1481000,1026000]",493,9812000
13,4,8,"[362,393,479,464,424,466,475,419]","[1006000,1119000,1360000,1360000,1282000,1330000,1418000,1141000]",479,10016000
13,5,8,"[370,365,475,467,472,480,448,368]","[1031000,1000000,1358000,1372000,1406000,1393000,1339000,1039000]",480,9938000
13,6,8,"[362,363,479,466,472,462,475,419]","[1006000,1032000,1366000,1373000,1430000,1322000,1418000,1141000]",479,10088000
13,7,8,"[361,380,479,468,467,474,480,392]","[1004000,1102000,1359000,1367000,1408000,1343000,1353000,1126000]",480,10062000
13,8,8,"[457,369,400,441,474,483,474,388]","[1260000,1036000,1160000,1296000,1428000,1375000,1290000,1112000]",483,9957000
13,9,8,"[351,360,425,462,463,450,495,400]","[990000,1008000,1230000,1353000,1417000,1260000,1473000,1116000]",495,9847000
13,10,8,"[352,354,431,459,477,464,494,407]","[982000,996000,1243000,1350000,1418000,1306000,1475000,1086000]",494,9856000
13,11,8,"[362,396,480,457,467,434,481,389]","[1006000,1143000,1364000,1337000,1414000,1233000,1355000,1120000]",481,9972000
13,12,8,"[458,366,397,482,496,433,517,298]","[1293000,1029000,1149000,1406000,1462000,1244000,1442000,821000]",517,9846000
13,13,8,"[365,427,480,467,485,476,417,379]","[1022000,1176000,1359000,1375000,1444000,1372000,1161000,1083000]",485,9992000
13,14,8,"[380,423,480,468,437,447,458,399]","[1035000,1237000,1369000,1372000,1300000,1281000,1321000,1151000]",480,10066000
13,15,8,"[353,354,430,461,474,456,495,411]","[984000,996000,1250000,1360000,1425000,1270000,1475000,1095000]",495,9855000
13,16,8,"[369,379,480,467,466,475,481,370]","[1032000,1087000,1357000,1345000,1403000,1348000,1349000,1080000]",481,10001000
13,17,8,"[380,423,480,468,437,447,458,399]","[1035000,1237000,1369000,1372000,1300000,1281000,1321000,1151000]",480,10066000
13,18,8,"[356,413,476,467,483,476,443,385]","[1006000,1161000,1351000,1372000,1431000,1370000,1243000,1099000]",483,10033000
13,19,8,"[378,402,431,485,486,444,455,399]","[1035000,1162000,1200000,1439000,1453000,1266000,1311000,1154000]",486,10020000
13,20,8,"[368,390,489,464,484,475,433,383]","[1039000,1101000,1389000,1363000,1436000,1369000,1211000,1094000]",489,10002000
13,21,8,"[359,401,482,465,503,426,538,408]","[1008000,1108000,1372000,1358000,1486000,1239000,1553000,1160000]",538,10284000
13,22,8,"[420,366,483,487,488,448,557,419]","[1234000,1008000,1368000,1382000,1452000,1292000,1573000,1243000]",557,10552000
13,23,8,"[362,373,428,489,471,463,477,416]","[998000,1056000,1195000,1438000,1440000,1337000,1410000,1135000]",489,10009000
13,24,8,"[387,419,427,451,482,448,524,360]","[1049000,1200000,1190000,1317000,1424000,1283000,1548000,1017000]",524,10028000
13,25,8,"[364,441,481,467,473,465,477,415]","[1021000,1247000,1379000,1372000,1429000,1328000,1437000,1115000]",481,10328000
13,26,8,"[360,392,477,464,486,463,434,417]","[998000,1129000,1352000,1360000,1467000,1295000,1299000,1135000]",486,10035000
13,27,8,"[465,456,463,473,457,521,482,377]","[1320000,1353000,1307000,1393000,1385000,1467000,1345000,1079000]",521,10649000
13,28,8,"[342,381,372,475,427,509,504,408]","[963000,1073000,1063000,1426000,1265000,1450000,1487000,1089000]",509,9816000
13,29,8,"[346,418,480,468,487,480,441,408]","[977000,1185000,1362000,1371000,1445000,1401000,1254000,1106000]",487,10101000
13,30,8,"[364,434,430,485,491,444,496,443]","[1008000,1213000,1215000,1434000,1435000,1263000,1480000,1201000]",496,10249000
13,31,8,"[362,378,448,469,467,521,487,396]","[1002000,1083000,1285000,1379000,1385000,1466000,1366000,1130000]",521,10096000
13,32,8,"[374,439,433,488,487,423,504,390]","[1027000,1248000,1209000,1435000,1481000,1230000,1503000,1077000]",504,10210000
13,33,8,"[362,365,479,464,478,468,477,418]","[1006000,1034000,1360000,1360000,1419000,1334000,1417000,1145000]",479,10075000
13,34,8,"[370,366,475,466,479,431,514,378]","[1030000,1000000,1352000,1367000,1422000,1258000,1538000,1074000]",514,10041000
13,35,8,"[352,355,453,457,487,472,501,408]","[985000,996000,1287000,1338000,1451000,1317000,1487000,1086000]",501,9947000
13,36,8,"[381,405,434,492,508,450,531,349]","[1037000,1176000,1227000,1461000,1505000,1283000,1517000,987000]",531,10193000
13,37,8,"[361,395,473,456,464,498,413,397]","[1004000,1138000,1345000,1325000,1399000,1430000,1142000,1144000]",498,9927000
13,38,8,"[463,357,401,438,481,455,475,395]","[1283000,1005000,1171000,1290000,1445000,1278000,1289000,1126000]",481,9887000
13,39,8,"[562,362,399,450,469,481,555,345]","[1520000,1013000,1161000,1306000,1393000,1349000,1569000,978000]",562,10289000
13,40,8,"[388,403,447,522,486,446,532,354]","[1045000,1182000,1236000,1501000,1437000,1282000,1526000,1006000]",532,10215000
13,41,8,"[270,478,475,464,477,437,512,383]","[759000,1350000,1345000,1359000,1416000,1282000,1522000,1085000]",512,10118000
13,42,8,"[516,453,480,476,488,459,468,365]","[1461000,1314000,1368000,1383000,1475000,1284000,1311000,994000]",516,10590000
13,43,8,"[382,404,474,469,473,433,546,353]","[1043000,1139000,1343000,1383000,1410000,1280000,1610000,990000]",546,10198000
13,44,8,"[363,382,445,471,453,518,477,399]","[1010000,1091000,1273000,1383000,1359000,1469000,1339000,1133000]",518,10057000
13,45,8,"[353,370,433,462,454,451,497,410]","[979000,1025000,1241000,1359000,1379000,1277000,1489000,1091000]",497,9840000
13,46,8,"[384,400,480,501,481,444,541,355]","[1043000,1167000,1365000,1425000,1431000,1270000,1556000,1010000]",541,10267000
13,47,8,"[370,383,477,461,476,475,478,371]","[1031000,1107000,1349000,1338000,1417000,1356000,1343000,1082000]",478,10023000
13,48,8,"[389,354,468,496,490,443,551,359]","[1047000,1053000,1281000,1468000,1457000,1270000,1563000,1018000]",551,10157000
13,49,8,"[363,358,489,458,487,454,492,427]","[1011000,1022000,1390000,1339000,1448000,1297000,1367000,1208000]",492,10082000
13,50,8,"[387,402,430,482,485,442,537,353]","[1051000,1162000,1200000,1426000,1448000,1262000,1532000,1006000]",537,10087000
13,51,8,"[391,566,477,467,468,457,474,408]","[1105000,1606000,1365000,1372000,1413000,1312000,1419000,1105000]",566,10697000
13,52,8,"[350,359,477,478,460,449,493,398]","[991000,1004000,1356000,1370000,1402000,1258000,1469000,1114000]",493,9964000
13,53,8,"[379,374,429,466,490,467,475,447]","[1058000,1067000,1247000,1370000,1460000,1338000,1402000,1203000]",490,10145000
13,54,8,"[354,354,432,458,471,467,494,416]","[986000,996000,1263000,1351000,1420000,1304000,1475000,1105000]",494,9900000
13,55,8,"[300,391,426,464,486,449,493,357]","[879000,1139000,1233000,1363000,1435000,1286000,1481000,1020000]",493,9836000
13,56,8,"[346,390,425,462,482,447,492,310]","[959000,1134000,1228000,1356000,1429000,1271000,1476000,831000]",492,9684000
13,57,8,"[352,385,429,461,477,458,453,409]","[980000,1094000,1241000,1363000,1424000,1297000,1359000,1091000]",477,9849000
13,58,8,"[303,398,430,466,490,447,494,363]","[885000,1151000,1238000,1364000,1452000,1272000,1471000,1035000]",494,9868000
13,59,8,"[359,388,481,503,425,465,429,422]","[1000000,1103000,1363000,1486000,1288000,1334000,1275000,1143000]",503,9992000
13,60,8,"[369,398,478,466,427,474,446,368]","[1027000,1113000,1364000,1370000,1281000,1363000,1339000,1039000]",478,9896000
13,61,8,"[364,359,482,469,475,449,477,419]","[1016000,1008000,1373000,1370000,1427000,1288000,1425000,1138000]",482,10045000
13,62,8,"[361,380,478,468,467,516,421,392]","[1004000,1102000,1359000,1367000,1408000,1475000,1187000,1126000]",516,10028000
13,63,8,"[462,369,401,445,478,486,472,399]","[1279000,1040000,1162000,1300000,1440000,1390000,1283000,1139000]",486,10033000
13,64,8,"[355,356,430,466,459,411,494,422]","[1008000,1000000,1241000,1361000,1407000,1164000,1465000,1183000]",494,9829000
13,65,8,"[353,360,433,464,478,452,495,406]","[972000,1008000,1252000,1358000,1421000,1275000,1473000,1081000]",495,9840000
13,66,8,"[362,397,455,458,466,434,479,389]","[1006000,1145000,1318000,1339000,1409000,1233000,1348000,1120000]",479,9918000
13,67,8,"[458,395,397,480,454,434,519,298]","[1293000,1126000,1149000,1402000,1342000,1243000,1449000,821000]",519,9825000
13,68,8,"[368,426,412,468,484,477,449,378]","[1028000,1188000,1202000,1377000,1439000,1383000,1252000,1078000]",484,9947000
13,69,8,"[378,456,479,471,438,449,407,396]","[1035000,1348000,1356000,1378000,1302000,1283000,1168000,1143000]",479,10013000
13,70,8,"[353,354,429,472,474,456,495,431]","[984000,996000,1248000,1359000,1430000,1270000,1475000,1156000]",495,9918000
13,71,8,"[369,371,480,461,410,524,481,370]","[1032000,1053000,1357000,1337000,1231000,1516000,1349000,1080000]",524,9955000
13,72,8,"[380,423,480,472,437,447,458,397]","[1035000,1237000,1367000,1388000,1300000,1274000,1321000,1151000]",480,10073000
13,73,8,"[351,412,475,465,460,524,447,382]","[983000,1161000,1349000,1368000,1354000,1516000,1252000,1093000]",524,10076000
13,74,8,"[378,402,431,485,486,444,455,399]","[1035000,1162000,1200000,1439000,1453000,1266000,1311000,1154000]",486,10020000
13,75,8,"[376,387,488,469,487,476,436,377]","[1076000,1095000,1381000,1376000,1451000,1372000,1232000,1100000]",488,10083000
14,1,8,"[346,402,446,475,482,482,411,374]","[961000,1164000,1287000,1430000,1419000,1418000,1145000,1031000]",482,9855000
14,2,8,"[338,400,433,446,487,478,391,335]","[949000,1151000,1249000,1327000,1438000,1403000,1098000,988000]",487,9603000
14,3,8,"[343,379,426,474,443,484,411,342]","[959000,1118000,1215000,1428000,1345000,1413000,1166000,975000]",484,9619000
14,4,8,"[341,385,443,450,464,491,414,337]","[955000,1125000,1269000,1334000,1389000,1411000,1149000,966000]",491,9598000
14,5,8,"[343,375,440,473,446,484,407,364]","[959000,1095000,1251000,1423000,1347000,1413000,1132000,1019000]",484,9639000
14,6,8,"[422,454,445,482,481,448,408,393]","[1158000,1328000,1255000,1424000,1451000,1300000,1147000,1131000]",482,10194000
14,7,8,"[338,379,438,451,490,484,409,343]","[949000,1115000,1266000,1329000,1441000,1413000,1142000,976000]",490,9631000
14,8,8,"[338,380,437,448,488,492,408,339]","[949000,1117000,1253000,1326000,1445000,1416000,1140000,964000]",492,9610000
14,9,8,"[423,451,440,483,446,483,408,394]","[1164000,1322000,1247000,1435000,1336000,1413000,1144000,1133000]",483,10194000
14,10,8,"[344,381,423,479,460,489,413,337]","[964000,1118000,1203000,1436000,1383000,1413000,1149000,966000]",489,9632000
14,11,8,"[338,380,440,453,489,489,408,340]","[949000,1114000,1255000,1336000,1447000,1422000,1148000,962000]",489,9633000
14,12,8,"[344,378,443,477,463,488,410,337]","[964000,1114000,1266000,1432000,1383000,1411000,1138000,966000]",488,9674000
14,13,8,"[423,454,441,483,481,441,408,414]","[1156000,1322000,1251000,1426000,1451000,1274000,1142000,1182000]",483,10204000
14,14,8,"[338,374,440,449,495,495,406,334]","[949000,1092000,1257000,1336000,1475000,1422000,1137000,962000]",495,9630000
14,15,8,"[343,375,451,473,442,486,407,363]","[959000,1101000,1285000,1423000,1343000,1413000,1142000,1017000]",486,9683000
14,16,8,"[422,454,445,482,481,448,408,414]","[1156000,1328000,1255000,1424000,1451000,1300000,1147000,1168000]",482,10229000
14,17,8,"[338,379,449,448,479,484,414,368]","[949000,1112000,1300000,1320000,1406000,1424000,1149000,1028000]",484,9688000
14,18,8,"[338,379,438,452,490,484,409,343]","[949000,1115000,1266000,1334000,1441000,1413000,1142000,976000]",490,9636000
14,19,8,"[416,453,440,482,481,456,419,413]","[1138000,1323000,1258000,1424000,1451000,1329000,1168000,1165000]",482,10256000
14,20,8,"[344,379,430,477,481,484,412,345]","[961000,1115000,1219000,1435000,1421000,1424000,1152000,975000]",484,9702000
14,21,8,"[338,379,451,448,472,486,414,368]","[949000,1112000,1310000,1320000,1392000,1424000,1149000,1028000]",486,9684000
14,22,8,"[368,383,471,463,509,484,412,353]","[1003000,1134000,1337000,1370000,1531000,1424000,1139000,996000]",509,9934000
14,23,8,"[420,379,461,454,549,506,411,413]","[1146000,1117000,1327000,1343000,1626000,1471000,1152000,1165000]",549,10347000
14,24,8,"[344,400,444,473,445,484,408,364]","[959000,1151000,1263000,1423000,1349000,1413000,1153000,1022000]",484,9733000
14,25,8,"[338,385,440,445,493,487,416,372]","[949000,1128000,1270000,1318000,1453000,1413000,1148000,1040000]",493,9719000
14,26,8,"[433,385,471,468,487,478,420,414]","[1178000,1133000,1337000,1389000,1448000,1402000,1159000,1180000]",487,10226000
14,27,8,"[338,403,448,449,487,491,408,371]","[949000,1202000,1303000,1335000,1429000,1422000,1147000,1035000]",491,9822000
14,28,8,"[341,401,446,477,497,490,400,336]","[955000,1158000,1283000,1434000,1470000,1434000,1133000,966000]",497,9833000
14,29,8,"[344,381,420,477,474,484,412,345]","[961000,1115000,1193000,1435000,1398000,1424000,1152000,975000]",484,9653000
14,30,8,"[339,377,452,449,486,486,403,409]","[951000,1105000,1312000,1328000,1429000,1413000,1157000,1147000]",486,9842000
14,31,8,"[338,400,433,446,488,480,425,332]","[949000,1142000,1239000,1327000,1450000,1406000,1188000,953000]",488,9654000
14,32,8,"[437,384,464,461,507,507,410,368]","[1204000,1141000,1339000,1351000,1498000,1461000,1151000,1064000]",507,10209000
14,33,8,"[432,382,468,456,507,495,407,395]","[1194000,1142000,1335000,1344000,1518000,1446000,1159000,1127000]",507,10265000
14,34,8,"[344,382,444,475,483,484,407,361]","[961000,1125000,1263000,1430000,1419000,1424000,1139000,1010000]",484,9771000
14,35,8,"[344,380,446,475,486,486,409,335]","[961000,1113000,1269000,1430000,1423000,1424000,1141000,957000]",486,9718000
14,36,8,"[343,379,423,475,443,487,410,343]","[959000,1118000,1203000,1428000,1348000,1405000,1158000,990000]",487,9609000
14,37,8,"[344,378,442,477,463,486,410,335]","[964000,1104000,1264000,1432000,1383000,1422000,1141000,957000]",486,9667000
14,38,8,"[341,398,443,498,464,492,405,336]","[954000,1153000,1279000,1503000,1396000,1421000,1143000,964000]",498,9813000
14,39,8,"[434,378,471,456,514,492,413,369]","[1198000,1109000,1337000,1344000,1537000,1425000,1153000,1027000]",514,10130000
14,40,8,"[344,379,440,477,483,486,416,342]","[961000,1108000,1259000,1435000,1431000,1428000,1155000,975000]",486,9752000
14,41,8,"[432,377,468,454,500,514,405,413]","[1174000,1117000,1335000,1333000,1487000,1485000,1158000,1165000]",514,10254000
14,42,8,"[569,382,439,481,445,487,415,523]","[1575000,1118000,1262000,1435000,1348000,1419000,1165000,1508000]",569,10830000
14,43,8,"[339,373,466,456,512,494,406,334]","[951000,1097000,1331000,1344000,1524000,1429000,1137000,961000]",512,9774000
14,44,8,"[344,378,445,475,484,487,409,335]","[961000,1110000,1276000,1430000,1423000,1426000,1145000,957000]",487,9728000
14,45,8,"[433,384,462,453,520,508,407,329]","[1196000,1143000,1327000,1327000,1541000,1466000,1144000,931000]",520,10075000
14,46,8,"[425,464,458,483,503,445,410,396]","[1166000,1351000,1300000,1431000,1495000,1295000,1150000,1132000]",503,10320000
14,47,8,"[338,395,435,446,488,480,393,365]","[949000,1135000,1253000,1327000,1450000,1407000,1093000,1042000]",488,9656000
14,48,8,"[419,400,446,474,484,478,433,468]","[1171000,1139000,1290000,1419000,1424000,1406000,1196000,1344000]",484,10389000
14,49,8,"[344,381,471,477,483,484,414,342]","[961000,1112000,1333000,1435000,1434000,1424000,1145000,975000]",484,9819000
14,50,8,"[338,374,440,450,495,495,406,334]","[949000,1092000,1257000,1341000,1475000,1422000,1137000,962000]",495,9635000
14,51,8,"[347,374,437,477,459,516,404,365]","[976000,1099000,1255000,1434000,1364000,1489000,1145000,1019000]",516,9781000
14,52,8,"[343,375,448,473,442,484,400,363]","[959000,1101000,1283000,1423000,1343000,1413000,1131000,1015000]",484,9668000
14,53,8,"[341,398,425,481,486,491,407,348]","[955000,1167000,1216000,1434000,1429000,1424000,1142000,989000]",491,9756000
14,54,8,"[432,377,467,456,500,514,405,410]","[1180000,1117000,1335000,1338000,1487000,1485000,1158000,1185000]",514,10285000
14,55,8,"[338,380,442,453,470,491,411,338]","[949000,1117000,1261000,1341000,1412000,1415000,1144000,964000]",491,9603000
14,56,8,"[417,380,461,456,508,516,434,342]","[1144000,1132000,1327000,1347000,1487000,1491000,1217000,977000]",516,10122000
14,57,8,"[425,375,467,453,505,507,408,425]","[1151000,1110000,1337000,1332000,1513000,1461000,1147000,1199000]",507,10250000
14,58,8,"[341,379,422,501,486,492,409,346]","[955000,1113000,1199000,1471000,1437000,1419000,1144000,978000]",501,9716000
14,59,8,"[341,381,427,476,488,488,409,343]","[955000,1119000,1217000,1429000,1435000,1418000,1145000,974000]",488,9692000
14,60,8,"[341,381,446,474,490,484,412,345]","[955000,1111000,1274000,1422000,1446000,1413000,1138000,973000]",490,9732000
14,61,8,"[343,377,441,476,445,486,410,344]","[959000,1107000,1267000,1438000,1348000,1413000,1151000,974000]",486,9657000
14,62,8,"[344,378,441,477,480,492,411,337]","[964000,1114000,1266000,1432000,1413000,1415000,1148000,966000]",492,9718000
14,63,8,"[346,411,447,476,483,474,408,360]","[961000,1184000,1289000,1426000,1423000,1396000,1143000,1023000]",483,9845000
14,64,8,"[338,416,389,443,485,479,393,343]","[949000,1194000,1149000,1321000,1438000,1403000,1093000,998000]",485,9545000
14,65,8,"[343,379,426,474,447,490,410,336]","[959000,1118000,1205000,1428000,1353000,1424000,1151000,964000]",490,9602000
14,66,8,"[338,378,467,455,416,487,408,345]","[949000,1122000,1348000,1343000,1262000,1411000,1142000,975000]",487,9552000
14,67,8,"[338,373,446,483,441,485,408,360]","[949000,1097000,1279000,1463000,1350000,1413000,1146000,1014000]",485,9711000
14,68,8,"[422,454,445,482,481,448,408,393]","[1158000,1328000,1255000,1427000,1451000,1307000,1147000,1131000]",482,10204000
14,69,8,"[338,379,441,445,490,478,407,327]","[949000,1107000,1281000,1321000,1443000,1395000,1136000,957000]",490,9589000
14,70,8,"[338,384,441,448,494,488,411,336]","[949000,1128000,1263000,1326000,1455000,1418000,1146000,964000]",494,9649000
14,71,8,"[432,451,441,495,451,486,405,388]","[1186000,1320000,1256000,1475000,1351000,1417000,1145000,1116000]",495,10266000
14,72,8,"[344,383,423,472,471,489,413,337]","[964000,1129000,1203000,1413000,1394000,1420000,1150000,966000]",489,9639000
14,73,8,"[329,392,437,451,490,484,411,333]","[932000,1149000,1247000,1337000,1445000,1405000,1151000,953000]",490,9619000
14,74,8,"[344,378,443,475,463,488,410,337]","[964000,1114000,1266000,1425000,1383000,1418000,1138000,966000]",488,9674000
14,75,8,"[423,416,444,484,484,472,407,412]","[1156000,1221000,1252000,1426000,1454000,1367000,1142000,1176000]",484,10194000
14,76,8,"[341,374,442,453,487,489,409,337]","[955000,1096000,1292000,1343000,1443000,1422000,1143000,970000]",489,9664000
14,77,8,"[355,384,448,477,447,490,403,362]","[1009000,1124000,1292000,1428000,1354000,1423000,1134000,1016000]",490,9780000
14,78,8,"[422,455,446,482,482,445,408,414]","[1156000,1330000,1261000,1424000,1446000,1301000,1150000,1168000]",482,10236000
14,79,8,"[338,377,449,450,479,486,409,371]","[949000,1111000,1300000,1320000,1406000,1424000,1149000,1040000]",486,9699000
14,80,8,"[338,383,436,444,491,547,414,332]","[949000,1118000,1253000,1323000,1454000,1538000,1159000,959000]",547,9753000
14,81,8,"[416,451,443,482,479,456,407,414]","[1138000,1322000,1255000,1424000,1441000,1329000,1145000,1168000]",482,10222000
14,82,8,"[343,379,421,488,488,488,411,360]","[959000,1111000,1195000,1456000,1430000,1430000,1150000,999000]",488,9730000
15,1,8,"[368,388,424,466,451,465,454,425]","[1043000,1069000,1205000,1274000,1301000,1377000,1327000,1193000]",466,9789000
15,2,8,"[359,299,473,463,456,462,447,362]","[999000,802000,1381000,1269000,1317000,1395000,1309000,1012000]",473,9484000
15,3,8,"[362,285,478,462,476,387,450,395]","[1030000,755000,1396000,1320000,1386000,1115000,1296000,1113000]",478,9411000
15,4,8,"[361,227,474,473,488,410,483,404]","[1002000,630000,1389000,1327000,1378000,1161000,1350000,1104000]",488,9341000
15,5,8,"[363,230,475,481,450,467,456,376]","[1012000,633000,1391000,1337000,1296000,1348000,1297000,1048000]",481,9362000
15,6,8,"[359,228,479,469,499,436,479,373]","[1006000,635000,1390000,1323000,1426000,1275000,1345000,1032000]",499,9432000
15,7,8,"[368,315,483,451,449,429,453,471]","[1042000,828000,1392000,1260000,1261000,1237000,1319000,1317000]",483,9656000
15,8,8,"[359,228,486,478,480,459,456,444]","[990000,642000,1407000,1379000,1326000,1317000,1310000,1244000]",486,9615000
15,9,8,"[377,361,476,407,472,420,458,462]","[1069000,970000,1385000,1111000,1311000,1236000,1345000,1305000]",476,9732000
15,10,8,"[372,286,476,473,479,439,461,414]","[1062000,769000,1381000,1346000,1393000,1298000,1279000,1154000]",479,9682000
15,11,8,"[362,230,486,468,490,464,477,368]","[1004000,644000,1407000,1269000,1367000,1347000,1380000,1051000]",490,9469000
15,12,8,"[368,361,474,444,451,462,451,419]","[1044000,973000,1383000,1215000,1296000,1384000,1318000,1177000]",474,9790000
15,13,8,"[302,268,477,473,460,459,477,458]","[838000,755000,1385000,1345000,1295000,1382000,1381000,1307000]",477,9688000
15,14,8,"[238,292,482,462,494,473,467,379]","[698000,791000,1397000,1309000,1409000,1420000,1348000,1064000]",494,9436000
15,15,8,"[367,243,476,469,487,426,481,405]","[1020000,687000,1386000,1317000,1388000,1234000,1346000,1118000]",487,9496000
15,16,8,"[359,228,486,478,480,457,458,444]","[990000,642000,1407000,1379000,1326000,1317000,1318000,1244000]",486,9623000
15,17,8,"[263,297,474,461,494,473,469,379]","[745000,795000,1383000,1310000,1409000,1417000,1355000,1064000]",494,9478000
15,18,8,"[377,337,477,461,452,460,458,417]","[1054000,885000,1389000,1264000,1303000,1391000,1331000,1183000]",477,9800000
15,19,8,"[266,319,442,468,495,474,469,387]","[749000,869000,1252000,1322000,1413000,1428000,1352000,1080000]",495,9465000
15,20,8,"[360,329,480,464,485,420,453,439]","[1009000,869000,1400000,1314000,1348000,1236000,1326000,1234000]",485,9736000
15,21,8,"[263,297,475,472,493,474,468,379]","[745000,795000,1373000,1344000,1409000,1419000,1353000,1064000]",493,9502000
15,22,8,"[397,299,474,469,495,523,470,484]","[1153000,801000,1383000,1315000,1413000,1499000,1328000,1425000]",523,10317000
15,23,8,"[363,232,490,470,499,437,454,446]","[1002000,647000,1417000,1344000,1425000,1246000,1307000,1248000]",499,9636000
15,24,8,"[375,224,481,475,461,454,479,459]","[1029000,628000,1398000,1352000,1297000,1376000,1381000,1320000]",481,9781000
15,25,8,"[366,229,490,478,482,490,479,373]","[1016000,642000,1408000,1297000,1363000,1400000,1396000,1067000]",490,9589000
15,26,8,"[430,260,478,397,469,429,550,448]","[1156000,739000,1390000,1085000,1309000,1246000,1640000,1271000]",550,9836000
15,27,8,"[400,448,474,458,478,451,451,469]","[1136000,1235000,1383000,1279000,1322000,1303000,1295000,1287000]",478,10240000
15,28,8,"[286,302,479,463,468,427,469,402]","[790000,809000,1393000,1320000,1305000,1229000,1355000,1101000]",479,9302000
15,29,8,"[365,410,477,464,516,427,433,454]","[1018000,1110000,1388000,1309000,1488000,1240000,1238000,1262000]",516,10053000
15,30,8,"[448,339,480,424,488,423,464,489]","[1255000,900000,1404000,1174000,1390000,1242000,1360000,1390000]",489,10115000
15,31,8,"[297,350,475,473,479,450,448,385]","[913000,907000,1381000,1357000,1324000,1289000,1322000,1076000]",479,9569000
15,32,8,"[427,356,493,466,491,465,476,484]","[1359000,1013000,1417000,1265000,1365000,1350000,1381000,1457000]",493,10607000
15,33,8,"[353,229,480,483,452,469,464,377]","[966000,636000,1399000,1339000,1306000,1347000,1319000,1048000]",483,9360000
15,34,8,"[384,393,438,462,450,460,461,428]","[1056000,1073000,1254000,1287000,1296000,1373000,1343000,1194000]",462,9876000
15,35,8,"[256,267,473,469,492,458,450,383]","[722000,737000,1381000,1328000,1403000,1380000,1315000,1072000]",492,9338000
15,36,8,"[403,230,489,462,490,464,487,490]","[1181000,644000,1409000,1257000,1367000,1344000,1442000,1457000]",490,10101000
15,37,8,"[363,229,476,475,469,428,488,403]","[1002000,636000,1387000,1330000,1337000,1200000,1360000,1107000]",488,9359000
15,38,8,"[486,411,483,506,456,431,487,425]","[1381000,1101000,1422000,1425000,1325000,1267000,1356000,1213000]",506,10490000
15,39,8,"[431,230,473,466,493,423,489,501]","[1186000,632000,1381000,1325000,1409000,1241000,1419000,1368000]",501,9961000
15,40,8,"[361,278,484,461,455,504,499,392]","[1014000,747000,1415000,1286000,1279000,1545000,1418000,1121000]",504,9825000
15,41,8,"[404,324,424,461,477,394,522,507]","[1233000,872000,1205000,1270000,1377000,1137000,1506000,1491000]",522,10091000
15,42,8,"[363,231,478,417,465,423,481,465]","[1013000,632000,1400000,1136000,1305000,1239000,1391000,1338000]",481,9454000
15,43,8,"[359,360,476,419,439,510,449,421]","[1057000,968000,1393000,1163000,1278000,1452000,1311000,1181000]",510,9803000
15,44,8,"[367,230,479,452,453,429,493,503]","[1011000,649000,1392000,1251000,1267000,1246000,1406000,1404000]",503,9626000
15,45,8,"[439,255,494,482,493,416,481,431]","[1200000,715000,1419000,1388000,1340000,1237000,1400000,1206000]",494,9905000
15,46,8,"[358,246,481,461,490,454,455,380]","[1001000,672000,1401000,1288000,1394000,1327000,1336000,1063000]",490,9482000
15,47,8,"[352,279,476,471,530,446,452,478]","[969000,740000,1386000,1337000,1519000,1264000,1293000,1352000]",530,9860000
15,48,8,"[361,322,474,463,459,421,454,453]","[1006000,859000,1383000,1309000,1301000,1241000,1328000,1258000]",474,9685000
15,49,8,"[361,342,441,461,486,415,460,440]","[1011000,915000,1250000,1311000,1341000,1226000,1346000,1249000]",486,9649000
15,50,8,"[236,310,476,477,480,439,481,383]","[676000,851000,1376000,1350000,1395000,1299000,1394000,1068000]",481,9409000
15,51,8,"[360,224,485,460,452,482,515,433]","[1001000,628000,1410000,1265000,1300000,1415000,1439000,1249000]",515,9707000
15,52,8,"[363,230,496,460,473,457,474,402]","[994000,644000,1429000,1279000,1345000,1362000,1357000,1143000]",496,9553000
15,53,8,"[359,228,493,459,478,451,454,444]","[990000,642000,1427000,1308000,1319000,1277000,1310000,1244000]",493,9517000
15,54,8,"[360,229,477,443,478,463,475,383]","[1001000,644000,1389000,1204000,1333000,1349000,1376000,1086000]",478,9382000
15,55,8,"[362,312,445,465,453,461,450,468]","[1016000,899000,1251000,1272000,1302000,1384000,1324000,1307000]",468,9755000
15,56,8,"[301,299,479,462,496,505,469,402]","[815000,803000,1402000,1310000,1409000,1434000,1355000,1110000]",505,9638000
15,57,8,"[310,363,479,489,487,458,460,381]","[919000,947000,1396000,1394000,1348000,1322000,1343000,1074000]",489,9743000
15,58,8,"[266,319,442,487,464,474,469,387]","[749000,869000,1252000,1399000,1309000,1428000,1352000,1080000]",487,9438000
15,59,8,"[441,254,480,463,493,422,473,401]","[1201000,731000,1400000,1311000,1400000,1226000,1366000,1111000]",493,9746000
15,60,8,"[378,380,474,454,480,399,454,424]","[1064000,1031000,1383000,1242000,1351000,1167000,1326000,1190000]",480,9754000
15,61,8,"[367,241,476,469,487,426,481,405]","[1020000,671000,1386000,1317000,1388000,1234000,1346000,1118000]",487,9480000
15,62,8,"[363,301,481,449,456,427,453,464]","[1005000,816000,1405000,1247000,1271000,1231000,1329000,1307000]",481,9611000
15,63,8,"[377,361,477,410,476,421,458,411]","[1069000,970000,1387000,1116000,1319000,1238000,1345000,1167000]",477,9611000
15,64,8,"[372,280,485,467,479,378,450,393]","[1048000,745000,1412000,1330000,1394000,1107000,1293000,1108000]",485,9437000
15,65,8,"[364,339,481,463,481,429,475,433]","[1011000,911000,1403000,1313000,1335000,1277000,1372000,1220000]",481,9842000
15,66,8,"[315,385,488,482,481,445,455,394]","[937000,1022000,1405000,1393000,1327000,1283000,1327000,1108000]",488,9802000
15,67,8,"[316,382,439,479,482,445,455,395]","[945000,1013000,1248000,1383000,1330000,1301000,1333000,1097000]",482,9650000
15,68,8,"[366,298,476,473,482,416,483,438]","[1011000,783000,1378000,1344000,1339000,1228000,1407000,1251000]",483,9741000
15,69,8,"[364,291,480,467,493,475,481,380]","[1005000,812000,1390000,1317000,1412000,1354000,1397000,1069000]",493,9756000
15,70,8,"[360,229,480,473,478,462,476,382]","[1001000,644000,1392000,1348000,1333000,1346000,1381000,1084000]",480,9529000
15,71,8,"[347,283,479,472,478,440,456,471]","[993000,754000,1373000,1344000,1391000,1309000,1271000,1296000]",479,9731000
15,72,8,"[361,335,481,448,450,427,452,413]","[1025000,894000,1393000,1245000,1266000,1232000,1324000,1186000]",481,9565000
15,73,8,"[361,228,488,476,478,459,456,444]","[994000,642000,1410000,1366000,1322000,1303000,1305000,1246000]",488,9588000
15,74,8,"[365,231,494,441,500,379,477,374]","[1022000,647000,1439000,1196000,1432000,1077000,1376000,1057000]",500,9246000
15,75,8,"[391,320,441,473,494,479,470,491]","[1221000,869000,1252000,1278000,1407000,1444000,1350000,1457000]",494,10278000
15,76,8,"[364,407,476,465,495,434,486,455]","[1015000,1101000,1386000,1335000,1415000,1261000,1364000,1229000]",495,10106000
15,77,8,"[233,319,439,465,478,473,466,384]","[665000,869000,1246000,1317000,1392000,1423000,1346000,1077000]",478,9335000
15,78,8,"[346,286,473,473,492,474,482,475]","[1018000,753000,1381000,1342000,1403000,1428000,1351000,1380000]",492,10056000
15,79,8,"[363,228,486,425,456,461,477,381]","[1007000,642000,1410000,1184000,1311000,1334000,1378000,1084000]",486,9350000
15,80,8,"[361,436,433,459,483,469,464,489]","[1013000,1202000,1223000,1266000,1382000,1414000,1349000,1362000]",489,10211000
15,81,8,"[369,281,476,477,468,416,461,365]","[1036000,750000,1381000,1361000,1315000,1228000,1345000,1045000]",477,9461000
15,82,8,"[359,299,473,463,456,462,435,473]","[999000,802000,1381000,1269000,1317000,1395000,1276000,1323000]",473,9762000
15,83,8,"[263,346,473,458,472,472,439,379]","[745000,935000,1381000,1301000,1370000,1415000,1280000,1064000]",473,9491000
15,84,8,"[423,306,473,494,484,419,471,483]","[1279000,815000,1381000,1408000,1370000,1188000,1338000,1425000]",494,10204000
15,85,8,"[385,314,473,462,454,395,454,471]","[1151000,844000,1381000,1263000,1307000,1136000,1306000,1329000]",473,9717000
15,86,8,"[368,388,454,398,451,458,455,430]","[1040000,1069000,1295000,1117000,1301000,1369000,1329000,1202000]",458,9722000
15,87,8,"[359,299,473,464,456,460,455,362]","[999000,802000,1381000,1269000,1317000,1388000,1327000,1012000]",473,9495000
15,88,8,"[363,295,482,466,477,385,437,393]","[1032000,797000,1413000,1334000,1388000,1123000,1248000,1108000]",482,9443000
15,89,8,"[335,230,473,472,487,409,482,402]","[944000,640000,1387000,1323000,1376000,1164000,1349000,1104000]",487,9287000
15,90,8,"[327,230,475,489,450,464,459,384]","[934000,634000,1391000,1368000,1296000,1336000,1307000,1082000]",489,9348000
15,91,8,"[359,228,479,470,482,439,482,373]","[1000000,645000,1390000,1325000,1387000,1279000,1357000,1030000]",482,9413000
15,92,8,"[370,316,476,450,460,426,453,460]","[1049000,827000,1386000,1251000,1279000,1230000,1329000,1301000]",476,9652000
15,93,8,"[359,228,505,473,482,451,451,444]","[990000,642000,1457000,1360000,1326000,1287000,1295000,1242000]",505,9599000
15,94,8,"[378,366,477,418,473,424,467,473]","[1071000,995000,1385000,1148000,1309000,1244000,1366000,1325000]",477,9843000
15,95,8,"[374,286,475,472,480,437,446,424]","[1061000,769000,1376000,1344000,1395000,1288000,1246000,1183000]",480,9662000
15,96,8,"[364,262,487,439,492,470,478,374]","[1010000,730000,1409000,1187000,1383000,1369000,1383000,1069000]",492,9540000
15,97,8,"[378,361,478,446,454,464,451,422]","[1086000,985000,1396000,1223000,1304000,1402000,1315000,1181000]",478,9892000
15,98,8,"[299,266,486,477,461,454,495,461]","[832000,746000,1415000,1356000,1297000,1371000,1420000,1324000]",495,9761000
15,99,8,"[297,295,494,467,493,469,468,379]","[850000,795000,1385000,1318000,1409000,1409000,1353000,1064000]",494,9583000
15,100,8,"[367,243,478,470,473,428,482,405]","[1017000,677000,1396000,1317000,1360000,1238000,1354000,1118000]",482,9477000
15,101,8,"[361,229,486,478,489,459,456,445]","[992000,642000,1407000,1379000,1362000,1338000,1310000,1250000]",489,9680000
15,102,8,"[261,336,473,416,493,473,468,379]","[741000,921000,1381000,1183000,1409000,1415000,1353000,1064000]",493,9467000
15,103,8,"[378,338,477,414,456,460,507,413]","[1068000,887000,1389000,1130000,1311000,1390000,1469000,1171000]",507,9815000
15,104,8,"[268,320,444,468,495,468,471,387]","[753000,874000,1259000,1329000,1413000,1394000,1356000,1083000]",495,9461000
15,105,8,"[364,272,474,460,480,422,455,430]","[1012000,772000,1383000,1303000,1333000,1239000,1336000,1208000]",480,9586000
16,1,8,"[441,482,443,399,475,405,255,279]","[1272000,1408000,1306000,1133000,1410000,1153000,741000,839000]",482,9262000
16,2,8,"[407,468,383,460,463,465,284,281]","[1201000,1399000,1093000,1337000,1352000,1322000,833000,842000]",468,9379000
16,3,8,"[466,461,385,454,448,471,259,279]","[1342000,1378000,1103000,1325000,1324000,1352000,741000,825000]",471,9390000
16,4,8,"[441,477,404,394,473,500,255,279]","[1275000,1386000,1178000,1113000,1406000,1412000,741000,839000]",500,9350000
16,5,8,"[430,474,379,464,450,470,254,325]","[1240000,1383000,1103000,1322000,1353000,1324000,739000,917000]",474,9381000
16,6,8,"[464,468,382,461,467,466,260,280]","[1342000,1404000,1091000,1350000,1359000,1327000,742000,843000]",468,9458000
16,7,8,"[445,487,412,395,471,495,278,248]","[1283000,1411000,1208000,1127000,1385000,1393000,806000,740000]",495,9353000
16,8,8,"[420,505,388,421,463,408,281,284]","[1238000,1515000,1117000,1239000,1348000,1168000,832000,840000]",505,9297000
16,9,8,"[440,488,409,390,473,498,259,277]","[1267000,1423000,1199000,1104000,1396000,1392000,749000,829000]",498,9359000
16,10,8,"[415,475,446,400,419,469,331,292]","[1214000,1385000,1267000,1133000,1258000,1370000,962000,863000]",475,9452000
16,11,8,"[471,464,407,472,401,464,307,278]","[1383000,1357000,1186000,1339000,1189000,1331000,863000,841000]",472,9489000
16,12,8,"[434,477,434,420,506,401,247,318]","[1253000,1380000,1239000,1254000,1468000,1146000,712000,894000]",506,9346000
16,13,8,"[466,462,359,453,447,476,262,280]","[1342000,1386000,1054000,1326000,1322000,1377000,748000,831000]",476,9386000
16,14,8,"[424,466,449,446,421,468,325,296]","[1247000,1370000,1273000,1221000,1268000,1359000,954000,880000]",468,9572000
16,15,8,"[452,462,386,457,449,474,282,301]","[1321000,1378000,1108000,1340000,1334000,1357000,793000,883000]",474,9514000
16,16,8,"[463,469,429,459,448,436,431,280]","[1322000,1384000,1236000,1326000,1328000,1265000,1222000,848000]",469,9931000
16,17,8,"[430,476,373,464,450,470,253,324]","[1242000,1390000,1088000,1332000,1353000,1345000,737000,915000]",476,9402000
16,18,8,"[480,474,380,468,449,433,277,258]","[1389000,1383000,1108000,1350000,1351000,1235000,812000,769000]",480,9397000
16,19,8,"[462,464,388,455,451,473,287,296]","[1347000,1387000,1108000,1327000,1343000,1362000,811000,871000]",473,9556000
16,20,8,"[460,471,423,445,445,448,432,301]","[1316000,1387000,1230000,1281000,1322000,1276000,1221000,869000]",471,9902000
16,21,8,"[460,483,384,517,445,438,433,308]","[1316000,1417000,1119000,1451000,1322000,1265000,1229000,883000]",517,10002000
16,22,8,"[470,481,434,407,483,470,311,338]","[1389000,1390000,1255000,1198000,1392000,1336000,931000,954000]",483,9845000
16,23,8,"[489,469,429,460,448,435,431,280]","[1395000,1384000,1236000,1328000,1328000,1260000,1222000,848000]",489,10001000
16,24,8,"[479,474,379,477,449,468,282,302]","[1391000,1383000,1106000,1359000,1351000,1322000,816000,889000]",479,9617000
16,25,8,"[455,481,429,389,509,470,326,298]","[1333000,1392000,1251000,1126000,1502000,1346000,926000,887000]",509,9763000
16,26,8,"[446,480,379,391,444,496,257,283]","[1291000,1401000,1118000,1157000,1319000,1396000,748000,853000]",496,9283000
16,27,8,"[468,462,359,453,451,466,262,280]","[1342000,1386000,1054000,1326000,1330000,1327000,748000,831000]",468,9344000
16,28,8,"[464,462,453,367,482,469,279,308]","[1341000,1371000,1290000,1097000,1390000,1343000,804000,893000]",482,9529000
16,29,8,"[464,515,428,455,445,468,263,299]","[1358000,1508000,1242000,1336000,1322000,1337000,745000,879000]",515,9727000
16,30,8,"[459,471,412,491,485,505,456,315]","[1383000,1401000,1178000,1438000,1426000,1433000,1319000,927000]",505,10505000
16,31,8,"[462,470,422,441,445,448,431,295]","[1318000,1390000,1234000,1262000,1322000,1274000,1219000,866000]",470,9885000
16,32,8,"[445,486,411,402,467,494,254,283]","[1274000,1409000,1203000,1147000,1379000,1388000,736000,841000]",494,9377000
16,33,8,"[463,489,453,364,408,498,476,344]","[1408000,1438000,1308000,1076000,1210000,1419000,1444000,979000]",498,10282000
16,34,8,"[429,481,430,415,504,399,245,321]","[1251000,1407000,1268000,1229000,1466000,1127000,707000,912000]",504,9367000
16,35,8,"[467,473,446,449,449,452,429,315]","[1327000,1390000,1288000,1280000,1333000,1308000,1213000,907000]",473,10046000
16,36,8,"[459,462,386,458,442,472,282,301]","[1332000,1378000,1108000,1342000,1304000,1357000,793000,883000]",472,9497000
16,37,8,"[464,478,398,496,486,474,259,296]","[1354000,1454000,1140000,1439000,1398000,1361000,742000,867000]",496,9755000
16,38,8,"[503,492,381,365,415,426,522,370]","[1453000,1451000,1103000,1078000,1217000,1212000,1591000,1108000]",522,10213000
16,39,8,"[519,478,407,363,486,475,264,287]","[1490000,1415000,1184000,1077000,1398000,1356000,749000,846000]",519,9515000
16,40,8,"[417,463,451,382,477,495,453,306]","[1205000,1367000,1277000,1143000,1413000,1466000,1364000,891000]",495,10126000
16,41,8,"[470,472,444,423,445,468,257,278]","[1353000,1423000,1281000,1236000,1313000,1337000,744000,821000]",472,9508000
16,42,8,"[462,458,380,454,448,472,285,296]","[1350000,1348000,1087000,1325000,1328000,1357000,803000,868000]",472,9466000
16,43,8,"[441,476,419,455,456,461,392,314]","[1300000,1385000,1219000,1315000,1344000,1320000,1160000,922000]",476,9965000
16,44,8,"[463,482,403,456,463,436,429,278]","[1328000,1407000,1181000,1313000,1376000,1265000,1212000,844000]",482,9926000
16,45,8,"[419,479,410,393,477,515,407,313]","[1285000,1396000,1201000,1115000,1391000,1425000,1237000,924000]",515,9974000
16,46,8,"[481,484,466,370,509,529,436,308]","[1375000,1428000,1315000,1094000,1526000,1474000,1337000,915000]",529,10464000
16,47,8,"[491,465,404,451,370,493,419,276]","[1386000,1341000,1150000,1293000,1077000,1403000,1198000,837000]",493,9685000
16,48,8,"[453,478,446,398,490,411,353,260]","[1276000,1376000,1288000,1151000,1408000,1175000,1009000,747000]",490,9430000
16,49,8,"[417,482,453,400,425,467,401,276]","[1188000,1408000,1296000,1134000,1265000,1362000,1152000,837000]",482,9642000
16,50,8,"[420,505,388,441,463,408,281,284]","[1238000,1515000,1117000,1305000,1348000,1168000,832000,840000]",505,9363000
16,51,8,"[423,515,448,508,457,473,332,292]","[1229000,1513000,1277000,1412000,1343000,1372000,988000,863000]",515,9997000
16,52,8,"[480,464,403,458,447,493,310,295]","[1402000,1389000,1139000,1321000,1332000,1392000,860000,863000]",493,9698000
16,53,8,"[420,452,444,405,396,475,319,300]","[1234000,1330000,1266000,1163000,1196000,1380000,925000,879000]",475,9373000
16,54,8,"[441,486,417,394,469,497,278,248]","[1273000,1412000,1206000,1122000,1383000,1403000,806000,740000]",497,9345000
16,55,8,"[465,463,452,368,483,470,261,289]","[1365000,1376000,1282000,1102000,1395000,1345000,772000,855000]",483,9492000
16,56,8,"[428,481,378,467,452,470,289,324]","[1240000,1413000,1098000,1319000,1363000,1336000,855000,915000]",481,9539000
16,57,8,"[439,477,383,459,455,422,271,323]","[1276000,1393000,1117000,1323000,1363000,1192000,782000,904000]",477,9350000
16,58,8,"[465,464,388,454,554,467,282,297]","[1365000,1387000,1115000,1307000,1639000,1332000,794000,866000]",554,9805000
16,59,8,"[474,465,402,469,408,455,307,276]","[1389000,1359000,1194000,1330000,1188000,1296000,863000,837000]",474,9456000
16,60,8,"[467,460,385,479,446,481,484,284]","[1369000,1370000,1081000,1372000,1318000,1382000,1369000,838000]",484,10099000
16,61,8,"[443,485,483,401,428,407,255,279]","[1276000,1426000,1431000,1137000,1274000,1163000,741000,839000]",485,9287000
16,62,8,"[412,469,383,434,465,470,282,276]","[1205000,1404000,1093000,1262000,1353000,1327000,815000,822000]",470,9281000
16,63,8,"[466,462,385,453,447,476,257,261]","[1342000,1383000,1103000,1320000,1322000,1377000,741000,791000]",476,9379000
16,64,8,"[441,476,405,339,474,499,256,329]","[1268000,1378000,1178000,957000,1408000,1407000,743000,990000]",499,9329000
16,65,8,"[425,474,379,465,456,467,254,327]","[1234000,1383000,1103000,1328000,1371000,1338000,745000,921000]",474,9423000
16,66,8,"[465,468,382,462,462,489,260,280]","[1342000,1398000,1091000,1352000,1340000,1382000,742000,843000]",489,9490000
16,67,8,"[452,435,407,394,471,517,282,248]","[1305000,1299000,1189000,1118000,1387000,1446000,814000,740000]",517,9298000
16,68,8,"[420,505,388,421,463,408,291,279]","[1240000,1515000,1117000,1251000,1346000,1168000,841000,834000]",505,9312000
16,69,8,"[441,487,412,427,469,468,258,276]","[1269000,1408000,1214000,1194000,1386000,1318000,747000,827000]",487,9363000
16,70,8,"[415,475,446,376,419,468,331,292]","[1214000,1385000,1267000,1099000,1258000,1365000,962000,863000]",475,9413000
16,71,8,"[471,464,409,474,401,433,330,276]","[1383000,1357000,1190000,1339000,1180000,1241000,939000,837000]",474,9466000
16,72,8,"[434,477,434,420,506,401,270,275]","[1253000,1380000,1239000,1254000,1468000,1146000,785000,781000]",506,9306000
16,73,8,"[465,465,352,462,479,456,262,281]","[1342000,1398000,1034000,1344000,1408000,1274000,747000,839000]",479,9386000
16,74,8,"[416,475,449,465,423,470,325,292]","[1201000,1378000,1273000,1309000,1270000,1369000,954000,863000]",475,9617000
16,75,8,"[457,464,407,425,451,476,282,297]","[1340000,1386000,1168000,1243000,1340000,1367000,797000,869000]",476,9510000
16,76,8,"[461,466,425,452,446,439,427,279]","[1318000,1373000,1226000,1296000,1324000,1271000,1208000,842000]",466,9858000
16,77,8,"[427,483,373,466,466,470,253,324]","[1236000,1407000,1088000,1336000,1391000,1345000,737000,915000]",483,9455000
16,78,8,"[478,477,377,470,454,438,279,246]","[1409000,1383000,1105000,1351000,1361000,1253000,822000,738000]",478,9422000
16,79,8,"[465,517,388,466,454,463,289,302]","[1355000,1499000,1112000,1356000,1345000,1317000,811000,877000]",517,9672000
16,80,8,"[460,438,423,445,445,448,453,301]","[1316000,1300000,1230000,1281000,1322000,1276000,1284000,869000]",460,9878000
17,1,8,"[380,386,452,473,415,392,468,519]","[1084000,1120000,1321000,1382000,1211000,1118000,1295000,1437000]",519,9968000
17,2,8,"[433,458,451,473,420,380,468,419]","[1205000,1345000,1314000,1386000,1216000,1092000,1375000,1155000]",473,10088000
17,3,8,"[445,455,446,475,421,381,460,413]","[1261000,1330000,1292000,1394000,1214000,1092000,1356000,1148000]",475,10087000
17,4,8,"[332,432,447,475,448,400,500,471]","[946000,1254000,1302000,1390000,1264000,1132000,1363000,1337000]",500,9988000
17,5,8,"[447,459,448,471,438,452,445,466]","[1243000,1261000,1298000,1376000,1238000,1331000,1316000,1300000]",471,10363000
17,6,8,"[442,398,451,481,421,397,458,461]","[1221000,1108000,1316000,1395000,1222000,1131000,1333000,1306000]",481,10032000
17,7,8,"[379,391,450,476,451,395,440,515]","[1073000,1139000,1308000,1392000,1313000,1123000,1201000,1437000]",515,9986000
17,8,8,"[435,448,448,471,478,408,463,388]","[1242000,1256000,1307000,1376000,1392000,1110000,1275000,1094000]",478,10052000
17,9,8,"[385,439,451,516,407,380,453,463]","[1120000,1194000,1313000,1482000,1159000,1078000,1323000,1307000]",516,9976000
17,10,8,"[405,448,448,471,478,438,464,391]","[1146000,1256000,1307000,1376000,1392000,1201000,1276000,1100000]",478,10054000
17,11,8,"[409,449,448,475,429,426,470,472]","[1154000,1259000,1302000,1391000,1255000,1172000,1296000,1323000]",475,10152000
17,12,8,"[515,387,457,472,429,365,470,417]","[1460000,1117000,1324000,1376000,1254000,1059000,1297000,1153000]",515,10040000
17,13,8,"[520,414,453,470,379,378,471,417]","[1488000,1210000,1314000,1376000,1103000,1086000,1299000,1154000]",520,10030000
17,14,8,"[518,391,451,470,428,377,473,414]","[1480000,1136000,1304000,1376000,1252000,1084000,1303000,1149000]",518,10084000
17,15,8,"[420,447,448,475,439,457,430,476]","[1196000,1245000,1296000,1382000,1274000,1251000,1177000,1336000]",476,10157000
17,16,8,"[359,506,457,468,416,351,492,469]","[1036000,1441000,1331000,1348000,1216000,990000,1377000,1346000]",506,10085000
17,17,8,"[315,462,521,489,415,392,396,519]","[911000,1255000,1537000,1434000,1214000,1107000,1110000,1466000]",521,10034000
17,18,8,"[403,421,452,472,450,439,481,469]","[1142000,1170000,1318000,1380000,1315000,1199000,1313000,1309000]",481,10146000
17,19,8,"[513,390,455,472,423,385,472,417]","[1456000,1134000,1318000,1380000,1233000,1118000,1301000,1151000]",513,10091000
17,20,8,"[436,443,453,515,408,379,456,463]","[1245000,1200000,1328000,1458000,1157000,1068000,1330000,1305000]",515,10091000
17,21,8,"[512,421,476,459,435,398,477,416]","[1462000,1210000,1411000,1371000,1245000,1130000,1311000,1161000]",512,10301000
17,22,8,"[516,388,456,474,442,374,485,420]","[1479000,1151000,1369000,1384000,1250000,1076000,1328000,1149000]",516,10186000
17,23,8,"[462,383,451,470,441,437,494,473]","[1302000,1117000,1313000,1376000,1299000,1231000,1426000,1340000]",494,10404000
17,24,8,"[381,452,595,552,466,470,429,469]","[1085000,1285000,1704000,1575000,1348000,1307000,1173000,1331000]",595,10808000
17,25,8,"[480,381,437,470,413,379,465,395]","[1356000,1098000,1297000,1376000,1207000,1081000,1373000,1112000]",480,9900000
17,26,8,"[456,411,474,494,459,463,421,483]","[1259000,1144000,1401000,1417000,1328000,1263000,1160000,1350000]",494,10322000
17,27,8,"[517,370,470,485,448,387,478,421]","[1480000,1081000,1372000,1387000,1285000,1113000,1311000,1159000]",517,10188000
17,28,8,"[517,397,456,472,422,403,494,559]","[1476000,1135000,1312000,1382000,1223000,1139000,1357000,1577000]",559,10601000
17,29,8,"[377,466,513,473,440,448,445,508]","[1153000,1310000,1521000,1379000,1262000,1334000,1306000,1436000]",513,10701000
17,30,8,"[463,383,452,472,419,437,515,552]","[1352000,1110000,1318000,1391000,1219000,1259000,1450000,1579000]",552,10678000
17,31,8,"[438,431,450,486,419,393,454,460]","[1243000,1182000,1326000,1345000,1218000,1146000,1325000,1301000]",486,10086000
17,32,8,"[314,460,524,474,432,414,396,491]","[916000,1271000,1555000,1382000,1259000,1177000,1110000,1414000]",524,10084000
17,33,8,"[470,397,453,479,421,467,544,540]","[1328000,1163000,1311000,1400000,1226000,1354000,1527000,1543000]",544,10852000
17,34,8,"[440,443,453,494,407,381,463,427]","[1263000,1207000,1338000,1408000,1165000,1084000,1358000,1227000]",494,10050000
17,35,8,"[384,515,504,495,459,466,424,472]","[1097000,1435000,1438000,1406000,1323000,1282000,1172000,1325000]",515,10478000
17,36,8,"[384,461,451,475,421,405,480,516]","[1081000,1357000,1319000,1388000,1226000,1146000,1334000,1415000]",516,10266000
17,37,8,"[414,495,477,504,428,431,470,474]","[1156000,1386000,1371000,1441000,1242000,1204000,1287000,1331000]",504,10418000
17,38,8,"[444,497,579,478,428,445,505,418]","[1250000,1348000,1690000,1385000,1222000,1316000,1442000,1151000]",579,10804000
17,39,8,"[460,397,451,475,429,449,619,515]","[1301000,1172000,1316000,1382000,1230000,1322000,1691000,1440000]",619,10854000
17,40,8,"[391,458,448,514,388,405,425,464]","[1152000,1259000,1313000,1475000,1100000,1143000,1186000,1309000]",514,9937000
17,41,8,"[396,442,452,514,411,373,490,539]","[1156000,1201000,1323000,1456000,1186000,1064000,1422000,1471000]",539,10279000
17,42,8,"[388,397,458,470,422,528,443,468]","[1103000,1113000,1317000,1376000,1221000,1455000,1304000,1299000]",528,10188000
17,43,8,"[425,439,454,477,449,400,499,492]","[1181000,1260000,1319000,1388000,1278000,1136000,1358000,1314000]",499,10234000
17,44,8,"[461,380,460,489,447,463,515,544]","[1345000,1087000,1355000,1393000,1282000,1309000,1435000,1553000]",544,10759000
17,45,8,"[627,485,463,487,452,470,427,593]","[1869000,1377000,1358000,1391000,1309000,1287000,1202000,1714000]",627,11507000
17,46,8,"[458,419,453,472,428,384,455,462]","[1291000,1177000,1300000,1380000,1233000,1108000,1323000,1308000]",472,10120000
17,47,8,"[403,444,471,514,418,372,465,502]","[1196000,1213000,1375000,1460000,1188000,1057000,1361000,1398000]",514,10248000
17,48,8,"[401,464,450,476,440,458,433,477]","[1136000,1266000,1295000,1382000,1276000,1261000,1173000,1344000]",477,10133000
17,49,8,"[384,472,503,494,459,466,424,472]","[1097000,1316000,1438000,1401000,1323000,1282000,1172000,1325000]",503,10354000
17,50,8,"[411,442,467,514,416,371,501,400]","[1147000,1206000,1375000,1469000,1198000,1052000,1444000,1069000]",514,9960000
17,51,8,"[513,456,455,473,422,382,462,451]","[1463000,1329000,1326000,1382000,1234000,1109000,1263000,1276000]",513,10382000
17,52,8,"[539,448,448,473,438,405,541,420]","[1549000,1259000,1298000,1380000,1276000,1117000,1493000,1176000]",541,10548000
17,53,8,"[428,424,452,511,416,444,487,474]","[1222000,1184000,1328000,1427000,1203000,1222000,1391000,1321000]",511,10298000
17,54,8,"[387,383,451,474,419,408,475,504]","[1087000,1108000,1319000,1386000,1219000,1146000,1318000,1425000]",504,10008000
17,55,8,"[391,455,454,470,422,437,470,467]","[1100000,1330000,1328000,1376000,1236000,1199000,1293000,1307000]",470,10169000
17,56,8,"[437,458,449,476,419,459,518,511]","[1291000,1270000,1298000,1392000,1219000,1305000,1442000,1484000]",518,10701000
17,57,8,"[513,397,444,472,414,386,482,418]","[1474000,1154000,1317000,1380000,1209000,1127000,1330000,1154000]",513,10145000
17,58,8,"[502,380,448,481,421,443,515,497]","[1417000,1102000,1307000,1403000,1223000,1284000,1449000,1402000]",515,10587000
17,59,8,"[462,422,455,474,390,379,453,465]","[1311000,1182000,1304000,1380000,1140000,1100000,1323000,1309000]",474,10049000
17,60,8,"[492,439,450,510,415,446,491,472]","[1366000,1288000,1311000,1504000,1180000,1254000,1416000,1335000]",510,10654000
17,61,8,"[448,425,454,472,417,382,481,478]","[1257000,1192000,1308000,1382000,1214000,1108000,1337000,1334000]",481,10132000
17,62,8,"[385,462,509,497,498,439,463,390]","[1097000,1287000,1438000,1410000,1439000,1205000,1274000,1096000]",509,10246000
17,63,8,"[451,442,457,477,445,512,616,660]","[1299000,1276000,1330000,1407000,1262000,1495000,1768000,1880000]",660,11717000
17,64,8,"[447,499,452,474,438,448,440,477]","[1241000,1401000,1315000,1382000,1238000,1325000,1300000,1332000]",499,10534000
17,65,8,"[420,532,477,510,405,372,473,507]","[1147000,1511000,1436000,1452000,1155000,1047000,1343000,1412000]",532,10503000
17,66,8,"[421,431,467,490,461,376,457,474]","[1227000,1219000,1351000,1392000,1330000,1089000,1331000,1337000]",490,10276000
17,67,8,"[447,420,453,476,417,369,453,461]","[1246000,1173000,1314000,1387000,1229000,1059000,1323000,1303000]",476,10034000
17,68,8,"[432,439,454,487,461,380,455,465]","[1221000,1196000,1340000,1351000,1322000,1081000,1328000,1320000]",487,10159000
17,69,8,"[518,387,454,472,427,374,517,542]","[1487000,1121000,1325000,1386000,1250000,1081000,1454000,1549000]",542,10653000
17,70,8,"[518,402,470,477,431,394,439,420]","[1492000,1173000,1370000,1374000,1270000,1109000,1217000,1161000]",518,10166000
17,71,8,"[431,412,466,472,416,383,459,466]","[1218000,1153000,1367000,1353000,1219000,1115000,1342000,1317000]",472,10084000
17,72,8,"[380,426,450,473,413,423,459,503]","[1062000,1196000,1296000,1390000,1207000,1182000,1262000,1415000]",503,10010000
17,73,8,"[725,554,456,478,499,454,619,583]","[2188000,1508000,1338000,1399000,1428000,1331000,1801000,1696000]",725,12689000
17,74,8,"[445,397,450,470,418,374,468,413]","[1296000,1097000,1311000,1376000,1217000,1078000,1293000,1150000]",470,9818000
17,75,8,"[378,398,449,475,454,392,484,479]","[1071000,1145000,1301000,1392000,1319000,1113000,1315000,1350000]",484,10006000
17,76,8,"[405,395,448,491,420,433,459,467]","[1146000,1102000,1291000,1426000,1220000,1204000,1302000,1312000]",491,10003000
17,77,8,"[485,458,449,471,419,378,435,447]","[1377000,1335000,1296000,1376000,1217000,1083000,1256000,1268000]",485,10208000
17,78,8,"[456,509,458,472,427,490,649,476]","[1299000,1453000,1351000,1368000,1221000,1416000,1929000,1360000]",649,11397000
17,79,8,"[495,388,452,469,416,429,474,468]","[1361000,1124000,1321000,1361000,1203000,1171000,1299000,1309000]",495,10149000
17,80,8,"[514,427,454,471,425,366,473,415]","[1470000,1204000,1319000,1380000,1237000,1061000,1309000,1154000]",514,10134000
17,81,8,"[404,471,454,470,447,387,461,466]","[1186000,1367000,1315000,1376000,1281000,1112000,1329000,1316000]",471,10282000
17,82,8,"[518,415,464,486,452,395,402,552]","[1474000,1194000,1375000,1387000,1278000,1127000,1107000,1581000]",552,10523000
17,83,8,"[508,485,490,516,442,388,453,465]","[1515000,1329000,1484000,1469000,1267000,1130000,1323000,1311000]",516,10828000
17,84,8,"[381,387,452,473,419,393,469,521]","[1086000,1122000,1318000,1382000,1228000,1123000,1297000,1449000]",521,10005000
17,85,8,"[431,455,456,473,422,380,468,436]","[1192000,1334000,1318000,1391000,1219000,1092000,1374000,1184000]",473,10104000
17,86,8,"[437,453,510,431,426,382,461,415]","[1233000,1339000,1501000,1250000,1243000,1096000,1365000,1145000]",510,10172000
17,87,8,"[339,434,449,479,450,402,499,464]","[969000,1252000,1298000,1396000,1274000,1135000,1358000,1318000]",499,10000000
17,88,8,"[447,458,448,471,491,452,395,466]","[1245000,1258000,1298000,1376000,1399000,1331000,1153000,1300000]",491,10360000
17,89,8,"[449,396,451,475,424,401,466,461]","[1249000,1090000,1297000,1392000,1234000,1149000,1341000,1303000]",475,10055000
17,90,8,"[375,383,448,475,451,395,445,508]","[1053000,1112000,1298000,1392000,1313000,1124000,1210000,1421000]",508,9923000
17,91,8,"[463,422,449,475,477,409,471,394]","[1318000,1171000,1298000,1376000,1395000,1116000,1292000,1103000]",477,10069000
17,92,8,"[393,401,452,516,410,376,453,465]","[1167000,1118000,1332000,1472000,1174000,1055000,1323000,1305000]",516,9946000
17,93,8,"[384,449,447,473,475,433,463,401]","[1098000,1259000,1294000,1376000,1388000,1184000,1277000,1141000]",475,10017000
17,94,8,"[409,447,448,475,429,426,470,473]","[1154000,1234000,1302000,1400000,1255000,1172000,1296000,1327000]",475,10140000
17,95,8,"[512,385,454,471,422,395,423,419]","[1454000,1111000,1311000,1380000,1234000,1151000,1170000,1155000]",512,9966000
17,96,8,"[523,417,455,471,379,361,475,416]","[1485000,1215000,1315000,1386000,1103000,1055000,1307000,1149000]",523,10015000
17,97,8,"[516,394,449,473,423,376,485,421]","[1469000,1148000,1300000,1385000,1233000,1082000,1329000,1156000]",516,10102000
17,98,8,"[420,456,447,476,438,451,429,479]","[1184000,1259000,1292000,1389000,1265000,1238000,1167000,1334000]",479,10128000
17,99,8,"[359,506,457,465,415,350,494,467]","[1034000,1441000,1331000,1330000,1214000,988000,1381000,1342000]",506,10061000
17,100,8,"[315,456,484,488,414,387,399,541]","[911000,1249000,1451000,1432000,1209000,1092000,1128000,1520000]",541,9992000
17,101,8,"[431,417,452,476,451,411,468,461]","[1240000,1164000,1318000,1388000,1325000,1113000,1290000,1297000]",476,10135000
17,102,8,"[513,387,455,474,423,374,474,395]","[1469000,1125000,1311000,1384000,1233000,1078000,1308000,1107000]",513,10015000
17,103,8,"[439,398,452,514,407,380,455,462]","[1260000,1114000,1336000,1456000,1152000,1073000,1325000,1305000]",514,10021000
18,1,8,"[332,433,383,451,423,424,415,317]","[961000,1250000,1108000,1343000,1232000,1274000,1199000,897000]",451,9264000
18,2,8,"[341,412,438,444,399,434,442,272]","[997000,1181000,1270000,1323000,1206000,1260000,1254000,781000]",444,9272000
18,3,8,"[334,412,381,452,457,445,424,254]","[953000,1175000,1104000,1338000,1370000,1282000,1196000,753000]",457,9171000
18,4,8,"[335,412,387,451,465,422,404,261]","[958000,1177000,1116000,1334000,1364000,1226000,1133000,770000]",465,9078000
18,5,8,"[338,393,382,452,464,450,420,262]","[962000,1128000,1106000,1334000,1351000,1292000,1189000,803000]",464,9165000
18,6,8,"[349,413,398,439,441,435,443,303]","[1006000,1179000,1168000,1302000,1319000,1259000,1254000,869000]",443,9356000
18,7,8,"[336,413,384,455,459,417,416,274]","[973000,1179000,1119000,1351000,1387000,1210000,1173000,782000]",459,9174000
18,8,8,"[332,439,383,450,424,424,415,317]","[961000,1268000,1111000,1338000,1243000,1274000,1199000,897000]",450,9291000
18,9,8,"[348,413,435,438,413,439,447,305]","[1004000,1183000,1263000,1302000,1234000,1266000,1261000,863000]",447,9376000
18,10,8,"[345,400,380,475,463,418,407,276]","[990000,1149000,1078000,1427000,1372000,1224000,1150000,778000]",475,9168000
18,11,8,"[339,388,389,463,468,447,426,258]","[954000,1121000,1100000,1369000,1371000,1299000,1188000,766000]",468,9168000
18,12,8,"[336,411,431,451,434,448,436,259]","[958000,1179000,1240000,1351000,1228000,1310000,1238000,773000]",451,9277000
18,13,8,"[334,412,382,452,457,445,406,296]","[954000,1175000,1106000,1338000,1370000,1282000,1136000,835000]",457,9196000
18,14,8,"[345,409,442,441,422,442,445,276]","[1002000,1175000,1286000,1317000,1252000,1286000,1260000,801000]",445,9379000
18,15,8,"[329,421,383,451,456,468,431,250]","[944000,1208000,1107000,1336000,1308000,1341000,1224000,749000]",468,9217000
18,16,8,"[331,414,381,450,420,459,406,315]","[950000,1185000,1104000,1338000,1226000,1374000,1169000,894000]",459,9240000
18,17,8,"[330,413,384,449,454,471,431,250]","[944000,1182000,1107000,1336000,1310000,1346000,1224000,749000]",471,9198000
18,18,8,"[344,412,387,456,460,418,430,278]","[989000,1177000,1122000,1351000,1382000,1216000,1194000,802000]",460,9233000
18,19,8,"[357,443,381,447,426,426,415,334]","[1037000,1288000,1104000,1332000,1247000,1278000,1195000,933000]",447,9414000
18,20,8,"[332,433,382,451,423,428,416,317]","[961000,1247000,1121000,1343000,1239000,1276000,1198000,897000]",451,9282000
18,21,8,"[329,395,382,451,478,458,415,297]","[946000,1147000,1109000,1336000,1441000,1358000,1180000,837000]",478,9354000
18,22,8,"[347,400,415,484,488,474,408,248]","[1000000,1160000,1192000,1447000,1378000,1434000,1107000,736000]",488,9454000
18,23,8,"[331,410,382,485,494,414,442,317]","[955000,1177000,1104000,1444000,1401000,1233000,1271000,907000]",494,9492000
18,24,8,"[332,412,386,451,465,424,436,296]","[950000,1177000,1114000,1334000,1368000,1227000,1257000,835000]",465,9262000
18,25,8,"[350,416,384,452,460,452,422,268]","[1003000,1187000,1108000,1334000,1346000,1305000,1196000,812000]",460,9291000
18,26,8,"[332,408,397,519,447,484,431,304]","[967000,1173000,1157000,1521000,1325000,1415000,1211000,864000]",519,9633000
18,27,8,"[344,401,375,482,466,445,421,254]","[983000,1151000,1077000,1426000,1378000,1283000,1174000,757000]",482,9229000
18,28,8,"[328,424,397,470,448,462,519,416]","[940000,1222000,1141000,1385000,1287000,1325000,1521000,1317000]",519,10138000
18,29,8,"[334,414,383,490,472,447,431,264]","[965000,1183000,1111000,1460000,1318000,1299000,1228000,790000]",490,9354000
18,30,8,"[340,391,395,456,461,478,409,300]","[973000,1118000,1132000,1351000,1372000,1364000,1160000,841000]",478,9311000
18,31,8,"[359,392,389,465,469,450,405,313]","[1019000,1132000,1116000,1379000,1410000,1331000,1161000,918000]",469,9466000
18,32,8,"[340,423,379,582,471,427,457,284]","[988000,1203000,1103000,1687000,1331000,1221000,1309000,820000]",582,9662000
18,33,8,"[333,417,367,475,453,413,419,296]","[940000,1190000,1067000,1405000,1356000,1206000,1150000,835000]",475,9149000
18,34,8,"[348,414,407,519,447,407,410,302]","[1003000,1181000,1189000,1516000,1330000,1195000,1152000,850000]",519,9416000
18,35,8,"[340,411,372,474,473,443,433,271]","[972000,1179000,1058000,1447000,1328000,1291000,1229000,807000]",474,9311000
18,36,8,"[333,412,384,452,457,445,425,312]","[964000,1175000,1110000,1338000,1370000,1282000,1201000,890000]",457,9330000
18,37,8,"[328,420,447,514,470,407,401,287]","[944000,1198000,1284000,1524000,1390000,1195000,1091000,840000]",514,9466000
18,38,8,"[341,414,372,444,484,445,467,259]","[971000,1194000,1068000,1334000,1436000,1291000,1289000,788000]",484,9371000
18,39,8,"[338,387,386,498,467,450,456,253]","[954000,1113000,1102000,1461000,1317000,1302000,1285000,773000]",498,9307000
18,40,8,"[353,412,384,448,459,456,407,311]","[990000,1163000,1096000,1332000,1360000,1357000,1161000,901000]",459,9360000
18,41,8,"[338,409,387,461,455,417,430,294]","[975000,1175000,1126000,1366000,1365000,1251000,1195000,836000]",461,9289000
18,42,8,"[340,396,411,474,459,416,405,306]","[989000,1126000,1162000,1422000,1376000,1222000,1146000,858000]",474,9301000
18,43,8,"[348,418,368,520,494,438,426,258]","[1006000,1189000,1081000,1541000,1445000,1211000,1199000,760000]",520,9432000
18,44,8,"[329,419,405,501,452,399,398,297]","[940000,1196000,1179000,1468000,1337000,1181000,1128000,837000]",501,9266000
18,45,8,"[333,415,410,523,441,433,403,257]","[950000,1190000,1194000,1514000,1305000,1262000,1129000,760000]",523,9304000
18,46,8,"[332,412,369,464,461,450,412,296]","[951000,1177000,1052000,1406000,1364000,1288000,1145000,835000]",464,9218000
18,47,8,"[343,415,402,439,458,477,447,292]","[987000,1187000,1179000,1295000,1348000,1402000,1246000,812000]",477,9456000
18,48,8,"[646,405,396,517,475,410,413,527]","[2059000,1166000,1133000,1533000,1424000,1207000,1160000,1642000]",646,11324000
18,49,8,"[357,412,429,457,461,409,359,315]","[996000,1176000,1215000,1347000,1393000,1202000,997000,927000]",461,9253000
18,50,8,"[338,413,376,510,478,468,408,302]","[969000,1186000,1085000,1518000,1384000,1362000,1158000,847000]",510,9509000
18,51,8,"[360,416,388,492,552,477,419,318]","[1000000,1198000,1097000,1478000,1507000,1359000,1182000,929000]",552,9750000
18,52,8,"[340,396,384,483,514,490,347,307]","[985000,1124000,1097000,1449000,1441000,1436000,963000,866000]",514,9361000
18,53,8,"[334,416,372,452,463,401,480,456]","[968000,1183000,1069000,1336000,1368000,1148000,1357000,1455000]",480,9884000
18,54,8,"[328,389,385,453,468,469,431,252]","[940000,1101000,1105000,1340000,1343000,1341000,1209000,761000]",469,9140000
18,55,8,"[357,398,428,449,463,485,408,316]","[1048000,1143000,1206000,1342000,1321000,1433000,1167000,891000]",485,9551000
18,56,8,"[332,415,386,456,461,425,413,255]","[944000,1199000,1110000,1344000,1368000,1221000,1162000,763000]",461,9111000
18,57,8,"[348,397,427,448,494,423,411,327]","[1005000,1149000,1219000,1337000,1427000,1251000,1165000,923000]",494,9476000
18,58,8,"[339,412,403,519,448,405,348,302]","[975000,1181000,1174000,1528000,1335000,1191000,941000,847000]",519,9172000
18,59,8,"[336,402,391,464,487,455,423,266]","[952000,1141000,1120000,1372000,1409000,1309000,1189000,801000]",487,9293000
18,60,8,"[338,409,386,449,460,473,442,263]","[961000,1173000,1105000,1332000,1331000,1354000,1238000,796000]",473,9290000
18,61,8,"[346,414,368,517,475,408,411,278]","[996000,1194000,1075000,1544000,1403000,1197000,1157000,793000]",517,9359000
18,62,8,"[331,414,383,450,502,472,431,250]","[944000,1179000,1107000,1336000,1428000,1343000,1224000,749000]",502,9310000
18,63,8,"[343,422,375,514,449,468,398,282]","[998000,1201000,1077000,1528000,1330000,1394000,1098000,803000]",514,9429000
18,64,8,"[342,391,447,457,464,451,416,263]","[962000,1117000,1231000,1358000,1357000,1301000,1164000,777000]",464,9267000
18,65,8,"[336,414,427,457,432,444,434,259]","[958000,1185000,1229000,1379000,1221000,1296000,1234000,785000]",457,9287000
18,66,8,"[346,411,397,518,389,433,444,302]","[998000,1179000,1163000,1516000,1159000,1254000,1259000,868000]",518,9396000
18,67,8,"[337,412,382,451,466,448,423,323]","[986000,1177000,1106000,1338000,1363000,1294000,1182000,904000]",466,9350000
18,68,8,"[337,415,375,474,502,413,464,448]","[957000,1189000,1077000,1439000,1451000,1215000,1285000,1445000]",502,10058000
18,69,8,"[357,387,387,494,510,468,407,317]","[1047000,1122000,1107000,1483000,1455000,1398000,1165000,894000]",510,9671000
18,70,8,"[332,413,381,451,456,460,444,271]","[967000,1179000,1110000,1338000,1367000,1270000,1257000,770000]",460,9258000
18,71,8,"[341,417,446,459,455,473,440,272]","[985000,1189000,1281000,1362000,1314000,1366000,1198000,772000]",473,9467000
18,72,8,"[351,419,382,490,489,469,412,323]","[998000,1204000,1088000,1472000,1365000,1400000,1148000,943000]",490,9618000
18,73,8,"[359,393,389,484,468,470,407,313]","[1019000,1134000,1113000,1446000,1371000,1398000,1165000,918000]",484,9564000
18,74,8,"[345,408,420,498,457,420,423,278]","[993000,1167000,1198000,1470000,1358000,1224000,1203000,782000]",498,9395000
18,75,8,"[338,393,384,451,462,450,403,264]","[964000,1129000,1108000,1334000,1363000,1270000,1139000,785000]",462,9092000
18,76,8,"[339,415,395,518,507,448,440,259]","[981000,1186000,1153000,1523000,1432000,1307000,1235000,775000]",518,9592000
18,77,8,"[332,388,384,450,465,445,422,257]","[951000,1118000,1108000,1338000,1354000,1279000,1183000,763000]",465,9094000
18,78,8,"[355,408,383,451,463,455,421,271]","[1005000,1187000,1114000,1342000,1354000,1325000,1185000,825000]",463,9337000
18,79,8,"[333,433,383,451,423,428,416,317]","[963000,1250000,1108000,1343000,1232000,1285000,1198000,897000]",451,9276000
18,80,8,"[350,410,438,441,401,440,441,266]","[1036000,1173000,1268000,1308000,1219000,1268000,1254000,762000]",441,9288000
18,81,8,"[330,406,381,455,460,449,409,254]","[944000,1168000,1110000,1353000,1365000,1297000,1151000,755000]",460,9143000
18,82,8,"[340,413,392,454,521,421,397,262]","[960000,1181000,1120000,1337000,1510000,1216000,1126000,765000]",521,9215000
18,83,8,"[340,398,383,454,466,454,421,258]","[962000,1134000,1108000,1344000,1348000,1293000,1192000,770000]",466,9151000
18,84,8,"[350,414,397,440,442,436,439,302]","[1005000,1184000,1169000,1302000,1324000,1254000,1249000,864000]",442,9351000
18,85,8,"[333,413,440,402,457,407,410,271]","[967000,1188000,1276000,1193000,1372000,1195000,1152000,770000]",457,9113000
18,86,8,"[332,440,383,450,424,423,441,317]","[961000,1273000,1102000,1338000,1243000,1275000,1266000,897000]",450,9355000
18,87,8,"[344,430,439,439,410,435,393,302]","[1001000,1235000,1285000,1307000,1232000,1255000,1140000,866000]",439,9321000
18,88,8,"[345,400,380,475,463,416,411,276]","[990000,1143000,1086000,1427000,1372000,1224000,1160000,778000]",475,9180000
18,89,8,"[339,391,387,461,481,445,425,258]","[959000,1136000,1110000,1354000,1415000,1289000,1186000,766000]",481,9215000
18,90,8,"[336,411,430,451,434,422,461,261]","[958000,1179000,1238000,1351000,1228000,1228000,1333000,779000]",461,9294000
18,91,8,"[331,411,433,401,464,448,410,296]","[950000,1177000,1245000,1189000,1373000,1287000,1141000,835000]",464,9197000
18,92,8,"[348,411,398,442,438,435,443,275]","[1009000,1179000,1165000,1304000,1300000,1265000,1256000,796000]",443,9274000
18,93,8,"[330,421,391,452,467,468,432,249]","[945000,1197000,1128000,1336000,1330000,1341000,1226000,749000]",468,9252000
18,94,8,"[331,414,394,450,420,471,409,315]","[950000,1185000,1136000,1338000,1226000,1391000,1184000,894000]",471,9304000
18,95,8,"[332,422,404,453,441,467,434,252]","[940000,1200000,1161000,1340000,1269000,1337000,1228000,754000]",467,9229000
18,96,8,"[333,415,396,455,460,413,428,275]","[967000,1166000,1137000,1342000,1375000,1206000,1187000,787000]",460,9167000
18,97,8,"[357,386,381,453,470,426,418,334]","[1037000,1108000,1110000,1352000,1380000,1278000,1210000,933000]",470,9408000
18,98,8,"[335,433,391,449,423,427,415,319]","[967000,1247000,1146000,1336000,1234000,1274000,1199000,899000]",449,9302000
19,1,8,"[450,450,470,459,468,389,420,442]","[1331000,1326000,1368000,1342000,1354000,1079000,1194000,1265000]",470,10259000
19,2,8,"[454,449,444,460,466,397,451,445]","[1341000,1324000,1277000,1347000,1354000,1097000,1287000,1269000]",466,10296000
19,3,8,"[304,469,342,473,468,332,423,408]","[904000,1373000,961000,1351000,1398000,918000,1199000,1248000]",473,9352000
19,4,8,"[232,439,364,542,470,332,429,411]","[683000,1254000,1031000,1534000,1398000,922000,1215000,1263000]",542,9300000
19,5,8,"[353,501,314,428,467,338,423,403]","[1039000,1452000,883000,1240000,1396000,937000,1188000,1235000]",501,9370000
19,6,8,"[457,449,468,455,469,428,421,443]","[1357000,1312000,1361000,1331000,1359000,1153000,1215000,1270000]",469,10358000
19,7,8,"[304,461,339,471,472,333,395,474]","[907000,1357000,950000,1341000,1402000,930000,1134000,1400000]",474,9421000
19,8,8,"[353,497,311,431,473,338,430,403]","[1039000,1432000,872000,1245000,1414000,937000,1222000,1235000]",497,9396000
19,9,8,"[450,450,470,459,468,389,418,460]","[1331000,1323000,1368000,1339000,1354000,1079000,1192000,1298000]",470,10284000
19,10,8,"[392,425,316,466,500,381,434,373]","[1167000,1246000,905000,1331000,1465000,1047000,1209000,1123000]",500,9493000
19,11,8,"[448,449,467,462,469,437,416,458]","[1331000,1318000,1343000,1354000,1360000,1170000,1192000,1294000]",469,10362000
19,12,8,"[304,469,342,475,450,402,428,406]","[908000,1373000,968000,1355000,1327000,1146000,1197000,1241000]",475,9515000
19,13,8,"[342,501,342,475,467,304,425,406]","[1006000,1446000,981000,1367000,1393000,859000,1196000,1234000]",501,9482000
19,14,8,"[370,423,333,467,502,382,431,368]","[1099000,1238000,944000,1339000,1471000,1047000,1208000,1120000]",502,9466000
19,15,8,"[286,519,363,481,468,340,426,411]","[834000,1434000,1030000,1376000,1395000,944000,1188000,1263000]",519,9464000
19,16,8,"[340,475,391,481,468,293,401,452]","[1009000,1361000,1100000,1392000,1392000,802000,1165000,1330000]",481,9551000
19,17,8,"[390,425,314,469,502,382,432,368]","[1147000,1255000,885000,1337000,1471000,1045000,1215000,1120000]",502,9475000
19,18,8,"[341,501,342,475,467,330,423,408]","[996000,1443000,961000,1355000,1393000,914000,1196000,1254000]",501,9512000
19,19,8,"[457,450,448,458,467,469,453,446]","[1355000,1323000,1297000,1340000,1354000,1256000,1299000,1280000]",469,10504000
19,20,8,"[409,452,363,479,472,329,433,414]","[1207000,1287000,992000,1399000,1399000,897000,1228000,1209000]",479,9618000
19,21,8,"[353,499,316,467,453,437,433,370]","[1039000,1434000,880000,1331000,1321000,1246000,1237000,1124000]",499,9612000
19,22,8,"[460,460,431,573,475,416,404,475]","[1352000,1311000,1275000,1627000,1412000,1103000,1161000,1360000]",573,10601000
19,23,8,"[458,434,407,468,504,497,526,413]","[1277000,1258000,1188000,1338000,1477000,1326000,1469000,1240000]",526,10573000
19,24,8,"[285,518,362,483,468,405,432,410]","[819000,1433000,1034000,1386000,1390000,1090000,1209000,1249000]",518,9610000
19,25,8,"[340,469,343,477,450,453,401,413]","[994000,1352000,964000,1359000,1326000,1233000,1159000,1257000]",477,9644000
19,26,8,"[453,451,399,574,478,417,399,467]","[1331000,1313000,1169000,1634000,1409000,1095000,1142000,1330000]",574,10423000
19,27,8,"[315,475,343,473,474,378,425,439]","[944000,1364000,966000,1351000,1412000,1039000,1198000,1323000]",475,9597000
19,28,8,"[577,468,424,534,483,484,442,400]","[1618000,1358000,1220000,1533000,1401000,1292000,1251000,1130000]",577,10803000
19,29,8,"[353,498,313,467,506,384,431,369]","[1039000,1432000,884000,1343000,1485000,1052000,1210000,1119000]",506,9564000
19,30,8,"[354,495,312,464,499,335,478,375]","[1041000,1428000,876000,1326000,1461000,927000,1289000,1132000]",499,9480000
19,31,8,"[516,468,451,538,454,404,444,422]","[1509000,1349000,1296000,1543000,1328000,1115000,1232000,1237000]",538,10609000
19,32,8,"[303,469,337,473,474,333,425,414]","[902000,1373000,953000,1351000,1413000,929000,1210000,1278000]",474,9409000
19,33,8,"[341,501,342,475,467,330,423,408]","[996000,1449000,961000,1355000,1393000,914000,1196000,1254000]",501,9518000
19,34,8,"[410,471,334,472,488,491,397,487]","[1189000,1371000,950000,1344000,1429000,1313000,1148000,1393000]",491,10137000
19,35,8,"[457,449,468,455,469,442,462,464]","[1356000,1312000,1367000,1331000,1359000,1191000,1317000,1297000]",469,10530000
19,36,8,"[450,450,401,572,454,432,403,472]","[1331000,1320000,1182000,1630000,1332000,1169000,1155000,1348000]",572,10467000
19,37,8,"[377,449,257,470,508,385,434,372]","[1114000,1335000,751000,1357000,1497000,1038000,1219000,1134000]",508,9445000
19,38,8,"[390,498,343,529,480,334,423,427]","[1099000,1446000,971000,1487000,1403000,923000,1209000,1265000]",529,9803000
19,39,8,"[505,469,407,466,499,414,529,399]","[1481000,1364000,1190000,1331000,1462000,1120000,1467000,1188000]",529,10603000
19,40,8,"[371,465,304,468,503,383,432,370]","[1104000,1352000,851000,1347000,1482000,1051000,1210000,1130000]",503,9527000
19,41,8,"[347,472,365,476,474,493,392,451]","[1049000,1346000,1011000,1388000,1351000,1334000,1126000,1342000]",493,9947000
19,42,8,"[340,476,320,477,468,329,422,410]","[995000,1402000,893000,1353000,1395000,913000,1192000,1261000]",477,9404000
19,43,8,"[339,442,389,521,494,295,422,439]","[1001000,1273000,1072000,1472000,1459000,815000,1225000,1268000]",521,9585000
19,44,8,"[502,482,444,535,484,487,435,403]","[1454000,1365000,1281000,1535000,1403000,1298000,1237000,1145000]",535,10718000
19,45,8,"[340,478,341,476,472,322,421,405]","[996000,1409000,966000,1357000,1399000,905000,1197000,1245000]",478,9474000
19,46,8,"[433,456,442,574,479,411,432,532]","[1287000,1332000,1315000,1641000,1437000,1087000,1233000,1513000]",574,10845000
19,47,8,"[351,464,386,480,470,337,425,412]","[1047000,1351000,1060000,1371000,1397000,935000,1202000,1271000]",480,9634000
19,48,8,"[399,470,347,539,455,425,407,442]","[1165000,1347000,994000,1541000,1345000,1145000,1183000,1283000]",539,10003000
19,49,8,"[305,475,343,473,454,431,420,421]","[909000,1384000,967000,1351000,1337000,1156000,1157000,1267000]",475,9528000
19,50,8,"[409,452,361,487,472,332,434,410]","[1224000,1271000,988000,1405000,1396000,903000,1231000,1192000]",487,9610000
19,51,8,"[428,467,340,477,460,494,406,470]","[1259000,1363000,954000,1351000,1332000,1323000,1166000,1371000]",494,10119000
19,52,8,"[330,469,317,449,455,406,442,452]","[1017000,1355000,875000,1283000,1342000,1144000,1259000,1323000]",469,9598000
19,53,8,"[285,514,342,544,466,338,423,406]","[837000,1420000,973000,1529000,1394000,937000,1186000,1247000]",544,9523000
19,54,8,"[285,477,341,478,467,336,426,404]","[840000,1329000,959000,1358000,1391000,936000,1190000,1240000]",478,9243000
19,55,8,"[339,468,339,487,463,390,421,450]","[1014000,1337000,949000,1416000,1357000,1070000,1196000,1329000]",487,9668000
19,56,8,"[356,488,318,465,498,347,425,434]","[1044000,1405000,891000,1332000,1461000,948000,1204000,1253000]",498,9538000
19,57,8,"[294,437,344,519,502,381,427,373]","[840000,1231000,977000,1473000,1471000,1046000,1205000,1127000]",519,9370000
19,58,8,"[339,502,344,522,450,433,407,446]","[996000,1445000,969000,1465000,1329000,1182000,1147000,1311000]",522,9844000
19,59,8,"[456,445,475,599,475,400,403,475]","[1347000,1283000,1362000,1654000,1403000,1087000,1161000,1369000]",599,10666000
19,60,8,"[408,451,363,479,503,327,433,414]","[1199000,1287000,994000,1399000,1449000,892000,1228000,1209000]",503,9657000
19,61,8,"[370,487,315,470,500,338,431,371]","[1099000,1420000,894000,1337000,1467000,939000,1208000,1132000]",500,9496000
19,62,8,"[455,455,358,542,475,415,400,421]","[1351000,1354000,991000,1537000,1400000,1100000,1161000,1182000]",542,10076000
19,63,8,"[353,495,314,468,502,383,432,402]","[1039000,1426000,886000,1341000,1469000,1043000,1207000,1192000]",502,9603000
19,64,8,"[346,473,369,486,473,414,399,448]","[1044000,1351000,1026000,1399000,1405000,1092000,1158000,1319000]",486,9794000
19,65,8,"[272,525,421,500,505,380,430,376]","[778000,1436000,1235000,1378000,1491000,1036000,1211000,1145000]",525,9710000
19,66,8,"[340,473,387,458,502,293,397,452]","[1004000,1357000,1080000,1304000,1499000,802000,1136000,1326000]",502,9508000
19,67,8,"[347,470,374,540,454,447,404,453]","[1054000,1342000,1045000,1540000,1343000,1219000,1168000,1331000]",540,10042000
19,68,8,"[345,474,397,480,477,299,417,464]","[1044000,1350000,1125000,1392000,1422000,812000,1194000,1362000]",480,9701000
19,69,8,"[383,450,367,476,469,408,516,403]","[1136000,1298000,1061000,1373000,1397000,1109000,1454000,1229000]",516,10057000
19,70,8,"[279,512,353,462,505,384,430,371]","[816000,1419000,1004000,1326000,1475000,1058000,1211000,1129000]",512,9438000
19,71,8,"[305,461,367,503,466,301,396,445]","[898000,1348000,1034000,1460000,1388000,818000,1128000,1283000]",503,9357000
19,72,8,"[474,495,346,472,503,457,439,373]","[1402000,1427000,990000,1352000,1471000,1244000,1229000,1061000]",503,10176000
19,73,8,"[457,451,446,461,469,467,452,471]","[1360000,1334000,1290000,1343000,1357000,1252000,1285000,1332000]",471,10553000
19,74,8,"[461,482,345,542,473,424,398,430]","[1376000,1429000,958000,1538000,1401000,1127000,1150000,1243000]",542,10222000
19,75,8,"[231,442,367,565,448,442,420,400]","[672000,1262000,1025000,1608000,1322000,1213000,1188000,1220000]",565,9510000
19,76,8,"[340,502,320,477,468,329,422,410]","[995000,1457000,893000,1353000,1395000,913000,1192000,1261000]",502,9459000
19,77,8,"[453,450,468,546,497,389,405,446]","[1335000,1319000,1358000,1555000,1465000,1000000,1160000,1269000]",546,10461000
19,78,8,"[278,443,414,456,473,437,530,442]","[795000,1290000,1259000,1319000,1413000,1246000,1479000,1320000]",530,10121000
19,79,8,"[450,449,516,495,469,387,421,442]","[1341000,1327000,1456000,1393000,1360000,1069000,1200000,1265000]",516,10411000
19,80,8,"[452,451,444,460,468,393,459,449]","[1335000,1328000,1269000,1340000,1358000,1095000,1306000,1281000]",468,10312000
19,81,8,"[303,470,339,474,475,331,437,402]","[902000,1378000,960000,1356000,1414000,934000,1230000,1217000]",475,9391000
19,82,8,"[259,399,371,543,470,337,422,410]","[742000,1155000,1048000,1535000,1399000,935000,1210000,1248000]",543,9272000
19,83,8,"[353,500,314,426,464,338,458,403]","[1039000,1447000,883000,1220000,1384000,937000,1278000,1235000]",500,9423000
19,84,8,"[451,445,473,452,444,478,424,446]","[1343000,1301000,1374000,1316000,1281000,1286000,1215000,1279000]",478,10395000
19,85,8,"[305,464,337,471,475,335,395,477]","[907000,1362000,945000,1341000,1412000,930000,1133000,1402000]",477,9432000
19,86,8,"[355,500,310,428,473,330,430,402]","[1039000,1437000,872000,1240000,1414000,923000,1222000,1220000]",500,9367000
19,87,8,"[504,447,472,391,467,391,420,465]","[1500000,1308000,1369000,1131000,1356000,1092000,1196000,1329000]",504,10281000
19,88,8,"[453,429,318,470,501,390,435,411]","[1305000,1254000,915000,1342000,1461000,1065000,1214000,1175000]",501,9731000
19,89,8,"[504,451,466,391,471,438,420,465]","[1505000,1328000,1346000,1131000,1364000,1173000,1200000,1329000]",504,10376000
19,90,8,"[304,469,342,475,413,402,455,406]","[908000,1373000,968000,1355000,1237000,1146000,1272000,1241000]",475,9500000
19,91,8,"[346,507,362,478,471,305,429,407]","[1029000,1473000,1025000,1361000,1401000,861000,1200000,1236000]",507,9586000
19,92,8,"[374,441,333,467,502,382,431,369]","[1104000,1260000,944000,1330000,1471000,1047000,1208000,1125000]",502,9489000
19,93,8,"[288,517,359,424,538,341,429,409]","[835000,1421000,1010000,1205000,1591000,949000,1200000,1259000]",538,9470000
19,94,8,"[362,394,392,481,468,293,403,449]","[1093000,1165000,1096000,1392000,1392000,802000,1175000,1315000]",481,9430000
19,95,8,"[386,421,314,467,507,332,430,404]","[1147000,1238000,882000,1336000,1477000,911000,1204000,1237000]",507,9432000
19,96,8,"[310,503,346,483,469,329,425,470]","[916000,1459000,986000,1374000,1393000,914000,1205000,1420000]",503,9667000
19,97,8,"[450,450,442,459,470,492,427,448]","[1341000,1321000,1269000,1339000,1352000,1334000,1221000,1295000]",492,10472000
19,98,8,"[412,455,363,477,470,299,436,418]","[1214000,1307000,994000,1386000,1405000,834000,1241000,1223000]",477,9604000
20,1,8,"[440,374,457,376,470,458,449,453]","[1289000,1114000,1322000,1076000,1388000,1330000,1302000,1304000]",470,10125000
20,2,8,"[465,375,458,429,441,463,426,463]","[1307000,1104000,1281000,1225000,1275000,1335000,1232000,1369000]",465,10128000
20,3,8,"[447,407,454,427,443,462,460,410]","[1316000,1206000,1275000,1222000,1281000,1341000,1327000,1234000]",462,10202000
20,4,8,"[464,375,455,428,444,461,439,464]","[1308000,1110000,1282000,1215000,1288000,1331000,1281000,1393000]",464,10208000
20,5,8,"[465,375,454,430,441,463,426,463]","[1307000,1104000,1280000,1228000,1275000,1335000,1232000,1369000]",465,10130000
20,6,8,"[447,411,454,426,448,461,463,410]","[1307000,1225000,1289000,1213000,1300000,1336000,1334000,1227000]",463,10231000
20,7,8,"[426,374,462,425,410,470,438,472]","[1217000,1108000,1300000,1214000,1216000,1363000,1299000,1412000]",472,10129000
20,8,8,"[421,380,457,428,425,470,444,468]","[1211000,1121000,1295000,1222000,1234000,1377000,1294000,1397000]",470,10151000
20,9,8,"[465,370,451,444,453,463,426,457]","[1317000,1100000,1273000,1269000,1297000,1337000,1230000,1364000]",465,10187000
20,10,8,"[463,389,440,462,434,457,448,461]","[1328000,1132000,1284000,1299000,1288000,1327000,1284000,1367000]",463,10309000
20,11,8,"[449,378,420,432,442,455,452,467]","[1342000,1117000,1183000,1231000,1276000,1331000,1305000,1381000]",467,10166000
20,12,8,"[460,371,466,414,421,465,466,468]","[1307000,1099000,1319000,1168000,1239000,1338000,1312000,1400000]",468,10182000
20,13,8,"[465,374,454,453,446,463,430,465]","[1310000,1097000,1277000,1284000,1285000,1339000,1233000,1378000]",465,10203000
20,14,8,"[439,379,458,377,470,455,459,460]","[1287000,1124000,1320000,1074000,1388000,1321000,1322000,1341000]",470,10177000
20,15,8,"[449,428,437,432,441,455,446,463]","[1327000,1240000,1247000,1239000,1283000,1327000,1288000,1374000]",463,10325000
20,16,8,"[464,447,442,431,434,458,449,462]","[1333000,1289000,1285000,1200000,1288000,1329000,1284000,1375000]",464,10383000
20,17,8,"[455,375,458,426,457,461,411,468]","[1358000,1106000,1298000,1213000,1324000,1326000,1206000,1381000]",468,10212000
20,18,8,"[421,382,469,428,437,461,466,465]","[1242000,1130000,1305000,1215000,1267000,1331000,1303000,1397000]",469,10190000
20,19,8,"[439,381,463,422,456,455,466,462]","[1278000,1131000,1326000,1191000,1327000,1321000,1333000,1337000]",466,10244000
20,20,8,"[451,403,439,431,441,457,439,465]","[1319000,1190000,1251000,1233000,1281000,1327000,1274000,1384000]",465,10259000
20,21,8,"[436,364,509,457,424,493,449,462]","[1281000,1059000,1434000,1289000,1227000,1426000,1283000,1370000]",509,10369000
20,22,8,"[423,377,457,429,440,464,485,467]","[1257000,1113000,1284000,1217000,1282000,1337000,1371000,1398000]",485,10259000
20,23,8,"[405,444,488,423,445,464,438,484]","[1203000,1255000,1345000,1211000,1276000,1363000,1281000,1409000]",488,10343000
20,24,8,"[506,381,464,422,451,455,492,459]","[1461000,1143000,1301000,1227000,1321000,1327000,1393000,1339000]",506,10512000
20,25,8,"[472,380,478,443,509,470,450,490]","[1366000,1115000,1373000,1272000,1450000,1365000,1301000,1433000]",509,10675000
20,26,8,"[446,374,469,429,462,480,397,462]","[1339000,1103000,1327000,1225000,1329000,1401000,1134000,1363000]",480,10221000
20,27,8,"[466,372,467,412,446,464,431,463]","[1307000,1101000,1321000,1164000,1294000,1340000,1262000,1390000]",467,10179000
20,28,8,"[439,378,458,381,470,455,460,477]","[1287000,1122000,1323000,1094000,1388000,1321000,1322000,1388000]",477,10245000
20,29,8,"[404,420,473,468,457,470,470,472]","[1204000,1198000,1340000,1332000,1316000,1374000,1348000,1434000]",473,10546000
20,30,8,"[437,361,521,393,456,464,504,465]","[1291000,1051000,1464000,1098000,1309000,1366000,1423000,1391000]",521,10393000
20,31,8,"[399,414,518,431,442,455,450,465]","[1191000,1167000,1476000,1236000,1276000,1326000,1298000,1390000]",518,10360000
20,32,8,"[409,414,518,466,423,473,475,463]","[1212000,1182000,1465000,1326000,1224000,1377000,1364000,1383000]",518,10533000
20,33,8,"[446,376,469,468,469,457,492,468]","[1290000,1108000,1300000,1323000,1360000,1321000,1412000,1357000]",492,10471000
20,34,8,"[438,381,437,426,422,473,433,477]","[1264000,1139000,1247000,1213000,1246000,1381000,1283000,1404000]",477,10177000
20,35,8,"[466,386,440,424,497,481,444,464]","[1355000,1130000,1285000,1181000,1453000,1395000,1292000,1383000]",497,10474000
20,36,8,"[486,430,460,420,443,459,444,469]","[1410000,1244000,1298000,1179000,1285000,1347000,1271000,1395000]",486,10429000
20,37,8,"[465,375,461,415,445,463,441,464]","[1310000,1107000,1300000,1168000,1290000,1338000,1288000,1399000]",465,10200000
20,38,8,"[460,371,456,414,421,466,465,465]","[1301000,1105000,1283000,1168000,1239000,1346000,1312000,1385000]",466,10139000
20,39,8,"[471,432,445,414,487,516,489,420]","[1359000,1255000,1309000,1147000,1448000,1415000,1417000,1241000]",516,10591000
20,40,8,"[497,374,467,428,445,467,511,470]","[1429000,1114000,1318000,1215000,1283000,1343000,1406000,1385000]",511,10493000
20,41,8,"[455,378,464,427,446,462,450,460]","[1272000,1113000,1322000,1228000,1282000,1344000,1323000,1315000]",464,10199000
20,42,8,"[441,423,444,426,441,459,442,474]","[1283000,1228000,1255000,1216000,1286000,1339000,1277000,1400000]",474,10284000
20,43,8,"[407,437,456,469,438,471,473,473]","[1225000,1246000,1283000,1334000,1281000,1386000,1357000,1405000]",473,10517000
20,44,8,"[464,374,454,432,435,467,438,470]","[1297000,1108000,1282000,1237000,1266000,1363000,1302000,1383000]",470,10238000
20,45,8,"[440,383,476,448,434,457,468,463]","[1282000,1132000,1348000,1279000,1253000,1331000,1338000,1347000]",476,10310000
20,46,8,"[403,447,455,415,422,447,502,501]","[1202000,1261000,1279000,1182000,1246000,1319000,1446000,1479000]",502,10414000
20,47,8,"[413,380,467,429,443,464,476,469]","[1207000,1116000,1313000,1217000,1277000,1333000,1325000,1391000]",476,10179000
20,48,8,"[465,364,508,431,442,460,423,462]","[1307000,1052000,1436000,1236000,1280000,1337000,1231000,1367000]",508,10246000
20,49,8,"[412,378,460,381,470,455,459,459]","[1227000,1122000,1324000,1088000,1385000,1321000,1322000,1338000]",470,10127000
20,50,8,"[460,425,445,480,510,466,460,459]","[1344000,1231000,1275000,1326000,1473000,1366000,1346000,1365000]",510,10726000
20,51,8,"[460,375,450,436,456,456,468,458]","[1325000,1107000,1302000,1241000,1329000,1323000,1334000,1337000]",468,10298000
20,52,8,"[440,372,456,444,414,468,433,468]","[1243000,1104000,1294000,1269000,1224000,1359000,1286000,1382000]",468,10161000
20,53,8,"[410,376,467,433,468,464,451,473]","[1183000,1109000,1331000,1199000,1388000,1348000,1305000,1348000]",473,10211000
20,54,8,"[449,416,438,432,426,456,457,482]","[1315000,1231000,1249000,1238000,1265000,1329000,1325000,1405000]",482,10357000
20,55,8,"[443,363,514,470,434,471,475,472]","[1289000,1046000,1457000,1308000,1264000,1377000,1379000,1419000]",514,10539000
20,56,8,"[462,382,504,478,495,472,433,468]","[1315000,1085000,1455000,1364000,1431000,1365000,1267000,1390000]",504,10672000
20,57,8,"[451,359,505,450,444,465,431,468]","[1318000,1037000,1429000,1260000,1293000,1351000,1248000,1418000]",505,10354000
20,58,8,"[459,379,460,427,441,457,481,499]","[1299000,1117000,1307000,1218000,1274000,1331000,1358000,1488000]",499,10392000
20,59,8,"[426,371,462,386,445,461,491,467]","[1257000,1099000,1324000,1105000,1268000,1331000,1393000,1381000]",491,10158000
20,60,8,"[471,358,518,432,449,457,430,465]","[1348000,1048000,1466000,1238000,1315000,1331000,1245000,1400000]",518,10391000
20,61,8,"[442,384,451,450,430,457,468,463]","[1286000,1135000,1300000,1283000,1249000,1331000,1337000,1347000]",468,10268000
20,62,8,"[452,378,439,427,443,459,434,466]","[1322000,1129000,1247000,1219000,1288000,1329000,1265000,1402000]",466,10201000
20,63,8,"[438,347,505,491,459,456,473,467]","[1273000,1010000,1433000,1361000,1352000,1327000,1356000,1357000]",505,10469000
20,64,8,"[398,416,515,432,469,454,450,468]","[1189000,1167000,1468000,1217000,1390000,1321000,1305000,1395000]",515,10452000
20,65,8,"[451,403,448,431,441,457,439,468]","[1319000,1190000,1269000,1233000,1281000,1327000,1274000,1399000]",468,10292000
20,66,8,"[449,425,465,432,443,459,442,468]","[1327000,1234000,1309000,1239000,1285000,1337000,1269000,1389000]",468,10389000
20,67,8,"[453,405,439,427,440,458,441,477]","[1320000,1192000,1251000,1219000,1281000,1342000,1278000,1382000]",477,10265000
20,68,8,"[464,375,454,430,441,482,426,460]","[1305000,1104000,1280000,1228000,1275000,1382000,1232000,1363000]",482,10169000
20,69,8,"[396,414,514,466,426,474,476,459]","[1188000,1163000,1468000,1311000,1225000,1382000,1369000,1374000]",514,10480000
20,70,8,"[474,432,448,418,483,456,490,413]","[1368000,1257000,1306000,1170000,1437000,1295000,1416000,1234000]",490,10483000
20,71,8,"[464,394,503,436,494,460,443,458]","[1336000,1111000,1447000,1206000,1450000,1340000,1301000,1368000]",503,10559000
20,72,8,"[444,385,451,477,461,455,512,472]","[1289000,1125000,1283000,1290000,1353000,1327000,1486000,1361000]",512,10514000
20,73,8,"[461,370,451,448,453,463,426,457]","[1336000,1100000,1273000,1280000,1301000,1337000,1234000,1358000]",463,10219000
20,74,8,"[441,381,456,379,468,460,450,454]","[1291000,1131000,1317000,1091000,1388000,1330000,1307000,1312000]",468,10167000
20,75,8,"[465,375,458,427,443,532,424,398]","[1307000,1106000,1281000,1218000,1279000,1553000,1230000,1144000]",532,10118000
20,76,8,"[446,409,453,429,489,456,464,363]","[1309000,1210000,1273000,1232000,1415000,1329000,1346000,1089000]",489,10203000
20,77,8,"[463,380,458,427,444,458,446,443]","[1313000,1123000,1288000,1213000,1288000,1325000,1307000,1326000]",463,10183000
20,78,8,"[464,374,454,430,443,474,425,458]","[1305000,1104000,1280000,1228000,1279000,1358000,1235000,1337000]",474,10126000
20,79,8,"[446,412,455,426,416,462,463,457]","[1302000,1227000,1288000,1213000,1212000,1340000,1340000,1372000]",463,10294000
20,80,8,"[426,385,457,373,458,468,441,473]","[1211000,1124000,1286000,1063000,1359000,1371000,1293000,1406000]",473,10113000
20,81,8,"[424,380,457,464,425,470,446,439]","[1226000,1121000,1295000,1327000,1234000,1377000,1294000,1312000]",470,10186000
20,82,8,"[465,373,453,439,451,485,435,462]","[1316000,1106000,1277000,1250000,1297000,1386000,1250000,1367000]",485,10249000
20,83,8,"[462,410,396,462,433,458,451,461]","[1326000,1207000,1160000,1301000,1286000,1332000,1303000,1367000]",462,10282000
20,84,8,"[450,381,441,424,442,463,460,468]","[1347000,1134000,1230000,1212000,1276000,1346000,1343000,1386000]",468,10274000
20,85,8,"[460,375,454,431,432,466,468,457]","[1301000,1119000,1287000,1211000,1261000,1341000,1317000,1374000]",468,10211000
20,86,8,"[461,374,454,453,440,403,432,502]","[1303000,1095000,1275000,1277000,1276000,1149000,1240000,1502000]",502,10117000
20,87,8,"[439,381,458,381,477,456,451,467]","[1287000,1128000,1320000,1088000,1415000,1323000,1294000,1345000]",477,10200000
20,88,8,"[445,466,400,425,443,458,443,469]","[1301000,1349000,1133000,1215000,1296000,1342000,1279000,1385000]",469,10300000
20,89,8,"[482,443,453,425,434,455,444,461]","[1384000,1277000,1317000,1188000,1288000,1327000,1276000,1370000]",482,10427000
20,90,8,"[460,375,454,426,502,458,414,474]","[1382000,1106000,1294000,1213000,1418000,1325000,1212000,1401000]",502,10351000
20,91,8,"[461,381,419,431,439,467,474,467]","[1361000,1122000,1183000,1223000,1271000,1349000,1345000,1395000]",474,10249000
20,92,8,"[442,376,460,426,435,458,463,472]","[1282000,1118000,1322000,1203000,1320000,1321000,1328000,1361000]",472,10255000
20,93,8,"[454,410,444,431,471,458,434,477]","[1331000,1213000,1263000,1244000,1359000,1332000,1249000,1410000]",477,10401000
21,1,8,"[366,426,392,458,462,413,389,399]","[1027000,1246000,1168000,1388000,1329000,1200000,1146000,1155000]",462,9659000
21,2,8,"[375,410,408,449,442,426,402,438]","[1050000,1154000,1170000,1360000,1284000,1255000,1198000,1299000]",449,9770000
21,3,8,"[378,404,405,454,460,396,393,455]","[1048000,1173000,1140000,1360000,1330000,1145000,1150000,1351000]",460,9697000
21,4,8,"[318,447,394,455,444,441,413,443]","[941000,1254000,1154000,1360000,1263000,1302000,1202000,1296000]",455,9772000
21,5,8,"[366,426,392,463,462,419,388,401]","[1027000,1243000,1168000,1394000,1329000,1212000,1149000,1164000]",463,9686000
21,6,8,"[374,433,410,450,443,396,405,445]","[1054000,1238000,1180000,1362000,1291000,1154000,1195000,1323000]",450,9797000
21,7,8,"[358,393,394,459,474,368,427,444]","[1036000,1121000,1163000,1364000,1365000,1073000,1257000,1286000]",474,9665000
21,8,8,"[376,410,408,452,447,426,432,440]","[1048000,1167000,1170000,1378000,1312000,1250000,1228000,1312000]",452,9865000
21,9,8,"[343,435,418,455,446,449,420,390]","[1001000,1232000,1222000,1375000,1261000,1321000,1214000,1158000]",455,9784000
21,10,8,"[347,438,416,463,437,445,388,384]","[1012000,1221000,1217000,1401000,1247000,1317000,1139000,1153000]",463,9707000
21,11,8,"[359,364,394,455,474,400,426,443]","[1040000,1033000,1163000,1360000,1365000,1170000,1258000,1289000]",474,9678000
21,12,8,"[355,422,391,454,446,449,419,441]","[1032000,1193000,1148000,1360000,1270000,1308000,1211000,1288000]",454,9810000
21,13,8,"[303,511,421,474,449,399,418,339]","[891000,1496000,1228000,1432000,1274000,1167000,1213000,976000]",511,9677000
21,14,8,"[367,449,422,456,461,445,391,397]","[1009000,1302000,1206000,1362000,1332000,1275000,1140000,1158000]",461,9784000
21,15,8,"[355,436,413,467,435,451,392,382]","[1028000,1211000,1213000,1389000,1237000,1337000,1137000,1136000]",467,9688000
21,16,8,"[352,445,420,454,475,406,391,375]","[1013000,1298000,1204000,1364000,1361000,1177000,1158000,1109000]",475,9684000
21,17,8,"[385,400,402,453,465,448,393,430]","[1066000,1154000,1138000,1360000,1339000,1280000,1152000,1274000]",465,9763000
21,18,8,"[352,426,384,461,471,401,419,406]","[1000000,1228000,1143000,1394000,1359000,1170000,1217000,1192000]",471,9703000
21,19,8,"[306,447,413,457,489,403,415,389]","[897000,1313000,1213000,1364000,1404000,1171000,1194000,1124000]",489,9680000
21,20,8,"[424,367,409,453,451,427,427,434]","[1213000,1038000,1170000,1377000,1320000,1240000,1220000,1293000]",453,9871000
21,21,8,"[392,429,387,465,463,411,413,407]","[1092000,1243000,1149000,1401000,1331000,1199000,1187000,1194000]",465,9796000
21,22,8,"[355,424,391,453,529,443,420,447]","[1032000,1198000,1157000,1358000,1478000,1247000,1210000,1284000]",529,9964000
21,23,8,"[545,392,408,455,447,499,419,490]","[1652000,1128000,1170000,1377000,1308000,1445000,1215000,1463000]",545,10758000
21,24,8,"[354,434,384,465,495,401,421,406]","[1004000,1243000,1143000,1404000,1430000,1153000,1227000,1195000]",495,9799000
21,25,8,"[417,401,408,445,483,434,394,456]","[1203000,1163000,1170000,1334000,1353000,1270000,1163000,1364000]",483,10020000
21,26,8,"[366,436,411,458,477,403,403,382]","[1072000,1237000,1215000,1364000,1363000,1175000,1181000,1103000]",477,9710000
21,27,8,"[361,396,399,459,475,403,413,447]","[1040000,1120000,1179000,1366000,1366000,1164000,1215000,1304000]",475,9754000
21,28,8,"[354,427,390,465,492,430,412,406]","[1017000,1233000,1152000,1409000,1380000,1262000,1189000,1202000]",492,9844000
21,29,8,"[352,393,391,456,468,454,429,456]","[996000,1118000,1148000,1364000,1330000,1327000,1220000,1372000]",468,9875000
21,30,8,"[354,435,413,466,487,428,391,381]","[1026000,1211000,1213000,1389000,1359000,1250000,1145000,1136000]",487,9729000
21,31,8,"[396,432,374,474,484,406,408,407]","[1146000,1200000,1087000,1420000,1391000,1188000,1182000,1188000]",484,9802000
21,32,8,"[382,406,401,455,464,440,432,410]","[1058000,1168000,1136000,1358000,1346000,1259000,1269000,1211000]",464,9805000
21,33,8,"[352,449,424,453,537,406,392,375]","[1011000,1303000,1219000,1362000,1509000,1179000,1148000,1112000]",537,9843000
21,34,8,"[353,461,412,462,488,424,385,465]","[1035000,1332000,1214000,1382000,1357000,1242000,1111000,1414000]",488,10087000
21,35,8,"[323,452,391,462,499,431,414,446]","[953000,1266000,1148000,1379000,1394000,1270000,1203000,1312000]",499,9925000
21,36,8,"[375,385,447,449,444,445,384,438]","[1052000,1095000,1245000,1355000,1293000,1315000,1134000,1304000]",449,9793000
21,37,8,"[385,411,405,455,468,443,435,399]","[1070000,1189000,1162000,1358000,1357000,1274000,1275000,1157000]",468,9842000
21,38,8,"[354,427,384,486,486,408,416,408]","[1004000,1233000,1143000,1426000,1403000,1205000,1202000,1196000]",486,9812000
21,39,8,"[413,413,408,456,494,432,415,429]","[1201000,1201000,1165000,1368000,1384000,1261000,1190000,1287000]",494,10057000
21,40,8,"[386,423,410,461,463,430,419,407]","[1103000,1209000,1172000,1382000,1341000,1249000,1225000,1219000]",463,9900000
21,41,8,"[339,406,411,456,445,426,432,438]","[953000,1157000,1176000,1382000,1299000,1250000,1230000,1305000]",456,9752000
21,42,8,"[408,403,408,449,447,452,447,452]","[1175000,1158000,1170000,1363000,1308000,1296000,1285000,1348000]",452,10103000
21,43,8,"[318,438,418,455,441,444,413,412]","[941000,1243000,1238000,1360000,1255000,1307000,1202000,1222000]",455,9768000
21,44,8,"[375,387,432,490,446,443,391,434]","[1034000,1097000,1221000,1467000,1308000,1297000,1143000,1296000]",490,9863000
21,45,8,"[365,403,379,486,501,428,429,445]","[1013000,1142000,1106000,1445000,1455000,1254000,1223000,1340000]",501,9978000
21,46,8,"[325,442,409,451,490,403,416,389]","[957000,1268000,1193000,1358000,1406000,1174000,1200000,1120000]",490,9676000
21,47,8,"[359,421,395,477,498,432,410,443]","[1040000,1181000,1161000,1435000,1390000,1266000,1186000,1292000]",498,9951000
21,48,8,"[375,397,402,495,444,427,427,441]","[1058000,1149000,1145000,1488000,1295000,1246000,1220000,1322000]",495,9923000
21,49,8,"[367,449,418,456,465,445,391,359]","[1011000,1309000,1202000,1368000,1344000,1272000,1158000,1067000]",465,9731000
21,50,8,"[444,478,414,491,1520,398,1971,538]","[1200000,1340000,1197000,1451000,3463000,1165000,4306000,1393000]",1971,15515000
21,51,8,"[361,396,396,459,487,403,413,447]","[1040000,1120000,1173000,1366000,1399000,1164000,1215000,1304000]",487,9781000
21,52,8,"[353,426,384,461,532,401,419,407]","[1002000,1228000,1143000,1394000,1487000,1174000,1222000,1191000]",532,9841000
21,53,8,"[377,392,409,452,455,426,432,439]","[1076000,1158000,1170000,1362000,1313000,1230000,1245000,1295000]",455,9849000
21,54,8,"[347,454,417,465,460,450,390,394]","[1012000,1332000,1206000,1382000,1340000,1274000,1136000,1154000]",465,9836000
21,55,8,"[354,447,422,454,471,410,392,390]","[1017000,1297000,1222000,1362000,1341000,1202000,1146000,1147000]",471,9734000
21,56,8,"[336,508,421,474,449,401,456,467]","[982000,1471000,1220000,1432000,1274000,1175000,1306000,1346000]",508,10206000
21,57,8,"[359,418,440,454,463,418,419,441]","[1049000,1182000,1259000,1360000,1335000,1218000,1208000,1290000]",463,9901000
21,58,8,"[380,400,405,451,466,440,432,406]","[1058000,1157000,1147000,1361000,1350000,1261000,1261000,1206000]",466,9801000
21,59,8,"[342,431,410,462,476,447,421,392]","[993000,1221000,1211000,1393000,1349000,1314000,1213000,1165000]",476,9859000
21,60,8,"[373,399,408,451,447,427,427,454]","[1054000,1148000,1170000,1360000,1304000,1246000,1218000,1333000]",454,9833000
21,61,8,"[367,468,392,468,460,467,393,402]","[1025000,1321000,1168000,1413000,1325000,1343000,1148000,1166000]",468,9909000
21,62,8,"[383,449,422,464,459,448,389,399]","[1032000,1295000,1210000,1378000,1330000,1284000,1134000,1160000]",464,9823000
21,63,8,"[396,415,463,464,486,449,389,430]","[1130000,1204000,1310000,1378000,1362000,1271000,1139000,1286000]",486,10080000
21,64,8,"[377,414,386,457,462,409,391,402]","[1054000,1206000,1147000,1388000,1325000,1190000,1147000,1163000]",462,9620000
21,65,8,"[375,410,407,449,446,426,402,438]","[1050000,1158000,1161000,1360000,1301000,1255000,1198000,1299000]",449,9782000
21,66,8,"[385,356,406,457,460,405,423,460]","[1062000,1026000,1158000,1366000,1330000,1184000,1241000,1360000]",460,9727000
21,67,8,"[324,457,394,459,444,458,415,447]","[951000,1290000,1154000,1368000,1257000,1357000,1217000,1316000]",459,9910000
21,68,8,"[366,426,392,463,462,419,388,401]","[1027000,1243000,1168000,1394000,1338000,1212000,1149000,1155000]",463,9686000
21,69,8,"[404,436,415,451,448,364,399,442]","[1138000,1253000,1189000,1364000,1310000,1065000,1180000,1314000]",451,9813000
21,70,8,"[367,391,403,458,433,420,426,443]","[1055000,1119000,1193000,1364000,1241000,1226000,1244000,1301000]",458,9743000
21,71,8,"[375,438,412,451,417,424,431,436]","[1052000,1263000,1180000,1367000,1209000,1240000,1228000,1304000]",451,9843000
21,72,8,"[343,397,417,460,440,444,441,382]","[995000,1120000,1224000,1380000,1248000,1307000,1265000,1148000]",460,9687000
21,73,8,"[354,475,411,456,432,425,393,391]","[1021000,1330000,1210000,1380000,1230000,1258000,1158000,1175000]",475,9762000
21,74,8,"[360,367,392,460,477,441,422,443]","[1032000,1043000,1159000,1365000,1380000,1249000,1241000,1295000]",477,9764000
21,75,8,"[356,418,403,456,441,463,414,446]","[1034000,1175000,1179000,1364000,1248000,1353000,1199000,1298000]",463,9850000
21,76,8,"[308,508,422,479,453,403,419,341]","[895000,1481000,1225000,1449000,1287000,1177000,1218000,983000]",508,9715000
21,77,8,"[365,461,420,463,461,442,388,402]","[1005000,1329000,1215000,1382000,1334000,1257000,1141000,1166000]",463,9829000
21,78,8,"[345,428,417,464,440,446,389,391]","[999000,1207000,1229000,1388000,1244000,1316000,1139000,1158000]",464,9680000
21,79,8,"[352,473,425,428,485,405,391,384]","[1011000,1388000,1224000,1289000,1401000,1177000,1142000,1138000]",485,9770000
21,80,8,"[417,362,403,454,460,449,390,431]","[1174000,1059000,1136000,1360000,1334000,1282000,1146000,1276000]",460,9767000
21,81,8,"[351,405,384,459,475,400,440,403]","[998000,1153000,1143000,1388000,1366000,1165000,1267000,1182000]",475,9662000
21,82,8,"[307,447,413,476,489,401,395,390]","[895000,1318000,1213000,1426000,1404000,1171000,1140000,1126000]",489,9693000
21,83,8,"[425,366,409,455,406,470,431,435]","[1216000,1045000,1170000,1381000,1165000,1382000,1228000,1297000]",470,9884000
22,1,8,"[356,452,431,418,467,468,463,468]","[1018000,1300000,1209000,1214000,1334000,1368000,1355000,1366000]",468,10164000
22,2,8,"[395,459,429,411,461,467,470,336]","[1183000,1307000,1221000,1194000,1312000,1362000,1369000,963000]",470,9911000
22,3,8,"[261,392,407,544,468,400,477,304]","[765000,1142000,1229000,1568000,1371000,1133000,1401000,874000]",544,9483000
22,4,8,"[378,425,431,433,471,394,471,321]","[1124000,1201000,1284000,1213000,1372000,1122000,1389000,921000]",471,9626000
22,5,8,"[428,456,430,412,461,464,467,431]","[1240000,1300000,1225000,1199000,1312000,1360000,1363000,1316000]",467,10315000
22,6,8,"[264,396,408,457,497,439,484,343]","[775000,1161000,1230000,1307000,1450000,1217000,1417000,1019000]",497,9576000
22,7,8,"[414,452,447,415,463,469,468,337]","[1243000,1290000,1276000,1198000,1316000,1369000,1365000,976000]",469,10033000
22,8,8,"[261,392,406,545,468,400,480,280]","[765000,1142000,1224000,1570000,1371000,1133000,1419000,824000]",545,9448000
22,9,8,"[378,390,431,433,470,397,471,352]","[1115000,1159000,1288000,1213000,1372000,1130000,1389000,1006000]",471,9672000
22,10,8,"[428,455,430,412,461,469,469,379]","[1240000,1300000,1225000,1199000,1312000,1375000,1367000,1144000]",469,10162000
22,11,8,"[384,390,428,429,471,396,476,351]","[1132000,1150000,1270000,1209000,1374000,1125000,1397000,1007000]",476,9664000
22,12,8,"[263,453,421,461,507,412,480,326]","[769000,1274000,1283000,1330000,1465000,1174000,1407000,929000]",507,9631000
22,13,8,"[381,430,429,464,464,465,468,450]","[1142000,1191000,1225000,1348000,1328000,1358000,1365000,1319000]",468,10276000
22,14,8,"[387,403,430,383,474,421,479,344]","[1140000,1170000,1280000,1090000,1387000,1194000,1403000,974000]",479,9638000
22,15,8,"[264,425,410,461,501,454,489,334]","[765000,1206000,1243000,1305000,1450000,1285000,1436000,956000]",501,9646000
22,16,8,"[379,402,424,398,472,431,483,323]","[1118000,1159000,1262000,1156000,1375000,1251000,1421000,922000]",483,9664000
22,17,8,"[389,458,440,433,464,466,469,410]","[1165000,1314000,1236000,1242000,1321000,1373000,1367000,1179000]",469,10197000
22,18,8,"[379,391,439,434,468,397,472,352]","[1115000,1164000,1294000,1217000,1362000,1127000,1389000,1006000]",472,9674000
22,19,8,"[378,392,467,431,433,435,471,347]","[1115000,1159000,1391000,1211000,1253000,1263000,1389000,997000]",471,9778000
22,20,8,"[378,390,431,433,470,433,471,352]","[1115000,1159000,1288000,1213000,1372000,1262000,1389000,1006000]",471,9804000
22,21,8,"[429,455,451,411,499,475,465,383]","[1251000,1300000,1285000,1133000,1424000,1421000,1357000,1151000]",499,10322000
22,22,8,"[387,401,440,450,491,365,476,349]","[1144000,1164000,1301000,1296000,1429000,1019000,1395000,991000]",491,9739000
22,23,8,"[336,434,435,451,477,466,469,450]","[981000,1231000,1239000,1311000,1374000,1358000,1363000,1405000]",477,10262000
22,24,8,"[317,456,436,433,496,440,476,345]","[934000,1345000,1284000,1220000,1445000,1217000,1399000,977000]",496,9821000
22,25,8,"[387,459,478,518,475,453,478,541]","[1098000,1312000,1316000,1465000,1385000,1293000,1410000,1640000]",541,10919000
22,26,8,"[272,430,435,455,503,482,476,338]","[812000,1217000,1227000,1320000,1448000,1345000,1397000,967000]",503,9733000
22,27,8,"[425,454,430,411,463,471,468,381]","[1252000,1300000,1223000,1194000,1319000,1386000,1365000,1093000]",471,10132000
22,28,8,"[357,459,403,460,509,448,488,333]","[1041000,1320000,1195000,1310000,1457000,1274000,1421000,957000]",509,9975000
22,29,8,"[385,400,435,457,474,414,475,341]","[1154000,1112000,1237000,1315000,1367000,1143000,1397000,976000]",475,9701000
22,30,8,"[342,453,437,415,463,435,526,440]","[1008000,1320000,1238000,1214000,1328000,1220000,1511000,1350000]",526,10189000
22,31,8,"[373,484,468,456,451,397,471,345]","[1109000,1398000,1360000,1277000,1316000,1127000,1389000,970000]",484,9946000
22,32,8,"[381,394,411,462,466,396,474,351]","[1121000,1170000,1240000,1315000,1339000,1125000,1399000,1000000]",474,9709000
22,33,8,"[380,431,433,454,472,401,474,342]","[1118000,1247000,1292000,1279000,1376000,1142000,1395000,975000]",474,9824000
22,34,8,"[307,423,413,482,504,455,484,341]","[905000,1230000,1249000,1365000,1456000,1281000,1421000,970000]",504,9877000
22,35,8,"[332,382,413,458,434,413,481,334]","[996000,1123000,1246000,1309000,1264000,1173000,1415000,947000]",481,9473000
22,36,8,"[270,401,412,457,502,441,486,380]","[800000,1186000,1237000,1305000,1469000,1221000,1421000,1135000]",502,9774000
22,37,8,"[377,384,439,476,459,465,474,309]","[1118000,1119000,1303000,1382000,1333000,1362000,1367000,874000]",476,9858000
22,38,8,"[371,487,485,415,457,435,527,363]","[1114000,1405000,1369000,1199000,1304000,1221000,1509000,1050000]",527,10171000
22,39,8,"[401,455,436,417,464,496,527,382]","[1234000,1306000,1219000,1218000,1330000,1462000,1509000,1126000]",527,10404000
22,40,8,"[379,392,432,444,510,437,472,356]","[1124000,1153000,1285000,1246000,1437000,1270000,1391000,1017000]",510,9923000
22,41,8,"[340,430,418,458,447,477,468,420]","[995000,1268000,1275000,1315000,1314000,1410000,1361000,1182000]",477,10120000
22,42,8,"[384,392,476,445,489,461,470,355]","[1132000,1168000,1382000,1269000,1429000,1352000,1329000,1040000]",489,10101000
22,43,8,"[274,388,428,544,472,399,477,358]","[785000,1149000,1268000,1551000,1382000,1127000,1413000,1014000]",544,9689000
22,44,8,"[345,456,455,422,464,476,466,433]","[994000,1331000,1336000,1227000,1330000,1402000,1361000,1339000]",476,10320000
22,45,8,"[381,430,429,464,464,461,470,450]","[1142000,1191000,1225000,1348000,1328000,1351000,1365000,1319000]",470,10269000
22,46,8,"[348,423,444,567,467,476,473,283]","[1027000,1215000,1308000,1602000,1339000,1399000,1373000,825000]",567,10088000
22,47,8,"[366,438,484,469,476,435,466,425]","[1104000,1243000,1393000,1355000,1383000,1264000,1370000,1234000]",484,10346000
22,48,8,"[412,457,455,419,463,467,471,439]","[1235000,1303000,1302000,1222000,1312000,1364000,1370000,1373000]",471,10481000
22,49,8,"[375,421,414,461,483,432,480,348]","[1116000,1197000,1239000,1309000,1375000,1255000,1420000,987000]",483,9898000
22,50,8,"[380,390,441,435,472,433,458,352]","[1114000,1150000,1299000,1222000,1368000,1292000,1330000,1004000]",472,9779000
22,51,8,"[355,488,484,420,457,468,475,363]","[1061000,1401000,1361000,1209000,1313000,1369000,1371000,1056000]",488,10141000
22,52,8,"[380,487,433,413,496,483,485,350]","[1141000,1369000,1231000,1201000,1381000,1363000,1432000,1000000]",496,10118000
22,53,8,"[389,459,456,433,464,466,469,410]","[1165000,1316000,1280000,1242000,1321000,1373000,1367000,1179000]",469,10243000
22,54,8,"[264,396,434,456,497,438,483,343]","[775000,1161000,1279000,1305000,1450000,1215000,1415000,1019000]",497,9619000
22,55,8,"[398,455,440,532,466,475,467,337]","[1195000,1302000,1245000,1488000,1334000,1414000,1361000,974000]",532,10313000
22,56,8,"[267,337,391,543,469,410,466,400]","[783000,971000,1174000,1566000,1364000,1195000,1361000,1153000]",543,9567000
22,57,8,"[394,433,441,466,460,464,473,379]","[1180000,1228000,1291000,1338000,1310000,1369000,1374000,1126000]",473,10216000
22,58,8,"[411,486,419,548,473,446,486,358]","[1251000,1335000,1273000,1553000,1381000,1269000,1429000,1062000]",548,10553000
22,59,8,"[370,481,430,413,456,465,527,369]","[1114000,1388000,1225000,1195000,1309000,1309000,1509000,1077000]",527,10126000
22,60,8,"[382,393,447,564,468,473,464,337]","[1121000,1145000,1310000,1600000,1344000,1381000,1357000,992000]",564,10250000
22,61,8,"[389,452,431,419,463,469,472,372]","[1104000,1300000,1223000,1206000,1316000,1364000,1367000,1076000]",472,9956000
22,62,8,"[379,391,430,402,465,466,470,328]","[1112000,1135000,1277000,1176000,1363000,1370000,1365000,951000]",470,9749000
22,63,8,"[372,440,410,539,463,466,475,383]","[1077000,1273000,1238000,1545000,1336000,1382000,1376000,1078000]",539,10305000
22,64,8,"[369,469,419,510,461,469,478,343]","[1080000,1340000,1246000,1461000,1333000,1364000,1379000,988000]",510,10191000
22,65,8,"[351,454,447,417,459,469,494,380]","[1002000,1304000,1254000,1215000,1308000,1382000,1406000,1163000]",494,10034000
22,66,8,"[375,392,473,507,461,464,501,370]","[1113000,1165000,1373000,1418000,1330000,1363000,1431000,1072000]",507,10265000
22,67,8,"[374,397,401,434,487,465,468,379]","[1108000,1182000,1190000,1210000,1389000,1358000,1365000,1091000]",487,9893000
22,68,8,"[394,452,380,469,502,365,476,359]","[1169000,1294000,1085000,1327000,1441000,1021000,1399000,1032000]",502,9768000
22,69,8,"[377,446,430,396,482,421,480,322]","[1112000,1258000,1281000,1151000,1413000,1253000,1417000,920000]",482,9805000
22,70,8,"[397,442,436,404,488,428,480,355]","[1184000,1277000,1283000,1104000,1431000,1249000,1415000,1031000]",488,9974000
22,71,8,"[338,452,424,471,457,470,466,354]","[976000,1300000,1258000,1337000,1303000,1377000,1361000,992000]",471,9904000
22,72,8,"[373,475,436,414,458,496,527,370]","[1123000,1391000,1237000,1206000,1315000,1435000,1509000,1079000]",527,10295000
22,73,8,"[307,453,433,473,548,381,479,349]","[905000,1302000,1233000,1342000,1587000,1071000,1417000,998000]",548,9855000
22,74,8,"[262,417,408,457,500,465,494,256]","[774000,1185000,1233000,1305000,1468000,1300000,1458000,746000]",500,9469000
22,75,8,"[381,400,430,520,479,438,487,360]","[1135000,1188000,1250000,1477000,1376000,1261000,1426000,1053000]",520,10166000
22,76,8,"[351,396,399,520,453,471,464,413]","[996000,1152000,1206000,1483000,1318000,1386000,1357000,1139000]",520,10037000
22,77,8,"[380,393,425,427,472,432,482,322]","[1134000,1164000,1264000,1210000,1376000,1257000,1415000,956000]",482,9776000
22,78,8,"[375,522,434,411,463,469,437,413]","[1116000,1476000,1233000,1194000,1325000,1370000,1259000,1192000]",522,10165000
22,79,8,"[374,450,448,417,471,473,482,371]","[1120000,1291000,1295000,1205000,1370000,1359000,1405000,1070000]",482,10115000
22,80,8,"[381,452,438,416,480,491,485,370]","[1145000,1282000,1238000,1211000,1383000,1381000,1413000,1073000]",491,10126000
22,81,8,"[375,432,464,477,460,467,470,345]","[1129000,1226000,1349000,1343000,1322000,1365000,1369000,1013000]",477,10116000
22,82,8,"[512,542,423,446,462,473,488,425]","[1602000,1510000,1228000,1249000,1332000,1394000,1388000,1285000]",542,10988000
22,83,8,"[338,456,431,436,465,469,469,411]","[991000,1306000,1223000,1262000,1331000,1370000,1367000,1193000]",469,10043000
22,84,8,"[378,392,408,477,503,433,485,355]","[1125000,1159000,1206000,1357000,1416000,1259000,1434000,1006000]",503,9962000
22,85,8,"[368,485,484,420,494,395,476,362]","[1102000,1394000,1390000,1221000,1407000,1123000,1404000,1042000]",494,10083000
22,86,8,"[351,457,433,422,468,465,468,459]","[1005000,1305000,1213000,1212000,1328000,1368000,1365000,1334000]",468,10130000
22,87,8,"[393,453,431,414,455,468,467,342]","[1181000,1300000,1225000,1209000,1312000,1380000,1363000,976000]",468,9946000
22,88,8,"[265,403,450,541,434,403,476,307]","[775000,1188000,1357000,1562000,1252000,1139000,1411000,880000]",541,9564000
22,89,8,"[379,430,426,398,472,400,481,323]","[1118000,1203000,1266000,1156000,1375000,1129000,1417000,922000]",481,9586000
22,90,8,"[421,489,435,415,457,434,468,426]","[1226000,1403000,1236000,1208000,1304000,1279000,1365000,1308000]",489,10329000
22,91,8,"[272,394,456,458,459,437,479,345]","[807000,1157000,1365000,1307000,1326000,1216000,1404000,1020000]",479,9602000
22,92,8,"[412,410,474,415,461,471,468,337]","[1204000,1167000,1366000,1204000,1315000,1363000,1365000,970000]",474,9954000
22,93,8,"[266,403,451,541,434,403,478,279]","[777000,1188000,1357000,1560000,1252000,1139000,1415000,824000]",541,9512000
22,94,8,"[382,395,425,429,468,398,475,338]","[1122000,1159000,1275000,1211000,1368000,1129000,1397000,959000]",475,9620000
22,95,8,"[425,456,428,413,458,471,468,379]","[1228000,1302000,1221000,1201000,1305000,1383000,1365000,1144000]",471,10149000
22,96,8,"[424,388,426,427,473,395,476,347]","[1237000,1141000,1266000,1210000,1380000,1123000,1401000,996000]",476,9754000
22,97,8,"[282,453,421,461,507,412,480,301]","[818000,1274000,1283000,1330000,1465000,1174000,1407000,858000]",507,9609000
22,98,8,"[375,440,431,512,465,421,473,441]","[1127000,1234000,1228000,1486000,1313000,1224000,1387000,1281000]",512,10280000
22,99,8,"[387,401,484,381,434,423,480,345]","[1143000,1168000,1428000,1084000,1255000,1206000,1414000,974000]",484,9672000
22,100,8,"[262,422,414,459,499,452,487,339]","[776000,1197000,1251000,1310000,1446000,1283000,1435000,973000]",499,9671000
22,101,8,"[402,414,427,406,476,431,483,322]","[1154000,1174000,1278000,1175000,1402000,1263000,1426000,916000]",483,9788000
22,102,8,"[391,458,440,396,462,466,469,441]","[1169000,1314000,1236000,1122000,1320000,1373000,1367000,1277000]",469,10178000
22,103,8,"[376,388,438,433,468,398,457,352]","[1111000,1149000,1294000,1215000,1362000,1127000,1370000,1006000]",468,9634000
22,104,8,"[378,392,467,431,433,435,471,347]","[1115000,1159000,1391000,1211000,1253000,1263000,1389000,997000]",471,9778000
22,105,8,"[378,397,431,433,469,432,480,340]","[1119000,1182000,1288000,1211000,1370000,1256000,1415000,974000]",480,9815000
23,1,8,"[352,458,463,446,456,455,454,287]","[1034000,1315000,1341000,1321000,1316000,1315000,1270000,840000]",463,9752000
23,2,8,"[361,457,482,432,453,459,486,203]","[1038000,1324000,1363000,1284000,1311000,1334000,1357000,604000]",486,9615000
23,3,8,"[400,439,411,455,457,491,452,263]","[1172000,1259000,1188000,1335000,1337000,1398000,1263000,784000]",491,9736000
23,4,8,"[390,430,463,429,448,449,463,287]","[1161000,1223000,1367000,1266000,1303000,1303000,1292000,856000]",463,9771000
23,5,8,"[390,430,463,437,448,449,463,287]","[1161000,1223000,1361000,1283000,1301000,1303000,1292000,856000]",463,9780000
23,6,8,"[312,460,463,446,503,455,450,288]","[909000,1315000,1341000,1321000,1458000,1321000,1267000,846000]",503,9778000
23,7,8,"[390,430,466,441,450,449,462,291]","[1161000,1223000,1372000,1299000,1303000,1303000,1283000,852000]",466,9796000
23,8,8,"[346,451,463,448,448,455,459,407]","[1001000,1297000,1349000,1319000,1307000,1336000,1324000,1160000]",463,10093000
23,9,8,"[358,444,468,397,528,469,472,243]","[1060000,1240000,1325000,1142000,1578000,1425000,1315000,707000]",528,9792000
23,10,8,"[401,448,403,460,447,464,444,363]","[1168000,1279000,1161000,1347000,1311000,1392000,1234000,1007000]",464,9899000
23,11,8,"[387,447,464,448,451,462,444,357]","[1119000,1270000,1368000,1321000,1316000,1394000,1238000,994000]",464,10020000
23,12,8,"[348,433,467,447,454,456,457,368]","[1003000,1235000,1367000,1308000,1322000,1322000,1305000,1067000]",467,9929000
23,13,8,"[313,412,453,430,474,472,462,386]","[923000,1161000,1330000,1265000,1355000,1383000,1282000,1102000]",474,9801000
23,14,8,"[366,466,466,444,455,450,440,368]","[1067000,1336000,1365000,1299000,1324000,1314000,1218000,1084000]",466,10007000
23,15,8,"[366,457,466,441,444,450,465,368]","[1067000,1309000,1365000,1293000,1293000,1314000,1288000,1084000]",466,10013000
23,16,8,"[414,447,398,468,448,464,452,369]","[1206000,1268000,1146000,1363000,1303000,1394000,1248000,1020000]",468,9948000
23,17,8,"[358,456,471,444,443,466,475,291]","[1065000,1281000,1381000,1307000,1291000,1423000,1315000,846000]",475,9909000
23,18,8,"[385,460,465,442,451,458,463,357]","[1108000,1324000,1337000,1299000,1315000,1325000,1331000,1027000]",465,10066000
23,19,8,"[318,450,475,398,504,463,469,333]","[943000,1278000,1349000,1160000,1483000,1376000,1307000,931000]",504,9827000
23,20,8,"[396,441,463,442,454,477,463,286]","[1175000,1244000,1366000,1290000,1308000,1362000,1295000,843000]",477,9883000
23,21,8,"[402,421,469,439,447,511,505,366]","[1182000,1213000,1379000,1290000,1302000,1476000,1427000,1056000]",511,10325000
23,22,8,"[365,442,402,456,464,486,509,433]","[1075000,1254000,1150000,1341000,1345000,1389000,1441000,1333000]",509,10328000
23,23,8,"[502,450,481,430,452,452,462,368]","[1350000,1299000,1368000,1278000,1303000,1308000,1341000,1033000]",502,10280000
23,24,8,"[358,460,462,442,416,491,507,380]","[1049000,1303000,1371000,1294000,1197000,1393000,1404000,1127000]",507,10138000
23,25,8,"[382,451,470,441,445,453,457,358]","[1103000,1282000,1381000,1305000,1295000,1316000,1307000,1026000]",470,10015000
23,26,8,"[474,518,480,447,478,458,496,314]","[1377000,1456000,1373000,1334000,1355000,1313000,1387000,934000]",518,10529000
23,27,8,"[371,456,465,440,451,452,484,374]","[1132000,1281000,1367000,1294000,1308000,1318000,1391000,1121000]",484,10212000
23,28,8,"[352,435,410,443,451,454,460,418]","[1034000,1248000,1236000,1312000,1297000,1331000,1311000,1169000]",460,9938000
23,29,8,"[452,447,457,454,482,469,452,368]","[1264000,1274000,1299000,1307000,1385000,1416000,1261000,1029000]",482,10235000
23,30,8,"[366,466,468,444,414,493,456,368]","[1075000,1336000,1382000,1297000,1193000,1433000,1341000,1084000]",493,10141000
23,31,8,"[404,454,484,433,442,446,472,281]","[1162000,1313000,1366000,1277000,1285000,1297000,1313000,842000]",484,9855000
23,32,8,"[352,436,463,493,446,470,441,405]","[1022000,1247000,1367000,1427000,1294000,1396000,1277000,1116000]",493,10146000
23,33,8,"[385,460,465,442,451,458,463,357]","[1108000,1324000,1340000,1301000,1321000,1323000,1329000,1027000]",465,10073000
23,34,8,"[361,430,466,445,452,468,460,336]","[1061000,1226000,1373000,1303000,1320000,1403000,1280000,996000]",468,9962000
23,35,8,"[399,452,403,463,449,464,455,282]","[1153000,1290000,1161000,1351000,1309000,1394000,1264000,820000]",464,9742000
23,36,8,"[394,458,468,469,481,459,446,367]","[1156000,1303000,1308000,1357000,1359000,1392000,1245000,1023000]",481,10143000
23,37,8,"[382,451,462,437,446,486,469,297]","[1133000,1269000,1361000,1285000,1297000,1386000,1304000,884000]",486,9919000
23,38,8,"[344,434,464,443,450,446,479,442]","[1001000,1224000,1368000,1307000,1306000,1297000,1366000,1367000]",479,10236000
23,39,8,"[326,433,430,405,509,459,467,335]","[959000,1222000,1259000,1194000,1487000,1365000,1309000,925000]",509,9720000
23,40,8,"[362,477,464,448,450,461,443,387]","[1055000,1369000,1363000,1309000,1304000,1391000,1241000,1162000]",477,10194000
23,41,8,"[358,456,464,446,453,466,440,395]","[1065000,1281000,1367000,1300000,1310000,1411000,1234000,1141000]",466,10109000
23,42,8,"[390,463,461,446,453,454,465,328]","[1107000,1340000,1331000,1307000,1309000,1316000,1320000,968000]",465,9998000
23,43,8,"[396,444,463,442,450,477,463,286]","[1175000,1262000,1370000,1296000,1302000,1362000,1295000,843000]",477,9905000
23,44,8,"[331,432,463,442,449,455,458,367]","[971000,1236000,1367000,1301000,1302000,1317000,1303000,1061000]",463,9858000
23,45,8,"[397,463,472,444,452,457,449,380]","[1142000,1331000,1373000,1298000,1310000,1325000,1261000,1141000]",472,10181000
23,46,8,"[532,446,530,441,474,457,460,403]","[1592000,1291000,1530000,1288000,1368000,1325000,1299000,1230000]",532,10923000
23,47,8,"[331,460,454,458,458,484,456,303]","[919000,1316000,1342000,1354000,1335000,1375000,1284000,924000]",484,9849000
23,48,8,"[412,448,399,463,446,466,485,274]","[1187000,1277000,1148000,1355000,1303000,1409000,1355000,788000]",485,9822000
23,49,8,"[366,474,461,454,475,456,453,287]","[1072000,1352000,1318000,1313000,1371000,1306000,1274000,847000]",475,9853000
23,50,8,"[506,459,476,443,456,455,459,518]","[1481000,1317000,1396000,1315000,1312000,1312000,1290000,1555000]",518,10978000
23,51,8,"[448,497,459,454,477,462,474,456]","[1338000,1402000,1323000,1320000,1356000,1380000,1318000,1364000]",497,10801000
23,52,8,"[380,461,470,468,448,465,448,460]","[1094000,1320000,1341000,1370000,1307000,1406000,1268000,1298000]",470,10404000
23,53,8,"[392,435,465,437,448,457,527,318]","[1171000,1230000,1365000,1283000,1301000,1317000,1483000,951000]",527,10101000
23,54,8,"[409,446,471,454,450,463,448,369]","[1184000,1266000,1351000,1333000,1302000,1404000,1259000,1044000]",471,10143000
23,55,8,"[359,452,468,439,447,455,461,382]","[1041000,1293000,1373000,1284000,1305000,1324000,1278000,1136000]",468,10034000
23,56,8,"[319,443,479,404,506,460,483,339]","[943000,1264000,1357000,1174000,1487000,1370000,1333000,941000]",506,9869000
23,57,8,"[394,463,467,441,454,458,454,333]","[1174000,1295000,1375000,1296000,1321000,1332000,1303000,967000]",467,10063000
23,58,8,"[394,431,460,439,448,487,463,275]","[1169000,1219000,1361000,1288000,1298000,1395000,1292000,802000]",487,9824000
23,59,8,"[315,438,448,434,445,472,494,427]","[930000,1278000,1325000,1282000,1300000,1385000,1356000,1211000]",494,10067000
23,60,8,"[318,430,440,441,474,465,462,388]","[933000,1192000,1294000,1305000,1361000,1373000,1278000,1106000]",474,9842000
23,61,8,"[414,470,404,459,456,487,453,306]","[1177000,1360000,1164000,1350000,1335000,1386000,1275000,906000]",487,9953000
23,62,8,"[490,505,490,435,458,458,458,360]","[1533000,1451000,1425000,1284000,1332000,1318000,1288000,1095000]",505,10726000
23,63,8,"[387,454,466,446,443,481,447,296]","[1110000,1286000,1365000,1313000,1288000,1447000,1257000,859000]",481,9925000
23,64,8,"[414,450,400,474,448,462,452,366]","[1209000,1270000,1153000,1386000,1318000,1376000,1264000,1014000]",474,9990000
23,65,8,"[337,481,447,458,459,489,454,303]","[1005000,1355000,1314000,1344000,1337000,1386000,1267000,845000]",489,9853000
23,66,8,"[374,463,462,406,523,458,467,258]","[1106000,1319000,1332000,1156000,1578000,1400000,1303000,751000]",523,9945000
23,67,8,"[406,457,478,433,475,477,472,225]","[1192000,1319000,1361000,1284000,1382000,1425000,1313000,658000]",478,9934000
23,68,8,"[390,430,471,444,450,487,463,289]","[1161000,1219000,1391000,1303000,1302000,1379000,1292000,858000]",487,9905000
23,69,8,"[390,430,460,433,444,449,462,298]","[1161000,1223000,1359000,1274000,1299000,1303000,1296000,866000]",462,9781000
23,70,8,"[361,520,473,426,472,460,488,412]","[1080000,1455000,1329000,1218000,1420000,1317000,1409000,1319000]",520,10547000
23,71,8,"[390,449,460,442,449,471,464,236]","[1118000,1276000,1360000,1317000,1309000,1439000,1292000,692000]",471,9803000
23,72,8,"[386,446,466,444,443,453,466,414]","[1129000,1277000,1365000,1317000,1291000,1317000,1298000,1212000]",466,10206000
23,73,8,"[314,412,448,435,470,472,479,413]","[925000,1168000,1317000,1280000,1355000,1394000,1355000,1183000]",479,9977000
23,74,8,"[358,476,471,444,417,466,491,291]","[1065000,1339000,1381000,1307000,1206000,1423000,1368000,846000]",491,9935000
23,75,8,"[390,451,463,439,448,450,471,332]","[1152000,1291000,1329000,1304000,1292000,1301000,1317000,976000]",471,9962000
23,76,8,"[450,471,454,449,472,455,492,351]","[1305000,1335000,1319000,1305000,1367000,1308000,1406000,1076000]",492,10421000
23,77,8,"[313,412,458,431,470,472,467,386]","[923000,1161000,1322000,1267000,1355000,1383000,1301000,1102000]",472,9814000
23,78,8,"[395,450,401,453,438,447,483,294]","[1191000,1274000,1152000,1335000,1281000,1305000,1343000,882000]",483,9763000
23,79,8,"[401,448,403,434,446,464,442,363]","[1166000,1279000,1152000,1282000,1303000,1396000,1247000,1043000]",464,9868000
23,80,8,"[400,431,438,466,435,460,446,362]","[1164000,1245000,1230000,1363000,1270000,1392000,1255000,1003000]",466,9922000
23,81,8,"[412,451,402,422,528,459,470,290]","[1194000,1278000,1150000,1203000,1593000,1407000,1312000,823000]",528,9960000
23,82,8,"[359,456,469,451,448,465,492,245]","[1065000,1281000,1391000,1324000,1309000,1388000,1371000,725000]",492,9854000
23,83,8,"[365,450,463,438,447,485,467,491]","[1059000,1294000,1346000,1293000,1294000,1372000,1366000,1473000]",491,10497000
23,84,8,"[406,449,457,475,445,449,488,470]","[1172000,1285000,1348000,1395000,1300000,1312000,1387000,1353000]",488,10552000
23,85,8,"[448,468,513,476,478,455,448,287]","[1325000,1358000,1523000,1351000,1395000,1313000,1259000,850000]",513,10374000
23,86,8,"[376,475,464,457,502,455,448,285]","[1125000,1356000,1345000,1332000,1430000,1308000,1259000,846000]",502,10001000
23,87,8,"[391,429,463,442,450,484,463,286]","[1166000,1214000,1366000,1290000,1302000,1381000,1293000,843000]",484,9855000
23,88,8,"[385,458,477,444,475,429,455,361]","[1101000,1324000,1354000,1317000,1365000,1267000,1302000,1031000]",477,10061000
23,89,8,"[390,430,444,445,465,449,462,291]","[1161000,1223000,1307000,1310000,1354000,1303000,1283000,852000]",465,9793000
23,90,8,"[400,456,469,433,526,462,461,329]","[1145000,1300000,1371000,1292000,1495000,1374000,1282000,931000]",526,10190000
23,91,8,"[353,459,464,441,459,466,455,286]","[1039000,1329000,1336000,1302000,1322000,1343000,1270000,842000]",466,9783000
23,92,8,"[369,457,481,432,453,458,486,213]","[1070000,1309000,1361000,1287000,1311000,1332000,1357000,629000]",486,9656000
23,93,8,"[400,439,404,460,468,482,449,268]","[1172000,1259000,1161000,1352000,1359000,1372000,1257000,797000]",482,9729000
23,94,8,"[396,432,468,429,447,450,460,282]","[1181000,1230000,1377000,1266000,1305000,1305000,1280000,837000]",468,9781000
23,95,8,"[425,430,468,439,449,449,464,262]","[1267000,1226000,1379000,1301000,1303000,1299000,1297000,777000]",468,9849000
23,96,8,"[314,459,464,441,504,466,455,288]","[913000,1329000,1336000,1302000,1451000,1343000,1276000,846000]",504,9796000
23,97,8,"[410,428,467,432,446,456,469,290]","[1214000,1212000,1384000,1275000,1300000,1323000,1307000,862000]",469,9877000
23,98,8,"[344,425,463,444,445,455,460,406]","[994000,1238000,1329000,1311000,1301000,1326000,1313000,1159000]",463,9971000
23,99,8,"[364,449,520,396,527,460,399,246]","[1081000,1252000,1494000,1143000,1588000,1402000,1109000,713000]",527,9782000
23,100,8,"[402,448,402,407,447,462,478,363]","[1173000,1279000,1154000,1198000,1309000,1392000,1358000,1007000]",478,9870000
23,101,8,"[387,446,465,390,449,462,478,357]","[1119000,1270000,1361000,1157000,1309000,1394000,1358000,994000]",478,9962000
23,102,8,"[390,431,468,406,447,454,456,370]","[1136000,1228000,1383000,1187000,1294000,1318000,1301000,1077000]",468,9924000
23,103,8,"[313,412,453,430,474,472,462,386]","[923000,1161000,1330000,1265000,1355000,1383000,1282000,1102000]",474,9801000
23,104,8,"[365,416,462,441,460,450,483,376]","[1075000,1169000,1361000,1284000,1330000,1314000,1354000,1098000]",483,9985000
23,105,8,"[365,458,471,498,451,390,468,367]","[1079000,1311000,1379000,1479000,1307000,1131000,1299000,1079000]",498,10064000
23,106,8,"[373,447,407,471,447,462,452,387]","[1075000,1272000,1170000,1372000,1296000,1394000,1246000,1077000]",471,9902000
23,107,8,"[358,455,471,443,450,474,476,291]","[1065000,1282000,1381000,1312000,1311000,1435000,1321000,846000]",476,9953000
23,108,8,"[384,463,477,449,448,450,457,360]","[1108000,1335000,1373000,1336000,1304000,1311000,1310000,1031000]",477,10108000
23,109,8,"[362,448,475,367,505,463,469,335]","[1071000,1272000,1349000,1067000,1487000,1372000,1307000,944000]",505,9869000
23,110,8,"[393,437,473,443,454,489,461,294]","[1173000,1240000,1396000,1327000,1308000,1394000,1276000,861000]",489,9975000
24,1,8,"[435,335,405,463,543,450,493,343]","[1262000,919000,1170000,1352000,1597000,1284000,1460000,995000]",543,10039000
24,2,8,"[481,447,478,478,468,381,492,451]","[1424000,1257000,1376000,1430000,1421000,1110000,1435000,1300000]",492,10753000
24,3,8,"[430,363,426,472,498,476,489,350]","[1246000,999000,1221000,1370000,1479000,1357000,1446000,1006000]",498,10124000
24,4,8,"[480,447,435,479,418,478,493,452]","[1434000,1257000,1236000,1433000,1274000,1398000,1435000,1302000]",493,10769000
24,5,8,"[432,337,421,469,544,456,491,341]","[1250000,923000,1202000,1364000,1599000,1305000,1459000,991000]",544,10093000
24,6,8,"[481,447,435,478,468,443,492,454]","[1424000,1257000,1236000,1430000,1421000,1288000,1435000,1305000]",492,10796000
24,7,8,"[457,421,442,462,523,460,485,348]","[1316000,1128000,1243000,1353000,1559000,1334000,1432000,1012000]",523,10377000
24,8,8,"[430,400,422,471,538,479,500,348]","[1279000,1064000,1210000,1373000,1580000,1358000,1472000,1002000]",538,10338000
24,9,8,"[481,447,422,480,419,479,496,454]","[1443000,1257000,1210000,1429000,1276000,1402000,1439000,1302000]",496,10758000
24,10,8,"[465,359,404,399,517,464,453,500]","[1407000,1012000,1171000,1170000,1529000,1343000,1312000,1483000]",517,10427000
24,11,8,"[429,370,447,462,492,462,500,433]","[1278000,1033000,1255000,1352000,1459000,1313000,1479000,1259000]",500,10428000
24,12,8,"[394,430,438,412,523,471,492,458]","[1182000,1148000,1275000,1202000,1549000,1370000,1454000,1321000]",523,10501000
24,13,8,"[434,367,406,409,519,465,515,502]","[1298000,1027000,1175000,1204000,1529000,1343000,1473000,1479000]",519,10528000
24,14,8,"[428,338,420,477,549,481,487,351]","[1247000,923000,1200000,1374000,1607000,1360000,1442000,1008000]",549,10161000
24,15,8,"[477,450,455,476,487,481,493,454]","[1433000,1259000,1281000,1429000,1418000,1402000,1441000,1306000]",493,10969000
24,16,8,"[484,345,409,407,520,446,519,499]","[1334000,948000,1190000,1186000,1523000,1342000,1537000,1462000]",520,10522000
24,17,8,"[441,337,421,469,544,456,491,350]","[1297000,923000,1205000,1364000,1599000,1306000,1454000,1018000]",544,10166000
24,18,8,"[483,447,380,479,493,478,494,452]","[1440000,1257000,1072000,1433000,1484000,1398000,1437000,1302000]",494,10823000
24,19,8,"[426,432,439,414,500,456,492,459]","[1263000,1165000,1280000,1204000,1495000,1350000,1448000,1333000]",500,10538000
24,20,8,"[422,437,445,458,501,471,488,440]","[1249000,1178000,1256000,1363000,1497000,1349000,1447000,1267000]",501,10606000
24,21,8,"[422,430,452,496,563,398,491,440]","[1249000,1154000,1282000,1472000,1666000,1132000,1439000,1269000]",563,10663000
24,22,8,"[429,413,497,485,566,418,451,455]","[1329000,1177000,1396000,1450000,1693000,1220000,1258000,1371000]",566,10894000
24,23,8,"[423,437,522,402,518,472,524,577]","[1293000,1225000,1461000,1185000,1529000,1353000,1491000,1674000]",577,11211000
24,24,8,"[464,408,475,478,613,421,492,449]","[1359000,1137000,1339000,1433000,1780000,1226000,1449000,1301000]",613,11024000
24,25,8,"[469,367,405,399,555,504,445,458]","[1414000,1033000,1179000,1170000,1647000,1464000,1293000,1331000]",555,10531000
24,26,8,"[431,398,480,490,565,508,454,458]","[1333000,1117000,1362000,1460000,1631000,1490000,1269000,1385000]",565,11047000
24,27,8,"[413,339,428,451,589,455,515,505]","[1226000,930000,1201000,1322000,1733000,1302000,1498000,1508000]",589,10720000
24,28,8,"[415,356,434,403,549,459,515,503]","[1246000,1018000,1216000,1172000,1601000,1314000,1492000,1489000]",549,10548000
24,29,8,"[441,410,493,484,594,412,477,441]","[1338000,1147000,1388000,1445000,1758000,1201000,1318000,1392000]",594,10987000
24,30,8,"[476,449,431,479,487,503,493,453]","[1419000,1261000,1228000,1435000,1415000,1447000,1438000,1309000]",503,10952000
24,31,8,"[429,352,430,403,553,461,512,509]","[1248000,994000,1208000,1177000,1613000,1318000,1492000,1515000]",553,10565000
24,32,8,"[480,347,438,411,524,417,517,503]","[1332000,950000,1299000,1197000,1527000,1230000,1535000,1467000]",524,10537000
24,33,8,"[440,297,458,484,566,565,492,475]","[1291000,825000,1374000,1406000,1670000,1602000,1440000,1376000]",566,10984000
24,34,8,"[413,354,432,403,553,461,509,506]","[1248000,1002000,1212000,1174000,1605000,1318000,1486000,1494000]",553,10539000
24,35,8,"[392,430,460,465,546,436,494,503]","[1154000,1148000,1319000,1380000,1608000,1211000,1455000,1484000]",546,10759000
24,36,8,"[398,432,440,426,525,467,493,354]","[1207000,1169000,1275000,1257000,1560000,1345000,1462000,1016000]",525,10291000
24,37,8,"[439,384,481,483,576,424,497,438]","[1301000,1090000,1373000,1438000,1690000,1232000,1455000,1281000]",576,10860000
24,38,8,"[374,425,456,463,562,459,497,455]","[1093000,1159000,1311000,1341000,1670000,1309000,1474000,1318000]",562,10675000
24,39,8,"[479,384,521,490,550,452,510,488]","[1366000,1028000,1459000,1459000,1591000,1360000,1464000,1389000]",550,11116000
24,40,8,"[435,322,436,448,598,425,466,498]","[1211000,884000,1292000,1296000,1749000,1235000,1376000,1460000]",598,10503000
24,41,8,"[441,439,464,485,560,429,520,478]","[1310000,1211000,1297000,1424000,1648000,1250000,1526000,1400000]",560,11066000
24,42,8,"[569,428,433,483,464,453,493,452]","[1618000,1150000,1240000,1453000,1362000,1311000,1450000,1305000]",569,10889000
24,43,8,"[516,352,437,462,566,420,493,433]","[1470000,993000,1259000,1321000,1697000,1215000,1464000,1259000]",566,10678000
24,44,8,"[553,462,434,494,499,424,500,459]","[1589000,1280000,1217000,1462000,1529000,1239000,1483000,1337000]",553,11136000
24,45,8,"[621,394,406,415,542,452,560,442]","[1834000,1124000,1184000,1215000,1638000,1360000,1633000,1286000]",621,11274000
24,46,8,"[458,369,452,512,463,461,493,449]","[1329000,1033000,1263000,1496000,1358000,1312000,1460000,1300000]",512,10551000
24,47,8,"[439,407,483,484,532,502,498,444]","[1297000,1141000,1356000,1441000,1576000,1448000,1452000,1290000]",532,11001000
24,48,8,"[432,341,430,468,542,458,493,347]","[1249000,940000,1213000,1363000,1596000,1310000,1463000,1008000]",542,10142000
24,49,8,"[470,326,410,490,575,450,480,493]","[1321000,885000,1195000,1455000,1648000,1365000,1419000,1410000]",575,10698000
24,50,8,"[438,402,479,476,545,451,494,513]","[1293000,1124000,1351000,1430000,1639000,1277000,1455000,1500000]",545,11069000
24,51,8,"[484,345,409,408,520,446,521,496]","[1339000,948000,1190000,1186000,1523000,1342000,1546000,1456000]",521,10530000
24,52,8,"[483,453,437,482,543,450,431,447]","[1440000,1269000,1240000,1438000,1647000,1297000,1256000,1291000]",543,10878000
24,53,8,"[439,414,514,483,542,419,497,450]","[1301000,1148000,1480000,1444000,1624000,1188000,1446000,1302000]",542,10933000
24,54,8,"[457,420,440,480,525,449,489,346]","[1322000,1128000,1240000,1398000,1548000,1294000,1443000,1007000]",525,10380000
24,55,8,"[506,449,436,524,528,423,487,446]","[1510000,1257000,1228000,1556000,1544000,1239000,1436000,1293000]",528,11063000
24,56,8,"[570,454,441,480,494,426,514,474]","[1647000,1271000,1248000,1437000,1486000,1234000,1491000,1367000]",570,11181000
24,57,8,"[443,445,505,511,533,482,499,363]","[1354000,1187000,1411000,1523000,1570000,1310000,1473000,1056000]",533,10884000
24,58,8,"[431,339,425,455,593,436,484,352]","[1234000,923000,1219000,1294000,1720000,1268000,1427000,1013000]",593,10098000
24,59,8,"[432,361,409,415,519,466,515,499]","[1295000,1016000,1180000,1225000,1529000,1346000,1473000,1479000]",519,10543000
24,60,8,"[513,418,541,458,568,454,500,534]","[1476000,1153000,1505000,1342000,1674000,1316000,1480000,1545000]",568,11491000
24,61,8,"[481,452,448,482,540,447,432,447]","[1438000,1265000,1268000,1438000,1625000,1289000,1258000,1291000]",540,10872000
24,62,8,"[476,453,427,462,518,470,494,472]","[1386000,1279000,1220000,1362000,1531000,1326000,1472000,1353000]",518,10929000
24,63,8,"[419,305,436,461,564,472,491,355]","[1215000,849000,1247000,1336000,1661000,1340000,1452000,1026000]",564,10126000
24,64,8,"[441,337,420,470,549,455,490,350]","[1297000,923000,1200000,1378000,1599000,1301000,1452000,1018000]",549,10168000
24,65,8,"[442,400,493,481,563,504,495,456]","[1262000,1116000,1385000,1443000,1614000,1435000,1456000,1335000]",563,11046000
24,66,8,"[462,414,435,449,556,440,526,500]","[1333000,1123000,1236000,1327000,1637000,1298000,1583000,1451000]",556,10988000
24,67,8,"[489,457,479,482,613,415,490,450]","[1436000,1277000,1390000,1441000,1764000,1184000,1435000,1310000]",613,11237000
24,68,8,"[463,379,407,462,524,466,486,427]","[1366000,1083000,1180000,1348000,1549000,1358000,1427000,1206000]",524,10517000
24,69,8,"[433,323,498,457,480,500,490,412]","[1271000,889000,1396000,1313000,1432000,1442000,1448000,1238000]",500,10429000
24,70,8,"[442,427,447,493,565,434,490,396]","[1334000,1136000,1265000,1445000,1692000,1267000,1438000,1152000]",565,10729000
24,71,8,"[509,454,442,449,594,444,485,354]","[1458000,1234000,1245000,1297000,1758000,1302000,1432000,1020000]",594,10746000
24,72,8,"[504,421,447,473,542,454,504,392]","[1509000,1208000,1302000,1382000,1592000,1294000,1497000,1124000]",542,10908000
24,73,8,"[511,438,501,431,572,454,497,457]","[1439000,1215000,1449000,1268000,1697000,1325000,1453000,1319000]",572,11165000
24,74,8,"[380,425,439,401,568,447,517,537]","[1117000,1151000,1268000,1177000,1682000,1302000,1487000,1581000]",568,10765000
24,75,8,"[589,457,440,478,492,422,540,483]","[1713000,1286000,1246000,1433000,1480000,1234000,1582000,1407000]",589,11381000
24,76,8,"[426,395,495,489,586,529,492,458]","[1224000,1068000,1368000,1454000,1750000,1493000,1444000,1318000]",586,11119000
24,77,8,"[432,434,422,487,540,505,507,349]","[1260000,1167000,1200000,1368000,1593000,1398000,1506000,1010000]",540,10502000
24,78,8,"[483,447,367,490,522,481,498,445]","[1435000,1257000,1040000,1454000,1551000,1412000,1469000,1288000]",522,10906000
24,79,8,"[483,356,429,403,550,448,524,494]","[1324000,1013000,1204000,1174000,1589000,1349000,1538000,1453000]",550,10644000
24,80,8,"[471,474,455,481,598,441,433,447]","[1394000,1300000,1291000,1438000,1745000,1249000,1260000,1291000]",598,10968000
24,81,8,"[457,425,441,442,520,493,513,499]","[1316000,1143000,1248000,1280000,1544000,1412000,1465000,1484000]",520,10892000
24,82,8,"[582,447,430,481,495,421,508,464]","[1640000,1257000,1223000,1439000,1488000,1235000,1487000,1349000]",582,11118000
24,83,8,"[419,306,436,461,564,472,491,355]","[1217000,843000,1247000,1336000,1661000,1340000,1452000,1026000]",564,10122000
24,84,8,"[447,478,442,437,544,481,490,350]","[1312000,1343000,1289000,1294000,1610000,1349000,1457000,1009000]",544,10663000
24,85,8,"[518,338,405,457,550,526,491,447]","[1528000,920000,1166000,1346000,1597000,1493000,1450000,1293000]",550,10793000
24,86,8,"[455,384,426,482,530,507,478,430]","[1332000,1083000,1212000,1438000,1573000,1467000,1377000,1202000]",530,10684000
24,87,8,"[467,400,405,461,536,448,495,574]","[1344000,1106000,1166000,1361000,1576000,1291000,1467000,1649000]",574,10960000
24,88,8,"[478,447,380,527,521,476,494,451]","[1422000,1257000,1066000,1534000,1546000,1396000,1454000,1295000]",527,10970000
24,89,8,"[463,472,454,422,522,463,489,375]","[1326000,1269000,1302000,1249000,1548000,1340000,1395000,1091000]",522,10520000
24,90,8,"[429,406,501,485,627,439,493,452]","[1274000,1144000,1383000,1451000,1827000,1310000,1463000,1318000]",627,11170000
24,91,8,"[379,424,438,405,562,456,498,456]","[1112000,1151000,1269000,1197000,1670000,1320000,1462000,1318000]",562,10499000
24,92,8,"[515,337,402,462,545,450,492,520]","[1470000,918000,1161000,1352000,1601000,1296000,1455000,1526000]",545,10779000
24,93,8,"[410,446,438,410,523,451,492,458]","[1208000,1204000,1275000,1198000,1549000,1316000,1454000,1321000]",523,10525000
24,94,8,"[398,308,425,459,599,460,486,346]","[1157000,837000,1225000,1311000,1756000,1348000,1431000,999000]",599,10064000
24,95,8,"[473,457,455,475,518,451,497,453]","[1407000,1282000,1285000,1425000,1518000,1296000,1453000,1304000]",518,10970000
24,96,8,"[443,344,440,460,570,438,517,505]","[1288000,959000,1267000,1358000,1673000,1260000,1477000,1503000]",570,10785000
24,97,8,"[445,357,437,526,522,455,505,345]","[1286000,1005000,1232000,1502000,1548000,1280000,1466000,1011000]",526,10330000
24,98,8,"[460,409,442,463,536,464,490,350]","[1322000,1095000,1241000,1355000,1585000,1335000,1451000,1014000]",536,10398000
24,99,8,"[433,411,493,502,560,466,506,362]","[1256000,1090000,1372000,1489000,1654000,1281000,1490000,1054000]",560,10686000
24,100,8,"[439,403,481,487,595,423,495,438]","[1297000,1126000,1355000,1454000,1763000,1242000,1454000,1278000]",595,10969000
24,101,8,"[553,363,407,399,519,464,459,618]","[1622000,1022000,1173000,1170000,1529000,1342000,1344000,1718000]",618,10920000
24,102,8,"[455,333,412,503,591,426,492,469]","[1311000,915000,1188000,1495000,1737000,1245000,1457000,1354000]",591,10702000
24,103,8,"[372,443,505,457,566,474,497,354]","[1089000,1210000,1436000,1334000,1678000,1340000,1450000,1023000]",566,10560000
24,104,8,"[430,373,499,481,598,461,509,372]","[1256000,1024000,1402000,1448000,1739000,1293000,1488000,1072000]",598,10722000
24,105,8,"[393,443,457,409,520,467,490,577]","[1172000,1196000,1313000,1193000,1544000,1336000,1454000,1574000]",577,10782000
24,106,8,"[513,344,415,409,529,447,519,497]","[1437000,952000,1169000,1190000,1537000,1344000,1535000,1458000]",529,10622000
24,107,8,"[441,392,502,487,598,441,493,394]","[1316000,1091000,1406000,1447000,1764000,1293000,1451000,1117000]",598,10885000
24,108,8,"[486,358,406,417,522,468,467,501]","[1449000,1010000,1175000,1216000,1544000,1349000,1357000,1484000]",522,10584000
24,109,8,"[542,477,486,484,531,509,521,411]","[1594000,1328000,1366000,1442000,1584000,1492000,1537000,1206000]",542,11549000
24,110,8,"[442,403,503,487,596,429,501,438]","[1303000,1126000,1393000,1451000,1768000,1287000,1466000,1278000]",596,11072000
24,111,8,"[503,446,420,441,562,457,536,523]","[1504000,1229000,1205000,1255000,1661000,1274000,1577000,1513000]",562,11218000
24,112,8,"[448,340,441,461,563,470,489,397]","[1305000,948000,1247000,1330000,1670000,1330000,1447000,1184000]",563,10461000
24,113,8,"[610,453,427,483,494,463,540,486]","[1713000,1269000,1219000,1436000,1486000,1334000,1592000,1404000]",610,11453000
24,114,8,"[502,372,434,458,538,441,495,435]","[1396000,1082000,1231000,1348000,1580000,1254000,1474000,1270000]",538,10635000
24,115,8,"[592,499,485,442,523,498,453,447]","[1690000,1368000,1351000,1293000,1553000,1442000,1298000,1269000]",592,11264000
24,116,8,"[432,370,404,411,534,456,513,483]","[1300000,1039000,1171000,1215000,1545000,1306000,1490000,1420000]",534,10486000
24,117,8,"[485,451,425,484,462,520,500,445]","[1445000,1265000,1216000,1436000,1369000,1478000,1475000,1297000]",520,10981000
24,118,8,"[420,398,421,497,565,485,501,350]","[1260000,1054000,1202000,1389000,1663000,1371000,1462000,1011000]",565,10412000
24,119,8,"[436,346,437,473,585,474,490,459]","[1294000,955000,1258000,1423000,1761000,1381000,1433000,1320000]",585,10825000
24,120,8,"[457,421,442,462,523,460,490,487]","[1316000,1128000,1243000,1353000,1559000,1334000,1451000,1423000]",523,10807000
24,121,8,"[378,405,437,402,566,438,524,494]","[1092000,1086000,1264000,1184000,1678000,1221000,1545000,1465000]",566,10535000
24,122,8,"[433,367,406,407,519,524,519,503]","[1303000,1026000,1190000,1181000,1529000,1435000,1480000,1483000]",524,10627000
24,123,8,"[423,405,437,485,500,463,491,413]","[1230000,1092000,1276000,1450000,1500000,1334000,1437000,1188000]",500,10507000
24,124,8,"[428,390,420,477,549,481,487,353]","[1247000,1040000,1200000,1374000,1607000,1364000,1442000,1012000]",549,10286000
24,125,8,"[522,462,448,515,501,560,523,509]","[1485000,1292000,1271000,1498000,1503000,1566000,1531000,1479000]",560,11625000
24,126,8,"[440,434,494,484,571,408,492,527]","[1303000,1208000,1384000,1440000,1706000,1157000,1439000,1558000]",571,11195000
24,127,8,"[468,383,412,414,522,477,555,515]","[1342000,1052000,1196000,1206000,1548000,1391000,1652000,1495000]",555,10882000
24,128,8,"[435,335,405,517,541,450,431,343]","[1262000,919000,1170000,1530000,1593000,1284000,1261000,995000]",541,10014000
24,129,8,"[510,452,478,481,468,382,461,451]","[1526000,1265000,1376000,1436000,1421000,1121000,1333000,1300000]",510,10778000
24,130,8,"[435,363,426,472,498,476,489,326]","[1261000,1013000,1221000,1385000,1479000,1347000,1446000,978000]",498,10130000
24,131,8,"[426,515,437,480,421,477,494,444]","[1302000,1433000,1246000,1433000,1274000,1396000,1448000,1290000]",515,10822000
24,132,8,"[433,346,419,469,544,459,487,352]","[1252000,946000,1195000,1372000,1599000,1313000,1440000,1016000]",544,10133000
24,133,8,"[440,447,438,475,504,445,491,456]","[1299000,1257000,1242000,1425000,1541000,1287000,1433000,1309000]",504,10793000
24,134,8,"[465,434,441,472,523,463,485,349]","[1338000,1174000,1240000,1396000,1559000,1339000,1432000,1002000]",523,10480000
24,135,8,"[432,400,422,470,541,478,461,372]","[1283000,1064000,1210000,1371000,1595000,1358000,1363000,1090000]",541,10334000
24,136,8,"[480,447,465,480,419,413,494,454]","[1438000,1257000,1350000,1429000,1276000,1216000,1435000,1302000]",494,10703000
24,137,8,"[469,353,405,418,520,469,454,501]","[1414000,1006000,1173000,1223000,1529000,1351000,1316000,1485000]",520,10497000
24,138,8,"[428,370,450,462,498,470,489,439]","[1273000,1037000,1258000,1360000,1484000,1350000,1445000,1271000]",498,10478000
24,139,8,"[389,429,439,417,522,472,493,457]","[1165000,1148000,1280000,1224000,1549000,1373000,1462000,1320000]",522,10521000
24,140,8,"[437,399,377,411,519,466,517,507]","[1303000,1127000,1082000,1197000,1529000,1348000,1473000,1481000]",519,10540000
24,141,8,"[423,343,425,470,514,478,488,346]","[1226000,942000,1225000,1367000,1528000,1355000,1447000,999000]",514,10089000
24,142,8,"[520,455,456,481,485,481,495,450]","[1504000,1275000,1287000,1448000,1408000,1402000,1449000,1300000]",520,11073000
24,143,8,"[485,345,409,415,523,443,500,493]","[1340000,948000,1190000,1215000,1541000,1336000,1501000,1446000]",523,10517000
24,144,8,"[431,340,421,478,546,453,487,354]","[1247000,935000,1205000,1405000,1603000,1287000,1433000,1012000]",546,10127000
24,145,8,"[483,447,378,475,497,478,492,451]","[1439000,1257000,1062000,1425000,1488000,1398000,1433000,1300000]",497,10802000
24,146,8,"[425,432,439,416,500,458,492,465]","[1258000,1165000,1280000,1208000,1495000,1348000,1448000,1343000]",500,10545000
24,147,8,"[422,437,445,510,511,473,488,447]","[1249000,1169000,1256000,1488000,1496000,1353000,1447000,1280000]",511,10738000
25,1,8,"[472,383,475,467,430,429,473,444]","[1397000,1154000,1385000,1239000,1271000,1168000,1407000,1271000]",475,10292000
25,2,8,"[477,329,513,365,415,430,472,426]","[1425000,975000,1459000,1040000,1192000,1206000,1407000,1233000]",513,9937000
25,3,8,"[436,458,491,440,369,359,455,442]","[1276000,1319000,1422000,1225000,1100000,1000000,1372000,1271000]",491,9985000
25,4,8,"[467,335,517,365,425,424,453,432]","[1398000,982000,1478000,1024000,1208000,1173000,1377000,1239000]",517,9879000
25,5,8,"[468,331,515,358,412,338,424,584]","[1410000,974000,1478000,1010000,1189000,953000,1246000,1603000]",584,9863000
25,6,8,"[473,467,473,449,434,398,474,440]","[1399000,1364000,1377000,1248000,1219000,1093000,1409000,1258000]",474,10367000
25,7,8,"[422,379,477,465,449,430,468,444]","[1261000,1143000,1387000,1226000,1327000,1171000,1394000,1271000]",477,10180000
25,8,8,"[466,326,514,396,456,375,450,436]","[1393000,966000,1474000,1143000,1287000,1039000,1368000,1251000]",514,9921000
25,9,8,"[480,326,492,377,454,426,444,440]","[1425000,966000,1406000,1067000,1288000,1177000,1341000,1272000]",492,9942000
25,10,8,"[478,379,465,380,385,475,476,454]","[1421000,1119000,1314000,1077000,1095000,1355000,1462000,1283000]",478,10126000
25,11,8,"[480,349,507,382,385,431,479,454]","[1421000,1030000,1458000,1085000,1097000,1207000,1467000,1286000]",507,10051000
25,12,8,"[467,326,517,357,453,423,453,439]","[1398000,966000,1476000,1008000,1282000,1171000,1377000,1253000]",517,9931000
25,13,8,"[480,326,515,359,451,422,448,438]","[1425000,966000,1474000,1021000,1282000,1169000,1356000,1257000]",515,9950000
25,14,8,"[458,448,481,439,412,397,470,474]","[1384000,1307000,1405000,1221000,1163000,1087000,1420000,1332000]",481,10319000
25,15,8,"[468,431,478,451,486,331,447,461]","[1382000,1255000,1403000,1257000,1362000,894000,1389000,1291000]",486,10233000
25,16,8,"[464,331,512,355,447,365,421,544]","[1408000,972000,1469000,1002000,1268000,1004000,1230000,1533000]",544,9886000
25,17,8,"[466,357,516,361,423,343,487,501]","[1392000,1054000,1469000,1016000,1220000,962000,1435000,1386000]",516,9934000
25,18,8,"[501,327,512,360,453,423,452,442]","[1448000,971000,1453000,1006000,1286000,1169000,1367000,1271000]",512,9971000
25,19,8,"[465,360,532,359,411,355,454,496]","[1401000,1061000,1493000,1009000,1212000,1002000,1348000,1367000]",532,9893000
25,20,8,"[494,323,468,427,422,437,476,494]","[1434000,929000,1375000,1157000,1234000,1191000,1402000,1367000]",494,10089000
25,21,8,"[463,359,512,355,415,424,448,434]","[1399000,1049000,1455000,1004000,1193000,1181000,1353000,1242000]",512,9876000
25,22,8,"[466,339,528,330,469,393,449,435]","[1397000,1017000,1504000,925000,1363000,1097000,1372000,1242000]",528,9917000
25,23,8,"[470,333,520,359,413,341,424,570]","[1405000,994000,1496000,1018000,1200000,957000,1253000,1585000]",570,9908000
25,24,8,"[477,391,517,365,415,341,485,506]","[1419000,1151000,1476000,1036000,1214000,954000,1436000,1405000]",517,10091000
25,25,8,"[482,350,506,386,522,432,483,481]","[1430000,1031000,1454000,1093000,1442000,1209000,1437000,1367000]",522,10463000
25,26,8,"[459,346,511,523,434,400,467,503]","[1361000,1015000,1475000,1454000,1212000,1100000,1408000,1357000]",523,10382000
25,27,8,"[510,374,494,450,450,388,448,438]","[1491000,1110000,1419000,1249000,1287000,1093000,1358000,1250000]",510,10257000
25,28,8,"[461,381,485,444,361,361,452,457]","[1390000,1094000,1397000,1235000,1061000,1019000,1375000,1288000]",485,9859000
25,29,8,"[484,377,580,387,365,364,446,438]","[1439000,1112000,1684000,1056000,1086000,1021000,1342000,1264000]",580,10004000
25,30,8,"[467,407,518,360,458,425,459,455]","[1391000,1187000,1484000,1012000,1293000,1184000,1380000,1303000]",518,10234000
25,31,8,"[469,367,478,454,443,418,448,435]","[1413000,1074000,1393000,1274000,1243000,1178000,1355000,1248000]",478,10178000
25,32,8,"[482,327,530,348,456,428,446,442]","[1432000,971000,1499000,983000,1292000,1183000,1345000,1272000]",530,9977000
25,33,8,"[469,394,499,440,358,355,469,481]","[1398000,1120000,1409000,1225000,1053000,992000,1382000,1319000]",499,9898000
25,34,8,"[480,381,482,415,355,398,511,470]","[1431000,1121000,1394000,1172000,1031000,1102000,1529000,1344000]",511,10124000
25,35,8,"[480,379,489,406,361,458,478,454]","[1431000,1121000,1401000,1164000,1022000,1303000,1469000,1298000]",489,10209000
25,36,8,"[478,334,487,383,415,422,470,435]","[1427000,978000,1391000,1090000,1196000,1174000,1407000,1251000]",487,9914000
25,37,8,"[467,360,536,364,411,339,468,497]","[1411000,1059000,1510000,1033000,1197000,952000,1375000,1369000]",536,9906000
25,38,8,"[468,415,499,447,474,341,444,464]","[1391000,1187000,1453000,1252000,1317000,958000,1378000,1294000]",499,10230000
25,39,8,"[537,334,519,360,408,356,539,450]","[1554000,996000,1480000,1010000,1185000,968000,1562000,1302000]",539,10057000
25,40,8,"[463,410,470,453,400,428,465,451]","[1372000,1208000,1361000,1219000,1205000,1175000,1401000,1296000]",470,10237000
25,41,8,"[471,464,511,363,415,401,439,441]","[1370000,1332000,1455000,1004000,1196000,1107000,1343000,1269000]",511,10076000
25,42,8,"[464,383,514,359,417,339,469,499]","[1390000,1122000,1469000,1018000,1195000,948000,1383000,1382000]",514,9907000
25,43,8,"[469,432,515,357,496,344,433,445]","[1403000,1255000,1478000,1014000,1411000,925000,1334000,1263000]",515,10083000
25,44,8,"[507,366,514,367,411,340,427,524]","[1485000,1061000,1481000,1027000,1189000,952000,1253000,1519000]",524,9967000
25,45,8,"[482,338,531,521,385,340,421,588]","[1449000,967000,1485000,1422000,1111000,968000,1250000,1616000]",588,10268000
25,46,8,"[479,381,487,406,463,505,451,443]","[1432000,1123000,1414000,1161000,1282000,1403000,1358000,1265000]",505,10438000
25,47,8,"[491,388,482,414,410,429,498,471]","[1477000,1156000,1392000,1149000,1187000,1175000,1515000,1323000]",498,10374000
25,48,8,"[521,518,498,424,428,429,481,436]","[1546000,1511000,1447000,1162000,1245000,1209000,1433000,1262000]",521,10815000
25,49,8,"[481,330,529,343,411,328,461,484]","[1436000,974000,1505000,977000,1194000,902000,1395000,1347000]",529,9730000
25,50,8,"[543,416,401,456,388,465,505,495]","[1553000,1229000,1246000,1224000,1154000,1272000,1479000,1392000]",543,10549000
25,51,8,"[465,403,475,454,465,435,440,458]","[1376000,1169000,1388000,1257000,1281000,1208000,1351000,1291000]",475,10321000
25,52,8,"[469,446,476,447,461,433,469,439]","[1394000,1287000,1387000,1248000,1291000,1196000,1448000,1261000]",476,10512000
25,53,8,"[471,492,528,459,424,423,471,439]","[1422000,1395000,1533000,1263000,1180000,1179000,1422000,1262000]",528,10656000
25,54,8,"[463,360,516,360,412,337,457,496]","[1383000,1066000,1469000,1012000,1193000,948000,1356000,1367000]",516,9794000
25,55,8,"[490,326,458,429,421,438,531,496]","[1421000,969000,1329000,1157000,1211000,1199000,1541000,1373000]",531,10200000
25,56,8,"[455,326,463,360,418,361,486,485]","[1363000,958000,1343000,1010000,1190000,992000,1490000,1357000]",486,9703000
25,57,8,"[488,317,457,429,441,384,474,464]","[1405000,934000,1340000,1170000,1296000,1053000,1421000,1318000]",488,9937000
25,58,8,"[463,334,487,367,382,466,489,458]","[1397000,979000,1394000,1028000,1071000,1338000,1503000,1321000]",489,10031000
25,59,8,"[462,409,467,454,399,432,473,456]","[1371000,1217000,1357000,1222000,1187000,1178000,1410000,1316000]",473,10258000
25,60,8,"[471,431,487,450,491,328,444,458]","[1399000,1255000,1411000,1262000,1372000,893000,1368000,1288000]",491,10248000
25,61,8,"[470,371,496,451,486,315,451,479]","[1420000,1085000,1393000,1255000,1362000,900000,1350000,1317000]",496,10082000
25,62,8,"[471,402,503,492,410,354,453,525]","[1425000,1169000,1404000,1297000,1204000,990000,1348000,1425000]",525,10262000
25,63,8,"[466,439,479,450,484,336,477,466]","[1378000,1276000,1408000,1249000,1349000,906000,1424000,1292000]",484,10282000
25,64,8,"[484,374,546,449,437,449,479,439]","[1448000,1133000,1536000,1237000,1261000,1250000,1423000,1262000]",546,10550000
25,65,8,"[498,555,531,364,428,419,457,476]","[1490000,1640000,1536000,1027000,1243000,1162000,1365000,1360000]",555,10823000
25,66,8,"[486,439,508,438,413,386,465,492]","[1460000,1282000,1490000,1219000,1159000,1070000,1379000,1377000]",508,10436000
25,67,8,"[464,381,540,359,412,356,452,486]","[1396000,1103000,1523000,1009000,1205000,1004000,1348000,1362000]",540,9950000
25,68,8,"[456,327,511,362,454,423,462,441]","[1359000,971000,1453000,1022000,1297000,1175000,1371000,1267000]",511,9915000
25,69,8,"[464,406,466,454,404,443,451,441]","[1379000,1186000,1355000,1221000,1162000,1211000,1347000,1272000]",466,10133000
25,70,8,"[501,328,477,424,454,421,444,446]","[1461000,973000,1357000,1225000,1288000,1165000,1349000,1285000]",501,10103000
25,71,8,"[468,359,516,362,416,342,480,496]","[1382000,1054000,1467000,1021000,1202000,955000,1409000,1367000]",516,9857000
25,72,8,"[464,526,474,449,393,326,440,468]","[1376000,1502000,1370000,1213000,1174000,899000,1357000,1320000]",526,10211000
25,73,8,"[484,393,477,394,421,404,479,450]","[1443000,1147000,1360000,1144000,1208000,1168000,1461000,1303000]",484,10234000
25,74,8,"[495,386,480,473,363,362,446,477]","[1469000,1131000,1407000,1315000,1071000,996000,1345000,1354000]",495,10088000
25,75,8,"[467,326,517,357,428,425,453,439]","[1398000,966000,1476000,1008000,1227000,1175000,1377000,1258000]",517,9885000
25,76,8,"[500,327,493,368,414,430,452,446]","[1441000,958000,1425000,1028000,1191000,1190000,1370000,1269000]",500,9872000
25,77,8,"[474,337,541,357,416,339,498,439]","[1432000,963000,1537000,1002000,1201000,948000,1461000,1244000]",541,9788000
25,78,8,"[525,395,484,524,440,412,524,447]","[1525000,1133000,1387000,1452000,1224000,1143000,1538000,1281000]",525,10683000
25,79,8,"[523,446,471,447,404,432,481,439]","[1547000,1318000,1361000,1209000,1209000,1198000,1433000,1252000]",523,10527000
25,80,8,"[459,361,500,362,464,388,441,451]","[1377000,1060000,1449000,1014000,1357000,1166000,1353000,1266000]",500,10042000
25,81,8,"[464,437,506,443,426,375,465,491]","[1405000,1288000,1451000,1249000,1208000,1029000,1401000,1359000]",506,10390000
25,82,8,"[478,349,504,385,440,441,437,444]","[1430000,1026000,1454000,1091000,1263000,1254000,1316000,1265000]",504,10099000
25,83,8,"[457,370,487,359,417,344,469,499]","[1362000,1083000,1414000,1018000,1205000,963000,1395000,1382000]",499,9822000
25,84,8,"[505,365,508,448,408,417,439,449]","[1472000,1065000,1465000,1260000,1149000,1154000,1340000,1292000]",508,10197000
25,85,8,"[475,379,476,487,399,430,472,442]","[1412000,1154000,1388000,1287000,1188000,1191000,1418000,1262000]",487,10300000
25,86,8,"[476,328,519,360,415,440,460,435]","[1417000,970000,1474000,1023000,1224000,1232000,1382000,1263000]",519,9985000
25,87,8,"[440,473,504,444,366,357,450,442]","[1301000,1389000,1450000,1235000,1086000,1009000,1362000,1266000]",504,10098000
25,88,8,"[467,337,517,365,425,472,453,380]","[1398000,988000,1478000,1024000,1208000,1314000,1371000,1090000]",517,9871000
25,89,8,"[466,300,563,361,415,337,424,578]","[1400000,883000,1626000,1022000,1195000,948000,1248000,1588000]",578,9910000
25,90,8,"[474,467,473,450,434,406,483,440]","[1394000,1364000,1377000,1250000,1219000,1121000,1433000,1260000]",483,10418000
25,91,8,"[423,414,481,465,459,425,470,382]","[1263000,1254000,1393000,1226000,1366000,1182000,1408000,1097000]",481,10189000
25,92,8,"[474,327,520,400,452,370,461,441]","[1412000,963000,1485000,1147000,1285000,1034000,1388000,1263000]",520,9977000
25,93,8,"[482,329,495,380,451,423,447,443]","[1427000,981000,1394000,1066000,1289000,1170000,1347000,1275000]",495,9949000
25,94,8,"[479,380,454,427,384,435,477,453]","[1419000,1122000,1307000,1218000,1100000,1245000,1457000,1276000]",479,10144000
25,95,8,"[480,349,505,381,386,434,479,445]","[1425000,1030000,1456000,1083000,1101000,1213000,1458000,1262000]",505,10028000
25,96,8,"[467,326,492,381,455,423,451,443]","[1402000,966000,1412000,1079000,1292000,1171000,1373000,1283000]",492,9978000
25,97,8,"[480,327,519,395,451,373,444,438]","[1425000,968000,1482000,1135000,1282000,1035000,1341000,1256000]",519,9924000
25,98,8,"[462,448,481,439,418,388,490,445]","[1392000,1312000,1405000,1221000,1175000,1069000,1463000,1247000]",490,10284000
25,99,8,"[419,436,479,499,488,331,448,463]","[1224000,1265000,1408000,1407000,1355000,894000,1394000,1301000]",499,10248000
25,100,8,"[453,327,515,362,478,366,384,543]","[1352000,971000,1472000,1031000,1364000,1000000,1113000,1517000]",543,9820000
25,101,8,"[467,357,518,359,417,345,512,446]","[1390000,1054000,1483000,1021000,1207000,962000,1516000,1229000]",518,9862000
25,102,8,"[454,330,514,358,452,424,445,437]","[1361000,976000,1459000,1012000,1287000,1171000,1356000,1251000]",514,9873000
25,103,8,"[463,364,518,362,410,371,452,501]","[1385000,1069000,1448000,1017000,1194000,1039000,1366000,1373000]",518,9891000
25,104,8,"[494,323,469,426,423,424,479,495]","[1434000,929000,1381000,1151000,1236000,1165000,1410000,1371000]",495,10077000
26,1,8,"[397,480,475,479,436,462,477,425]","[1088000,1395000,1384000,1462000,1244000,1353000,1313000,1217000]",480,10456000
26,2,8,"[442,457,476,495,333,452,437,280]","[1260000,1303000,1391000,1510000,958000,1275000,1239000,805000]",495,9741000
26,3,8,"[374,482,481,485,396,470,441,273]","[1108000,1366000,1418000,1480000,1129000,1350000,1260000,784000]",485,9895000
26,4,8,"[438,477,471,508,318,420,423,275]","[1206000,1372000,1380000,1520000,918000,1203000,1212000,791000]",508,9602000
26,5,8,"[401,467,479,492,336,445,432,329]","[1138000,1326000,1392000,1503000,972000,1282000,1262000,931000]",492,9806000
26,6,8,"[387,441,446,501,329,435,437,313]","[1134000,1249000,1313000,1523000,952000,1278000,1267000,923000]",501,9639000
26,7,8,"[419,484,470,478,428,466,481,343]","[1156000,1393000,1365000,1467000,1224000,1362000,1368000,1005000]",484,10340000
26,8,8,"[469,472,470,498,335,436,443,277]","[1283000,1347000,1372000,1504000,964000,1235000,1246000,808000]",498,9759000
26,9,8,"[399,441,449,503,331,432,437,315]","[1154000,1254000,1326000,1533000,956000,1259000,1262000,931000]",503,9675000
26,10,8,"[457,446,489,446,369,440,478,368]","[1341000,1279000,1423000,1355000,1057000,1237000,1352000,1063000]",489,10107000
26,11,8,"[450,485,481,440,384,387,466,485]","[1263000,1404000,1400000,1321000,1158000,1118000,1282000,1399000]",485,10345000
26,12,8,"[436,475,481,486,441,458,472,272]","[1218000,1370000,1390000,1494000,1275000,1330000,1376000,795000]",486,10248000
26,13,8,"[380,478,475,493,377,469,439,274]","[1104000,1375000,1384000,1499000,1078000,1339000,1257000,776000]",493,9812000
26,14,8,"[397,483,470,475,432,488,479,320]","[1109000,1401000,1369000,1457000,1236000,1432000,1347000,941000]",488,10292000
26,15,8,"[397,485,470,475,432,488,479,320]","[1109000,1408000,1369000,1450000,1236000,1432000,1347000,941000]",488,10292000
26,16,8,"[450,463,484,485,479,445,441,386]","[1231000,1345000,1415000,1453000,1284000,1291000,1293000,1070000]",485,10382000
26,17,8,"[383,490,476,490,479,454,437,291]","[1102000,1421000,1384000,1481000,1315000,1310000,1256000,872000]",490,10141000
26,18,8,"[469,472,470,498,335,436,443,299]","[1283000,1347000,1372000,1504000,964000,1235000,1246000,849000]",498,9800000
26,19,8,"[479,482,475,495,337,439,431,297]","[1285000,1380000,1378000,1500000,968000,1241000,1237000,835000]",495,9824000
26,20,8,"[438,448,472,500,331,427,466,279]","[1274000,1285000,1377000,1527000,956000,1205000,1334000,805000]",500,9763000
26,21,8,"[430,456,474,493,446,511,467,293]","[1213000,1260000,1386000,1487000,1274000,1502000,1360000,876000]",511,10358000
26,22,8,"[427,469,471,495,443,460,464,270]","[1194000,1343000,1366000,1487000,1276000,1324000,1354000,789000]",495,10133000
26,23,8,"[401,443,444,503,331,457,441,317]","[1158000,1263000,1307000,1533000,956000,1309000,1274000,946000]",503,9746000
26,24,8,"[470,490,473,480,408,463,464,320]","[1317000,1418000,1371000,1464000,1180000,1331000,1298000,940000]",490,10319000
26,25,8,"[481,483,467,496,340,453,431,295]","[1289000,1383000,1370000,1496000,965000,1263000,1232000,842000]",496,9840000
26,26,8,"[493,482,466,508,317,422,423,342]","[1446000,1372000,1360000,1516000,916000,1203000,1210000,1020000]",508,10043000
26,27,8,"[450,456,482,498,480,445,440,386]","[1235000,1319000,1405000,1479000,1284000,1291000,1293000,1070000]",498,10376000
26,28,8,"[452,478,486,495,334,405,510,436]","[1282000,1366000,1413000,1458000,960000,1171000,1430000,1281000]",510,10361000
26,29,8,"[419,490,477,478,428,518,501,274]","[1169000,1421000,1388000,1462000,1225000,1513000,1416000,803000]",518,10397000
26,30,8,"[444,440,458,482,438,479,466,354]","[1290000,1247000,1354000,1466000,1269000,1402000,1354000,1109000]",482,10491000
26,31,8,"[513,528,491,520,339,440,447,326]","[1411000,1527000,1428000,1567000,984000,1239000,1254000,967000]",528,10377000
26,32,8,"[473,529,444,508,351,453,481,393]","[1355000,1469000,1311000,1541000,1022000,1275000,1356000,1185000]",529,10514000
26,33,8,"[384,446,466,504,315,463,431,303]","[1128000,1282000,1346000,1512000,912000,1318000,1250000,876000]",504,9624000
26,34,8,"[419,498,477,503,428,516,496,341]","[1150000,1446000,1385000,1534000,1209000,1509000,1406000,1036000]",516,10675000
26,35,8,"[459,446,489,511,319,452,429,369]","[1344000,1275000,1425000,1549000,916000,1296000,1220000,1060000]",511,10085000
26,36,8,"[448,472,472,497,403,466,443,284]","[1223000,1347000,1372000,1491000,1160000,1331000,1273000,821000]",497,10018000
26,37,8,"[535,446,444,498,332,432,474,440]","[1576000,1260000,1310000,1517000,958000,1259000,1329000,1363000]",535,10572000
26,38,8,"[382,478,459,506,482,447,473,345]","[1034000,1336000,1357000,1497000,1288000,1299000,1358000,983000]",506,10152000
26,39,8,"[449,460,480,504,394,414,495,411]","[1309000,1303000,1389000,1497000,1142000,1138000,1374000,1193000]",504,10345000
26,40,8,"[478,499,474,500,331,426,474,376]","[1375000,1454000,1395000,1520000,959000,1218000,1330000,1118000]",500,10369000
26,41,8,"[408,474,486,492,410,475,417,277]","[1178000,1368000,1412000,1502000,1177000,1373000,1181000,809000]",492,10000000
26,42,8,"[446,478,481,494,338,464,468,297]","[1217000,1373000,1390000,1504000,976000,1288000,1368000,835000]",494,9951000
26,43,8,"[372,472,475,530,319,406,500,407]","[1066000,1349000,1382000,1547000,973000,1163000,1403000,1182000]",530,10065000
26,44,8,"[436,474,481,485,428,458,472,271]","[1221000,1368000,1388000,1480000,1210000,1330000,1374000,800000]",485,10171000
26,45,8,"[448,447,491,512,318,425,437,276]","[1298000,1282000,1427000,1547000,916000,1213000,1239000,790000]",512,9712000
26,46,8,"[398,478,475,491,384,488,478,308]","[1104000,1370000,1379000,1478000,1096000,1432000,1349000,891000]",491,10099000
26,47,8,"[395,449,483,513,436,470,465,333]","[1147000,1288000,1422000,1566000,1241000,1360000,1287000,1032000]",513,10343000
26,48,8,"[475,474,475,485,448,456,431,272]","[1329000,1368000,1376000,1489000,1298000,1329000,1266000,795000]",485,10250000
26,49,8,"[430,486,469,495,336,435,441,300]","[1186000,1397000,1374000,1500000,964000,1233000,1261000,833000]",495,9748000
26,50,8,"[498,507,456,489,388,464,465,410]","[1479000,1495000,1310000,1479000,1109000,1342000,1299000,1285000]",507,10798000
26,51,8,"[387,491,513,499,428,467,434,293]","[1103000,1417000,1497000,1495000,1207000,1348000,1261000,877000]",513,10205000
26,52,8,"[469,472,470,498,335,436,443,318]","[1283000,1347000,1372000,1504000,964000,1235000,1246000,932000]",498,9883000
26,53,8,"[456,447,489,510,321,429,467,369]","[1329000,1290000,1423000,1549000,922000,1228000,1303000,1058000]",510,10102000
26,54,8,"[445,496,475,483,435,466,443,368]","[1254000,1405000,1379000,1469000,1242000,1331000,1281000,1047000]",496,10408000
26,55,8,"[433,474,482,535,318,410,500,414]","[1204000,1347000,1398000,1547000,971000,1171000,1403000,1200000]",535,10241000
26,56,8,"[399,483,469,488,422,488,480,323]","[1113000,1401000,1367000,1480000,1201000,1432000,1355000,947000]",488,10296000
26,57,8,"[447,475,476,538,318,407,444,445]","[1236000,1354000,1384000,1553000,971000,1165000,1258000,1288000]",538,10209000
26,58,8,"[387,491,494,483,482,454,437,291]","[1112000,1417000,1438000,1449000,1321000,1310000,1256000,872000]",494,10175000
26,59,8,"[437,483,469,494,373,429,426,276]","[1204000,1378000,1376000,1492000,1056000,1226000,1216000,793000]",494,9741000
26,60,8,"[415,481,475,475,432,519,464,369]","[1151000,1391000,1384000,1457000,1235000,1515000,1337000,1147000]",519,10617000
26,61,8,"[449,489,473,490,397,464,442,302]","[1225000,1399000,1380000,1481000,1130000,1325000,1271000,837000]",490,10048000
26,62,8,"[459,455,498,516,475,459,469,423]","[1261000,1313000,1449000,1522000,1246000,1321000,1384000,1151000]",516,10647000
26,63,8,"[331,442,469,506,427,516,465,274]","[979000,1265000,1379000,1539000,1214000,1493000,1325000,789000]",516,9983000
26,64,8,"[466,520,458,515,343,455,491,416]","[1341000,1475000,1350000,1555000,1010000,1279000,1386000,1316000]",520,10712000
26,65,8,"[482,549,444,511,343,429,439,441]","[1359000,1555000,1305000,1549000,995000,1257000,1269000,1326000]",549,10615000
26,66,8,"[449,536,488,473,377,456,445,284]","[1258000,1505000,1391000,1447000,1090000,1272000,1250000,813000]",536,10026000
26,67,8,"[375,492,480,484,444,455,438,293]","[1074000,1404000,1386000,1469000,1281000,1315000,1260000,877000]",492,10066000
26,68,8,"[509,481,476,482,437,513,441,476]","[1426000,1377000,1373000,1466000,1264000,1525000,1262000,1519000]",513,11212000
26,69,8,"[421,470,464,501,340,457,443,280]","[1197000,1343000,1351000,1506000,961000,1279000,1246000,809000]",501,9692000
26,70,8,"[481,474,474,488,448,458,466,272]","[1401000,1368000,1378000,1489000,1301000,1329000,1370000,795000]",488,10431000
26,71,8,"[452,451,491,510,321,425,417,376]","[1312000,1291000,1423000,1549000,920000,1213000,1197000,1088000]",510,9993000
26,72,8,"[420,505,475,527,315,428,470,378]","[1200000,1463000,1386000,1529000,966000,1229000,1361000,1169000]",527,10303000
26,73,8,"[448,482,478,481,419,457,445,323]","[1246000,1393000,1394000,1472000,1195000,1331000,1262000,955000]",482,10248000
26,74,8,"[447,440,467,484,486,450,471,397]","[1228000,1251000,1359000,1433000,1292000,1315000,1382000,1112000]",486,10372000
26,75,8,"[481,488,459,505,338,394,429,276]","[1295000,1359000,1360000,1531000,962000,1125000,1236000,795000]",505,9663000
26,76,8,"[522,480,474,495,338,473,460,265]","[1488000,1379000,1382000,1500000,966000,1321000,1344000,773000]",522,10153000
26,77,8,"[394,482,456,495,428,490,473,320]","[1142000,1393000,1323000,1491000,1206000,1437000,1338000,935000]",495,10265000
26,78,8,"[448,474,473,533,318,412,477,364]","[1243000,1351000,1376000,1561000,970000,1173000,1335000,986000]",533,9995000
26,79,8,"[451,473,472,488,437,480,468,355]","[1282000,1344000,1371000,1476000,1270000,1400000,1356000,1112000]",488,10611000
26,80,8,"[412,498,472,503,338,514,468,422]","[1213000,1391000,1374000,1523000,968000,1471000,1358000,1171000]",514,10469000
26,81,8,"[447,485,478,502,338,439,446,326]","[1219000,1355000,1392000,1526000,962000,1241000,1278000,895000]",502,9868000
26,82,8,"[466,492,455,507,332,427,441,278]","[1278000,1368000,1350000,1542000,941000,1205000,1242000,791000]",507,9717000
26,83,8,"[417,486,479,479,428,490,443,279]","[1152000,1413000,1380000,1466000,1221000,1435000,1273000,828000]",490,10168000
26,84,8,"[382,491,461,509,474,457,440,294]","[1119000,1413000,1321000,1518000,1307000,1323000,1269000,882000]",509,10152000
26,85,8,"[450,453,476,503,331,427,468,271]","[1272000,1306000,1414000,1533000,956000,1205000,1334000,786000]",503,9806000
26,86,8,"[550,478,475,479,450,508,502,442]","[1548000,1375000,1381000,1471000,1308000,1508000,1415000,1328000]",550,11334000
26,87,8,"[366,559,476,475,432,516,497,302]","[1022000,1523000,1390000,1457000,1236000,1509000,1406000,859000]",559,10402000
26,88,8,"[403,468,480,493,363,533,450,336]","[1136000,1339000,1394000,1497000,1047000,1448000,1309000,994000]",533,10164000
26,89,8,"[444,467,485,509,469,450,426,343]","[1224000,1342000,1417000,1512000,1257000,1317000,1247000,952000]",509,10268000
26,90,8,"[498,469,475,511,325,443,420,273]","[1380000,1327000,1405000,1532000,928000,1219000,1215000,786000]",511,9792000
26,91,8,"[461,540,474,476,409,459,455,332]","[1280000,1521000,1395000,1454000,1245000,1350000,1288000,976000]",540,10509000
26,92,8,"[405,488,472,532,481,459,442,291]","[1125000,1408000,1374000,1594000,1319000,1320000,1260000,872000]",532,10272000
26,93,8,"[397,478,479,479,435,462,437,458]","[1088000,1388000,1394000,1462000,1241000,1353000,1189000,1317000]",479,10432000
26,94,8,"[446,454,476,495,333,454,444,280]","[1258000,1297000,1395000,1510000,958000,1279000,1264000,805000]",495,9766000
26,95,8,"[387,472,485,488,403,481,451,286]","[1147000,1311000,1427000,1486000,1147000,1376000,1292000,857000]",488,10043000
26,96,8,"[438,464,472,508,316,420,425,277]","[1202000,1337000,1382000,1520000,914000,1203000,1216000,801000]",508,9575000
26,97,8,"[400,478,474,458,363,445,438,333]","[1140000,1355000,1384000,1389000,1056000,1286000,1276000,951000]",478,9837000
26,98,8,"[387,454,446,498,331,436,436,296]","[1134000,1304000,1313000,1517000,956000,1280000,1271000,863000]",498,9638000
26,99,8,"[415,486,473,484,424,526,477,350]","[1151000,1401000,1371000,1481000,1202000,1483000,1355000,1017000]",526,10461000
26,100,8,"[468,467,468,501,333,449,445,277]","[1279000,1335000,1374000,1512000,960000,1272000,1250000,797000]",501,9779000
26,101,8,"[399,462,444,500,344,434,437,321]","[1154000,1297000,1305000,1531000,979000,1259000,1267000,944000]",500,9736000
26,102,8,"[457,454,498,448,389,387,479,370]","[1335000,1304000,1445000,1364000,1122000,1102000,1373000,1064000]",498,10109000
26,103,8,"[445,480,476,442,395,386,461,472]","[1238000,1389000,1388000,1322000,1162000,1112000,1272000,1365000]",480,10248000
26,104,8,"[436,475,481,484,441,461,469,272]","[1204000,1367000,1388000,1481000,1275000,1335000,1379000,795000]",484,10224000
26,105,8,"[380,478,475,493,377,469,439,274]","[1104000,1375000,1384000,1499000,1078000,1344000,1256000,770000]",493,9810000
26,106,8,"[397,483,470,475,432,488,479,347]","[1109000,1401000,1369000,1457000,1239000,1432000,1347000,988000]",488,10342000
26,107,8,"[420,486,471,504,429,489,480,320]","[1184000,1404000,1371000,1479000,1222000,1432000,1353000,941000]",504,10386000
26,108,8,"[449,449,485,488,406,441,436,381]","[1224000,1289000,1412000,1463000,1112000,1271000,1277000,1063000]",488,10111000
26,109,8,"[383,490,476,490,479,454,437,291]","[1102000,1421000,1384000,1481000,1315000,1310000,1256000,872000]",490,10141000
26,110,8,"[464,485,478,494,342,434,443,302]","[1273000,1394000,1386000,1492000,993000,1229000,1246000,857000]",494,9870000
26,111,8,"[475,468,471,496,333,438,437,298]","[1277000,1353000,1378000,1499000,960000,1239000,1242000,847000]",496,9795000
26,112,8,"[439,448,444,499,337,461,466,276]","[1276000,1280000,1307000,1527000,966000,1306000,1330000,802000]",499,9794000
27,1,8,"[405,314,427,379,419,441,444,399]","[1144000,881000,1212000,1091000,1199000,1319000,1270000,1133000]",444,9249000
27,2,8,"[405,327,395,386,435,476,408,412]","[1154000,915000,1104000,1076000,1235000,1386000,1182000,1124000]",476,9176000
27,3,8,"[397,314,394,397,373,481,431,430]","[1121000,875000,1108000,1131000,1038000,1405000,1275000,1195000]",481,9148000
27,4,8,"[417,310,365,436,384,479,421,404]","[1169000,858000,1039000,1252000,1071000,1429000,1250000,1105000]",479,9173000
27,5,8,"[383,312,426,377,417,439,450,402]","[1102000,887000,1207000,1081000,1175000,1319000,1295000,1145000]",450,9211000
27,6,8,"[440,420,419,440,384,441,414,383]","[1221000,1163000,1177000,1225000,1123000,1308000,1230000,1057000]",441,9504000
27,7,8,"[412,308,409,407,386,482,416,415]","[1167000,857000,1152000,1167000,1084000,1431000,1231000,1120000]",482,9209000
27,8,8,"[408,345,408,387,440,446,450,441]","[1149000,969000,1116000,1104000,1267000,1303000,1286000,1215000]",450,9409000
27,9,8,"[419,395,426,433,445,441,414,382]","[1188000,1109000,1194000,1214000,1267000,1305000,1227000,1052000]",445,9556000
27,10,8,"[408,345,408,436,440,413,447,442]","[1149000,969000,1116000,1239000,1267000,1200000,1284000,1215000]",447,9439000
27,11,8,"[414,313,446,342,385,484,413,412]","[1169000,876000,1276000,996000,1069000,1441000,1227000,1112000]",484,9166000
27,12,8,"[457,312,343,414,406,449,443,442]","[1287000,870000,992000,1178000,1151000,1307000,1276000,1217000]",457,9278000
27,13,8,"[449,402,420,441,390,447,398,383]","[1261000,1116000,1173000,1230000,1136000,1318000,1180000,1057000]",449,9471000
27,14,8,"[406,345,419,381,453,446,445,441]","[1145000,969000,1165000,1092000,1272000,1303000,1280000,1211000]",453,9437000
27,15,8,"[433,399,427,433,443,445,418,383]","[1205000,1112000,1202000,1194000,1252000,1328000,1242000,1057000]",445,9592000
27,16,8,"[442,440,390,440,423,448,408,394]","[1240000,1195000,1104000,1238000,1221000,1318000,1198000,1069000]",448,9583000
27,17,8,"[414,308,412,404,388,484,413,412]","[1169000,857000,1152000,1165000,1086000,1441000,1227000,1112000]",484,9209000
27,18,8,"[435,334,351,392,415,473,438,446]","[1230000,893000,994000,1154000,1135000,1377000,1289000,1217000]",473,9289000
27,19,8,"[389,312,392,381,429,482,451,403]","[1111000,887000,1107000,1085000,1230000,1436000,1284000,1143000]",482,9283000
27,20,8,"[410,308,425,409,414,446,449,462]","[1148000,858000,1202000,1170000,1152000,1308000,1292000,1261000]",462,9391000
27,21,8,"[440,341,396,366,423,473,439,438]","[1257000,961000,1121000,1023000,1178000,1371000,1294000,1209000]",473,9414000
27,22,8,"[435,372,391,436,413,454,411,382]","[1205000,1040000,1100000,1237000,1200000,1355000,1221000,1055000]",454,9413000
27,23,8,"[379,307,374,406,396,490,458,401]","[1087000,872000,1069000,1166000,1102000,1455000,1303000,1145000]",490,9199000
27,24,8,"[427,308,426,407,390,482,424,407]","[1187000,857000,1189000,1171000,1086000,1431000,1255000,1115000]",482,9291000
27,25,8,"[425,357,394,435,397,495,407,390]","[1208000,987000,1109000,1232000,1111000,1474000,1200000,1064000]",495,9385000
27,26,8,"[402,347,409,412,403,457,453,440]","[1143000,973000,1123000,1176000,1151000,1358000,1281000,1216000]",457,9421000
27,27,8,"[452,306,407,404,357,496,449,437]","[1256000,857000,1143000,1161000,1002000,1480000,1315000,1199000]",496,9413000
27,28,8,"[450,477,405,452,415,519,433,443]","[1271000,1404000,1126000,1260000,1157000,1471000,1259000,1216000]",519,10164000
27,29,8,"[412,311,396,406,378,504,448,437]","[1154000,876000,1119000,1162000,1071000,1481000,1287000,1210000]",504,9360000
27,30,8,"[419,308,376,420,388,483,415,414]","[1173000,867000,1070000,1218000,1075000,1435000,1231000,1130000]",483,9199000
27,31,8,"[443,354,394,384,385,496,438,449]","[1238000,954000,1116000,1121000,1087000,1463000,1292000,1237000]",496,9508000
27,32,8,"[431,336,350,413,417,464,435,445]","[1223000,903000,980000,1237000,1135000,1332000,1276000,1218000]",464,9304000
27,33,8,"[656,308,389,456,380,480,415,448]","[2120000,867000,1092000,1311000,1069000,1431000,1229000,1216000]",656,10335000
27,34,8,"[436,404,393,404,493,492,396,388]","[1229000,1101000,1107000,1123000,1360000,1472000,1163000,1074000]",493,9629000
27,35,8,"[660,315,392,429,610,524,460,399]","[2131000,893000,1107000,1257000,1905000,1525000,1303000,1127000]",660,11248000
27,36,8,"[432,354,391,446,404,498,408,386]","[1210000,988000,1100000,1262000,1130000,1482000,1206000,1060000]",498,9438000
27,37,8,"[652,312,427,378,466,441,551,523]","[2074000,887000,1212000,1086000,1364000,1304000,1634000,1523000]",652,11084000
27,38,8,"[438,349,320,394,415,471,433,444]","[1232000,937000,910000,1163000,1135000,1372000,1270000,1227000]",471,9246000
27,39,8,"[397,360,416,430,410,444,431,435]","[1139000,1014000,1141000,1190000,1143000,1288000,1259000,1205000]",444,9379000
27,40,8,"[415,309,397,502,506,493,422,382]","[1152000,867000,1115000,1429000,1396000,1481000,1250000,1052000]",506,9742000
27,41,8,"[401,314,402,405,419,489,429,443]","[1129000,875000,1120000,1137000,1152000,1431000,1265000,1219000]",489,9328000
27,42,8,"[414,307,421,406,417,523,445,409]","[1172000,858000,1191000,1166000,1171000,1518000,1271000,1113000]",523,9460000
27,43,8,"[438,347,395,380,377,536,434,444]","[1232000,938000,1122000,1112000,1057000,1537000,1281000,1223000]",536,9502000
27,44,8,"[432,371,398,443,398,479,479,430]","[1212000,1025000,1120000,1245000,1118000,1402000,1444000,1201000]",479,9767000
27,45,8,"[385,372,387,471,454,491,396,385]","[1040000,1019000,1083000,1323000,1243000,1471000,1167000,1053000]",491,9399000
27,46,8,"[404,345,407,410,407,458,453,442]","[1147000,969000,1118000,1174000,1164000,1362000,1292000,1221000]",458,9447000
27,47,8,"[409,342,416,429,418,446,416,412]","[1151000,963000,1158000,1209000,1180000,1317000,1243000,1123000]",446,9344000
27,48,8,"[690,612,392,364,430,491,568,525]","[2148000,1900000,1112000,1016000,1231000,1455000,1711000,1559000]",690,12132000
27,49,8,"[406,345,407,413,410,460,392,442]","[1157000,969000,1118000,1180000,1173000,1370000,1140000,1211000]",460,9318000
27,50,8,"[407,313,396,380,404,535,435,476]","[1153000,876000,1104000,1090000,1153000,1525000,1261000,1327000]",535,9489000
27,51,8,"[501,370,349,396,520,469,459,453]","[1566000,1028000,977000,1162000,1520000,1366000,1308000,1228000]",520,10155000
27,52,8,"[385,312,394,377,432,485,498,402]","[1103000,887000,1100000,1081000,1226000,1427000,1405000,1149000]",498,9378000
27,53,8,"[476,313,324,414,389,496,419,412]","[1349000,912000,922000,1185000,1090000,1459000,1258000,1131000]",496,9306000
27,54,8,"[487,371,408,446,410,437,438,493]","[1455000,1012000,1137000,1274000,1178000,1279000,1293000,1365000]",493,9993000
27,55,8,"[429,358,411,392,520,497,426,489]","[1238000,1007000,1132000,1156000,1505000,1442000,1247000,1359000]",520,10086000
27,56,8,"[404,357,400,380,408,440,451,394]","[1141000,997000,1116000,1086000,1158000,1324000,1305000,1123000]",451,9250000
27,57,8,"[443,414,384,466,386,495,402,414]","[1263000,1146000,1064000,1313000,1103000,1470000,1177000,1170000]",495,9706000
27,58,8,"[482,403,394,466,386,493,437,504]","[1359000,1077000,1091000,1313000,1097000,1455000,1288000,1428000]",504,10108000
27,59,8,"[408,306,409,407,380,508,418,423]","[1150000,857000,1142000,1171000,1071000,1503000,1220000,1132000]",508,9246000
27,60,8,"[412,306,412,404,387,501,411,410]","[1155000,857000,1152000,1165000,1085000,1473000,1227000,1116000]",501,9230000
27,61,8,"[411,308,412,404,386,479,518,413]","[1167000,857000,1152000,1165000,1086000,1411000,1525000,1118000]",518,9481000
27,62,8,"[404,327,395,386,435,477,408,413]","[1152000,915000,1104000,1076000,1235000,1390000,1182000,1126000]",477,9180000
27,63,8,"[446,361,392,440,417,445,439,386]","[1253000,996000,1100000,1229000,1210000,1292000,1278000,1066000]",446,9424000
27,64,8,"[408,311,396,427,410,462,452,441]","[1154000,876000,1119000,1222000,1174000,1367000,1293000,1210000]",462,9415000
27,65,8,"[651,312,395,399,377,499,556,527]","[2073000,887000,1122000,1149000,1069000,1485000,1669000,1540000]",651,10994000
27,66,8,"[495,379,395,387,408,499,429,490]","[1491000,1032000,1126000,1107000,1167000,1439000,1255000,1367000]",499,9984000
27,67,8,"[417,322,396,382,422,491,443,439]","[1208000,914000,1117000,1094000,1212000,1453000,1270000,1209000]",491,9477000
27,68,8,"[408,350,457,382,462,476,418,413]","[1151000,987000,1274000,1096000,1267000,1393000,1234000,1122000]",476,9524000
27,69,8,"[437,347,393,384,379,494,438,443]","[1233000,938000,1118000,1121000,1073000,1465000,1288000,1221000]",494,9457000
27,70,8,"[412,309,422,443,417,448,416,411]","[1156000,863000,1182000,1264000,1181000,1321000,1227000,1118000]",448,9312000
27,71,8,"[452,352,359,449,457,446,484,482]","[1265000,952000,992000,1233000,1295000,1304000,1405000,1325000]",484,9771000
27,72,8,"[396,314,395,391,372,485,437,436]","[1119000,875000,1113000,1112000,1038000,1427000,1278000,1216000]",485,9178000
27,73,8,"[431,313,426,381,418,440,451,404]","[1250000,880000,1207000,1098000,1220000,1305000,1296000,1158000]",451,9414000
27,74,8,"[409,319,369,392,431,476,414,418]","[1164000,905000,1056000,1109000,1240000,1386000,1203000,1134000]",476,9197000
27,75,8,"[400,314,409,391,429,445,424,436]","[1126000,875000,1134000,1112000,1191000,1296000,1250000,1216000]",445,9200000
27,76,8,"[411,310,355,437,386,481,421,408]","[1166000,858000,1016000,1254000,1079000,1439000,1240000,1113000]",481,9165000
27,77,8,"[382,301,423,379,419,443,450,393]","[1098000,841000,1212000,1083000,1181000,1319000,1290000,1122000]",450,9146000
27,78,8,"[434,411,426,424,391,449,421,384]","[1207000,1153000,1191000,1193000,1127000,1333000,1249000,1065000]",449,9518000
27,79,8,"[408,306,409,407,386,493,412,411]","[1143000,857000,1152000,1171000,1084000,1469000,1215000,1114000]",493,9205000
27,80,8,"[438,345,408,381,453,448,452,441]","[1235000,969000,1118000,1092000,1305000,1291000,1289000,1215000]",453,9514000
27,81,8,"[418,397,425,431,439,443,414,356]","[1181000,1111000,1190000,1204000,1260000,1315000,1219000,1006000]",443,9486000
27,82,8,"[416,345,409,436,456,404,450,438]","[1164000,969000,1118000,1257000,1305000,1167000,1305000,1209000]",456,9494000
27,83,8,"[413,337,450,321,383,480,412,411]","[1170000,955000,1284000,933000,1069000,1429000,1227000,1116000]",480,9183000
27,84,8,"[455,338,347,406,413,447,441,440]","[1282000,955000,996000,1127000,1174000,1303000,1265000,1211000]",455,9313000
27,85,8,"[451,403,431,427,436,452,350,383]","[1263000,1123000,1210000,1199000,1285000,1338000,1027000,1057000]",452,9502000
27,86,8,"[409,347,422,386,453,445,446,473]","[1145000,969000,1171000,1111000,1275000,1281000,1280000,1299000]",473,9531000
27,87,8,"[433,400,422,441,444,445,413,382]","[1205000,1114000,1184000,1214000,1246000,1328000,1225000,1055000]",445,9571000
27,88,8,"[460,442,392,435,410,451,399,390]","[1298000,1183000,1104000,1224000,1192000,1319000,1172000,1067000]",460,9559000
27,89,8,"[408,306,412,404,386,493,412,411]","[1145000,857000,1152000,1165000,1086000,1469000,1215000,1114000]",493,9203000
27,90,8,"[435,334,351,392,415,473,438,446]","[1230000,893000,994000,1154000,1135000,1377000,1289000,1217000]",473,9289000
27,91,8,"[385,312,425,383,433,482,414,403]","[1103000,887000,1212000,1092000,1247000,1436000,1181000,1147000]",482,9305000
27,92,8,"[408,310,383,437,417,444,447,459]","[1148000,873000,1097000,1258000,1154000,1298000,1280000,1258000]",459,9366000
28,1,8,"[370,477,407,441,471,479,464,471]","[1085000,1440000,1165000,1236000,1373000,1399000,1345000,1396000]",479,10439000
28,2,8,"[370,483,396,468,475,475,469,455]","[1089000,1455000,1131000,1290000,1377000,1404000,1361000,1333000]",483,10440000
28,3,8,"[373,477,407,443,471,476,465,480]","[1090000,1440000,1165000,1246000,1373000,1396000,1343000,1456000]",480,10509000
28,4,8,"[371,481,395,479,468,474,471,458]","[1090000,1451000,1125000,1322000,1364000,1386000,1385000,1331000]",481,10454000
28,5,8,"[373,481,395,481,473,476,469,458]","[1098000,1451000,1129000,1328000,1373000,1393000,1352000,1342000]",481,10466000
28,6,8,"[370,482,403,444,474,470,467,470]","[1083000,1451000,1157000,1257000,1379000,1382000,1344000,1413000]",482,10466000
28,7,8,"[369,483,404,442,475,471,468,469]","[1083000,1453000,1157000,1247000,1381000,1384000,1345000,1404000]",483,10454000
28,8,8,"[370,478,421,440,472,481,466,471]","[1085000,1442000,1193000,1234000,1377000,1403000,1349000,1396000]",481,10479000
28,9,8,"[380,483,396,468,475,473,466,459]","[1116000,1451000,1129000,1290000,1383000,1402000,1359000,1335000]",483,10465000
28,10,8,"[384,480,429,462,482,470,467,457]","[1128000,1446000,1211000,1272000,1387000,1381000,1350000,1320000]",482,10495000
28,11,8,"[378,483,429,462,475,466,457,456]","[1125000,1452000,1211000,1272000,1391000,1379000,1308000,1345000]",483,10483000
28,12,8,"[387,481,438,462,437,467,476,477]","[1132000,1448000,1226000,1272000,1279000,1375000,1377000,1398000]",481,10507000
28,13,8,"[389,481,405,461,453,471,468,480]","[1150000,1451000,1157000,1299000,1327000,1382000,1374000,1441000]",481,10581000
28,14,8,"[370,482,403,444,474,470,467,479]","[1083000,1451000,1157000,1257000,1379000,1382000,1344000,1446000]",482,10499000
28,15,8,"[402,485,402,413,479,470,467,478]","[1184000,1457000,1141000,1156000,1389000,1380000,1344000,1444000]",485,10495000
28,16,8,"[370,482,396,480,472,472,467,470]","[1085000,1451000,1131000,1326000,1375000,1388000,1343000,1401000]",482,10500000
28,17,8,"[374,503,406,442,478,465,458,497]","[1098000,1459000,1159000,1247000,1379000,1372000,1339000,1452000]",503,10505000
28,18,8,"[368,485,395,468,475,479,468,469]","[1081000,1461000,1129000,1290000,1385000,1416000,1359000,1386000]",485,10507000
28,19,8,"[370,482,396,482,474,470,467,468]","[1085000,1451000,1131000,1330000,1379000,1382000,1343000,1406000]",482,10507000
28,20,8,"[386,483,431,464,477,464,451,476]","[1128000,1452000,1215000,1272000,1404000,1369000,1294000,1396000]",483,10530000
28,21,8,"[373,481,395,481,473,478,469,447]","[1098000,1451000,1129000,1328000,1373000,1403000,1352000,1329000]",481,10463000
28,22,8,"[373,480,435,462,469,470,481,475]","[1103000,1446000,1221000,1272000,1373000,1390000,1408000,1416000]",481,10629000
28,23,8,"[373,483,431,462,475,466,463,483]","[1098000,1448000,1214000,1272000,1385000,1369000,1365000,1443000]",483,10594000
28,24,8,"[388,480,435,465,509,477,448,473]","[1145000,1446000,1230000,1272000,1464000,1374000,1317000,1387000]",509,10635000
28,25,8,"[371,480,429,462,482,470,464,494]","[1094000,1446000,1211000,1272000,1386000,1390000,1341000,1445000]",494,10585000
28,26,8,"[346,451,482,458,475,465,462,472]","[1034000,1346000,1357000,1285000,1387000,1372000,1363000,1436000]",482,10580000
28,27,8,"[371,480,429,462,482,471,468,451]","[1096000,1446000,1211000,1272000,1387000,1385000,1355000,1323000]",482,10475000
28,28,8,"[386,481,404,448,483,467,418,478]","[1130000,1451000,1159000,1271000,1403000,1378000,1188000,1399000]",483,10379000
28,29,8,"[373,492,485,459,481,466,463,471]","[1100000,1431000,1363000,1287000,1399000,1372000,1352000,1434000]",492,10738000
28,30,8,"[370,482,404,442,472,472,467,470]","[1085000,1451000,1157000,1247000,1375000,1388000,1343000,1401000]",482,10447000
28,31,8,"[370,475,405,442,477,477,464,462]","[1083000,1436000,1161000,1238000,1391000,1385000,1343000,1336000]",477,10373000
28,32,8,"[370,481,396,481,471,475,468,438]","[1083000,1451000,1131000,1328000,1373000,1391000,1350000,1293000]",481,10400000
28,33,8,"[370,477,407,442,471,479,464,466]","[1085000,1440000,1165000,1236000,1373000,1399000,1345000,1395000]",479,10438000
28,34,8,"[368,485,395,468,475,479,468,464]","[1081000,1461000,1129000,1290000,1385000,1416000,1359000,1388000]",485,10509000
28,35,8,"[390,475,432,463,477,476,465,447]","[1147000,1436000,1221000,1274000,1386000,1392000,1360000,1301000]",477,10517000
28,36,8,"[371,477,428,442,471,479,464,480]","[1087000,1440000,1201000,1247000,1373000,1403000,1341000,1454000]",480,10546000
28,37,8,"[368,482,395,471,470,475,468,467]","[1079000,1451000,1125000,1296000,1375000,1406000,1368000,1384000]",482,10484000
28,38,8,"[374,483,396,481,474,477,464,459]","[1098000,1451000,1131000,1310000,1383000,1408000,1343000,1333000]",483,10457000
28,39,8,"[373,477,407,443,471,476,465,472]","[1090000,1440000,1165000,1246000,1373000,1396000,1343000,1425000]",477,10478000
28,40,8,"[370,482,400,469,486,477,470,462]","[1085000,1456000,1130000,1292000,1402000,1416000,1355000,1368000]",486,10504000
28,41,8,"[378,475,422,439,477,479,464,496]","[1108000,1436000,1198000,1232000,1385000,1396000,1343000,1453000]",496,10551000
28,42,8,"[373,506,407,444,478,465,459,512]","[1098000,1459000,1165000,1257000,1381000,1377000,1335000,1530000]",512,10602000
28,43,8,"[372,482,423,443,469,477,464,471]","[1092000,1451000,1201000,1246000,1373000,1388000,1345000,1400000]",482,10496000
28,44,8,"[370,482,403,444,472,471,467,476]","[1083000,1451000,1157000,1257000,1375000,1392000,1344000,1434000]",482,10493000
28,45,8,"[386,483,431,462,477,468,465,477]","[1130000,1452000,1215000,1272000,1389000,1373000,1357000,1398000]",483,10586000
28,46,8,"[374,484,429,436,476,481,468,497]","[1105000,1460000,1215000,1216000,1396000,1397000,1347000,1452000]",497,10588000
28,47,8,"[390,484,406,455,474,468,465,480]","[1129000,1466000,1160000,1282000,1379000,1378000,1352000,1431000]",484,10577000
28,48,8,"[374,484,398,474,473,475,468,455]","[1098000,1451000,1135000,1301000,1377000,1406000,1357000,1327000]",484,10452000
28,49,8,"[368,508,442,469,486,481,470,469]","[1081000,1466000,1223000,1292000,1407000,1422000,1369000,1390000]",508,10650000
28,50,8,"[374,484,423,443,476,467,471,470]","[1108000,1455000,1195000,1249000,1383000,1378000,1351000,1405000]",484,10524000
28,51,8,"[371,487,433,467,479,464,453,459]","[1093000,1460000,1219000,1287000,1402000,1369000,1304000,1352000]",487,10486000
28,52,8,"[372,475,410,445,477,481,468,471]","[1095000,1439000,1171000,1244000,1389000,1408000,1351000,1397000]",481,10494000
28,53,8,"[376,483,398,493,477,463,466,458]","[1119000,1455000,1135000,1364000,1381000,1357000,1346000,1342000]",493,10499000
28,54,8,"[373,474,405,443,476,476,461,479]","[1088000,1431000,1171000,1246000,1379000,1396000,1349000,1454000]",479,10514000
28,55,8,"[403,482,402,423,464,472,469,456]","[1202000,1451000,1144000,1191000,1360000,1382000,1376000,1329000]",482,10435000
28,56,8,"[405,482,360,483,469,473,462,463]","[1190000,1451000,1023000,1338000,1373000,1391000,1343000,1340000]",483,10449000
28,57,8,"[369,485,404,444,477,471,468,463]","[1083000,1457000,1168000,1251000,1385000,1384000,1349000,1403000]",485,10480000
28,58,8,"[371,482,403,442,471,470,459,468]","[1083000,1446000,1153000,1247000,1371000,1382000,1347000,1411000]",482,10440000
28,59,8,"[375,478,422,440,472,480,465,467]","[1101000,1442000,1211000,1234000,1379000,1407000,1343000,1389000]",480,10506000
28,60,8,"[375,484,417,453,478,478,469,464]","[1100000,1460000,1185000,1241000,1400000,1408000,1363000,1348000]",484,10505000
28,61,8,"[386,481,433,462,483,471,468,458]","[1131000,1451000,1219000,1272000,1392000,1385000,1353000,1324000]",483,10527000
28,62,8,"[371,484,416,497,475,479,452,461]","[1089000,1457000,1162000,1360000,1382000,1406000,1299000,1347000]",497,10502000
28,63,8,"[389,481,436,462,437,511,424,476]","[1134000,1448000,1222000,1272000,1279000,1523000,1213000,1396000]",511,10487000
28,64,8,"[399,432,406,468,461,530,464,478]","[1185000,1290000,1159000,1316000,1339000,1584000,1361000,1423000]",530,10657000
28,65,8,"[369,481,405,445,442,470,499,484]","[1083000,1451000,1160000,1253000,1287000,1384000,1466000,1445000]",499,10529000
28,66,8,"[404,486,397,418,471,423,462,480]","[1194000,1460000,1133000,1164000,1377000,1284000,1357000,1441000]",486,10410000
28,67,8,"[341,485,398,482,479,470,467,513]","[991000,1457000,1135000,1330000,1389000,1385000,1344000,1504000]",513,10535000
28,68,8,"[374,504,406,441,472,430,455,489]","[1091000,1463000,1159000,1232000,1376000,1296000,1335000,1443000]",504,10395000
28,69,8,"[368,483,399,474,473,476,461,472]","[1081000,1451000,1135000,1301000,1383000,1399000,1345000,1398000]",483,10493000
28,70,8,"[371,480,404,473,482,465,462,467]","[1093000,1446000,1138000,1312000,1400000,1369000,1347000,1414000]",482,10519000
28,71,8,"[385,481,436,462,470,467,474,432]","[1130000,1446000,1237000,1272000,1373000,1378000,1373000,1270000]",481,10479000
29,1,8,"[320,389,467,475,477,462,451,445]","[943000,1138000,1326000,1402000,1404000,1359000,1313000,1220000]",477,10105000
29,2,8,"[355,262,497,502,430,482,418,458]","[1020000,785000,1426000,1459000,1224000,1405000,1242000,1301000]",502,9862000
29,3,8,"[351,308,422,474,478,475,414,479]","[1020000,931000,1203000,1409000,1412000,1385000,1164000,1416000]",479,9940000
29,4,8,"[333,284,480,556,489,452,425,423]","[931000,847000,1342000,1542000,1419000,1340000,1234000,1188000]",556,9843000
29,5,8,"[306,325,459,476,493,480,417,461]","[883000,965000,1287000,1373000,1466000,1396000,1228000,1303000]",493,9901000
29,6,8,"[402,396,465,476,435,477,469,460]","[1134000,1158000,1317000,1387000,1230000,1389000,1350000,1341000]",477,10306000
29,7,8,"[361,337,450,476,497,484,416,441]","[992000,947000,1256000,1373000,1465000,1400000,1231000,1248000]",497,9912000
29,8,8,"[335,262,479,480,478,482,443,470]","[982000,785000,1387000,1383000,1406000,1429000,1215000,1367000]",482,9954000
29,9,8,"[395,322,476,479,440,479,419,475]","[1095000,921000,1310000,1389000,1246000,1393000,1239000,1363000]",479,9956000
29,10,8,"[390,338,477,476,440,479,422,471]","[1077000,953000,1311000,1387000,1250000,1402000,1261000,1345000]",479,9986000
29,11,8,"[334,333,450,443,490,455,449,480]","[977000,991000,1255000,1291000,1420000,1347000,1308000,1377000]",490,9966000
29,12,8,"[349,338,457,505,432,485,421,470]","[990000,951000,1289000,1453000,1228000,1407000,1254000,1348000]",505,9920000
29,13,8,"[351,309,421,467,501,452,416,479]","[1020000,933000,1201000,1378000,1481000,1342000,1168000,1410000]",501,9933000
29,14,8,"[356,262,498,460,507,488,429,444]","[1018000,785000,1392000,1349000,1495000,1420000,1260000,1246000]",507,9965000
29,15,8,"[371,262,503,476,495,461,424,448]","[1077000,785000,1439000,1373000,1470000,1357000,1239000,1240000]",503,9980000
29,16,8,"[351,308,422,467,498,475,414,479]","[1020000,931000,1213000,1378000,1479000,1383000,1164000,1416000]",498,9984000
29,17,8,"[402,396,466,477,435,479,422,457]","[1134000,1158000,1307000,1392000,1230000,1399000,1236000,1335000]",479,10191000
29,18,8,"[335,262,517,479,479,479,448,415]","[982000,785000,1454000,1381000,1409000,1420000,1209000,1286000]",517,9926000
29,19,8,"[309,381,404,471,483,480,452,468]","[917000,1110000,1135000,1394000,1422000,1391000,1315000,1345000]",483,10029000
29,20,8,"[392,378,467,477,436,480,423,427]","[1175000,1107000,1312000,1389000,1235000,1404000,1236000,1229000]",480,10087000
29,21,8,"[352,347,464,476,475,463,480,498]","[1028000,1003000,1330000,1411000,1393000,1364000,1341000,1442000]",498,10312000
29,22,8,"[355,308,519,457,498,486,422,482]","[1028000,931000,1434000,1326000,1479000,1416000,1191000,1422000]",519,10227000
29,23,8,"[461,301,481,474,436,487,458,469]","[1253000,861000,1329000,1383000,1240000,1416000,1330000,1347000]",487,10159000
29,24,8,"[307,329,465,506,434,484,419,451]","[885000,976000,1287000,1453000,1234000,1397000,1228000,1305000]",506,9765000
29,25,8,"[314,272,483,485,541,458,448,455]","[862000,814000,1395000,1387000,1505000,1363000,1306000,1327000]",541,9959000
29,26,8,"[399,332,515,476,480,455,410,471]","[1099000,955000,1431000,1373000,1425000,1354000,1203000,1359000]",515,10199000
29,27,8,"[370,333,463,475,501,466,425,453]","[1074000,992000,1310000,1373000,1485000,1363000,1241000,1268000]",501,10106000
29,28,8,"[331,284,451,474,479,490,425,437]","[931000,851000,1307000,1413000,1405000,1430000,1231000,1212000]",490,9780000
29,29,8,"[363,306,503,514,438,484,423,485]","[1038000,843000,1418000,1517000,1251000,1412000,1251000,1340000]",514,10070000
29,30,8,"[364,325,422,542,503,455,412,478]","[1055000,965000,1204000,1519000,1482000,1354000,1158000,1410000]",542,10147000
29,31,8,"[358,262,491,517,497,487,423,445]","[1022000,785000,1387000,1467000,1434000,1425000,1239000,1239000]",517,9998000
29,32,8,"[332,396,475,478,492,477,446,416]","[977000,1139000,1332000,1375000,1402000,1410000,1230000,1288000]",492,10153000
29,33,8,"[314,383,402,507,486,491,450,479]","[940000,1093000,1128000,1460000,1437000,1430000,1310000,1368000]",507,10166000
29,34,8,"[382,315,463,474,437,477,467,465]","[1086000,955000,1291000,1381000,1230000,1389000,1343000,1348000]",477,10023000
29,35,8,"[390,337,479,476,430,479,416,460]","[1074000,949000,1316000,1381000,1226000,1402000,1232000,1388000]",479,9968000
29,36,8,"[323,268,486,517,497,462,453,491]","[931000,818000,1374000,1474000,1452000,1357000,1313000,1346000]",517,10065000
29,37,8,"[323,269,480,577,434,481,451,475]","[943000,818000,1345000,1640000,1237000,1406000,1322000,1366000]",577,10077000
29,38,8,"[358,530,448,481,498,485,417,416]","[1036000,1561000,1268000,1381000,1467000,1404000,1215000,1186000]",530,10518000
29,39,8,"[391,380,460,482,433,479,472,480]","[1165000,1117000,1307000,1403000,1230000,1396000,1351000,1414000]",482,10383000
29,40,8,"[372,262,501,479,497,486,424,448]","[1084000,785000,1435000,1373000,1474000,1405000,1239000,1250000]",501,10045000
29,41,8,"[411,387,468,485,435,484,422,456]","[1251000,1131000,1320000,1407000,1230000,1407000,1236000,1317000]",485,10299000
29,42,8,"[358,308,459,530,431,476,417,479]","[1031000,931000,1311000,1523000,1226000,1387000,1161000,1416000]",530,9986000
29,43,8,"[336,354,473,549,491,501,448,468]","[995000,1020000,1339000,1532000,1430000,1475000,1220000,1374000]",549,10385000
29,44,8,"[335,262,522,475,480,480,443,418]","[982000,785000,1463000,1373000,1410000,1425000,1209000,1304000]",522,9951000
29,45,8,"[354,372,510,479,435,484,462,475]","[1043000,1076000,1413000,1411000,1232000,1412000,1336000,1398000]",510,10321000
29,46,8,"[309,381,408,469,476,483,421,466]","[927000,1110000,1164000,1394000,1399000,1413000,1231000,1341000]",483,9979000
29,47,8,"[351,399,452,504,431,490,423,461]","[984000,1084000,1291000,1450000,1226000,1411000,1246000,1330000]",504,10022000
29,48,8,"[400,400,444,484,487,468,413,467]","[1136000,1149000,1251000,1409000,1432000,1368000,1223000,1359000]",487,10327000
29,49,8,"[367,268,528,476,495,461,421,445]","[1070000,818000,1479000,1375000,1461000,1357000,1233000,1250000]",528,10043000
29,50,8,"[329,284,474,474,479,468,427,443]","[931000,851000,1359000,1411000,1405000,1374000,1238000,1202000]",479,9771000
29,51,8,"[318,325,448,478,478,480,477,435]","[910000,965000,1262000,1385000,1404000,1425000,1279000,1329000]",480,9959000
29,52,8,"[392,329,452,480,479,467,424,473]","[1076000,944000,1240000,1391000,1418000,1386000,1255000,1364000]",480,10074000
29,53,8,"[391,378,463,478,433,479,427,397]","[1165000,1107000,1313000,1389000,1241000,1394000,1250000,1220000]",479,10079000
29,54,8,"[402,396,468,473,498,480,420,449]","[1134000,1158000,1311000,1386000,1371000,1399000,1236000,1304000]",498,10299000
29,55,8,"[395,378,466,477,436,480,427,421]","[1184000,1107000,1313000,1389000,1235000,1401000,1242000,1226000]",480,10097000
29,56,8,"[373,318,463,479,436,482,423,470]","[1051000,939000,1298000,1389000,1237000,1401000,1231000,1358000]",482,9904000
29,57,8,"[323,268,481,554,500,482,452,475]","[931000,818000,1350000,1539000,1458000,1393000,1324000,1364000]",554,10177000
29,58,8,"[369,293,454,497,483,471,399,481]","[1070000,886000,1298000,1438000,1434000,1392000,1122000,1409000]",497,10049000
29,59,8,"[316,380,489,529,439,481,422,461]","[935000,1108000,1410000,1532000,1243000,1400000,1236000,1322000]",529,10186000
29,60,8,"[367,360,487,507,497,487,430,472]","[1049000,1031000,1355000,1400000,1475000,1406000,1266000,1333000]",507,10315000
29,61,8,"[351,311,428,467,501,452,419,482]","[1020000,943000,1216000,1378000,1481000,1342000,1174000,1425000]",501,9979000
29,62,8,"[313,335,447,475,497,484,395,424]","[914000,952000,1252000,1373000,1459000,1399000,1154000,1276000]",497,9779000
29,63,8,"[361,367,465,467,509,453,423,485]","[1052000,1070000,1341000,1378000,1507000,1353000,1197000,1388000]",509,10286000
29,64,8,"[307,381,426,471,495,482,454,397]","[907000,1104000,1212000,1384000,1473000,1401000,1319000,1101000]",495,9901000
29,65,8,"[353,312,452,478,496,483,418,441]","[1002000,929000,1278000,1375000,1469000,1400000,1225000,1263000]",496,9941000
29,66,8,"[377,262,498,476,501,480,425,446]","[1100000,785000,1416000,1373000,1491000,1401000,1239000,1236000]",501,10041000
29,67,8,"[387,345,446,485,477,486,421,466]","[1062000,981000,1244000,1405000,1408000,1429000,1245000,1339000]",486,10113000
29,68,8,"[355,313,422,500,495,493,414,479]","[1022000,929000,1216000,1454000,1449000,1443000,1158000,1405000]",500,10076000
29,69,8,"[391,338,477,508,435,477,422,471]","[1082000,953000,1328000,1415000,1248000,1395000,1264000,1343000]",508,10028000
29,70,8,"[400,397,423,474,490,461,458,466]","[1106000,1166000,1197000,1383000,1403000,1358000,1332000,1356000]",490,10301000
29,71,8,"[377,402,502,484,520,481,418,444]","[1030000,1123000,1362000,1375000,1504000,1409000,1238000,1257000]",520,10298000
29,72,8,"[388,420,422,550,488,479,467,460]","[1118000,1212000,1213000,1544000,1414000,1393000,1345000,1337000]",550,10576000
29,73,8,"[401,341,460,505,471,447,418,469]","[1109000,955000,1295000,1455000,1352000,1329000,1235000,1346000]",505,10076000
29,74,8,"[320,262,495,475,485,483,474,445]","[955000,785000,1434000,1373000,1433000,1429000,1320000,1239000]",495,9968000
29,75,8,"[369,422,463,478,435,490,488,425]","[1092000,1170000,1297000,1397000,1230000,1422000,1450000,1212000]",490,10270000
29,76,8,"[351,308,420,467,497,475,413,479]","[1020000,931000,1196000,1378000,1477000,1385000,1162000,1414000]",497,9963000
29,77,8,"[381,268,480,546,488,470,465,459]","[1103000,818000,1335000,1527000,1414000,1369000,1341000,1343000]",546,10250000
29,78,8,"[371,262,499,478,497,469,440,446]","[1085000,785000,1428000,1375000,1469000,1376000,1274000,1232000]",499,10024000
29,79,8,"[335,309,445,503,431,482,456,476]","[980000,922000,1259000,1449000,1224000,1411000,1323000,1368000]",503,9936000
29,80,8,"[337,262,538,479,440,481,469,421]","[1025000,785000,1508000,1386000,1250000,1403000,1316000,1306000]",538,9979000
29,81,8,"[352,483,438,522,502,483,417,487]","[1022000,1399000,1248000,1482000,1493000,1401000,1174000,1447000]",522,10666000
29,82,8,"[325,380,520,537,495,482,417,515]","[962000,1138000,1471000,1479000,1464000,1395000,1229000,1484000]",537,10622000
29,83,8,"[310,381,404,471,482,483,459,468]","[922000,1104000,1135000,1394000,1420000,1406000,1331000,1345000]",483,10057000
29,84,8,"[331,282,474,477,501,459,453,496]","[931000,888000,1365000,1406000,1436000,1380000,1313000,1392000]",501,10111000
29,85,8,"[368,284,511,475,498,463,427,459]","[1064000,847000,1457000,1373000,1476000,1367000,1251000,1281000]",511,10116000
29,86,8,"[397,398,461,476,436,477,453,461]","[1103000,1171000,1297000,1387000,1230000,1395000,1313000,1349000]",477,10245000
29,87,8,"[350,341,458,508,487,490,414,470]","[992000,977000,1290000,1450000,1430000,1433000,1231000,1348000]",508,10151000
29,88,8,"[351,262,519,480,463,478,418,478]","[1020000,785000,1455000,1420000,1344000,1391000,1230000,1335000]",519,9980000
29,89,8,"[361,337,450,476,497,484,416,441]","[992000,947000,1256000,1376000,1465000,1400000,1231000,1248000]",497,9915000
29,90,8,"[366,390,502,488,512,485,428,443]","[1065000,1127000,1396000,1412000,1480000,1410000,1258000,1244000]",512,10392000
29,91,8,"[315,275,479,566,482,499,424,443]","[919000,822000,1320000,1584000,1414000,1472000,1239000,1250000]",566,10020000
29,92,8,"[405,396,467,479,435,482,423,476]","[1139000,1156000,1310000,1387000,1235000,1405000,1238000,1359000]",482,10229000
29,93,8,"[329,407,421,486,499,449,448,471]","[976000,1181000,1205000,1425000,1481000,1339000,1228000,1409000]",499,10244000
29,94,8,"[355,487,447,483,501,482,412,473]","[1022000,1430000,1269000,1393000,1469000,1399000,1144000,1402000]",501,10528000
29,95,8,"[333,262,516,495,478,472,471,418]","[981000,785000,1441000,1447000,1403000,1375000,1306000,1301000]",516,10039000
29,96,8,"[350,321,500,503,430,487,430,460]","[988000,929000,1402000,1453000,1224000,1422000,1274000,1327000]",503,10019000
29,97,8,"[400,389,466,476,440,479,422,429]","[1223000,1105000,1310000,1386000,1251000,1400000,1240000,1230000]",479,10145000
29,98,8,"[312,378,418,516,484,482,454,470]","[922000,1083000,1190000,1465000,1433000,1403000,1319000,1345000]",516,10160000
29,99,8,"[437,339,453,480,500,490,518,496]","[1222000,967000,1266000,1379000,1478000,1424000,1481000,1399000]",518,10616000
29,100,8,"[390,363,442,480,454,478,417,423]","[1165000,1044000,1253000,1388000,1331000,1394000,1217000,1212000]",480,10004000
29,101,8,"[349,338,455,505,432,487,413,473]","[990000,951000,1279000,1455000,1228000,1417000,1229000,1354000]",505,9903000
29,102,8,"[359,378,476,471,487,458,449,401]","[1069000,1105000,1379000,1401000,1434000,1351000,1324000,1129000]",487,10192000
29,103,8,"[357,262,450,497,431,525,414,456]","[1028000,785000,1290000,1450000,1224000,1522000,1225000,1299000]",525,9823000
29,104,8,"[351,312,419,481,502,477,414,479]","[1020000,935000,1196000,1431000,1451000,1389000,1164000,1416000]",502,10002000
29,105,8,"[327,299,415,545,489,451,423,423]","[904000,892000,1180000,1517000,1416000,1338000,1227000,1194000]",545,9668000
29,106,8,"[337,326,449,482,495,484,418,415]","[983000,970000,1270000,1381000,1461000,1405000,1224000,1179000]",495,9873000
29,107,8,"[401,394,493,477,435,477,467,413]","[1128000,1151000,1412000,1389000,1228000,1392000,1354000,1219000]",493,10273000
29,108,8,"[371,342,460,479,494,481,422,441]","[1016000,957000,1312000,1379000,1459000,1399000,1268000,1251000]",494,10041000
29,109,8,"[336,262,485,480,477,422,446,511]","[979000,785000,1408000,1383000,1404000,1246000,1212000,1517000]",511,9934000
29,110,8,"[393,322,478,479,436,482,422,481]","[1092000,921000,1319000,1390000,1235000,1399000,1258000,1392000]",482,10006000
29,111,8,"[387,340,486,477,437,480,421,466]","[1077000,967000,1322000,1385000,1245000,1404000,1236000,1341000]",486,9977000
29,112,8,"[343,408,451,446,494,457,464,478]","[998000,1145000,1265000,1291000,1435000,1354000,1319000,1373000]",494,10180000
29,113,8,"[383,338,457,505,432,485,421,422]","[1082000,951000,1292000,1453000,1228000,1407000,1254000,1222000]",505,9889000
29,114,8,"[365,308,420,484,497,451,417,483]","[1058000,931000,1196000,1434000,1473000,1355000,1179000,1427000]",497,10053000
29,115,8,"[356,281,508,460,507,494,429,444]","[1018000,823000,1408000,1349000,1491000,1440000,1260000,1246000]",508,10035000
29,116,8,"[373,300,505,478,500,465,404,450]","[1083000,882000,1449000,1375000,1477000,1371000,1184000,1243000]",505,10064000
29,117,8,"[352,308,427,532,501,477,415,404]","[1022000,931000,1223000,1586000,1483000,1389000,1163000,1194000]",532,9991000
29,118,8,"[402,394,496,476,435,479,422,412]","[1133000,1151000,1421000,1387000,1228000,1399000,1261000,1220000]",496,10200000
29,119,8,"[335,262,509,474,480,480,443,418]","[982000,785000,1430000,1374000,1409000,1425000,1205000,1301000]",509,9911000
29,120,8,"[310,381,436,470,448,482,453,475]","[927000,1107000,1227000,1394000,1311000,1411000,1315000,1363000]",482,10055000
29,121,8,"[390,374,472,549,439,384,425,424]","[1160000,1087000,1334000,1614000,1242000,1124000,1242000,1211000]",549,10014000
30,1,8,"[418,398,481,467,480,480,453,400]","[1251000,1140000,1414000,1303000,1356000,1386000,1295000,1178000]",481,10323000
30,2,8,"[372,465,446,562,497,404,418,309]","[1060000,1311000,1296000,1522000,1435000,1192000,1197000,904000]",562,9917000
30,3,8,"[365,481,480,465,493,489,445,359]","[1029000,1426000,1395000,1307000,1381000,1383000,1316000,1026000]",493,10263000
30,4,8,"[364,480,490,482,494,488,440,369]","[1052000,1342000,1376000,1341000,1399000,1387000,1225000,1052000]",494,10174000
30,5,8,"[366,434,490,480,512,506,446,327]","[1045000,1223000,1373000,1365000,1436000,1471000,1242000,963000]",512,10118000
30,6,8,"[372,470,446,515,483,483,479,305]","[1043000,1318000,1299000,1430000,1379000,1392000,1336000,894000]",515,10091000
30,7,8,"[358,453,505,432,491,499,471,340]","[1055000,1259000,1428000,1221000,1408000,1438000,1350000,994000]",505,10153000
30,8,8,"[368,517,492,420,456,498,464,301]","[1062000,1523000,1428000,1156000,1279000,1416000,1291000,848000]",517,10003000
30,9,8,"[415,386,483,468,479,482,451,398]","[1247000,1102000,1418000,1305000,1357000,1390000,1280000,1168000]",483,10267000
30,10,8,"[358,458,453,477,509,475,409,388]","[1033000,1321000,1269000,1350000,1433000,1391000,1206000,1138000]",509,10141000
30,11,8,"[329,528,487,472,493,491,373,327]","[948000,1491000,1444000,1326000,1369000,1385000,1077000,939000]",528,9979000
30,12,8,"[362,474,494,478,510,490,409,374]","[1065000,1324000,1378000,1333000,1425000,1389000,1173000,1051000]",510,10138000
30,13,8,"[357,481,493,438,485,496,467,339]","[1033000,1336000,1434000,1229000,1382000,1418000,1339000,999000]",496,10170000
30,14,8,"[345,452,456,475,514,488,413,392]","[987000,1297000,1275000,1346000,1436000,1423000,1221000,1139000]",514,10124000
30,15,8,"[330,528,489,468,491,495,372,328]","[964000,1491000,1453000,1305000,1369000,1389000,1086000,941000]",528,9998000
30,16,8,"[372,463,448,562,500,406,426,311]","[1051000,1304000,1298000,1526000,1439000,1194000,1216000,911000]",562,9939000
30,17,8,"[362,476,517,456,477,487,449,321]","[1056000,1323000,1460000,1304000,1344000,1367000,1249000,901000]",517,10004000
30,18,8,"[359,506,492,464,499,462,441,337]","[1000000,1486000,1446000,1309000,1392000,1329000,1302000,954000]",506,10218000
30,19,8,"[345,453,458,478,512,486,412,392]","[987000,1305000,1334000,1358000,1441000,1422000,1216000,1142000]",512,10205000
30,20,8,"[442,483,494,418,494,461,452,325]","[1235000,1428000,1465000,1166000,1378000,1326000,1326000,935000]",494,10259000
30,21,8,"[362,502,487,569,504,402,429,319]","[1033000,1461000,1417000,1561000,1458000,1176000,1220000,929000]",569,10255000
30,22,8,"[357,475,481,474,506,504,427,392]","[1040000,1327000,1404000,1336000,1429000,1473000,1256000,1124000]",506,10389000
30,23,8,"[400,389,491,559,533,500,444,336]","[1125000,1107000,1488000,1545000,1512000,1434000,1305000,945000]",559,10461000
30,24,8,"[410,545,508,468,481,479,443,415]","[1218000,1588000,1470000,1302000,1358000,1384000,1262000,1213000]",545,10795000
30,25,8,"[396,485,484,476,494,572,445,392]","[1148000,1437000,1414000,1341000,1383000,1626000,1292000,1149000]",572,10790000
30,26,8,"[644,405,486,468,477,480,528,406]","[1898000,1170000,1427000,1293000,1347000,1386000,1456000,1199000]",644,11176000
30,27,8,"[405,459,450,449,473,479,420,383]","[1145000,1283000,1312000,1249000,1330000,1399000,1251000,1117000]",479,10086000
30,28,8,"[335,488,490,470,523,483,374,305]","[957000,1381000,1458000,1323000,1449000,1408000,1105000,865000]",523,9946000
30,29,8,"[382,422,453,474,533,482,426,372]","[1085000,1166000,1287000,1329000,1471000,1406000,1253000,1086000]",533,10083000
30,30,8,"[433,463,445,560,500,402,418,434]","[1228000,1299000,1285000,1503000,1441000,1188000,1193000,1320000]",560,10457000
30,31,8,"[416,386,484,472,470,483,500,326]","[1231000,1102000,1423000,1317000,1328000,1388000,1441000,930000]",500,10160000
30,32,8,"[424,517,515,488,486,498,474,328]","[1196000,1511000,1447000,1371000,1395000,1455000,1384000,924000]",517,10683000
30,33,8,"[349,508,477,528,519,483,443,380]","[1022000,1457000,1385000,1476000,1454000,1403000,1288000,1087000]",528,10572000
30,34,8,"[398,448,506,437,541,502,420,402]","[1137000,1253000,1444000,1227000,1533000,1460000,1243000,1161000]",541,10458000
30,35,8,"[366,456,512,418,446,504,464,340]","[1063000,1268000,1426000,1148000,1262000,1443000,1339000,1007000]",512,9956000
30,36,8,"[361,464,506,471,467,484,458,326]","[1054000,1273000,1498000,1330000,1320000,1352000,1203000,924000]",506,9954000
30,37,8,"[415,442,449,504,482,483,484,390]","[1240000,1235000,1324000,1404000,1373000,1392000,1393000,1140000]",504,10501000
30,38,8,"[370,477,564,443,480,481,446,396]","[1064000,1342000,1561000,1256000,1361000,1388000,1283000,1122000]",564,10377000
30,39,8,"[418,390,482,470,489,495,451,398]","[1243000,1122000,1416000,1308000,1398000,1425000,1282000,1187000]",495,10381000
30,40,8,"[452,460,453,486,566,486,412,422]","[1296000,1326000,1269000,1341000,1545000,1422000,1223000,1240000]",566,10662000
30,41,8,"[356,463,463,518,465,477,415,387]","[1008000,1337000,1304000,1459000,1314000,1341000,1227000,1133000]",518,10123000
30,42,8,"[357,467,454,544,498,401,470,310]","[1016000,1300000,1270000,1483000,1438000,1189000,1342000,908000]",544,9946000
30,43,8,"[353,433,496,499,491,494,465,343]","[1023000,1228000,1379000,1408000,1383000,1417000,1329000,999000]",499,10166000
30,44,8,"[556,392,497,463,604,500,516,447]","[1655000,1110000,1455000,1290000,1620000,1424000,1449000,1314000]",604,11317000
30,45,8,"[361,516,490,465,507,459,483,317]","[1034000,1502000,1447000,1311000,1414000,1335000,1415000,895000]",516,10353000
30,46,8,"[396,514,524,471,493,458,478,376]","[1112000,1514000,1517000,1323000,1382000,1333000,1365000,1088000]",524,10634000
30,47,8,"[372,480,475,626,506,405,419,313]","[1041000,1300000,1339000,1667000,1453000,1194000,1199000,928000]",626,10121000
30,48,8,"[329,528,487,450,493,491,373,327]","[948000,1491000,1444000,1263000,1369000,1385000,1077000,939000]",528,9916000
30,49,8,"[375,469,445,511,445,507,473,304]","[1053000,1304000,1296000,1416000,1253000,1469000,1328000,894000]",511,10013000
30,50,8,"[370,481,478,472,491,489,425,283]","[1048000,1426000,1391000,1323000,1375000,1389000,1226000,795000]",491,9973000
30,51,8,"[328,435,478,467,499,497,444,296]","[898000,1216000,1400000,1314000,1399000,1393000,1304000,820000]",499,9744000
30,52,8,"[346,481,470,484,499,553,443,380]","[987000,1363000,1361000,1354000,1382000,1589000,1289000,1101000]",553,10426000
30,53,8,"[364,485,531,467,487,488,425,335]","[1080000,1366000,1490000,1340000,1364000,1381000,1212000,942000]",531,10175000
30,54,8,"[335,526,487,435,497,504,376,334]","[967000,1487000,1441000,1230000,1382000,1414000,1078000,950000]",526,9949000
30,55,8,"[371,464,448,561,501,403,425,310]","[1051000,1294000,1296000,1523000,1446000,1187000,1214000,911000]",561,9922000
30,56,8,"[356,545,507,464,495,456,433,331]","[1009000,1594000,1468000,1306000,1382000,1320000,1289000,955000]",545,10323000
30,57,8,"[359,518,499,464,497,462,443,401]","[1007000,1522000,1436000,1312000,1385000,1329000,1306000,1175000]",518,10472000
30,58,8,"[375,469,493,558,498,406,420,314]","[1064000,1331000,1388000,1516000,1440000,1187000,1199000,910000]",558,10035000
30,59,8,"[427,417,515,518,473,483,478,388]","[1279000,1174000,1494000,1424000,1346000,1392000,1351000,1140000]",518,10600000
30,60,8,"[368,458,482,472,469,505,468,294]","[1035000,1288000,1438000,1314000,1304000,1436000,1294000,835000]",505,9944000
30,61,8,"[349,516,458,463,490,546,441,375]","[999000,1468000,1297000,1312000,1379000,1575000,1287000,1104000]",546,10421000
30,62,8,"[356,477,470,479,489,506,429,390]","[1041000,1339000,1372000,1355000,1373000,1468000,1247000,1127000]",506,10322000
30,63,8,"[361,509,497,446,512,462,440,332]","[1000000,1492000,1454000,1261000,1451000,1329000,1300000,954000]",512,10241000
30,64,8,"[556,488,525,563,506,402,466,322]","[1628000,1411000,1521000,1540000,1459000,1185000,1358000,917000]",563,11019000
30,65,8,"[370,459,449,564,551,405,415,306]","[1045000,1293000,1298000,1530000,1586000,1197000,1189000,903000]",564,10041000
30,66,8,"[432,561,476,519,487,484,421,455]","[1256000,1612000,1371000,1447000,1390000,1394000,1202000,1371000]",561,11043000
30,67,8,"[333,521,490,471,488,486,450,335]","[961000,1486000,1459000,1303000,1375000,1407000,1278000,991000]",521,10260000
30,68,8,"[334,467,503,476,493,497,441,368]","[957000,1313000,1423000,1327000,1383000,1393000,1293000,1064000]",503,10153000
30,69,8,"[483,420,510,500,482,404,532,429]","[1401000,1121000,1431000,1401000,1387000,1176000,1484000,1238000]",532,10639000
30,70,8,"[362,516,489,467,495,459,452,387]","[1033000,1474000,1452000,1317000,1373000,1331000,1330000,1137000]",516,10447000
30,71,8,"[381,510,509,454,520,456,461,281]","[1095000,1497000,1496000,1292000,1487000,1332000,1279000,783000]",520,10261000
30,72,8,"[452,392,485,470,474,494,451,418]","[1336000,1110000,1431000,1306000,1335000,1422000,1285000,1242000]",494,10467000
30,73,8,"[356,526,532,484,518,488,452,358]","[1015000,1544000,1526000,1358000,1486000,1386000,1345000,1027000]",532,10687000
30,74,8,"[345,450,471,481,515,489,413,390]","[987000,1293000,1304000,1353000,1454000,1423000,1221000,1151000]",515,10186000
30,75,8,"[419,387,484,467,480,479,473,404]","[1235000,1107000,1418000,1303000,1359000,1384000,1349000,1175000]",484,10330000
30,76,8,"[332,535,489,457,513,480,456,328]","[948000,1508000,1429000,1277000,1476000,1359000,1295000,917000]",535,10209000
30,77,8,"[357,436,446,561,499,405,418,347]","[1037000,1190000,1301000,1518000,1443000,1192000,1204000,959000]",561,9844000
30,78,8,"[372,458,502,466,473,477,436,308]","[1049000,1283000,1481000,1290000,1354000,1380000,1240000,903000]",502,9980000
30,79,8,"[355,485,461,478,512,475,413,376]","[1022000,1332000,1285000,1358000,1439000,1391000,1214000,1107000]",512,10148000
30,80,8,"[351,460,480,483,511,484,470,355]","[1004000,1325000,1397000,1362000,1463000,1409000,1315000,1031000]",511,10306000
30,81,8,"[337,530,485,438,491,464,475,334]","[946000,1491000,1444000,1229000,1375000,1331000,1323000,939000]",530,10078000
30,82,8,"[566,582,429,569,486,488,465,455]","[1748000,1703000,1215000,1531000,1378000,1377000,1354000,1372000]",582,11678000
30,83,8,"[463,391,486,475,483,480,502,329]","[1364000,1112000,1431000,1326000,1377000,1386000,1454000,949000]",502,10399000
30,84,8,"[416,475,450,519,497,494,416,377]","[1169000,1328000,1307000,1429000,1432000,1423000,1238000,1093000]",519,10419000
30,85,8,"[646,419,486,469,476,471,519,407]","[1904000,1162000,1427000,1307000,1337000,1329000,1455000,1199000]",646,11120000
30,86,8,"[379,394,490,555,518,532,360,338]","[1093000,1114000,1445000,1539000,1454000,1541000,1059000,925000]",555,10170000
30,87,8,"[351,454,462,445,453,483,452,382]","[1007000,1309000,1308000,1247000,1293000,1410000,1277000,1122000]",483,9973000
30,88,8,"[343,498,483,470,498,492,445,393]","[1016000,1411000,1414000,1321000,1401000,1401000,1303000,1116000]",498,10383000
30,89,8,"[382,487,459,488,523,487,431,398]","[1125000,1414000,1337000,1374000,1496000,1391000,1204000,1155000]",523,10496000
30,90,8,"[355,512,489,523,524,459,431,326]","[1001000,1500000,1449000,1427000,1440000,1332000,1271000,937000]",524,10357000
30,91,8,"[317,556,484,485,489,487,398,346]","[905000,1580000,1416000,1356000,1377000,1385000,1157000,985000]",556,10161000
30,92,8,"[416,519,493,409,491,474,481,329]","[1150000,1543000,1450000,1142000,1399000,1355000,1377000,937000]",519,10353000
30,93,8,"[458,473,562,550,503,402,426,377]","[1342000,1343000,1546000,1505000,1447000,1188000,1234000,1092000]",562,10697000
30,94,8,"[353,458,485,437,490,502,446,429]","[1033000,1271000,1377000,1231000,1394000,1457000,1304000,1245000]",502,10312000
30,95,8,"[572,518,431,557,508,400,425,350]","[1675000,1528000,1233000,1496000,1478000,1184000,1206000,1021000]",572,10821000
30,96,8,"[340,529,514,362,450,485,477,299]","[969000,1535000,1448000,1015000,1255000,1375000,1412000,859000]",529,9868000
30,97,8,"[367,455,499,443,491,493,461,342]","[1043000,1286000,1419000,1243000,1372000,1421000,1333000,1002000]",499,10119000
30,98,8,"[399,513,490,417,525,486,522,324]","[1120000,1501000,1447000,1173000,1484000,1398000,1488000,918000]",525,10529000
30,99,8,"[363,510,509,474,523,463,483,317]","[1035000,1494000,1504000,1340000,1443000,1343000,1408000,921000]",523,10488000
30,100,8,"[597,477,508,520,502,412,410,447]","[1702000,1336000,1448000,1428000,1454000,1213000,1184000,1245000]",597,11010000
30,101,8,"[359,476,495,475,449,496,467,341]","[1048000,1326000,1386000,1368000,1307000,1418000,1338000,1009000]",496,10200000
30,102,8,"[345,497,488,463,498,494,451,323]","[975000,1410000,1421000,1311000,1391000,1402000,1321000,918000]",498,10149000
30,103,8,"[503,491,487,463,493,489,498,436]","[1505000,1458000,1430000,1305000,1379000,1379000,1434000,1330000]",503,11220000
30,104,8,"[370,462,447,442,482,480,442,306]","[1043000,1302000,1306000,1244000,1357000,1395000,1251000,896000]",482,9794000
30,105,8,"[370,450,445,546,504,495,419,307]","[1045000,1281000,1296000,1519000,1390000,1398000,1228000,900000]",546,10057000
30,106,8,"[413,386,481,464,474,486,434,374]","[1236000,1102000,1415000,1307000,1328000,1383000,1242000,1089000]",486,10102000
30,107,8,"[505,468,487,471,471,485,560,326]","[1483000,1281000,1429000,1324000,1334000,1354000,1527000,943000]",560,10675000
30,108,8,"[511,390,499,466,476,481,532,318]","[1518000,1110000,1479000,1305000,1340000,1388000,1513000,909000]",532,10562000
30,109,8,"[415,449,510,494,543,479,414,397]","[1195000,1258000,1450000,1378000,1522000,1397000,1213000,1151000]",543,10564000
30,110,8,"[412,395,434,462,473,533,449,396]","[1238000,1125000,1253000,1287000,1342000,1555000,1276000,1164000]",533,10240000
30,111,8,"[369,460,448,482,497,405,419,308]","[1054000,1298000,1296000,1363000,1435000,1185000,1202000,902000]",497,9735000
30,112,8,"[377,503,482,471,494,489,456,366]","[1066000,1494000,1402000,1313000,1381000,1383000,1330000,1033000]",503,10402000
30,113,8,"[367,493,490,479,459,485,440,369]","[1067000,1376000,1376000,1339000,1311000,1384000,1225000,1052000]",493,10130000
30,114,8,"[357,436,491,449,510,508,482,327]","[1036000,1245000,1375000,1287000,1427000,1475000,1355000,947000]",510,10147000
30,115,8,"[372,472,442,515,483,484,480,318]","[1043000,1319000,1295000,1430000,1374000,1394000,1335000,924000]",515,10114000
30,116,8,"[360,452,507,440,493,484,473,340]","[1045000,1267000,1430000,1235000,1430000,1403000,1341000,991000]",507,10142000
30,117,8,"[365,514,482,422,472,441,466,301]","[1053000,1511000,1399000,1161000,1331000,1275000,1292000,848000]",514,9870000
30,118,8,"[469,386,483,471,428,482,450,397]","[1423000,1102000,1418000,1320000,1198000,1390000,1287000,1179000]",483,10317000
30,119,8,"[357,398,455,482,514,475,409,423]","[1030000,1140000,1271000,1363000,1441000,1391000,1206000,1232000]",514,10074000
30,120,8,"[329,529,487,466,496,494,373,331]","[950000,1491000,1444000,1303000,1384000,1381000,1078000,944000]",529,9975000
30,121,8,"[402,476,492,450,506,488,400,363]","[1172000,1328000,1376000,1250000,1412000,1387000,1157000,1042000]",506,10124000
30,122,8,"[357,480,487,438,480,496,470,339]","[1033000,1334000,1422000,1230000,1357000,1418000,1345000,988000]",496,10127000
30,123,8,"[345,461,450,475,474,488,416,389]","[987000,1305000,1263000,1346000,1354000,1417000,1239000,1139000]",488,10050000
30,124,8,"[333,528,485,468,490,498,371,330]","[970000,1491000,1444000,1305000,1367000,1400000,1066000,945000]",528,9988000
30,125,8,"[371,447,448,567,503,405,422,311]","[1041000,1263000,1301000,1540000,1447000,1192000,1214000,909000]",567,9907000
30,126,8,"[363,476,502,454,477,487,447,320]","[1048000,1324000,1439000,1288000,1337000,1361000,1249000,907000]",502,9953000
30,127,8,"[359,506,492,463,497,475,439,337]","[1000000,1486000,1446000,1301000,1379000,1364000,1292000,954000]",506,10222000
30,128,8,"[394,454,433,483,515,485,411,385]","[1134000,1310000,1245000,1358000,1450000,1417000,1227000,1121000]",515,10262000
30,129,8,"[441,484,489,419,497,462,396,371]","[1234000,1433000,1446000,1174000,1381000,1328000,1155000,1066000]",497,10217000
