iteration_id,solution_id,agv_count,running_times_seconds,energy_consumptions_joules,max_running_time_seconds,total_energy_consumption_joules,source_auxiliary_value
1,1,8,"[964,976,372,544,140,332,284,429]","[2831000,2826000,1037000,1525000,385000,951000,793000,1227000]",976,11575000,31
1,2,8,"[248,491,528,521,1114,415,302,553]","[694000,1441000,1452000,1494000,3104000,1156000,878000,1625000]",1114,11844000,21
1,3,8,"[497,349,589,655,491,375,286,723]","[1432000,1016000,1693000,1883000,1411000,1041000,833000,2142000]",723,11451000,29
1,4,8,"[856,243,223,270,958,516,554,628]","[2387000,723000,651000,798000,2708000,1403000,1546000,1787000]",958,12003000,31
1,5,8,"[439,322,268,483,809,868,650,342]","[1250000,902000,800000,1338000,2318000,2498000,1830000,957000]",868,11893000,15
1,6,8,"[183,393,995,965,375,308,359,292]","[513000,1185000,2923000,2890000,1076000,859000,965000,832000]",995,11243000,33
1,7,8,"[460,823,351,646,310,325,788,468]","[1285000,2316000,978000,1859000,912000,932000,2205000,1360000]",823,11847000,19
1,8,8,"[200,421,934,626,258,437,600,550]","[544000,1196000,2660000,1818000,717000,1267000,1751000,1595000]",934,11548000,31
1,9,8,"[975,472,241,588,232,299,712,665]","[2835000,1355000,677000,1615000,662000,871000,1981000,1880000]",975,11876000,17
1,10,8,"[292,1203,613,355,219,209,976,182]","[815000,3507000,1766000,1041000,660000,607000,2712000,490000]",1203,11598000,25
1,11,8,"[784,801,763,364,130,563,316,400]","[2222000,2284000,2244000,1005000,362000,1628000,895000,1074000]",801,11714000,21
1,12,8,"[323,217,924,314,905,629,399,162]","[897000,614000,2691000,869000,2641000,1888000,1170000,468000]",924,11238000,27
1,13,8,"[191,596,932,257,362,736,273,673]","[529000,1702000,2707000,736000,1023000,2105000,789000,1933000]",932,11524000,25
1,14,8,"[218,231,856,531,881,368,406,402]","[616000,645000,2471000,1548000,2642000,1028000,1208000,1114000]",881,11272000,43
1,15,8,"[616,187,567,440,705,593,687,149]","[1778000,539000,1596000,1243000,2133000,1647000,2046000,408000]",705,11390000,35
1,16,8,"[784,311,539,377,786,863,248,92]","[2270000,866000,1539000,1090000,2337000,2462000,718000,223000]",863,11505000,27
1,17,8,"[723,402,383,1308,740,254,274,216]","[2066000,1119000,1048000,3603000,2140000,715000,776000,634000]",1308,12101000,19
1,18,8,"[540,798,550,473,678,592,202,212]","[1542000,2301000,1537000,1347000,1998000,1691000,553000,610000]",798,11579000,27
1,19,8,"[489,124,690,514,335,282,860,821]","[1453000,362000,1965000,1466000,923000,815000,2467000,2296000]",860,11747000,39
1,20,8,"[638,412,658,435,390,510,667,334]","[1819000,1211000,1892000,1172000,1149000,1493000,1874000,994000]",667,11604000,25
1,21,8,"[798,644,764,633,285,266,411,450]","[2331000,1795000,2155000,1812000,799000,705000,1155000,1277000]",798,12029000,23
1,22,8,"[455,229,452,668,459,224,414,979]","[1330000,679000,1281000,1966000,1279000,673000,1137000,2927000]",979,11272000,31
1,23,8,"[192,363,665,623,381,513,631,560]","[540000,1035000,2000000,1750000,1103000,1452000,1811000,1655000]",665,11346000,29
1,24,8,"[471,300,491,552,481,754,632,351]","[1374000,832000,1410000,1573000,1346000,2192000,1789000,1032000]",754,11548000,25
1,25,8,"[1437,442,369,332,342,232,372,375]","[4311000,1277000,1068000,976000,975000,644000,1041000,1032000]",1437,11324000,25
1,26,8,"[479,245,661,313,585,1181,317,250]","[1353000,723000,1823000,864000,1680000,3484000,887000,728000]",1181,11542000,27
1,27,8,"[795,673,401,572,429,406,634,204]","[2172000,2003000,1110000,1735000,1167000,1223000,1760000,574000]",795,11744000,37
1,28,8,"[526,438,242,1030,269,314,247,948]","[1491000,1308000,703000,2969000,734000,906000,704000,2713000]",1030,11528000,23
1,29,8,"[351,580,756,536,216,509,516,686]","[1015000,1643000,2205000,1456000,588000,1469000,1464000,1996000]",756,11836000,27
1,30,8,"[311,327,1116,265,388,380,953,209]","[910000,927000,3196000,708000,1083000,1198000,2756000,604000]",1116,11382000,33
1,31,8,"[310,963,395,211,606,656,229,374]","[880000,2859000,1105000,603000,1824000,1892000,686000,1149000]",963,10998000,45
1,32,8,"[724,600,880,531,380,437,336,292]","[2035000,1710000,2538000,1452000,1092000,1270000,912000,887000]",880,11896000,29
1,33,8,"[1166,466,254,358,739,437,371,424]","[3264000,1325000,724000,1025000,2166000,1211000,1036000,1178000]",1166,11929000,23
1,34,8,"[594,422,740,744,615,477,344,197]","[1729000,1204000,2117000,2081000,1747000,1371000,964000,549000]",744,11762000,23
1,35,8,"[425,869,629,631,591,434,339,249]","[1198000,2482000,1824000,1760000,1680000,1210000,978000,720000]",869,11852000,33
1,36,8,"[284,308,772,427,343,879,217,815]","[789000,889000,2138000,1205000,1004000,2514000,611000,2437000]",879,11587000,21
1,37,8,"[994,302,424,853,219,406,518,256]","[2912000,829000,1169000,2492000,648000,1157000,1499000,737000]",994,11443000,23
1,38,8,"[830,332,307,436,819,429,173,746]","[2344000,1003000,854000,1234000,2334000,1221000,493000,2158000]",830,11641000,19
1,39,8,"[645,362,229,270,1203,611,377,283]","[1885000,1039000,677000,780000,3521000,1692000,1060000,812000]",1203,11466000,15
1,40,8,"[171,162,325,717,430,1186,593,268]","[483000,480000,921000,2092000,1199000,3504000,1693000,812000]",1186,11184000,19
2,1,8,"[336,498,742,496,758,508,494,237]","[940000,1392000,2117000,1502000,2189000,1517000,1362000,675000]",758,11694000,21
2,2,8,"[455,466,661,147,299,612,591,775]","[1262000,1347000,1883000,389000,880000,1776000,1735000,2293000]",775,11565000,31
2,3,8,"[445,1018,167,814,607,345,427,398]","[1301000,2822000,454000,2345000,1648000,972000,1256000,1168000]",1018,11966000,23
2,4,8,"[129,942,378,546,243,926,376,253]","[349000,2728000,1089000,1647000,727000,2701000,1127000,741000]",942,11109000,33
2,5,8,"[418,319,897,747,300,718,319,251]","[1206000,918000,2550000,2213000,878000,2038000,938000,703000]",897,11444000,35
2,6,8,"[308,746,466,231,371,1076,911,126]","[883000,2140000,1322000,723000,1090000,2980000,2541000,336000]",1076,12015000,23
2,7,8,"[819,747,231,672,535,445,448,331]","[2307000,2053000,642000,1915000,1527000,1292000,1282000,965000]",819,11983000,25
2,8,8,"[404,378,282,114,321,585,1345,384]","[1198000,1089000,828000,309000,952000,1687000,3920000,1173000]",1345,11156000,27
2,9,8,"[877,185,310,879,457,522,289,468]","[2559000,535000,911000,2595000,1315000,1439000,896000,1275000]",879,11525000,23
2,10,8,"[370,523,647,578,648,357,516,348]","[1143000,1490000,1887000,1717000,1766000,1053000,1441000,1008000]",648,11505000,33
2,11,8,"[479,912,341,198,351,473,324,898]","[1382000,2714000,1018000,537000,1023000,1402000,873000,2555000]",912,11504000,21
2,12,8,"[608,318,864,908,182,472,203,562]","[1696000,841000,2451000,2575000,548000,1374000,574000,1715000]",908,11774000,19
2,13,8,"[309,343,638,485,576,281,450,924]","[895000,989000,1809000,1347000,1671000,826000,1350000,2625000]",924,11512000,17
2,14,8,"[551,262,415,1091,916,493,149,245]","[1597000,755000,1223000,3171000,2568000,1366000,439000,681000]",1091,11800000,25
2,15,8,"[245,363,265,540,347,307,879,1084]","[667000,1017000,764000,1569000,966000,869000,2535000,3195000]",1084,11582000,35
2,16,8,"[160,262,291,386,314,977,1208,284]","[449000,712000,813000,1159000,898000,2844000,3628000,793000]",1208,11296000,27
2,17,8,"[1014,1165,287,287,212,423,371,185]","[3081000,3392000,820000,819000,577000,1167000,1052000,505000]",1165,11413000,35
2,18,8,"[338,582,747,621,758,458,274,431]","[950000,1619000,2097000,1721000,2197000,1363000,770000,1227000]",758,11944000,19
2,19,8,"[630,430,115,208,978,591,721,240]","[1868000,1305000,327000,578000,2917000,1665000,2087000,639000]",978,11386000,31
2,20,8,"[376,907,905,239,350,698,457,407]","[979000,2499000,2587000,661000,999000,2039000,1265000,1176000]",907,12205000,19
2,21,8,"[609,436,625,207,441,593,417,669]","[1776000,1250000,1760000,594000,1253000,1703000,1236000,1959000]",669,11531000,25
2,22,8,"[1051,140,319,394,864,150,228,805]","[3128000,391000,881000,1154000,2523000,414000,648000,2309000]",1051,11448000,17
2,23,8,"[490,644,255,336,819,378,603,480]","[1408000,1846000,702000,986000,2385000,1142000,1708000,1358000]",819,11535000,17
2,24,8,"[654,221,312,948,428,332,884,215]","[1845000,646000,897000,2835000,1283000,964000,2447000,592000]",948,11509000,35
2,25,8,"[779,193,831,521,648,536,301,333]","[2223000,577000,2328000,1475000,1866000,1552000,848000,951000]",831,11820000,23
2,26,8,"[680,533,246,738,931,576,254,258]","[1924000,1498000,693000,2073000,2681000,1668000,703000,722000]",931,11962000,19
2,27,8,"[232,1023,530,647,466,575,381,310]","[635000,2896000,1492000,1829000,1333000,1704000,1104000,854000]",1023,11847000,13
2,28,8,"[715,236,406,353,460,360,611,894]","[2076000,640000,1130000,1027000,1298000,1062000,1759000,2625000]",894,11617000,33
2,29,8,"[559,1702,333,329,330,279,178,350]","[1636000,4757000,1027000,1000000,913000,801000,524000,998000]",1702,11656000,51
2,30,8,"[373,437,650,471,191,366,598,1013]","[1067000,1277000,1857000,1345000,541000,1107000,1733000,2798000]",1013,11725000,11
2,31,8,"[418,698,328,591,243,602,593,629]","[1205000,2002000,983000,1638000,696000,1744000,1721000,1783000]",698,11772000,23
2,32,8,"[487,398,711,580,596,709,143,580]","[1406000,1111000,2094000,1568000,1668000,2090000,388000,1622000]",711,11947000,21
2,33,8,"[295,587,743,580,669,404,428,346]","[841000,1665000,2147000,1655000,1973000,1165000,1174000,1019000]",743,11639000,19
2,34,8,"[536,563,665,441,1038,284,367,126]","[1514000,1628000,1920000,1299000,2995000,805000,1051000,346000]",1038,11558000,31
2,35,8,"[303,727,852,709,389,531,148,483]","[846000,2147000,2426000,2030000,1084000,1530000,407000,1375000]",852,11845000,23
2,36,8,"[300,521,208,896,772,408,472,498]","[902000,1483000,572000,2604000,2164000,1138000,1382000,1427000]",896,11672000,25
2,37,8,"[1261,533,214,536,207,305,921,220]","[3587000,1474000,644000,1553000,561000,796000,2607000,683000]",1261,11905000,31
2,38,8,"[806,335,802,595,489,748,100,226]","[2353000,946000,2266000,1671000,1428000,2153000,281000,635000]",806,11733000,17
2,39,8,"[388,748,768,551,385,390,269,605]","[1100000,2195000,2123000,1618000,1107000,1149000,769000,1729000]",768,11790000,25
2,40,8,"[911,598,212,912,217,374,516,320]","[2691000,1700000,607000,2578000,574000,1119000,1455000,907000]",912,11631000,17
3,1,8,"[642,702,468,606,615,656,281,285]","[1850000,2061000,1350000,1761000,1791000,1834000,829000,846000]",702,12322000,15
3,2,8,"[609,707,199,747,532,720,605,333]","[1762000,1987000,569000,2190000,1564000,1976000,1714000,957000]",747,12719000,19
3,3,8,"[1505,371,168,597,525,194,267,656]","[4333000,1076000,501000,1736000,1544000,580000,736000,1876000]",1505,12382000,27
3,4,8,"[756,1464,535,223,176,198,684,366]","[2138000,4263000,1523000,659000,475000,598000,1915000,1053000]",1464,12624000,23
3,5,8,"[673,1289,374,451,800,134,329,339]","[1862000,3715000,1045000,1319000,2347000,389000,928000,975000]",1289,12580000,25
3,6,8,"[667,404,897,243,354,499,943,293]","[1910000,1193000,2558000,725000,1039000,1457000,2686000,838000]",943,12406000,19
3,7,8,"[248,467,911,216,457,529,1113,379]","[688000,1347000,2611000,597000,1329000,1541000,3278000,1060000]",1113,12451000,25
3,8,8,"[464,340,1226,536,717,316,446,283]","[1324000,995000,3547000,1520000,2079000,844000,1285000,864000]",1226,12458000,15
3,9,8,"[273,1109,936,720,150,315,368,692]","[738000,3136000,2639000,2058000,415000,880000,1040000,2026000]",1109,12932000,11
3,10,8,"[476,1148,300,286,225,684,473,681]","[1354000,3261000,875000,845000,678000,2004000,1404000,1953000]",1148,12374000,21
3,11,8,"[448,453,292,679,903,532,468,739]","[1302000,1229000,839000,1943000,2615000,1474000,1336000,2087000]",903,12825000,15
3,12,8,"[338,411,317,422,248,729,1018,673]","[1009000,1198000,902000,1231000,736000,2070000,2992000,1970000]",1018,12108000,31
3,13,8,"[470,383,1045,539,497,495,327,543]","[1382000,1168000,2954000,1589000,1488000,1374000,891000,1553000]",1045,12399000,39
3,14,8,"[767,286,392,1240,515,465,435,159]","[2104000,799000,1132000,3710000,1517000,1325000,1290000,468000]",1240,12345000,17
3,15,8,"[331,189,456,583,1238,531,425,366]","[1007000,564000,1308000,1661000,3604000,1557000,1250000,1089000]",1238,12040000,35
3,16,8,"[397,393,518,170,293,526,1103,814]","[1185000,1149000,1461000,496000,863000,1476000,3238000,2404000]",1103,12272000,23
3,17,8,"[1006,406,539,403,1010,266,400,259]","[2834000,1173000,1513000,1187000,2944000,733000,1211000,782000]",1010,12377000,17
3,18,8,"[507,496,682,1116,287,626,434,219]","[1458000,1385000,1931000,3192000,859000,1850000,1247000,621000]",1116,12543000,21
3,19,8,"[508,325,360,738,526,421,464,1016]","[1475000,923000,1070000,2110000,1495000,1154000,1343000,2952000]",1016,12522000,23
3,20,8,"[1045,367,682,204,675,140,411,817]","[3134000,1139000,1878000,546000,1934000,406000,1155000,2294000]",1045,12486000,15
3,21,8,"[141,420,304,1059,244,427,890,850]","[393000,1184000,842000,3087000,704000,1183000,2634000,2465000]",1059,12492000,19
3,22,8,"[706,744,732,160,823,699,317,296]","[2002000,2150000,2064000,443000,2365000,1950000,922000,853000]",823,12749000,15
3,23,8,"[665,476,131,623,209,1345,367,487]","[1871000,1371000,382000,1827000,595000,3937000,1056000,1376000]",1345,12415000,23
3,24,8,"[1461,412,269,258,604,85,186,955]","[4239000,1238000,789000,702000,1756000,233000,573000,2732000]",1461,12262000,25
3,25,8,"[251,401,994,842,314,314,921,184]","[709000,1188000,2852000,2554000,866000,903000,2706000,503000]",994,12281000,15
3,26,8,"[304,304,595,617,1078,734,608,288]","[851000,868000,1665000,1705000,3029000,2134000,1823000,797000]",1078,12872000,17
3,27,8,"[463,257,468,879,418,771,910,314]","[1277000,730000,1357000,2424000,1235000,2268000,2599000,894000]",910,12784000,15
3,28,8,"[727,286,490,1141,404,568,573,449]","[2033000,812000,1381000,3230000,1156000,1672000,1578000,1252000]",1141,13114000,17
3,29,8,"[1088,1032,479,245,155,660,176,466]","[3240000,2985000,1378000,685000,436000,1908000,534000,1251000]",1088,12417000,21
3,30,8,"[283,570,255,284,777,266,1541,296]","[807000,1690000,720000,775000,2187000,724000,4589000,847000]",1541,12339000,15
3,31,8,"[259,742,740,586,273,719,351,495]","[764000,2140000,2226000,1720000,787000,2107000,993000,1395000]",742,12132000,29
3,32,8,"[461,822,358,287,966,407,713,405]","[1363000,2347000,1040000,838000,2754000,1178000,2044000,1113000]",966,12677000,19
3,33,8,"[343,119,622,1674,419,266,182,883]","[954000,337000,1826000,4801000,1194000,711000,505000,2485000]",1674,12813000,25
3,34,8,"[1068,173,300,849,1088,429,255,592]","[3011000,475000,789000,2443000,3004000,1224000,681000,1688000]",1088,13315000,11
3,35,8,"[81,690,977,128,345,804,359,702]","[243000,1965000,2779000,382000,1035000,2412000,1060000,2116000]",977,11992000,23
3,36,8,"[590,168,420,659,381,1095,234,700]","[1657000,462000,1240000,1973000,1169000,3144000,669000,2008000]",1095,12322000,27
3,37,8,"[271,687,564,451,919,391,715,498]","[774000,1916000,1602000,1282000,2648000,1113000,2016000,1441000]",919,12792000,19
3,38,8,"[502,689,1129,298,221,267,565,557]","[1408000,2014000,3317000,847000,627000,777000,1656000,1614000]",1129,12260000,23
3,39,8,"[636,497,684,567,1047,464,271,417]","[1776000,1414000,1940000,1629000,2910000,1305000,782000,1260000]",1047,13016000,17
3,40,8,"[451,360,717,319,314,600,578,961]","[1344000,1041000,2088000,924000,865000,1746000,1658000,2756000]",961,12422000,17
4,1,8,"[259,208,1115,614,764,159,502,343]","[728000,626000,3254000,1730000,2198000,450000,1381000,965000]",1115,11332000,31
4,2,8,"[828,339,308,694,239,816,216,472]","[2470000,952000,847000,1948000,675000,2333000,609000,1345000]",828,11179000,25
4,3,8,"[542,321,431,858,336,824,575,226]","[1534000,924000,1143000,2386000,950000,2363000,1695000,629000]",858,11624000,29
4,4,8,"[982,353,403,1050,470,356,355,235]","[2706000,1036000,1067000,2957000,1360000,972000,1038000,681000]",1050,11817000,17
4,5,8,"[346,483,281,372,558,487,847,395]","[984000,1478000,808000,1053000,1534000,1465000,2504000,1104000]",847,10930000,37
4,6,8,"[257,335,409,1053,571,252,699,216]","[727000,1006000,1169000,3006000,1625000,744000,2082000,612000]",1053,10971000,31
4,7,8,"[190,688,509,280,167,1462,212,252]","[518000,2009000,1486000,813000,453000,4352000,536000,741000]",1462,10908000,33
4,8,8,"[682,1226,256,951,203,242,232,325]","[1877000,3439000,739000,2651000,579000,669000,677000,966000]",1226,11597000,25
4,9,8,"[493,295,409,601,333,414,726,518]","[1373000,876000,1160000,1745000,946000,1212000,2156000,1516000]",726,10984000,41
4,10,8,"[542,566,393,651,223,388,636,590]","[1468000,1635000,1071000,1861000,636000,1125000,1800000,1786000]",651,11382000,25
4,11,8,"[495,576,890,963,242,326,200,222]","[1398000,1722000,2554000,2743000,700000,959000,538000,595000]",963,11209000,29
4,12,8,"[681,260,806,345,1154,497,114,185]","[1891000,764000,2305000,958000,3325000,1390000,297000,526000]",1154,11456000,13
4,13,8,"[641,133,562,761,367,312,712,206]","[1948000,367000,1650000,2185000,1070000,897000,2134000,559000]",761,10810000,31
4,14,8,"[332,257,374,477,272,764,1131,392]","[940000,697000,1064000,1404000,733000,2067000,3353000,1111000]",1131,11369000,27
4,15,8,"[936,353,416,871,494,603,239,224]","[2614000,1039000,1186000,2465000,1421000,1633000,668000,610000]",936,11636000,37
4,16,8,"[449,326,299,599,522,1066,316,511]","[1207000,925000,805000,1732000,1533000,3005000,959000,1433000]",1066,11599000,39
4,17,8,"[666,511,649,580,555,480,206,323]","[1956000,1475000,1815000,1588000,1554000,1430000,589000,936000]",666,11343000,21
4,18,8,"[209,216,501,320,380,491,1249,328]","[589000,642000,1449000,910000,1101000,1456000,3710000,925000]",1249,10782000,37
4,19,8,"[175,405,288,811,42,1211,269,655]","[508000,1167000,807000,2387000,102000,3577000,718000,1826000]",1211,11092000,33
4,20,8,"[622,226,656,497,596,374,495,534]","[1801000,662000,1867000,1403000,1695000,1045000,1407000,1503000]",656,11383000,23
4,21,8,"[517,561,591,191,139,860,582,687]","[1442000,1554000,1707000,499000,389000,2489000,1608000,1941000]",860,11629000,21
4,22,8,"[442,307,818,313,367,222,1070,356]","[1268000,905000,2298000,881000,1031000,663000,3093000,1078000]",1070,11217000,29
4,23,8,"[220,538,397,313,1020,400,285,652]","[632000,1547000,1097000,893000,3025000,1157000,799000,1901000]",1020,11051000,31
4,24,8,"[455,673,202,771,160,1235,246,283]","[1276000,1953000,556000,2230000,455000,3463000,696000,800000]",1235,11429000,35
4,25,8,"[482,475,207,203,419,1356,205,296]","[1449000,1283000,600000,574000,1222000,4037000,620000,890000]",1356,10675000,43
4,26,8,"[881,271,850,342,521,128,596,173]","[2630000,755000,2460000,977000,1528000,342000,1732000,490000]",881,10914000,27
4,27,8,"[990,649,792,527,182,166,289,394]","[2898000,1846000,2346000,1447000,502000,434000,797000,1097000]",990,11367000,19
4,28,8,"[531,462,215,342,558,361,853,832]","[1509000,1281000,580000,990000,1599000,1002000,2362000,2405000]",853,11728000,11
4,29,8,"[286,702,200,812,450,315,492,709]","[790000,2037000,576000,2335000,1270000,893000,1402000,2027000]",812,11330000,23
4,30,8,"[491,421,498,754,272,340,339,714]","[1339000,1210000,1455000,2179000,802000,1011000,1014000,2037000]",754,11047000,35
4,31,8,"[622,660,374,228,313,920,455,439]","[1752000,1920000,1030000,684000,883000,2627000,1299000,1196000]",920,11391000,39
4,32,8,"[796,168,329,653,532,430,409,691]","[2285000,462000,956000,1827000,1568000,1262000,1152000,1922000]",796,11434000,19
4,33,8,"[611,606,219,277,240,681,300,863]","[1781000,1740000,669000,807000,633000,1899000,918000,2533000]",863,10980000,35
4,34,8,"[280,270,506,749,250,1164,492,319]","[728000,795000,1397000,2131000,725000,3399000,1379000,899000]",1164,11453000,23
4,35,8,"[338,321,272,633,397,771,493,772]","[950000,867000,769000,1856000,1163000,2186000,1407000,2237000]",772,11435000,23
4,36,8,"[710,248,489,197,460,680,753,283]","[2041000,687000,1440000,574000,1282000,1978000,2228000,806000]",753,11036000,21
4,37,8,"[273,432,294,1502,523,211,392,295]","[809000,1269000,864000,4257000,1481000,582000,1134000,844000]",1502,11240000,29
4,38,8,"[487,349,647,574,592,724,394,159]","[1401000,989000,1911000,1624000,1613000,2049000,1193000,459000]",724,11239000,33
4,39,8,"[536,1018,158,642,538,138,207,787]","[1514000,2902000,442000,1827000,1532000,375000,594000,2239000]",1018,11425000,17
4,40,8,"[285,209,618,209,885,990,255,445]","[785000,620000,1751000,590000,2556000,2928000,719000,1204000]",990,11153000,23
5,1,8,"[806,140,337,504,268,1358,522,414]","[2311000,380000,1011000,1410000,785000,3930000,1506000,1194000]",1358,12527000,25
5,2,8,"[407,664,205,649,461,908,163,873]","[1189000,1879000,572000,1889000,1265000,2727000,458000,2525000]",908,12504000,21
5,3,8,"[289,830,397,966,997,238,412,175]","[806000,2461000,1139000,2879000,2837000,700000,1183000,481000]",997,12486000,29
5,4,8,"[885,1133,185,382,497,664,221,569]","[2495000,3292000,497000,1074000,1375000,1915000,652000,1600000]",1133,12900000,21
5,5,8,"[623,669,729,213,949,474,391,534]","[1701000,1874000,2064000,593000,2858000,1346000,1088000,1492000]",949,13016000,17
5,6,8,"[286,485,829,174,546,452,1163,237]","[824000,1404000,2432000,498000,1595000,1291000,3450000,651000]",1163,12145000,13
5,7,8,"[464,909,981,285,497,463,523,194]","[1349000,2637000,2917000,844000,1381000,1348000,1414000,598000]",981,12488000,19
5,8,8,"[239,284,242,959,872,302,831,527]","[715000,825000,724000,2725000,2689000,842000,2331000,1494000]",959,12345000,27
5,9,8,"[475,503,1178,364,270,453,498,722]","[1322000,1402000,3476000,1049000,769000,1362000,1425000,2003000]",1178,12808000,17
5,10,8,"[611,311,940,740,333,499,495,472]","[1724000,936000,2773000,2081000,933000,1408000,1410000,1400000]",940,12665000,39
5,11,8,"[356,1451,954,214,286,294,242,336]","[1012000,4426000,2648000,627000,828000,866000,721000,951000]",1451,12079000,23
5,12,8,"[362,563,1009,339,196,908,321,610]","[1063000,1583000,2977000,900000,584000,2652000,927000,1733000]",1009,12419000,25
5,13,8,"[843,297,407,531,446,746,350,635]","[2509000,808000,1136000,1530000,1359000,2191000,963000,1825000]",843,12321000,25
5,14,8,"[467,546,343,155,404,421,1282,642]","[1298000,1554000,1020000,433000,1159000,1181000,3883000,1829000]",1282,12357000,21
5,15,8,"[267,260,274,258,2310,368,341,253]","[773000,774000,783000,690000,6631000,1117000,956000,770000]",2310,12494000,21
5,16,8,"[813,435,229,476,360,530,722,848]","[2331000,1266000,629000,1351000,1011000,1482000,2138000,2476000]",848,12684000,17
5,17,8,"[158,393,354,970,844,499,168,1001]","[448000,1110000,1002000,2834000,2385000,1453000,467000,2890000]",1001,12589000,15
5,18,8,"[910,227,859,672,297,289,400,888]","[2455000,645000,2510000,1965000,836000,806000,1133000,2551000]",910,12901000,15
5,19,8,"[403,392,138,900,183,484,867,1004]","[1173000,1152000,384000,2547000,529000,1367000,2478000,2968000]",1004,12598000,27
5,20,8,"[447,294,1355,458,234,230,241,1174]","[1365000,827000,3852000,1244000,669000,658000,671000,3409000]",1355,12695000,37
5,21,8,"[161,665,628,272,563,969,544,667]","[421000,1885000,1766000,774000,1633000,2907000,1548000,1840000]",969,12774000,27
5,22,8,"[532,801,260,820,420,563,626,335]","[1439000,2374000,760000,2385000,1264000,1628000,1750000,943000]",820,12543000,15
5,23,8,"[367,1206,249,1201,338,604,377,147]","[1076000,3486000,698000,3430000,943000,1733000,1087000,399000]",1206,12852000,29
5,24,8,"[520,459,1123,309,557,417,410,560]","[1523000,1285000,3258000,831000,1588000,1260000,1162000,1614000]",1123,12521000,15
5,25,8,"[328,316,827,810,544,518,411,715]","[944000,963000,2335000,2244000,1543000,1449000,1197000,2077000]",827,12752000,25
5,26,8,"[445,440,665,613,373,687,338,617]","[1247000,1306000,1992000,1777000,1057000,2038000,1009000,1787000]",687,12213000,23
5,27,8,"[1112,522,487,757,256,273,329,655]","[3124000,1470000,1412000,2229000,722000,798000,978000,1882000]",1112,12615000,17
5,28,8,"[858,235,892,298,213,1091,383,507]","[2466000,698000,2408000,896000,609000,3211000,1063000,1442000]",1091,12793000,21
5,29,8,"[743,660,678,420,317,561,607,478]","[2099000,1855000,1874000,1203000,959000,1590000,1772000,1415000]",743,12767000,17
5,30,8,"[344,287,600,572,283,1451,221,395]","[988000,794000,1748000,1660000,848000,4327000,595000,1145000]",1451,12105000,27
5,31,8,"[852,642,838,399,602,645,168,370]","[2394000,1778000,2469000,1117000,1733000,1866000,461000,1068000]",852,12886000,19
5,32,8,"[217,413,202,305,619,303,1565,459]","[584000,1183000,557000,886000,1824000,864000,4715000,1377000]",1565,11990000,29
5,33,8,"[619,273,482,478,505,1023,474,624]","[1729000,811000,1316000,1375000,1412000,3024000,1341000,1773000]",1023,12781000,13
5,34,8,"[540,485,564,899,532,832,366,306]","[1542000,1422000,1559000,2662000,1468000,2328000,1025000,869000]",899,12875000,11
5,35,8,"[743,489,911,438,399,231,735,297]","[2145000,1370000,2703000,1305000,1191000,661000,2072000,877000]",911,12324000,33
5,36,8,"[644,328,612,511,695,256,699,682]","[1892000,893000,1727000,1451000,2016000,737000,1965000,2004000]",699,12685000,17
5,37,8,"[217,285,974,484,949,266,421,766]","[640000,806000,2801000,1393000,2759000,738000,1178000,2222000]",974,12537000,31
5,38,8,"[575,199,456,1135,390,510,197,997]","[1652000,551000,1297000,3191000,1116000,1476000,549000,2907000]",1135,12739000,13
5,39,8,"[190,421,841,412,1236,870,277,258]","[545000,1234000,2407000,1163000,3506000,2421000,778000,751000]",1236,12805000,23
5,40,8,"[744,364,581,274,766,598,338,763]","[2142000,1013000,1673000,773000,2231000,1740000,947000,2166000]",766,12685000,23
6,1,8,"[250,899,160,404,1141,450,457,261]","[752000,2424000,467000,1186000,3452000,1308000,1314000,767000]",1141,11670000,51
6,2,8,"[713,299,646,655,604,311,749,213]","[2087000,867000,1823000,1868000,1718000,904000,2115000,636000]",749,12018000,17
6,3,8,"[319,944,257,196,936,616,586,444]","[944000,2623000,694000,565000,2736000,1787000,1670000,1235000]",944,12254000,11
6,4,8,"[373,386,607,1059,465,434,272,710]","[1055000,1078000,1736000,3009000,1344000,1304000,766000,1990000]",1059,12282000,13
6,5,8,"[785,947,644,802,188,343,395,316]","[2222000,2623000,1744000,2332000,523000,964000,1185000,868000]",947,12461000,13
6,6,8,"[613,551,662,322,475,1232,503,87]","[1726000,1557000,1890000,859000,1361000,3487000,1404000,258000]",1232,12542000,19
6,7,8,"[447,733,729,552,512,576,351,306]","[1244000,2061000,2215000,1550000,1474000,1626000,966000,897000]",733,12033000,21
6,8,8,"[560,193,445,432,857,525,151,982]","[1633000,551000,1223000,1214000,2509000,1510000,419000,2874000]",982,11933000,19
6,9,8,"[280,282,564,399,585,759,832,506]","[854000,794000,1597000,1173000,1648000,2175000,2360000,1447000]",832,12048000,17
6,10,8,"[615,972,265,750,299,618,316,207]","[1782000,2915000,770000,2108000,877000,1748000,906000,609000]",972,11715000,21
6,11,8,"[474,775,318,797,187,613,474,312]","[1410000,2354000,903000,2366000,569000,1700000,1332000,912000]",797,11546000,21
6,12,8,"[1372,377,543,458,595,223,309,247]","[3914000,1093000,1641000,1337000,1694000,638000,883000,686000]",1372,11886000,25
6,13,8,"[255,263,972,334,965,546,427,313]","[700000,769000,2845000,966000,2849000,1529000,1197000,921000]",972,11776000,19
6,14,8,"[1182,394,337,581,473,154,547,283]","[3505000,1110000,974000,1671000,1417000,455000,1561000,852000]",1182,11545000,27
6,15,8,"[473,635,244,330,367,1135,431,849]","[1393000,1804000,674000,913000,1037000,3188000,1240000,2328000]",1135,12577000,21
6,16,8,"[312,344,1539,246,117,184,592,509]","[921000,1005000,4597000,683000,327000,521000,1790000,1472000]",1539,11316000,13
6,17,8,"[690,210,610,751,273,303,336,781]","[2014000,594000,1781000,2173000,804000,858000,1014000,2289000]",781,11527000,25
6,18,8,"[675,480,896,338,240,213,610,835]","[2002000,1330000,2557000,995000,681000,600000,1729000,2328000]",896,12222000,17
6,19,8,"[628,598,225,844,474,228,885,403]","[1760000,1733000,630000,2480000,1379000,648000,2423000,1134000]",885,12187000,19
6,20,8,"[318,670,815,476,400,613,120,765]","[901000,1879000,2323000,1443000,1154000,1775000,312000,2214000]",815,12001000,17
6,21,8,"[272,330,611,366,1263,413,350,467]","[775000,915000,1763000,1081000,3719000,1120000,1025000,1360000]",1263,11758000,27
6,22,8,"[755,527,281,482,722,409,333,618]","[2170000,1578000,787000,1351000,2077000,1223000,950000,1776000]",755,11912000,15
6,23,8,"[818,558,612,824,431,396,396,244]","[2329000,1533000,1802000,2311000,1261000,1203000,1101000,677000]",824,12217000,23
6,24,8,"[406,1231,353,1151,249,239,234,172]","[1176000,3663000,1014000,3270000,687000,703000,708000,488000]",1231,11709000,27
6,25,8,"[169,828,1720,523,201,330,209,190]","[497000,2466000,4863000,1483000,582000,987000,593000,518000]",1720,11989000,39
6,26,8,"[326,723,711,1046,169,682,149,521]","[886000,2048000,2069000,2950000,485000,1942000,376000,1516000]",1046,12272000,27
6,27,8,"[262,283,211,277,300,664,311,1609]","[780000,797000,628000,743000,846000,1950000,886000,4844000]",1609,11474000,21
6,28,8,"[156,716,905,554,672,345,188,548]","[456000,2022000,2673000,1593000,1986000,967000,490000,1620000]",905,11807000,15
6,29,8,"[405,772,658,777,520,290,280,492]","[1146000,2249000,1842000,2181000,1523000,823000,825000,1443000]",777,12032000,19
6,30,8,"[484,438,1303,332,225,252,337,542]","[1433000,1289000,3903000,957000,654000,732000,962000,1505000]",1303,11435000,27
6,31,8,"[459,239,716,655,864,199,627,302]","[1388000,703000,2062000,1859000,2530000,575000,1840000,823000]",864,11780000,19
6,32,8,"[747,173,391,760,657,460,249,596]","[2166000,508000,1111000,2185000,1932000,1400000,723000,1681000]",760,11706000,15
6,33,8,"[1125,1064,278,345,361,216,833,175]","[3135000,3172000,740000,915000,1019000,576000,2398000,489000]",1125,12444000,15
6,34,8,"[263,857,242,226,380,456,822,974]","[720000,2503000,697000,636000,1084000,1236000,2365000,2826000]",974,12067000,33
6,35,8,"[513,586,509,314,575,431,1016,296]","[1491000,1609000,1498000,846000,1692000,1198000,2977000,826000]",1016,12137000,21
6,36,8,"[193,259,278,711,691,1382,234,201]","[524000,757000,784000,2073000,2010000,4183000,640000,561000]",1382,11532000,25
6,37,8,"[679,283,262,479,635,891,554,293]","[1957000,842000,758000,1359000,1766000,2700000,1571000,847000]",891,11800000,17
6,38,8,"[383,228,225,958,260,582,1055,615]","[1093000,651000,630000,2749000,703000,1676000,3026000,1704000]",1055,12232000,13
6,39,8,"[236,260,797,326,1069,400,1102,140]","[646000,727000,2362000,937000,2986000,1101000,3146000,376000]",1102,12281000,27
6,40,8,"[262,1145,686,669,378,248,232,558]","[728000,3340000,1951000,1956000,1119000,709000,650000,1575000]",1145,12028000,23
7,1,8,"[971,714,196,258,325,274,980,527]","[2767000,2027000,542000,705000,881000,781000,2789000,1452000]",980,11944000,23
7,2,8,"[214,1176,191,968,208,276,584,291]","[611000,3468000,577000,2725000,608000,780000,1668000,814000]",1176,11251000,25
7,3,8,"[544,626,1217,283,419,404,303,315]","[1541000,1780000,3519000,788000,1197000,1116000,835000,906000]",1217,11682000,25
7,4,8,"[407,399,562,553,1040,368,481,369]","[1118000,1134000,1627000,1614000,2885000,1023000,1327000,1071000]",1040,11799000,29
7,5,8,"[421,371,532,334,338,930,495,461]","[1175000,1035000,1547000,933000,961000,2727000,1432000,1384000]",930,11194000,21
7,6,8,"[502,636,588,139,278,335,883,693]","[1419000,1770000,1637000,395000,787000,922000,2573000,2056000]",883,11559000,19
7,7,8,"[621,189,365,412,245,691,736,624]","[1783000,507000,1057000,1219000,698000,1980000,2198000,1776000]",736,11218000,45
7,8,8,"[1165,192,268,330,540,512,349,718]","[3323000,543000,736000,923000,1498000,1558000,961000,2054000]",1165,11596000,41
7,9,8,"[767,423,450,1117,255,374,171,283]","[2263000,1197000,1297000,3323000,738000,1071000,495000,752000]",1117,11136000,23
7,10,8,"[419,174,412,725,1236,366,213,312]","[1198000,527000,1183000,2115000,3641000,1022000,589000,885000]",1236,11160000,23
7,11,8,"[185,970,180,293,562,297,924,578]","[517000,2791000,516000,841000,1517000,897000,2697000,1667000]",970,11443000,35
7,12,8,"[651,648,262,580,622,188,593,466]","[1842000,1825000,707000,1652000,1826000,530000,1752000,1364000]",651,11498000,37
7,13,8,"[1235,292,145,451,316,419,869,271]","[3637000,836000,401000,1260000,868000,1168000,2515000,755000]",1235,11440000,17
7,14,8,"[329,269,1134,331,478,442,428,499]","[984000,766000,3326000,923000,1399000,1273000,1222000,1392000]",1134,11285000,19
7,15,8,"[453,212,530,849,862,349,567,379]","[1302000,566000,1441000,2360000,2475000,1003000,1605000,1124000]",862,11876000,33
7,16,8,"[916,874,244,472,266,269,272,641]","[2721000,2525000,686000,1334000,754000,787000,778000,1779000]",916,11364000,25
7,17,8,"[240,814,339,510,681,583,228,593]","[682000,2402000,957000,1488000,1956000,1597000,644000,1696000]",814,11422000,19
7,18,8,"[372,548,551,632,649,314,193,552]","[1074000,1656000,1618000,1844000,1919000,880000,548000,1559000]",649,11098000,31
7,19,8,"[785,389,427,703,360,821,146,386]","[2193000,1096000,1222000,2019000,1033000,2416000,405000,1114000]",821,11498000,23
7,20,8,"[324,258,1347,579,271,462,207,406]","[912000,725000,3987000,1722000,791000,1329000,561000,1129000]",1347,11156000,35
7,21,8,"[223,821,555,259,617,333,731,355]","[651000,2411000,1605000,753000,1822000,911000,2072000,1031000]",821,11256000,39
7,22,8,"[389,356,416,256,1305,1063,352,147]","[1025000,982000,1171000,710000,3726000,3002000,1009000,402000]",1305,12027000,21
7,23,8,"[268,229,424,866,673,314,301,933]","[743000,653000,1174000,2603000,1924000,880000,833000,2679000]",933,11489000,25
7,24,8,"[1084,262,689,186,260,1141,186,185]","[3149000,806000,1902000,531000,732000,3262000,549000,523000]",1141,11454000,17
7,25,8,"[614,233,328,425,608,399,696,714]","[1721000,636000,938000,1196000,1739000,1173000,2043000,2024000]",714,11470000,23
7,26,8,"[590,660,600,795,446,160,360,480]","[1675000,1865000,1714000,2314000,1212000,434000,1030000,1368000]",795,11612000,17
7,27,8,"[1241,306,200,851,269,631,332,209]","[3598000,876000,555000,2419000,717000,1823000,919000,628000]",1241,11535000,27
7,28,8,"[235,528,338,731,463,696,213,722]","[662000,1532000,978000,2136000,1352000,1926000,577000,2120000]",731,11283000,25
7,29,8,"[214,195,1238,508,118,1040,318,367]","[560000,543000,3652000,1502000,344000,2882000,904000,1067000]",1238,11454000,33
7,30,8,"[1870,572,253,365,231,185,334,206]","[5327000,1602000,707000,1012000,688000,575000,959000,642000]",1870,11512000,37
7,31,8,"[340,568,266,272,246,852,553,931]","[902000,1688000,763000,781000,691000,2475000,1591000,2638000]",931,11529000,31
7,32,8,"[375,702,821,736,238,280,510,345]","[1047000,2068000,2334000,2096000,626000,809000,1488000,1001000]",821,11469000,47
7,33,8,"[154,400,316,267,776,194,824,954]","[403000,1148000,908000,760000,2252000,520000,2451000,2769000]",954,11211000,37
7,34,8,"[1321,174,456,270,787,272,297,517]","[3794000,495000,1272000,753000,2251000,776000,841000,1463000]",1321,11645000,21
7,35,8,"[332,197,805,668,522,589,696,254]","[946000,581000,2302000,1822000,1492000,1729000,2005000,693000]",805,11570000,27
7,36,8,"[838,384,380,391,845,441,466,193]","[2430000,1082000,1123000,1085000,2530000,1254000,1275000,538000]",845,11317000,17
7,37,8,"[604,353,236,493,345,1306,304,202]","[1765000,1021000,677000,1394000,996000,3887000,856000,559000]",1306,11155000,27
7,38,8,"[298,838,442,842,452,306,608,382]","[899000,2309000,1270000,2345000,1332000,836000,1699000,1112000]",842,11802000,23
7,39,8,"[79,580,233,311,1193,604,169,779]","[211000,1623000,664000,864000,3523000,1706000,488000,2274000]",1193,11353000,27
7,40,8,"[374,452,1125,210,362,564,369,491]","[1032000,1311000,3351000,642000,1027000,1610000,1023000,1361000]",1125,11357000,25
8,1,8,"[634,504,446,290,570,567,623,444]","[1775000,1452000,1265000,820000,1594000,1564000,1759000,1329000]",634,11558000,15
8,2,8,"[294,867,869,177,371,860,136,362]","[842000,2460000,2422000,477000,1036000,2505000,407000,1117000]",869,11266000,21
8,3,8,"[766,353,586,222,472,359,530,866]","[2177000,1018000,1614000,631000,1319000,1002000,1545000,2398000]",866,11704000,17
8,4,8,"[477,502,677,297,502,907,270,324]","[1390000,1433000,1975000,855000,1350000,2615000,780000,896000]",907,11294000,29
8,5,8,"[579,1256,345,388,302,129,630,345]","[1562000,3691000,951000,1085000,829000,360000,1827000,1018000]",1256,11323000,33
8,6,8,"[271,278,514,522,384,1336,488,256]","[755000,805000,1413000,1455000,1068000,3896000,1405000,703000]",1336,11500000,29
8,7,8,"[771,346,196,465,446,746,661,296]","[2218000,940000,549000,1367000,1286000,2216000,1885000,809000]",771,11270000,39
8,8,8,"[312,332,275,264,377,1036,876,441]","[864000,892000,732000,819000,1144000,3074000,2429000,1275000]",1036,11229000,19
8,9,8,"[209,993,321,180,339,360,561,833]","[613000,2853000,878000,518000,941000,1068000,1625000,2487000]",993,10983000,31
8,10,8,"[214,219,329,704,424,524,364,1098]","[584000,604000,946000,1981000,1265000,1486000,1065000,3231000]",1098,11162000,19
8,11,8,"[687,404,214,320,909,605,595,222]","[1931000,1217000,617000,925000,2637000,1723000,1667000,597000]",909,11314000,23
8,12,8,"[895,604,183,132,920,584,202,300]","[2678000,1709000,510000,381000,2736000,1666000,566000,776000]",920,11022000,25
8,13,8,"[651,586,320,380,581,542,486,440]","[1855000,1738000,876000,1150000,1609000,1522000,1375000,1226000]",651,11351000,47
8,14,8,"[252,808,335,298,691,240,503,815]","[717000,2345000,976000,832000,2021000,713000,1429000,2260000]",815,11293000,21
8,15,8,"[742,616,204,372,389,301,749,413]","[2139000,1836000,546000,1047000,1139000,896000,2184000,1188000]",749,10975000,41
8,16,8,"[527,243,627,305,631,668,408,530]","[1538000,662000,1826000,883000,1883000,1819000,1160000,1471000]",668,11242000,23
8,17,8,"[754,351,280,677,291,689,632,382]","[2182000,1011000,795000,1964000,794000,1867000,1792000,1073000]",754,11478000,21
8,18,8,"[717,588,395,522,557,210,306,716]","[2030000,1668000,1135000,1545000,1630000,575000,879000,1969000]",717,11431000,23
8,19,8,"[832,749,217,156,306,673,623,420]","[2384000,2197000,584000,414000,897000,1931000,1781000,1175000]",832,11363000,31
8,20,8,"[244,215,875,158,709,1005,448,353]","[692000,631000,2571000,410000,2000000,2880000,1248000,959000]",1005,11391000,21
8,21,8,"[501,1123,432,690,250,148,357,332]","[1439000,3335000,1248000,1986000,671000,431000,1002000,948000]",1123,11060000,25
8,22,8,"[1056,149,668,500,530,424,206,307]","[3180000,415000,1869000,1376000,1536000,1205000,574000,911000]",1056,11066000,19
8,23,8,"[367,595,711,662,679,508,374,211]","[1109000,1697000,1974000,1867000,1909000,1439000,1001000,599000]",711,11595000,27
8,24,8,"[797,1219,209,635,174,223,597,202]","[2357000,3450000,562000,1756000,492000,644000,1632000,611000]",1219,11504000,23
8,25,8,"[442,288,651,634,136,338,526,974]","[1266000,843000,1893000,1751000,398000,915000,1493000,2828000]",974,11387000,19
8,26,8,"[288,287,182,872,335,1014,642,438]","[837000,781000,504000,2450000,937000,2831000,1889000,1268000]",1014,11497000,27
8,27,8,"[1247,415,390,522,447,307,252,280]","[3661000,1211000,1084000,1458000,1226000,863000,783000,809000]",1247,11095000,19
8,28,8,"[949,309,580,699,589,155,186,374]","[2792000,836000,1631000,2055000,1673000,430000,568000,1094000]",949,11079000,23
8,29,8,"[198,321,504,909,263,154,429,1172]","[546000,963000,1503000,2599000,726000,419000,1229000,3307000]",1172,11292000,17
8,30,8,"[280,965,384,370,278,236,734,596]","[824000,2800000,1121000,1075000,790000,631000,2128000,1690000]",965,11059000,41
8,31,8,"[510,295,766,317,791,381,365,475]","[1500000,884000,2236000,901000,2207000,1097000,1036000,1328000]",791,11189000,39
8,32,8,"[672,422,370,211,1314,596,366,139]","[1896000,1225000,1031000,611000,3651000,1732000,1047000,390000]",1314,11583000,25
8,33,8,"[459,537,367,264,275,343,188,1648]","[1282000,1528000,1043000,711000,767000,941000,550000,4763000]",1648,11585000,17
8,34,8,"[205,985,640,339,139,337,975,241]","[602000,2873000,1774000,1004000,404000,984000,2801000,668000]",985,11110000,25
8,35,8,"[839,397,1009,260,297,232,708,396]","[2311000,1130000,2891000,769000,819000,626000,2007000,1112000]",1009,11665000,29
8,36,8,"[543,269,213,578,290,946,923,246]","[1582000,793000,600000,1562000,856000,2642000,2637000,726000]",946,11398000,43
8,37,8,"[159,357,1037,337,351,267,644,818]","[447000,993000,2902000,938000,979000,817000,1829000,2396000]",1037,11301000,17
8,38,8,"[267,863,310,687,453,260,449,597]","[729000,2564000,878000,1997000,1263000,718000,1216000,1820000]",863,11185000,33
8,39,8,"[492,518,785,208,697,454,196,671]","[1407000,1447000,2302000,590000,1946000,1309000,542000,1889000]",785,11432000,23
8,40,8,"[311,1001,384,1023,211,194,277,483]","[867000,3010000,1047000,3006000,585000,518000,781000,1347000]",1023,11161000,21
9,1,8,"[263,253,191,1000,416,707,623,485]","[742000,694000,514000,3038000,1168000,2025000,1870000,1385000]",1000,11436000,29
9,2,8,"[1012,194,196,254,259,970,166,1081]","[2885000,520000,550000,670000,750000,2921000,485000,3038000]",1081,11819000,37
9,3,8,"[286,817,339,288,544,819,531,769]","[838000,2309000,938000,801000,1528000,2313000,1477000,2147000]",819,12351000,9
9,4,8,"[332,356,153,893,894,753,384,423]","[964000,1024000,416000,2535000,2561000,2100000,1137000,1191000]",894,11928000,15
9,5,8,"[600,281,908,183,425,348,637,581]","[1716000,829000,2644000,502000,1192000,1051000,1901000,1652000]",908,11487000,37
9,6,8,"[733,444,708,464,712,358,586,386]","[2137000,1260000,1924000,1399000,1967000,998000,1595000,1103000]",733,12383000,17
9,7,8,"[221,888,626,203,526,718,672,391]","[617000,2487000,1802000,571000,1436000,2114000,1974000,1042000]",888,12043000,19
9,8,8,"[316,312,691,870,1019,159,355,284]","[913000,931000,1991000,2579000,2887000,466000,1024000,796000]",1019,11587000,19
9,9,8,"[581,529,690,253,267,642,448,654]","[1715000,1565000,1912000,742000,746000,1837000,1283000,1865000]",690,11665000,27
9,10,8,"[434,598,1020,294,624,227,291,500]","[1245000,1738000,3063000,879000,1738000,657000,831000,1348000]",1020,11499000,27
9,11,8,"[322,343,735,315,341,950,280,894]","[925000,969000,2115000,903000,946000,2692000,843000,2522000]",950,11915000,25
9,12,8,"[250,1224,499,231,212,293,382,1237]","[716000,3485000,1404000,660000,579000,823000,1076000,3469000]",1237,12212000,21
9,13,8,"[447,1294,151,540,195,448,647,292]","[1258000,3884000,431000,1551000,546000,1254000,1843000,822000]",1294,11589000,23
9,14,8,"[413,397,683,407,1139,162,347,337]","[1210000,1146000,1894000,1175000,3424000,462000,1029000,981000]",1139,11321000,25
9,15,8,"[1032,867,650,190,304,208,700,169]","[2976000,2499000,1876000,548000,867000,578000,1988000,460000]",1032,11792000,17
9,16,8,"[402,695,389,434,245,244,895,633]","[1203000,1962000,1155000,1274000,656000,671000,2621000,1874000]",895,11416000,21
9,17,8,"[217,150,1097,712,363,311,624,377]","[662000,455000,3259000,2081000,1041000,850000,1779000,1139000]",1097,11266000,29
9,18,8,"[444,471,670,1234,469,139,205,476]","[1224000,1338000,1923000,3620000,1400000,380000,563000,1330000]",1234,11778000,23
9,19,8,"[574,127,752,794,773,303,407,410]","[1598000,368000,2170000,2323000,2146000,914000,1137000,1174000]",794,11830000,25
9,20,8,"[495,357,461,811,267,769,375,790]","[1392000,993000,1277000,2216000,783000,2230000,1101000,2255000]",811,12247000,21
9,21,8,"[737,383,176,289,350,162,950,956]","[2128000,1083000,476000,845000,1010000,474000,2731000,2799000]",956,11546000,23
9,22,8,"[289,316,933,460,343,281,984,412]","[847000,887000,2764000,1262000,975000,830000,2801000,1217000]",984,11583000,43
9,23,8,"[706,344,749,557,268,403,204,695]","[2053000,973000,2209000,1637000,728000,1178000,576000,2055000]",749,11409000,33
9,24,8,"[268,422,849,273,365,267,835,841]","[779000,1209000,2435000,819000,1075000,753000,2366000,2359000]",849,11795000,29
9,25,8,"[453,184,428,816,160,892,683,524]","[1282000,530000,1252000,2361000,449000,2523000,1962000,1462000]",892,11821000,21
9,26,8,"[456,342,484,459,330,417,488,998]","[1272000,1013000,1373000,1266000,942000,1211000,1429000,2988000]",998,11494000,21
9,27,8,"[906,1016,598,315,195,349,590,265]","[2598000,2873000,1661000,951000,543000,989000,1683000,755000]",1016,12053000,31
9,28,8,"[1199,417,1087,252,492,339,152,144]","[3403000,1230000,3184000,714000,1359000,1014000,403000,390000]",1199,11697000,35
9,29,8,"[481,1022,176,93,744,1066,202,341]","[1433000,2847000,502000,255000,2094000,3160000,568000,964000]",1066,11823000,33
9,30,8,"[157,775,783,603,173,695,838,287]","[441000,2176000,2214000,1696000,478000,1984000,2417000,773000]",838,12179000,13
9,31,8,"[1295,399,246,242,555,388,212,466]","[3907000,1179000,705000,667000,1589000,1108000,598000,1402000]",1295,11155000,17
9,32,8,"[383,192,735,852,406,381,848,373]","[1097000,564000,2121000,2406000,1142000,1084000,2490000,1062000]",852,11966000,23
9,33,8,"[616,519,305,770,724,342,375,589]","[1787000,1440000,841000,2248000,2048000,1026000,1064000,1579000]",770,12033000,15
9,34,8,"[654,369,433,306,369,665,677,554]","[1936000,1071000,1250000,926000,1009000,1964000,1880000,1612000]",677,11648000,33
9,35,8,"[334,698,1303,352,355,213,402,455]","[947000,1930000,3747000,972000,1058000,612000,1164000,1339000]",1303,11769000,35
9,36,8,"[832,108,608,185,872,293,876,235]","[2347000,291000,1812000,508000,2530000,832000,2565000,710000]",876,11595000,33
9,37,8,"[224,1552,215,266,120,465,796,471]","[661000,4370000,643000,763000,324000,1310000,2378000,1338000]",1552,11787000,27
9,38,8,"[480,281,1028,373,672,378,416,327]","[1346000,844000,3019000,1057000,1992000,1035000,1180000,995000]",1028,11468000,25
9,39,8,"[252,292,207,712,443,842,726,572]","[723000,821000,591000,1993000,1264000,2506000,2157000,1630000]",842,11685000,23
9,40,8,"[796,335,713,738,507,218,458,326]","[2267000,982000,2042000,2147000,1411000,649000,1318000,919000]",796,11735000,19
10,1,8,"[571,370,343,477,356,340,1051,408]","[1609000,1096000,938000,1398000,1015000,965000,3129000,1188000]",1051,11338000,25
10,2,8,"[172,942,521,477,331,223,618,712]","[473000,2750000,1487000,1407000,966000,647000,1760000,2015000]",942,11505000,27
10,3,8,"[368,445,682,758,365,551,209,586]","[1018000,1249000,1973000,2239000,1125000,1554000,610000,1687000]",758,11455000,13
10,4,8,"[338,313,210,376,217,588,1333,621]","[955000,884000,553000,1109000,619000,1672000,3927000,1763000]",1333,11482000,23
10,5,8,"[238,1504,596,470,265,295,280,380]","[647000,4435000,1713000,1331000,776000,782000,795000,1078000]",1504,11557000,23
10,6,8,"[141,257,484,346,881,453,760,864]","[420000,754000,1376000,943000,2445000,1254000,2253000,2436000]",881,11881000,13
10,7,8,"[181,427,549,460,872,798,254,340]","[497000,1259000,1617000,1336000,2591000,2331000,693000,927000]",872,11251000,25
10,8,8,"[325,571,885,512,365,691,618,372]","[901000,1589000,2526000,1431000,1008000,1972000,1729000,1008000]",885,12164000,9
10,9,8,"[188,854,874,500,531,393,401,483]","[520000,2391000,2497000,1412000,1485000,1106000,1167000,1396000]",874,11974000,19
10,10,8,"[225,514,707,501,227,1146,154,596]","[678000,1405000,2052000,1438000,610000,3396000,404000,1656000]",1146,11639000,25
10,11,8,"[349,830,714,285,216,702,562,388]","[1007000,2428000,2073000,810000,572000,1954000,1643000,1123000]",830,11610000,23
10,12,8,"[749,193,684,451,366,1048,532,308]","[2149000,508000,1902000,1274000,1034000,2951000,1485000,856000]",1048,12159000,19
10,13,8,"[515,337,632,505,536,388,1051,393]","[1453000,947000,1772000,1412000,1482000,1145000,2894000,1120000]",1051,12225000,23
10,14,8,"[204,1132,414,646,200,430,531,480]","[579000,3298000,1209000,1886000,553000,1232000,1516000,1333000]",1132,11606000,21
10,15,8,"[600,223,659,660,622,563,345,474]","[1753000,629000,1880000,1895000,1778000,1619000,944000,1283000]",660,11781000,25
10,16,8,"[449,350,715,764,294,203,580,734]","[1310000,1063000,2042000,2241000,845000,564000,1566000,2043000]",764,11674000,33
10,17,8,"[1308,920,92,185,87,970,238,512]","[3702000,2521000,250000,508000,264000,2720000,648000,1510000]",1308,12123000,19
10,18,8,"[454,273,329,515,398,1067,340,834]","[1340000,735000,925000,1390000,1113000,3108000,968000,2345000]",1067,11924000,17
10,19,8,"[231,215,468,1024,1032,438,192,567]","[644000,609000,1355000,2971000,2916000,1214000,516000,1597000]",1032,11822000,17
10,20,8,"[250,149,312,542,1357,908,127,475]","[707000,403000,921000,1525000,3962000,2528000,359000,1357000]",1357,11762000,23
10,21,8,"[535,534,567,245,654,597,489,637]","[1530000,1527000,1613000,667000,1761000,1794000,1359000,1780000]",654,12031000,15
10,22,8,"[289,838,410,196,459,1033,532,172]","[803000,2360000,1214000,561000,1302000,3144000,1489000,460000]",1033,11333000,25
10,23,8,"[620,484,363,803,909,311,168,402]","[1771000,1431000,1002000,2380000,2588000,818000,489000,1140000]",909,11619000,19
10,24,8,"[330,243,480,398,853,300,556,843]","[939000,697000,1391000,1174000,2451000,873000,1538000,2421000]",853,11484000,29
10,25,8,"[627,291,579,585,828,889,301,179]","[1746000,789000,1697000,1689000,2446000,2360000,842000,516000]",889,12085000,25
10,26,8,"[807,136,524,208,1045,139,540,488]","[2262000,371000,1506000,629000,3127000,387000,1656000,1353000]",1045,11291000,15
10,27,8,"[565,997,214,266,489,661,266,523]","[1628000,2865000,604000,754000,1418000,1923000,782000,1503000]",997,11477000,23
10,28,8,"[270,1054,298,439,614,453,648,489]","[745000,3080000,785000,1243000,1726000,1257000,1764000,1426000]",1054,12026000,19
10,29,8,"[582,404,365,467,643,737,310,475]","[1679000,1135000,1021000,1269000,1930000,2133000,886000,1422000]",737,11475000,47
10,30,8,"[603,401,289,330,959,557,549,303]","[1650000,1171000,806000,960000,2950000,1489000,1577000,891000]",959,11494000,35
10,31,8,"[357,771,279,343,388,206,1121,351]","[1024000,2203000,769000,1001000,1073000,568000,3430000,1058000]",1121,11126000,21
10,32,8,"[598,558,555,425,637,525,160,534]","[1687000,1645000,1564000,1219000,1876000,1493000,439000,1565000]",637,11488000,37
10,33,8,"[627,178,603,554,768,468,401,614]","[1817000,494000,1629000,1611000,2194000,1323000,1131000,1722000]",768,11921000,19
10,34,8,"[1163,415,297,494,362,364,430,353]","[3514000,1164000,819000,1405000,1086000,1047000,1255000,981000]",1163,11271000,29
10,35,8,"[290,248,480,113,678,283,947,1008]","[835000,701000,1359000,292000,1932000,801000,2680000,2990000]",1008,11590000,15
10,36,8,"[699,454,244,725,197,664,561,597]","[2001000,1289000,680000,2092000,562000,1856000,1572000,1748000]",725,11800000,19
10,37,8,"[791,391,301,442,570,195,292,1112]","[2216000,1105000,849000,1274000,1593000,541000,833000,3292000]",1112,11703000,21
10,38,8,"[200,381,1107,404,333,531,223,772]","[526000,1089000,3259000,1121000,993000,1536000,635000,2240000]",1107,11399000,25
10,39,8,"[703,544,557,198,333,701,645,277]","[2061000,1602000,1622000,576000,977000,2036000,1836000,779000]",703,11489000,23
10,40,8,"[732,368,426,985,221,741,474,281]","[2007000,1072000,1192000,2747000,658000,2065000,1375000,833000]",985,11949000,17
11,1,8,"[541,663,576,660,184,331,847,523]","[1525000,1833000,1610000,1874000,521000,956000,2453000,1466000]",847,12238000,19
11,2,8,"[446,333,975,471,506,397,426,537]","[1261000,945000,2832000,1278000,1519000,1139000,1200000,1608000]",975,11782000,33
11,3,8,"[649,659,234,570,282,414,681,645]","[1895000,1887000,651000,1599000,785000,1221000,1921000,1900000]",681,11859000,19
11,4,8,"[719,290,244,595,668,591,932,328]","[1961000,775000,708000,1646000,1897000,1756000,2647000,943000]",932,12333000,21
11,5,8,"[288,206,189,231,1728,236,627,392]","[834000,605000,501000,663000,5189000,646000,1764000,1175000]",1728,11377000,27
11,6,8,"[406,569,960,376,346,315,663,395]","[1193000,1629000,2767000,1079000,1046000,918000,1830000,1183000]",960,11645000,25
11,7,8,"[243,372,444,171,181,417,1737,349]","[679000,1062000,1326000,459000,510000,1169000,5160000,1034000]",1737,11399000,31
11,8,8,"[273,353,830,699,1241,172,149,664]","[807000,986000,2293000,1981000,3517000,467000,420000,1865000]",1241,12336000,23
11,9,8,"[477,259,637,852,597,521,447,548]","[1334000,725000,1801000,2427000,1653000,1477000,1296000,1552000]",852,12265000,19
11,10,8,"[215,177,154,522,354,782,759,1169]","[616000,492000,422000,1557000,1014000,2176000,2161000,3419000]",1169,11857000,23
11,11,8,"[295,161,771,803,805,401,602,461]","[836000,456000,2151000,2302000,2220000,1130000,1756000,1321000]",805,12172000,25
11,12,8,"[171,869,293,334,531,904,365,652]","[462000,2554000,788000,942000,1545000,2620000,1000000,1922000]",904,11833000,35
11,13,8,"[848,118,368,548,245,801,1016,217]","[2362000,344000,1044000,1544000,649000,2343000,2989000,635000]",1016,11910000,21
11,14,8,"[276,920,267,567,962,199,441,311]","[804000,2690000,735000,1671000,2804000,563000,1303000,885000]",962,11455000,25
11,15,8,"[506,1435,178,352,565,197,446,324]","[1551000,4212000,462000,941000,1619000,553000,1340000,891000]",1435,11569000,37
11,16,8,"[547,520,388,623,1103,512,479,241]","[1501000,1520000,1094000,1708000,3094000,1445000,1375000,698000]",1103,12435000,15
11,17,8,"[609,356,645,308,706,602,282,576]","[1764000,996000,1827000,874000,2067000,1757000,810000,1681000]",706,11776000,19
11,18,8,"[266,172,730,593,167,1514,229,285]","[742000,503000,2093000,1651000,487000,4536000,660000,800000]",1514,11472000,27
11,19,8,"[158,270,500,1389,528,155,498,455]","[436000,765000,1471000,3974000,1522000,453000,1531000,1321000]",1389,11473000,31
11,20,8,"[293,527,291,337,954,496,1056,466]","[823000,1420000,806000,911000,2670000,1434000,3051000,1334000]",1056,12449000,17
11,21,8,"[145,609,948,574,295,947,264,236]","[381000,1781000,2743000,1697000,862000,2750000,765000,640000]",948,11619000,33
11,22,8,"[968,317,206,1010,292,656,304,264]","[2798000,916000,577000,2973000,880000,1829000,858000,780000]",1010,11611000,29
11,23,8,"[845,431,557,218,277,231,502,1170]","[2515000,1255000,1516000,622000,767000,658000,1402000,3294000]",1170,12029000,19
11,24,8,"[280,985,429,617,379,662,600,234]","[850000,2775000,1197000,1759000,1108000,1910000,1677000,671000]",985,11947000,49
11,25,8,"[1269,441,320,313,163,565,528,409]","[3765000,1263000,898000,890000,479000,1655000,1561000,1109000]",1269,11620000,25
11,26,8,"[356,674,386,440,600,705,678,326]","[1002000,1967000,1083000,1282000,1685000,1934000,1962000,970000]",705,11885000,21
11,27,8,"[717,451,453,309,715,263,661,685]","[2142000,1324000,1258000,840000,2050000,738000,1886000,1860000]",717,12098000,21
11,28,8,"[785,162,916,329,345,403,819,242]","[2344000,441000,2627000,955000,939000,1233000,2391000,673000]",916,11603000,25
11,29,8,"[516,556,355,575,374,682,683,545]","[1419000,1637000,975000,1580000,1054000,2057000,1897000,1546000]",683,12165000,19
11,30,8,"[1064,516,334,566,508,567,312,291]","[3097000,1437000,931000,1632000,1442000,1653000,879000,849000]",1064,11920000,27
11,31,8,"[210,276,340,1369,478,170,745,554]","[591000,792000,958000,3990000,1322000,478000,2166000,1560000]",1369,11857000,17
11,32,8,"[680,297,359,676,361,503,370,736]","[1936000,866000,1018000,1997000,1127000,1430000,1057000,2106000]",736,11537000,25
11,33,8,"[803,312,685,494,491,400,778,243]","[2305000,874000,1912000,1487000,1385000,1145000,2221000,680000]",803,12009000,39
11,34,8,"[426,1110,302,166,1107,500,210,294]","[1235000,3105000,940000,467000,3162000,1463000,595000,849000]",1110,11816000,23
11,35,8,"[395,811,235,386,788,436,692,323]","[1116000,2385000,661000,1165000,2236000,1220000,2035000,904000]",811,11722000,27
11,36,8,"[2129,484,224,155,79,344,402,480]","[6016000,1433000,603000,425000,221000,1015000,1166000,1314000]",2129,12193000,19
11,37,8,"[433,573,405,765,496,634,292,348]","[1205000,1708000,1147000,2196000,1511000,1835000,822000,1056000]",765,11480000,21
11,38,8,"[539,734,880,438,600,151,784,173]","[1534000,2105000,2501000,1191000,1703000,417000,2246000,499000]",880,12196000,29
11,39,8,"[776,284,956,244,312,631,541,504]","[2174000,772000,2665000,689000,930000,1805000,1559000,1482000]",956,12076000,33
11,40,8,"[284,481,1129,495,310,565,424,333]","[769000,1400000,3373000,1455000,853000,1572000,1229000,975000]",1129,11626000,37
12,1,8,"[389,793,714,452,258,348,366,370]","[1078000,2243000,2074000,1289000,765000,1047000,1046000,1075000]",793,10617000,25
12,2,8,"[460,561,492,507,422,393,291,831]","[1295000,1594000,1420000,1462000,1222000,1128000,792000,2269000]",831,11182000,27
12,3,8,"[260,266,889,298,967,190,401,560]","[701000,766000,2528000,846000,2788000,542000,1138000,1583000]",967,10892000,19
12,4,8,"[617,738,727,152,674,572,197,232]","[1783000,2128000,2042000,439000,1888000,1582000,544000,666000]",738,11072000,29
12,5,8,"[547,603,488,594,671,333,646,86]","[1574000,1692000,1420000,1648000,1891000,966000,1790000,204000]",671,11185000,31
12,6,8,"[276,271,381,1136,190,456,810,275]","[783000,731000,1083000,3324000,536000,1290000,2352000,748000]",1136,10847000,29
12,7,8,"[900,424,344,636,161,412,510,463]","[2602000,1243000,977000,1764000,439000,1175000,1432000,1340000]",900,10972000,33
12,8,8,"[895,236,1122,327,421,179,345,372]","[2482000,676000,3246000,891000,1226000,517000,967000,1028000]",1122,11033000,23
12,9,8,"[740,757,900,256,341,182,194,258]","[2134000,2192000,2636000,725000,985000,523000,556000,756000]",900,10507000,35
12,10,8,"[316,214,575,230,338,539,1285,231]","[914000,580000,1545000,631000,1021000,1531000,3767000,702000]",1285,10691000,39
12,11,8,"[491,557,244,792,754,194,378,472]","[1445000,1573000,674000,2223000,2216000,536000,1083000,1265000]",792,11015000,29
12,12,8,"[663,576,312,395,517,220,617,659]","[1941000,1696000,859000,1081000,1427000,622000,1739000,1817000]",663,11182000,19
12,13,8,"[394,682,411,604,557,561,591,147]","[1121000,1961000,1143000,1690000,1618000,1556000,1649000,387000]",682,11125000,25
12,14,8,"[191,170,1043,375,185,303,426,1100]","[547000,475000,2990000,1057000,508000,843000,1200000,3214000]",1100,10834000,37
12,15,8,"[607,676,257,646,352,246,514,661]","[1656000,1980000,750000,1786000,1013000,687000,1452000,1848000]",676,11172000,25
12,16,8,"[307,360,163,1107,317,165,745,652]","[893000,1021000,434000,3172000,883000,483000,2152000,1812000]",1107,10850000,43
12,17,8,"[618,373,263,556,574,545,591,464]","[1719000,1031000,714000,1581000,1671000,1574000,1644000,1289000]",618,11223000,23
12,18,8,"[169,449,848,939,276,406,459,364]","[497000,1185000,2367000,2778000,773000,1157000,1278000,1024000]",939,11059000,21
12,19,8,"[633,1225,109,321,376,196,186,756]","[1834000,3566000,299000,903000,1040000,542000,513000,2150000]",1225,10847000,31
12,20,8,"[423,737,370,323,320,703,205,778]","[1194000,2042000,1012000,964000,897000,2003000,601000,2245000]",778,10958000,45
12,21,8,"[197,725,204,354,528,263,816,859]","[562000,2098000,539000,940000,1513000,737000,2328000,2419000]",859,11136000,23
12,22,8,"[416,812,376,179,269,268,811,754]","[1212000,2358000,1049000,501000,763000,731000,2312000,2062000]",812,10988000,43
12,23,8,"[285,215,611,650,958,511,439,252]","[774000,604000,1717000,1837000,2756000,1438000,1292000,678000]",958,11096000,27
12,24,8,"[313,243,322,716,292,402,708,722]","[926000,684000,941000,2016000,824000,1132000,2016000,2134000]",722,10673000,25
12,25,8,"[426,480,808,206,487,247,514,778]","[1208000,1302000,2340000,574000,1334000,695000,1451000,2248000]",808,11152000,17
12,26,8,"[658,695,561,628,235,186,212,790]","[1879000,1945000,1603000,1814000,647000,540000,547000,2240000]",790,11215000,19
12,27,8,"[218,580,676,467,220,274,496,917]","[601000,1698000,1968000,1282000,635000,770000,1385000,2618000]",917,10957000,63
12,28,8,"[463,747,330,746,327,260,511,389]","[1298000,2166000,886000,2095000,974000,763000,1466000,1147000]",747,10795000,29
12,29,8,"[188,602,843,222,545,308,690,467]","[541000,1708000,2428000,639000,1590000,868000,1869000,1348000]",843,10991000,25
12,30,8,"[560,266,358,517,289,593,234,974]","[1566000,736000,1043000,1532000,820000,1693000,638000,2798000]",974,10826000,31
12,31,8,"[347,342,486,913,492,246,390,429]","[958000,995000,1353000,2660000,1454000,700000,1149000,1233000]",913,10502000,31
12,32,8,"[511,336,357,540,339,310,424,993]","[1457000,949000,934000,1557000,978000,867000,1220000,2884000]",993,10846000,29
12,33,8,"[373,733,263,955,666,154,237,860]","[1039000,1988000,694000,2692000,1791000,401000,639000,2485000]",955,11729000,25
12,34,8,"[829,423,185,400,336,122,833,680]","[2394000,1215000,527000,1072000,931000,355000,2392000,1965000]",833,10851000,23
12,35,8,"[835,131,227,337,453,325,711,840]","[2390000,367000,637000,966000,1251000,946000,1946000,2452000]",840,10955000,29
12,36,8,"[468,441,787,567,317,432,574,352]","[1264000,1246000,2267000,1583000,897000,1258000,1585000,1016000]",787,11116000,23
12,37,8,"[410,306,614,356,485,651,586,425]","[1234000,897000,1723000,1038000,1374000,1803000,1640000,1199000]",651,10908000,23
12,38,8,"[279,192,912,462,304,399,898,457]","[789000,531000,2649000,1283000,866000,1101000,2558000,1292000]",912,11069000,29
12,39,8,"[448,910,665,229,183,911,266,384]","[1238000,2633000,1888000,632000,480000,2539000,787000,1040000]",911,11237000,33
12,40,8,"[413,1827,229,242,360,262,303,359]","[1153000,5043000,647000,689000,1034000,743000,847000,1057000]",1827,11213000,23
13,1,8,"[258,276,495,1340,248,1183,156,452]","[752000,822000,1374000,3778000,715000,3395000,441000,1294000]",1340,12571000,25
13,2,8,"[493,745,678,207,406,694,289,750]","[1385000,2152000,1933000,577000,1166000,2037000,797000,2237000]",750,12284000,25
13,3,8,"[595,218,673,718,272,669,531,646]","[1616000,601000,1983000,1976000,838000,1913000,1549000,1913000]",718,12389000,31
13,4,8,"[325,833,230,669,789,419,637,595]","[902000,2421000,638000,1886000,2133000,1284000,1741000,1691000]",833,12696000,19
13,5,8,"[287,530,270,481,904,298,763,899]","[812000,1479000,725000,1381000,2553000,882000,2215000,2562000]",904,12609000,17
13,6,8,"[887,411,782,304,332,356,887,571]","[2443000,1133000,2138000,908000,994000,1008000,2540000,1673000]",887,12837000,17
13,7,8,"[944,295,589,337,464,314,442,946]","[2766000,830000,1753000,974000,1284000,885000,1247000,2693000]",946,12432000,17
13,8,8,"[659,250,802,590,334,252,412,1078]","[1836000,739000,2374000,1720000,944000,705000,1172000,3008000]",1078,12498000,27
13,9,8,"[571,1594,454,321,324,208,441,591]","[1609000,4466000,1331000,969000,901000,593000,1272000,1617000]",1594,12758000,15
13,10,8,"[844,419,432,142,493,904,912,195]","[2387000,1195000,1234000,362000,1418000,2603000,2660000,537000]",912,12396000,25
13,11,8,"[528,360,367,479,131,977,1044,389]","[1493000,1026000,1077000,1360000,376000,2878000,2938000,1144000]",1044,12292000,17
13,12,8,"[958,346,898,243,310,637,293,483]","[2819000,936000,2636000,729000,905000,1856000,836000,1383000]",958,12100000,29
13,13,8,"[834,372,197,549,712,235,1030,384]","[2379000,1039000,556000,1552000,2033000,692000,2983000,1115000]",1030,12349000,21
13,14,8,"[372,302,279,241,880,1321,208,532]","[1142000,907000,780000,669000,2567000,3899000,590000,1452000]",1321,12006000,23
13,15,8,"[782,221,1099,460,146,306,178,1092]","[2285000,605000,3167000,1229000,463000,886000,493000,3153000]",1099,12281000,15
13,16,8,"[301,240,287,491,1790,231,310,531]","[825000,654000,790000,1446000,5336000,639000,895000,1491000]",1790,12076000,29
13,17,8,"[861,356,256,567,427,864,250,604]","[2419000,1111000,759000,1609000,1246000,2483000,730000,1723000]",864,12080000,23
13,18,8,"[679,510,682,565,536,595,115,623]","[1934000,1483000,2012000,1702000,1522000,1658000,299000,1750000]",682,12360000,27
13,19,8,"[921,395,219,225,860,880,760,352]","[2646000,1186000,569000,580000,2390000,2471000,2162000,953000]",921,12957000,25
13,20,8,"[478,498,686,748,530,421,624,525]","[1284000,1428000,1911000,2181000,1462000,1114000,1895000,1492000]",748,12767000,19
13,21,8,"[520,352,510,764,727,585,578,213]","[1523000,976000,1570000,2101000,2109000,1697000,1653000,612000]",764,12241000,17
13,22,8,"[1031,884,288,546,422,482,271,577]","[2892000,2519000,804000,1551000,1195000,1340000,824000,1637000]",1031,12762000,21
13,23,8,"[663,937,289,322,389,916,329,729]","[1863000,2671000,824000,874000,1079000,2627000,904000,2059000]",937,12901000,21
13,24,8,"[243,647,440,602,607,637,520,487]","[708000,1866000,1239000,1712000,1768000,1868000,1573000,1370000]",647,12104000,19
13,25,8,"[985,399,285,308,240,953,994,384]","[2781000,1110000,757000,870000,745000,2653000,2762000,1164000]",994,12842000,17
13,26,8,"[775,181,155,499,937,491,766,542]","[2235000,512000,427000,1445000,2686000,1492000,2105000,1531000]",937,12433000,17
13,27,8,"[193,499,1083,450,183,429,385,764]","[534000,1478000,3210000,1289000,522000,1251000,1186000,2271000]",1083,11741000,37
13,28,8,"[1205,477,507,997,436,352,310,280]","[3367000,1335000,1422000,2816000,1251000,1048000,889000,761000]",1205,12889000,23
13,29,8,"[300,235,1192,236,505,243,790,799]","[891000,657000,3401000,700000,1445000,669000,2261000,2299000]",1192,12323000,13
13,30,8,"[209,886,806,881,515,321,608,281]","[571000,2576000,2301000,2518000,1417000,873000,1752000,760000]",886,12768000,29
13,31,8,"[445,709,386,748,281,518,650,739]","[1282000,1958000,1057000,2075000,796000,1527000,1801000,2173000]",748,12669000,15
13,32,8,"[571,605,252,437,589,501,732,730]","[1689000,1657000,712000,1243000,1684000,1476000,2063000,2066000]",732,12590000,11
13,33,8,"[490,1321,251,229,585,1249,374,63]","[1433000,3707000,679000,649000,1698000,3490000,1051000,174000]",1321,12881000,19
13,34,8,"[559,764,863,294,147,754,502,508]","[1583000,2236000,2415000,873000,392000,2073000,1484000,1439000]",863,12495000,25
13,35,8,"[780,337,412,868,280,1117,159,545]","[2138000,981000,1234000,2414000,845000,3161000,448000,1529000]",1117,12750000,17
13,36,8,"[696,172,280,630,300,438,130,1474]","[2040000,492000,773000,1831000,843000,1272000,347000,4404000]",1474,12002000,19
13,37,8,"[454,225,626,931,501,706,309,466]","[1289000,657000,1888000,2590000,1410000,2058000,872000,1406000]",931,12170000,15
13,38,8,"[434,303,321,287,833,1243,405,517]","[1213000,865000,977000,856000,2301000,3662000,1112000,1426000]",1243,12412000,21
13,39,8,"[665,139,1000,213,611,978,248,361]","[1988000,389000,2834000,653000,1811000,2799000,700000,974000]",1000,12148000,29
13,40,8,"[260,457,158,864,883,175,472,827]","[701000,1283000,439000,2559000,2579000,523000,1388000,2521000]",883,11993000,29
14,1,8,"[325,460,355,829,552,858,252,300]","[953000,1311000,1022000,2396000,1567000,2391000,708000,825000]",858,11173000,29
14,2,8,"[641,382,668,435,202,651,619,334]","[1825000,1096000,1919000,1235000,587000,1872000,1693000,928000]",668,11155000,29
14,3,8,"[312,553,580,514,978,152,165,601]","[891000,1545000,1664000,1489000,2883000,421000,441000,1675000]",978,11009000,19
14,4,8,"[326,516,276,312,568,494,677,810]","[896000,1462000,807000,865000,1631000,1404000,1917000,2316000]",810,11298000,31
14,5,8,"[386,1070,1056,516,228,225,244,230]","[1035000,2995000,3096000,1464000,617000,640000,713000,661000]",1070,11221000,21
14,6,8,"[730,507,380,783,251,270,305,627]","[2091000,1453000,1091000,2226000,713000,756000,850000,1828000]",783,11008000,31
14,7,8,"[311,401,385,389,795,315,371,746]","[839000,1177000,1103000,1068000,2367000,850000,1100000,2218000]",795,10722000,31
14,8,8,"[1100,212,551,255,335,329,239,616]","[3267000,640000,1570000,771000,938000,911000,688000,1797000]",1100,10582000,27
14,9,8,"[844,513,874,610,184,242,330,460]","[2355000,1430000,2450000,1742000,533000,664000,951000,1340000]",874,11465000,31
14,10,8,"[916,460,347,474,295,377,151,872]","[2632000,1336000,1004000,1327000,818000,1009000,400000,2577000]",916,11103000,41
14,11,8,"[1025,365,313,316,375,324,238,1003]","[2785000,1027000,895000,917000,1136000,975000,698000,2816000]",1025,11249000,29
14,12,8,"[294,568,855,645,809,257,147,428]","[828000,1594000,2399000,1846000,2342000,686000,429000,1195000]",855,11319000,27
14,13,8,"[350,586,284,371,941,235,266,669]","[1031000,1703000,790000,1019000,2797000,710000,740000,1900000]",941,10690000,27
14,14,8,"[691,1163,495,328,209,249,155,479]","[1941000,3455000,1376000,959000,622000,687000,472000,1328000]",1163,10840000,37
14,15,8,"[608,504,365,530,438,459,467,399]","[1659000,1468000,1080000,1537000,1267000,1304000,1390000,1142000]",608,10847000,47
14,16,8,"[695,528,629,527,695,317,250,205]","[1981000,1503000,1780000,1513000,2023000,860000,726000,592000]",695,10978000,19
14,17,8,"[211,679,433,1358,229,560,153,210]","[602000,1887000,1218000,4060000,673000,1519000,444000,596000]",1358,10999000,39
14,18,8,"[781,193,923,286,530,256,368,467]","[2256000,542000,2707000,782000,1534000,709000,1030000,1366000]",923,10926000,25
14,19,8,"[65,414,384,1336,175,373,357,529]","[182000,1230000,1086000,3926000,491000,1071000,1010000,1557000]",1336,10553000,37
14,20,8,"[413,533,811,186,688,239,283,677]","[1180000,1550000,2273000,523000,1931000,706000,856000,1965000]",811,10984000,27
14,21,8,"[354,321,992,502,160,542,629,289]","[1036000,894000,2935000,1470000,440000,1562000,1741000,839000]",992,10917000,31
14,22,8,"[546,793,1072,305,228,370,314,351]","[1490000,2194000,3134000,895000,651000,1005000,883000,1001000]",1072,11253000,19
14,23,8,"[126,197,815,353,802,235,305,863]","[348000,559000,2374000,1051000,2309000,654000,871000,2515000]",863,10681000,31
14,24,8,"[324,319,615,814,573,214,899,168]","[894000,938000,1752000,2272000,1639000,587000,2629000,459000]",899,11170000,23
14,25,8,"[580,269,429,421,552,394,181,858]","[1712000,751000,1242000,1160000,1611000,1170000,486000,2547000]",858,10679000,35
14,26,8,"[585,514,510,283,539,871,256,310]","[1734000,1508000,1470000,810000,1457000,2526000,737000,833000]",871,11075000,43
14,27,8,"[335,518,317,445,466,692,709,614]","[931000,1399000,886000,1271000,1340000,1968000,2038000,1697000]",709,11530000,11
14,28,8,"[879,442,503,211,914,264,322,333]","[2639000,1292000,1438000,593000,2575000,722000,896000,912000]",914,11067000,27
14,29,8,"[555,283,350,1107,272,774,331,280]","[1615000,827000,940000,3210000,772000,2174000,956000,741000]",1107,11235000,15
14,30,8,"[472,184,440,539,554,1293,346,178]","[1289000,500000,1299000,1474000,1606000,3702000,956000,491000]",1293,11317000,19
14,31,8,"[155,825,229,422,698,335,792,515]","[430000,2444000,648000,1138000,1978000,950000,2190000,1478000]",825,11256000,23
14,32,8,"[159,471,616,191,239,1012,457,639]","[430000,1353000,1780000,529000,654000,2986000,1398000,1746000]",1012,10876000,35
14,33,8,"[345,504,599,474,265,501,724,608]","[957000,1454000,1661000,1311000,767000,1449000,2073000,1727000]",724,11399000,17
14,34,8,"[525,403,800,696,475,230,314,472]","[1528000,1177000,2371000,1923000,1316000,646000,865000,1313000]",800,11139000,23
14,35,8,"[249,389,208,633,311,692,552,789]","[704000,1051000,613000,1764000,934000,2044000,1588000,2268000]",789,10966000,33
14,36,8,"[163,833,289,708,832,204,622,292]","[467000,2388000,818000,2006000,2351000,588000,1793000,776000]",833,11187000,35
14,37,8,"[614,719,553,435,267,440,276,614]","[1759000,2038000,1621000,1233000,756000,1220000,756000,1771000]",719,11154000,49
14,38,8,"[483,514,511,531,458,177,370,798]","[1387000,1469000,1472000,1536000,1303000,445000,1058000,2343000]",798,11013000,25
14,39,8,"[1254,242,276,348,464,794,160,222]","[3795000,699000,798000,971000,1273000,2193000,475000,621000]",1254,10825000,29
14,40,8,"[646,350,177,373,796,191,653,774]","[1805000,971000,483000,1083000,2168000,577000,1889000,2231000]",796,11207000,19
15,1,8,"[294,439,642,660,560,717,156,705]","[840000,1297000,1818000,1897000,1612000,2062000,438000,2019000]",717,11983000,21
15,2,8,"[422,524,231,1002,934,638,201,191]","[1219000,1545000,672000,2964000,2585000,1774000,582000,553000]",1002,11894000,27
15,3,8,"[1145,380,372,650,318,405,421,230]","[3402000,1059000,1078000,1886000,928000,1199000,1219000,656000]",1145,11427000,37
15,4,8,"[1101,216,629,228,199,600,498,652]","[3258000,606000,1879000,666000,524000,1683000,1428000,1811000]",1101,11855000,25
15,5,8,"[208,722,383,782,528,408,788,575]","[578000,2008000,1036000,2215000,1488000,1142000,2236000,1703000]",788,12406000,21
15,6,8,"[321,217,367,1018,994,291,747,193]","[901000,614000,1094000,2934000,2783000,837000,2163000,559000]",1018,11885000,27
15,7,8,"[238,456,383,189,607,453,1226,430]","[674000,1367000,1114000,526000,1757000,1268000,3608000,1258000]",1226,11572000,33
15,8,8,"[422,1116,509,722,315,553,239,206]","[1194000,3227000,1480000,2046000,900000,1624000,691000,582000]",1116,11744000,39
15,9,8,"[581,795,670,236,502,353,220,654]","[1664000,2422000,1832000,679000,1484000,989000,602000,1999000]",795,11671000,39
15,10,8,"[220,459,553,464,327,440,354,1270]","[641000,1323000,1605000,1399000,926000,1222000,1036000,3629000]",1270,11781000,41
15,11,8,"[190,283,1639,364,220,454,615,514]","[551000,799000,4589000,1046000,611000,1367000,1782000,1423000]",1639,12168000,25
15,12,8,"[591,108,852,716,198,1251,220,361]","[1689000,297000,2364000,2010000,546000,3648000,612000,1013000]",1251,12179000,21
15,13,8,"[373,552,984,360,374,342,264,791]","[1095000,1596000,2883000,1070000,1095000,969000,777000,2196000]",984,11681000,23
15,14,8,"[1197,378,1228,206,239,358,331,246]","[3536000,1113000,3428000,589000,667000,1005000,983000,711000]",1228,12032000,33
15,15,8,"[512,239,510,254,644,800,812,236]","[1449000,679000,1503000,745000,1851000,2362000,2367000,664000]",812,11620000,19
15,16,8,"[675,693,310,943,160,559,464,170]","[2021000,2027000,882000,2738000,491000,1550000,1387000,471000]",943,11567000,27
15,17,8,"[355,196,596,540,335,397,398,1139]","[1011000,575000,1713000,1630000,955000,1129000,1170000,3355000]",1139,11538000,27
15,18,8,"[419,1273,276,301,662,329,397,227]","[1147000,3776000,793000,909000,1969000,979000,1157000,668000]",1273,11398000,41
15,19,8,"[312,574,144,201,1836,416,295,138]","[831000,1674000,408000,571000,5535000,1196000,821000,390000]",1836,11426000,31
15,20,8,"[1066,197,201,792,231,1074,479,190]","[3091000,555000,569000,2262000,669000,3147000,1249000,527000]",1074,12069000,31
15,21,8,"[323,489,254,835,266,1205,354,396]","[894000,1401000,751000,2392000,777000,3507000,1001000,1134000]",1205,11857000,25
15,22,8,"[135,734,625,261,416,1300,204,237]","[372000,2139000,1817000,777000,1196000,3856000,567000,714000]",1300,11438000,33
15,23,8,"[1016,457,383,503,454,291,442,463]","[2986000,1277000,1070000,1459000,1301000,825000,1295000,1435000]",1016,11648000,37
15,24,8,"[533,1183,1149,432,110,598,250,194]","[1426000,3324000,3322000,1178000,295000,1654000,727000,562000]",1183,12488000,29
15,25,8,"[388,310,554,193,889,1331,324,221]","[1110000,896000,1583000,508000,2543000,3811000,932000,622000]",1331,12005000,13
15,26,8,"[233,258,206,1060,175,409,861,940]","[685000,733000,589000,2939000,494000,1178000,2517000,2777000]",1060,11912000,27
15,27,8,"[788,445,398,905,393,335,304,504]","[2242000,1284000,1147000,2592000,1117000,981000,872000,1533000]",905,11768000,35
15,28,8,"[659,954,187,518,425,245,567,715]","[1861000,2760000,542000,1503000,1199000,688000,1585000,2015000]",954,12153000,33
15,29,8,"[682,598,533,635,596,259,290,557]","[1934000,1694000,1497000,1876000,1777000,736000,844000,1600000]",682,11958000,17
15,30,8,"[1151,468,353,485,241,558,759,325]","[3247000,1326000,1068000,1383000,688000,1575000,2085000,908000]",1151,12280000,21
15,31,8,"[1065,281,172,828,258,323,267,1196]","[2951000,778000,462000,2343000,702000,904000,753000,3514000]",1196,12407000,23
15,32,8,"[880,682,235,362,523,862,274,221]","[2507000,2035000,689000,1060000,1441000,2525000,789000,649000]",880,11695000,21
15,33,8,"[351,903,920,664,304,584,252,397]","[999000,2543000,2490000,1908000,863000,1676000,684000,1175000]",920,12338000,21
15,34,8,"[269,482,625,514,757,311,770,557]","[766000,1335000,1732000,1436000,2102000,910000,2278000,1654000]",770,12213000,13
15,35,8,"[590,666,912,677,223,409,540,338]","[1660000,1842000,2562000,1913000,616000,1151000,1552000,1003000]",912,12299000,15
15,36,8,"[452,336,360,958,442,883,270,433]","[1380000,938000,1008000,2765000,1212000,2567000,777000,1224000]",958,11871000,29
15,37,8,"[367,1103,521,740,394,562,172,418]","[1126000,3067000,1471000,2113000,1184000,1535000,506000,1175000]",1103,12177000,53
15,38,8,"[388,322,271,1108,819,358,747,309]","[1051000,933000,764000,3163000,2298000,1016000,2114000,903000]",1108,12242000,49
15,39,8,"[600,419,411,687,1056,276,298,340]","[1697000,1210000,1176000,1983000,3112000,788000,834000,957000]",1056,11757000,37
15,40,8,"[763,506,882,745,539,231,608,228]","[2165000,1431000,2424000,2111000,1521000,637000,1650000,654000]",882,12593000,19
16,1,8,"[403,1106,532,364,700,148,288,146]","[1156000,3255000,1526000,1099000,2009000,418000,814000,412000]",1106,10689000,29
16,2,8,"[993,476,166,747,213,202,608,461]","[2916000,1318000,443000,2101000,608000,581000,1753000,1345000]",993,11065000,27
16,3,8,"[526,453,180,702,319,332,541,769]","[1532000,1265000,510000,2049000,908000,953000,1585000,2201000]",769,11003000,25
16,4,8,"[157,425,624,205,1055,527,530,265]","[413000,1276000,1789000,605000,3068000,1511000,1454000,774000]",1055,10890000,41
16,5,8,"[442,415,592,645,285,678,525,555]","[1202000,1163000,1657000,1832000,831000,1835000,1479000,1570000]",678,11569000,13
16,6,8,"[396,913,379,505,514,686,269,197]","[1110000,2663000,1067000,1421000,1466000,2011000,754000,563000]",913,11055000,29
16,7,8,"[524,256,675,699,213,142,977,396]","[1520000,693000,1891000,1931000,582000,398000,2904000,1153000]",977,11072000,23
16,8,8,"[664,310,266,381,724,249,466,747]","[1892000,894000,724000,1161000,2090000,734000,1306000,2183000]",747,10984000,17
16,9,8,"[137,1175,485,760,528,243,271,347]","[382000,3371000,1424000,2063000,1530000,678000,806000,996000]",1175,11250000,29
16,10,8,"[752,445,350,228,396,746,693,346]","[2173000,1237000,994000,613000,1089000,2194000,1930000,987000]",752,11217000,15
16,11,8,"[553,574,369,574,681,277,223,672]","[1544000,1613000,1032000,1626000,1933000,788000,631000,2004000]",681,11171000,21
16,12,8,"[470,152,290,190,832,649,607,692]","[1366000,424000,877000,518000,2417000,1875000,1724000,1885000]",832,11086000,33
16,13,8,"[352,381,305,360,1400,262,262,284]","[1037000,1071000,850000,1049000,4206000,734000,770000,817000]",1400,10534000,23
16,14,8,"[682,360,328,326,333,903,603,317]","[1964000,1007000,872000,933000,964000,2679000,1694000,910000]",903,11023000,45
16,15,8,"[404,474,599,439,455,719,496,312]","[1138000,1376000,1697000,1299000,1306000,2052000,1379000,861000]",719,11108000,25
16,16,8,"[638,748,283,282,353,265,835,355]","[1858000,2192000,785000,846000,993000,776000,2437000,980000]",835,10867000,27
16,17,8,"[666,203,419,398,299,717,745,473]","[1887000,568000,1269000,1120000,838000,2025000,2108000,1362000]",745,11177000,33
16,18,8,"[460,290,495,373,351,759,860,173]","[1312000,838000,1409000,1028000,1053000,2203000,2490000,505000]",860,10838000,27
16,19,8,"[576,390,383,392,295,839,746,392]","[1704000,1074000,1096000,1111000,852000,2452000,2008000,1084000]",839,11381000,21
16,20,8,"[418,978,281,294,377,270,637,538]","[1183000,2825000,820000,817000,1064000,753000,1858000,1597000]",978,10917000,47
16,21,8,"[176,665,854,349,352,593,216,709]","[514000,1840000,2482000,973000,974000,1685000,624000,2068000]",854,11160000,27
16,22,8,"[326,814,421,788,201,274,440,526]","[907000,2375000,1196000,2298000,582000,769000,1261000,1523000]",814,10911000,37
16,23,8,"[787,209,269,771,209,479,936,274]","[2287000,601000,754000,2139000,595000,1375000,2646000,791000]",936,11188000,19
16,24,8,"[412,490,561,195,231,236,609,975]","[1201000,1433000,1583000,564000,657000,678000,1707000,2895000]",975,10718000,25
16,25,8,"[211,572,361,773,403,412,317,724]","[572000,1716000,1031000,2233000,1180000,1109000,898000,2122000]",773,10861000,27
16,26,8,"[805,483,389,331,785,205,182,565]","[2266000,1431000,1176000,924000,2279000,563000,529000,1626000]",805,10794000,33
16,27,8,"[540,389,242,524,678,204,1075,135]","[1494000,1081000,661000,1522000,2009000,530000,3227000,369000]",1075,10893000,35
16,28,8,"[185,634,347,399,442,219,692,820]","[528000,1815000,1023000,1086000,1274000,628000,2009000,2398000]",820,10761000,41
16,29,8,"[384,406,1035,249,432,432,343,408]","[1157000,1172000,3002000,742000,1241000,1236000,1007000,1161000]",1035,10718000,21
16,30,8,"[458,198,558,1179,377,613,175,262]","[1300000,549000,1692000,3366000,1072000,1751000,506000,737000]",1179,10973000,23
16,31,8,"[272,721,303,710,709,391,423,200]","[784000,2063000,837000,2086000,2101000,1136000,1193000,592000]",721,10792000,25
16,32,8,"[374,529,369,661,231,728,601,259]","[1061000,1510000,1099000,1876000,648000,2092000,1790000,758000]",728,10834000,37
16,33,8,"[391,416,623,308,458,625,399,645]","[1158000,1177000,1738000,904000,1294000,1825000,1173000,1812000]",645,11081000,21
16,34,8,"[469,265,977,105,515,638,179,766]","[1367000,773000,2776000,294000,1426000,1807000,490000,2213000]",977,11146000,41
16,35,8,"[290,1076,276,773,476,316,305,288]","[813000,3079000,797000,2238000,1359000,917000,877000,822000]",1076,10902000,29
16,36,8,"[909,461,270,352,275,480,821,464]","[2681000,1292000,747000,959000,796000,1376000,2311000,1240000]",909,11402000,29
16,37,8,"[577,319,440,444,740,297,658,435]","[1529000,959000,1249000,1314000,2183000,837000,1859000,1231000]",740,11161000,19
16,38,8,"[330,293,186,755,353,768,243,825]","[993000,844000,513000,2242000,990000,2169000,669000,2417000]",825,10837000,13
16,39,8,"[195,490,368,963,532,234,540,633]","[549000,1415000,1036000,2775000,1464000,684000,1505000,1799000]",963,11227000,27
16,40,8,"[478,334,562,922,333,300,657,370]","[1286000,965000,1591000,2660000,939000,816000,1935000,1046000]",922,11238000,19
17,1,8,"[372,709,732,240,1117,157,205,575]","[1123000,2015000,2043000,688000,3320000,435000,575000,1635000]",1117,11834000,21
17,2,8,"[369,453,1064,269,198,1424,155,205]","[1009000,1285000,3016000,773000,537000,4235000,412000,596000]",1424,11863000,17
17,3,8,"[221,975,367,856,272,274,569,560]","[610000,2834000,1041000,2482000,775000,809000,1621000,1648000]",975,11820000,15
17,4,8,"[401,970,378,751,636,290,605,130]","[1222000,2816000,1052000,2088000,1817000,803000,1776000,368000]",970,11942000,23
17,5,8,"[827,1054,155,313,256,1008,347,298]","[2379000,3056000,421000,899000,728000,2812000,979000,806000]",1054,12080000,19
17,6,8,"[302,409,784,558,511,649,618,463]","[809000,1196000,2190000,1577000,1422000,1837000,1819000,1324000]",784,12174000,17
17,7,8,"[821,276,301,390,634,1045,285,243]","[2411000,849000,869000,1112000,1825000,3055000,760000,690000]",1045,11571000,21
17,8,8,"[743,421,207,591,340,743,523,493]","[2119000,1180000,594000,1780000,1019000,2181000,1499000,1376000]",743,11748000,25
17,9,8,"[212,369,476,405,779,882,817,330]","[605000,1047000,1314000,1170000,2231000,2458000,2416000,889000]",882,12130000,13
17,10,8,"[305,325,328,772,189,355,222,1472]","[867000,946000,920000,2241000,547000,986000,619000,4386000]",1472,11512000,29
17,11,8,"[294,368,379,377,647,1306,285,282]","[839000,1045000,1175000,1017000,1855000,3892000,820000,816000]",1306,11459000,21
17,12,8,"[789,694,251,778,363,519,464,310]","[2202000,1980000,709000,2234000,1029000,1600000,1321000,866000]",789,11941000,29
17,13,8,"[154,919,506,337,286,1207,247,541]","[419000,2558000,1468000,992000,806000,3544000,681000,1528000]",1207,11996000,17
17,14,8,"[816,352,160,152,1431,355,174,654]","[2234000,1024000,446000,433000,4287000,959000,486000,1914000]",1431,11783000,19
17,15,8,"[595,1134,229,414,360,239,723,346]","[1725000,3296000,638000,1236000,1032000,694000,2015000,1031000]",1134,11667000,19
17,16,8,"[196,269,341,406,189,231,303,2251]","[569000,757000,1027000,1174000,524000,670000,909000,6319000]",2251,11949000,29
17,17,8,"[507,712,287,955,191,367,798,402]","[1421000,2006000,877000,2743000,538000,1053000,2239000,1141000]",955,12018000,17
17,18,8,"[546,796,297,129,245,614,317,1082]","[1575000,2272000,834000,338000,742000,1830000,886000,3163000]",1082,11640000,31
17,19,8,"[477,1084,187,206,1364,168,288,553]","[1380000,3063000,527000,586000,3886000,456000,820000,1535000]",1364,12253000,29
17,20,8,"[237,220,325,464,1445,447,236,445]","[690000,635000,928000,1346000,4315000,1310000,673000,1316000]",1445,11213000,25
17,21,8,"[153,871,524,333,490,1009,493,351]","[422000,2419000,1480000,906000,1387000,3029000,1429000,988000]",1009,12060000,17
17,22,8,"[705,264,246,327,816,734,508,661]","[2007000,725000,687000,938000,2304000,2047000,1480000,1925000]",816,12113000,27
17,23,8,"[952,116,129,457,1193,287,304,533]","[2680000,300000,369000,1334000,3505000,856000,860000,1626000]",1193,11530000,15
17,24,8,"[301,258,843,209,893,771,318,459]","[863000,745000,2462000,616000,2621000,2129000,979000,1291000]",893,11706000,29
17,25,8,"[467,157,1020,498,114,347,1046,587]","[1369000,434000,2775000,1407000,336000,1018000,3034000,1693000]",1046,12066000,29
17,26,8,"[992,316,505,645,407,600,465,222]","[2854000,909000,1443000,1869000,1202000,1660000,1335000,635000]",992,11907000,17
17,27,8,"[905,275,287,934,168,899,327,367]","[2668000,751000,760000,2630000,495000,2623000,942000,1069000]",934,11938000,23
17,28,8,"[843,598,512,435,268,554,488,512]","[2412000,1721000,1489000,1213000,726000,1633000,1365000,1462000]",843,12021000,33
17,29,8,"[423,160,224,913,295,937,832,319]","[1233000,470000,631000,2573000,841000,2751000,2332000,953000]",937,11784000,17
17,30,8,"[535,307,178,268,302,1299,678,292]","[1574000,933000,486000,827000,904000,3759000,1968000,860000]",1299,11311000,31
17,31,8,"[536,1188,200,322,366,358,722,542]","[1543000,3426000,555000,922000,1053000,983000,2025000,1534000]",1188,12041000,21
17,32,8,"[779,474,462,247,593,644,533,756]","[2127000,1404000,1338000,674000,1699000,1800000,1431000,2136000]",779,12609000,23
17,33,8,"[1034,257,565,417,96,619,605,421]","[3034000,759000,1600000,1281000,268000,1741000,1718000,1187000]",1034,11588000,17
17,34,8,"[348,1293,137,216,178,1259,324,315]","[1002000,3699000,395000,612000,530000,3664000,984000,853000]",1293,11739000,31
17,35,8,"[304,1173,954,630,311,155,291,316]","[860000,3417000,2776000,1764000,850000,451000,852000,887000]",1173,11857000,23
17,36,8,"[374,488,650,1189,214,443,377,411]","[1006000,1398000,1840000,3528000,602000,1231000,1063000,1197000]",1189,11865000,21
17,37,8,"[389,362,438,443,463,989,166,1029]","[1055000,1008000,1239000,1295000,1297000,2770000,470000,3015000]",1029,12149000,19
17,38,8,"[534,897,266,1032,120,333,325,427]","[1569000,2637000,782000,3110000,312000,926000,892000,1231000]",1032,11459000,29
17,39,8,"[362,468,638,410,479,387,1077,377]","[1051000,1332000,1850000,1173000,1375000,1104000,3083000,1071000]",1077,12039000,15
17,40,8,"[290,257,673,527,960,820,389,299]","[787000,718000,1893000,1483000,2824000,2415000,1042000,853000]",960,12015000,37
18,1,8,"[428,366,687,565,479,530,632,230]","[1175000,1059000,1992000,1572000,1357000,1529000,1799000,647000]",687,11130000,37
18,2,8,"[407,586,564,332,772,560,365,406]","[1128000,1631000,1614000,970000,2168000,1590000,1027000,1154000]",772,11282000,19
18,3,8,"[283,384,134,977,723,278,113,715]","[830000,1081000,385000,2883000,2102000,835000,304000,2130000]",977,10550000,45
18,4,8,"[423,621,246,257,461,353,1016,587]","[1162000,1737000,669000,721000,1297000,1004000,2982000,1660000]",1016,11232000,27
18,5,8,"[942,366,712,446,267,333,470,260]","[2685000,1074000,1982000,1267000,770000,935000,1399000,769000]",942,10881000,13
18,6,8,"[366,644,287,624,928,663,322,217]","[1011000,1824000,813000,1779000,2606000,1899000,899000,578000]",928,11409000,21
18,7,8,"[780,709,276,497,552,297,247,424]","[2259000,1971000,840000,1400000,1606000,885000,683000,1199000]",780,10843000,23
18,8,8,"[716,650,408,483,695,342,421,187]","[2119000,1864000,1176000,1319000,1999000,921000,1196000,520000]",716,11114000,13
18,9,8,"[404,827,401,473,507,528,652,166]","[1196000,2325000,1157000,1323000,1451000,1471000,1817000,479000]",827,11219000,27
18,10,8,"[463,583,341,222,183,284,1629,272]","[1367000,1592000,1007000,620000,527000,850000,4467000,815000]",1629,11245000,49
18,11,8,"[174,359,180,177,1092,624,584,634]","[483000,1032000,503000,507000,3231000,1769000,1632000,1775000]",1092,10932000,31
18,12,8,"[342,872,487,213,382,812,523,377]","[939000,2494000,1397000,583000,1048000,2285000,1433000,1124000]",872,11303000,21
18,13,8,"[332,408,519,435,198,433,714,680]","[944000,1155000,1453000,1218000,579000,1305000,2101000,1966000]",714,10721000,53
18,14,8,"[592,328,474,320,212,1047,517,219]","[1635000,989000,1351000,870000,589000,3092000,1556000,615000]",1047,10697000,21
18,15,8,"[378,478,810,475,661,214,385,392]","[1088000,1334000,2358000,1411000,1910000,580000,1101000,1114000]",810,10896000,27
18,16,8,"[266,258,370,696,728,541,655,317]","[776000,757000,1061000,1976000,2079000,1479000,1852000,977000]",728,10957000,19
18,17,8,"[961,320,776,531,302,318,387,233]","[2817000,961000,2170000,1483000,838000,954000,1068000,679000]",961,10970000,29
18,18,8,"[1198,238,483,524,287,265,640,204]","[3521000,640000,1361000,1411000,839000,788000,1805000,594000]",1198,10959000,27
18,19,8,"[519,230,527,389,706,305,731,526]","[1449000,626000,1519000,1122000,2000000,841000,2086000,1520000]",731,11163000,33
18,20,8,"[470,271,585,467,222,209,355,1278]","[1315000,779000,1668000,1274000,606000,608000,980000,3761000]",1278,10991000,33
18,21,8,"[502,572,551,262,565,347,569,483]","[1442000,1673000,1544000,764000,1596000,985000,1633000,1389000]",572,11026000,21
18,22,8,"[442,138,329,533,423,715,575,551]","[1265000,384000,960000,1522000,1197000,2134000,1654000,1618000]",715,10734000,25
18,23,8,"[389,382,544,659,456,592,271,532]","[1147000,1103000,1597000,1876000,1282000,1645000,752000,1559000]",659,10961000,45
18,24,8,"[687,973,299,197,214,440,212,609]","[1989000,2822000,898000,549000,620000,1309000,625000,1754000]",973,10566000,53
18,25,8,"[222,232,481,355,572,942,343,649]","[651000,638000,1377000,992000,1661000,2828000,948000,1805000]",942,10900000,29
18,26,8,"[1524,393,148,177,410,432,452,422]","[4329000,1124000,403000,477000,1141000,1252000,1239000,1216000]",1524,11181000,27
18,27,8,"[845,723,323,272,341,723,428,367]","[2395000,2012000,868000,733000,947000,2076000,1234000,1082000]",845,11347000,25
18,28,8,"[494,165,599,241,209,344,1629,326]","[1401000,470000,1678000,664000,566000,963000,4581000,961000]",1629,11284000,19
18,29,8,"[549,696,360,549,593,253,421,394]","[1556000,1991000,1027000,1556000,1750000,719000,1166000,1155000]",696,10920000,27
18,30,8,"[911,605,372,942,193,276,272,255]","[2654000,1783000,1032000,2640000,531000,771000,793000,732000]",942,10936000,35
18,31,8,"[176,502,821,1189,465,129,309,423]","[499000,1452000,2333000,3396000,1278000,363000,852000,1171000]",1189,11344000,29
18,32,8,"[339,272,429,411,676,489,1021,292]","[952000,816000,1234000,1134000,1852000,1373000,2966000,815000]",1021,11142000,13
18,33,8,"[386,474,553,575,209,880,401,398]","[1131000,1344000,1562000,1675000,573000,2514000,1153000,1090000]",880,11042000,19
18,34,8,"[471,773,512,799,333,200,311,414]","[1407000,2224000,1431000,2253000,978000,541000,932000,1169000]",799,10935000,39
18,35,8,"[291,1071,482,214,312,320,567,494]","[874000,3129000,1344000,612000,936000,883000,1638000,1382000]",1071,10798000,17
18,36,8,"[555,637,231,398,143,571,973,182]","[1679000,1766000,652000,1126000,409000,1649000,2894000,544000]",973,10719000,25
18,37,8,"[589,302,671,341,390,326,565,641]","[1688000,828000,1934000,955000,1170000,954000,1601000,1818000]",671,10948000,27
18,38,8,"[399,257,487,720,474,434,178,1100]","[1130000,745000,1388000,2065000,1322000,1172000,499000,3072000]",1100,11393000,25
18,39,8,"[374,297,317,535,800,291,216,841]","[1071000,852000,890000,1574000,2296000,827000,584000,2536000]",841,10630000,35
18,40,8,"[876,475,865,177,209,308,385,655]","[2543000,1301000,2420000,483000,598000,886000,1128000,1844000]",876,11203000,49
19,1,8,"[343,440,476,625,293,377,322,914]","[978000,1243000,1347000,1810000,820000,1076000,905000,2701000]",914,10880000,31
19,2,8,"[446,587,506,279,563,552,467,435]","[1295000,1677000,1487000,826000,1633000,1519000,1342000,1208000]",587,10987000,25
19,3,8,"[324,521,588,364,715,730,134,386]","[906000,1552000,1746000,1053000,2056000,2031000,358000,1120000]",730,10822000,19
19,4,8,"[913,163,777,336,340,280,984,175]","[2561000,455000,2190000,914000,968000,821000,2864000,486000]",984,11259000,25
19,5,8,"[1153,547,506,431,328,168,216,506]","[3398000,1526000,1399000,1239000,958000,472000,621000,1396000]",1153,11009000,19
19,6,8,"[150,308,504,561,404,373,705,794]","[426000,877000,1407000,1656000,1150000,1069000,2004000,2290000]",794,10879000,37
19,7,8,"[799,715,294,277,205,488,468,677]","[2239000,2030000,810000,767000,602000,1402000,1371000,1910000]",799,11131000,53
19,8,8,"[269,736,505,548,639,618,318,116]","[768000,2105000,1430000,1576000,1884000,1791000,945000,304000]",736,10803000,31
19,9,8,"[391,442,761,352,312,278,480,870]","[1133000,1259000,2128000,1001000,926000,773000,1389000,2457000]",870,11066000,27
19,10,8,"[413,177,810,794,291,487,488,258]","[1162000,526000,2380000,2329000,810000,1404000,1351000,750000]",810,10712000,29
19,11,8,"[600,593,520,554,510,276,404,442]","[1743000,1686000,1473000,1533000,1439000,791000,1144000,1265000]",600,11074000,29
19,12,8,"[201,1572,465,184,645,200,101,174]","[563000,4705000,1338000,524000,1872000,592000,293000,468000]",1572,10355000,35
19,13,8,"[370,226,143,334,1392,450,489,404]","[1008000,612000,366000,932000,4098000,1279000,1400000,1171000]",1392,10866000,21
19,14,8,"[610,426,394,450,647,474,321,369]","[1724000,1233000,1132000,1377000,1864000,1388000,925000,1032000]",647,10675000,25
19,15,8,"[448,1453,502,248,313,203,490,146]","[1283000,4308000,1412000,693000,863000,565000,1367000,403000]",1453,10894000,33
19,16,8,"[331,416,716,478,195,953,179,417]","[919000,1242000,1997000,1350000,585000,2806000,526000,1200000]",953,10625000,35
19,17,8,"[673,638,558,445,390,380,525,371]","[1896000,1776000,1568000,1313000,1108000,1126000,1488000,1016000]",673,11291000,31
19,18,8,"[366,602,604,271,479,874,168,553]","[1037000,1696000,1723000,756000,1390000,2526000,447000,1532000]",874,11107000,17
19,19,8,"[409,501,252,445,244,591,771,678]","[1123000,1447000,705000,1212000,684000,1695000,2268000,1934000]",771,11068000,33
19,20,8,"[245,310,285,650,342,326,703,939]","[715000,896000,858000,1793000,1038000,909000,1986000,2685000]",939,10880000,73
19,21,8,"[286,344,285,554,643,607,534,594]","[806000,1057000,800000,1583000,1826000,1682000,1503000,1737000]",643,10994000,33
19,22,8,"[317,579,406,405,532,472,432,873]","[883000,1596000,1141000,1097000,1548000,1347000,1228000,2487000]",873,11327000,29
19,23,8,"[462,302,418,393,1399,472,358,185]","[1291000,858000,1193000,1128000,3942000,1363000,1007000,489000]",1399,11271000,31
19,24,8,"[170,737,195,1143,299,283,225,804]","[475000,2036000,533000,3375000,871000,768000,636000,2279000]",1143,10973000,39
19,25,8,"[452,236,313,434,694,833,284,666]","[1264000,654000,850000,1204000,1993000,2503000,793000,1853000]",833,11114000,19
19,26,8,"[267,784,296,133,788,245,457,717]","[798000,2231000,844000,386000,2302000,721000,1275000,2106000]",788,10663000,47
19,27,8,"[921,378,393,384,225,516,763,343]","[2652000,1115000,1091000,1119000,636000,1434000,2141000,947000]",921,11135000,25
19,28,8,"[996,525,178,287,960,218,186,450]","[2854000,1467000,503000,794000,2853000,598000,520000,1310000]",996,10899000,19
19,29,8,"[909,198,907,164,276,589,130,766]","[2632000,522000,2502000,472000,753000,1683000,353000,2255000]",909,11172000,19
19,30,8,"[293,284,295,494,203,1106,320,733]","[853000,868000,830000,1411000,568000,3280000,901000,2039000]",1106,10750000,39
19,31,8,"[310,796,885,642,473,196,156,504]","[864000,2318000,2471000,1824000,1360000,559000,426000,1381000]",885,11203000,27
19,32,8,"[299,369,515,391,796,604,323,570]","[844000,1029000,1429000,1072000,2350000,1755000,954000,1575000]",796,11008000,19
19,33,8,"[474,846,237,262,497,522,581,283]","[1387000,2538000,660000,734000,1411000,1520000,1654000,800000]",846,10704000,19
19,34,8,"[484,157,222,247,1887,324,304,208]","[1427000,439000,646000,704000,5316000,966000,837000,595000]",1887,10930000,21
19,35,8,"[905,424,289,298,375,320,906,402]","[2628000,1181000,763000,863000,1030000,909000,2595000,1156000]",906,11125000,23
19,36,8,"[807,500,301,300,401,265,401,908]","[2301000,1372000,869000,876000,1210000,711000,1146000,2569000]",908,11054000,25
19,37,8,"[461,188,652,1032,147,613,290,385]","[1325000,530000,1899000,3000000,417000,1742000,837000,1098000]",1032,10848000,29
19,38,8,"[191,378,920,297,875,200,352,571]","[499000,1127000,2704000,832000,2524000,562000,963000,1636000]",920,10847000,21
19,39,8,"[386,154,595,690,386,474,479,639]","[1141000,467000,1701000,1977000,1153000,1341000,1329000,1787000]",690,10896000,21
19,40,8,"[307,806,472,575,362,594,400,404]","[860000,2278000,1316000,1620000,1033000,1737000,1167000,1148000]",806,11159000,21
20,1,8,"[218,558,865,324,250,766,811,298]","[622000,1512000,2498000,905000,716000,2198000,2319000,815000]",865,11585000,13
20,2,8,"[248,649,630,175,642,623,402,552]","[691000,1833000,1863000,500000,1835000,1767000,1209000,1581000]",649,11279000,23
20,3,8,"[836,892,472,283,446,271,341,393]","[2308000,2591000,1315000,807000,1347000,771000,1006000,1129000]",892,11274000,27
20,4,8,"[467,789,849,408,675,488,156,227]","[1414000,2248000,2400000,1122000,1887000,1389000,432000,646000]",849,11538000,15
20,5,8,"[308,728,180,642,327,360,1131,429]","[871000,2027000,504000,1856000,906000,1012000,3198000,1248000]",1131,11622000,19
20,6,8,"[854,456,1267,177,355,301,361,192]","[2452000,1266000,3758000,486000,996000,833000,1013000,546000]",1267,11350000,23
20,7,8,"[340,484,175,892,656,596,440,393]","[895000,1370000,522000,2500000,1894000,1739000,1309000,1131000]",892,11360000,29
20,8,8,"[300,864,841,544,430,203,250,524]","[831000,2435000,2334000,1588000,1205000,592000,755000,1590000]",864,11330000,27
20,9,8,"[550,307,702,312,400,377,507,740]","[1658000,866000,1950000,879000,1151000,1054000,1473000,2179000]",740,11210000,23
20,10,8,"[405,553,655,667,293,296,286,748]","[1161000,1703000,1814000,1853000,832000,827000,815000,2204000]",748,11209000,21
20,11,8,"[135,380,610,569,276,994,622,422]","[372000,1036000,1874000,1572000,747000,2928000,1732000,1177000]",994,11438000,39
20,12,8,"[305,956,822,621,355,297,401,193]","[877000,2771000,2350000,1752000,1043000,859000,1183000,525000]",956,11360000,27
20,13,8,"[389,966,495,283,897,201,329,301]","[1084000,2827000,1340000,851000,2691000,567000,921000,863000]",966,11144000,27
20,14,8,"[1010,170,147,417,765,436,313,741]","[2965000,457000,414000,1152000,2178000,1226000,885000,2138000]",1010,11415000,45
20,15,8,"[607,573,183,685,150,1045,436,438]","[1672000,1725000,498000,1858000,418000,3011000,1214000,1232000]",1045,11628000,21
20,16,8,"[896,298,548,436,451,273,483,471]","[2567000,842000,1565000,1319000,1261000,763000,1367000,1452000]",896,11136000,19
20,17,8,"[873,396,227,436,867,146,199,617]","[2580000,1173000,663000,1262000,2529000,400000,538000,1778000]",873,10923000,35
20,18,8,"[247,1582,314,534,207,278,501,388]","[694000,4571000,886000,1486000,545000,814000,1422000,1104000]",1582,11522000,37
20,19,8,"[724,332,650,682,508,547,489,167]","[2099000,902000,1823000,1949000,1403000,1552000,1443000,436000]",724,11607000,25
20,20,8,"[1200,236,278,347,959,285,344,466]","[3364000,649000,804000,952000,2749000,807000,1021000,1281000]",1200,11627000,17
20,21,8,"[420,503,729,780,738,400,179,216]","[1219000,1455000,2039000,2235000,2139000,1147000,492000,615000]",780,11341000,29
20,22,8,"[375,283,270,926,406,758,218,548]","[1116000,803000,735000,2728000,1112000,2241000,613000,1641000]",926,10989000,31
20,23,8,"[959,381,859,550,385,313,205,336]","[2770000,1134000,2435000,1533000,1111000,864000,571000,955000]",959,11373000,25
20,24,8,"[499,361,339,157,712,1251,157,388]","[1391000,1043000,984000,422000,2063000,3724000,427000,1084000]",1251,11138000,19
20,25,8,"[550,356,128,155,693,1312,234,467]","[1535000,1069000,360000,445000,1947000,3911000,645000,1303000]",1312,11215000,25
20,26,8,"[529,391,237,639,658,288,589,481]","[1555000,1141000,651000,1859000,1924000,816000,1763000,1343000]",658,11052000,31
20,27,8,"[427,206,318,567,1277,907,238,206]","[1244000,565000,870000,1578000,3647000,2554000,698000,556000]",1277,11712000,21
20,28,8,"[596,460,691,734,163,437,208,531]","[1756000,1398000,2007000,2097000,456000,1242000,582000,1508000]",734,11046000,31
20,29,8,"[721,227,374,529,870,483,560,201]","[2063000,665000,1041000,1494000,2514000,1377000,1624000,585000]",870,11363000,23
20,30,8,"[200,373,236,601,619,217,848,1061]","[541000,1112000,649000,1708000,1781000,584000,2338000,3021000]",1061,11734000,19
20,31,8,"[693,262,683,423,967,469,430,284]","[1929000,716000,1918000,1236000,2624000,1333000,1289000,814000]",967,11859000,23
20,32,8,"[1154,407,501,357,372,368,376,482]","[3292000,1210000,1420000,1032000,1035000,1006000,1082000,1369000]",1154,11446000,19
20,33,8,"[218,861,835,234,259,185,856,528]","[625000,2453000,2402000,622000,767000,524000,2439000,1524000]",861,11356000,25
20,34,8,"[696,230,733,209,568,757,238,509]","[1940000,664000,2098000,582000,1648000,2237000,668000,1468000]",757,11305000,21
20,35,8,"[655,134,205,424,364,523,447,1181]","[1884000,373000,567000,1178000,981000,1496000,1224000,3569000]",1181,11272000,21
20,36,8,"[556,223,701,420,169,491,715,624]","[1597000,665000,2019000,1212000,470000,1389000,2096000,1778000]",715,11226000,19
20,37,8,"[622,385,176,338,452,296,1183,401]","[1802000,1109000,490000,943000,1312000,833000,3500000,1124000]",1183,11113000,25
20,38,8,"[234,283,273,282,327,1686,228,285]","[696000,815000,783000,777000,974000,5069000,709000,782000]",1686,10605000,47
20,39,8,"[308,758,289,435,770,749,337,278]","[967000,2129000,793000,1190000,2203000,2217000,965000,793000]",770,11257000,23
20,40,8,"[393,511,328,589,203,508,665,708]","[1138000,1430000,950000,1640000,553000,1487000,1944000,2084000]",708,11226000,23
21,1,8,"[529,455,756,603,186,732,433,241]","[1455000,1302000,2187000,1713000,500000,2108000,1271000,661000]",756,11197000,31
21,2,8,"[255,411,770,1265,389,184,311,300]","[700000,1149000,2136000,3742000,1127000,551000,889000,835000]",1265,11129000,21
21,3,8,"[145,603,441,622,614,552,347,610]","[410000,1739000,1264000,1746000,1729000,1592000,1015000,1729000]",622,11224000,25
21,4,8,"[292,887,503,485,328,568,577,312]","[813000,2543000,1354000,1399000,931000,1613000,1625000,942000]",887,11220000,23
21,5,8,"[641,698,199,195,827,678,567,254]","[1849000,2008000,507000,552000,2371000,1907000,1563000,698000]",827,11455000,27
21,6,8,"[152,496,194,325,946,320,399,1002]","[409000,1371000,538000,920000,2759000,937000,1161000,2910000]",1002,11005000,29
21,7,8,"[817,316,453,356,571,302,338,676]","[2377000,885000,1264000,1024000,1679000,874000,953000,1934000]",817,10990000,33
21,8,8,"[1011,459,428,330,810,299,318,338]","[2927000,1312000,1188000,967000,2262000,865000,842000,932000]",1011,11295000,17
21,9,8,"[227,371,756,624,177,361,532,904]","[670000,1087000,2127000,1806000,471000,1031000,1458000,2578000]",904,11228000,17
21,10,8,"[845,274,327,585,214,461,308,855]","[2490000,760000,914000,1641000,599000,1349000,931000,2397000]",855,11081000,27
21,11,8,"[698,634,284,692,262,242,410,698]","[2002000,1766000,800000,1992000,776000,685000,1151000,1997000]",698,11169000,23
21,12,8,"[238,944,184,934,309,912,268,287]","[695000,2716000,493000,2558000,903000,2523000,764000,839000]",944,11491000,29
21,13,8,"[164,296,322,891,537,390,449,949]","[442000,817000,887000,2518000,1500000,1159000,1252000,2745000]",949,11320000,25
21,14,8,"[314,508,395,674,357,354,635,741]","[871000,1490000,1156000,1935000,999000,978000,1753000,2109000]",741,11291000,27
21,15,8,"[319,1118,686,310,310,227,821,224]","[878000,3174000,1913000,898000,883000,685000,2332000,603000]",1118,11366000,39
21,16,8,"[221,871,326,260,1090,173,701,431]","[628000,2451000,914000,727000,3077000,505000,1946000,1235000]",1090,11483000,25
21,17,8,"[560,1388,257,700,278,258,140,233]","[1635000,4079000,722000,1912000,829000,726000,403000,640000]",1388,10946000,33
21,18,8,"[767,149,406,262,301,203,776,924]","[2183000,407000,1155000,746000,854000,586000,2256000,2727000]",924,10914000,37
21,19,8,"[246,1237,374,385,175,526,369,469]","[698000,3707000,1075000,1034000,479000,1483000,1062000,1380000]",1237,10918000,33
21,20,8,"[744,777,505,385,421,254,312,594]","[2169000,2118000,1398000,1123000,1217000,746000,881000,1683000]",777,11335000,33
21,21,8,"[223,365,1284,393,161,313,714,223]","[641000,1033000,3812000,1140000,443000,878000,2093000,646000]",1284,10686000,41
21,22,8,"[316,168,436,562,230,395,1317,195]","[913000,455000,1239000,1690000,685000,1153000,3874000,561000]",1317,10570000,33
21,23,8,"[695,568,640,181,658,330,502,363]","[1994000,1640000,1805000,499000,1855000,943000,1413000,1032000]",695,11181000,25
21,24,8,"[249,633,358,231,686,538,451,580]","[681000,1884000,1053000,669000,1999000,1529000,1352000,1668000]",686,10835000,41
21,25,8,"[971,704,195,163,850,370,506,180]","[2839000,1966000,546000,476000,2360000,1058000,1454000,512000]",971,11211000,15
21,26,8,"[335,632,612,255,727,277,454,572]","[958000,1807000,1799000,710000,2102000,794000,1301000,1580000]",727,11051000,43
21,27,8,"[144,939,248,496,988,248,463,454]","[401000,2628000,686000,1439000,2841000,674000,1295000,1328000]",988,11292000,33
21,28,8,"[447,315,213,605,1082,485,375,456]","[1221000,866000,564000,1717000,3163000,1441000,1053000,1268000]",1082,11293000,27
21,29,8,"[356,842,241,1007,577,488,246,261]","[998000,2314000,723000,2851000,1694000,1387000,684000,747000]",1007,11398000,27
21,30,8,"[353,899,700,347,471,223,243,790]","[990000,2602000,1875000,1008000,1340000,638000,687000,2234000]",899,11374000,27
21,31,8,"[1170,750,459,88,334,437,388,308]","[3405000,2156000,1272000,221000,950000,1258000,1094000,871000]",1170,11227000,37
21,32,8,"[483,779,350,477,711,186,584,320]","[1447000,2287000,945000,1362000,1961000,546000,1663000,899000]",779,11110000,43
21,33,8,"[363,188,195,541,720,953,556,383]","[1064000,514000,516000,1595000,2011000,2754000,1595000,1075000]",953,11124000,23
21,34,8,"[217,512,435,336,1010,425,637,227]","[614000,1460000,1227000,964000,2975000,1229000,1819000,667000]",1010,10955000,27
21,35,8,"[231,994,366,386,466,286,564,664]","[696000,2799000,1055000,1089000,1329000,800000,1647000,1838000]",994,11253000,15
21,36,8,"[385,852,446,337,536,853,292,226]","[1049000,2388000,1259000,961000,1524000,2508000,838000,649000]",853,11176000,31
21,37,8,"[583,719,362,254,490,560,567,389]","[1666000,2056000,1069000,724000,1379000,1603000,1577000,1107000]",719,11181000,41
21,38,8,"[169,339,265,406,941,950,429,430]","[482000,949000,728000,1145000,2588000,2829000,1197000,1257000]",950,11175000,21
21,39,8,"[418,585,1074,507,439,256,241,532]","[1172000,1695000,2961000,1448000,1260000,770000,691000,1436000]",1074,11433000,55
21,40,8,"[127,702,454,635,825,641,246,237]","[374000,2023000,1313000,1805000,2416000,1755000,717000,681000]",825,11084000,29
22,1,8,"[367,358,641,369,883,302,867,336]","[1097000,1048000,1804000,1068000,2507000,862000,2478000,981000]",883,11845000,17
22,2,8,"[326,545,733,770,666,373,367,427]","[901000,1486000,2071000,2293000,1912000,1076000,1042000,1211000]",770,11992000,19
22,3,8,"[230,593,669,624,163,844,233,922]","[672000,1703000,1918000,1736000,449000,2474000,661000,2567000]",922,12180000,41
22,4,8,"[395,496,1065,804,413,227,323,252]","[1156000,1412000,3157000,2348000,1222000,624000,943000,696000]",1065,11558000,27
22,5,8,"[417,613,642,324,309,672,661,377]","[1214000,1763000,1877000,958000,885000,1911000,1964000,1042000]",672,11614000,21
22,6,8,"[292,878,477,406,593,517,509,679]","[801000,2557000,1320000,1178000,1683000,1445000,1488000,1839000]",878,12311000,37
22,7,8,"[736,758,302,767,670,459,270,403]","[2148000,2152000,806000,2158000,1907000,1256000,758000,1145000]",767,12330000,17
22,8,8,"[470,226,410,914,933,251,384,650]","[1325000,629000,1213000,2640000,2627000,743000,1083000,1807000]",933,12067000,27
22,9,8,"[545,915,263,209,314,887,456,540]","[1597000,2679000,711000,616000,895000,2509000,1243000,1610000]",915,11860000,17
22,10,8,"[213,673,1231,215,257,1215,219,357]","[606000,1884000,3439000,625000,694000,3521000,608000,966000]",1231,12343000,25
22,11,8,"[349,495,460,437,821,1027,111,567]","[956000,1405000,1259000,1212000,2395000,2979000,300000,1614000]",1027,12120000,19
22,12,8,"[254,517,290,847,314,725,464,710]","[705000,1466000,823000,2453000,919000,2081000,1303000,2102000]",847,11852000,27
22,13,8,"[489,298,100,915,458,935,760,315]","[1393000,863000,257000,2697000,1324000,2650000,2084000,887000]",935,12155000,19
22,14,8,"[759,401,300,188,766,457,648,669]","[2190000,1141000,860000,494000,2190000,1355000,1795000,1966000]",766,11991000,37
22,15,8,"[413,610,453,274,383,423,560,1190]","[1216000,1680000,1270000,740000,1081000,1233000,1609000,3373000]",1190,12202000,19
22,16,8,"[725,348,515,403,761,365,339,767]","[1994000,974000,1473000,1102000,2206000,1024000,977000,2289000]",767,12039000,17
22,17,8,"[960,375,450,473,431,1038,288,287]","[2654000,1035000,1281000,1398000,1276000,2876000,847000,806000]",1038,12173000,23
22,18,8,"[305,1074,358,327,891,708,329,378]","[895000,3057000,989000,960000,2520000,1930000,892000,1098000]",1074,12341000,17
22,19,8,"[341,1055,480,340,387,505,741,213]","[973000,3048000,1331000,1023000,1122000,1469000,2170000,585000]",1055,11721000,31
22,20,8,"[513,792,571,520,500,249,404,668]","[1440000,2256000,1637000,1495000,1474000,691000,1153000,1882000]",792,12028000,25
22,21,8,"[422,356,600,1189,211,463,179,1102]","[1170000,1052000,1695000,3281000,597000,1331000,514000,3001000]",1189,12641000,19
22,22,8,"[520,207,724,617,1110,177,284,529]","[1439000,559000,2085000,1756000,3320000,531000,742000,1478000]",1110,11910000,21
22,23,8,"[718,338,359,281,241,855,205,1292]","[2008000,976000,988000,796000,671000,2415000,614000,3712000]",1292,12180000,25
22,24,8,"[820,560,321,795,579,380,407,363]","[2384000,1603000,906000,2231000,1696000,1050000,1131000,1039000]",820,12040000,17
22,25,8,"[462,891,689,211,297,660,279,781]","[1305000,2571000,1897000,617000,885000,1905000,789000,2179000]",891,12148000,23
22,26,8,"[434,332,306,1208,163,712,159,719]","[1291000,957000,902000,3550000,428000,1999000,431000,2116000]",1208,11674000,25
22,27,8,"[993,1142,193,150,279,483,454,596]","[2796000,3324000,548000,422000,775000,1361000,1276000,1663000]",1142,12165000,27
22,28,8,"[431,553,160,468,416,376,363,1251]","[1216000,1559000,455000,1299000,1187000,1148000,1066000,3704000]",1251,11634000,21
22,29,8,"[349,320,431,394,581,460,355,996]","[1027000,875000,1231000,1086000,1671000,1394000,1136000,2964000]",996,11384000,39
22,30,8,"[334,1445,1001,198,343,217,411,424]","[974000,4051000,2749000,560000,991000,626000,1143000,1227000]",1445,12321000,19
22,31,8,"[332,504,1220,647,368,240,380,427]","[915000,1503000,3602000,1825000,1097000,699000,1056000,1139000]",1220,11836000,31
22,32,8,"[488,1713,642,152,348,421,375,159]","[1384000,4884000,1854000,409000,955000,1190000,1068000,441000]",1713,12185000,25
22,33,8,"[251,271,312,291,748,1106,393,711]","[724000,788000,905000,849000,2022000,3319000,1137000,2022000]",1106,11766000,31
22,34,8,"[476,803,636,435,523,533,240,568]","[1363000,2273000,1838000,1266000,1469000,1504000,699000,1586000]",803,11998000,19
22,35,8,"[273,636,314,345,108,357,1622,496]","[774000,1699000,871000,993000,294000,975000,4873000,1416000]",1622,11895000,33
22,36,8,"[642,324,165,595,256,575,920,589]","[1782000,924000,432000,1796000,773000,1684000,2638000,1683000]",920,11712000,27
22,37,8,"[339,1157,380,595,505,476,506,318]","[986000,3353000,1020000,1669000,1444000,1310000,1459000,912000]",1157,12153000,15
22,38,8,"[1016,269,276,637,364,431,357,1048]","[2869000,757000,789000,1772000,1001000,1207000,1017000,2977000]",1048,12389000,19
22,39,8,"[130,659,756,554,681,522,718,279]","[380000,1822000,2226000,1570000,1931000,1451000,2013000,786000]",756,12179000,25
22,40,8,"[579,625,499,573,555,442,177,759]","[1670000,1775000,1377000,1683000,1518000,1259000,471000,2256000]",759,12009000,45
23,1,8,"[798,380,512,448,232,589,805,234]","[2334000,1072000,1471000,1217000,680000,1700000,2342000,693000]",805,11509000,21
23,2,8,"[142,338,486,333,409,827,1426,297]","[396000,955000,1341000,937000,1166000,2392000,4039000,818000]",1426,12044000,29
23,3,8,"[827,319,426,865,400,780,217,385]","[2306000,941000,1194000,2513000,1147000,2238000,590000,1052000]",865,11981000,25
23,4,8,"[468,609,391,384,600,637,572,329]","[1292000,1788000,1171000,1062000,1752000,1879000,1612000,970000]",637,11526000,27
23,5,8,"[239,379,1117,849,275,359,325,358]","[673000,1102000,3304000,2442000,770000,1060000,986000,986000]",1117,11323000,21
23,6,8,"[293,1167,682,650,243,293,259,543]","[793000,3402000,1959000,1839000,675000,868000,719000,1541000]",1167,11796000,19
23,7,8,"[365,446,482,289,623,995,548,318]","[1035000,1302000,1363000,777000,1790000,2932000,1555000,900000]",995,11654000,21
23,8,8,"[560,625,463,477,448,624,672,379]","[1536000,1716000,1300000,1378000,1241000,1845000,1867000,1150000]",672,12033000,51
23,9,8,"[298,1377,593,262,750,270,172,367]","[848000,4080000,1650000,702000,2165000,789000,476000,1007000]",1377,11717000,31
23,10,8,"[347,254,617,289,972,711,196,793]","[983000,718000,1771000,818000,2759000,2005000,542000,2272000]",972,11868000,23
23,11,8,"[645,209,636,521,477,979,369,349]","[1794000,598000,1864000,1468000,1284000,2922000,1028000,968000]",979,11926000,19
23,12,8,"[391,454,282,555,355,317,1069,657]","[1130000,1296000,834000,1643000,1008000,925000,3008000,1858000]",1069,11702000,21
23,13,8,"[165,269,221,264,772,640,807,975]","[465000,781000,604000,782000,2160000,1865000,2330000,2778000]",975,11765000,33
23,14,8,"[273,543,299,139,836,263,885,700]","[783000,1557000,815000,410000,2432000,754000,2610000,2027000]",885,11388000,23
23,15,8,"[365,352,483,1188,176,731,299,574]","[1068000,989000,1385000,3288000,486000,2197000,810000,1637000]",1188,11860000,23
23,16,8,"[296,743,228,584,351,344,653,1085]","[789000,2046000,653000,1666000,960000,993000,1861000,3119000]",1085,12087000,27
23,17,8,"[305,375,1180,240,325,895,247,352]","[824000,1066000,3546000,704000,944000,2500000,719000,1042000]",1180,11345000,19
23,18,8,"[589,251,204,890,472,1264,204,290]","[1619000,705000,544000,2463000,1364000,3741000,585000,804000]",1264,11825000,15
23,19,8,"[672,552,507,724,570,484,300,419]","[1881000,1559000,1409000,2117000,1654000,1407000,807000,1164000]",724,11998000,27
23,20,8,"[1074,286,319,516,549,251,1086,186]","[3021000,753000,930000,1473000,1541000,745000,3075000,513000]",1086,12051000,23
23,21,8,"[271,486,740,240,801,427,650,549]","[766000,1335000,2100000,673000,2293000,1222000,1882000,1579000]",801,11850000,9
23,22,8,"[332,567,987,545,441,206,513,502]","[928000,1632000,2865000,1551000,1275000,577000,1390000,1494000]",987,11712000,35
23,23,8,"[890,167,475,514,630,978,149,229]","[2539000,448000,1346000,1426000,1826000,2969000,437000,622000]",978,11613000,27
23,24,8,"[235,1068,685,256,491,335,682,268]","[629000,3154000,1979000,704000,1390000,962000,1935000,792000]",1068,11545000,17
23,25,8,"[645,212,1085,434,633,468,255,376]","[1791000,584000,3181000,1231000,1821000,1330000,732000,1064000]",1085,11734000,37
23,26,8,"[463,287,561,591,597,682,418,446]","[1367000,819000,1585000,1696000,1735000,1928000,1226000,1293000]",682,11649000,31
23,27,8,"[490,348,798,348,351,368,774,730]","[1374000,1059000,2231000,974000,1004000,1083000,2143000,2049000]",798,11917000,25
23,28,8,"[846,430,438,290,183,264,772,979]","[2475000,1225000,1241000,820000,510000,784000,2124000,2747000]",979,11926000,33
23,29,8,"[321,536,572,338,319,971,613,403]","[925000,1451000,1630000,979000,935000,2860000,1732000,1175000]",971,11687000,25
23,30,8,"[1040,300,385,395,606,440,348,365]","[3063000,924000,1074000,1152000,1701000,1282000,1027000,1096000]",1040,11319000,43
23,31,8,"[272,280,400,726,718,348,351,726]","[808000,856000,1124000,2158000,2081000,1056000,1017000,2080000]",726,11180000,37
23,32,8,"[603,201,200,223,354,1511,648,256]","[1701000,591000,536000,600000,1018000,4534000,1806000,728000]",1511,11514000,27
23,33,8,"[246,185,599,570,991,330,750,655]","[708000,499000,1651000,1674000,2773000,979000,2029000,1857000]",991,12170000,23
23,34,8,"[492,452,534,534,554,398,735,370]","[1373000,1349000,1574000,1561000,1621000,1121000,2027000,1040000]",735,11666000,19
23,35,8,"[217,1125,925,416,374,490,423,185]","[602000,3270000,2612000,1192000,1153000,1305000,1213000,479000]",1125,11826000,39
23,36,8,"[1168,194,551,498,238,231,384,737]","[3411000,533000,1570000,1447000,674000,660000,1101000,2129000]",1168,11525000,19
23,37,8,"[189,851,533,569,848,372,285,532]","[549000,2403000,1526000,1603000,2436000,1062000,781000,1529000]",851,11889000,33
23,38,8,"[481,304,732,529,369,479,481,753]","[1399000,875000,2025000,1516000,1128000,1362000,1313000,2172000]",753,11790000,31
23,39,8,"[610,409,375,585,481,662,552,480]","[1765000,1145000,1083000,1677000,1367000,1916000,1536000,1383000]",662,11872000,17
23,40,8,"[181,103,1065,293,1077,153,675,568]","[494000,275000,2991000,822000,3168000,462000,1914000,1630000]",1077,11756000,25
24,1,8,"[342,539,503,373,573,179,1864,126]","[1020000,1507000,1422000,1049000,1626000,490000,5214000,330000]",1864,12658000,23
24,2,8,"[486,246,561,1075,262,855,746,205]","[1406000,747000,1566000,2985000,751000,2430000,2070000,563000]",1075,12518000,29
24,3,8,"[637,905,434,999,234,397,468,278]","[1758000,2509000,1265000,2861000,638000,1178000,1395000,777000]",999,12381000,49
24,4,8,"[809,207,188,888,147,732,425,805]","[2239000,587000,520000,2540000,402000,2206000,1241000,2300000]",888,12035000,15
24,5,8,"[471,863,550,279,278,876,364,485]","[1335000,2445000,1568000,761000,775000,2654000,1060000,1369000]",876,11967000,17
24,6,8,"[870,496,688,763,242,410,246,356]","[2626000,1416000,1990000,2139000,718000,1168000,696000,1016000]",870,11769000,19
24,7,8,"[929,324,499,524,570,238,523,545]","[2620000,914000,1425000,1552000,1716000,673000,1467000,1583000]",929,11950000,21
24,8,8,"[655,1011,461,357,650,410,433,337]","[1943000,2956000,1259000,1023000,1761000,1130000,1259000,930000]",1011,12261000,19
24,9,8,"[470,463,486,512,923,436,385,544]","[1303000,1301000,1391000,1449000,2734000,1207000,1105000,1604000]",923,12094000,23
24,10,8,"[277,698,809,245,825,282,287,864]","[800000,1960000,2227000,711000,2403000,770000,833000,2499000]",864,12203000,35
24,11,8,"[252,682,1047,645,348,539,382,411]","[732000,1946000,2928000,1838000,974000,1582000,1117000,1143000]",1047,12260000,17
24,12,8,"[195,295,296,608,616,930,909,405]","[567000,801000,843000,1725000,1814000,2593000,2648000,1149000]",930,12140000,25
24,13,8,"[293,643,694,617,718,521,589,276]","[826000,1826000,1958000,1833000,1977000,1486000,1657000,780000]",718,12343000,17
24,14,8,"[297,703,284,411,553,667,630,672]","[861000,2026000,808000,1153000,1589000,1896000,1825000,1892000]",703,12050000,21
24,15,8,"[943,953,404,404,482,534,297,267]","[2693000,2716000,1177000,1127000,1363000,1562000,797000,786000]",953,12221000,31
24,16,8,"[259,853,386,679,326,320,297,932]","[734000,2514000,1114000,1949000,917000,928000,882000,2703000]",932,11741000,31
24,17,8,"[709,222,538,891,612,355,494,337]","[1977000,660000,1602000,2585000,1744000,1018000,1435000,947000]",891,11968000,21
24,18,8,"[454,656,444,497,637,257,497,719]","[1339000,1930000,1329000,1440000,1791000,781000,1374000,2018000]",719,12002000,25
24,19,8,"[714,296,517,451,640,373,704,604]","[2025000,805000,1501000,1310000,1832000,1052000,2033000,1659000]",714,12217000,19
24,20,8,"[307,534,273,699,721,559,334,741]","[879000,1491000,799000,1961000,2159000,1616000,920000,2143000]",741,11968000,19
24,21,8,"[378,612,403,510,209,284,969,788]","[1093000,1719000,1196000,1437000,607000,807000,2851000,2251000]",969,11961000,27
24,22,8,"[640,278,896,343,254,666,539,864]","[1833000,775000,2545000,928000,715000,1869000,1545000,2394000]",896,12604000,19
24,23,8,"[1203,415,476,288,848,248,464,461]","[3357000,1208000,1381000,846000,2424000,693000,1266000,1297000]",1203,12472000,15
24,24,8,"[354,794,203,269,417,869,821,532]","[1008000,2267000,622000,769000,1188000,2425000,2403000,1481000]",869,12163000,29
24,25,8,"[402,798,494,392,807,412,298,641]","[1179000,2310000,1385000,1146000,2351000,1139000,832000,1819000]",807,12161000,21
24,26,8,"[367,245,331,1479,328,424,526,485]","[1041000,712000,995000,4159000,890000,1220000,1559000,1469000]",1479,12045000,25
24,27,8,"[1050,227,154,209,362,294,1026,790]","[3108000,649000,413000,586000,1015000,786000,2986000,2322000]",1050,11865000,29
24,28,8,"[318,441,682,318,546,1045,434,471]","[894000,1262000,1999000,891000,1506000,2978000,1279000,1362000]",1045,12171000,23
24,29,8,"[544,382,415,454,257,315,494,1273]","[1490000,1079000,1180000,1327000,763000,858000,1492000,3736000]",1273,11925000,27
24,30,8,"[213,584,758,708,821,197,446,581]","[649000,1615000,2221000,2031000,2304000,538000,1277000,1648000]",821,12283000,19
24,31,8,"[334,155,436,548,665,989,293,926]","[940000,424000,1268000,1624000,1852000,2752000,862000,2614000]",989,12336000,25
24,32,8,"[684,549,688,414,503,425,474,533]","[1917000,1593000,2027000,1155000,1453000,1202000,1347000,1504000]",688,12198000,13
24,33,8,"[670,514,614,504,333,1283,218,268]","[1952000,1442000,1759000,1456000,1002000,3507000,607000,731000]",1283,12456000,29
24,34,8,"[302,223,1517,351,271,719,433,350]","[855000,659000,4378000,1023000,743000,2071000,1217000,1028000]",1517,11974000,25
24,35,8,"[497,249,351,585,1000,514,457,525]","[1423000,684000,972000,1716000,3038000,1409000,1271000,1487000]",1000,12000000,27
24,36,8,"[499,733,618,563,612,583,324,342]","[1452000,2177000,1682000,1565000,1817000,1637000,916000,998000]",733,12244000,19
24,37,8,"[252,261,213,248,1057,369,1050,778]","[728000,759000,657000,680000,3008000,1030000,2937000,2287000]",1057,12086000,25
24,38,8,"[748,1047,221,726,247,436,592,166]","[2185000,3080000,622000,2088000,707000,1214000,1686000,443000]",1047,12025000,21
24,39,8,"[351,799,434,499,355,345,509,834]","[1032000,2327000,1220000,1424000,994000,962000,1468000,2502000]",834,11929000,15
24,40,8,"[397,523,1143,432,718,652,265,238]","[1166000,1489000,3264000,1235000,2056000,1808000,730000,623000]",1143,12371000,41
25,1,8,"[200,637,434,551,410,903,99,696]","[556000,1821000,1195000,1579000,1212000,2638000,258000,1962000]",903,11221000,23
25,2,8,"[505,379,499,566,360,883,569,180]","[1442000,1100000,1415000,1606000,1004000,2562000,1629000,498000]",883,11256000,27
25,3,8,"[724,472,415,356,444,214,434,811]","[2093000,1388000,1160000,981000,1321000,586000,1183000,2360000]",811,11072000,21
25,4,8,"[258,246,268,956,337,814,919,148]","[718000,685000,799000,2602000,936000,2379000,2678000,416000]",956,11213000,27
25,5,8,"[467,260,523,641,925,320,439,288]","[1324000,740000,1493000,1774000,2759000,893000,1238000,861000]",925,11082000,33
25,6,8,"[414,578,356,520,650,548,591,277]","[1248000,1657000,1030000,1493000,1843000,1519000,1671000,746000]",650,11207000,31
25,7,8,"[298,1034,712,554,238,187,393,385]","[899000,3015000,2021000,1596000,686000,548000,1116000,1105000]",1034,10986000,23
25,8,8,"[645,217,417,817,717,254,453,502]","[1792000,644000,1171000,2392000,2034000,696000,1226000,1430000]",817,11385000,19
25,9,8,"[387,176,1159,199,611,294,708,237]","[1113000,507000,3339000,560000,1765000,835000,2052000,704000]",1159,10875000,39
25,10,8,"[251,415,289,554,421,170,1125,548]","[681000,1161000,833000,1651000,1149000,523000,3297000,1596000]",1125,10891000,23
25,11,8,"[834,205,445,246,448,621,177,849]","[2389000,581000,1286000,660000,1316000,1751000,506000,2504000]",849,10993000,57
25,12,8,"[543,261,786,387,976,434,425,229]","[1508000,750000,2143000,1125000,2858000,1204000,1186000,641000]",976,11415000,19
25,13,8,"[468,533,454,553,297,432,669,362]","[1363000,1591000,1315000,1507000,843000,1219000,1983000,1048000]",669,10869000,19
25,14,8,"[175,863,498,978,384,356,455,147]","[485000,2503000,1379000,2841000,1038000,1014000,1362000,411000]",978,11033000,27
25,15,8,"[849,894,486,448,239,305,207,636]","[2460000,2545000,1381000,1282000,661000,819000,537000,1779000]",894,11464000,15
25,16,8,"[497,324,176,603,804,505,699,164]","[1436000,946000,506000,1774000,2355000,1502000,1919000,457000]",804,10895000,27
25,17,8,"[785,857,815,156,298,214,254,299]","[2326000,2437000,2377000,428000,871000,656000,730000,871000]",857,10696000,35
25,18,8,"[328,329,680,779,395,482,322,642]","[881000,928000,1891000,2271000,1147000,1420000,878000,1875000]",779,11291000,23
25,19,8,"[705,369,1160,408,192,529,155,376]","[2025000,1059000,3305000,1143000,540000,1535000,398000,1105000]",1160,11110000,25
25,20,8,"[561,527,399,167,855,267,755,303]","[1518000,1489000,1176000,466000,2501000,792000,2200000,885000]",855,11027000,29
25,21,8,"[298,1053,263,354,414,360,908,421]","[842000,3090000,742000,983000,1182000,1008000,2492000,1146000]",1053,11485000,21
25,22,8,"[446,554,435,918,291,646,289,589]","[1209000,1570000,1197000,2532000,843000,1835000,785000,1706000]",918,11677000,23
25,23,8,"[296,497,789,1026,331,247,491,246]","[811000,1374000,2199000,2970000,947000,713000,1417000,754000]",1026,11185000,21
25,24,8,"[667,356,352,572,575,587,494,171]","[1950000,1069000,1008000,1567000,1671000,1737000,1392000,484000]",667,10878000,39
25,25,8,"[265,401,485,288,925,546,357,729]","[806000,1157000,1315000,816000,2627000,1579000,996000,2025000]",925,11321000,35
25,26,8,"[499,625,703,176,823,230,573,295]","[1484000,1738000,1955000,480000,2414000,667000,1585000,851000]",823,11174000,15
25,27,8,"[277,281,749,384,351,713,695,320]","[812000,841000,2163000,1074000,1044000,2058000,2013000,865000]",749,10870000,23
25,28,8,"[592,397,730,408,424,265,522,580]","[1649000,1118000,2142000,1147000,1245000,779000,1490000,1622000]",730,11192000,21
25,29,8,"[845,452,431,328,480,494,689,293]","[2360000,1282000,1230000,911000,1375000,1440000,1936000,868000]",845,11402000,49
25,30,8,"[369,1221,310,376,341,319,421,441]","[1056000,3685000,890000,1091000,981000,861000,1189000,1188000]",1221,10941000,17
25,31,8,"[228,326,355,605,769,440,242,862]","[633000,932000,1053000,1763000,2131000,1285000,679000,2517000]",862,10993000,29
25,32,8,"[202,587,661,318,723,737,263,367]","[596000,1635000,1885000,864000,2169000,2085000,729000,1112000]",737,11075000,41
25,33,8,"[612,567,469,262,603,221,934,152]","[1731000,1587000,1333000,728000,1768000,648000,2745000,436000]",934,10976000,21
25,34,8,"[510,780,366,268,642,435,373,567]","[1483000,2242000,1043000,773000,1844000,1204000,1046000,1583000]",780,11218000,27
25,35,8,"[249,186,169,563,1774,469,349,265]","[724000,528000,459000,1546000,4981000,1378000,995000,761000]",1774,11372000,25
25,36,8,"[550,725,145,455,535,263,296,785]","[1610000,2146000,389000,1286000,1525000,730000,874000,2287000]",785,10847000,29
25,37,8,"[283,574,697,319,285,920,313,460]","[788000,1654000,1994000,932000,848000,2635000,897000,1321000]",920,11069000,29
25,38,8,"[714,372,489,513,712,737,270,158]","[2086000,1086000,1365000,1469000,1982000,2102000,758000,418000]",737,11266000,29
25,39,8,"[218,453,357,189,994,697,577,410]","[664000,1308000,995000,519000,2909000,1986000,1640000,1109000]",994,11130000,27
25,40,8,"[783,257,812,239,694,690,339,255]","[2195000,736000,2308000,670000,1943000,1980000,963000,689000]",812,11484000,27
26,1,8,"[233,496,575,639,240,675,721,591]","[640000,1443000,1658000,1832000,675000,1964000,2064000,1634000]",721,11910000,19
26,2,8,"[319,1321,273,441,220,369,429,662]","[872000,3896000,798000,1240000,617000,1069000,1169000,1914000]",1321,11575000,19
26,3,8,"[785,635,595,455,185,304,901,276]","[2296000,1750000,1688000,1320000,520000,866000,2558000,804000]",901,11802000,11
26,4,8,"[309,374,551,214,609,278,152,1448]","[868000,1084000,1652000,598000,1706000,833000,396000,4270000]",1448,11407000,21
26,5,8,"[207,1322,548,583,314,233,167,835]","[615000,3824000,1517000,1592000,847000,685000,466000,2412000]",1322,11958000,21
26,6,8,"[395,705,528,565,728,332,441,340]","[1094000,2080000,1492000,1681000,2067000,973000,1238000,960000]",728,11585000,25
26,7,8,"[301,862,862,777,200,351,279,442]","[900000,2545000,2480000,2219000,580000,942000,780000,1202000]",862,11648000,25
26,8,8,"[527,473,577,654,577,434,231,500]","[1471000,1405000,1690000,1866000,1656000,1279000,657000,1445000]",654,11469000,15
26,9,8,"[508,179,260,643,241,472,439,1235]","[1427000,517000,768000,1835000,686000,1352000,1286000,3621000]",1235,11492000,23
26,10,8,"[276,229,447,303,559,930,863,402]","[752000,636000,1276000,900000,1564000,2775000,2512000,1171000]",930,11586000,19
26,11,8,"[882,512,416,517,303,771,179,650]","[2520000,1407000,1153000,1500000,873000,2211000,526000,1787000]",882,11977000,17
26,12,8,"[308,320,305,669,570,1082,445,583]","[894000,880000,868000,1866000,1593000,3170000,1199000,1638000]",1082,12108000,23
26,13,8,"[496,333,443,260,457,686,750,775]","[1424000,1008000,1276000,713000,1318000,2012000,2031000,2135000]",775,11917000,11
26,14,8,"[300,245,437,458,275,204,395,1552]","[873000,673000,1206000,1315000,762000,589000,1143000,4676000]",1552,11237000,27
26,15,8,"[339,604,319,249,226,844,432,1133]","[990000,1685000,939000,693000,637000,2300000,1188000,3394000]",1133,11826000,27
26,16,8,"[639,434,487,460,775,437,595,290]","[1912000,1256000,1406000,1296000,2213000,1240000,1678000,775000]",775,11776000,25
26,17,8,"[283,839,532,328,242,309,810,706]","[818000,2437000,1547000,976000,667000,888000,2205000,2061000]",839,11599000,33
26,18,8,"[197,307,785,280,535,637,668,789]","[581000,908000,2207000,778000,1493000,1800000,1939000,2210000]",789,11916000,13
26,19,8,"[523,1244,197,274,887,551,227,316]","[1529000,3517000,595000,734000,2482000,1522000,667000,920000]",1244,11966000,27
26,20,8,"[725,265,201,880,265,881,612,367]","[2025000,800000,549000,2441000,809000,2499000,1733000,1073000]",881,11929000,25
26,21,8,"[468,532,812,487,422,439,242,769]","[1398000,1517000,2334000,1326000,1153000,1208000,685000,2252000]",812,11873000,17
26,22,8,"[495,355,585,861,513,202,412,830]","[1434000,988000,1601000,2400000,1434000,607000,1223000,2365000]",861,12052000,23
26,23,8,"[321,435,901,450,480,325,315,921]","[976000,1315000,2552000,1251000,1318000,900000,891000,2598000]",921,11801000,23
26,24,8,"[537,732,257,199,260,268,1158,654]","[1558000,2070000,718000,555000,751000,731000,3339000,1935000]",1158,11657000,23
26,25,8,"[746,1014,312,639,246,314,497,404]","[2127000,2941000,858000,1806000,692000,900000,1381000,1183000]",1014,11888000,19
26,26,8,"[798,608,321,551,834,318,412,329]","[2321000,1657000,894000,1570000,2395000,948000,1175000,909000]",834,11869000,17
26,27,8,"[515,647,250,1075,174,669,228,624]","[1449000,1817000,716000,3084000,492000,1872000,642000,1815000]",1075,11887000,13
26,28,8,"[404,874,392,494,338,480,868,420]","[1150000,2332000,1162000,1444000,934000,1314000,2530000,1209000]",874,12075000,9
26,29,8,"[1366,323,481,629,387,405,266,212]","[4034000,895000,1394000,1813000,1092000,1128000,726000,595000]",1366,11677000,21
26,30,8,"[584,358,1424,272,439,704,213,294]","[1628000,1027000,3994000,784000,1273000,1981000,588000,828000]",1424,12103000,17
26,31,8,"[394,768,426,561,617,848,174,363]","[1133000,2172000,1251000,1565000,1738000,2416000,517000,1040000]",848,11832000,17
26,32,8,"[389,454,896,310,943,347,327,470]","[1138000,1297000,2532000,867000,2684000,1042000,911000,1330000]",943,11801000,21
26,33,8,"[783,373,283,305,665,358,755,816]","[2190000,1039000,803000,889000,1837000,972000,2049000,2419000]",816,12198000,13
26,34,8,"[182,183,195,591,553,915,813,420]","[496000,507000,579000,1721000,1625000,2733000,2385000,1175000]",915,11221000,15
26,35,8,"[552,1109,248,172,436,983,151,146]","[1608000,3264000,678000,497000,1253000,2974000,422000,397000]",1109,11093000,27
26,36,8,"[838,313,416,432,858,215,834,266]","[2339000,905000,1168000,1222000,2433000,604000,2433000,766000]",858,11870000,19
26,37,8,"[423,225,202,105,401,958,967,785]","[1222000,642000,536000,294000,1140000,2658000,2876000,2296000]",967,11664000,17
26,38,8,"[1088,178,449,562,791,146,578,223]","[3197000,482000,1309000,1586000,2287000,430000,1651000,638000]",1088,11580000,29
26,39,8,"[626,921,334,431,674,241,387,263]","[1774000,2696000,1029000,1258000,1925000,716000,1150000,742000]",921,11290000,23
26,40,8,"[479,696,539,500,537,292,462,707]","[1364000,1979000,1519000,1396000,1599000,803000,1300000,1985000]",707,11945000,15
27,1,8,"[195,265,972,426,242,403,946,558]","[564000,736000,2781000,1208000,715000,1176000,2810000,1566000]",972,11556000,25
27,2,8,"[575,1770,226,214,171,202,506,407]","[1664000,5016000,638000,612000,483000,611000,1495000,1152000]",1770,11671000,23
27,3,8,"[543,276,493,491,533,421,280,1073]","[1590000,783000,1388000,1409000,1531000,1199000,791000,3091000]",1073,11782000,23
27,4,8,"[199,638,553,713,1313,193,261,307]","[530000,1861000,1541000,2020000,3790000,557000,705000,908000]",1313,11912000,25
27,5,8,"[370,749,595,269,745,651,185,674]","[1067000,2146000,1703000,722000,2120000,1815000,490000,1947000]",749,12010000,17
27,6,8,"[256,596,921,461,897,253,478,174]","[755000,1722000,2659000,1297000,2654000,707000,1362000,462000]",921,11618000,19
27,7,8,"[352,648,372,588,244,771,665,537]","[982000,1804000,1072000,1701000,704000,2269000,1865000,1524000]",771,11921000,15
27,8,8,"[576,774,899,231,569,444,260,354]","[1671000,2232000,2638000,632000,1597000,1256000,766000,984000]",899,11776000,25
27,9,8,"[633,332,616,222,761,760,350,347]","[1878000,931000,1774000,649000,2158000,2152000,1012000,1021000]",761,11575000,27
27,10,8,"[462,642,771,582,349,555,427,428]","[1306000,1829000,2184000,1605000,1001000,1620000,1223000,1221000]",771,11989000,19
27,11,8,"[546,245,305,847,261,999,805,239]","[1488000,703000,844000,2473000,744000,2901000,2208000,689000]",999,12050000,23
27,12,8,"[178,201,206,549,633,607,1326,192]","[506000,601000,577000,1593000,1796000,1775000,3948000,517000]",1326,11313000,35
27,13,8,"[620,164,1049,268,607,237,432,742]","[1795000,448000,3067000,786000,1686000,677000,1219000,2088000]",1049,11766000,29
27,14,8,"[244,684,225,645,622,717,285,657]","[698000,1924000,633000,1865000,1802000,2076000,769000,1929000]",717,11696000,21
27,15,8,"[382,366,940,365,383,740,469,467]","[1077000,1035000,2746000,1053000,1045000,2131000,1322000,1351000]",940,11760000,47
27,16,8,"[1065,194,292,177,989,245,642,502]","[3029000,532000,833000,507000,2896000,703000,1857000,1439000]",1065,11796000,21
27,17,8,"[302,153,600,243,787,900,958,415]","[884000,396000,1637000,675000,2256000,2486000,2717000,1205000]",958,12256000,11
27,18,8,"[854,780,1118,193,339,237,206,347]","[2405000,2224000,3301000,523000,969000,649000,601000,1009000]",1118,11681000,25
27,19,8,"[487,1148,299,143,1028,286,136,616]","[1400000,3178000,804000,370000,3037000,875000,390000,1760000]",1148,11814000,25
27,20,8,"[316,186,511,227,1012,339,489,928]","[860000,567000,1454000,649000,2912000,945000,1415000,2741000]",1012,11543000,31
27,21,8,"[514,554,244,905,218,890,408,298]","[1544000,1519000,707000,2638000,627000,2571000,1144000,878000]",905,11628000,29
27,22,8,"[537,244,449,826,359,594,276,699]","[1511000,710000,1276000,2369000,1038000,1737000,812000,2043000]",826,11496000,37
27,23,8,"[772,298,666,362,799,272,564,400]","[2132000,896000,1976000,1012000,2243000,754000,1641000,1160000]",799,11814000,31
27,24,8,"[415,444,798,596,373,210,341,807]","[1190000,1278000,2239000,1675000,1064000,624000,999000,2435000]",807,11504000,21
27,25,8,"[135,161,926,541,790,334,386,882]","[376000,466000,2656000,1562000,2200000,1013000,1079000,2476000]",926,11828000,23
27,26,8,"[750,813,355,413,444,438,387,540]","[2117000,2254000,998000,1243000,1280000,1269000,1124000,1527000]",813,11812000,17
27,27,8,"[314,705,274,938,424,313,216,967]","[922000,2055000,791000,2626000,1225000,857000,658000,2726000]",967,11860000,35
27,28,8,"[1003,433,615,280,204,255,973,363]","[2855000,1253000,1744000,791000,581000,732000,2779000,1062000]",1003,11797000,21
27,29,8,"[118,561,561,474,414,150,285,1493]","[353000,1602000,1633000,1302000,1170000,414000,802000,4378000]",1493,11654000,29
27,30,8,"[483,1325,189,385,136,800,345,411]","[1327000,3889000,543000,1133000,356000,2321000,957000,1149000]",1325,11675000,21
27,31,8,"[599,777,1415,205,400,462,217,193]","[1717000,2219000,3961000,572000,1105000,1323000,616000,548000]",1415,12061000,31
27,32,8,"[285,568,597,518,198,1067,623,301]","[806000,1656000,1653000,1411000,587000,3085000,1793000,869000]",1067,11860000,33
27,33,8,"[364,590,408,463,424,519,701,436]","[1070000,1763000,1169000,1355000,1185000,1485000,2039000,1280000]",701,11346000,33
27,34,8,"[673,465,405,688,665,267,685,275]","[1947000,1345000,1154000,1970000,1895000,765000,1988000,757000]",688,11821000,23
27,35,8,"[770,184,209,1200,315,264,511,554]","[2137000,509000,604000,3579000,922000,762000,1452000,1608000]",1200,11573000,23
27,36,8,"[562,632,511,198,710,454,265,737]","[1664000,1774000,1422000,561000,2083000,1283000,773000,2132000]",737,11692000,19
27,37,8,"[641,344,600,783,227,222,247,938]","[1851000,1000000,1806000,2239000,661000,624000,715000,2670000]",938,11566000,25
27,38,8,"[306,609,738,646,296,213,854,390]","[858000,1729000,2145000,1875000,841000,596000,2483000,1122000]",854,11649000,23
27,39,8,"[439,774,681,378,112,990,322,470]","[1271000,2133000,2007000,1109000,289000,2850000,884000,1338000]",990,11881000,27
27,40,8,"[374,812,565,629,359,783,384,388]","[1036000,2340000,1613000,1736000,1022000,2277000,1072000,1030000]",812,12126000,23
28,1,8,"[1083,561,375,331,262,479,215,639]","[3138000,1675000,1098000,933000,719000,1359000,610000,1811000]",1083,11343000,31
28,2,8,"[334,570,648,736,514,279,492,548]","[930000,1665000,1841000,2048000,1412000,802000,1405000,1610000]",736,11713000,19
28,3,8,"[421,316,883,617,372,436,560,309]","[1244000,925000,2611000,1760000,1032000,1190000,1578000,927000]",883,11267000,19
28,4,8,"[227,475,289,337,638,928,960,233]","[643000,1389000,809000,944000,1881000,2570000,2709000,657000]",960,11602000,25
28,5,8,"[481,277,790,233,498,1105,320,434]","[1309000,785000,2148000,689000,1433000,3206000,907000,1241000]",1105,11718000,13
28,6,8,"[949,195,876,596,536,162,234,285]","[2801000,516000,2544000,1743000,1588000,444000,615000,834000]",949,11085000,33
28,7,8,"[483,305,327,693,402,395,547,813]","[1365000,894000,926000,1977000,1226000,1126000,1538000,2325000]",813,11377000,47
28,8,8,"[265,1731,253,365,351,466,362,300]","[758000,4806000,694000,1008000,1056000,1371000,1132000,815000]",1731,11640000,23
28,9,8,"[133,278,821,1159,299,271,484,474]","[368000,772000,2342000,3442000,877000,812000,1321000,1330000]",1159,11264000,25
28,10,8,"[526,707,503,220,154,558,1011,508]","[1557000,1934000,1422000,596000,445000,1515000,2832000,1505000]",1011,11806000,15
28,11,8,"[470,489,972,777,711,185,181,259]","[1309000,1374000,2769000,2279000,2037000,538000,491000,749000]",972,11546000,23
28,12,8,"[681,647,198,313,316,1209,343,283]","[1908000,1907000,543000,848000,883000,3480000,990000,869000]",1209,11428000,21
28,13,8,"[489,413,345,800,750,644,211,424]","[1383000,1135000,959000,2350000,2217000,1860000,569000,1182000]",800,11655000,37
28,14,8,"[46,866,315,872,748,293,571,289]","[125000,2464000,900000,2457000,2186000,874000,1650000,805000]",872,11461000,21
28,15,8,"[343,228,322,279,424,976,568,990]","[1032000,606000,929000,799000,1198000,2831000,1525000,2796000]",990,11716000,27
28,16,8,"[329,245,830,959,320,414,537,439]","[910000,695000,2314000,2777000,967000,1197000,1502000,1227000]",959,11589000,19
28,17,8,"[627,359,1169,323,308,397,302,648]","[1739000,1033000,3283000,923000,861000,1137000,872000,1848000]",1169,11696000,25
28,18,8,"[423,387,421,252,894,275,930,355]","[1245000,1099000,1226000,716000,2641000,752000,2643000,989000]",930,11311000,19
28,19,8,"[445,189,229,587,245,965,473,837]","[1265000,518000,647000,1609000,700000,2792000,1369000,2489000]",965,11389000,15
28,20,8,"[826,531,632,482,588,363,247,313]","[2429000,1509000,1859000,1327000,1641000,1009000,719000,944000]",826,11437000,23
28,21,8,"[384,669,196,994,1000,129,361,182]","[1107000,1887000,542000,2948000,2840000,345000,1084000,499000]",1000,11252000,25
28,22,8,"[1058,641,595,224,394,420,411,358]","[2967000,1833000,1704000,634000,1133000,1198000,1210000,997000]",1058,11676000,31
28,23,8,"[399,416,186,255,228,374,280,1467]","[1169000,1204000,525000,724000,641000,1160000,787000,4434000]",1467,10644000,35
28,24,8,"[794,897,330,281,940,316,472,192]","[2254000,2545000,892000,767000,2738000,875000,1316000,519000]",940,11906000,13
28,25,8,"[378,1167,288,573,322,421,684,342]","[1044000,3375000,768000,1638000,869000,1213000,1917000,977000]",1167,11801000,11
28,26,8,"[545,387,267,488,735,690,398,482]","[1594000,1076000,791000,1415000,2166000,1929000,1095000,1386000]",735,11452000,15
28,27,8,"[781,822,630,699,197,231,686,162]","[2297000,2289000,1846000,1914000,535000,651000,1895000,447000]",822,11874000,19
28,28,8,"[224,898,499,273,323,498,423,883]","[625000,2561000,1505000,768000,904000,1396000,1194000,2529000]",898,11482000,15
28,29,8,"[284,271,1283,699,699,392,244,246]","[774000,802000,3700000,2033000,1922000,1103000,647000,690000]",1283,11671000,35
28,30,8,"[301,1093,813,208,123,484,353,512]","[860000,3259000,2335000,571000,354000,1436000,959000,1459000]",1093,11233000,39
28,31,8,"[617,732,281,314,748,734,362,262]","[1774000,2085000,793000,906000,2126000,2070000,1044000,752000]",748,11550000,31
28,32,8,"[488,201,417,275,236,1497,253,412]","[1379000,564000,1216000,754000,685000,4530000,751000,1140000]",1497,11019000,25
28,33,8,"[772,207,506,432,348,870,595,458]","[2171000,573000,1412000,1266000,981000,2474000,1651000,1336000]",870,11864000,23
28,34,8,"[214,660,923,241,993,331,465,294]","[623000,1881000,2579000,691000,2876000,980000,1277000,765000]",993,11672000,23
28,35,8,"[925,316,359,284,256,776,621,586]","[2549000,949000,999000,829000,734000,2186000,1796000,1655000]",925,11697000,23
28,36,8,"[364,437,274,918,385,878,189,734]","[1060000,1173000,761000,2619000,1022000,2539000,523000,2113000]",918,11810000,29
28,37,8,"[235,895,709,351,277,936,334,186]","[670000,2585000,2040000,974000,812000,2655000,1016000,552000]",936,11304000,29
28,38,8,"[296,550,279,598,907,552,518,263]","[814000,1540000,793000,1750000,2717000,1581000,1453000,768000]",907,11416000,19
28,39,8,"[422,915,505,300,612,726,284,223]","[1176000,2685000,1443000,861000,1734000,2092000,786000,629000]",915,11406000,19
28,40,8,"[325,210,262,1137,192,591,995,238]","[918000,597000,716000,3255000,573000,1652000,2974000,650000]",1137,11335000,31
29,1,8,"[996,623,330,445,672,173,426,476]","[2937000,1778000,892000,1273000,1927000,490000,1250000,1417000]",996,11964000,27
29,2,8,"[764,306,376,366,234,737,927,336]","[2309000,870000,1143000,1083000,696000,1983000,2673000,966000]",927,11723000,15
29,3,8,"[522,648,633,567,631,525,289,440]","[1438000,1845000,1859000,1677000,1828000,1458000,851000,1237000]",648,12193000,31
29,4,8,"[392,226,833,360,250,1792,272,158]","[1153000,698000,2333000,1008000,691000,5098000,788000,438000]",1792,12207000,29
29,5,8,"[275,607,703,137,1173,447,443,337]","[761000,1767000,1993000,406000,3467000,1227000,1321000,977000]",1173,11919000,21
29,6,8,"[650,402,335,613,239,678,675,617]","[1837000,1177000,991000,1721000,705000,1965000,1982000,1709000]",678,12087000,17
29,7,8,"[315,682,823,486,268,400,197,776]","[956000,1901000,2411000,1531000,790000,1159000,535000,2246000]",823,11529000,19
29,8,8,"[314,661,231,381,542,822,556,851]","[899000,1814000,647000,1041000,1557000,2286000,1615000,2493000]",851,12352000,23
29,9,8,"[1293,278,489,316,563,216,198,659]","[3788000,786000,1421000,944000,1589000,626000,579000,1954000]",1293,11687000,19
29,10,8,"[169,620,234,1021,502,995,173,507]","[462000,1832000,666000,3064000,1330000,2865000,441000,1419000]",1021,12079000,13
29,11,8,"[486,679,527,229,128,1089,716,189]","[1424000,1965000,1489000,667000,373000,3265000,2031000,516000]",1089,11730000,17
29,12,8,"[314,432,556,549,682,724,432,476]","[909000,1335000,1638000,1552000,1865000,2073000,1230000,1387000]",724,11989000,19
29,13,8,"[170,449,504,250,637,1026,893,405]","[463000,1273000,1487000,674000,1791000,2883000,2576000,1177000]",1026,12324000,25
29,14,8,"[286,159,696,222,1035,660,322,735]","[830000,453000,2052000,618000,2930000,1932000,943000,2118000]",1035,11876000,31
29,15,8,"[637,677,348,333,439,834,657,242]","[1821000,1934000,957000,972000,1267000,2448000,1911000,679000]",834,11989000,29
29,16,8,"[536,302,745,580,274,785,356,673]","[1582000,853000,2068000,1718000,759000,2273000,1027000,1901000]",785,12181000,31
29,17,8,"[353,581,307,568,1074,224,409,707]","[1018000,1660000,872000,1575000,3141000,619000,1177000,2039000]",1074,12101000,15
29,18,8,"[571,803,770,162,763,610,225,439]","[1615000,2302000,2129000,435000,2192000,1837000,610000,1229000]",803,12349000,13
29,19,8,"[550,1046,911,140,385,355,371,324]","[1562000,3118000,2585000,388000,1157000,1067000,1084000,873000]",1046,11834000,15
29,20,8,"[365,625,670,629,543,611,492,315]","[1018000,1806000,1910000,1801000,1570000,1698000,1438000,932000]",670,12173000,19
29,21,8,"[137,296,309,1349,336,772,285,620]","[385000,808000,867000,3904000,993000,2272000,841000,1798000]",1349,11868000,23
29,22,8,"[354,422,411,1356,513,381,278,368]","[1059000,1171000,1160000,4095000,1484000,1101000,736000,1033000]",1356,11839000,25
29,23,8,"[1240,368,310,797,290,475,528,408]","[3497000,1070000,891000,2200000,814000,1343000,1503000,1173000]",1240,12491000,21
29,24,8,"[879,598,753,782,302,273,530,211]","[2529000,1702000,2181000,2174000,877000,756000,1473000,614000]",879,12306000,15
29,25,8,"[628,759,158,329,272,843,453,674]","[1744000,2220000,430000,1012000,770000,2397000,1326000,1990000]",843,11889000,27
29,26,8,"[349,206,287,1546,279,484,357,518]","[983000,601000,771000,4611000,825000,1409000,1026000,1486000]",1546,11712000,25
29,27,8,"[592,267,363,572,621,279,609,924]","[1637000,774000,1048000,1585000,1746000,792000,1788000,2772000]",924,12142000,19
29,28,8,"[656,864,433,408,625,206,557,545]","[1798000,2550000,1196000,1209000,1829000,589000,1550000,1556000]",864,12277000,19
29,29,8,"[453,293,256,953,318,1373,251,296]","[1319000,859000,742000,2710000,888000,3901000,733000,901000]",1373,12053000,29
29,30,8,"[503,261,486,262,1127,1110,169,308]","[1438000,759000,1332000,728000,3324000,3148000,494000,892000]",1127,12115000,27
29,31,8,"[803,488,377,566,354,332,537,794]","[2326000,1433000,1075000,1592000,999000,931000,1504000,2278000]",803,12138000,31
29,32,8,"[240,947,292,166,450,960,677,368]","[693000,2768000,839000,470000,1316000,2750000,1984000,1025000]",960,11845000,19
29,33,8,"[326,389,596,855,788,385,382,363]","[938000,1197000,1658000,2479000,2260000,1111000,1088000,1099000]",855,11830000,29
29,34,8,"[401,287,1430,272,489,470,371,321]","[1104000,853000,4269000,839000,1407000,1330000,1078000,867000]",1430,11747000,31
29,35,8,"[193,224,1445,798,303,550,227,293]","[565000,697000,4255000,2289000,843000,1568000,651000,856000]",1445,11724000,47
29,36,8,"[533,429,473,565,804,406,653,397]","[1516000,1212000,1321000,1571000,2312000,1171000,1897000,1166000]",804,12166000,27
29,37,8,"[285,269,799,769,372,568,444,728]","[795000,775000,2267000,2241000,1107000,1592000,1283000,2086000]",799,12146000,17
29,38,8,"[533,760,760,573,307,581,459,257]","[1483000,2135000,2205000,1668000,895000,1611000,1354000,748000]",760,12099000,11
29,39,8,"[342,732,748,492,273,526,798,451]","[983000,2049000,2077000,1416000,755000,1503000,2324000,1276000]",798,12383000,29
29,40,8,"[356,458,533,905,739,328,314,573]","[995000,1300000,1475000,2623000,2151000,965000,946000,1599000]",905,12054000,25
30,1,8,"[306,751,350,407,720,261,772,447]","[871000,2153000,1045000,1145000,2151000,723000,2232000,1289000]",772,11609000,27
30,2,8,"[335,210,558,256,331,722,1267,288]","[931000,637000,1597000,720000,1007000,1996000,3839000,815000]",1267,11542000,21
30,3,8,"[780,330,281,809,333,249,482,807]","[2231000,939000,799000,2340000,969000,715000,1396000,2325000]",809,11714000,19
30,4,8,"[593,659,211,243,319,1437,395,274]","[1732000,1867000,596000,683000,920000,4101000,1127000,820000]",1437,11846000,31
30,5,8,"[387,141,1185,1508,245,108,316,345]","[1090000,393000,3405000,4264000,685000,303000,946000,972000]",1508,12058000,29
30,6,8,"[130,565,420,497,730,1556,230,108]","[383000,1583000,1200000,1351000,2057000,4516000,655000,315000]",1556,12060000,21
30,7,8,"[381,392,1155,1093,263,280,195,156]","[1098000,1177000,3416000,3186000,730000,810000,573000,435000]",1155,11425000,27
30,8,8,"[185,834,158,387,850,908,230,419]","[574000,2492000,436000,1123000,2402000,2605000,646000,1251000]",908,11529000,17
30,9,8,"[536,233,299,375,356,1320,313,616]","[1490000,679000,874000,1077000,1030000,3916000,910000,1709000]",1320,11685000,19
30,10,8,"[268,939,592,156,840,442,270,607]","[757000,2721000,1748000,408000,2417000,1271000,747000,1744000]",939,11813000,29
30,11,8,"[226,437,450,547,359,372,1074,767]","[647000,1228000,1317000,1597000,1049000,1015000,3054000,2163000]",1074,12070000,43
30,12,8,"[523,531,982,362,216,608,417,326]","[1467000,1522000,2909000,979000,621000,1857000,1188000,950000]",982,11493000,33
30,13,8,"[331,398,1618,283,437,280,305,287]","[924000,1144000,4743000,770000,1276000,830000,921000,850000]",1618,11458000,47
30,14,8,"[478,407,292,1066,612,501,501,187]","[1346000,1186000,859000,3167000,1836000,1356000,1404000,509000]",1066,11663000,19
30,15,8,"[200,752,750,443,748,372,226,416]","[538000,2175000,2190000,1308000,2236000,1032000,647000,1267000]",752,11393000,23
30,16,8,"[796,243,428,157,279,520,784,721]","[2266000,684000,1285000,401000,826000,1526000,2355000,2114000]",796,11457000,23
30,17,8,"[770,458,238,362,670,640,336,546]","[2242000,1363000,665000,1020000,1932000,1855000,985000,1539000]",770,11601000,23
30,18,8,"[232,167,556,516,407,822,697,802]","[659000,473000,1540000,1437000,1114000,2358000,1985000,2421000]",822,11987000,21
30,19,8,"[558,801,613,458,386,477,184,672]","[1581000,2340000,1799000,1255000,1081000,1388000,504000,1921000]",801,11869000,21
30,20,8,"[952,1055,206,474,554,303,254,487]","[2629000,3105000,588000,1328000,1549000,819000,739000,1403000]",1055,12160000,21
30,21,8,"[570,335,385,601,358,519,639,619]","[1617000,948000,1102000,1700000,1028000,1570000,1866000,1796000]",639,11627000,35
30,22,8,"[190,884,286,1010,260,495,226,788]","[545000,2473000,857000,2851000,781000,1474000,620000,2266000]",1010,11867000,25
30,23,8,"[532,325,794,530,565,902,255,207]","[1561000,893000,2295000,1518000,1556000,2626000,717000,630000]",902,11796000,21
30,24,8,"[212,280,506,850,332,785,911,140]","[571000,797000,1401000,2451000,984000,2310000,2719000,393000]",911,11626000,27
30,25,8,"[506,551,996,402,55,212,400,926]","[1456000,1600000,2973000,1131000,167000,598000,1113000,2686000]",996,11724000,21
30,26,8,"[959,467,370,427,211,190,1105,220]","[2728000,1344000,1124000,1241000,593000,545000,3305000,608000]",1105,11488000,15
30,27,8,"[525,370,1340,254,358,301,278,612]","[1522000,1054000,3910000,712000,1011000,862000,853000,1738000]",1340,11662000,35
30,28,8,"[382,252,723,923,378,720,511,261]","[1089000,738000,2096000,2623000,1047000,2059000,1451000,779000]",923,11882000,15
30,29,8,"[444,623,405,663,508,402,698,396]","[1283000,1767000,1179000,1983000,1437000,1124000,1931000,1130000]",698,11834000,19
30,30,8,"[424,241,293,858,230,468,654,966]","[1177000,693000,790000,2471000,658000,1327000,1875000,2826000]",966,11817000,23
30,31,8,"[231,1168,510,709,267,218,186,701]","[642000,3482000,1459000,2069000,783000,607000,515000,2017000]",1168,11574000,21
30,32,8,"[782,254,901,874,367,220,552,130]","[2272000,718000,2562000,2582000,1064000,635000,1576000,332000]",901,11741000,25
30,33,8,"[1204,651,394,224,127,825,372,256]","[3530000,1791000,1150000,637000,362000,2397000,1074000,755000]",1204,11696000,15
30,34,8,"[312,805,654,346,499,385,589,454]","[919000,2345000,1927000,945000,1453000,1103000,1703000,1289000]",805,11684000,23
30,35,8,"[827,326,297,227,258,753,579,881]","[2398000,919000,822000,634000,735000,2190000,1702000,2502000]",881,11902000,25
30,36,8,"[778,464,287,553,368,372,979,153]","[2270000,1351000,813000,1569000,1042000,1064000,2939000,441000]",979,11489000,29
30,37,8,"[715,170,921,722,270,497,556,243]","[2021000,468000,2688000,2041000,771000,1503000,1590000,711000]",921,11793000,19
30,38,8,"[392,1268,337,734,498,175,345,517]","[1082000,3569000,943000,2138000,1428000,479000,1006000,1503000]",1268,12148000,13
30,39,8,"[521,390,205,343,792,443,227,1329]","[1543000,1079000,548000,974000,2289000,1288000,673000,3735000]",1329,12129000,25
30,40,8,"[157,262,96,207,788,172,532,1645]","[452000,753000,273000,570000,2276000,503000,1510000,4952000]",1645,11289000,31
