iteration_id,solution_id,agv_count,running_times_seconds,energy_consumptions_joules,max_running_time_seconds,total_energy_consumption_joules,source_auxiliary_value
1,1,5,"[330,381,410,405,398]","[972000,1076000,1195000,1098000,1152000]",410,5493000,85
1,2,5,"[326,366,391,358,385]","[962000,1041000,1133000,1037000,1133000]",391,5306000,95
1,3,5,"[381,361,391,387,375]","[1115000,1055000,1084000,1098000,1086000]",391,5438000,217
1,4,5,"[389,373,346,373,376]","[1138000,1061000,1007000,1061000,1106000]",389,5373000,125
1,5,5,"[358,321,408,388,387]","[1054000,952000,1167000,1121000,1076000]",408,5370000,181
1,6,5,"[417,400,331,430,373]","[1227000,1142000,920000,1217000,1052000]",430,5558000,289
1,7,5,"[375,371,397,383,350]","[1086000,1093000,1139000,1111000,990000]",397,5419000,145
1,8,5,"[363,344,381,380,361]","[1054000,1006000,1119000,1080000,1046000]",381,5305000,93
1,9,5,"[379,314,326,398,420]","[1133000,910000,958000,1114000,1227000]",420,5342000,199
1,10,5,"[400,423,370,330,388]","[1136000,1233000,1085000,924000,1112000]",423,5490000,185
1,11,5,"[392,343,368,403,337]","[1133000,995000,1078000,1153000,992000]",403,5351000,113
1,12,5,"[407,361,366,399,364]","[1148000,1040000,1043000,1182000,1040000]",407,5453000,245
1,13,5,"[352,409,503,309,405]","[1001000,1120000,1399000,900000,1197000]",503,5617000,229
1,14,5,"[314,341,424,430,372]","[902000,973000,1233000,1253000,1046000]",430,5407000,157
1,15,5,"[420,414,353,304,419]","[1215000,1182000,1018000,862000,1200000]",420,5477000,111
1,16,5,"[357,386,323,372,397]","[1056000,1132000,943000,1056000,1139000]",397,5326000,93
1,17,5,"[421,379,425,301,291]","[1226000,1094000,1248000,893000,817000]",425,5278000,185
1,18,5,"[314,528,321,399,342]","[861000,1521000,924000,1149000,1002000]",528,5457000,253
1,19,5,"[290,505,366,443,252]","[856000,1469000,1047000,1285000,714000]",505,5371000,179
1,20,5,"[345,433,369,374,415]","[993000,1252000,1040000,1066000,1190000]",433,5541000,221
1,21,5,"[305,419,414,412,382]","[916000,1181000,1160000,1180000,1093000]",419,5530000,93
1,22,5,"[336,365,382,404,408]","[1002000,1072000,1094000,1110000,1157000]",408,5435000,203
1,23,5,"[318,349,302,484,464]","[916000,1007000,835000,1354000,1378000]",484,5490000,217
1,24,5,"[398,380,397,341,361]","[1129000,1120000,1142000,970000,1052000]",398,5413000,79
1,25,5,"[329,356,382,403,382]","[926000,1033000,1142000,1139000,1121000]",403,5361000,115
1,26,5,"[397,347,373,351,369]","[1127000,1002000,1094000,1032000,1073000]",397,5328000,81
1,27,5,"[397,402,358,410,310]","[1141000,1185000,1039000,1168000,887000]",410,5420000,215
1,28,5,"[301,322,321,493,412]","[872000,914000,924000,1448000,1195000]",493,5353000,249
1,29,5,"[329,395,409,430,328]","[940000,1131000,1166000,1247000,953000]",430,5437000,215
1,30,5,"[403,394,388,373,346]","[1190000,1154000,1063000,1075000,974000]",403,5456000,173
1,31,5,"[374,358,401,387,462]","[1067000,967000,1137000,1083000,1353000]",462,5607000,267
1,32,5,"[400,390,249,387,395]","[1142000,1167000,723000,1107000,1156000]",400,5295000,199
1,33,5,"[455,449,375,347,427]","[1270000,1271000,1067000,979000,1190000]",455,5777000,259
1,34,5,"[362,361,369,392,369]","[1072000,1006000,1023000,1150000,1104000]",392,5355000,201
1,35,5,"[434,334,374,433,358]","[1246000,953000,1051000,1241000,1050000]",434,5541000,163
1,36,5,"[277,348,487,372,365]","[793000,1032000,1430000,1065000,1034000]",487,5354000,213
1,37,5,"[334,352,360,400,484]","[943000,986000,1004000,1183000,1397000]",484,5513000,257
1,38,5,"[340,363,368,375,367]","[982000,1083000,1098000,1059000,1055000]",375,5277000,189
1,39,5,"[383,334,411,369,376]","[1126000,965000,1153000,1071000,1084000]",411,5399000,175
1,40,5,"[331,386,293,345,440]","[968000,1114000,832000,1038000,1297000]",440,5249000,275
2,1,5,"[353,297,396,393,364]","[1021000,861000,1120000,1086000,1061000]",396,5149000,183
2,2,5,"[274,291,363,460,411]","[773000,861000,1014000,1322000,1173000]",460,5143000,159
2,3,5,"[418,383,274,436,357]","[1160000,1108000,767000,1238000,1015000]",436,5288000,223
2,4,5,"[563,311,432,258,319]","[1585000,877000,1247000,717000,885000]",563,5311000,197
2,5,5,"[226,507,308,553,250]","[617000,1476000,862000,1568000,719000]",553,5242000,253
2,6,5,"[297,315,366,529,386]","[849000,878000,1023000,1499000,1076000]",529,5325000,251
2,7,5,"[418,338,478,400,317]","[1169000,935000,1344000,1121000,868000]",478,5437000,255
2,8,5,"[569,252,353,346,309]","[1623000,714000,995000,1013000,858000]",569,5203000,235
2,9,5,"[306,377,438,290,384]","[852000,1066000,1257000,850000,1119000]",438,5144000,137
2,10,5,"[341,386,398,405,360]","[949000,1066000,1129000,1128000,1051000]",405,5323000,203
2,11,5,"[396,360,374,361,397]","[1119000,1017000,1027000,1032000,1127000]",397,5322000,76
2,12,5,"[379,423,289,393,403]","[1106000,1173000,782000,1131000,1136000]",423,5328000,185
2,13,5,"[372,219,399,382,388]","[1074000,616000,1173000,1076000,1122000]",399,5061000,95
2,14,5,"[379,304,384,296,470]","[1087000,874000,1080000,850000,1312000]",470,5203000,167
2,15,5,"[347,346,379,379,377]","[975000,952000,1079000,1097000,1096000]",379,5199000,215
2,16,5,"[303,260,422,365,424]","[861000,712000,1222000,1053000,1248000]",424,5096000,229
2,17,5,"[311,374,382,389,321]","[934000,1081000,1058000,1114000,915000]",389,5102000,109
2,18,5,"[358,314,364,379,375]","[1004000,919000,1034000,1094000,1074000]",379,5125000,103
2,19,5,"[395,303,419,347,368]","[1120000,873000,1183000,988000,1052000]",419,5216000,257
2,20,5,"[340,335,399,350,363]","[984000,944000,1137000,1003000,1047000]",399,5115000,103
2,21,5,"[342,314,414,388,379]","[969000,898000,1164000,1127000,1064000]",414,5222000,77
2,22,5,"[341,302,397,400,362]","[961000,870000,1124000,1136000,1049000]",400,5140000,141
2,23,5,"[312,375,550,267,293]","[888000,1057000,1559000,798000,835000]",550,5137000,177
2,24,5,"[315,378,340,317,400]","[915000,1077000,977000,937000,1137000]",400,5043000,131
2,25,5,"[272,450,299,436,332]","[783000,1293000,855000,1280000,922000]",450,5133000,195
2,26,5,"[301,464,431,350,381]","[839000,1294000,1219000,964000,1092000]",464,5408000,277
2,27,5,"[411,310,321,386,305]","[1179000,884000,924000,1162000,861000]",411,5010000,169
2,28,5,"[412,416,307,373,353]","[1207000,1207000,818000,1019000,1009000]",416,5260000,277
2,29,5,"[394,441,383,308,272]","[1096000,1246000,1135000,880000,779000]",441,5136000,231
2,30,5,"[398,309,270,385,419]","[1105000,891000,807000,1088000,1216000]",419,5107000,177
2,31,5,"[355,376,341,330,361]","[1022000,1091000,991000,927000,1040000]",376,5071000,187
2,32,5,"[407,403,344,237,371]","[1205000,1187000,949000,685000,1054000]",407,5080000,269
2,33,5,"[397,307,324,430,434]","[1123000,866000,895000,1202000,1247000]",434,5333000,215
2,34,5,"[259,417,390,456,258]","[785000,1230000,1088000,1262000,738000]",456,5103000,265
2,35,5,"[368,320,374,366,371]","[1042000,883000,1117000,1053000,1049000]",374,5144000,161
2,36,5,"[316,511,243,260,469]","[911000,1484000,687000,738000,1322000]",511,5142000,127
2,37,5,"[300,441,257,289,470]","[857000,1281000,730000,812000,1375000]",470,5055000,139
2,38,5,"[409,308,296,381,371]","[1148000,928000,836000,1074000,1099000]",409,5085000,255
2,39,5,"[302,495,272,428,388]","[850000,1416000,763000,1188000,1093000]",495,5310000,265
2,40,5,"[459,260,210,469,415]","[1284000,723000,579000,1364000,1215000]",469,5165000,245
3,1,5,"[505,466,465,327,239]","[1412000,1340000,1389000,915000,712000]",505,5768000,233
3,2,5,"[328,406,447,362,428]","[953000,1166000,1272000,1018000,1280000]",447,5689000,77
3,3,5,"[327,477,430,335,336]","[918000,1410000,1249000,966000,997000]",477,5540000,107
3,4,5,"[515,318,242,411,396]","[1519000,975000,654000,1157000,1182000]",515,5487000,193
3,5,5,"[421,403,360,347,360]","[1175000,1188000,1057000,1006000,1077000]",421,5503000,79
3,6,5,"[345,400,354,493,371]","[926000,1169000,1062000,1424000,1085000]",493,5666000,247
3,7,5,"[362,419,374,376,381]","[1037000,1234000,1117000,1067000,1122000]",419,5577000,229
3,8,5,"[368,436,290,483,321]","[1059000,1334000,868000,1379000,918000]",483,5558000,191
3,9,5,"[373,388,414,305,411]","[1078000,1145000,1227000,879000,1215000]",414,5544000,173
3,10,5,"[440,405,350,371,454]","[1198000,1193000,1009000,1096000,1289000]",454,5785000,225
3,11,5,"[365,426,444,336,406]","[1055000,1203000,1320000,942000,1177000]",444,5697000,185
3,12,5,"[312,352,486,431,372]","[897000,1029000,1383000,1303000,1059000]",486,5671000,177
3,13,5,"[407,365,570,317,314]","[1147000,1042000,1647000,952000,910000]",570,5698000,219
3,14,5,"[425,339,414,411,387]","[1173000,973000,1177000,1203000,1165000]",425,5691000,217
3,15,5,"[459,411,331,347,281]","[1401000,1228000,952000,987000,823000]",459,5391000,125
3,16,5,"[324,461,354,387,449]","[943000,1380000,976000,1086000,1300000]",461,5685000,237
3,17,5,"[415,381,427,412,407]","[1188000,1086000,1264000,1159000,1144000]",427,5841000,193
3,18,5,"[406,364,388,374,359]","[1187000,1061000,1150000,1092000,1018000]",406,5508000,165
3,19,5,"[370,380,434,303,409]","[1062000,1084000,1279000,918000,1187000]",434,5530000,131
3,20,5,"[432,431,372,424,303]","[1212000,1236000,1112000,1236000,855000]",432,5651000,63
3,21,5,"[432,294,376,392,443]","[1257000,847000,1052000,1143000,1305000]",443,5604000,101
3,22,5,"[329,384,392,411,386]","[1007000,1083000,1163000,1200000,1085000]",411,5538000,113
3,23,5,"[330,443,386,443,408]","[926000,1288000,1079000,1246000,1223000]",443,5762000,79
3,24,5,"[406,410,414,363,368]","[1189000,1202000,1179000,1001000,1092000]",414,5663000,117
3,25,5,"[355,380,261,422,545]","[1017000,1096000,747000,1237000,1591000]",545,5688000,185
3,26,5,"[323,646,305,380,303]","[910000,1941000,904000,1051000,844000]",646,5650000,223
3,27,5,"[433,508,372,342,297]","[1279000,1466000,1077000,999000,819000]",508,5640000,183
3,28,5,"[602,376,387,303,290]","[1753000,1125000,1146000,861000,775000]",602,5660000,231
3,29,5,"[351,408,490,396,321]","[1020000,1175000,1382000,1182000,915000]",490,5674000,195
3,30,5,"[447,328,356,382,447]","[1306000,956000,1029000,1105000,1249000]",447,5645000,101
3,31,5,"[446,319,297,501,345]","[1264000,905000,834000,1535000,1021000]",501,5559000,185
3,32,5,"[380,356,395,380,388]","[1161000,1031000,1147000,1085000,1091000]",395,5515000,95
3,33,5,"[418,342,462,445,307]","[1201000,931000,1330000,1282000,934000]",462,5678000,189
3,34,5,"[361,355,512,414,245]","[1055000,1042000,1514000,1224000,703000]",512,5538000,125
3,35,5,"[402,464,329,401,383]","[1196000,1396000,919000,1135000,1053000]",464,5699000,225
3,36,5,"[369,495,336,393,309]","[1053000,1500000,975000,1150000,876000]",495,5554000,189
3,37,5,"[361,401,370,418,385]","[1015000,1173000,1061000,1193000,1161000]",418,5603000,81
3,38,5,"[401,380,425,284,418]","[1147000,1144000,1222000,844000,1205000]",425,5562000,99
3,39,5,"[380,418,424,360,352]","[1097000,1195000,1210000,1074000,1030000]",424,5606000,89
3,40,5,"[392,417,387,407,353]","[1090000,1224000,1141000,1184000,1036000]",417,5675000,85
4,1,5,"[390,462,275,402,411]","[1159000,1329000,802000,1136000,1209000]",462,5635000,113
4,2,5,"[362,392,383,413,386]","[1045000,1134000,1111000,1192000,1150000]",413,5632000,129
4,3,5,"[491,529,272,314,377]","[1462000,1503000,763000,903000,1081000]",529,5712000,187
4,4,5,"[368,471,358,474,456]","[1054000,1362000,1022000,1341000,1239000]",474,6018000,161
4,5,5,"[413,363,391,284,446]","[1156000,1100000,1127000,805000,1363000]",446,5551000,81
4,6,5,"[334,387,351,399,369]","[975000,1143000,1020000,1179000,1104000]",399,5421000,63
4,7,5,"[432,298,372,431,358]","[1299000,843000,1044000,1291000,1073000]",432,5550000,75
4,8,5,"[361,422,389,341,335]","[1079000,1259000,1156000,982000,989000]",422,5465000,229
4,9,5,"[379,420,426,372,360]","[1109000,1242000,1230000,1069000,1018000]",426,5668000,73
4,10,5,"[370,394,404,407,374]","[1078000,1109000,1161000,1219000,1078000]",407,5645000,135
4,11,5,"[321,417,313,374,420]","[945000,1234000,902000,1110000,1243000]",420,5434000,73
4,12,5,"[388,392,353,427,367]","[1154000,1147000,990000,1227000,1102000]",427,5620000,241
4,13,5,"[438,452,395,305,448]","[1299000,1284000,1173000,808000,1264000]",452,5828000,165
4,14,5,"[394,414,460,367,462]","[1151000,1194000,1298000,1018000,1299000]",462,5960000,69
4,15,5,"[399,327,344,436,440]","[1155000,963000,982000,1271000,1280000]",440,5651000,179
4,16,5,"[412,405,363,388,325]","[1218000,1209000,1056000,1121000,922000]",412,5526000,97
4,17,5,"[449,384,358,291,469]","[1303000,1113000,1055000,816000,1373000]",469,5660000,87
4,18,5,"[350,413,331,379,435]","[1012000,1224000,968000,1124000,1236000]",435,5564000,59
4,19,5,"[368,424,448,380,323]","[1072000,1313000,1270000,1087000,906000]",448,5648000,227
4,20,5,"[380,432,355,318,450]","[1120000,1302000,1008000,915000,1307000]",450,5652000,223
4,21,5,"[512,369,381,304,342]","[1516000,1140000,1071000,873000,978000]",512,5578000,157
4,22,5,"[325,331,401,403,420]","[980000,956000,1184000,1174000,1203000]",420,5497000,157
4,23,5,"[373,455,465,300,384]","[1064000,1357000,1327000,846000,1125000]",465,5719000,131
4,24,5,"[430,415,395,371,422]","[1208000,1205000,1132000,1069000,1210000]",430,5824000,71
4,25,5,"[401,472,350,443,270]","[1192000,1420000,1012000,1236000,786000]",472,5646000,117
4,26,5,"[364,380,354,374,369]","[1056000,1150000,1092000,1066000,1064000]",380,5428000,109
4,27,5,"[333,302,399,449,393]","[920000,869000,1188000,1339000,1188000]",449,5504000,177
4,28,5,"[428,396,301,348,462]","[1291000,1216000,848000,966000,1339000]",462,5660000,129
4,29,5,"[388,435,311,403,406]","[1090000,1296000,877000,1181000,1193000]",435,5637000,117
4,30,5,"[386,439,373,279,457]","[1192000,1274000,1046000,783000,1329000]",457,5624000,191
4,31,5,"[350,371,374,405,361]","[1048000,1093000,1069000,1194000,1070000]",405,5474000,77
4,32,5,"[346,351,344,391,435]","[977000,1041000,1027000,1154000,1295000]",435,5494000,139
4,33,5,"[429,291,403,350,377]","[1221000,848000,1274000,1018000,1082000]",429,5443000,133
4,34,5,"[365,382,419,401,433]","[1014000,1119000,1204000,1196000,1208000]",433,5741000,181
4,35,5,"[388,441,270,386,416]","[1136000,1280000,768000,1177000,1189000]",441,5550000,163
4,36,5,"[232,442,453,366,383]","[692000,1298000,1350000,1031000,1135000]",453,5506000,53
4,37,5,"[308,436,420,356,371]","[883000,1241000,1248000,1027000,1132000]",436,5531000,173
4,38,5,"[394,436,311,398,409]","[1113000,1286000,897000,1165000,1196000]",436,5657000,63
4,39,5,"[423,356,254,395,403]","[1272000,1060000,721000,1168000,1198000]",423,5419000,55
4,40,5,"[378,440,390,341,353]","[1134000,1270000,1140000,994000,1027000]",440,5565000,161
5,1,5,"[432,376,437,414,397]","[1231000,1107000,1267000,1231000,1079000]",437,5915000,49
5,2,5,"[426,432,431,390,373]","[1248000,1240000,1231000,1083000,1111000]",432,5913000,119
5,3,5,"[418,528,430,307,358]","[1163000,1602000,1199000,884000,1046000]",528,5894000,171
5,4,5,"[388,595,292,327,413]","[1118000,1760000,861000,924000,1192000]",595,5855000,165
5,5,5,"[334,474,479,358,470]","[940000,1363000,1325000,1055000,1350000]",479,6033000,161
5,6,5,"[397,390,436,467,436]","[1136000,1147000,1193000,1319000,1253000]",467,6048000,147
5,7,5,"[284,462,290,455,435]","[841000,1413000,820000,1348000,1245000]",462,5667000,93
5,8,5,"[414,423,433,431,430]","[1174000,1248000,1183000,1263000,1181000]",433,6049000,161
5,9,5,"[448,393,474,356,456]","[1280000,1110000,1372000,988000,1314000]",474,6064000,183
5,10,5,"[416,378,412,382,403]","[1159000,1072000,1221000,1094000,1256000]",416,5802000,101
5,11,5,"[472,415,469,400,427]","[1391000,1146000,1363000,1082000,1177000]",472,6159000,193
5,12,5,"[395,400,442,453,358]","[1105000,1200000,1274000,1299000,1031000]",453,5909000,83
5,13,5,"[434,381,342,441,442]","[1264000,1083000,966000,1263000,1309000]",442,5885000,161
5,14,5,"[410,412,390,369,406]","[1246000,1184000,1101000,1058000,1196000]",412,5785000,73
5,15,5,"[331,390,392,426,414]","[934000,1163000,1126000,1311000,1167000]",426,5701000,69
5,16,5,"[567,437,294,251,480]","[1657000,1276000,852000,699000,1374000]",567,5858000,111
5,17,5,"[490,486,371,384,324]","[1434000,1383000,1081000,1119000,903000]",490,5920000,149
5,18,5,"[394,431,418,425,422]","[1118000,1252000,1148000,1210000,1257000]",431,5985000,175
5,19,5,"[429,335,369,452,487]","[1244000,970000,1056000,1270000,1415000]",487,5955000,163
5,20,5,"[391,419,386,426,414]","[1127000,1219000,1089000,1272000,1163000]",426,5870000,81
5,21,5,"[538,257,369,498,345]","[1589000,736000,1096000,1419000,974000]",538,5814000,197
5,22,5,"[347,453,335,421,473]","[943000,1305000,932000,1241000,1436000]",473,5857000,183
5,23,5,"[406,376,435,338,418]","[1200000,1100000,1263000,959000,1240000]",435,5762000,73
5,24,5,"[471,399,394,380,418]","[1346000,1149000,1124000,1103000,1205000]",471,5927000,193
5,25,5,"[393,408,430,435,407]","[1125000,1222000,1211000,1227000,1162000]",435,5947000,149
5,26,5,"[404,315,443,467,422]","[1150000,881000,1252000,1363000,1265000]",467,5911000,153
5,27,5,"[400,430,365,401,433]","[1144000,1284000,1071000,1136000,1214000]",433,5849000,113
5,28,5,"[451,315,430,460,347]","[1283000,894000,1256000,1346000,1029000]",460,5808000,123
5,29,5,"[395,442,398,433,382]","[1188000,1268000,1156000,1237000,1067000]",442,5916000,167
5,30,5,"[391,401,375,428,409]","[1106000,1195000,1127000,1219000,1178000]",428,5825000,73
5,31,5,"[454,361,428,402,476]","[1304000,1010000,1270000,1098000,1379000]",476,6061000,151
5,32,5,"[412,411,399,416,427]","[1209000,1206000,1122000,1185000,1208000]",427,5930000,61
5,33,5,"[333,379,419,427,452]","[956000,1099000,1279000,1205000,1279000]",452,5818000,85
5,34,5,"[453,456,490,300,405]","[1254000,1266000,1454000,855000,1187000]",490,6016000,201
5,35,5,"[460,418,339,459,432]","[1255000,1232000,959000,1317000,1260000]",460,6023000,113
5,36,5,"[365,441,451,453,347]","[1004000,1298000,1303000,1308000,1018000]",453,5931000,179
5,37,5,"[279,505,518,407,362]","[780000,1445000,1465000,1177000,1086000]",518,5953000,163
5,38,5,"[389,368,459,428,304]","[1182000,1030000,1377000,1241000,853000]",459,5683000,141
5,39,5,"[397,339,441,415,478]","[1126000,978000,1254000,1191000,1391000]",478,5940000,159
5,40,5,"[412,422,398,437,443]","[1175000,1218000,1180000,1242000,1230000]",443,6045000,93
6,1,5,"[466,273,466,439,382]","[1346000,795000,1304000,1289000,1118000]",466,5852000,181
6,2,5,"[250,425,423,399,436]","[707000,1267000,1203000,1218000,1283000]",436,5678000,145
6,3,5,"[396,435,431,350,399]","[1113000,1260000,1219000,1053000,1173000]",435,5818000,121
6,4,5,"[325,346,414,416,398]","[920000,1013000,1233000,1228000,1207000]",416,5601000,167
6,5,5,"[308,248,478,449,439]","[892000,733000,1433000,1302000,1296000]",478,5656000,197
6,6,5,"[372,386,361,354,433]","[1128000,1145000,1073000,1023000,1241000]",433,5610000,125
6,7,5,"[414,366,405,407,335]","[1227000,1045000,1169000,1226000,976000]",414,5643000,67
6,8,5,"[372,439,434,304,422]","[1035000,1302000,1293000,905000,1225000]",439,5760000,169
6,9,5,"[388,405,382,408,391]","[1148000,1195000,1101000,1181000,1112000]",408,5737000,141
6,10,5,"[408,361,386,384,440]","[1164000,1046000,1153000,1095000,1324000]",440,5782000,225
6,11,5,"[318,361,588,268,349]","[927000,1088000,1755000,751000,1040000]",588,5561000,87
6,12,5,"[411,478,502,317,302]","[1218000,1415000,1463000,922000,832000]",502,5850000,193
6,13,5,"[458,399,343,345,346]","[1378000,1230000,991000,1032000,961000]",458,5592000,185
6,14,5,"[458,307,323,411,476]","[1323000,911000,949000,1197000,1391000]",476,5771000,127
6,15,5,"[400,435,436,427,391]","[1131000,1240000,1286000,1212000,1130000]",436,5999000,143
6,16,5,"[443,365,340,401,403]","[1265000,1096000,971000,1199000,1169000]",443,5700000,87
6,17,5,"[624,280,417,306,273]","[1799000,836000,1267000,897000,792000]",624,5591000,135
6,18,5,"[407,421,413,271,401]","[1181000,1238000,1240000,752000,1213000]",421,5624000,167
6,19,5,"[321,393,411,525,349]","[912000,1173000,1176000,1538000,1001000]",525,5800000,75
6,20,5,"[462,377,386,430,412]","[1335000,1100000,1075000,1280000,1151000]",462,5941000,64
6,21,5,"[392,396,325,352,432]","[1154000,1218000,911000,1067000,1248000]",432,5598000,71
6,22,5,"[347,403,349,456,402]","[994000,1162000,1047000,1359000,1169000]",456,5731000,89
6,23,5,"[542,320,455,230,519]","[1612000,897000,1270000,652000,1490000]",542,5921000,99
6,24,5,"[442,392,387,339,479]","[1307000,1147000,1056000,987000,1392000]",479,5889000,163
6,25,5,"[391,398,390,539,296]","[1121000,1171000,1142000,1567000,826000]",539,5827000,181
6,26,5,"[299,419,446,389,405]","[879000,1192000,1321000,1150000,1173000]",446,5715000,205
6,27,5,"[452,425,392,306,425]","[1281000,1228000,1130000,891000,1258000]",452,5788000,71
6,28,5,"[291,374,428,407,430]","[825000,1091000,1234000,1227000,1274000]",430,5651000,211
6,29,5,"[400,393,428,429,333]","[1184000,1156000,1235000,1242000,952000]",429,5769000,159
6,30,5,"[256,410,474,489,310]","[755000,1192000,1431000,1421000,875000]",489,5674000,79
6,31,5,"[315,418,585,269,447]","[933000,1172000,1728000,754000,1284000]",585,5871000,203
6,32,5,"[328,401,384,324,406]","[971000,1238000,1138000,930000,1223000]",406,5500000,87
6,33,5,"[395,344,463,338,361]","[1162000,1030000,1382000,976000,1058000]",463,5608000,201
6,34,5,"[452,370,291,450,372]","[1315000,1127000,818000,1320000,1092000]",452,5672000,127
6,35,5,"[407,368,382,416,358]","[1195000,1075000,1136000,1203000,1061000]",416,5670000,129
6,36,5,"[438,389,399,394,351]","[1296000,1057000,1175000,1168000,1053000]",438,5749000,44
6,37,5,"[364,360,344,382,575]","[1044000,1031000,1017000,1124000,1624000]",575,5840000,91
6,38,5,"[394,371,409,384,379]","[1166000,1138000,1220000,1119000,1049000]",409,5692000,133
6,39,5,"[356,351,397,411,439]","[997000,1058000,1174000,1206000,1260000]",439,5695000,153
6,40,5,"[436,344,322,380,419]","[1283000,997000,961000,1101000,1258000]",436,5600000,79
7,1,5,"[426,420,321,355,410]","[1218000,1235000,927000,995000,1192000]",426,5567000,249
7,2,5,"[400,453,352,387,320]","[1175000,1329000,992000,1137000,897000]",453,5530000,183
7,3,5,"[475,442,303,289,427]","[1370000,1337000,837000,812000,1227000]",475,5583000,259
7,4,5,"[373,302,406,535,306]","[1091000,892000,1187000,1517000,864000]",535,5551000,141
7,5,5,"[414,341,341,461,431]","[1170000,970000,966000,1281000,1303000]",461,5690000,223
7,6,5,"[349,374,424,348,373]","[989000,1093000,1228000,1032000,1097000]",424,5439000,157
7,7,5,"[368,343,397,405,318]","[1087000,1027000,1152000,1191000,915000]",405,5372000,223
7,8,5,"[431,446,348,345,316]","[1285000,1309000,975000,984000,926000]",446,5479000,103
7,9,5,"[361,298,391,422,438]","[1034000,836000,1140000,1270000,1242000]",438,5522000,199
7,10,5,"[349,377,401,404,405]","[1016000,1069000,1123000,1174000,1203000]",405,5585000,207
7,11,5,"[415,458,347,380,447]","[1190000,1261000,1000000,1078000,1289000]",458,5818000,195
7,12,5,"[303,425,379,416,422]","[873000,1249000,1133000,1129000,1222000]",425,5606000,219
7,13,5,"[313,449,376,350,436]","[920000,1294000,1091000,960000,1286000]",449,5551000,257
7,14,5,"[357,397,403,368,360]","[1038000,1139000,1178000,1072000,1048000]",403,5475000,121
7,15,5,"[422,419,408,402,360]","[1172000,1222000,1151000,1129000,1068000]",422,5742000,241
7,16,5,"[309,342,455,407,352]","[891000,941000,1330000,1237000,1034000]",455,5433000,185
7,17,5,"[456,261,415,358,401]","[1368000,753000,1214000,1062000,1108000]",456,5505000,213
7,18,5,"[360,399,414,383,435]","[1023000,1173000,1176000,1066000,1254000]",435,5692000,147
7,19,5,"[409,405,358,330,400]","[1192000,1164000,1071000,942000,1139000]",409,5508000,131
7,20,5,"[352,386,333,410,426]","[990000,1144000,939000,1212000,1233000]",426,5518000,73
7,21,5,"[372,451,244,453,415]","[1077000,1296000,659000,1324000,1229000]",453,5585000,201
7,22,5,"[413,409,385,343,379]","[1156000,1145000,1082000,1031000,1151000]",413,5565000,83
7,23,5,"[426,327,320,388,405]","[1248000,930000,958000,1148000,1149000]",426,5433000,105
7,24,5,"[315,505,281,469,367]","[901000,1463000,789000,1316000,1102000]",505,5571000,181
7,25,5,"[335,334,426,337,381]","[982000,974000,1239000,971000,1167000]",426,5333000,101
7,26,5,"[350,275,473,434,420]","[991000,805000,1435000,1165000,1215000]",473,5611000,229
7,27,5,"[314,324,392,436,390]","[889000,952000,1148000,1280000,1158000]",436,5427000,109
7,28,5,"[388,408,379,407,378]","[1118000,1173000,1115000,1138000,1083000]",408,5627000,187
7,29,5,"[413,419,386,399,235]","[1252000,1190000,1141000,1177000,652000]",419,5412000,183
7,30,5,"[361,442,438,431,415]","[1040000,1235000,1257000,1204000,1143000]",442,5879000,175
7,31,5,"[408,324,411,438,378]","[1170000,926000,1158000,1234000,1134000]",438,5622000,215
7,32,5,"[366,394,398,394,396]","[1014000,1175000,1099000,1149000,1163000]",398,5600000,183
7,33,5,"[371,379,403,370,419]","[1081000,1058000,1180000,1028000,1235000]",419,5582000,135
7,34,5,"[265,380,453,350,434]","[758000,1055000,1332000,993000,1330000]",453,5468000,133
7,35,5,"[415,403,365,405,343]","[1187000,1189000,1093000,1169000,929000]",415,5567000,193
7,36,5,"[328,273,508,399,385]","[971000,786000,1475000,1137000,1124000]",508,5493000,165
7,37,5,"[293,574,302,473,348]","[835000,1618000,845000,1404000,976000]",574,5678000,213
7,38,5,"[313,336,555,460,295]","[866000,981000,1620000,1265000,896000]",555,5628000,157
7,39,5,"[406,328,393,416,430]","[1194000,953000,1080000,1189000,1235000]",430,5651000,173
7,40,5,"[409,400,302,414,385]","[1163000,1178000,874000,1201000,1114000]",414,5530000,207
8,1,5,"[304,316,464,406,508]","[885000,911000,1331000,1178000,1502000]",508,5807000,177
8,2,5,"[419,393,386,298,432]","[1204000,1182000,1156000,854000,1260000]",432,5656000,181
8,3,5,"[434,296,356,402,432]","[1233000,874000,1060000,1156000,1299000]",434,5622000,91
8,4,5,"[411,404,385,405,379]","[1199000,1136000,1110000,1181000,1122000]",411,5748000,117
8,5,5,"[408,384,445,449,367]","[1107000,1127000,1295000,1300000,1073000]",449,5902000,61
8,6,5,"[423,488,361,421,387]","[1258000,1401000,1007000,1192000,1110000]",488,5968000,155
8,7,5,"[520,435,517,229,339]","[1501000,1239000,1493000,686000,957000]",520,5876000,95
8,8,5,"[390,393,418,415,418]","[1128000,1137000,1216000,1198000,1196000]",418,5875000,75
8,9,5,"[442,435,268,411,447]","[1286000,1257000,777000,1202000,1287000]",447,5809000,77
8,10,5,"[425,392,385,425,406]","[1219000,1111000,1111000,1230000,1203000]",425,5874000,71
8,11,5,"[367,457,393,421,333]","[1064000,1343000,1185000,1214000,934000]",457,5740000,147
8,12,5,"[449,465,410,253,375]","[1310000,1355000,1204000,716000,1100000]",465,5685000,97
8,13,5,"[462,439,376,378,292]","[1328000,1277000,1091000,1122000,884000]",462,5702000,219
8,14,5,"[449,457,427,457,309]","[1279000,1298000,1250000,1310000,864000]",457,6001000,131
8,15,5,"[391,363,446,336,442]","[1153000,1029000,1295000,1002000,1277000]",446,5756000,123
8,16,5,"[385,382,486,335,407]","[1130000,1085000,1374000,988000,1219000]",486,5796000,147
8,17,5,"[422,424,350,426,435]","[1192000,1232000,997000,1244000,1245000]",435,5910000,199
8,18,5,"[369,433,467,313,469]","[1080000,1283000,1354000,856000,1319000]",469,5892000,69
8,19,5,"[537,326,368,286,452]","[1548000,959000,1101000,821000,1324000]",537,5753000,89
8,20,5,"[380,361,401,588,292]","[1072000,1055000,1176000,1710000,831000]",588,5844000,55
8,21,5,"[475,485,453,483,294]","[1372000,1378000,1233000,1384000,825000]",485,6192000,191
8,22,5,"[433,374,432,438,433]","[1193000,1042000,1323000,1229000,1238000]",438,6025000,187
8,23,5,"[453,390,395,458,415]","[1336000,1098000,1132000,1273000,1181000]",458,6020000,55
8,24,5,"[473,353,361,379,449]","[1357000,991000,1075000,1085000,1314000]",473,5822000,241
8,25,5,"[383,361,418,408,405]","[1086000,1016000,1244000,1237000,1158000]",418,5741000,89
8,26,5,"[374,415,486,289,437]","[1057000,1208000,1391000,830000,1324000]",486,5810000,173
8,27,5,"[373,428,398,308,461]","[1082000,1265000,1213000,880000,1315000]",461,5755000,193
8,28,5,"[485,387,491,404,303]","[1408000,1111000,1423000,1150000,882000]",491,5974000,237
8,29,5,"[417,416,417,404,345]","[1276000,1188000,1185000,1190000,942000]",417,5781000,219
8,30,5,"[409,271,410,401,412]","[1197000,800000,1174000,1179000,1248000]",412,5598000,77
8,31,5,"[387,314,368,418,451]","[1098000,937000,1087000,1265000,1289000]",451,5676000,107
8,32,5,"[425,383,424,406,340]","[1222000,1125000,1209000,1176000,993000]",425,5725000,95
8,33,5,"[416,395,444,326,413]","[1178000,1192000,1323000,875000,1234000]",444,5802000,70
8,34,5,"[366,477,475,432,348]","[1071000,1364000,1325000,1185000,1044000]",477,5989000,137
8,35,5,"[409,420,301,439,425]","[1175000,1227000,891000,1275000,1207000]",439,5775000,69
8,36,5,"[358,370,378,514,384]","[1004000,1058000,1071000,1544000,1129000]",514,5806000,225
8,37,5,"[405,403,339,417,406]","[1185000,1180000,966000,1191000,1220000]",417,5742000,243
8,38,5,"[371,489,321,405,294]","[1105000,1416000,952000,1215000,877000]",489,5565000,113
8,39,5,"[419,389,495,362,359]","[1185000,1141000,1481000,1017000,1009000]",495,5833000,81
8,40,5,"[359,291,359,426,644]","[994000,834000,1044000,1191000,1888000]",644,5951000,177
9,1,5,"[413,452,417,385,448]","[1249000,1252000,1194000,1089000,1283000]",452,6067000,119
9,2,5,"[428,498,356,402,405]","[1276000,1410000,985000,1159000,1167000]",498,5997000,199
9,3,5,"[411,414,442,494,300]","[1203000,1253000,1262000,1402000,837000]",494,5957000,235
9,4,5,"[342,387,403,418,357]","[1010000,1098000,1211000,1238000,1074000]",418,5631000,149
9,5,5,"[471,562,362,315,330]","[1380000,1645000,1055000,842000,975000]",562,5897000,173
9,6,5,"[543,366,490,293,467]","[1579000,1077000,1370000,829000,1300000]",543,6155000,237
9,7,5,"[409,368,451,348,424]","[1172000,1031000,1319000,1053000,1259000]",451,5834000,139
9,8,5,"[435,432,434,273,430]","[1303000,1245000,1248000,786000,1247000]",435,5829000,77
9,9,5,"[316,436,365,424,471]","[872000,1274000,1087000,1258000,1350000]",471,5841000,103
9,10,5,"[425,337,288,480,445]","[1222000,995000,822000,1386000,1354000]",480,5779000,91
9,11,5,"[411,312,336,434,486]","[1263000,887000,990000,1209000,1428000]",486,5777000,195
9,12,5,"[480,271,410,293,540]","[1380000,785000,1180000,878000,1584000]",540,5807000,89
9,13,5,"[403,476,374,408,321]","[1181000,1399000,1060000,1200000,946000]",476,5786000,93
9,14,5,"[423,412,420,393,358]","[1212000,1209000,1221000,1144000,1053000]",423,5839000,137
9,15,5,"[335,454,434,442,361]","[910000,1331000,1296000,1287000,1046000]",454,5870000,93
9,16,5,"[409,363,351,399,463]","[1157000,1062000,984000,1210000,1379000]",463,5792000,173
9,17,5,"[435,487,379,313,467]","[1246000,1358000,1136000,868000,1366000]",487,5974000,139
9,18,5,"[387,411,438,416,380]","[1098000,1188000,1279000,1186000,1138000]",438,5889000,79
9,19,5,"[381,416,418,407,413]","[1083000,1180000,1229000,1237000,1168000]",418,5897000,191
9,20,5,"[370,369,547,380,366]","[1062000,1059000,1578000,1124000,1065000]",547,5888000,139
9,21,5,"[405,379,423,424,412]","[1182000,1079000,1212000,1241000,1228000]",424,5942000,231
9,22,5,"[402,364,279,405,431]","[1174000,1096000,828000,1188000,1303000]",431,5589000,99
9,23,5,"[441,290,336,421,456]","[1290000,859000,957000,1253000,1350000]",456,5709000,205
9,24,5,"[401,279,365,414,424]","[1186000,853000,1093000,1212000,1241000]",424,5585000,113
9,25,5,"[461,356,462,371,394]","[1303000,1027000,1330000,1081000,1175000]",462,5916000,199
9,26,5,"[286,345,426,500,416]","[830000,1015000,1266000,1417000,1240000]",500,5768000,113
9,27,5,"[505,390,429,522,292]","[1386000,1119000,1257000,1476000,866000]",522,6104000,143
9,28,5,"[446,432,458,457,359]","[1315000,1236000,1258000,1325000,1009000]",458,6143000,225
9,29,5,"[310,342,508,529,286]","[836000,1053000,1490000,1552000,836000]",529,5767000,199
9,30,5,"[287,399,371,457,476]","[814000,1126000,1072000,1377000,1408000]",476,5797000,199
9,31,5,"[499,302,418,342,379]","[1511000,899000,1195000,996000,1105000]",499,5706000,181
9,32,5,"[413,351,311,425,368]","[1216000,1055000,931000,1288000,1072000]",425,5562000,187
9,33,5,"[404,374,335,410,414]","[1168000,1114000,993000,1213000,1203000]",414,5691000,39
9,34,5,"[412,455,447,365,427]","[1201000,1360000,1314000,1006000,1158000]",455,6039000,163
9,35,5,"[438,376,397,346,398]","[1299000,1124000,1127000,1006000,1186000]",438,5742000,187
9,36,5,"[420,367,443,440,318]","[1185000,1082000,1312000,1327000,894000]",443,5800000,101
9,37,5,"[318,397,389,364,383]","[917000,1196000,1181000,1080000,1133000]",397,5507000,167
9,38,5,"[276,454,567,285,450]","[768000,1310000,1674000,792000,1348000]",567,5892000,219
9,39,5,"[414,489,380,457,284]","[1188000,1405000,1096000,1346000,837000]",489,5872000,129
9,40,5,"[517,414,361,352,391]","[1507000,1230000,1025000,1001000,1129000]",517,5892000,161
10,1,5,"[436,416,434,507,337]","[1289000,1158000,1194000,1485000,967000]",507,6093000,195
10,2,5,"[409,411,408,406,472]","[1157000,1129000,1165000,1236000,1355000]",472,6042000,75
10,3,5,"[359,419,420,381,411]","[1026000,1218000,1248000,1101000,1215000]",420,5808000,79
10,4,5,"[417,415,413,421,420]","[1191000,1211000,1189000,1262000,1170000]",421,6023000,159
10,5,5,"[299,431,444,403,414]","[863000,1275000,1272000,1205000,1194000]",444,5809000,57
10,6,5,"[429,411,440,387,364]","[1344000,1206000,1270000,1068000,1022000]",440,5910000,163
10,7,5,"[465,446,384,424,409]","[1298000,1246000,1173000,1185000,1196000]",465,6098000,177
10,8,5,"[499,466,453,403,382]","[1430000,1326000,1270000,1136000,1100000]",499,6262000,213
10,9,5,"[407,304,391,430,439]","[1244000,860000,1127000,1256000,1275000]",439,5762000,179
10,10,5,"[401,328,496,377,437]","[1174000,941000,1404000,1062000,1336000]",496,5917000,171
10,11,5,"[428,418,420,401,402]","[1278000,1181000,1158000,1140000,1224000]",428,5981000,167
10,12,5,"[302,407,415,435,375]","[874000,1237000,1188000,1284000,1124000]",435,5707000,63
10,13,5,"[316,466,463,427,393]","[926000,1313000,1388000,1243000,1107000]",466,5977000,209
10,14,5,"[456,444,334,416,404]","[1275000,1290000,947000,1237000,1213000]",456,5962000,165
10,15,5,"[491,527,276,194,480]","[1504000,1543000,777000,557000,1385000]",527,5766000,123
10,16,5,"[473,432,344,428,332]","[1445000,1248000,969000,1229000,982000]",473,5873000,213
10,17,5,"[419,404,370,459,368]","[1258000,1186000,1070000,1315000,1054000]",459,5883000,179
10,18,5,"[496,225,504,488,355]","[1428000,633000,1500000,1399000,1014000]",504,5974000,175
10,19,5,"[290,408,431,482,419]","[838000,1222000,1210000,1407000,1225000]",482,5902000,179
10,20,5,"[399,434,431,362,403]","[1194000,1255000,1240000,1048000,1184000]",434,5921000,175
10,21,5,"[425,402,449,395,322]","[1276000,1209000,1303000,1125000,917000]",449,5830000,91
10,22,5,"[504,583,357,341,304]","[1457000,1644000,1026000,1018000,881000]",583,6026000,83
10,23,5,"[287,670,427,408,357]","[805000,1991000,1183000,1176000,1011000]",670,6166000,129
10,24,5,"[377,396,385,420,402]","[1045000,1182000,1124000,1251000,1212000]",420,5814000,125
10,25,5,"[372,442,489,437,234]","[1093000,1286000,1450000,1306000,663000]",489,5798000,109
10,26,5,"[408,416,435,392,431]","[1184000,1188000,1290000,1117000,1223000]",435,6002000,115
10,27,5,"[447,437,370,350,423]","[1316000,1309000,1067000,1036000,1185000]",447,5913000,179
10,28,5,"[298,432,384,423,455]","[902000,1247000,1089000,1221000,1369000]",455,5828000,75
10,29,5,"[469,403,479,406,346]","[1380000,1166000,1381000,1113000,989000]",479,6029000,131
10,30,5,"[454,413,289,442,360]","[1334000,1188000,823000,1325000,1092000]",454,5762000,127
10,31,5,"[392,387,429,435,451]","[1103000,1175000,1211000,1225000,1292000]",451,6006000,159
10,32,5,"[392,414,382,394,407]","[1120000,1194000,1093000,1178000,1228000]",414,5813000,67
10,33,5,"[408,344,472,437,324]","[1189000,994000,1387000,1321000,918000]",472,5809000,127
10,34,5,"[438,371,414,394,423]","[1254000,1105000,1185000,1136000,1236000]",438,5916000,69
10,35,5,"[385,314,452,429,494]","[1139000,903000,1282000,1249000,1401000]",494,5974000,159
10,36,5,"[394,499,438,337,502]","[1139000,1409000,1239000,962000,1436000]",502,6185000,193
10,37,5,"[513,308,470,324,424]","[1531000,883000,1320000,960000,1223000]",513,5917000,193
10,38,5,"[372,424,445,452,457]","[1077000,1213000,1238000,1285000,1319000]",457,6132000,221
10,39,5,"[319,402,465,309,423]","[932000,1176000,1410000,900000,1260000]",465,5678000,107
10,40,5,"[395,401,477,443,456]","[1111000,1116000,1377000,1280000,1286000]",477,6170000,215
11,1,5,"[400,295,395,370,417]","[1192000,834000,1168000,1079000,1199000]",417,5472000,79
11,2,5,"[401,408,415,359,373]","[1165000,1157000,1228000,1018000,1072000]",415,5640000,139
11,3,5,"[291,395,590,436,311]","[831000,1138000,1672000,1251000,879000]",590,5771000,171
11,4,5,"[426,432,360,340,288]","[1242000,1301000,1035000,998000,840000]",432,5416000,87
11,5,5,"[430,406,187,480,452]","[1240000,1133000,563000,1368000,1332000]",480,5636000,225
11,6,5,"[391,419,294,478,393]","[1112000,1228000,870000,1352000,1129000]",478,5691000,139
11,7,5,"[414,388,398,320,390]","[1227000,1158000,1131000,915000,1125000]",414,5556000,195
11,8,5,"[415,362,443,272,364]","[1214000,1108000,1270000,797000,1046000]",443,5435000,179
11,9,5,"[317,363,396,355,387]","[904000,1080000,1164000,1057000,1156000]",396,5361000,73
11,10,5,"[376,400,368,399,404]","[1151000,1104000,1035000,1140000,1192000]",404,5622000,213
11,11,5,"[499,306,399,293,400]","[1460000,891000,1155000,838000,1178000]",499,5522000,147
11,12,5,"[455,344,255,410,462]","[1318000,983000,696000,1189000,1389000]",462,5575000,145
11,13,5,"[377,357,435,389,397]","[1087000,1032000,1254000,1129000,1140000]",435,5642000,179
11,14,5,"[390,395,366,350,389]","[1139000,1155000,1065000,1038000,1105000]",395,5502000,85
11,15,5,"[403,417,381,377,406]","[1187000,1188000,1071000,1041000,1188000]",417,5675000,63
11,16,5,"[390,473,366,349,440]","[1140000,1369000,1036000,980000,1255000]",473,5780000,233
11,17,5,"[271,407,458,256,472]","[788000,1201000,1353000,749000,1361000]",472,5452000,103
11,18,5,"[416,347,397,430,408]","[1187000,967000,1164000,1232000,1179000]",430,5729000,225
11,19,5,"[393,437,326,342,396]","[1185000,1277000,934000,945000,1173000]",437,5514000,71
11,20,5,"[365,395,393,369,383]","[1033000,1140000,1143000,1119000,1111000]",395,5546000,89
11,21,5,"[359,389,436,365,402]","[1026000,1165000,1247000,1099000,1107000]",436,5644000,213
11,22,5,"[471,367,349,438,341]","[1353000,1064000,1019000,1284000,952000]",471,5672000,225
11,23,5,"[291,374,411,454,312]","[852000,1144000,1236000,1307000,873000]",454,5412000,97
11,24,5,"[385,392,365,335,385]","[1086000,1160000,1060000,1000000,1145000]",392,5451000,73
11,25,5,"[391,382,342,356,491]","[1099000,1136000,957000,1033000,1429000]",491,5654000,91
11,26,5,"[361,375,385,388,373]","[1040000,1098000,1108000,1119000,1115000]",388,5480000,63
11,27,5,"[436,346,347,428,389]","[1268000,962000,995000,1258000,1150000]",436,5633000,145
11,28,5,"[473,338,367,349,429]","[1375000,973000,1033000,999000,1242000]",473,5622000,173
11,29,5,"[432,422,305,521,294]","[1251000,1189000,850000,1522000,879000]",521,5691000,195
11,30,5,"[434,364,403,408,429]","[1212000,1061000,1140000,1155000,1223000]",434,5791000,193
11,31,5,"[415,441,389,399,333]","[1243000,1308000,1093000,1120000,948000]",441,5712000,219
11,32,5,"[355,336,437,362,430]","[1058000,933000,1231000,1082000,1259000]",437,5563000,89
11,33,5,"[423,390,362,396,432]","[1245000,1119000,980000,1124000,1250000]",432,5718000,163
11,34,5,"[430,415,363,362,359]","[1283000,1181000,1056000,1039000,1039000]",430,5598000,215
11,35,5,"[481,497,243,422,288]","[1403000,1445000,709000,1198000,855000]",497,5610000,185
11,36,5,"[510,315,341,322,414]","[1506000,900000,1000000,917000,1207000]",510,5530000,137
11,37,5,"[391,404,373,294,450]","[1099000,1183000,1106000,831000,1323000]",450,5542000,115
11,38,5,"[496,373,403,394,282]","[1408000,1139000,1160000,1129000,801000]",496,5637000,229
11,39,5,"[460,431,328,354,358]","[1325000,1267000,959000,1056000,1010000]",460,5617000,119
11,40,5,"[361,432,334,441,442]","[1016000,1243000,1001000,1239000,1262000]",442,5761000,121
12,1,5,"[360,456,401,398,379]","[1041000,1362000,1168000,1157000,1088000]",456,5816000,95
12,2,5,"[337,375,421,426,404]","[982000,1141000,1223000,1230000,1183000]",426,5759000,141
12,3,5,"[297,489,224,503,411]","[829000,1414000,658000,1507000,1254000]",503,5662000,103
12,4,5,"[394,411,404,413,411]","[1121000,1216000,1208000,1176000,1189000]",413,5910000,73
12,5,5,"[434,411,369,416,441]","[1198000,1191000,1091000,1200000,1298000]",441,5978000,81
12,6,5,"[405,373,413,409,356]","[1219000,1076000,1222000,1161000,1064000]",413,5742000,65
12,7,5,"[386,278,465,410,464]","[1081000,802000,1376000,1206000,1388000]",465,5853000,59
12,8,5,"[236,391,368,517,403]","[684000,1139000,1064000,1542000,1250000]",517,5679000,77
12,9,5,"[422,402,393,403,390]","[1229000,1182000,1091000,1217000,1122000]",422,5841000,189
12,10,5,"[462,433,334,418,309]","[1389000,1243000,965000,1211000,927000]",462,5735000,103
12,11,5,"[480,458,447,291,376]","[1375000,1321000,1320000,822000,1109000]",480,5947000,187
12,12,5,"[278,502,356,371,526]","[787000,1508000,994000,1089000,1514000]",526,5892000,171
12,13,5,"[432,376,458,400,398]","[1230000,1067000,1371000,1137000,1153000]",458,5958000,187
12,14,5,"[383,686,285,296,349]","[1114000,2005000,798000,874000,1055000]",686,5846000,113
12,15,5,"[316,419,436,436,297]","[902000,1282000,1268000,1301000,880000]",436,5633000,69
12,16,5,"[481,410,509,268,259]","[1424000,1214000,1530000,773000,752000]",509,5693000,157
12,17,5,"[408,407,459,349,401]","[1185000,1210000,1347000,968000,1177000]",459,5887000,75
12,18,5,"[347,384,522,332,465]","[981000,1128000,1521000,934000,1362000]",522,5926000,107
12,19,5,"[365,423,365,425,404]","[1070000,1212000,1108000,1222000,1179000]",425,5791000,63
12,20,5,"[345,386,433,435,393]","[978000,1123000,1283000,1277000,1164000]",435,5825000,135
12,21,5,"[315,297,505,337,464]","[914000,864000,1509000,1034000,1345000]",505,5666000,109
12,22,5,"[402,405,396,336,398]","[1183000,1182000,1166000,972000,1191000]",405,5694000,73
12,23,5,"[396,414,401,373,408]","[1188000,1182000,1193000,1076000,1164000]",414,5803000,49
12,24,5,"[406,418,406,393,366]","[1199000,1199000,1160000,1157000,1089000]",418,5804000,119
12,25,5,"[411,414,330,332,378]","[1222000,1211000,991000,979000,1149000]",414,5552000,149
12,26,5,"[314,454,412,409,398]","[885000,1385000,1159000,1200000,1171000]",454,5800000,155
12,27,5,"[365,381,381,400,382]","[1100000,1090000,1143000,1247000,1077000]",400,5657000,163
12,28,5,"[315,435,416,440,349]","[888000,1345000,1194000,1318000,994000]",440,5739000,47
12,29,5,"[439,389,409,368,416]","[1299000,1144000,1163000,1066000,1202000]",439,5874000,129
12,30,5,"[399,343,459,454,389]","[1191000,986000,1332000,1330000,1096000]",459,5935000,115
12,31,5,"[462,250,471,456,436]","[1324000,722000,1308000,1305000,1328000]",471,5987000,73
12,32,5,"[451,412,434,389,332]","[1319000,1253000,1271000,1096000,922000]",451,5861000,133
12,33,5,"[333,292,435,357,481]","[991000,851000,1308000,1053000,1418000]",481,5621000,67
12,34,5,"[384,474,289,417,505]","[1098000,1347000,790000,1182000,1550000]",505,5967000,157
12,35,5,"[407,434,415,398,339]","[1174000,1294000,1193000,1190000,969000]",434,5820000,177
12,36,5,"[381,369,418,399,387]","[1160000,1089000,1241000,1112000,1124000]",418,5726000,77
12,37,5,"[614,287,317,374,408]","[1863000,796000,934000,1048000,1181000]",614,5822000,157
12,38,5,"[393,449,390,386,326]","[1167000,1335000,1131000,1185000,889000]",449,5707000,97
12,39,5,"[460,427,406,415,294]","[1343000,1241000,1181000,1226000,840000]",460,5831000,121
12,40,5,"[409,432,422,441,372]","[1171000,1257000,1240000,1263000,1077000]",441,6008000,111
13,1,5,"[320,431,388,303,467]","[886000,1283000,1130000,864000,1331000]",467,5494000,149
13,2,5,"[450,519,372,370,249]","[1268000,1488000,1095000,1052000,705000]",519,5608000,221
13,3,5,"[426,445,316,406,296]","[1245000,1364000,881000,1110000,859000]",445,5459000,161
13,4,5,"[380,331,415,346,369]","[1060000,962000,1238000,1007000,1098000]",415,5365000,143
13,5,5,"[437,381,367,425,409]","[1244000,1083000,1045000,1233000,1117000]",437,5722000,241
13,6,5,"[342,366,368,367,365]","[999000,1095000,1084000,1064000,1057000]",368,5299000,95
13,7,5,"[456,467,291,305,418]","[1251000,1312000,867000,929000,1205000]",467,5564000,243
13,8,5,"[453,415,195,323,526]","[1374000,1208000,561000,876000,1505000]",526,5524000,235
13,9,5,"[355,395,418,303,355]","[1043000,1176000,1217000,873000,1028000]",418,5337000,101
13,10,5,"[374,405,384,398,342]","[1078000,1204000,1107000,1102000,1017000]",405,5508000,213
13,11,5,"[413,368,407,362,423]","[1128000,1078000,1159000,1021000,1227000]",423,5613000,215
13,12,5,"[389,341,383,465,335]","[1162000,991000,1084000,1317000,953000]",465,5507000,109
13,13,5,"[394,414,335,357,394]","[1145000,1212000,949000,1035000,1124000]",414,5465000,131
13,14,5,"[436,440,380,355,286]","[1256000,1262000,1113000,1039000,797000]",440,5467000,249
13,15,5,"[404,374,300,377,441]","[1121000,1108000,857000,1096000,1287000]",441,5469000,221
13,16,5,"[443,410,400,313,405]","[1270000,1201000,1105000,911000,1143000]",443,5630000,205
13,17,5,"[204,498,376,395,302]","[573000,1488000,1121000,1177000,872000]",498,5231000,169
13,18,5,"[415,281,314,441,472]","[1211000,796000,865000,1263000,1397000]",472,5532000,203
13,19,5,"[495,425,273,382,342]","[1401000,1249000,771000,1091000,1005000]",495,5517000,195
13,20,5,"[373,433,450,347,295]","[1100000,1252000,1284000,1015000,827000]",450,5478000,193
13,21,5,"[312,437,422,509,336]","[851000,1246000,1216000,1459000,945000]",509,5717000,215
13,22,5,"[399,358,403,309,422]","[1177000,1040000,1129000,903000,1213000]",422,5462000,203
13,23,5,"[305,343,425,427,431]","[877000,983000,1207000,1233000,1246000]",431,5546000,189
13,24,5,"[468,389,377,383,315]","[1390000,1108000,1060000,1131000,852000]",468,5541000,279
13,25,5,"[416,373,343,397,356]","[1168000,1103000,998000,1166000,1036000]",416,5471000,247
13,26,5,"[429,351,297,391,406]","[1260000,1008000,822000,1154000,1193000]",429,5437000,251
13,27,5,"[403,345,399,363,384]","[1157000,981000,1173000,1013000,1143000]",403,5467000,187
13,28,5,"[397,433,241,331,416]","[1199000,1307000,677000,938000,1213000]",433,5334000,185
13,29,5,"[397,448,328,433,344]","[1145000,1286000,929000,1256000,982000]",448,5598000,203
13,30,5,"[276,340,358,406,449]","[807000,971000,1025000,1208000,1336000]",449,5347000,169
13,31,5,"[354,410,283,398,461]","[1017000,1201000,809000,1150000,1324000]",461,5501000,137
13,32,5,"[335,363,377,407,392]","[939000,1083000,1077000,1193000,1139000]",407,5431000,203
13,33,5,"[415,383,386,371,360]","[1193000,1120000,1093000,1063000,1050000]",415,5519000,197
13,34,5,"[438,394,424,307,300]","[1299000,1157000,1256000,873000,831000]",438,5416000,159
13,35,5,"[422,388,398,308,368]","[1183000,1124000,1189000,880000,1075000]",422,5451000,129
13,36,5,"[339,410,403,353,400]","[991000,1157000,1160000,1010000,1163000]",410,5481000,173
13,37,5,"[346,376,364,355,386]","[992000,1079000,1084000,1064000,1121000]",386,5340000,129
13,38,5,"[267,455,417,437,325]","[774000,1306000,1215000,1279000,906000]",455,5480000,133
13,39,5,"[399,323,434,389,348]","[1131000,943000,1260000,1117000,1005000]",434,5456000,237
13,40,5,"[308,422,419,440,333]","[858000,1251000,1195000,1267000,952000]",440,5523000,239
14,1,5,"[421,344,371,378,408]","[1164000,1034000,1034000,1106000,1185000]",421,5523000,223
14,2,5,"[450,342,370,348,399]","[1270000,972000,1123000,1005000,1131000]",450,5501000,231
14,3,5,"[420,381,341,394,419]","[1194000,1107000,976000,1118000,1216000]",420,5611000,191
14,4,5,"[538,497,372,265,279]","[1518000,1393000,1092000,767000,797000]",538,5567000,89
14,5,5,"[412,345,305,450,435]","[1148000,1014000,856000,1305000,1263000]",450,5586000,217
14,6,5,"[380,407,382,403,312]","[1075000,1171000,1103000,1190000,907000]",407,5446000,197
14,7,5,"[466,373,386,292,413]","[1295000,1079000,1082000,845000,1229000]",466,5530000,125
14,8,5,"[339,393,358,417,353]","[951000,1152000,1031000,1200000,1066000]",417,5400000,189
14,9,5,"[357,281,436,355,450]","[990000,808000,1289000,1027000,1309000]",450,5423000,115
14,10,5,"[288,422,399,400,318]","[804000,1227000,1194000,1163000,948000]",422,5336000,209
14,11,5,"[252,408,301,453,433]","[712000,1218000,866000,1322000,1236000]",453,5354000,127
14,12,5,"[286,392,418,444,387]","[842000,1155000,1196000,1215000,1119000]",444,5527000,173
14,13,5,"[369,479,317,337,392]","[1002000,1411000,911000,989000,1150000]",479,5463000,225
14,14,5,"[272,436,509,326,288]","[798000,1313000,1504000,895000,822000]",509,5332000,97
14,15,5,"[424,320,426,423,353]","[1214000,889000,1278000,1177000,1030000]",426,5588000,197
14,16,5,"[337,374,397,420,375]","[938000,1108000,1152000,1167000,1116000]",420,5481000,145
14,17,5,"[277,420,428,375,394]","[812000,1197000,1249000,1085000,1115000]",428,5458000,205
14,18,5,"[423,460,323,413,366]","[1173000,1298000,948000,1185000,1044000]",460,5648000,203
14,19,5,"[341,395,393,400,354]","[949000,1181000,1152000,1120000,1032000]",400,5434000,221
14,20,5,"[415,398,413,339,401]","[1200000,1162000,1138000,975000,1141000]",415,5616000,175
14,21,5,"[329,367,403,387,383]","[965000,1105000,1141000,1095000,1102000]",403,5408000,229
14,22,5,"[456,381,256,416,380]","[1287000,1086000,717000,1240000,1126000]",456,5456000,203
14,23,5,"[384,387,406,387,389]","[1104000,1099000,1181000,1134000,1072000]",406,5590000,175
14,24,5,"[343,278,414,533,260]","[1006000,811000,1257000,1540000,727000]",533,5341000,177
14,25,5,"[335,336,406,407,369]","[963000,992000,1199000,1142000,1080000]",407,5376000,81
14,26,5,"[326,459,283,404,453]","[892000,1309000,797000,1225000,1306000]",459,5529000,193
14,27,5,"[317,344,409,431,375]","[937000,995000,1163000,1213000,1115000]",431,5423000,161
14,28,5,"[389,531,283,341,319]","[1158000,1569000,785000,964000,923000]",531,5399000,229
14,29,5,"[284,431,431,400,321]","[814000,1276000,1285000,1151000,891000]",431,5417000,191
14,30,5,"[409,408,322,375,332]","[1202000,1185000,935000,1097000,943000]",409,5362000,119
14,31,5,"[544,269,454,441,219]","[1571000,784000,1325000,1239000,611000]",544,5530000,227
14,32,5,"[372,363,372,355,369]","[1061000,1082000,1116000,986000,1078000]",372,5323000,117
14,33,5,"[436,368,451,340,321]","[1259000,1078000,1274000,1031000,876000]",451,5518000,137
14,34,5,"[361,345,407,455,445]","[1004000,1005000,1117000,1299000,1276000]",455,5701000,181
14,35,5,"[403,446,307,412,378]","[1175000,1268000,872000,1148000,1103000]",446,5566000,165
14,36,5,"[403,339,408,388,365]","[1169000,981000,1194000,1112000,1033000]",408,5489000,69
14,37,5,"[310,369,410,387,427]","[876000,1086000,1174000,1086000,1266000]",427,5488000,157
14,38,5,"[373,399,390,385,365]","[1058000,1107000,1151000,1121000,1063000]",399,5500000,215
14,39,5,"[299,558,480,384,307]","[856000,1563000,1395000,1085000,827000]",558,5726000,257
14,40,5,"[267,392,455,453,398]","[798000,1165000,1243000,1305000,1105000]",455,5616000,213
15,1,5,"[477,516,476,205,514]","[1413000,1425000,1282000,596000,1436000]",516,6152000,77
15,2,5,"[359,545,482,372,367]","[1060000,1517000,1399000,1008000,1052000]",545,6036000,217
15,3,5,"[486,309,351,402,376]","[1428000,888000,1033000,1194000,1075000]",486,5618000,127
15,4,5,"[453,308,433,411,448]","[1269000,877000,1254000,1242000,1244000]",453,5886000,95
15,5,5,"[471,363,505,367,373]","[1338000,1047000,1511000,1015000,1025000]",505,5936000,165
15,6,5,"[320,407,432,356,414]","[928000,1196000,1249000,1031000,1213000]",432,5617000,133
15,7,5,"[406,351,359,423,408]","[1157000,1077000,1009000,1263000,1180000]",423,5686000,81
15,8,5,"[455,485,368,296,316]","[1381000,1432000,1054000,841000,908000]",485,5616000,205
15,9,5,"[538,483,281,458,387]","[1496000,1374000,787000,1281000,1119000]",538,6057000,223
15,10,5,"[392,406,434,414,442]","[1099000,1232000,1192000,1149000,1286000]",442,5958000,219
15,11,5,"[351,457,392,477,337]","[982000,1361000,1086000,1395000,971000]",477,5795000,97
15,12,5,"[392,433,349,391,485]","[1099000,1205000,1017000,1106000,1436000]",485,5863000,175
15,13,5,"[411,396,387,325,414]","[1185000,1155000,1107000,944000,1252000]",414,5643000,237
15,14,5,"[312,418,379,391,409]","[875000,1185000,1178000,1142000,1196000]",418,5576000,105
15,15,5,"[428,375,399,423,417]","[1198000,1104000,1148000,1210000,1215000]",428,5875000,85
15,16,5,"[408,380,396,373,403]","[1229000,1105000,1155000,1094000,1106000]",408,5689000,111
15,17,5,"[416,407,439,312,465]","[1188000,1195000,1220000,903000,1324000]",465,5830000,157
15,18,5,"[328,402,408,412,437]","[932000,1200000,1182000,1172000,1254000]",437,5740000,149
15,19,5,"[263,421,436,369,453]","[760000,1277000,1270000,1062000,1287000]",453,5656000,191
15,20,5,"[496,371,372,355,474]","[1394000,1063000,1035000,1028000,1386000]",496,5906000,243
15,21,5,"[328,546,371,401,454]","[929000,1538000,1059000,1135000,1293000]",546,5954000,159
15,22,5,"[298,483,453,334,434]","[875000,1383000,1286000,947000,1282000]",483,5773000,113
15,23,5,"[467,356,306,456,375]","[1390000,1036000,837000,1343000,1080000]",467,5686000,183
15,24,5,"[388,474,399,325,447]","[1099000,1332000,1124000,980000,1291000]",474,5826000,89
15,25,5,"[371,353,360,431,419]","[1100000,1048000,1032000,1214000,1246000]",431,5640000,123
15,26,5,"[372,438,387,423,408]","[1134000,1272000,1071000,1200000,1158000]",438,5835000,167
15,27,5,"[284,371,425,423,447]","[829000,1052000,1252000,1239000,1296000]",447,5668000,137
15,28,5,"[458,412,479,277,442]","[1299000,1191000,1366000,791000,1241000]",479,5888000,169
15,29,5,"[471,426,334,378,477]","[1364000,1236000,920000,1041000,1377000]",477,5938000,183
15,30,5,"[363,445,456,335,407]","[1095000,1219000,1344000,982000,1144000]",456,5784000,183
15,31,5,"[369,403,461,478,452]","[1006000,1135000,1359000,1328000,1256000]",478,6084000,177
15,32,5,"[388,460,228,462,441]","[1121000,1349000,624000,1380000,1251000]",462,5725000,77
15,33,5,"[423,425,436,450,336]","[1203000,1213000,1241000,1275000,971000]",450,5903000,89
15,34,5,"[494,341,402,229,494]","[1455000,931000,1205000,650000,1437000]",494,5678000,221
15,35,5,"[512,415,357,291,348]","[1471000,1252000,1059000,801000,1027000]",512,5610000,125
15,36,5,"[357,476,452,439,361]","[1053000,1313000,1303000,1273000,1004000]",476,5946000,14
15,37,5,"[384,424,387,429,428]","[1071000,1219000,1063000,1258000,1250000]",429,5861000,157
15,38,5,"[440,405,397,422,349]","[1261000,1170000,1148000,1195000,1019000]",440,5793000,101
15,39,5,"[328,436,388,308,548]","[935000,1298000,1109000,859000,1582000]",548,5783000,173
15,40,5,"[444,366,432,466,410]","[1268000,1029000,1251000,1272000,1195000]",466,6015000,167
16,1,5,"[416,421,416,302,352]","[1225000,1271000,1225000,880000,1019000]",421,5620000,109
16,2,5,"[423,427,322,487,482]","[1212000,1230000,881000,1368000,1377000]",487,6068000,171
16,3,5,"[447,472,414,361,294]","[1303000,1408000,1227000,1017000,812000]",472,5767000,205
16,4,5,"[283,471,312,462,410]","[824000,1338000,936000,1318000,1248000]",471,5664000,103
16,5,5,"[424,405,429,382,383]","[1196000,1156000,1269000,1121000,1102000]",429,5844000,195
16,6,5,"[334,317,399,412,520]","[962000,902000,1132000,1256000,1517000]",520,5769000,209
16,7,5,"[445,521,347,295,366]","[1303000,1517000,1038000,827000,1056000]",521,5741000,237
16,8,5,"[428,449,365,352,449]","[1243000,1286000,1039000,1010000,1305000]",449,5883000,117
16,9,5,"[425,387,378,419,376]","[1255000,1115000,1098000,1221000,1076000]",425,5765000,65
16,10,5,"[336,409,413,360,504]","[921000,1164000,1190000,1083000,1509000]",504,5867000,157
16,11,5,"[442,394,333,431,377]","[1283000,1146000,923000,1310000,1094000]",442,5756000,207
16,12,5,"[358,348,437,386,453]","[1049000,996000,1309000,1094000,1314000]",453,5762000,175
16,13,5,"[517,351,379,286,486]","[1472000,1047000,1056000,824000,1441000]",517,5840000,189
16,14,5,"[409,446,370,358,440]","[1202000,1267000,1049000,1025000,1315000]",446,5858000,79
16,15,5,"[380,427,433,432,356]","[1154000,1175000,1250000,1261000,1003000]",433,5843000,181
16,16,5,"[504,377,341,322,532]","[1467000,1048000,952000,908000,1583000]",532,5958000,171
16,17,5,"[408,378,430,447,434]","[1215000,1107000,1229000,1248000,1199000]",447,5998000,201
16,18,5,"[338,391,400,432,402]","[982000,1139000,1157000,1224000,1236000]",432,5738000,85
16,19,5,"[393,416,446,267,493]","[1125000,1232000,1291000,756000,1422000]",493,5826000,141
16,20,5,"[370,462,428,364,478]","[1097000,1325000,1216000,966000,1415000]",478,6019000,207
16,21,5,"[416,317,435,462,429]","[1195000,896000,1231000,1357000,1248000]",462,5927000,61
16,22,5,"[430,320,345,418,387]","[1301000,946000,988000,1280000,1096000]",430,5611000,227
16,23,5,"[491,366,413,431,297]","[1420000,1101000,1181000,1258000,835000]",491,5795000,139
16,24,5,"[444,462,366,441,312]","[1270000,1342000,1077000,1266000,894000]",462,5849000,183
16,25,5,"[527,439,412,323,342]","[1549000,1256000,1217000,894000,972000]",527,5888000,73
16,26,5,"[379,371,410,471,336]","[1070000,1123000,1198000,1392000,964000]",471,5747000,185
16,27,5,"[487,453,434,439,344]","[1427000,1227000,1255000,1218000,994000]",487,6121000,159
16,28,5,"[258,565,378,555,277]","[720000,1623000,1056000,1659000,799000]",565,5857000,165
16,29,5,"[385,305,429,405,443]","[1106000,871000,1218000,1203000,1342000]",443,5740000,191
16,30,5,"[284,421,449,327,423]","[832000,1247000,1366000,918000,1247000]",449,5610000,175
16,31,5,"[354,391,455,441,404]","[973000,1125000,1329000,1238000,1208000]",455,5873000,203
16,32,5,"[388,436,415,321,404]","[1092000,1337000,1209000,930000,1174000]",436,5742000,113
16,33,5,"[475,336,476,400,354]","[1400000,966000,1347000,1152000,1008000]",476,5873000,173
16,34,5,"[285,491,461,356,410]","[810000,1426000,1295000,1069000,1205000]",491,5805000,155
16,35,5,"[396,342,383,428,403]","[1134000,1024000,1060000,1255000,1226000]",428,5699000,147
16,36,5,"[278,328,358,493,447]","[796000,962000,1040000,1421000,1379000]",493,5598000,203
16,37,5,"[422,369,303,424,402]","[1201000,1150000,870000,1247000,1170000]",424,5638000,125
16,38,5,"[369,425,419,280,380]","[1125000,1219000,1261000,790000,1147000]",425,5542000,125
16,39,5,"[406,357,360,408,465]","[1166000,1017000,1066000,1148000,1402000]",465,5799000,203
16,40,5,"[430,372,416,362,415]","[1228000,1064000,1201000,1078000,1202000]",430,5773000,157
17,1,5,"[358,435,331,557,444]","[1037000,1281000,923000,1630000,1261000]",557,6132000,209
17,2,5,"[413,440,465,368,300]","[1256000,1324000,1349000,1084000,840000]",465,5853000,197
17,3,5,"[403,436,400,412,415]","[1166000,1243000,1192000,1178000,1211000]",436,5990000,185
17,4,5,"[422,290,344,610,360]","[1212000,835000,976000,1814000,1083000]",610,5920000,203
17,5,5,"[486,401,452,435,272]","[1403000,1201000,1300000,1258000,793000]",486,5955000,221
17,6,5,"[429,454,340,470,399]","[1227000,1301000,978000,1360000,1191000]",470,6057000,187
17,7,5,"[646,317,341,328,328]","[1976000,943000,1001000,911000,957000]",646,5788000,117
17,8,5,"[398,445,374,344,443]","[1150000,1331000,1117000,1033000,1261000]",445,5892000,203
17,9,5,"[413,423,384,438,412]","[1234000,1253000,1094000,1248000,1165000]",438,5994000,83
17,10,5,"[452,437,300,430,429]","[1276000,1294000,852000,1235000,1308000]",452,5965000,169
17,11,5,"[307,483,412,377,487]","[877000,1411000,1180000,1096000,1427000]",487,5991000,139
17,12,5,"[451,381,375,504,429]","[1325000,1081000,1045000,1455000,1236000]",504,6142000,175
17,13,5,"[373,458,568,455,353]","[1028000,1322000,1609000,1288000,1024000]",568,6271000,219
17,14,5,"[414,437,348,409,384]","[1194000,1291000,1011000,1226000,1131000]",437,5853000,71
17,15,5,"[437,429,447,384,386]","[1279000,1266000,1260000,1110000,1141000]",447,6056000,85
17,16,5,"[468,379,383,424,435]","[1350000,1115000,1120000,1226000,1224000]",468,6035000,171
17,17,5,"[447,412,439,425,331]","[1325000,1229000,1275000,1184000,953000]",447,5966000,207
17,18,5,"[408,400,466,557,419]","[1138000,1175000,1347000,1559000,1149000]",557,6368000,217
17,19,5,"[407,476,405,321,430]","[1195000,1408000,1168000,876000,1295000]",476,5942000,177
17,20,5,"[428,400,428,350,412]","[1276000,1156000,1243000,1027000,1193000]",428,5895000,191
17,21,5,"[309,396,474,434,401]","[927000,1158000,1395000,1255000,1156000]",474,5891000,95
17,22,5,"[458,371,354,278,452]","[1366000,1104000,1020000,851000,1334000]",458,5675000,145
17,23,5,"[441,408,370,391,416]","[1282000,1215000,1088000,1173000,1162000]",441,5920000,197
17,24,5,"[323,592,357,332,403]","[930000,1757000,1062000,979000,1154000]",592,5882000,163
17,25,5,"[313,357,355,552,429]","[903000,1060000,1025000,1629000,1238000]",552,5855000,189
17,26,5,"[452,415,283,426,499]","[1270000,1139000,838000,1248000,1529000]",499,6024000,201
17,27,5,"[559,329,354,377,504]","[1625000,946000,1032000,1045000,1461000]",559,6109000,161
17,28,5,"[426,476,432,349,472]","[1270000,1398000,1230000,992000,1292000]",476,6182000,103
17,29,5,"[510,499,249,399,337]","[1485000,1460000,753000,1206000,962000]",510,5866000,135
17,30,5,"[473,352,398,424,396]","[1393000,1049000,1129000,1205000,1172000]",473,5948000,197
17,31,5,"[377,425,475,419,365]","[1105000,1223000,1412000,1198000,1051000]",475,5989000,209
17,32,5,"[502,452,451,410,326]","[1451000,1305000,1260000,1182000,937000]",502,6135000,129
17,33,5,"[470,369,490,364,393]","[1399000,1069000,1391000,1034000,1158000]",490,6051000,155
17,34,5,"[392,441,409,394,441]","[1168000,1304000,1193000,1118000,1251000]",441,6034000,111
17,35,5,"[389,354,453,388,484]","[1174000,1047000,1326000,1103000,1352000]",484,6002000,195
17,36,5,"[376,470,324,450,442]","[1073000,1393000,903000,1337000,1289000]",470,5995000,117
17,37,5,"[440,440,306,433,425]","[1273000,1270000,894000,1247000,1267000]",440,5951000,167
17,38,5,"[338,517,521,383,315]","[1012000,1523000,1525000,1055000,918000]",521,6033000,211
17,39,5,"[450,410,468,419,463]","[1236000,1219000,1304000,1210000,1310000]",468,6279000,133
17,40,5,"[428,283,403,422,490]","[1244000,812000,1169000,1225000,1461000]",490,5911000,203
18,1,5,"[407,336,481,472,443]","[1165000,1014000,1387000,1364000,1279000]",481,6209000,149
18,2,5,"[482,468,321,510,371]","[1392000,1313000,929000,1491000,1083000]",510,6208000,213
18,3,5,"[427,247,470,397,605]","[1176000,740000,1350000,1135000,1810000]",605,6211000,81
18,4,5,"[460,446,477,438,344]","[1335000,1306000,1331000,1312000,985000]",477,6269000,153
18,5,5,"[408,333,489,327,454]","[1181000,987000,1506000,935000,1337000]",489,5946000,69
18,6,5,"[421,305,332,481,581]","[1280000,886000,949000,1427000,1645000]",581,6187000,191
18,7,5,"[454,324,496,500,306]","[1322000,977000,1461000,1456000,866000]",500,6082000,101
18,8,5,"[487,362,420,471,482]","[1433000,1016000,1182000,1404000,1349000]",487,6384000,145
18,9,5,"[431,369,457,418,414]","[1294000,1080000,1304000,1241000,1188000]",457,6107000,73
18,10,5,"[437,439,453,410,443]","[1264000,1286000,1290000,1174000,1294000]",453,6308000,153
18,11,5,"[537,520,314,400,358]","[1506000,1549000,904000,1223000,1003000]",537,6185000,163
18,12,5,"[390,451,431,327,442]","[1097000,1358000,1270000,957000,1312000]",451,5994000,127
18,13,5,"[332,466,464,371,458]","[930000,1335000,1360000,1087000,1386000]",466,6098000,105
18,14,5,"[369,451,357,404,490]","[1086000,1337000,1026000,1174000,1448000]",490,6071000,149
18,15,5,"[448,428,392,427,439]","[1278000,1246000,1168000,1184000,1337000]",448,6213000,187
18,16,5,"[516,428,329,431,314]","[1494000,1318000,958000,1270000,925000]",516,5965000,111
18,17,5,"[346,359,636,407,436]","[1052000,1063000,1757000,1189000,1262000]",636,6323000,163
18,18,5,"[349,490,464,471,390]","[1055000,1406000,1345000,1350000,1104000]",490,6260000,149
18,19,5,"[484,436,297,478,449]","[1415000,1251000,870000,1322000,1354000]",484,6212000,59
18,20,5,"[429,541,397,408,413]","[1242000,1557000,1151000,1147000,1204000]",541,6301000,187
18,21,5,"[364,551,327,590,417]","[1046000,1549000,951000,1687000,1197000]",590,6430000,191
18,22,5,"[306,571,407,345,444]","[881000,1679000,1192000,996000,1344000]",571,6092000,185
18,23,5,"[433,468,474,388,432]","[1233000,1280000,1419000,1103000,1279000]",474,6314000,85
18,24,5,"[483,421,373,347,451]","[1440000,1290000,1052000,1006000,1286000]",483,6074000,111
18,25,5,"[482,392,457,338,492]","[1330000,1183000,1334000,975000,1434000]",492,6256000,143
18,26,5,"[499,448,340,556,295]","[1436000,1322000,992000,1629000,831000]",556,6210000,193
18,27,5,"[314,414,363,437,445]","[913000,1206000,1085000,1327000,1352000]",445,5883000,129
18,28,5,"[377,424,433,422,470]","[1120000,1247000,1214000,1209000,1384000]",470,6174000,119
18,29,5,"[415,433,424,395,416]","[1239000,1220000,1268000,1109000,1252000]",433,6088000,211
18,30,5,"[483,448,432,360,382]","[1392000,1325000,1216000,1063000,1130000]",483,6126000,147
18,31,5,"[368,417,453,414,346]","[1090000,1207000,1377000,1224000,1028000]",453,5926000,153
18,32,5,"[442,428,407,428,300]","[1331000,1282000,1176000,1301000,846000]",442,5936000,73
18,33,5,"[461,337,642,306,378]","[1339000,950000,1903000,900000,1075000]",642,6167000,141
18,34,5,"[403,435,319,422,434]","[1217000,1257000,965000,1240000,1273000]",435,5952000,43
18,35,5,"[466,441,452,459,277]","[1388000,1303000,1300000,1310000,809000]",466,6110000,189
18,36,5,"[361,475,473,436,433]","[1017000,1346000,1347000,1289000,1294000]",475,6293000,165
18,37,5,"[367,410,434,456,456]","[1060000,1237000,1266000,1298000,1314000]",456,6175000,195
18,38,5,"[484,381,404,406,363]","[1436000,1074000,1204000,1196000,1095000]",484,6005000,173
18,39,5,"[403,444,379,431,476]","[1160000,1296000,1103000,1234000,1393000]",476,6186000,93
18,40,5,"[404,420,351,416,383]","[1159000,1262000,998000,1263000,1177000]",420,5859000,83
19,1,5,"[428,360,312,432,431]","[1248000,1095000,885000,1218000,1263000]",432,5709000,55
19,2,5,"[423,426,397,382,419]","[1188000,1214000,1149000,1124000,1210000]",426,5885000,115
19,3,5,"[399,403,402,402,364]","[1176000,1157000,1215000,1161000,1043000]",403,5752000,133
19,4,5,"[437,446,368,329,400]","[1256000,1327000,1082000,940000,1142000]",446,5747000,195
19,5,5,"[430,335,420,438,417]","[1247000,951000,1264000,1227000,1177000]",438,5866000,103
19,6,5,"[432,496,415,396,251]","[1215000,1451000,1198000,1209000,715000]",496,5788000,163
19,7,5,"[403,376,355,444,438]","[1110000,1151000,1060000,1251000,1251000]",444,5823000,73
19,8,5,"[260,392,417,335,409]","[781000,1144000,1295000,970000,1240000]",417,5430000,101
19,9,5,"[431,337,329,408,456]","[1228000,979000,970000,1240000,1299000]",456,5716000,123
19,10,5,"[397,338,430,451,411]","[1184000,952000,1240000,1289000,1176000]",451,5841000,99
19,11,5,"[422,398,373,364,361]","[1189000,1195000,1053000,1088000,1101000]",422,5626000,177
19,12,5,"[437,371,369,428,384]","[1237000,1089000,1146000,1243000,1076000]",437,5791000,121
19,13,5,"[432,388,435,432,427]","[1260000,1064000,1229000,1251000,1226000]",435,6030000,123
19,14,5,"[388,422,379,398,395]","[1103000,1189000,1157000,1123000,1201000]",422,5773000,87
19,15,5,"[390,333,366,387,432]","[1188000,963000,1056000,1143000,1260000]",432,5610000,87
19,16,5,"[493,348,503,313,363]","[1395000,1011000,1445000,911000,1071000]",503,5833000,79
19,17,5,"[325,391,487,411,380]","[962000,1118000,1367000,1161000,1168000]",487,5776000,187
19,18,5,"[299,449,438,438,421]","[877000,1267000,1285000,1247000,1208000]",449,5884000,133
19,19,5,"[422,335,450,467,452]","[1171000,910000,1305000,1372000,1288000]",467,6046000,179
19,20,5,"[335,382,489,455,470]","[925000,1095000,1449000,1300000,1279000]",489,6048000,193
19,21,5,"[441,356,422,425,317]","[1271000,1027000,1243000,1258000,914000]",441,5713000,137
19,22,5,"[416,403,387,379,440]","[1180000,1159000,1153000,1067000,1282000]",440,5841000,79
19,23,5,"[439,407,354,454,398]","[1276000,1188000,1029000,1295000,1099000]",454,5887000,155
19,24,5,"[375,385,376,447,435]","[1080000,1136000,1076000,1276000,1269000]",447,5837000,169
19,25,5,"[361,420,383,389,374]","[1106000,1215000,1123000,1165000,1063000]",420,5672000,113
19,26,5,"[412,357,408,345,488]","[1196000,1086000,1143000,990000,1398000]",488,5813000,203
19,27,5,"[452,336,457,401,429]","[1300000,969000,1308000,1128000,1248000]",457,5953000,139
19,28,5,"[442,444,437,414,421]","[1196000,1283000,1234000,1191000,1193000]",444,6097000,45
19,29,5,"[420,438,321,404,421]","[1184000,1329000,909000,1153000,1220000]",438,5795000,123
19,30,5,"[420,429,398,316,445]","[1263000,1230000,1126000,866000,1329000]",445,5814000,129
19,31,5,"[372,327,431,457,388]","[1085000,933000,1303000,1346000,1099000]",457,5766000,135
19,32,5,"[383,333,449,453,373]","[1090000,944000,1306000,1314000,1118000]",453,5772000,41
19,33,5,"[362,424,425,352,419]","[1012000,1226000,1214000,1073000,1234000]",425,5759000,185
19,34,5,"[393,435,322,398,361]","[1157000,1329000,922000,1189000,1006000]",435,5603000,87
19,35,5,"[418,344,478,253,453]","[1214000,1021000,1427000,725000,1314000]",478,5701000,153
19,36,5,"[463,348,460,479,256]","[1351000,990000,1375000,1318000,746000]",479,5780000,179
19,37,5,"[371,407,425,404,420]","[1099000,1176000,1204000,1177000,1178000]",425,5834000,65
19,38,5,"[273,429,450,468,359]","[783000,1236000,1347000,1359000,1027000]",468,5752000,97
19,39,5,"[338,309,441,435,387]","[1012000,894000,1293000,1251000,1166000]",441,5616000,135
19,40,5,"[403,408,404,346,407]","[1186000,1201000,1147000,1013000,1201000]",408,5748000,99
20,1,5,"[373,388,390,337,391]","[1085000,1166000,1164000,922000,1137000]",391,5474000,61
20,2,5,"[304,522,264,495,283]","[878000,1554000,768000,1485000,769000]",522,5454000,253
20,3,5,"[226,483,466,289,435]","[629000,1367000,1365000,839000,1292000]",483,5492000,181
20,4,5,"[399,449,408,455,189]","[1200000,1324000,1146000,1324000,522000]",455,5516000,22
20,5,5,"[396,376,394,378,341]","[1182000,1112000,1136000,1058000,990000]",396,5478000,113
20,6,5,"[352,405,429,350,304]","[987000,1220000,1293000,1018000,875000]",429,5393000,157
20,7,5,"[300,554,346,249,409]","[863000,1639000,1021000,711000,1203000]",554,5437000,159
20,8,5,"[425,441,352,271,334]","[1261000,1341000,1010000,755000,1004000]",441,5371000,183
20,9,5,"[390,398,340,379,381]","[1179000,1157000,944000,1115000,1110000]",398,5505000,181
20,10,5,"[299,331,394,381,476]","[878000,980000,1109000,1154000,1348000]",476,5469000,205
20,11,5,"[419,339,341,418,419]","[1249000,940000,1018000,1198000,1189000]",419,5594000,135
20,12,5,"[405,393,381,258,401]","[1199000,1172000,1137000,738000,1150000]",405,5396000,109
20,13,5,"[419,377,432,363,324]","[1195000,1065000,1269000,1057000,966000]",432,5552000,133
20,14,5,"[382,369,405,314,356]","[1148000,1083000,1170000,922000,1048000]",405,5371000,149
20,15,5,"[353,363,366,451,405]","[998000,1020000,1084000,1289000,1194000]",451,5585000,229
20,16,5,"[381,389,342,390,373]","[1113000,1132000,990000,1158000,1079000]",390,5472000,77
20,17,5,"[409,344,365,400,399]","[1204000,1009000,1004000,1120000,1213000]",409,5550000,183
20,18,5,"[417,387,416,382,364]","[1164000,1124000,1216000,1117000,1025000]",417,5646000,67
20,19,5,"[348,385,431,453,294]","[1032000,1090000,1285000,1304000,819000]",453,5530000,97
20,20,5,"[393,405,404,392,304]","[1125000,1193000,1194000,1117000,880000]",405,5509000,69
20,21,5,"[420,440,362,339,404]","[1251000,1246000,988000,954000,1201000]",440,5640000,175
20,22,5,"[408,381,392,330,390]","[1154000,1117000,1140000,948000,1158000]",408,5517000,109
20,23,5,"[359,324,415,420,419]","[1018000,920000,1177000,1229000,1230000]",420,5574000,95
20,24,5,"[433,331,375,460,302]","[1256000,965000,1082000,1352000,874000]",460,5529000,245
20,25,5,"[446,323,355,391,402]","[1301000,895000,1046000,1130000,1182000]",446,5554000,189
20,26,5,"[412,365,414,395,403]","[1151000,1057000,1190000,1102000,1191000]",414,5691000,203
20,27,5,"[392,389,431,349,366]","[1135000,1108000,1243000,1028000,1077000]",431,5591000,247
20,28,5,"[388,398,366,305,382]","[1134000,1147000,1092000,859000,1139000]",398,5371000,179
20,29,5,"[341,287,331,531,431]","[1024000,805000,959000,1541000,1213000]",531,5542000,213
20,30,5,"[420,348,428,401,337]","[1246000,1018000,1249000,1126000,947000]",428,5586000,99
20,31,5,"[363,341,388,413,348]","[1047000,977000,1106000,1228000,1059000]",413,5417000,151
20,32,5,"[376,384,345,409,341]","[1085000,1147000,1028000,1157000,1015000]",409,5432000,83
20,33,5,"[455,415,270,245,500]","[1328000,1202000,792000,690000,1459000]",500,5471000,97
20,34,5,"[408,401,322,407,402]","[1203000,1140000,890000,1156000,1203000]",408,5592000,127
20,35,5,"[469,278,318,388,366]","[1430000,793000,924000,1153000,1054000]",469,5354000,133
20,36,5,"[397,371,340,336,376]","[1182000,1129000,1011000,952000,1077000]",397,5351000,167
20,37,5,"[463,410,312,345,381]","[1328000,1228000,898000,996000,1088000]",463,5538000,223
20,38,5,"[411,375,401,329,424]","[1212000,1104000,1113000,975000,1202000]",424,5606000,67
20,39,5,"[413,348,425,337,423]","[1156000,1008000,1251000,957000,1236000]",425,5608000,195
20,40,5,"[484,390,303,381,361]","[1427000,1080000,852000,1159000,1039000]",484,5557000,231
21,1,5,"[324,371,343,340,363]","[981000,1087000,977000,983000,1095000]",371,5123000,81
21,2,5,"[437,349,459,311,414]","[1263000,1007000,1273000,882000,1149000]",459,5574000,261
21,3,5,"[424,350,411,406,312]","[1247000,991000,1161000,1149000,894000]",424,5442000,229
21,4,5,"[431,438,284,297,406]","[1238000,1302000,768000,840000,1199000]",438,5347000,235
21,5,5,"[393,390,388,284,407]","[1143000,1076000,1151000,802000,1207000]",407,5379000,231
21,6,5,"[407,396,297,288,424]","[1159000,1165000,856000,810000,1289000]",424,5279000,68
21,7,5,"[371,345,357,480,392]","[1054000,970000,1035000,1341000,1126000]",480,5526000,205
21,8,5,"[397,300,358,416,408]","[1110000,870000,1009000,1177000,1206000]",416,5372000,71
21,9,5,"[337,439,306,390,401]","[944000,1250000,873000,1140000,1177000]",439,5384000,263
21,10,5,"[364,382,391,368,340]","[1082000,1064000,1127000,1075000,989000]",391,5337000,75
21,11,5,"[455,275,339,390,436]","[1282000,811000,954000,1151000,1224000]",455,5422000,161
21,12,5,"[305,438,328,378,414]","[829000,1284000,977000,1067000,1206000]",438,5363000,227
21,13,5,"[421,330,398,353,388]","[1229000,937000,1132000,1012000,1106000]",421,5416000,163
21,14,5,"[424,336,420,329,356]","[1185000,996000,1223000,916000,1030000]",424,5350000,105
21,15,5,"[374,310,398,356,371]","[1084000,896000,1121000,1056000,1093000]",398,5250000,57
21,16,5,"[395,148,444,433,449]","[1141000,394000,1279000,1253000,1292000]",449,5359000,159
21,17,5,"[403,272,444,309,326]","[1148000,832000,1317000,891000,961000]",444,5149000,151
21,18,5,"[324,531,330,365,330]","[958000,1482000,969000,1064000,918000]",531,5391000,291
21,19,5,"[396,402,368,257,350]","[1149000,1197000,1093000,736000,1009000]",402,5184000,151
21,20,5,"[363,351,431,356,370]","[1092000,1011000,1249000,1009000,1019000]",431,5380000,243
21,21,5,"[382,345,317,379,300]","[1148000,1016000,949000,1096000,876000]",382,5085000,133
21,22,5,"[330,488,325,292,423]","[987000,1417000,920000,824000,1200000]",488,5348000,213
21,23,5,"[477,445,273,346,272]","[1389000,1319000,778000,971000,812000]",477,5269000,237
21,24,5,"[355,396,379,359,397]","[1022000,1092000,1118000,1054000,1130000]",397,5416000,265
21,25,5,"[377,370,312,425,417]","[1095000,1045000,876000,1202000,1210000]",425,5428000,87
21,26,5,"[321,275,371,395,442]","[909000,817000,1069000,1135000,1316000]",442,5246000,177
21,27,5,"[348,460,466,360,261]","[999000,1327000,1301000,1068000,747000]",466,5442000,195
21,28,5,"[561,433,247,286,341]","[1644000,1271000,705000,812000,951000]",561,5383000,235
21,29,5,"[291,410,322,453,391]","[825000,1186000,890000,1326000,1154000]",453,5381000,257
21,30,5,"[374,390,333,418,410]","[1078000,1121000,923000,1190000,1168000]",418,5480000,73
21,31,5,"[379,378,334,384,374]","[1112000,1083000,944000,1073000,1123000]",384,5335000,81
21,32,5,"[299,395,319,454,387]","[847000,1149000,964000,1259000,1130000]",454,5349000,251
21,33,5,"[451,422,271,356,432]","[1289000,1251000,740000,1025000,1209000]",451,5514000,169
21,34,5,"[362,373,378,352,374]","[1101000,1049000,1089000,997000,1090000]",378,5326000,123
21,35,5,"[387,409,365,411,394]","[1117000,1151000,1072000,1158000,1094000]",411,5592000,193
21,36,5,"[305,368,452,398,364]","[865000,1102000,1291000,1117000,1037000]",452,5412000,105
21,37,5,"[370,381,398,367,385]","[1046000,1104000,1104000,1049000,1145000]",398,5448000,219
21,38,5,"[461,411,235,320,403]","[1348000,1164000,684000,919000,1193000]",461,5308000,159
21,39,5,"[332,271,539,377,341]","[943000,767000,1600000,1051000,1000000]",539,5361000,249
21,40,5,"[358,385,358,377,399]","[1022000,1090000,1043000,1104000,1125000]",399,5384000,177
22,1,5,"[430,388,451,342,386]","[1232000,1065000,1302000,987000,1096000]",451,5682000,237
22,2,5,"[418,302,413,309,449]","[1244000,865000,1190000,894000,1282000]",449,5475000,137
22,3,5,"[410,456,373,317,318]","[1156000,1340000,1088000,902000,930000]",456,5416000,97
22,4,5,"[373,371,390,311,352]","[1076000,1125000,1149000,883000,1043000]",390,5276000,83
22,5,5,"[386,487,266,430,312]","[1117000,1388000,742000,1262000,939000]",487,5448000,251
22,6,5,"[345,419,305,345,483]","[1026000,1188000,898000,996000,1377000]",483,5485000,265
22,7,5,"[424,322,383,338,402]","[1250000,950000,1036000,988000,1192000]",424,5416000,137
22,8,5,"[398,448,423,329,327]","[1132000,1295000,1215000,935000,940000]",448,5517000,101
22,9,5,"[461,411,356,393,412]","[1252000,1155000,1018000,1140000,1184000]",461,5749000,261
22,10,5,"[325,435,436,342,401]","[928000,1257000,1256000,967000,1137000]",436,5545000,223
22,11,5,"[351,358,439,246,457]","[1044000,1055000,1265000,706000,1310000]",457,5380000,117
22,12,5,"[453,327,379,341,378]","[1293000,965000,1127000,962000,1091000]",453,5438000,235
22,13,5,"[375,349,371,372,373]","[1070000,1018000,1089000,1086000,1085000]",375,5348000,87
22,14,5,"[439,328,272,515,500]","[1212000,878000,790000,1507000,1402000]",515,5789000,261
22,15,5,"[400,369,435,339,416]","[1163000,1047000,1250000,966000,1171000]",435,5597000,263
22,16,5,"[350,401,421,436,335]","[1017000,1123000,1198000,1261000,969000]",436,5568000,89
22,17,5,"[420,291,366,454,384]","[1221000,870000,1024000,1283000,1097000]",454,5495000,205
22,18,5,"[289,337,437,421,364]","[851000,953000,1266000,1217000,1091000]",437,5378000,83
22,19,5,"[351,400,406,360,344]","[1018000,1183000,1182000,1048000,961000]",406,5392000,115
22,20,5,"[357,431,364,410,306]","[1002000,1264000,1079000,1177000,896000]",431,5418000,83
22,21,5,"[417,406,320,439,331]","[1209000,1184000,884000,1253000,983000]",439,5513000,251
22,22,5,"[440,415,340,252,409]","[1288000,1226000,980000,705000,1214000]",440,5413000,209
22,23,5,"[385,407,323,362,420]","[1123000,1147000,921000,1060000,1218000]",420,5469000,225
22,24,5,"[360,341,567,471,251]","[1076000,943000,1568000,1364000,694000]",567,5645000,245
22,25,5,"[384,337,462,486,408]","[1079000,956000,1278000,1383000,1129000]",486,5825000,225
22,26,5,"[389,428,402,328,359]","[1132000,1258000,1152000,933000,994000]",428,5469000,103
22,27,5,"[351,379,425,405,411]","[975000,1070000,1256000,1179000,1155000]",425,5635000,137
22,28,5,"[408,382,399,367,370]","[1178000,1124000,1128000,1040000,1055000]",408,5525000,77
22,29,5,"[358,309,443,476,479]","[1003000,853000,1220000,1334000,1379000]",479,5789000,257
22,30,5,"[349,391,381,365,405]","[1049000,1110000,1074000,1036000,1191000]",405,5460000,165
22,31,5,"[306,483,396,261,489]","[899000,1372000,1125000,715000,1434000]",489,5545000,163
22,32,5,"[356,327,397,390,413]","[1070000,977000,1121000,1108000,1180000]",413,5456000,93
22,33,5,"[360,358,393,321,398]","[1080000,1063000,1118000,936000,1139000]",398,5336000,135
22,34,5,"[400,383,382,334,406]","[1181000,1092000,1119000,938000,1160000]",406,5490000,201
22,35,5,"[389,396,391,318,387]","[1107000,1167000,1134000,904000,1116000]",396,5428000,161
22,36,5,"[407,423,299,423,331]","[1174000,1230000,856000,1263000,923000]",423,5446000,211
22,37,5,"[301,440,414,439,244]","[878000,1294000,1235000,1242000,710000]",440,5359000,187
22,38,5,"[420,249,453,389,362]","[1241000,714000,1311000,1111000,1042000]",453,5419000,99
22,39,5,"[474,455,292,396,312]","[1380000,1285000,836000,1167000,868000]",474,5536000,219
22,40,5,"[285,328,341,407,484]","[813000,964000,988000,1213000,1391000]",484,5369000,177
23,1,5,"[503,270,347,420,330]","[1492000,801000,978000,1230000,967000]",503,5468000,133
23,2,5,"[362,388,345,352,406]","[1069000,1151000,1020000,1016000,1178000]",406,5434000,225
23,3,5,"[381,402,424,443,400]","[1045000,1180000,1199000,1261000,1154000]",443,5839000,225
23,4,5,"[353,370,386,377,382]","[1039000,1049000,1158000,1153000,1085000]",386,5484000,195
23,5,5,"[381,407,415,417,320]","[1137000,1198000,1208000,1188000,919000]",417,5650000,197
23,6,5,"[368,382,419,362,415]","[1087000,1070000,1234000,1030000,1211000]",419,5632000,191
23,7,5,"[448,357,355,484,337]","[1301000,1065000,1001000,1360000,983000]",484,5710000,259
23,8,5,"[356,428,378,450,307]","[1024000,1231000,1089000,1371000,866000]",450,5581000,135
23,9,5,"[471,405,275,320,481]","[1409000,1170000,744000,908000,1412000]",481,5643000,209
23,10,5,"[391,391,414,401,329]","[1154000,1136000,1177000,1153000,964000]",414,5584000,179
23,11,5,"[436,408,399,341,373]","[1238000,1194000,1171000,967000,1076000]",436,5646000,145
23,12,5,"[387,399,379,417,420]","[1131000,1200000,1040000,1179000,1209000]",420,5759000,247
23,13,5,"[541,393,357,282,470]","[1574000,1132000,1014000,783000,1324000]",541,5827000,251
23,14,5,"[399,399,447,392,400]","[1169000,1140000,1256000,1122000,1133000]",447,5820000,185
23,15,5,"[487,363,329,399,316]","[1436000,1065000,976000,1146000,913000]",487,5536000,227
23,16,5,"[334,394,385,396,380]","[959000,1152000,1129000,1158000,1111000]",396,5509000,111
23,17,5,"[374,424,421,370,408]","[1063000,1220000,1223000,1022000,1206000]",424,5734000,181
23,18,5,"[357,458,443,314,447]","[1046000,1344000,1252000,842000,1299000]",458,5783000,26
23,19,5,"[366,340,506,442,313]","[1047000,953000,1480000,1292000,905000]",506,5677000,229
23,20,5,"[354,315,338,452,438]","[992000,933000,973000,1327000,1305000]",452,5530000,227
23,21,5,"[442,379,539,292,383]","[1189000,1076000,1585000,830000,1135000]",539,5815000,257
23,22,5,"[368,390,397,405,385]","[1087000,1113000,1173000,1161000,1112000]",405,5646000,247
23,23,5,"[340,394,403,385,380]","[1016000,1155000,1160000,1145000,1067000]",403,5543000,143
23,24,5,"[405,334,310,455,490]","[1155000,974000,871000,1332000,1397000]",490,5729000,205
23,25,5,"[401,389,386,326,356]","[1201000,1099000,1139000,942000,1075000]",401,5456000,233
23,26,5,"[423,381,353,401,402]","[1209000,1104000,1017000,1164000,1176000]",423,5670000,185
23,27,5,"[386,384,286,556,376]","[1132000,1114000,803000,1622000,1061000]",556,5732000,169
23,28,5,"[428,317,441,443,300]","[1219000,918000,1256000,1309000,888000]",443,5590000,169
23,29,5,"[403,373,398,365,412]","[1158000,1085000,1156000,1063000,1187000]",412,5649000,237
23,30,5,"[343,398,422,395,409]","[1019000,1170000,1186000,1120000,1183000]",422,5678000,237
23,31,5,"[449,399,313,308,423]","[1327000,1185000,874000,907000,1239000]",449,5532000,223
23,32,5,"[369,381,409,314,395]","[1077000,1081000,1205000,934000,1177000]",409,5474000,111
23,33,5,"[348,409,394,445,320]","[967000,1187000,1175000,1319000,921000]",445,5569000,133
23,34,5,"[322,306,368,469,406]","[956000,892000,1054000,1373000,1226000]",469,5501000,195
23,35,5,"[460,347,285,436,435]","[1370000,994000,801000,1253000,1251000]",460,5669000,185
23,36,5,"[439,315,314,433,434]","[1250000,921000,925000,1274000,1255000]",439,5625000,91
23,37,5,"[384,413,441,391,248]","[1116000,1202000,1302000,1127000,748000]",441,5495000,191
23,38,5,"[373,504,296,474,305]","[1088000,1494000,874000,1317000,883000]",504,5656000,279
23,39,5,"[496,183,468,506,239]","[1418000,540000,1371000,1508000,694000]",506,5531000,125
23,40,5,"[410,420,409,453,285]","[1219000,1230000,1169000,1279000,797000]",453,5694000,125
24,1,5,"[498,457,345,350,308]","[1516000,1319000,1005000,976000,866000]",498,5682000,211
24,2,5,"[481,463,408,395,286]","[1420000,1352000,1143000,1129000,772000]",481,5816000,201
24,3,5,"[443,397,411,397,359]","[1249000,1148000,1203000,1138000,1036000]",443,5774000,213
24,4,5,"[447,469,287,311,399]","[1332000,1328000,832000,925000,1174000]",469,5591000,175
24,5,5,"[481,446,334,342,366]","[1421000,1355000,912000,936000,1059000]",481,5683000,91
24,6,5,"[401,328,411,428,421]","[1161000,986000,1209000,1162000,1226000]",428,5744000,87
24,7,5,"[479,511,395,378,317]","[1375000,1469000,1135000,1081000,880000]",511,5940000,191
24,8,5,"[494,425,380,415,484]","[1408000,1212000,1027000,1202000,1310000]",494,6159000,175
24,9,5,"[434,491,522,333,332]","[1213000,1419000,1518000,910000,928000]",522,5988000,97
24,10,5,"[501,291,326,438,431]","[1458000,848000,916000,1290000,1219000]",501,5731000,163
24,11,5,"[432,323,406,496,427]","[1229000,898000,1148000,1409000,1239000]",496,5923000,227
24,12,5,"[447,441,386,415,327]","[1251000,1247000,1186000,1184000,923000]",447,5791000,189
24,13,5,"[491,531,468,299,346]","[1359000,1518000,1347000,832000,995000]",531,6051000,205
24,14,5,"[475,390,325,404,415]","[1382000,1088000,942000,1168000,1187000]",475,5767000,129
24,15,5,"[291,460,470,413,424]","[822000,1361000,1333000,1206000,1162000]",470,5884000,223
24,16,5,"[328,300,473,455,455]","[923000,846000,1386000,1370000,1253000]",473,5778000,147
24,17,5,"[374,409,316,468,447]","[1105000,1175000,901000,1341000,1278000]",468,5800000,191
24,18,5,"[375,391,472,473,391]","[1053000,1109000,1311000,1376000,1109000]",473,5958000,169
24,19,5,"[265,371,357,479,440]","[745000,1072000,1059000,1396000,1305000]",479,5577000,177
24,20,5,"[412,454,379,383,359]","[1165000,1340000,1097000,1105000,1024000]",454,5731000,75
24,21,5,"[282,559,390,283,472]","[828000,1571000,1119000,797000,1418000]",559,5733000,181
24,22,5,"[595,447,413,264,331]","[1721000,1296000,1180000,747000,932000]",595,5876000,173
24,23,5,"[417,295,463,357,482]","[1217000,864000,1284000,1059000,1366000]",482,5790000,215
24,24,5,"[539,323,350,510,349]","[1561000,913000,1009000,1460000,971000]",539,5914000,205
24,25,5,"[407,402,398,381,357]","[1171000,1195000,1168000,1107000,1023000]",407,5664000,63
24,26,5,"[460,409,433,364,295]","[1361000,1199000,1256000,1039000,833000]",460,5688000,169
24,27,5,"[406,403,386,330,392]","[1215000,1148000,1118000,1011000,1106000]",406,5598000,65
24,28,5,"[401,348,479,271,437]","[1204000,1007000,1402000,769000,1243000]",479,5625000,83
24,29,5,"[408,432,323,408,373]","[1189000,1265000,898000,1246000,1033000]",432,5631000,215
24,30,5,"[367,446,406,282,369]","[1115000,1336000,1166000,826000,1056000]",446,5499000,155
24,31,5,"[360,418,400,440,292]","[1116000,1195000,1172000,1276000,814000]",440,5573000,175
24,32,5,"[406,251,395,486,452]","[1214000,706000,1159000,1348000,1312000]",486,5739000,165
24,33,5,"[495,266,491,344,494]","[1464000,727000,1426000,953000,1357000]",495,5927000,211
24,34,5,"[428,361,295,409,457]","[1255000,1049000,833000,1174000,1351000]",457,5662000,197
24,35,5,"[424,387,354,376,399]","[1265000,1101000,993000,1114000,1170000]",424,5643000,143
24,36,5,"[372,495,390,424,376]","[1050000,1467000,1075000,1190000,1091000]",495,5873000,199
24,37,5,"[263,454,407,354,417]","[772000,1355000,1192000,996000,1230000]",454,5545000,81
24,38,5,"[394,399,399,332,420]","[1166000,1144000,1151000,967000,1227000]",420,5655000,167
24,39,5,"[437,462,326,432,375]","[1246000,1374000,937000,1206000,1062000]",462,5825000,185
24,40,5,"[421,407,355,450,436]","[1205000,1162000,992000,1268000,1268000]",450,5895000,75
25,1,5,"[452,415,364,331,334]","[1312000,1194000,1037000,905000,980000]",452,5428000,287
25,2,5,"[377,377,347,411,371]","[1039000,1085000,1015000,1182000,1090000]",411,5411000,241
25,3,5,"[398,315,326,334,414]","[1197000,933000,939000,911000,1218000]",414,5198000,205
25,4,5,"[398,400,366,463,288]","[1065000,1166000,1029000,1337000,867000]",463,5464000,263
25,5,5,"[416,398,378,336,387]","[1174000,1146000,1071000,918000,1140000]",416,5449000,295
25,6,5,"[392,369,402,276,402]","[1093000,1095000,1194000,765000,1144000]",402,5291000,81
25,7,5,"[416,333,313,413,420]","[1169000,963000,893000,1186000,1197000]",420,5408000,271
25,8,5,"[357,395,369,407,396]","[999000,1147000,1068000,1153000,1113000]",407,5480000,255
25,9,5,"[306,410,411,412,287]","[888000,1204000,1188000,1179000,838000]",412,5297000,233
25,10,5,"[357,373,373,372,386]","[1014000,1100000,1078000,1095000,1068000]",386,5355000,175
25,11,5,"[380,399,379,332,371]","[1106000,1109000,1060000,997000,1093000]",399,5365000,235
25,12,5,"[371,325,308,409,322]","[1108000,983000,889000,1202000,923000]",409,5105000,107
25,13,5,"[438,411,311,330,319]","[1257000,1175000,889000,970000,941000]",438,5232000,223
25,14,5,"[450,379,475,364,316]","[1266000,1079000,1322000,1019000,917000]",475,5603000,199
25,15,5,"[476,376,219,400,410]","[1407000,1049000,630000,1130000,1164000]",476,5380000,153
25,16,5,"[323,410,356,413,365]","[955000,1192000,987000,1234000,988000]",413,5356000,229
25,17,5,"[428,268,419,389,366]","[1240000,758000,1184000,1121000,1059000]",428,5362000,225
25,18,5,"[384,420,397,383,285]","[1104000,1233000,1169000,1038000,826000]",420,5370000,255
25,19,5,"[482,400,375,436,228]","[1390000,1154000,1083000,1205000,654000]",482,5486000,255
25,20,5,"[417,300,340,310,428]","[1242000,829000,960000,929000,1250000]",428,5210000,145
25,21,5,"[379,367,401,380,473]","[1059000,1029000,1144000,1059000,1351000]",473,5642000,289
25,22,5,"[339,335,321,373,364]","[1007000,973000,915000,1082000,1099000]",373,5076000,229
25,23,5,"[399,386,408,335,391]","[1131000,1085000,1200000,961000,1086000]",408,5463000,263
25,24,5,"[413,460,260,402,235]","[1206000,1307000,736000,1227000,680000]",460,5156000,103
25,25,5,"[366,384,379,453,348]","[1058000,1017000,1139000,1287000,987000]",453,5488000,257
25,26,5,"[428,269,425,372,284]","[1279000,748000,1237000,1096000,838000]",428,5198000,259
25,27,5,"[508,274,306,353,367]","[1541000,787000,820000,1009000,1079000]",508,5236000,107
25,28,5,"[444,324,441,342,436]","[1296000,874000,1193000,990000,1259000]",444,5612000,307
25,29,5,"[497,461,314,376,275]","[1386000,1312000,862000,1118000,796000]",497,5474000,219
25,30,5,"[414,305,387,383,407]","[1188000,853000,1116000,1144000,1126000]",414,5427000,261
25,31,5,"[274,335,381,349,414]","[833000,961000,1066000,1055000,1228000]",414,5143000,245
25,32,5,"[368,347,426,345,335]","[1027000,1000000,1275000,981000,985000]",426,5268000,129
25,33,5,"[354,380,419,276,417]","[1041000,1147000,1162000,792000,1179000]",419,5321000,261
25,34,5,"[397,378,259,400,395]","[1118000,1179000,773000,1109000,1118000]",400,5297000,267
25,35,5,"[366,434,348,341,432]","[1035000,1242000,999000,959000,1242000]",434,5477000,271
25,36,5,"[417,425,319,368,404]","[1179000,1276000,899000,1033000,1108000]",425,5495000,255
25,37,5,"[460,480,278,334,372]","[1283000,1346000,781000,971000,1098000]",480,5479000,295
25,38,5,"[310,495,399,319,307]","[899000,1401000,1168000,907000,917000]",495,5292000,247
25,39,5,"[383,407,339,396,318]","[1097000,1219000,966000,1083000,949000]",407,5314000,199
25,40,5,"[338,381,305,392,404]","[965000,1125000,916000,1140000,1129000]",404,5275000,263
26,1,5,"[335,382,384,419,254]","[979000,1107000,1080000,1249000,745000]",419,5160000,223
26,2,5,"[437,319,386,369,348]","[1237000,953000,1089000,1054000,987000]",437,5320000,203
26,3,5,"[420,308,329,348,465]","[1218000,847000,931000,1026000,1321000]",465,5343000,153
26,4,5,"[408,337,353,340,425]","[1127000,985000,991000,991000,1222000]",425,5316000,159
26,5,5,"[422,471,365,263,358]","[1172000,1340000,1069000,751000,1022000]",471,5354000,271
26,6,5,"[267,439,394,271,425]","[774000,1289000,1136000,761000,1224000]",439,5184000,93
26,7,5,"[340,467,407,284,349]","[938000,1365000,1163000,856000,967000]",467,5289000,205
26,8,5,"[374,329,349,300,419]","[1067000,954000,1022000,864000,1228000]",419,5135000,237
26,9,5,"[369,382,349,390,330]","[1050000,1115000,1022000,1121000,926000]",390,5234000,191
26,10,5,"[413,448,334,264,444]","[1134000,1279000,1028000,742000,1218000]",448,5401000,265
26,11,5,"[402,339,284,408,400]","[1179000,993000,786000,1190000,1142000]",408,5290000,123
26,12,5,"[417,366,428,324,347]","[1203000,1050000,1205000,909000,995000]",428,5362000,245
26,13,5,"[575,325,289,402,318]","[1654000,914000,827000,1089000,929000]",575,5413000,167
26,14,5,"[326,348,392,368,418]","[926000,994000,1084000,1055000,1238000]",418,5297000,213
26,15,5,"[388,355,350,376,378]","[1070000,1055000,1048000,1040000,1078000]",388,5291000,175
26,16,5,"[364,295,364,416,388]","[1055000,843000,1037000,1192000,1123000]",416,5250000,161
26,17,5,"[327,387,387,391,334]","[922000,1101000,1125000,1152000,959000]",391,5259000,75
26,18,5,"[357,420,332,393,323]","[1038000,1203000,958000,1116000,926000]",420,5241000,87
26,19,5,"[404,418,408,353,367]","[1124000,1211000,1152000,1030000,984000]",418,5501000,89
26,20,5,"[334,380,409,342,361]","[956000,1053000,1181000,986000,1075000]",409,5251000,177
26,21,5,"[330,359,410,341,417]","[915000,1036000,1192000,987000,1188000]",417,5318000,207
26,22,5,"[399,241,401,362,418]","[1154000,678000,1191000,1014000,1208000]",418,5245000,235
26,23,5,"[300,357,420,399,405]","[885000,1017000,1191000,1167000,1100000]",420,5360000,269
26,24,5,"[391,371,428,431,335]","[1121000,1053000,1207000,1205000,925000]",431,5511000,191
26,25,5,"[299,273,434,413,397]","[895000,772000,1258000,1168000,1157000]",434,5250000,277
26,26,5,"[429,403,333,291,412]","[1263000,1130000,969000,823000,1162000]",429,5347000,249
26,27,5,"[380,377,351,334,302]","[1123000,1063000,1026000,981000,897000]",380,5090000,189
26,28,5,"[384,379,342,321,390]","[1087000,1147000,1002000,906000,1109000]",390,5251000,251
26,29,5,"[345,395,352,308,392]","[1038000,1120000,1017000,880000,1129000]",395,5184000,173
26,30,5,"[401,435,274,388,283]","[1169000,1275000,768000,1082000,863000]",435,5157000,85
26,31,5,"[316,341,341,334,392]","[917000,1018000,997000,974000,1171000]",392,5077000,223
26,32,5,"[332,306,346,415,407]","[984000,894000,1007000,1166000,1165000]",415,5216000,141
26,33,5,"[319,430,344,342,483]","[932000,1131000,975000,951000,1428000]",483,5417000,183
26,34,5,"[353,286,446,349,403]","[1029000,848000,1213000,1031000,1148000]",446,5269000,267
26,35,5,"[378,411,324,378,315]","[1053000,1170000,909000,1161000,924000]",411,5217000,129
26,36,5,"[301,375,355,402,417]","[845000,1083000,985000,1167000,1214000]",417,5294000,269
26,37,5,"[372,379,364,363,293]","[1101000,1097000,1049000,1071000,838000]",379,5156000,149
26,38,5,"[281,263,445,328,456]","[819000,748000,1270000,951000,1350000]",456,5138000,119
26,39,5,"[414,324,434,449,337]","[1173000,915000,1231000,1252000,959000]",449,5530000,76
26,40,5,"[393,300,425,350,411]","[1125000,897000,1177000,989000,1167000]",425,5355000,275
27,1,5,"[358,380,451,466,422]","[1022000,1108000,1224000,1319000,1240000]",466,5913000,215
27,2,5,"[434,441,295,443,307]","[1246000,1293000,838000,1327000,890000]",443,5594000,179
27,3,5,"[353,404,414,363,337]","[1054000,1177000,1220000,1095000,959000]",414,5505000,217
27,4,5,"[388,411,397,362,350]","[1132000,1182000,1136000,1090000,1033000]",411,5573000,71
27,5,5,"[314,398,408,446,313]","[933000,1181000,1214000,1300000,878000]",446,5506000,155
27,6,5,"[420,428,420,383,389]","[1221000,1227000,1236000,1066000,1084000]",428,5834000,249
27,7,5,"[376,426,422,383,403]","[1085000,1231000,1182000,1131000,1139000]",426,5768000,95
27,8,5,"[376,421,372,414,427]","[1103000,1217000,1074000,1159000,1251000]",427,5804000,259
27,9,5,"[412,406,344,393,413]","[1189000,1193000,997000,1134000,1172000]",413,5685000,101
27,10,5,"[413,442,360,390,292]","[1270000,1310000,1028000,1107000,836000]",442,5551000,85
27,11,5,"[407,380,419,435,373]","[1156000,1138000,1177000,1230000,1091000]",435,5792000,185
27,12,5,"[426,407,435,406,387]","[1269000,1162000,1176000,1166000,1106000]",435,5879000,211
27,13,5,"[417,370,318,370,430]","[1211000,1058000,951000,1040000,1302000]",430,5562000,163
27,14,5,"[328,410,342,412,456]","[989000,1156000,975000,1235000,1302000]",456,5657000,197
27,15,5,"[524,492,329,300,282]","[1538000,1395000,958000,906000,815000]",524,5612000,207
27,16,5,"[296,481,408,433,319]","[838000,1424000,1191000,1253000,938000]",481,5644000,187
27,17,5,"[388,415,312,368,421]","[1142000,1248000,885000,1051000,1262000]",421,5588000,165
27,18,5,"[415,394,402,375,335]","[1228000,1142000,1197000,1058000,973000]",415,5598000,107
27,19,5,"[421,303,186,527,473]","[1250000,876000,534000,1561000,1363000]",527,5584000,205
27,20,5,"[302,426,427,425,355]","[883000,1261000,1235000,1243000,1004000]",427,5626000,79
27,21,5,"[414,326,430,323,416]","[1233000,955000,1298000,913000,1170000]",430,5569000,63
27,22,5,"[363,401,397,367,386]","[1077000,1177000,1120000,1082000,1129000]",401,5585000,71
27,23,5,"[386,369,391,404,371]","[1132000,1054000,1130000,1180000,1105000]",404,5601000,87
27,24,5,"[347,408,336,491,348]","[1022000,1211000,984000,1432000,972000]",491,5621000,237
27,25,5,"[409,355,365,370,325]","[1235000,1010000,1076000,1106000,986000]",409,5413000,131
27,26,5,"[299,359,405,379,460]","[883000,1097000,1152000,1103000,1346000]",460,5581000,239
27,27,5,"[405,371,389,406,341]","[1146000,1090000,1174000,1175000,1000000]",406,5585000,175
27,28,5,"[386,427,394,399,359]","[1156000,1202000,1133000,1176000,1018000]",427,5685000,131
27,29,5,"[405,453,419,382,324]","[1194000,1248000,1246000,1094000,939000]",453,5721000,225
27,30,5,"[387,310,400,368,438]","[1155000,899000,1164000,1057000,1281000]",438,5556000,99
27,31,5,"[397,341,338,394,393]","[1205000,983000,970000,1154000,1150000]",397,5462000,113
27,32,5,"[494,369,442,353,315]","[1417000,1070000,1292000,1024000,897000]",494,5700000,173
27,33,5,"[324,258,368,413,597]","[954000,681000,1081000,1201000,1761000]",597,5678000,239
27,34,5,"[360,406,383,382,371]","[1044000,1209000,1096000,1145000,1072000]",406,5566000,87
27,35,5,"[401,439,419,356,366]","[1153000,1259000,1240000,1037000,1026000]",439,5715000,219
27,36,5,"[343,413,410,390,382]","[993000,1189000,1172000,1152000,1121000]",413,5627000,129
27,37,5,"[413,303,417,384,414]","[1201000,867000,1229000,1110000,1209000]",417,5616000,85
27,38,5,"[444,432,438,293,366]","[1284000,1252000,1266000,838000,1068000]",444,5708000,135
27,39,5,"[347,417,253,458,388]","[1030000,1246000,725000,1339000,1139000]",458,5479000,173
27,40,5,"[373,285,431,363,477]","[1109000,824000,1191000,1062000,1422000]",477,5608000,101
28,1,5,"[366,533,257,335,466]","[996000,1509000,712000,982000,1418000]",533,5617000,187
28,2,5,"[565,394,449,289,231]","[1691000,1073000,1303000,870000,633000]",565,5570000,191
28,3,5,"[407,405,379,339,383]","[1159000,1151000,1094000,1011000,1110000]",407,5525000,97
28,4,5,"[333,301,509,408,339]","[960000,863000,1464000,1242000,966000]",509,5495000,171
28,5,5,"[436,416,446,312,443]","[1257000,1210000,1256000,876000,1234000]",446,5833000,167
28,6,5,"[423,448,366,365,436]","[1224000,1223000,1078000,1012000,1253000]",448,5790000,141
28,7,5,"[376,364,348,379,385]","[1085000,1070000,1077000,1084000,1103000]",385,5419000,125
28,8,5,"[452,343,405,413,457]","[1325000,956000,1096000,1165000,1319000]",457,5861000,151
28,9,5,"[370,343,393,423,425]","[1103000,955000,1147000,1248000,1195000]",425,5648000,87
28,10,5,"[379,443,433,340,352]","[1110000,1342000,1241000,980000,945000]",443,5618000,209
28,11,5,"[441,441,382,422,307]","[1275000,1278000,1081000,1204000,854000]",441,5692000,187
28,12,5,"[399,389,338,391,347]","[1203000,1159000,937000,1116000,1018000]",399,5433000,135
28,13,5,"[325,486,434,355,348]","[976000,1419000,1221000,1005000,987000]",486,5608000,241
28,14,5,"[428,308,391,400,446]","[1213000,889000,1097000,1184000,1270000]",446,5653000,149
28,15,5,"[490,535,311,424,248]","[1454000,1517000,837000,1229000,687000]",535,5724000,107
28,16,5,"[281,484,362,458,372]","[794000,1412000,1007000,1354000,1050000]",484,5617000,231
28,17,5,"[411,281,373,463,249]","[1224000,802000,1081000,1409000,741000]",463,5257000,173
28,18,5,"[381,388,435,456,337]","[1083000,1142000,1257000,1296000,958000]",456,5736000,209
28,19,5,"[452,490,326,332,338]","[1324000,1424000,949000,961000,949000]",490,5607000,211
28,20,5,"[385,420,389,330,347]","[1098000,1263000,1129000,978000,973000]",420,5441000,141
28,21,5,"[361,450,438,414,339]","[1007000,1310000,1244000,1170000,1014000]",450,5745000,237
28,22,5,"[450,422,417,334,461]","[1295000,1204000,1173000,902000,1306000]",461,5880000,185
28,23,5,"[452,458,264,349,383]","[1297000,1378000,750000,974000,1120000]",458,5519000,227
28,24,5,"[347,454,377,441,364]","[1045000,1295000,1039000,1275000,1019000]",454,5673000,211
28,25,5,"[424,418,489,404,316]","[1199000,1230000,1395000,1129000,857000]",489,5810000,167
28,26,5,"[378,465,467,311,412]","[1107000,1308000,1289000,882000,1189000]",467,5775000,225
28,27,5,"[453,396,334,315,435]","[1335000,1161000,938000,872000,1272000]",453,5578000,239
28,28,5,"[374,219,493,439,513]","[1066000,639000,1382000,1225000,1465000]",513,5777000,163
28,29,5,"[417,419,310,424,369]","[1193000,1213000,908000,1208000,1059000]",424,5581000,83
28,30,5,"[386,421,310,411,438]","[1083000,1184000,905000,1187000,1293000]",438,5652000,117
28,31,5,"[306,391,421,379,369]","[912000,1136000,1226000,1055000,1113000]",421,5442000,127
28,32,5,"[397,418,379,401,398]","[1161000,1175000,1068000,1138000,1159000]",418,5701000,85
28,33,5,"[384,374,354,404,355]","[1113000,1108000,1002000,1168000,1064000]",404,5455000,199
28,34,5,"[400,408,349,389,457]","[1178000,1212000,944000,1122000,1265000]",457,5721000,121
28,35,5,"[482,420,436,381,334]","[1336000,1195000,1268000,1059000,950000]",482,5808000,239
28,36,5,"[392,390,380,411,399]","[1124000,1143000,1104000,1134000,1144000]",411,5649000,179
28,37,5,"[342,422,430,379,361]","[969000,1213000,1229000,1106000,1061000]",430,5578000,151
28,38,5,"[422,325,419,416,405]","[1189000,938000,1186000,1201000,1185000]",422,5699000,99
28,39,5,"[433,366,337,384,372]","[1293000,1087000,974000,1074000,1067000]",433,5495000,205
28,40,5,"[383,433,369,396,382]","[1106000,1190000,1017000,1203000,1111000]",433,5627000,42
29,1,5,"[321,456,445,449,462]","[965000,1321000,1271000,1300000,1327000]",462,6184000,71
29,2,5,"[391,389,430,451,406]","[1197000,1135000,1268000,1247000,1195000]",451,6042000,121
29,3,5,"[473,467,430,465,418]","[1324000,1343000,1205000,1329000,1232000]",473,6433000,207
29,4,5,"[444,391,367,458,412]","[1258000,1142000,1055000,1374000,1220000]",458,6049000,171
29,5,5,"[403,320,496,324,581]","[1199000,967000,1430000,918000,1652000]",581,6166000,189
29,6,5,"[366,401,525,468,334]","[1117000,1195000,1530000,1290000,967000]",525,6099000,173
29,7,5,"[417,428,402,412,439]","[1228000,1239000,1155000,1175000,1310000]",439,6107000,109
29,8,5,"[441,361,376,445,412]","[1326000,1028000,1114000,1313000,1199000]",445,5980000,71
29,9,5,"[395,421,406,428,409]","[1180000,1186000,1171000,1234000,1262000]",428,6033000,121
29,10,5,"[371,400,451,408,466]","[1087000,1154000,1326000,1158000,1389000]",466,6114000,39
29,11,5,"[473,496,303,344,479]","[1393000,1415000,855000,1030000,1416000]",496,6109000,125
29,12,5,"[375,346,460,397,422]","[1131000,995000,1385000,1160000,1255000]",460,5926000,137
29,13,5,"[439,391,477,470,265]","[1270000,1199000,1383000,1397000,737000]",477,5986000,83
29,14,5,"[414,411,391,425,457]","[1230000,1161000,1169000,1233000,1316000]",457,6109000,129
29,15,5,"[396,364,381,446,470]","[1106000,1065000,1167000,1317000,1378000]",470,6033000,149
29,16,5,"[653,340,383,489,292]","[1897000,998000,1098000,1413000,836000]",653,6242000,117
29,17,5,"[517,401,411,355,520]","[1484000,1123000,1235000,1019000,1480000]",520,6341000,203
29,18,5,"[471,426,374,403,416]","[1336000,1284000,1067000,1153000,1253000]",471,6093000,73
29,19,5,"[316,445,583,342,383]","[944000,1259000,1736000,1026000,1081000]",583,6046000,189
29,20,5,"[527,477,360,453,315]","[1522000,1383000,1056000,1315000,912000]",527,6188000,55
29,21,5,"[426,454,457,412,424]","[1249000,1315000,1314000,1151000,1238000]",457,6267000,131
29,22,5,"[363,430,425,392,380]","[1092000,1307000,1249000,1129000,1119000]",430,5896000,103
29,23,5,"[510,482,432,403,438]","[1452000,1436000,1170000,1211000,1203000]",510,6472000,175
29,24,5,"[432,423,463,429,393]","[1275000,1182000,1312000,1272000,1155000]",463,6196000,73
29,25,5,"[386,440,344,514,520]","[1150000,1327000,972000,1442000,1439000]",520,6330000,153
29,26,5,"[440,408,410,339,437]","[1366000,1167000,1204000,990000,1237000]",440,5964000,151
29,27,5,"[419,368,452,512,405]","[1221000,1036000,1305000,1441000,1221000]",512,6224000,175
29,28,5,"[442,414,386,435,391]","[1274000,1245000,1132000,1233000,1169000]",442,6053000,159
29,29,5,"[538,443,347,414,379]","[1568000,1264000,979000,1182000,1175000]",538,6168000,173
29,30,5,"[477,487,411,396,373]","[1398000,1449000,1139000,1110000,1117000]",487,6213000,167
29,31,5,"[412,501,403,333,500]","[1238000,1399000,1198000,963000,1423000]",501,6221000,197
29,32,5,"[449,441,455,347,445]","[1336000,1316000,1334000,949000,1264000]",455,6199000,221
29,33,5,"[512,314,406,476,479]","[1433000,907000,1172000,1418000,1357000]",512,6287000,131
29,34,5,"[431,378,483,486,378]","[1225000,1077000,1418000,1380000,1128000]",486,6228000,161
29,35,5,"[441,401,418,430,454]","[1275000,1188000,1196000,1259000,1296000]",454,6214000,123
29,36,5,"[417,505,345,329,456]","[1239000,1493000,985000,970000,1340000]",505,6027000,113
29,37,5,"[368,480,320,465,463]","[1054000,1457000,904000,1383000,1318000]",480,6116000,185
29,38,5,"[352,434,419,428,422]","[1076000,1285000,1168000,1285000,1241000]",434,6055000,151
29,39,5,"[480,454,398,461,291]","[1449000,1295000,1146000,1366000,837000]",480,6093000,139
29,40,5,"[551,418,431,413,329]","[1652000,1228000,1195000,1154000,940000]",551,6169000,159
30,1,5,"[438,380,402,395,399]","[1242000,1079000,1128000,1171000,1205000]",438,5825000,153
30,2,5,"[412,413,354,390,415]","[1187000,1170000,1029000,1159000,1220000]",415,5765000,133
30,3,5,"[389,453,321,488,396]","[1069000,1330000,933000,1383000,1162000]",488,5877000,145
30,4,5,"[404,444,410,429,352]","[1120000,1260000,1267000,1218000,998000]",444,5863000,189
30,5,5,"[461,442,294,352,442]","[1421000,1267000,837000,957000,1285000]",461,5767000,137
30,6,5,"[287,401,435,484,453]","[812000,1147000,1230000,1421000,1296000]",484,5906000,129
30,7,5,"[435,403,422,406,381]","[1257000,1199000,1216000,1128000,1082000]",435,5882000,133
30,8,5,"[405,334,434,317,482]","[1143000,1007000,1303000,874000,1402000]",482,5729000,139
30,9,5,"[392,404,383,368,403]","[1153000,1180000,1123000,1051000,1176000]",404,5683000,29
30,10,5,"[412,436,455,341,428]","[1172000,1304000,1312000,955000,1186000]",455,5929000,173
30,11,5,"[478,468,276,424,379]","[1391000,1323000,792000,1212000,1127000]",478,5845000,83
30,12,5,"[382,408,408,401,366]","[1172000,1154000,1185000,1168000,1032000]",408,5711000,65
30,13,5,"[440,353,366,397,401]","[1321000,1009000,1041000,1176000,1152000]",440,5699000,47
30,14,5,"[286,454,393,436,473]","[827000,1346000,1097000,1270000,1317000]",473,5857000,163
30,15,5,"[421,358,357,401,422]","[1193000,1073000,1033000,1240000,1177000]",422,5716000,173
30,16,5,"[424,332,453,287,462]","[1256000,949000,1260000,792000,1440000]",462,5697000,133
30,17,5,"[462,396,421,482,386]","[1355000,1134000,1165000,1351000,1086000]",482,6091000,131
30,18,5,"[359,338,378,430,524]","[1026000,913000,1128000,1254000,1528000]",524,5849000,193
30,19,5,"[419,386,386,469,318]","[1244000,1069000,1108000,1406000,916000]",469,5743000,147
30,20,5,"[363,450,272,414,442]","[1047000,1312000,794000,1290000,1219000]",450,5662000,141
30,21,5,"[267,449,407,385,440]","[750000,1319000,1209000,1113000,1277000]",449,5668000,59
30,22,5,"[377,381,469,486,396]","[1064000,1146000,1328000,1330000,1134000]",486,6002000,179
30,23,5,"[486,318,476,276,457]","[1434000,944000,1291000,810000,1327000]",486,5806000,79
30,24,5,"[359,335,417,461,435]","[1022000,967000,1227000,1327000,1248000]",461,5791000,45
30,25,5,"[473,498,316,317,392]","[1390000,1482000,872000,914000,1121000]",498,5779000,175
30,26,5,"[435,421,422,399,402]","[1218000,1203000,1195000,1128000,1190000]",435,5934000,153
30,27,5,"[425,392,299,398,490]","[1242000,1183000,847000,1163000,1370000]",490,5805000,67
30,28,5,"[468,432,417,363,413]","[1324000,1248000,1179000,1035000,1189000]",468,5975000,109
30,29,5,"[363,346,423,422,430]","[1075000,1013000,1185000,1246000,1235000]",430,5754000,72
30,30,5,"[399,406,460,398,420]","[1165000,1183000,1306000,1107000,1175000]",460,5936000,53
30,31,5,"[387,380,343,438,479]","[1086000,1089000,995000,1290000,1381000]",479,5841000,133
30,32,5,"[406,434,353,398,339]","[1196000,1307000,936000,1195000,1005000]",434,5639000,119
30,33,5,"[476,434,444,425,363]","[1344000,1285000,1284000,1192000,971000]",476,6076000,177
30,34,5,"[430,415,398,427,346]","[1289000,1196000,1144000,1226000,962000]",430,5817000,97
30,35,5,"[363,482,480,423,380]","[972000,1406000,1320000,1209000,1129000]",482,6036000,75
30,36,5,"[478,287,408,428,387]","[1439000,784000,1210000,1228000,1101000]",478,5762000,99
30,37,5,"[485,478,340,407,364]","[1345000,1364000,983000,1237000,1013000]",485,5942000,187
30,38,5,"[470,476,480,342,311]","[1336000,1349000,1380000,979000,904000]",480,5948000,139
30,39,5,"[437,363,434,402,332]","[1279000,1056000,1227000,1227000,929000]",437,5718000,179
30,40,5,"[433,427,284,413,440]","[1268000,1249000,779000,1255000,1228000]",440,5779000,85
