iteration_id,solution_id,agv_count,running_times_seconds,energy_consumptions_joules,max_running_time_seconds,total_energy_consumption_joules,source_auxiliary_value
1,1,5,"[660,480,593,1373,2261]","[1932000,1399000,1741000,3817000,6859000]",2261,15748000,27
1,2,5,"[1105,1216,1258,532,1206]","[3256000,3655000,3711000,1509000,3506000]",1258,15637000,51
1,3,5,"[1019,666,448,1290,2065]","[2964000,1886000,1283000,3686000,6179000]",2065,15998000,29
1,4,5,"[1778,632,730,670,1698]","[5314000,1741000,2120000,1994000,4881000]",1778,16050000,27
1,5,5,"[767,696,385,1029,2934]","[2192000,1974000,1133000,2934000,8424000]",2934,16657000,25
1,6,5,"[686,860,1829,1825,761]","[2017000,2530000,5155000,5080000,2158000]",1829,16940000,17
1,7,5,"[1855,589,1422,1303,921]","[5364000,1671000,4029000,3537000,2577000]",1855,17178000,13
1,8,5,"[316,2137,2053,387,1059]","[891000,6085000,5879000,1083000,2953000]",2137,16891000,39
1,9,5,"[827,2013,727,941,871]","[2410000,6102000,2072000,2720000,2499000]",2013,15803000,23
1,10,5,"[1577,1464,457,1844,349]","[4687000,4183000,1286000,5246000,974000]",1844,16376000,29
1,11,5,"[1073,922,495,2995,506]","[3043000,2623000,1482000,8348000,1487000]",2995,16983000,29
1,12,5,"[3337,705,651,784,534]","[9500000,2032000,1853000,2168000,1467000]",3337,17020000,21
1,13,5,"[601,1640,791,1793,453]","[1721000,4847000,2355000,5370000,1266000]",1793,15559000,25
1,14,5,"[767,662,974,2272,624]","[2146000,1919000,2824000,6926000,1806000]",2272,15621000,15
1,15,5,"[749,395,1518,1442,1589]","[2083000,1063000,4536000,4351000,4389000]",1589,16422000,13
1,16,5,"[1184,1843,496,414,1484]","[3367000,5528000,1409000,1172000,4392000]",1843,15868000,19
1,17,5,"[654,1090,1262,1425,1260]","[1893000,3094000,3544000,4186000,3674000]",1425,16391000,23
1,18,5,"[1892,601,663,1115,1293]","[5675000,1718000,1913000,3169000,3658000]",1892,16133000,15
1,19,5,"[434,593,2071,1909,533]","[1191000,1733000,6279000,5375000,1512000]",2071,16090000,19
1,20,5,"[1739,1701,1097,435,895]","[4958000,4806000,3108000,1246000,2609000]",1739,16727000,9
1,21,5,"[992,1730,2151,488,697]","[2774000,5035000,5991000,1366000,1955000]",2151,17121000,33
1,22,5,"[667,1643,1454,1551,678]","[1944000,4647000,4129000,4343000,1934000]",1643,16997000,9
1,23,5,"[597,1673,1737,1268,304]","[1791000,4983000,4985000,3574000,827000]",1737,16160000,21
1,24,5,"[365,625,2615,820,617]","[1033000,1884000,7973000,2399000,1810000]",2615,15099000,25
1,25,5,"[1332,1260,388,2022,432]","[3724000,3702000,1058000,6074000,1310000]",2022,15868000,23
1,26,5,"[1666,666,724,1196,1142]","[4935000,1911000,2060000,3583000,3310000]",1666,15799000,37
1,27,5,"[525,759,2765,393,699]","[1430000,2216000,8461000,1148000,2027000]",2765,15282000,17
1,28,5,"[1110,1326,1016,1345,833]","[3117000,3932000,2852000,4068000,2308000]",1345,16277000,23
1,29,5,"[508,465,1027,1000,2916]","[1494000,1368000,2866000,2866000,8256000]",2916,16850000,17
1,30,5,"[1282,656,1264,1452,1141]","[3610000,1897000,3587000,4306000,3217000]",1452,16617000,21
1,31,5,"[398,1976,1117,557,1486]","[1135000,5977000,3137000,1596000,4243000]",1976,16088000,29
1,32,5,"[484,1606,707,781,1699]","[1428000,4854000,2025000,2165000,5090000]",1699,15562000,25
1,33,5,"[1854,268,451,472,2114]","[5531000,752000,1249000,1356000,6433000]",2114,15321000,17
1,34,5,"[915,1635,1269,673,1216]","[2545000,4853000,3564000,1913000,3536000]",1635,16411000,25
1,35,5,"[551,1217,1638,1568,606]","[1567000,3610000,4613000,4661000,1727000]",1638,16178000,21
1,36,5,"[1464,689,1275,1451,859]","[4128000,2005000,3559000,4303000,2497000]",1464,16492000,27
1,37,5,"[636,1023,1988,828,1023]","[1844000,2877000,6002000,2388000,2883000]",1988,15994000,19
1,38,5,"[1010,1030,939,1714,976]","[2860000,2894000,2693000,5113000,2799000]",1714,16359000,13
1,39,5,"[1239,1023,911,1681,964]","[3507000,2850000,2520000,5051000,2736000]",1681,16664000,23
1,40,5,"[1063,1385,1387,434,1238]","[3102000,4063000,4008000,1261000,3608000]",1387,16042000,29
2,1,5,"[2895,705,885,331,963]","[8120000,2088000,2614000,953000,2805000]",2895,16580000,17
2,2,5,"[2479,549,1126,844,910]","[7130000,1536000,3131000,2510000,2537000]",2479,16844000,37
2,3,5,"[1393,823,1542,779,955]","[4000000,2439000,4673000,2169000,2703000]",1542,15984000,29
2,4,5,"[1169,1330,510,577,2432]","[3384000,3737000,1490000,1637000,6814000]",2432,17062000,37
2,5,5,"[694,600,779,2150,1095]","[1967000,1698000,2296000,6514000,3183000]",2150,15658000,35
2,6,5,"[1905,462,1932,902,860]","[5508000,1293000,5432000,2460000,2433000]",1932,17126000,11
2,7,5,"[1356,2336,906,404,346]","[3843000,7100000,2581000,1193000,981000]",2336,15698000,17
2,8,5,"[367,969,423,1182,2318]","[1032000,2762000,1221000,3438000,7065000]",2318,15518000,43
2,9,5,"[629,2332,768,937,572]","[1838000,7035000,2269000,2622000,1711000]",2332,15475000,21
2,10,5,"[598,584,2026,521,1462]","[1725000,1744000,6062000,1495000,4369000]",2026,15395000,23
2,11,5,"[1611,1995,476,956,708]","[4530000,6009000,1342000,2680000,1974000]",1995,16535000,19
2,12,5,"[767,1357,1364,1979,389]","[2178000,3952000,3889000,5662000,1067000]",1979,16748000,17
2,13,5,"[800,1297,1312,1153,1285]","[2256000,3830000,3682000,3288000,3641000]",1312,16697000,13
2,14,5,"[1708,958,624,1540,928]","[4822000,2700000,1740000,4592000,2698000]",1708,16552000,17
2,15,5,"[584,2216,1163,624,661]","[1750000,6754000,3343000,1749000,1928000]",2216,15524000,25
2,16,5,"[429,1525,889,470,2161]","[1206000,4364000,2462000,1349000,6581000]",2161,15962000,37
2,17,5,"[332,789,1696,1451,1031]","[913000,2221000,5144000,4393000,2943000]",1696,15614000,43
2,18,5,"[1431,1369,1059,878,888]","[4243000,4072000,2833000,2563000,2550000]",1431,16261000,29
2,19,5,"[2125,570,1051,1022,856]","[6414000,1654000,2921000,2836000,2443000]",2125,16268000,19
2,20,5,"[1485,1494,1291,489,1329]","[4260000,4178000,3564000,1434000,3761000]",1494,17197000,11
2,21,5,"[889,1189,1341,1247,1010]","[2648000,3490000,3930000,3531000,2807000]",1341,16406000,31
2,22,5,"[1700,391,1121,1341,900]","[5108000,1145000,3166000,3811000,2697000]",1700,15927000,45
2,23,5,"[1444,1290,649,1767,335]","[4050000,3751000,1835000,5359000,991000]",1767,15986000,15
2,24,5,"[378,1627,1542,788,1426]","[1087000,4621000,4563000,2214000,4071000]",1627,16556000,17
2,25,5,"[487,1119,1078,2304,645]","[1328000,3161000,3008000,6978000,1805000]",2304,16280000,11
2,26,5,"[439,2061,1606,709,612]","[1213000,6192000,4610000,2060000,1796000]",2061,15871000,29
2,27,5,"[2215,521,2173,280,936]","[6203000,1480000,6196000,767000,2631000]",2215,17277000,11
2,28,5,"[555,673,730,1021,2367]","[1602000,1922000,2090000,2943000,7142000]",2367,15699000,19
2,29,5,"[1671,541,723,1668,703]","[5034000,1616000,2052000,4935000,2009000]",1671,15646000,33
2,30,5,"[606,947,1719,609,1549]","[1623000,2779000,5150000,1721000,4622000]",1719,15895000,47
2,31,5,"[1752,2400,780,623,332]","[5093000,6866000,2145000,1747000,957000]",2400,16808000,37
2,32,5,"[1583,669,613,964,1611]","[4665000,1976000,1700000,2791000,4789000]",1611,15921000,27
2,33,5,"[805,1864,948,883,1481]","[2318000,5378000,2588000,2511000,4206000]",1864,17001000,15
2,34,5,"[566,1974,1954,980,568]","[1629000,5513000,5533000,2764000,1685000]",1974,17124000,35
2,35,5,"[1474,988,986,463,1590]","[4380000,2864000,2758000,1310000,4719000]",1590,16031000,19
2,36,5,"[556,1469,1067,1545,772]","[1541000,4342000,3217000,4557000,2222000]",1545,15879000,47
2,37,5,"[730,1385,1898,950,957]","[2135000,4015000,5372000,2590000,2757000]",1898,16869000,15
2,38,5,"[587,2260,1141,571,767]","[1721000,6843000,3328000,1655000,2124000]",2260,15671000,35
2,39,5,"[1123,524,455,2573,596]","[3288000,1459000,1273000,7841000,1696000]",2573,15557000,47
2,40,5,"[1491,910,1531,702,1171]","[4475000,2546000,4297000,2073000,3238000]",1531,16629000,23
3,1,5,"[330,903,3216,688,689]","[972000,2529000,9174000,1910000,2062000]",3216,16647000,15
3,2,5,"[1752,558,1293,521,1596]","[5262000,1536000,3617000,1468000,4512000]",1752,16395000,17
3,3,5,"[1770,993,772,623,1342]","[5349000,2897000,2218000,1815000,3690000]",1770,15969000,27
3,4,5,"[1583,919,850,511,1609]","[4678000,2615000,2401000,1424000,4800000]",1609,15918000,19
3,5,5,"[441,884,578,607,3336]","[1269000,2524000,1588000,1718000,9576000]",3336,16675000,9
3,6,5,"[945,1210,1807,937,317]","[2764000,3541000,5405000,2760000,952000]",1807,15422000,45
3,7,5,"[2714,398,754,582,628]","[8281000,1090000,2225000,1748000,1768000]",2714,15112000,21
3,8,5,"[1037,1030,929,1723,826]","[2982000,2969000,2641000,5175000,2294000]",1723,16061000,39
3,9,5,"[1280,1344,1098,397,1606]","[3666000,3792000,3078000,1148000,4746000]",1606,16430000,23
3,10,5,"[1183,1319,1359,1247,683]","[3366000,3681000,4095000,3484000,1939000]",1359,16565000,7
3,11,5,"[737,719,1628,839,1453]","[2045000,2082000,4923000,2404000,4274000]",1628,15728000,17
3,12,5,"[570,555,907,2337,904]","[1686000,1626000,2550000,7056000,2594000]",2337,15512000,19
3,13,5,"[724,1478,449,1118,1814]","[2054000,4123000,1318000,3181000,5464000]",1814,16140000,25
3,14,5,"[794,1483,1474,1092,828]","[2254000,4190000,4379000,3150000,2349000]",1483,16322000,31
3,15,5,"[1418,434,967,1380,1075]","[4230000,1243000,2783000,4201000,3069000]",1418,15526000,35
3,16,5,"[1569,1153,1762,636,727]","[4597000,3284000,4916000,1873000,2002000]",1762,16672000,13
3,17,5,"[907,449,258,2889,654]","[2607000,1258000,738000,8850000,1844000]",2889,15297000,21
3,18,5,"[1458,1108,1499,511,1171]","[4262000,3178000,4305000,1478000,3227000]",1499,16450000,11
3,19,5,"[556,1963,366,1877,852]","[1545000,5927000,1001000,5266000,2454000]",1963,16193000,9
3,20,5,"[593,573,2055,1930,340]","[1699000,1695000,5811000,5787000,974000]",2055,15966000,17
3,21,5,"[2225,756,825,548,924]","[6709000,2175000,2306000,1687000,2659000]",2225,15536000,23
3,22,5,"[545,2535,1106,1049,599]","[1553000,7158000,3220000,2992000,1708000]",2535,16631000,37
3,23,5,"[2084,1488,490,873,352]","[6292000,4384000,1463000,2448000,950000]",2084,15537000,21
3,24,5,"[1439,1739,1574,509,774]","[4012000,5076000,4349000,1456000,2169000]",1739,17062000,9
3,25,5,"[971,1292,362,1584,966]","[2858000,3774000,1037000,4875000,2803000]",1584,15347000,37
3,26,5,"[2190,1098,728,1648,502]","[6122000,3177000,2026000,4547000,1448000]",2190,17320000,25
3,27,5,"[1515,844,1229,1458,732]","[4281000,2409000,3491000,4273000,2059000]",1515,16513000,17
3,28,5,"[780,1568,1411,533,1243]","[2300000,4653000,4059000,1471000,3563000]",1568,16046000,15
3,29,5,"[2880,423,677,334,702]","[8836000,1191000,2018000,923000,2041000]",2880,15009000,23
3,30,5,"[1695,954,450,1665,519]","[5059000,2753000,1260000,4995000,1528000]",1695,15595000,47
3,31,5,"[899,581,1220,1621,1227]","[2575000,1644000,3484000,4810000,3564000]",1621,16077000,17
3,32,5,"[607,1473,723,1562,1133]","[1775000,4147000,2032000,4654000,3355000]",1562,15963000,15
3,33,5,"[860,625,2041,794,1118]","[2548000,1724000,6105000,2283000,3190000]",2041,15850000,29
3,34,5,"[714,676,537,654,3283]","[2044000,1934000,1578000,1916000,9234000]",3283,16706000,15
3,35,5,"[1390,711,1030,1327,1016]","[4097000,1991000,2945000,3907000,2970000]",1390,15910000,29
3,36,5,"[898,1135,818,2475,499]","[2594000,3257000,2356000,6990000,1445000]",2475,16642000,13
3,37,5,"[2280,800,1172,680,1074]","[6513000,2314000,3281000,1929000,2957000]",2280,16994000,17
3,38,5,"[736,858,1489,1254,1092]","[2023000,2543000,4427000,3642000,3198000]",1489,15833000,39
3,39,5,"[1659,737,1634,911,494]","[4757000,2197000,4925000,2554000,1429000]",1659,15862000,33
3,40,5,"[1118,425,2469,744,395]","[3292000,1246000,7475000,2141000,1120000]",2469,15274000,31
4,1,5,"[1708,535,533,1498,1555]","[4897000,1508000,1536000,4289000,4382000]",1708,16612000,9
4,2,5,"[909,638,469,2250,1148]","[2616000,1753000,1358000,6868000,3208000]",2250,15803000,17
4,3,5,"[1214,720,1417,1417,521]","[3535000,2128000,4208000,4212000,1448000]",1417,15531000,51
4,4,5,"[1460,1316,645,1464,915]","[4075000,3960000,1797000,4071000,2646000]",1464,16549000,11
4,5,5,"[1641,921,756,1672,743]","[4878000,2613000,2172000,4629000,2119000]",1672,16411000,23
4,6,5,"[404,685,887,2498,650]","[1106000,2027000,2610000,7587000,1861000]",2498,15191000,41
4,7,5,"[548,766,862,2422,787]","[1574000,2201000,2366000,7359000,2228000]",2422,15728000,41
4,8,5,"[327,1019,720,2381,622]","[948000,2962000,2177000,7204000,1787000]",2381,15078000,39
4,9,5,"[1608,1608,812,1375,526]","[4608000,4518000,2341000,3880000,1484000]",1608,16831000,37
4,10,5,"[622,1364,1035,1939,402]","[1754000,4045000,2924000,5830000,1122000]",1939,15675000,41
4,11,5,"[2533,469,1169,1244,516]","[7142000,1312000,3471000,3463000,1443000]",2533,16831000,23
4,12,5,"[1042,1130,1036,2017,261]","[2869000,3153000,3094000,6023000,774000]",2017,15913000,25
4,13,5,"[1729,323,664,1003,1929]","[4873000,928000,1853000,2752000,5827000]",1929,16233000,15
4,14,5,"[431,896,1446,2406,672]","[1243000,2562000,4143000,6759000,1943000]",2406,16650000,35
4,15,5,"[1380,1979,990,514,664]","[3954000,5950000,2863000,1418000,1817000]",1979,16002000,17
4,16,5,"[384,1616,836,1017,2079]","[1086000,4552000,2338000,2823000,6026000]",2079,16825000,21
4,17,5,"[1183,719,1491,1542,569]","[3361000,2052000,4250000,4584000,1699000]",1542,15946000,15
4,18,5,"[581,419,806,1260,2202]","[1720000,1145000,2257000,3760000,6608000]",2202,15490000,15
4,19,5,"[550,1658,769,1871,541]","[1598000,4933000,2110000,5575000,1505000]",1871,15721000,17
4,20,5,"[2348,657,792,567,1610]","[6655000,1887000,2211000,1614000,4523000]",2348,16890000,11
4,21,5,"[722,1470,999,739,1594]","[2035000,4222000,2854000,2166000,4746000]",1594,16023000,37
4,22,5,"[444,304,1549,1702,1694]","[1237000,853000,4409000,4785000,5037000]",1702,16321000,11
4,23,5,"[636,1088,620,1667,1931]","[1777000,3089000,1746000,4704000,5521000]",1931,16837000,25
4,24,5,"[1654,602,539,626,2030]","[4682000,1709000,1492000,1804000,6158000]",2030,15845000,19
4,25,5,"[1670,558,408,568,2112]","[4693000,1577000,1215000,1670000,6439000]",2112,15594000,21
4,26,5,"[946,711,431,1980,1804]","[2673000,2099000,1208000,5565000,5125000]",1980,16670000,37
4,27,5,"[582,437,1755,1565,1283]","[1633000,1268000,5266000,4418000,3634000]",1755,16219000,21
4,28,5,"[534,1234,1314,1357,1402]","[1557000,3517000,3700000,3794000,4051000]",1402,16619000,15
4,29,5,"[1501,379,2040,626,718]","[4508000,1105000,6132000,1757000,1994000]",2040,15496000,33
4,30,5,"[1745,631,1863,521,810]","[4951000,1850000,5533000,1472000,2265000]",1863,16071000,11
4,31,5,"[1651,1421,915,635,1000]","[4610000,4282000,2545000,1835000,2928000]",1651,16200000,31
4,32,5,"[1391,511,1322,1340,1408]","[4070000,1403000,3718000,3723000,3971000]",1408,16885000,21
4,33,5,"[1911,416,1599,456,1391]","[5545000,1159000,4437000,1367000,3978000]",1911,16486000,25
4,34,5,"[2273,394,454,538,1793]","[6863000,1133000,1342000,1519000,4980000]",2273,15837000,19
4,35,5,"[694,1477,1749,802,831]","[1949000,4107000,5288000,2268000,2427000]",1749,16039000,19
4,36,5,"[2001,721,940,1422,342]","[6057000,2146000,2707000,3912000,970000]",2001,15792000,33
4,37,5,"[586,709,1097,1343,1824]","[1612000,1946000,3214000,3847000,5465000]",1824,16084000,15
4,38,5,"[489,440,1200,2176,837]","[1425000,1236000,3578000,6615000,2404000]",2176,15258000,37
4,39,5,"[563,2412,1122,525,679]","[1555000,7401000,3159000,1509000,1943000]",2412,15567000,31
4,40,5,"[1265,513,506,493,2360]","[3805000,1445000,1443000,1382000,7131000]",2360,15206000,31
5,1,5,"[565,1384,1194,1069,1024]","[1664000,4147000,3503000,3097000,2993000]",1384,15404000,49
5,2,5,"[1806,1028,1079,390,959]","[5428000,3015000,3071000,1095000,2858000]",1806,15467000,21
5,3,5,"[1986,1143,598,1013,509]","[5996000,3346000,1785000,2820000,1455000]",1986,15402000,19
5,4,5,"[1930,2055,416,528,419]","[5467000,6282000,1171000,1455000,1222000]",2055,15597000,23
5,5,5,"[1502,421,1102,808,1489]","[4437000,1169000,3170000,2360000,4442000]",1502,15578000,25
5,6,5,"[1510,680,2073,483,965]","[4325000,1975000,6015000,1346000,2677000]",2073,16338000,21
5,7,5,"[581,1126,1115,1547,1404]","[1644000,3107000,3163000,4525000,3998000]",1547,16437000,11
5,8,5,"[1607,704,1374,392,1463]","[4745000,2134000,3860000,1138000,4112000]",1607,15989000,31
5,9,5,"[2026,614,916,833,1067]","[6105000,1777000,2565000,2317000,3033000]",2026,15797000,51
5,10,5,"[913,855,922,1785,1196]","[2538000,2400000,2600000,5347000,3345000]",1785,16230000,13
5,11,5,"[829,1807,2080,453,730]","[2274000,5145000,5958000,1272000,2036000]",2080,16685000,15
5,12,5,"[1188,589,1579,1115,619]","[3485000,1721000,4789000,3357000,1770000]",1579,15122000,17
5,13,5,"[2047,704,429,1608,584]","[6206000,1964000,1223000,4566000,1670000]",2047,15629000,13
5,14,5,"[497,546,766,1638,2012]","[1408000,1608000,2165000,4882000,5737000]",2012,15800000,19
5,15,5,"[1103,1249,2061,417,665]","[3078000,3524000,6291000,1117000,1894000]",2061,15904000,19
5,16,5,"[1009,1489,480,1311,1065]","[2942000,4369000,1408000,3861000,3067000]",1489,15647000,27
5,17,5,"[1138,1763,912,1073,643]","[3257000,5275000,2565000,3016000,1824000]",1763,15937000,19
5,18,5,"[361,1298,1086,1324,1210]","[1010000,3894000,3185000,3900000,3523000]",1324,15512000,37
5,19,5,"[1087,878,741,1520,1631]","[3101000,2482000,2098000,4391000,4579000]",1631,16651000,35
5,20,5,"[1668,1299,364,1636,492]","[5008000,3686000,1070000,4610000,1471000]",1668,15845000,27
5,21,5,"[1352,1933,974,555,1012]","[3733000,5551000,2820000,1695000,2756000]",1933,16555000,33
5,22,5,"[557,475,434,2996,560]","[1549000,1376000,1205000,9186000,1618000]",2996,14934000,15
5,23,5,"[1493,544,1065,1690,450]","[4264000,1648000,3098000,5058000,1305000]",1690,15373000,47
5,24,5,"[479,1260,1444,1715,838]","[1321000,3567000,4099000,5083000,2306000]",1715,16376000,21
5,25,5,"[758,356,605,2687,695]","[2115000,997000,1756000,8251000,1972000]",2687,15091000,41
5,26,5,"[610,1635,1062,806,1150]","[1715000,4858000,3198000,2350000,3348000]",1635,15469000,27
5,27,5,"[1429,484,567,1399,1637]","[4047000,1430000,1588000,3944000,4914000]",1637,15923000,19
5,28,5,"[1008,1381,688,489,1686]","[2830000,4081000,2012000,1390000,5056000]",1686,15369000,19
5,29,5,"[560,350,986,1622,1683]","[1606000,996000,2884000,4810000,5001000]",1683,15297000,21
5,30,5,"[435,1082,1278,764,1674]","[1296000,3225000,3726000,2173000,4974000]",1674,15394000,35
5,31,5,"[618,774,614,2337,1306]","[1737000,2268000,1755000,6576000,3875000]",2337,16211000,25
5,32,5,"[1764,1776,343,708,343]","[5309000,5371000,983000,2160000,959000]",1776,14782000,27
5,33,5,"[846,1372,1155,522,1565]","[2477000,3794000,3403000,1483000,4645000]",1565,15802000,29
5,34,5,"[988,1070,1230,797,1376]","[2810000,3064000,3465000,2394000,4097000]",1376,15830000,31
5,35,5,"[1432,1634,861,1044,551]","[4113000,4879000,2402000,2997000,1561000]",1634,15952000,41
5,36,5,"[638,1251,730,1277,1531]","[1825000,3689000,2096000,3606000,4547000]",1531,15763000,43
5,37,5,"[1299,966,1256,327,1428]","[3872000,2752000,3637000,969000,4251000]",1428,15481000,17
5,38,5,"[2091,678,549,1573,550]","[6322000,1929000,1553000,4507000,1484000]",2091,15795000,17
5,39,5,"[1316,1065,901,1294,980]","[3887000,2973000,2600000,3730000,2829000]",1316,16019000,13
5,40,5,"[719,1704,1253,487,1246]","[2020000,5169000,3533000,1364000,3635000]",1704,15721000,15
6,1,5,"[429,587,2479,1018,653]","[1266000,1687000,7511000,3023000,1837000]",2479,15324000,19
6,2,5,"[1346,1432,752,619,1473]","[3667000,4217000,2101000,1859000,4414000]",1473,16258000,19
6,3,5,"[1396,486,803,2203,569]","[4064000,1369000,2203000,6624000,1638000]",2203,15898000,11
6,4,5,"[1341,1323,620,969,1216]","[3983000,3969000,1851000,2706000,3433000]",1341,15942000,19
6,5,5,"[495,1835,1581,1009,654]","[1371000,5528000,4439000,2972000,1827000]",1835,16137000,15
6,6,5,"[399,379,737,385,3079]","[1149000,1071000,2116000,1091000,9505000]",3079,14932000,23
6,7,5,"[3658,445,578,772,607]","[10160000,1356000,1648000,2176000,1754000]",3658,17094000,35
6,8,5,"[915,1788,519,387,1959]","[2652000,4993000,1392000,1121000,5979000]",1959,16137000,11
6,9,5,"[618,439,409,822,2873]","[1694000,1262000,1142000,2396000,8805000]",2873,15299000,21
6,10,5,"[854,1596,545,417,1881]","[2444000,4703000,1585000,1223000,5669000]",1881,15624000,43
6,11,5,"[1822,1216,412,1504,617]","[5506000,3470000,1144000,4272000,1715000]",1822,16107000,23
6,12,5,"[1559,734,482,1142,1688]","[4416000,2047000,1339000,3327000,5083000]",1688,16212000,39
6,13,5,"[279,1963,702,1346,1021]","[743000,5907000,1955000,3998000,3025000]",1963,15628000,31
6,14,5,"[910,1834,572,749,1437]","[2540000,5506000,1675000,2139000,4117000]",1834,15977000,17
6,15,5,"[1745,994,678,670,1170]","[5225000,2886000,1935000,1934000,3540000]",1745,15520000,21
6,16,5,"[489,465,635,1528,2227]","[1475000,1280000,1775000,4406000,6755000]",2227,15691000,21
6,17,5,"[893,616,1730,793,1620]","[2551000,1704000,5179000,2249000,4626000]",1730,16309000,31
6,18,5,"[1165,406,1762,616,1839]","[3389000,1187000,4995000,1769000,5238000]",1839,16578000,15
6,19,5,"[1908,589,1408,1552,418]","[5394000,1693000,4001000,4473000,1166000]",1908,16727000,23
6,20,5,"[1168,1570,504,1280,1000]","[3371000,4705000,1393000,3755000,2792000]",1570,16016000,15
6,21,5,"[1636,793,1273,737,833]","[4904000,2351000,3819000,2146000,2329000]",1636,15549000,25
6,22,5,"[841,1025,1428,517,1450]","[2462000,3007000,4245000,1523000,4290000]",1450,15527000,25
6,23,5,"[1918,699,1445,522,860]","[5798000,2012000,4051000,1557000,2447000]",1918,15865000,13
6,24,5,"[660,722,2068,1947,599]","[1881000,2004000,5840000,5551000,1702000]",2068,16978000,9
6,25,5,"[601,885,518,1793,1717]","[1673000,2571000,1492000,5432000,4902000]",1793,16070000,35
6,26,5,"[871,1681,644,819,1665]","[2471000,4748000,1845000,2298000,4964000]",1681,16326000,11
6,27,5,"[1483,604,392,565,2324]","[4222000,1667000,1123000,1646000,7057000]",2324,15715000,19
6,28,5,"[1060,675,1312,1543,1185]","[2924000,1920000,3758000,4618000,3321000]",1543,16541000,15
6,29,5,"[738,1427,489,324,2420]","[2087000,4031000,1437000,931000,7321000]",2420,15807000,11
6,30,5,"[723,395,1599,1654,1716]","[2070000,1057000,4503000,4718000,4836000]",1716,17184000,9
6,31,5,"[1176,751,1561,728,1494]","[3416000,2104000,4360000,2054000,4457000]",1561,16391000,15
6,32,5,"[561,782,759,1622,1544]","[1545000,2336000,2224000,4837000,4600000]",1622,15542000,51
6,33,5,"[2365,692,621,856,720]","[7190000,2007000,1768000,2476000,2037000]",2365,15478000,19
6,34,5,"[1758,520,1362,552,1294]","[5284000,1524000,3789000,1575000,3785000]",1758,15957000,29
6,35,5,"[613,397,1275,895,2060]","[1798000,1154000,3728000,2546000,6226000]",2060,15452000,55
6,36,5,"[384,1891,688,706,1905]","[1104000,5294000,2002000,2005000,5722000]",1905,16127000,17
6,37,5,"[1423,1496,864,1367,431]","[4061000,4463000,2374000,4007000,1242000]",1496,16147000,15
6,38,5,"[949,1133,577,1824,1047]","[2563000,3279000,1690000,5444000,3044000]",1824,16020000,25
6,39,5,"[2975,1306,299,496,716]","[8396000,3873000,847000,1448000,2017000]",2975,16581000,39
6,40,5,"[3642,461,427,854,592]","[10194000,1307000,1208000,2527000,1724000]",3642,16960000,21
7,1,5,"[1008,593,1757,853,1704]","[2919000,1684000,4854000,2467000,4823000]",1757,16747000,33
7,2,5,"[546,1362,1925,830,830]","[1515000,3870000,5743000,2368000,2383000]",1925,15879000,15
7,3,5,"[1254,1319,458,1241,1451]","[3736000,3914000,1280000,3393000,4047000]",1451,16370000,17
7,4,5,"[478,717,1571,1051,1796]","[1328000,2049000,4399000,2941000,5407000]",1796,16124000,29
7,5,5,"[440,3294,431,484,1058]","[1255000,9338000,1204000,1472000,3028000]",3294,16297000,11
7,6,5,"[1529,790,763,1595,862]","[4239000,2281000,2165000,4794000,2481000]",1595,15960000,19
7,7,5,"[1512,1198,769,1064,832]","[4501000,3461000,2230000,3125000,2372000]",1512,15689000,29
7,8,5,"[904,973,1186,1013,1072]","[2604000,2945000,3507000,3013000,3140000]",1186,15209000,37
7,9,5,"[2048,666,599,1740,440]","[6187000,1854000,1654000,4853000,1331000]",2048,15879000,21
7,10,5,"[1546,1409,978,898,782]","[4372000,4198000,2815000,2571000,2148000]",1546,16104000,35
7,11,5,"[905,1814,1186,860,685]","[2572000,5443000,3347000,2401000,2024000]",1814,15787000,21
7,12,5,"[1094,1138,987,1190,830]","[3222000,3299000,2955000,3434000,2484000]",1190,15394000,45
7,13,5,"[878,1114,958,717,1624]","[2564000,3257000,2747000,2054000,4886000]",1624,15508000,25
7,14,5,"[1480,801,1342,971,834]","[4171000,2309000,3993000,2883000,2401000]",1480,15757000,37
7,15,5,"[1453,1515,384,1563,581]","[4253000,4476000,1063000,4416000,1690000]",1563,15898000,25
7,16,5,"[566,1574,1895,703,834]","[1609000,4348000,5696000,2000000,2370000]",1895,16023000,11
7,17,5,"[929,2301,503,1008,890]","[2704000,6625000,1333000,2972000,2510000]",2301,16144000,23
7,18,5,"[1495,1640,705,653,964]","[4429000,4626000,2006000,1925000,2828000]",1640,15814000,33
7,19,5,"[530,419,725,1185,2525]","[1524000,1119000,1963000,3363000,7679000]",2525,15648000,9
7,20,5,"[662,359,490,1024,2510]","[1921000,1033000,1424000,2963000,7636000]",2510,14977000,23
7,21,5,"[726,305,643,2832,453]","[2126000,859000,1853000,8707000,1251000]",2832,14796000,23
7,22,5,"[744,517,1442,1266,1380]","[2114000,1463000,4305000,3591000,4127000]",1442,15600000,25
7,23,5,"[779,423,750,1614,1823]","[2189000,1227000,2197000,4536000,5524000]",1823,15673000,19
7,24,5,"[2166,606,950,1519,547]","[6161000,1722000,2662000,4300000,1629000]",2166,16474000,17
7,25,5,"[981,1111,1299,1429,1047]","[2742000,3215000,3708000,4043000,2946000]",1429,16654000,35
7,26,5,"[1751,509,1647,293,959]","[5298000,1438000,4888000,862000,2745000]",1751,15231000,27
7,27,5,"[742,939,1685,1712,570]","[2141000,2643000,4973000,4852000,1586000]",1712,16195000,17
7,28,5,"[484,985,865,2055,881]","[1397000,2795000,2466000,6195000,2590000]",2055,15443000,13
7,29,5,"[1440,1683,477,1091,611]","[4066000,5076000,1319000,3256000,1798000]",1683,15515000,17
7,30,5,"[950,1069,1503,442,1530]","[2695000,3088000,4432000,1300000,4362000]",1530,15877000,19
7,31,5,"[296,2081,742,1024,931]","[892000,6235000,2150000,3051000,2711000]",2081,15039000,19
7,32,5,"[2134,1310,610,724,599]","[6509000,3664000,1688000,2066000,1732000]",2134,15659000,19
7,33,5,"[1194,550,1607,533,1923]","[3444000,1619000,4477000,1506000,5457000]",1923,16503000,13
7,34,5,"[1060,1400,637,1678,886]","[2942000,3919000,1763000,5046000,2540000]",1678,16210000,29
7,35,5,"[947,446,1592,381,1796]","[2701000,1291000,4766000,1081000,5415000]",1796,15254000,17
7,36,5,"[1558,588,540,1544,929]","[4702000,1626000,1589000,4685000,2608000]",1558,15210000,29
7,37,5,"[1254,1700,1456,805,399]","[3597000,5067000,4078000,2231000,1136000]",1700,16109000,15
7,38,5,"[2199,1068,678,1009,436]","[6717000,3018000,1953000,2779000,1210000]",2199,15677000,11
7,39,5,"[1019,1854,1750,576,627]","[2870000,5268000,4941000,1632000,1840000]",1854,16551000,13
7,40,5,"[497,1353,427,2027,1111]","[1387000,3811000,1218000,6088000,3210000]",2027,15714000,15
8,1,5,"[595,680,679,545,2670]","[1644000,1918000,1930000,1594000,8205000]",2670,15291000,41
8,2,5,"[671,530,1031,1641,2079]","[1912000,1523000,3001000,4584000,5853000]",2079,16873000,17
8,3,5,"[1386,497,1331,1350,1279]","[3951000,1378000,3772000,3847000,3712000]",1386,16660000,15
8,4,5,"[762,696,1794,510,1416]","[2188000,2014000,5396000,1551000,4173000]",1794,15322000,35
8,5,5,"[448,1867,1852,538,648]","[1256000,5352000,5592000,1526000,1936000]",1867,15662000,25
8,6,5,"[564,1486,1631,600,1086]","[1596000,4473000,4884000,1736000,2987000]",1631,15676000,25
8,7,5,"[1272,1506,371,721,1489]","[3699000,4485000,1081000,2090000,4302000]",1506,15657000,41
8,8,5,"[2983,455,377,781,455]","[9131000,1280000,1093000,2249000,1297000]",2983,15050000,25
8,9,5,"[483,1703,1128,1606,680]","[1326000,4934000,3144000,4811000,1946000]",1703,16161000,19
8,10,5,"[836,1006,2420,641,343]","[2368000,2978000,7369000,1837000,904000]",2420,15456000,13
8,11,5,"[977,660,689,1270,1833]","[2713000,1935000,2010000,3602000,5575000]",1833,15835000,11
8,12,5,"[469,936,1928,650,1778]","[1372000,2745000,5491000,1829000,5029000]",1928,16466000,31
8,13,5,"[1876,826,1056,933,851]","[5598000,2390000,2934000,2790000,2348000]",1876,16060000,19
8,14,5,"[1683,802,1172,342,1679]","[5055000,2261000,3316000,958000,4732000]",1683,16322000,15
8,15,5,"[788,2642,788,494,552]","[2200000,8026000,2323000,1399000,1546000]",2642,15494000,29
8,16,5,"[1601,937,1112,339,1933]","[4534000,2717000,3150000,942000,5456000]",1933,16799000,41
8,17,5,"[1722,567,528,755,1940]","[4918000,1635000,1560000,2060000,5800000]",1940,15973000,9
8,18,5,"[1809,1186,1336,665,375]","[5423000,3387000,3853000,1972000,1074000]",1809,15709000,11
8,19,5,"[578,2279,643,690,1057]","[1668000,6883000,1862000,1913000,3111000]",2279,15437000,21
8,20,5,"[1694,933,1550,659,808]","[4806000,2658000,4652000,1891000,2228000]",1694,16235000,9
8,21,5,"[523,1315,1351,525,1865]","[1520000,3701000,3783000,1500000,5612000]",1865,16116000,23
8,22,5,"[1430,914,1456,852,1188]","[4087000,2602000,4125000,2486000,3333000]",1456,16633000,13
8,23,5,"[1899,1058,618,571,1271]","[5730000,3073000,1764000,1595000,3672000]",1899,15834000,33
8,24,5,"[1123,1136,577,1987,651]","[3188000,3239000,1655000,5987000,1869000]",1987,15938000,19
8,25,5,"[353,2969,592,518,603]","[978000,9124000,1684000,1453000,1767000]",2969,15006000,31
8,26,5,"[1139,501,1146,723,2257]","[3225000,1423000,3259000,2124000,6472000]",2257,16503000,21
8,27,5,"[398,3069,402,817,346]","[1128000,9402000,1205000,2324000,965000]",3069,15024000,13
8,28,5,"[735,514,382,2484,1102]","[2138000,1532000,1033000,7559000,3122000]",2484,15384000,47
8,29,5,"[745,1890,611,1971,422]","[2141000,5712000,1753000,5488000,1144000]",1971,16238000,35
8,30,5,"[1226,716,1137,1356,1356]","[3647000,2017000,3196000,3897000,3798000]",1356,16555000,15
8,31,5,"[1075,1760,950,1239,525]","[3179000,4951000,2800000,3687000,1478000]",1760,16095000,37
8,32,5,"[835,759,665,1705,1447]","[2432000,2187000,1890000,5192000,4059000]",1705,15760000,25
8,33,5,"[2770,1144,474,1090,301]","[7894000,3269000,1413000,3125000,833000]",2770,16534000,39
8,34,5,"[819,1155,1211,1173,1216]","[2292000,3390000,3571000,3303000,3602000]",1216,16158000,35
8,35,5,"[741,1061,1634,1303,794]","[2165000,3038000,4813000,3619000,2380000]",1634,16015000,21
8,36,5,"[933,1198,702,765,1692]","[2629000,3615000,2043000,2160000,5080000]",1692,15527000,15
8,37,5,"[1902,676,782,538,1364]","[5712000,1979000,2268000,1508000,4032000]",1902,15499000,29
8,38,5,"[1676,342,1885,1077,369]","[5042000,933000,5620000,2955000,1098000]",1885,15648000,13
8,39,5,"[2110,401,1002,1376,536]","[6360000,1141000,2951000,3829000,1516000]",2110,15797000,21
8,40,5,"[2482,447,907,545,780]","[7518000,1254000,2606000,1643000,2248000]",2482,15269000,23
9,1,5,"[654,1362,1154,612,1562]","[1984000,4002000,3374000,1668000,4666000]",1562,15694000,23
9,2,5,"[1163,2036,290,1905,391]","[3331000,5653000,781000,5704000,1091000]",2036,16560000,15
9,3,5,"[373,1891,571,1544,866]","[1058000,5651000,1658000,4639000,2467000]",1891,15473000,31
9,4,5,"[460,607,804,1753,1919]","[1318000,1724000,2264000,4973000,5776000]",1919,16055000,41
9,5,5,"[475,902,2448,1076,1087]","[1349000,2559000,6936000,3025000,3095000]",2448,16964000,15
9,6,5,"[895,1331,690,781,1767]","[2646000,3858000,1916000,2230000,5277000]",1767,15927000,17
9,7,5,"[1779,1946,290,375,719]","[5440000,5808000,828000,1089000,2026000]",1946,15191000,21
9,8,5,"[471,724,1251,1071,2143]","[1351000,2043000,3450000,2982000,6461000]",2143,16287000,15
9,9,5,"[1858,1443,685,730,887]","[5554000,4109000,1919000,2086000,2545000]",1858,16213000,37
9,10,5,"[1821,436,814,1712,564]","[5442000,1236000,2390000,5112000,1503000]",1821,15683000,29
9,11,5,"[426,1371,1425,1829,660]","[1179000,3889000,3989000,5519000,1853000]",1829,16429000,43
9,12,5,"[875,1343,463,645,1976]","[2512000,3909000,1347000,1866000,5987000]",1976,15621000,31
9,13,5,"[361,706,1141,881,2294]","[1013000,2055000,3239000,2514000,6919000]",2294,15740000,15
9,14,5,"[726,1753,1662,615,739]","[2031000,5283000,4953000,1708000,2015000]",1753,15990000,23
9,15,5,"[1373,1539,552,465,1550]","[3892000,4566000,1552000,1294000,4656000]",1550,15960000,15
9,16,5,"[1795,456,1966,416,569]","[5425000,1266000,5885000,1192000,1612000]",1966,15380000,21
9,17,5,"[770,1001,1644,1875,428]","[2182000,2780000,4906000,5304000,1264000]",1875,16436000,17
9,18,5,"[1975,1598,1074,474,397]","[5945000,4819000,2942000,1281000,1193000]",1975,16180000,15
9,19,5,"[1409,857,1515,1588,574]","[3988000,2518000,4302000,4487000,1610000]",1588,16905000,23
9,20,5,"[820,2437,681,971,543]","[2309000,7366000,1933000,2769000,1512000]",2437,15889000,17
9,21,5,"[1713,850,1607,776,557]","[5105000,2406000,4779000,2155000,1564000]",1713,16009000,21
9,22,5,"[389,1678,1781,1595,652]","[1111000,4780000,4945000,4503000,1847000]",1781,17186000,15
9,23,5,"[1484,783,826,1510,1032]","[4192000,2262000,2399000,4454000,2961000]",1510,16268000,29
9,24,5,"[1270,1055,1517,513,1283]","[3721000,3037000,4561000,1467000,3529000]",1517,16315000,33
9,25,5,"[1521,775,796,1848,617]","[4208000,2252000,2322000,5537000,1792000]",1848,16111000,33
9,26,5,"[1591,1020,1386,1064,737]","[4452000,2885000,4149000,3027000,2077000]",1591,16590000,13
9,27,5,"[1541,420,1813,1314,437]","[4373000,1200000,5436000,3763000,1284000]",1813,16056000,13
9,28,5,"[1545,1002,1586,555,853]","[4395000,2975000,4748000,1549000,2438000]",1586,16105000,45
9,29,5,"[1513,1084,698,1048,1429]","[4333000,3110000,1915000,3035000,4134000]",1513,16527000,13
9,30,5,"[722,1169,776,1204,1615]","[2095000,3327000,2257000,3494000,4787000]",1615,15960000,33
9,31,5,"[1504,520,2330,621,548]","[4190000,1472000,7067000,1732000,1588000]",2330,16049000,35
9,32,5,"[548,960,1108,1422,1774]","[1536000,2824000,3095000,4052000,5105000]",1774,16612000,21
9,33,5,"[2697,517,1073,618,1170]","[7563000,1502000,2959000,1815000,3290000]",2697,17129000,27
9,34,5,"[625,646,2049,1259,871]","[1735000,1767000,6201000,3553000,2634000]",2049,15890000,21
9,35,5,"[2183,647,437,484,2191]","[6233000,1918000,1192000,1354000,6169000]",2191,16866000,13
9,36,5,"[989,1682,933,709,1111]","[2791000,5029000,2707000,2066000,3257000]",1682,15850000,33
9,37,5,"[1887,2147,625,460,521]","[5669000,5992000,1800000,1319000,1487000]",2147,16267000,21
9,38,5,"[1116,1160,1063,1073,1258]","[3201000,3410000,3091000,3061000,3569000]",1258,16332000,21
9,39,5,"[1440,1443,1060,612,957]","[4340000,4295000,2879000,1818000,2697000]",1443,16029000,25
9,40,5,"[2364,560,620,351,1514]","[7188000,1627000,1660000,966000,4359000]",2364,15800000,39
10,1,5,"[1432,791,895,1578,832]","[4236000,2333000,2622000,4455000,2412000]",1578,16058000,25
10,2,5,"[349,1352,1238,1318,1172]","[1052000,3948000,3625000,3753000,3476000]",1352,15854000,25
10,3,5,"[648,1728,1706,776,1207]","[1800000,4923000,4798000,2199000,3438000]",1728,17158000,39
10,4,5,"[905,1043,2121,523,805]","[2544000,2998000,6432000,1489000,2304000]",2121,15767000,29
10,5,5,"[1016,796,1662,1049,1067]","[2833000,2282000,4987000,3098000,2951000]",1662,16151000,15
10,6,5,"[1373,856,1157,1386,619]","[4145000,2489000,3303000,4045000,1787000]",1386,15769000,39
10,7,5,"[1687,1632,337,1147,633]","[4934000,4649000,967000,3431000,1887000]",1687,15868000,27
10,8,5,"[1931,645,1183,866,769]","[5858000,1935000,3334000,2497000,2180000]",1931,15804000,15
10,9,5,"[363,1060,2058,670,1127]","[1011000,3119000,6189000,1923000,3315000]",2058,15557000,21
10,10,5,"[2219,755,1299,1197,485]","[6257000,2191000,3703000,3374000,1375000]",2219,16900000,17
10,11,5,"[1695,818,742,935,1364]","[5011000,2435000,2090000,2716000,3859000]",1695,16111000,35
10,12,5,"[1241,848,495,561,2910]","[3509000,2356000,1418000,1632000,8178000]",2910,17093000,11
10,13,5,"[775,379,443,1621,2145]","[2278000,1129000,1210000,4605000,6460000]",2145,15682000,19
10,14,5,"[1284,414,787,1299,1654]","[3640000,1239000,2243000,3727000,5014000]",1654,15863000,25
10,15,5,"[876,642,1357,1393,1364]","[2505000,1844000,3942000,3885000,4066000]",1393,16242000,17
10,16,5,"[813,379,2271,2206,487]","[2346000,1008000,6423000,6143000,1383000]",2271,17303000,33
10,17,5,"[637,1566,1636,1213,551]","[1838000,4641000,4612000,3482000,1642000]",1636,16215000,17
10,18,5,"[382,417,1447,2249,861]","[1049000,1203000,4266000,6776000,2437000]",2249,15731000,21
10,19,5,"[760,587,1177,1619,1648]","[2131000,1652000,3317000,4558000,4928000]",1648,16586000,9
10,20,5,"[855,375,843,1712,1492]","[2421000,1101000,2444000,5074000,4495000]",1712,15535000,29
10,21,5,"[1647,642,1722,369,972]","[4869000,1822000,5182000,1079000,2746000]",1722,15698000,15
10,22,5,"[1576,1451,429,1391,473]","[4681000,4303000,1242000,4121000,1285000]",1576,15632000,23
10,23,5,"[1187,609,1343,1271,1343]","[3324000,1743000,3768000,3638000,4023000]",1343,16496000,15
10,24,5,"[840,1245,1250,1104,1231]","[2387000,3498000,3654000,3153000,3655000]",1250,16347000,27
10,25,5,"[2239,868,711,949,1068]","[6412000,2432000,2043000,2739000,3015000]",2239,16641000,15
10,26,5,"[1088,785,2172,1372,507]","[3145000,2232000,6235000,3809000,1407000]",2172,16828000,15
10,27,5,"[1025,568,1302,1696,829]","[2983000,1586000,3721000,5105000,2435000]",1696,15830000,17
10,28,5,"[795,1725,867,1296,657]","[2307000,5148000,2511000,3768000,1935000]",1725,15669000,45
10,29,5,"[2750,447,473,782,796]","[8401000,1238000,1333000,2167000,2339000]",2750,15478000,33
10,30,5,"[556,1979,1647,594,452]","[1619000,5974000,4842000,1665000,1365000]",1979,15465000,51
10,31,5,"[1517,1415,1004,942,707]","[4541000,3934000,2882000,2774000,2015000]",1517,16146000,13
10,32,5,"[390,992,1388,1445,1464]","[1020000,2810000,4058000,4102000,4356000]",1464,16346000,21
10,33,5,"[1084,1995,638,574,1226]","[2999000,6026000,1894000,1625000,3487000]",1995,16031000,23
10,34,5,"[1394,1685,449,1033,1191]","[3889000,5027000,1252000,2828000,3502000]",1685,16498000,27
10,35,5,"[418,1455,890,1865,736]","[1162000,4306000,2487000,5636000,2117000]",1865,15708000,15
10,36,5,"[593,1220,532,433,2344]","[1692000,3589000,1541000,1245000,7158000]",2344,15225000,45
10,37,5,"[893,1264,766,573,2319]","[2592000,3499000,2227000,1654000,6638000]",2319,16610000,15
10,38,5,"[679,383,2237,1370,721]","[1950000,1122000,6756000,3853000,2087000]",2237,15768000,45
10,39,5,"[1268,816,1334,913,1341]","[3829000,2362000,3778000,2605000,3750000]",1341,16324000,17
10,40,5,"[1011,456,1287,1826,946]","[2862000,1323000,3630000,5442000,2795000]",1826,16052000,11
11,1,5,"[2152,392,651,331,1708]","[6482000,1132000,1866000,938000,5067000]",2152,15485000,31
11,2,5,"[807,509,825,2661,340]","[2433000,1444000,2333000,8095000,1001000]",2661,15306000,35
11,3,5,"[2074,935,554,735,1164]","[6214000,2659000,1587000,2100000,3362000]",2074,15922000,41
11,4,5,"[564,555,3706,488,620]","[1604000,1578000,10541000,1396000,1749000]",3706,16868000,39
11,5,5,"[662,833,757,2903,878]","[1866000,2369000,2084000,8224000,2520000]",2903,17063000,39
11,6,5,"[1906,505,1742,649,1009]","[5240000,1478000,5041000,1941000,2936000]",1906,16636000,39
11,7,5,"[819,460,601,1444,2037]","[2338000,1373000,1740000,4139000,6150000]",2037,15740000,33
11,8,5,"[2655,1725,343,507,838]","[7494000,4803000,977000,1449000,2413000]",2655,17136000,17
11,9,5,"[1687,656,1227,1011,835]","[5002000,1900000,3607000,2814000,2498000]",1687,15821000,21
11,10,5,"[1477,840,867,673,1498]","[4440000,2492000,2517000,1886000,4423000]",1498,15758000,23
11,11,5,"[1455,2035,571,319,861]","[4216000,6169000,1658000,896000,2571000]",2035,15510000,31
11,12,5,"[971,1086,2124,1139,400]","[2896000,3200000,5969000,3217000,1164000]",2124,16446000,15
11,13,5,"[942,1583,1008,424,1444]","[2664000,4722000,2927000,1214000,4285000]",1583,15812000,27
11,14,5,"[1950,864,1739,754,450]","[5887000,2451000,4837000,2111000,1261000]",1950,16547000,17
11,15,5,"[901,1496,1946,474,1414]","[2422000,4267000,5525000,1281000,3987000]",1946,17482000,29
11,16,5,"[1461,936,1684,509,784]","[4389000,2661000,5055000,1417000,2243000]",1684,15765000,39
11,17,5,"[783,633,1683,1035,1673]","[2205000,1767000,4704000,3009000,4936000]",1683,16621000,13
11,18,5,"[1206,3553,552,339,324]","[3474000,9992000,1582000,962000,939000]",3553,16949000,23
11,19,5,"[994,511,1243,1967,546]","[2952000,1454000,3634000,5948000,1548000]",1967,15536000,45
11,20,5,"[689,525,771,2489,808]","[1936000,1447000,2272000,7595000,2312000]",2489,15562000,29
11,21,5,"[2359,973,489,588,925]","[7168000,2773000,1453000,1641000,2633000]",2359,15668000,21
11,22,5,"[1197,1302,1383,382,1445]","[3432000,3669000,4126000,1083000,4133000]",1445,16443000,25
11,23,5,"[1311,1156,553,360,2454]","[3858000,3236000,1574000,1065000,6942000]",2454,16675000,15
11,24,5,"[546,447,1971,2291,744]","[1549000,1299000,5505000,6553000,2103000]",2291,17009000,25
11,25,5,"[1645,393,1053,986,1584]","[4663000,1110000,2927000,2922000,4687000]",1645,16309000,21
11,26,5,"[452,1493,1378,638,2040]","[1255000,4258000,3992000,1817000,5712000]",2040,17034000,29
11,27,5,"[1430,619,1399,1364,473]","[4222000,1786000,4155000,4075000,1367000]",1430,15605000,35
11,28,5,"[412,714,2128,1316,743]","[1214000,1975000,6419000,3796000,2206000]",2128,15610000,17
11,29,5,"[367,1661,1801,687,1064]","[1046000,4764000,5396000,1942000,3019000]",1801,16167000,21
11,30,5,"[460,1297,2009,571,1204]","[1343000,3777000,6099000,1567000,3308000]",2009,16094000,23
11,31,5,"[1261,1696,778,776,1066]","[3731000,5044000,2226000,2144000,3002000]",1696,16147000,13
11,32,5,"[692,1905,1032,1102,733]","[2049000,5695000,2947000,3099000,2138000]",1905,15928000,15
11,33,5,"[1481,1428,649,583,1397]","[4213000,4214000,1867000,1643000,4141000]",1481,16078000,19
11,34,5,"[1423,1044,1480,706,922]","[4214000,3040000,4235000,2015000,2686000]",1480,16190000,17
11,35,5,"[1051,1710,608,550,1752]","[3011000,5134000,1813000,1556000,4884000]",1752,16398000,25
11,36,5,"[1981,424,606,1345,1123]","[5942000,1218000,1772000,3951000,3086000]",1981,15969000,19
11,37,5,"[1706,1176,518,1590,1009]","[4813000,3377000,1496000,4493000,2831000]",1706,17010000,33
11,38,5,"[1419,1165,675,1450,823]","[4338000,3235000,1943000,4247000,2315000]",1450,16078000,21
11,39,5,"[1141,591,1538,1654,841]","[3098000,1683000,4574000,4721000,2471000]",1654,16547000,31
11,40,5,"[496,410,2781,817,681]","[1382000,1204000,8532000,2323000,1953000]",2781,15394000,19
12,1,5,"[792,549,1017,670,2307]","[2230000,1587000,2863000,1841000,6972000]",2307,15493000,17
12,2,5,"[1287,2005,813,682,649]","[3801000,5701000,2346000,1979000,1885000]",2005,15712000,13
12,3,5,"[1842,728,1887,877,427]","[5197000,2119000,5406000,2457000,1190000]",1887,16369000,13
12,4,5,"[593,1664,1543,535,1374]","[1699000,5010000,4295000,1424000,3855000]",1664,16283000,29
12,5,5,"[651,575,1505,651,1759]","[1849000,1660000,4492000,1888000,5225000]",1759,15114000,23
12,6,5,"[1113,1273,1136,989,1183]","[3104000,3684000,3239000,2903000,3308000]",1273,16238000,13
12,7,5,"[883,878,850,707,2474]","[2555000,2479000,2408000,2014000,6967000]",2474,16423000,25
12,8,5,"[1316,1391,1000,1396,331]","[3834000,4086000,2745000,4099000,938000]",1396,15702000,13
12,9,5,"[1701,676,415,1773,788]","[4806000,1936000,1158000,5339000,2304000]",1773,15543000,37
12,10,5,"[1529,574,648,1569,983]","[4471000,1603000,1906000,4746000,2748000]",1569,15474000,29
12,11,5,"[1058,604,1392,1963,917]","[2930000,1696000,3879000,5601000,2623000]",1963,16729000,41
12,12,5,"[635,954,1324,1208,1147]","[1820000,2853000,3892000,3532000,3264000]",1324,15361000,9
12,13,5,"[557,1359,924,2031,500]","[1615000,3822000,2581000,6135000,1441000]",2031,15594000,17
12,14,5,"[1706,551,332,2490,826]","[4865000,1477000,893000,7059000,2351000]",2490,16645000,27
12,15,5,"[1505,524,1489,1119,631]","[4443000,1504000,4363000,3255000,1812000]",1505,15377000,21
12,16,5,"[569,823,2142,528,1119]","[1582000,2456000,6516000,1505000,3148000]",2142,15207000,45
12,17,5,"[427,443,2440,1517,470]","[1250000,1238000,7379000,4221000,1345000]",2440,15433000,39
12,18,5,"[546,668,1631,916,1535]","[1522000,1933000,4834000,2601000,4566000]",1631,15456000,41
12,19,5,"[1756,441,914,910,1362]","[5186000,1278000,2623000,2484000,4024000]",1756,15595000,25
12,20,5,"[1125,1298,426,1695,762]","[3264000,3804000,1161000,5079000,2179000]",1695,15487000,33
12,21,5,"[321,1141,1302,1003,1383]","[930000,3392000,3852000,2889000,4137000]",1383,15200000,35
12,22,5,"[499,1687,1439,851,1203]","[1349000,5036000,4055000,2392000,3395000]",1687,16227000,27
12,23,5,"[1250,1608,1227,901,821]","[3506000,4772000,3450000,2498000,2254000]",1608,16480000,43
12,24,5,"[1761,659,309,586,1807]","[5301000,1897000,879000,1611000,5414000]",1807,15102000,23
12,25,5,"[575,1216,1073,1269,1349]","[1647000,3381000,3105000,3789000,3875000]",1349,15797000,25
12,26,5,"[1210,589,557,2865,594]","[3466000,1657000,1584000,8086000,1689000]",2865,16482000,37
12,27,5,"[1117,1495,731,1513,635]","[3221000,4216000,2135000,4423000,1814000]",1513,15809000,13
12,28,5,"[853,1453,1340,1464,408]","[2404000,4142000,3769000,4385000,1173000]",1464,15873000,35
12,29,5,"[954,1131,2471,583,656]","[2694000,3179000,6960000,1712000,1877000]",2471,16422000,31
12,30,5,"[739,1419,799,1470,963]","[2101000,4147000,2375000,4181000,2819000]",1470,15623000,13
12,31,5,"[1425,799,1348,1623,445]","[3969000,2235000,3774000,4896000,1241000]",1623,16115000,33
12,32,5,"[1226,1215,954,1227,852]","[3490000,3518000,2795000,3574000,2439000]",1227,15816000,23
12,33,5,"[1953,592,1453,853,869]","[5483000,1710000,4106000,2449000,2530000]",1953,16278000,33
12,34,5,"[640,1330,679,1472,1616]","[1935000,3671000,1878000,4347000,4474000]",1616,16305000,19
12,35,5,"[1564,1006,1811,313,471]","[4652000,2913000,5424000,937000,1275000]",1811,15201000,9
12,36,5,"[1557,989,408,1797,632]","[4659000,2756000,1176000,5109000,1906000]",1797,15606000,17
12,37,5,"[486,859,767,1254,1871]","[1418000,2426000,2155000,3701000,5623000]",1871,15323000,31
12,38,5,"[1851,510,1185,917,1427]","[5310000,1376000,3416000,2520000,3998000]",1851,16620000,29
12,39,5,"[1259,307,1180,713,2024]","[3570000,853000,3338000,2032000,6039000]",2024,15832000,15
12,40,5,"[2042,419,825,1416,430]","[6140000,1194000,2418000,4130000,1231000]",2042,15113000,33
13,1,5,"[1300,634,614,2022,854]","[3623000,1835000,1774000,6130000,2479000]",2022,15841000,13
13,2,5,"[1100,652,957,1092,1624]","[3164000,1835000,2745000,3199000,4856000]",1624,15799000,41
13,3,5,"[911,1171,941,1644,849]","[2608000,3308000,2645000,4926000,2530000]",1644,16017000,25
13,4,5,"[1484,521,747,935,1475]","[4457000,1504000,2213000,2697000,4444000]",1484,15315000,29
13,5,5,"[1289,380,1002,1614,1278]","[3831000,1057000,2856000,4779000,3588000]",1614,16111000,35
13,6,5,"[1865,1215,571,611,1598]","[5256000,3486000,1670000,1726000,4559000]",1865,16697000,27
13,7,5,"[1282,870,1100,1773,484]","[3814000,2457000,3086000,5270000,1355000]",1773,15982000,13
13,8,5,"[1465,730,810,1671,1138]","[4177000,2127000,2260000,4613000,3422000]",1671,16599000,19
13,9,5,"[1289,441,369,2588,1152]","[3661000,1269000,1059000,7387000,3271000]",2588,16647000,19
13,10,5,"[1391,927,1378,699,1154]","[4178000,2619000,4073000,1994000,3244000]",1391,16108000,13
13,11,5,"[360,2021,1075,374,1461]","[1038000,6109000,3208000,1067000,4110000]",2021,15532000,21
13,12,5,"[1923,1101,358,1129,765]","[5745000,3203000,1052000,3306000,2193000]",1923,15499000,23
13,13,5,"[813,499,1917,1886,361]","[2353000,1463000,5763000,5353000,1012000]",1917,15944000,27
13,14,5,"[880,1318,2060,883,429]","[2357000,3773000,6209000,2540000,1244000]",2060,16123000,31
13,15,5,"[2136,668,435,520,2212]","[6012000,1903000,1247000,1459000,6280000]",2212,16901000,29
13,16,5,"[1480,934,467,1597,925]","[4432000,2666000,1279000,4744000,2675000]",1597,15796000,21
13,17,5,"[748,2071,679,1015,835]","[2150000,6230000,1958000,2894000,2430000]",2071,15662000,17
13,18,5,"[1925,1074,294,1225,671]","[5776000,3226000,855000,3581000,1917000]",1925,15355000,21
13,19,5,"[638,1830,517,1905,1032]","[1879000,5186000,1504000,5326000,2903000]",1905,16798000,9
13,20,5,"[645,1656,473,1607,1267]","[1968000,4645000,1375000,4723000,3553000]",1656,16264000,39
13,21,5,"[1079,538,376,2543,1408]","[2983000,1547000,1046000,7225000,4055000]",2543,16856000,11
13,22,5,"[351,632,2222,1189,930]","[1012000,1771000,6739000,3438000,2659000]",2222,15619000,13
13,23,5,"[659,796,1495,1002,1672]","[1852000,2301000,4202000,2937000,4933000]",1672,16225000,19
13,24,5,"[431,543,386,2846,831]","[1273000,1555000,1075000,8683000,2439000]",2846,15025000,23
13,25,5,"[676,897,1711,666,1729]","[1872000,2535000,5103000,1933000,4901000]",1729,16344000,19
13,26,5,"[404,1495,1485,485,1382]","[1166000,4465000,4388000,1378000,4063000]",1495,15460000,31
13,27,5,"[475,1416,2591,849,649]","[1402000,3969000,7295000,2401000,1844000]",2591,16911000,15
13,28,5,"[836,1261,1294,813,1263]","[2463000,3640000,3746000,2303000,3782000]",1294,15934000,19
13,29,5,"[513,1219,1248,1072,1256]","[1512000,3519000,3641000,3200000,3763000]",1256,15635000,43
13,30,5,"[2337,515,496,1208,1182]","[6597000,1453000,1488000,3490000,3400000]",2337,16428000,21
13,31,5,"[841,587,1305,1505,1478]","[2474000,1662000,3688000,4237000,4356000]",1505,16417000,15
13,32,5,"[797,1201,793,1948,613]","[2212000,3552000,2299000,5867000,1759000]",1948,15689000,25
13,33,5,"[1417,1415,496,1039,1357]","[4064000,4066000,1442000,2913000,3922000]",1417,16407000,21
13,34,5,"[949,914,1647,1048,942]","[2693000,2671000,4893000,3104000,2614000]",1647,15975000,27
13,35,5,"[632,1284,1081,398,2168]","[1774000,3559000,3076000,1165000,6511000]",2168,16085000,11
13,36,5,"[1047,2587,822,479,458]","[2899000,7909000,2315000,1346000,1261000]",2587,15730000,39
13,37,5,"[915,634,986,1533,1344]","[2593000,1775000,2794000,4591000,4022000]",1533,15775000,11
13,38,5,"[357,584,1644,979,2023]","[1016000,1578000,4658000,2794000,6089000]",2023,16135000,13
13,39,5,"[898,1630,896,754,1678]","[2603000,4600000,2535000,2139000,4782000]",1678,16659000,11
13,40,5,"[332,1163,1150,1763,1232]","[916000,3310000,3263000,5337000,3435000]",1763,16261000,39
14,1,5,"[348,3019,484,562,600]","[995000,9293000,1405000,1553000,1717000]",3019,14963000,17
14,2,5,"[797,809,569,2304,659]","[2284000,2383000,1672000,7011000,1938000]",2304,15288000,37
14,3,5,"[511,958,1618,2095,391]","[1448000,2765000,4509000,6300000,1090000]",2095,16112000,19
14,4,5,"[887,1330,989,1153,1486]","[2578000,3880000,2816000,3248000,4119000]",1486,16641000,15
14,5,5,"[667,1853,1253,1489,432]","[1890000,5571000,3529000,4121000,1263000]",1853,16374000,13
14,6,5,"[423,1187,1355,1702,837]","[1188000,3419000,3844000,5027000,2508000]",1702,15986000,23
14,7,5,"[893,1273,786,616,2330]","[2427000,3737000,2247000,1742000,6610000]",2330,16763000,17
14,8,5,"[1463,738,1806,928,596]","[4078000,2088000,5417000,2777000,1665000]",1806,16025000,15
14,9,5,"[720,2714,358,791,544]","[2043000,8329000,977000,2275000,1608000]",2714,15232000,15
14,10,5,"[770,529,587,2896,1002]","[2191000,1616000,1669000,8216000,2847000]",2896,16539000,17
14,11,5,"[1625,1327,732,356,1643]","[4818000,3770000,2130000,976000,4653000]",1643,16347000,11
14,12,5,"[460,1179,2263,1247,682]","[1244000,3427000,6464000,3607000,1880000]",2263,16622000,21
14,13,5,"[1285,732,1256,1334,628]","[3757000,2066000,3820000,3947000,1864000]",1334,15454000,25
14,14,5,"[2319,702,337,1238,978]","[6642000,2040000,1008000,3629000,2781000]",2319,16100000,45
14,15,5,"[318,518,3341,628,981]","[905000,1532000,9499000,1808000,2784000]",3341,16528000,19
14,16,5,"[993,1860,1300,306,922]","[2877000,5607000,3671000,837000,2750000]",1860,15742000,15
14,17,5,"[2576,432,994,468,607]","[7840000,1273000,2906000,1324000,1787000]",2576,15130000,55
14,18,5,"[650,549,1827,1296,1250]","[1825000,1572000,5529000,3602000,3568000]",1827,16096000,15
14,19,5,"[668,1599,830,1448,871]","[1879000,4869000,2424000,4096000,2534000]",1599,15802000,21
14,20,5,"[719,350,1172,1865,1252]","[2012000,1039000,3445000,5588000,3584000]",1865,15668000,15
14,21,5,"[1363,550,773,1765,958]","[3941000,1541000,2257000,5300000,2764000]",1765,15803000,27
14,22,5,"[391,951,1401,1335,1261]","[1170000,2739000,4115000,3976000,3653000]",1401,15653000,21
14,23,5,"[478,1214,1472,1411,851]","[1313000,3555000,4184000,4222000,2534000]",1472,15808000,17
14,24,5,"[1348,597,1289,2080,526]","[3742000,1686000,3700000,6008000,1500000]",2080,16636000,19
14,25,5,"[529,1924,1312,1134,388]","[1597000,5777000,3662000,3392000,1114000]",1924,15542000,21
14,26,5,"[1065,434,1416,482,2040]","[3042000,1210000,3995000,1444000,6147000]",2040,15838000,15
14,27,5,"[396,1533,1543,1313,1203]","[1107000,4391000,4346000,3763000,3318000]",1543,16925000,9
14,28,5,"[543,584,815,1613,1670]","[1617000,1570000,2329000,4915000,4989000]",1670,15420000,13
14,29,5,"[424,1978,443,288,2279]","[1190000,5591000,1282000,804000,6905000]",2279,15772000,15
14,30,5,"[1408,1300,1542,530,962]","[3898000,3671000,4644000,1564000,2703000]",1542,16480000,11
14,31,5,"[549,1045,466,2486,533]","[1579000,3074000,1352000,7590000,1513000]",2486,15108000,15
14,32,5,"[2246,563,1101,540,966]","[6805000,1600000,3123000,1492000,2769000]",2246,15789000,11
14,33,5,"[1074,1381,1520,1009,596]","[3150000,3989000,4357000,2912000,1747000]",1520,16155000,25
14,34,5,"[485,1046,1048,2041,739]","[1441000,2980000,3041000,6173000,2084000]",2041,15719000,43
14,35,5,"[1141,1175,882,1156,1126]","[3349000,3484000,2580000,3206000,3325000]",1175,15944000,21
14,36,5,"[2088,550,1033,993,476]","[6386000,1586000,3104000,2766000,1399000]",2088,15241000,43
14,37,5,"[1331,983,575,1506,1081]","[3868000,2809000,1603000,4559000,3072000]",1506,15911000,25
14,38,5,"[775,2101,333,1266,757]","[2234000,6363000,957000,3537000,2313000]",2101,15404000,13
14,39,5,"[537,1132,1549,454,1451]","[1556000,3361000,4625000,1304000,4366000]",1549,15212000,33
14,40,5,"[699,659,2371,699,704]","[2052000,1918000,7175000,1989000,2090000]",2371,15224000,19
15,1,5,"[1216,1572,856,1543,398]","[3383000,4518000,2420000,4626000,1150000]",1572,16097000,19
15,2,5,"[820,1491,1404,585,1301]","[2402000,4419000,3891000,1712000,3715000]",1491,16139000,15
15,3,5,"[720,841,556,518,2512]","[2045000,2411000,1598000,1501000,7687000]",2512,15242000,25
15,4,5,"[674,908,536,434,2671]","[1945000,2567000,1524000,1264000,8084000]",2671,15384000,19
15,5,5,"[851,1426,1166,714,1363]","[2439000,4205000,3325000,1990000,4046000]",1426,16005000,19
15,6,5,"[1252,1244,980,1374,687]","[3573000,3619000,2749000,4086000,2012000]",1374,16039000,23
15,7,5,"[378,1245,648,1135,2253]","[1133000,3504000,1871000,3292000,6450000]",2253,16250000,13
15,8,5,"[600,1359,966,1894,1028]","[1749000,3754000,2805000,5438000,2915000]",1894,16661000,23
15,9,5,"[558,1459,1537,1298,876]","[1556000,4158000,4622000,3680000,2436000]",1537,16452000,17
15,10,5,"[657,1124,1410,1025,1307]","[1863000,3241000,4155000,2985000,3803000]",1410,16047000,33
15,11,5,"[1156,320,2627,492,490]","[3418000,925000,7949000,1465000,1385000]",2627,15142000,23
15,12,5,"[1227,321,1008,1384,1645]","[3574000,918000,2884000,3872000,4868000]",1645,16116000,29
15,13,5,"[456,524,1292,1384,1962]","[1284000,1438000,3651000,3888000,5916000]",1962,16177000,35
15,14,5,"[474,1556,1072,480,1709]","[1352000,4612000,3044000,1410000,5104000]",1709,15522000,33
15,15,5,"[1100,844,2087,657,712]","[3119000,2387000,6355000,1882000,2041000]",2087,15784000,23
15,16,5,"[817,628,1377,1300,1269]","[2330000,1862000,3981000,3812000,3737000]",1377,15722000,17
15,17,5,"[1735,609,544,2015,505]","[4977000,1791000,1492000,6034000,1461000]",2015,15755000,13
15,18,5,"[759,585,1589,1047,1421]","[2189000,1725000,4678000,3035000,4138000]",1589,15765000,31
15,19,5,"[1090,671,2091,745,719]","[3148000,1929000,6264000,2234000,2050000]",2091,15625000,27
15,20,5,"[1240,594,1247,943,1657]","[3463000,1613000,3622000,2656000,4949000]",1657,16303000,21
15,21,5,"[526,486,907,1109,2849]","[1496000,1355000,2557000,3271000,8032000]",2849,16711000,15
15,22,5,"[1498,1205,1248,1531,456]","[4277000,3383000,3630000,4258000,1293000]",1531,16841000,21
15,23,5,"[1114,1627,854,1033,900]","[3231000,4840000,2437000,2923000,2553000]",1627,15984000,33
15,24,5,"[1132,630,1172,416,1877]","[3308000,1860000,3478000,1165000,5614000]",1877,15425000,49
15,25,5,"[1157,736,1814,1045,822]","[3280000,2081000,5413000,3037000,2291000]",1814,16102000,27
15,26,5,"[3231,584,233,1205,314]","[9195000,1801000,688000,3496000,909000]",3231,16089000,25
15,27,5,"[508,1590,1049,1624,990]","[1428000,4677000,3063000,4550000,2768000]",1624,16486000,11
15,28,5,"[803,487,2090,1094,1280]","[2301000,1322000,5932000,3189000,3712000]",2090,16456000,39
15,29,5,"[590,1017,434,1250,2775]","[1618000,2871000,1213000,3511000,7867000]",2775,17080000,13
15,30,5,"[1133,1228,811,1000,1324]","[3142000,3478000,2445000,2987000,3888000]",1324,15940000,29
15,31,5,"[454,774,283,2444,1556]","[1304000,2189000,764000,7364000,4344000]",2444,15965000,11
15,32,5,"[1929,1737,347,1033,652]","[5798000,4887000,958000,2943000,1759000]",1929,16345000,13
15,33,5,"[750,1540,949,1747,735]","[2104000,4332000,2644000,5239000,2094000]",1747,16413000,23
15,34,5,"[760,1321,1657,624,1299]","[2153000,3736000,4952000,1750000,3681000]",1657,16272000,27
15,35,5,"[515,2251,662,585,1331]","[1513000,6815000,1925000,1711000,3687000]",2251,15651000,41
15,36,5,"[2015,500,629,1959,536]","[5697000,1396000,1765000,5904000,1479000]",2015,16241000,19
15,37,5,"[1366,1242,1116,821,1141]","[4070000,3491000,3254000,2320000,3171000]",1366,16306000,21
15,38,5,"[1079,332,789,481,2580]","[3024000,913000,2337000,1379000,7807000]",2580,15460000,21
15,39,5,"[1192,1417,635,682,1449]","[3517000,4241000,1834000,1995000,4122000]",1449,15709000,25
15,40,5,"[558,1247,1377,1363,1272]","[1584000,3495000,4011000,3890000,3589000]",1377,16569000,29
16,1,5,"[544,2020,1349,418,1003]","[1502000,6095000,3948000,1180000,2961000]",2020,15686000,25
16,2,5,"[614,1188,741,1861,913]","[1734000,3548000,2156000,5615000,2565000]",1861,15618000,29
16,3,5,"[1664,622,1074,764,1308]","[5012000,1712000,3177000,2173000,3831000]",1664,15905000,41
16,4,5,"[1446,1881,790,822,706]","[4232000,5428000,2311000,2318000,1964000]",1881,16253000,25
16,5,5,"[1343,1108,697,1385,1415]","[3927000,3152000,1965000,3882000,3965000]",1415,16891000,21
16,6,5,"[889,402,1069,1580,1512]","[2511000,1152000,3047000,4712000,4485000]",1580,15907000,21
16,7,5,"[528,2376,1128,1088,967]","[1469000,6700000,3158000,3098000,2727000]",2376,17152000,11
16,8,5,"[942,583,781,1643,1494]","[2760000,1691000,2335000,4861000,4253000]",1643,15900000,21
16,9,5,"[588,830,1247,733,2107]","[1695000,2485000,3451000,2042000,6353000]",2107,16026000,17
16,10,5,"[602,548,1494,662,1929]","[1756000,1555000,4463000,1899000,5797000]",1929,15470000,23
16,11,5,"[912,696,1489,786,1645]","[2702000,1938000,4152000,2331000,4924000]",1645,16047000,23
16,12,5,"[1131,811,1525,693,1503]","[3130000,2366000,4333000,2001000,4500000]",1525,16330000,21
16,13,5,"[938,1225,673,1457,1198]","[2694000,3636000,1953000,4316000,3386000]",1457,15985000,13
16,14,5,"[831,1670,1090,1103,789]","[2469000,5053000,3110000,3078000,2269000]",1670,15979000,41
16,15,5,"[528,517,827,2266,1827]","[1444000,1454000,2345000,6435000,5261000]",2266,16939000,19
16,16,5,"[984,834,2131,977,477]","[2838000,2370000,6444000,2791000,1374000]",2131,15817000,11
16,17,5,"[962,2215,528,879,1022]","[2650000,6691000,1429000,2492000,2959000]",2215,16221000,9
16,18,5,"[1905,1581,633,678,716]","[5752000,4533000,1784000,1933000,2020000]",1905,16022000,9
16,19,5,"[1528,813,1012,792,1530]","[4378000,2283000,2833000,2335000,4525000]",1530,16354000,13
16,20,5,"[2234,721,777,461,1114]","[6829000,2049000,2194000,1345000,3240000]",2234,15657000,25
16,21,5,"[1035,2733,383,432,434]","[3095000,8394000,1077000,1200000,1261000]",2733,15027000,25
16,22,5,"[2859,1798,284,754,469]","[7970000,5049000,798000,2177000,1328000]",2859,17322000,11
16,23,5,"[457,453,1428,1843,1558]","[1327000,1314000,4140000,5206000,4484000]",1843,16471000,15
16,24,5,"[2012,1064,600,1045,1014]","[5698000,3109000,1724000,2973000,2973000]",2012,16477000,39
16,25,5,"[1977,713,531,693,1684]","[5994000,2027000,1539000,1929000,4685000]",1977,16174000,15
16,26,5,"[1478,975,1343,432,1331]","[4366000,2758000,3794000,1224000,3980000]",1478,16122000,21
16,27,5,"[636,667,2128,1313,651]","[1851000,1871000,6460000,3796000,1815000]",2128,15793000,35
16,28,5,"[1167,1579,530,1298,1192]","[3295000,4669000,1534000,3660000,3410000]",1579,16568000,15
16,29,5,"[798,962,2228,701,1258]","[2275000,2785000,6226000,2037000,3574000]",2228,16897000,39
16,30,5,"[928,500,816,1703,1617]","[2758000,1426000,2231000,4820000,4877000]",1703,16112000,19
16,31,5,"[1084,262,1726,1652,1014]","[3014000,734000,4847000,4921000,2954000]",1726,16470000,23
16,32,5,"[1232,875,920,720,2144]","[3548000,2464000,2545000,2078000,6147000]",2144,16782000,21
16,33,5,"[1071,1540,1545,419,898]","[3091000,4403000,4611000,1237000,2624000]",1545,15966000,35
16,34,5,"[1913,515,492,1026,1621]","[5788000,1413000,1410000,2925000,4598000]",1913,16134000,31
16,35,5,"[747,1617,1394,1233,826]","[2112000,4852000,4000000,3373000,2281000]",1617,16618000,27
16,36,5,"[800,1696,894,1780,545]","[2219000,5050000,2521000,5054000,1558000]",1780,16402000,11
16,37,5,"[923,1205,1047,1753,680]","[2599000,3559000,2864000,5218000,1971000]",1753,16211000,21
16,38,5,"[1241,1216,999,1247,1203]","[3538000,3478000,2765000,3502000,3544000]",1247,16827000,15
16,39,5,"[829,1503,546,988,2076]","[2295000,4353000,1565000,2707000,5970000]",2076,16890000,33
16,40,5,"[981,2987,656,843,586]","[2795000,8398000,1903000,2355000,1661000]",2987,17112000,7
17,1,5,"[975,583,3153,590,915]","[2720000,1631000,8795000,1763000,2547000]",3153,17456000,33
17,2,5,"[476,936,2116,622,1201]","[1360000,2757000,6352000,1786000,3473000]",2116,15728000,37
17,3,5,"[743,1283,582,374,2350]","[2136000,3730000,1683000,1051000,7104000]",2350,15704000,29
17,4,5,"[694,799,1015,2182,831]","[1997000,2303000,2826000,6648000,2298000]",2182,16072000,33
17,5,5,"[592,2183,406,1036,1179]","[1719000,6618000,1129000,2978000,3421000]",2183,15865000,21
17,6,5,"[2007,952,706,259,1404]","[6061000,2720000,2039000,737000,4169000]",2007,15726000,15
17,7,5,"[541,855,1366,1394,1854]","[1565000,2457000,3868000,3979000,5211000]",1854,17080000,19
17,8,5,"[1116,1019,2191,507,518]","[3285000,2925000,6562000,1409000,1555000]",2191,15736000,29
17,9,5,"[1094,436,867,1584,2048]","[3106000,1262000,2424000,4404000,5921000]",2048,17117000,15
17,10,5,"[639,1479,2225,822,437]","[1800000,4065000,6770000,2334000,1273000]",2225,16242000,11
17,11,5,"[1539,1505,1065,950,440]","[4603000,4256000,3151000,2745000,1260000]",1539,16015000,27
17,12,5,"[411,1931,674,707,1865]","[1199000,5815000,1939000,2018000,5251000]",1931,16222000,45
17,13,5,"[1495,2874,424,496,808]","[4218000,8145000,1157000,1430000,2294000]",2874,17244000,23
17,14,5,"[1349,726,1275,1342,1287]","[3821000,2064000,3663000,3823000,3620000]",1349,16991000,13
17,15,5,"[1764,309,1418,1332,714]","[5266000,871000,4083000,3791000,2097000]",1764,16108000,15
17,16,5,"[2144,419,1262,1205,1085]","[6105000,1204000,3580000,3325000,3053000]",2144,17267000,17
17,17,5,"[1931,804,1405,687,982]","[5552000,2313000,3939000,2121000,2741000]",1931,16666000,27
17,18,5,"[506,2418,813,1140,430]","[1504000,7347000,2367000,3238000,1217000]",2418,15673000,27
17,19,5,"[890,1161,1640,2036,413]","[2564000,3273000,4671000,5670000,1134000]",2036,17312000,11
17,20,5,"[559,560,1637,439,2233]","[1621000,1627000,4612000,1274000,6755000]",2233,15889000,43
17,21,5,"[747,2351,453,1203,429]","[2237000,7044000,1291000,3605000,1216000]",2351,15393000,29
17,22,5,"[829,1389,967,1173,1433]","[2333000,4150000,2679000,3474000,4024000]",1433,16660000,21
17,23,5,"[681,831,1723,1419,1220]","[1905000,2431000,4858000,3963000,3624000]",1723,16781000,19
17,24,5,"[451,2283,1755,461,454]","[1291000,6884000,5064000,1278000,1334000]",2283,15851000,23
17,25,5,"[1604,505,331,2488,385]","[4528000,1476000,974000,7588000,1088000]",2488,15654000,19
17,26,5,"[1002,2288,684,690,679]","[2975000,6923000,1963000,1966000,1909000]",2288,15736000,27
17,27,5,"[949,2082,913,1041,381]","[2720000,6221000,2626000,3066000,1158000]",2082,15791000,33
17,28,5,"[829,1433,2069,663,879]","[2434000,4203000,5876000,1826000,2454000]",2069,16793000,23
17,29,5,"[382,1419,1468,1454,1292]","[1102000,4146000,4085000,4156000,3592000]",1468,17081000,15
17,30,5,"[550,853,708,541,2684]","[1577000,2384000,2061000,1544000,8152000]",2684,15718000,31
17,31,5,"[916,672,521,2131,1175]","[2607000,1848000,1532000,6398000,3472000]",2131,15857000,17
17,32,5,"[1841,517,632,1512,1305]","[5314000,1487000,1780000,4193000,3897000]",1841,16671000,23
17,33,5,"[1409,494,848,1140,2235]","[3909000,1411000,2414000,3231000,6339000]",2235,17304000,39
17,34,5,"[408,436,490,645,3103]","[1214000,1212000,1436000,1829000,9512000]",3103,15203000,37
17,35,5,"[616,890,1670,1593,764]","[1700000,2543000,4911000,4791000,2224000]",1670,16169000,39
17,36,5,"[1733,689,711,615,1745]","[4918000,2092000,1964000,1803000,5236000]",1745,16013000,27
17,37,5,"[461,2001,393,1390,1241]","[1366000,5997000,1143000,3983000,3499000]",2001,15988000,15
17,38,5,"[1649,523,1760,1109,715]","[4686000,1520000,5248000,3089000,2018000]",1760,16561000,19
17,39,5,"[1233,1620,995,1527,611]","[3726000,4558000,2773000,4272000,1705000]",1620,17034000,17
17,40,5,"[1118,1291,362,1911,832]","[3224000,3800000,1009000,5687000,2349000]",1911,16069000,11
18,1,5,"[450,1907,864,978,1162]","[1331000,5746000,2523000,2808000,3308000]",1907,15716000,29
18,2,5,"[934,1177,1226,391,1729]","[2716000,3416000,3498000,1105000,5177000]",1729,15912000,15
18,3,5,"[835,599,1936,1434,706]","[2438000,1717000,5788000,4083000,1988000]",1936,16014000,31
18,4,5,"[461,1920,1333,862,1036]","[1270000,5759000,3802000,2447000,2933000]",1920,16211000,21
18,5,5,"[1879,737,944,1752,414]","[5213000,2059000,2752000,5235000,1182000]",1879,16441000,23
18,6,5,"[440,806,1219,1762,1435]","[1264000,2235000,3425000,5309000,4087000]",1762,16320000,13
18,7,5,"[907,2333,793,461,1427]","[2611000,6465000,2320000,1336000,4067000]",2333,16799000,33
18,8,5,"[1512,318,754,872,1804]","[4529000,868000,2099000,2572000,5418000]",1804,15486000,35
18,9,5,"[502,1020,911,1564,1713]","[1430000,2913000,2577000,4620000,4850000]",1713,16390000,33
18,10,5,"[1606,412,1431,402,1780]","[4486000,1186000,4050000,1200000,5301000]",1780,16223000,37
18,11,5,"[914,1494,847,1774,598]","[2573000,4247000,2393000,5263000,1741000]",1774,16217000,19
18,12,5,"[564,1653,1820,818,560]","[1618000,4910000,5394000,2285000,1591000]",1820,15798000,31
18,13,5,"[1138,1414,1179,692,1146]","[3407000,4176000,3380000,2002000,3189000]",1414,16154000,29
18,14,5,"[1592,1110,836,594,1397]","[4777000,3169000,2455000,1628000,3985000]",1592,16014000,15
18,15,5,"[720,472,385,1855,2179]","[2094000,1436000,1113000,5545000,6016000]",2179,16204000,17
18,16,5,"[2103,745,993,325,1367]","[6378000,2116000,2784000,903000,3865000]",2103,16046000,15
18,17,5,"[665,1117,1064,971,2196]","[1912000,3205000,2986000,2824000,6078000]",2196,17005000,15
18,18,5,"[1024,951,1797,960,1177]","[2979000,2638000,5133000,2737000,3317000]",1797,16804000,33
18,19,5,"[869,1442,1172,689,1231]","[2427000,4269000,3455000,1994000,3662000]",1442,15807000,21
18,20,5,"[586,1448,767,1857,488]","[1665000,4300000,2288000,5647000,1357000]",1857,15257000,27
18,21,5,"[591,500,1111,1883,1368]","[1728000,1368000,3092000,5674000,4043000]",1883,15905000,25
18,22,5,"[492,1568,452,1518,1527]","[1434000,4450000,1309000,4492000,4420000]",1568,16105000,33
18,23,5,"[1940,1572,523,628,1083]","[5488000,4665000,1469000,1787000,3052000]",1940,16461000,33
18,24,5,"[563,646,774,2315,1009]","[1628000,1865000,2265000,6987000,2840000]",2315,15585000,19
18,25,5,"[498,517,1696,1567,1708]","[1470000,1480000,4918000,4378000,4690000]",1708,16936000,25
18,26,5,"[674,758,478,1841,2059]","[1996000,2166000,1316000,5196000,5928000]",2059,16602000,27
18,27,5,"[831,2610,895,386,425]","[2355000,8050000,2634000,1076000,1167000]",2610,15282000,15
18,28,5,"[654,1046,2315,535,826]","[1863000,2906000,7063000,1525000,2384000]",2315,15741000,9
18,29,5,"[755,1223,1501,435,1618]","[2096000,3664000,4225000,1245000,4818000]",1618,16048000,11
18,30,5,"[2610,604,804,774,1280]","[7290000,1766000,2250000,2145000,3698000]",2610,17149000,21
18,31,5,"[1301,1513,282,771,1698]","[3747000,4276000,795000,2255000,5026000]",1698,16099000,17
18,32,5,"[461,2067,410,1015,2011]","[1283000,5897000,1156000,2822000,5752000]",2067,16910000,43
18,33,5,"[595,1112,1917,1293,1039]","[1616000,3239000,5404000,3617000,3031000]",1917,16907000,33
18,34,5,"[671,1199,1095,663,1857]","[1909000,3302000,3231000,1938000,5586000]",1857,15966000,23
18,35,5,"[668,580,600,2719,612]","[1951000,1649000,1740000,8276000,1731000]",2719,15347000,45
18,36,5,"[802,1513,1043,364,1695]","[2298000,4310000,3106000,1088000,5029000]",1695,15831000,33
18,37,5,"[1756,1006,578,498,1737]","[4844000,3026000,1645000,1407000,5229000]",1756,16151000,17
18,38,5,"[2911,706,1257,543,557]","[8132000,2018000,3612000,1563000,1609000]",2911,16934000,35
18,39,5,"[397,1000,690,1759,1496]","[1135000,2827000,2115000,5227000,4386000]",1759,15690000,31
18,40,5,"[2312,1414,1247,590,466]","[6558000,3999000,3445000,1690000,1346000]",2312,17038000,43
19,1,5,"[702,1050,391,1684,1526]","[2002000,3049000,1085000,5016000,4540000]",1684,15692000,25
19,2,5,"[756,1566,1535,408,1382]","[2067000,4705000,4428000,1169000,3912000]",1566,16281000,15
19,3,5,"[2081,786,444,1836,857]","[5890000,2277000,1251000,5163000,2425000]",2081,17006000,11
19,4,5,"[628,609,848,2396,801]","[1808000,1734000,2398000,7258000,2340000]",2396,15538000,31
19,5,5,"[1834,919,1259,1324,661]","[5172000,2627000,3613000,3706000,1868000]",1834,16986000,21
19,6,5,"[378,1553,1226,667,2075]","[1056000,4419000,3595000,1865000,5855000]",2075,16790000,15
19,7,5,"[665,1397,542,1271,1832]","[1978000,3880000,1546000,3504000,5487000]",1832,16395000,27
19,8,5,"[930,1082,1600,498,1636]","[2623000,3014000,4526000,1395000,4931000]",1636,16489000,7
19,9,5,"[813,324,1188,1324,2207]","[2314000,891000,3327000,3885000,6273000]",2207,16690000,9
19,10,5,"[1291,723,629,2553,533]","[3734000,2053000,1842000,7302000,1513000]",2553,16444000,27
19,11,5,"[465,1016,547,1886,1408]","[1313000,2989000,1666000,5673000,4034000]",1886,15675000,23
19,12,5,"[1830,562,1118,1639,476]","[5489000,1606000,3195000,4590000,1348000]",1830,16228000,19
19,13,5,"[3323,418,399,391,373]","[10249000,1200000,1148000,1100000,1085000]",3323,14782000,15
19,14,5,"[665,979,1522,698,1525]","[1923000,2798000,4537000,1990000,4509000]",1525,15757000,13
19,15,5,"[302,479,1545,1746,1200]","[841000,1337000,4572000,5241000,3567000]",1746,15558000,39
19,16,5,"[656,592,456,2293,1291]","[1813000,1745000,1302000,7004000,3688000]",2293,15552000,15
19,17,5,"[1706,1707,1117,1195,421]","[4818000,4815000,3032000,3398000,1193000]",1707,17256000,5
19,18,5,"[1124,352,1034,1135,1749]","[3160000,1001000,3030000,3350000,5246000]",1749,15787000,29
19,19,5,"[1136,952,934,496,1908]","[3151000,2737000,2745000,1433000,5795000]",1908,15861000,39
19,20,5,"[663,2261,710,697,971]","[1855000,6889000,2060000,2013000,2767000]",2261,15584000,19
19,21,5,"[878,772,1196,1492,1503]","[2449000,2235000,3410000,4267000,4299000]",1503,16660000,15
19,22,5,"[465,509,646,3344,1006]","[1326000,1418000,1954000,9416000,2818000]",3344,16932000,29
19,23,5,"[561,1954,726,1676,634]","[1589000,5565000,2115000,5044000,1782000]",1954,16095000,27
19,24,5,"[626,1846,1336,1313,390]","[1805000,5549000,3813000,3696000,1125000]",1846,15988000,11
19,25,5,"[2305,933,689,492,1094]","[7001000,2629000,1935000,1425000,3018000]",2305,16008000,31
19,26,5,"[1133,630,1603,1484,697]","[3304000,1833000,4532000,4420000,2001000]",1603,16090000,15
19,27,5,"[2790,455,838,1263,488]","[7980000,1297000,2425000,3552000,1396000]",2790,16650000,11
19,28,5,"[1540,759,1503,391,1421]","[4670000,2156000,4303000,1123000,3950000]",1540,16202000,9
19,29,5,"[907,1533,710,508,2340]","[2567000,4292000,1981000,1415000,6750000]",2340,17005000,37
19,30,5,"[1501,502,730,1767,1569]","[4250000,1403000,2041000,5030000,4387000]",1767,17111000,15
19,31,5,"[1369,1247,706,558,1481]","[4040000,3570000,2058000,1612000,4429000]",1481,15709000,25
19,32,5,"[1167,758,1382,973,1176]","[3289000,2255000,4102000,2695000,3568000]",1382,15909000,37
19,33,5,"[942,605,443,2876,366]","[2639000,1757000,1267000,8752000,1035000]",2876,15450000,27
19,34,5,"[830,1278,1672,394,1525]","[2403000,3621000,4971000,1150000,4217000]",1672,16362000,29
19,35,5,"[1025,1131,1085,781,1543]","[2975000,3163000,3169000,2250000,4589000]",1543,16146000,21
19,36,5,"[1338,842,1175,794,1362]","[3919000,2446000,3338000,2360000,3975000]",1362,16038000,33
19,37,5,"[1845,778,704,630,1918]","[5213000,2219000,2019000,1806000,5485000]",1918,16742000,27
19,38,5,"[593,2379,1046,568,733]","[1717000,7215000,3022000,1574000,2116000]",2379,15644000,31
19,39,5,"[1169,867,1551,1170,768]","[3382000,2519000,4398000,3443000,2295000]",1551,16037000,17
19,40,5,"[949,809,1100,554,2308]","[2702000,2325000,3250000,1552000,6593000]",2308,16422000,23
20,1,5,"[392,1115,576,1493,1591]","[1126000,3280000,1644000,4448000,4748000]",1591,15246000,33
20,2,5,"[1428,1563,427,1127,659]","[4222000,4704000,1151000,3283000,1966000]",1563,15326000,29
20,3,5,"[1097,354,1120,1173,1602]","[3173000,978000,3350000,3259000,4799000]",1602,15559000,39
20,4,5,"[1063,1388,1702,737,509]","[3132000,4001000,5049000,2092000,1413000]",1702,15687000,25
20,5,5,"[601,1732,573,1940,382]","[1722000,5155000,1582000,5794000,1079000]",1940,15332000,19
20,6,5,"[417,1796,1672,1102,799]","[1227000,5080000,4738000,3146000,2255000]",1796,16446000,13
20,7,5,"[1325,954,1698,857,755]","[3715000,2714000,5095000,2446000,2094000]",1698,16064000,21
20,8,5,"[1942,488,1359,625,854]","[5827000,1407000,4031000,1760000,2389000]",1942,15414000,21
20,9,5,"[686,554,599,2059,1156]","[2018000,1623000,1773000,6196000,3367000]",2059,14977000,33
20,10,5,"[1812,792,1083,1492,533]","[5109000,2303000,3137000,4249000,1528000]",1812,16326000,33
20,11,5,"[1604,1587,621,850,815]","[4527000,4755000,1772000,2330000,2422000]",1604,15806000,31
20,12,5,"[1504,1430,322,1279,609]","[4491000,4221000,902000,3793000,1773000]",1504,15180000,23
20,13,5,"[267,1367,1178,2241,943]","[735000,3880000,3302000,6274000,2684000]",2241,16875000,35
20,14,5,"[1004,584,693,744,2157]","[2917000,1668000,2004000,2193000,6479000]",2157,15261000,29
20,15,5,"[774,1217,467,2351,438]","[2316000,3342000,1342000,7105000,1266000]",2351,15371000,13
20,16,5,"[1420,1412,294,1418,709]","[4191000,4253000,852000,4132000,2021000]",1420,15449000,43
20,17,5,"[1491,938,1410,460,1091]","[4535000,2688000,3972000,1304000,3141000]",1491,15640000,13
20,18,5,"[848,2109,1191,559,637]","[2437000,6381000,3326000,1598000,1824000]",2109,15566000,13
20,19,5,"[499,601,1003,351,3343]","[1465000,1703000,2863000,951000,9473000]",3343,16455000,13
20,20,5,"[451,1345,2733,518,825]","[1313000,3899000,7562000,1460000,2389000]",2733,16623000,33
20,21,5,"[861,505,1344,2012,792]","[2372000,1427000,3845000,5992000,2266000]",2012,15902000,19
20,22,5,"[963,1176,1391,1058,1337]","[2724000,3296000,3959000,3004000,3781000]",1391,16764000,25
20,23,5,"[1340,1476,453,1095,1590]","[3762000,4186000,1295000,3014000,4530000]",1590,16787000,15
20,24,5,"[1619,1331,1321,651,444]","[4832000,3932000,3668000,1883000,1283000]",1619,15598000,31
20,25,5,"[1367,776,1290,1383,780]","[3826000,2137000,3822000,4083000,2224000]",1383,16092000,17
20,26,5,"[1081,1014,1038,1143,1369]","[3065000,2921000,2880000,3315000,3989000]",1369,16170000,15
20,27,5,"[544,1615,1834,638,818]","[1516000,4785000,5215000,1915000,2355000]",1834,15786000,47
20,28,5,"[822,2563,612,1193,510]","[2486000,7232000,1741000,3405000,1452000]",2563,16316000,27
20,29,5,"[2737,793,513,524,434]","[8342000,2279000,1441000,1543000,1266000]",2737,14871000,37
20,30,5,"[805,1027,2011,519,1008]","[2346000,2830000,6092000,1432000,2907000]",2011,15607000,19
20,31,5,"[817,484,1643,1843,457]","[2306000,1364000,4905000,5479000,1298000]",1843,15352000,31
20,32,5,"[531,378,1951,1129,1210]","[1471000,1047000,5940000,3225000,3586000]",1951,15269000,21
20,33,5,"[678,1512,710,613,1761]","[1875000,4463000,2088000,1733000,5277000]",1761,15436000,19
20,34,5,"[533,532,1540,1541,1176]","[1498000,1556000,4549000,4627000,3304000]",1541,15534000,15
20,35,5,"[657,2467,612,1016,472]","[1888000,7492000,1707000,2923000,1345000]",2467,15355000,31
20,36,5,"[624,1792,492,1157,1288]","[1838000,5402000,1440000,3223000,3666000]",1792,15569000,33
20,37,5,"[610,355,2332,1007,942]","[1728000,1049000,7042000,2899000,2652000]",2332,15370000,17
20,38,5,"[672,1824,521,1136,1605]","[1864000,5046000,1528000,3208000,4768000]",1824,16414000,11
20,39,5,"[1043,889,975,674,2198]","[3031000,2551000,2724000,1981000,6138000]",2198,16425000,15
20,40,5,"[679,436,422,1623,2057]","[1948000,1213000,1202000,4775000,6179000]",2057,15317000,13
21,1,5,"[1404,2060,1082,569,964]","[3956000,5731000,3091000,1573000,2705000]",2060,17056000,15
21,2,5,"[748,1089,1782,970,864]","[2132000,3071000,5330000,2744000,2516000]",1782,15793000,17
21,3,5,"[1100,1392,588,903,1514]","[3084000,4110000,1667000,2615000,4440000]",1514,15916000,31
21,4,5,"[1334,1388,710,1385,973]","[3612000,3943000,1998000,4078000,2852000]",1388,16483000,15
21,5,5,"[1131,1548,642,1560,687]","[3273000,4259000,1874000,4634000,2020000]",1560,16060000,19
21,6,5,"[332,1494,1477,967,1109]","[919000,4461000,4403000,2672000,3233000]",1494,15688000,15
21,7,5,"[1470,846,902,1434,749]","[4380000,2352000,2626000,4250000,2104000]",1470,15712000,45
21,8,5,"[1535,1499,620,1404,653]","[4302000,4312000,1735000,4096000,1854000]",1535,16299000,13
21,9,5,"[2303,443,1035,626,921]","[6952000,1366000,2949000,1732000,2549000]",2303,15548000,9
21,10,5,"[1343,341,1322,1244,1231]","[3937000,971000,3921000,3580000,3454000]",1343,15863000,17
21,11,5,"[1236,1012,1200,1217,1068]","[3668000,2869000,3462000,3394000,2989000]",1236,16382000,15
21,12,5,"[1358,684,697,1468,1188]","[4014000,2037000,1967000,4212000,3473000]",1468,15703000,45
21,13,5,"[1413,430,2771,611,589]","[4027000,1229000,7828000,1756000,1682000]",2771,16522000,17
21,14,5,"[852,511,1129,2169,451]","[2535000,1462000,3315000,6521000,1284000]",2169,15117000,31
21,15,5,"[1660,672,1512,335,1095]","[4979000,1887000,4553000,904000,3142000]",1660,15465000,31
21,16,5,"[811,1938,393,896,1229]","[2350000,5784000,1101000,2632000,3565000]",1938,15432000,21
21,17,5,"[523,598,1563,1794,802]","[1481000,1673000,4662000,5370000,2297000]",1794,15483000,15
21,18,5,"[747,1443,963,758,1628]","[2152000,4050000,2840000,2125000,4832000]",1628,15999000,23
21,19,5,"[1786,765,1275,596,838]","[5339000,2259000,3746000,1690000,2385000]",1786,15419000,29
21,20,5,"[1517,677,390,2010,622]","[4471000,1978000,1112000,6046000,1739000]",2010,15346000,33
21,21,5,"[1056,409,1142,1538,1536]","[3003000,1187000,3163000,4497000,4389000]",1538,16239000,13
21,22,5,"[921,607,1391,870,1444]","[2763000,1778000,4069000,2541000,4275000]",1444,15426000,47
21,23,5,"[1370,680,1781,652,744]","[4094000,1952000,5299000,1894000,2128000]",1781,15367000,23
21,24,5,"[3013,493,750,289,421]","[9203000,1346000,2226000,803000,1246000]",3013,14824000,33
21,25,5,"[402,650,713,2702,619]","[1125000,1900000,2077000,8218000,1732000]",2702,15052000,21
21,26,5,"[1192,397,785,1587,1675]","[3369000,1124000,2245000,4435000,5024000]",1675,16197000,19
21,27,5,"[533,1893,1896,365,680]","[1548000,5370000,5706000,1036000,1981000]",1896,15641000,37
21,28,5,"[399,1675,2030,1202,507]","[1158000,4679000,5728000,3553000,1431000]",2030,16549000,11
21,29,5,"[734,599,1984,1837,305]","[2112000,1726000,5942000,5189000,832000]",1984,15801000,29
21,30,5,"[801,921,2010,738,937]","[2317000,2574000,6036000,2150000,2637000]",2010,15714000,29
21,31,5,"[786,716,635,1321,1982]","[2148000,2129000,1798000,3726000,5960000]",1982,15761000,47
21,32,5,"[2056,1810,673,634,670]","[5858000,5064000,1937000,1828000,1907000]",2056,16594000,15
21,33,5,"[469,783,1087,413,3304]","[1349000,2214000,3011000,1159000,9287000]",3304,17020000,13
21,34,5,"[1072,745,592,1952,867]","[3098000,2162000,1699000,5852000,2525000]",1952,15336000,39
21,35,5,"[795,647,410,2693,457]","[2286000,1928000,1159000,8210000,1319000]",2693,14902000,37
21,36,5,"[947,776,2596,364,433]","[2695000,2272000,7877000,1055000,1241000]",2596,15140000,25
21,37,5,"[687,567,2018,413,1704]","[2004000,1648000,6073000,1161000,4827000]",2018,15713000,21
21,38,5,"[2666,476,436,619,900]","[8132000,1392000,1241000,1748000,2584000]",2666,15097000,25
21,39,5,"[761,1472,822,1910,992]","[2203000,4174000,2301000,5366000,2761000]",1910,16805000,25
21,40,5,"[1412,1511,1028,633,623]","[4170000,4421000,3075000,1854000,1809000]",1511,15329000,53
22,1,5,"[880,787,562,2574,452]","[2597000,2304000,1594000,7794000,1261000]",2574,15550000,51
22,2,5,"[1207,729,961,1602,972]","[3597000,2061000,2814000,4787000,2762000]",1602,16021000,25
22,3,5,"[1033,1817,298,1240,1339]","[2954000,5143000,830000,3570000,3996000]",1817,16493000,21
22,4,5,"[1633,538,1006,1791,688]","[4627000,1525000,2919000,5359000,1924000]",1791,16354000,11
22,5,5,"[657,1830,1120,414,1802]","[1827000,5444000,3307000,1161000,4954000]",1830,16693000,11
22,6,5,"[1483,1544,539,1318,817]","[4401000,4378000,1507000,3839000,2346000]",1544,16471000,33
22,7,5,"[1190,960,485,1328,1555]","[3442000,2751000,1339000,3969000,4600000]",1555,16101000,21
22,8,5,"[442,2350,478,1644,516]","[1271000,7158000,1349000,4604000,1512000]",2350,15894000,15
22,9,5,"[1669,700,1803,573,1080]","[4688000,1946000,5417000,1587000,3082000]",1803,16720000,39
22,10,5,"[1288,967,354,2294,593]","[3626000,2740000,1013000,6928000,1730000]",2294,16037000,27
22,11,5,"[1036,918,2347,533,508]","[2949000,2715000,7085000,1543000,1472000]",2347,15764000,29
22,12,5,"[929,1598,1219,1531,712]","[2665000,4527000,3422000,4349000,2084000]",1598,17047000,25
22,13,5,"[1077,591,1478,1246,1372]","[2964000,1698000,4444000,3590000,3882000]",1478,16578000,17
22,14,5,"[520,1198,1831,1852,453]","[1478000,3336000,5464000,5213000,1266000]",1852,16757000,29
22,15,5,"[1062,1418,1202,1126,805]","[3059000,4210000,3418000,3201000,2396000]",1418,16284000,29
22,16,5,"[859,1411,1376,864,1322]","[2381000,3943000,4114000,2556000,3728000]",1411,16722000,45
22,17,5,"[2105,712,1530,665,778]","[6010000,2057000,4389000,1916000,2264000]",2105,16636000,11
22,18,5,"[1635,1415,1623,276,425]","[4842000,4147000,4833000,762000,1219000]",1635,15803000,31
22,19,5,"[1630,883,1642,510,932]","[4585000,2454000,4935000,1451000,2827000]",1642,16252000,35
22,20,5,"[1324,1303,1428,791,1134]","[3848000,3796000,3994000,2196000,3200000]",1428,17034000,13
22,21,5,"[1538,1072,1965,938,471]","[4290000,3151000,5568000,2679000,1326000]",1965,17014000,25
22,22,5,"[398,780,692,382,2773]","[1192000,2333000,1977000,1163000,8428000]",2773,15093000,37
22,23,5,"[2329,786,264,2425,234]","[6674000,2235000,723000,6836000,656000]",2425,17124000,11
22,24,5,"[840,1320,1387,1207,823]","[2343000,3850000,4139000,3519000,2363000]",1387,16214000,15
22,25,5,"[382,581,849,858,2578]","[1050000,1633000,2571000,2435000,7855000]",2578,15544000,17
22,26,5,"[873,431,1278,842,2043]","[2491000,1193000,3729000,2373000,6177000]",2043,15963000,31
22,27,5,"[1013,477,604,2074,1146]","[3040000,1380000,1676000,6317000,3309000]",2074,15722000,41
22,28,5,"[716,1409,1134,1504,1198]","[2057000,3980000,3299000,4222000,3398000]",1504,16956000,35
22,29,5,"[504,1570,742,1516,1281]","[1475000,4669000,2141000,4253000,3760000]",1570,16298000,33
22,30,5,"[870,1445,528,1874,909]","[2490000,3991000,1483000,5625000,2732000]",1874,16321000,31
22,31,5,"[1370,1542,992,742,718]","[4032000,4614000,2909000,2175000,2068000]",1542,15798000,23
22,32,5,"[1320,1660,572,1013,952]","[3939000,4872000,1587000,2887000,2813000]",1660,16098000,17
22,33,5,"[436,1408,1115,1261,1438]","[1286000,4173000,3147000,3663000,4100000]",1438,16369000,17
22,34,5,"[766,387,1046,752,2802]","[2263000,1057000,3058000,2188000,7995000]",2802,16561000,29
22,35,5,"[828,1033,1122,956,2135]","[2437000,2909000,3184000,2726000,5956000]",2135,17212000,45
22,36,5,"[442,976,1469,1010,1677]","[1229000,2909000,4090000,3034000,4935000]",1677,16197000,27
22,37,5,"[677,1608,444,2130,671]","[1918000,4629000,1197000,6432000,1913000]",2130,16089000,17
22,38,5,"[2060,768,1139,675,841]","[6238000,2127000,3266000,1938000,2444000]",2060,16013000,29
22,39,5,"[607,2058,1621,619,414]","[1739000,6205000,4795000,1740000,1218000]",2058,15697000,35
22,40,5,"[856,1070,1788,409,1345]","[2472000,3038000,5401000,1092000,3967000]",1788,15970000,23
23,1,5,"[1503,1139,992,1504,570]","[4456000,3253000,2831000,4259000,1578000]",1504,16377000,13
23,2,5,"[1273,675,1140,1284,1265]","[3569000,1901000,3294000,3850000,3623000]",1284,16237000,11
23,3,5,"[1633,831,323,1794,741]","[4827000,2478000,913000,5350000,2025000]",1794,15593000,17
23,4,5,"[1045,909,2345,625,784]","[3015000,2703000,6658000,1779000,2249000]",2345,16404000,29
23,5,5,"[2396,1434,562,1224,427]","[6716000,4041000,1657000,3498000,1162000]",2396,17074000,17
23,6,5,"[1445,1614,647,1221,922]","[4045000,4547000,1855000,3482000,2749000]",1614,16678000,23
23,7,5,"[553,793,966,2739,892]","[1606000,2221000,2740000,7743000,2552000]",2739,16862000,15
23,8,5,"[630,1292,875,1300,1339]","[1842000,3769000,2504000,3802000,3970000]",1339,15887000,23
23,9,5,"[925,2046,1003,243,879]","[2823000,6159000,2961000,687000,2526000]",2046,15156000,25
23,10,5,"[639,990,455,2437,591]","[1854000,2924000,1337000,7376000,1684000]",2437,15175000,17
23,11,5,"[1355,1296,1267,814,646]","[4106000,3898000,3710000,2253000,1829000]",1355,15796000,41
23,12,5,"[561,798,1357,1969,642]","[1647000,2278000,3976000,5919000,1851000]",1969,15671000,41
23,13,5,"[1423,1848,653,613,927]","[3909000,5613000,1858000,1832000,2688000]",1848,15900000,21
23,14,5,"[1593,1564,890,359,792]","[4792000,4666000,2637000,981000,2289000]",1593,15365000,31
23,15,5,"[1273,1177,2504,397,416]","[3594000,3494000,7054000,1196000,1192000]",2504,16530000,39
23,16,5,"[1668,1294,931,804,678]","[5023000,3661000,2694000,2374000,1956000]",1668,15708000,29
23,17,5,"[599,412,356,1238,2593]","[1742000,1167000,1057000,3486000,7897000]",2593,15349000,21
23,18,5,"[838,727,793,936,2717]","[2396000,2084000,2190000,2691000,7621000]",2717,16982000,17
23,19,5,"[846,557,923,2708,829]","[2393000,1601000,2633000,7678000,2402000]",2708,16707000,15
23,20,5,"[841,495,394,1768,2004]","[2454000,1375000,1115000,4979000,6048000]",2004,15971000,23
23,21,5,"[1994,499,1519,800,552]","[6004000,1418000,4509000,2170000,1580000]",1994,15681000,13
23,22,5,"[457,1063,2378,1438,605]","[1230000,2986000,6830000,4052000,1768000]",2378,16866000,11
23,23,5,"[304,1285,2119,418,1297]","[896000,3655000,6437000,1202000,3632000]",2119,15822000,13
23,24,5,"[309,437,1811,878,1771]","[833000,1261000,5473000,2530000,5283000]",1811,15380000,33
23,25,5,"[381,2561,680,762,747]","[1087000,7804000,1981000,2202000,2154000]",2561,15228000,29
23,26,5,"[1777,903,1121,989,697]","[5325000,2685000,3063000,2916000,1996000]",1777,15985000,27
23,27,5,"[1235,1450,464,773,1437]","[3439000,4361000,1386000,2286000,4225000]",1450,15697000,33
23,28,5,"[923,1759,1536,577,671]","[2678000,5291000,4391000,1708000,1852000]",1759,15920000,15
23,29,5,"[647,451,3768,574,521]","[1837000,1298000,10686000,1601000,1480000]",3768,16902000,41
23,30,5,"[1244,865,1397,1443,996]","[3470000,2543000,3919000,4098000,2859000]",1443,16889000,17
23,31,5,"[1891,865,701,722,1025]","[5791000,2506000,1969000,2081000,3043000]",1891,15390000,29
23,32,5,"[816,1313,690,609,1951]","[2407000,3687000,1968000,1754000,5891000]",1951,15707000,25
23,33,5,"[998,3053,382,468,994]","[2902000,8552000,1079000,1320000,2930000]",3053,16783000,47
23,34,5,"[814,1062,1534,1095,1069]","[2321000,3135000,4566000,3137000,2983000]",1534,16142000,27
23,35,5,"[2301,407,559,1149,848]","[6994000,1203000,1630000,3247000,2406000]",2301,15480000,49
23,36,5,"[462,520,1565,1323,1627]","[1323000,1487000,4702000,3988000,4456000]",1627,15956000,15
23,37,5,"[1238,1046,1425,646,1447]","[3433000,3009000,4026000,1826000,4291000]",1447,16585000,17
23,38,5,"[305,355,1813,1240,1633]","[850000,1079000,5520000,3467000,4775000]",1813,15691000,37
23,39,5,"[1586,1147,1118,567,864]","[4823000,3336000,3295000,1632000,2487000]",1586,15573000,19
23,40,5,"[1129,561,2067,366,1791]","[3203000,1560000,5859000,1041000,5154000]",2067,16817000,29
24,1,5,"[775,667,680,3099,613]","[2213000,1914000,1977000,8838000,1661000]",3099,16603000,19
24,2,5,"[580,2450,912,740,457]","[1628000,7494000,2658000,2098000,1337000]",2450,15215000,47
24,3,5,"[947,1579,1467,1229,843]","[2614000,4378000,4126000,3531000,2408000]",1579,17057000,41
24,4,5,"[1267,1243,1737,861,452]","[3659000,3469000,5203000,2445000,1288000]",1737,16064000,19
24,5,5,"[1227,1153,1062,1271,1003]","[3607000,3407000,2975000,3556000,2843000]",1271,16388000,9
24,6,5,"[488,1435,1306,2046,299]","[1414000,4246000,3789000,5775000,868000]",2046,16092000,23
24,7,5,"[1128,964,799,1313,1439]","[3251000,2788000,2252000,3652000,4272000]",1439,16215000,19
24,8,5,"[2183,732,390,416,1519]","[6623000,2047000,1077000,1195000,4471000]",2183,15413000,49
24,9,5,"[1186,2250,630,464,642]","[3393000,6795000,1785000,1309000,2006000]",2250,15288000,39
24,10,5,"[383,1099,2942,422,984]","[1144000,3137000,8353000,1204000,2765000]",2942,16603000,25
24,11,5,"[1172,1495,865,1004,921]","[3422000,4445000,2453000,2874000,2721000]",1495,15915000,21
24,12,5,"[2537,1185,524,733,702]","[7179000,3482000,1488000,2039000,2121000]",2537,16309000,21
24,13,5,"[1000,1138,742,1525,1199]","[2779000,3231000,2168000,4546000,3427000]",1525,16151000,19
24,14,5,"[1447,579,814,801,1558]","[4373000,1677000,2252000,2367000,4648000]",1558,15317000,23
24,15,5,"[1418,1156,1969,398,886]","[4057000,3299000,5563000,1105000,2549000]",1969,16573000,41
24,16,5,"[1271,925,827,1877,699]","[3613000,2525000,2379000,5698000,1919000]",1877,16134000,19
24,17,5,"[1468,1056,364,2108,507]","[4133000,2925000,998000,6349000,1535000]",2108,15940000,19
24,18,5,"[2636,526,504,1448,905]","[7347000,1547000,1491000,4059000,2536000]",2636,16980000,25
24,19,5,"[598,1004,1369,1292,1263]","[1771000,2927000,4088000,3676000,3576000]",1369,16038000,19
24,20,5,"[3048,686,703,1059,389]","[8737000,1966000,1952000,2925000,1128000]",3048,16708000,35
24,21,5,"[586,944,1456,549,1880]","[1725000,2773000,4106000,1509000,5662000]",1880,15775000,15
24,22,5,"[1480,1747,490,830,844]","[4403000,5193000,1418000,2359000,2354000]",1747,15727000,15
24,23,5,"[464,885,751,1702,2143]","[1312000,2547000,2046000,4794000,6110000]",2143,16809000,23
24,24,5,"[2067,1080,438,1145,775]","[6266000,3075000,1219000,3115000,2264000]",2067,15939000,23
24,25,5,"[853,1199,1361,772,1357]","[2432000,3426000,4003000,2174000,4025000]",1361,16060000,25
24,26,5,"[2280,472,531,536,1429]","[6900000,1332000,1495000,1552000,4130000]",2280,15409000,19
24,27,5,"[1642,715,1606,587,872]","[4876000,2012000,4742000,1682000,2472000]",1642,15784000,15
24,28,5,"[1662,941,1116,1144,982]","[4754000,2679000,3100000,3239000,2860000]",1662,16632000,37
24,29,5,"[713,955,511,1153,2189]","[2102000,2804000,1504000,3332000,6244000]",2189,15986000,33
24,30,5,"[762,590,2394,513,861]","[2164000,1757000,7314000,1470000,2489000]",2394,15194000,25
24,31,5,"[760,762,741,2413,600]","[2068000,2209000,2164000,7331000,1725000]",2413,15497000,17
24,32,5,"[610,1199,525,420,3095]","[1756000,3484000,1575000,1188000,8622000]",3095,16625000,13
24,33,5,"[2107,827,1194,612,444]","[6320000,2434000,3523000,1788000,1218000]",2107,15283000,33
24,34,5,"[1408,1423,453,1071,1048]","[3955000,4214000,1287000,3173000,3113000]",1423,15742000,33
24,35,5,"[796,1678,782,587,1677]","[2314000,4731000,2212000,1723000,5007000]",1678,15987000,21
24,36,5,"[2842,699,261,599,465]","[8726000,2038000,730000,1810000,1343000]",2842,14647000,21
24,37,5,"[895,724,396,1551,1844]","[2497000,2169000,1116000,4402000,5558000]",1844,15742000,15
24,38,5,"[722,697,1221,2286,434]","[2083000,1979000,3475000,6865000,1246000]",2286,15648000,17
24,39,5,"[1439,541,2415,998,555]","[4174000,1475000,6798000,2826000,1560000]",2415,16833000,37
24,40,5,"[1316,1668,880,954,1129]","[3727000,4716000,2570000,2657000,3179000]",1668,16849000,33
25,1,5,"[1473,791,723,1698,1007]","[4082000,2314000,2054000,5098000,2833000]",1698,16381000,21
25,2,5,"[1646,852,1321,981,794]","[4873000,2508000,3761000,2797000,2271000]",1646,16210000,27
25,3,5,"[693,869,474,1121,2087]","[1991000,2527000,1347000,3363000,6286000]",2087,15514000,23
25,4,5,"[470,1132,1748,762,1310]","[1327000,3359000,5285000,2189000,3708000]",1748,15868000,21
25,5,5,"[359,2760,826,672,447]","[991000,8456000,2418000,1946000,1320000]",2760,15131000,27
25,6,5,"[1958,1455,320,1065,1037]","[5456000,4245000,877000,3117000,2998000]",1958,16693000,23
25,7,5,"[753,2199,370,1289,663]","[2223000,6633000,1073000,3789000,1828000]",2199,15546000,55
25,8,5,"[1617,1241,665,971,1062]","[4781000,3643000,1850000,2782000,3061000]",1617,16117000,31
25,9,5,"[775,937,2148,916,763]","[2205000,2569000,6477000,2628000,2175000]",2148,16054000,17
25,10,5,"[409,724,2116,1661,1067]","[1184000,2036000,5993000,4616000,3136000]",2116,16965000,13
25,11,5,"[745,477,1333,573,2302]","[2125000,1375000,3716000,1656000,6993000]",2302,15865000,27
25,12,5,"[1711,2359,556,428,870]","[4804000,6717000,1586000,1207000,2552000]",2359,16866000,21
25,13,5,"[1613,515,1137,1544,1287]","[4516000,1492000,3126000,4408000,3664000]",1613,17206000,25
25,14,5,"[290,1392,1435,1314,1410]","[836000,3900000,3979000,3895000,4079000]",1435,16689000,15
25,15,5,"[1238,1435,1285,1417,504]","[3430000,4034000,3631000,4196000,1483000]",1435,16774000,23
25,16,5,"[533,1326,2194,450,606]","[1533000,3918000,6638000,1332000,1793000]",2194,15214000,37
25,17,5,"[1337,1124,501,1362,1303]","[3951000,3173000,1401000,4050000,3680000]",1362,16255000,15
25,18,5,"[650,404,1052,1645,1595]","[1881000,1131000,3004000,4898000,4807000]",1645,15721000,25
25,19,5,"[605,1351,1332,1731,475]","[1720000,3866000,3918000,5182000,1337000]",1731,16023000,29
25,20,5,"[916,983,599,1411,1634]","[2622000,2917000,1702000,3987000,4897000]",1634,16125000,23
25,21,5,"[1326,687,1367,551,1389]","[3955000,1962000,4095000,1579000,4123000]",1389,15714000,17
25,22,5,"[1389,828,2221,1308,314]","[3945000,2370000,6209000,3702000,910000]",2221,17136000,45
25,23,5,"[2452,561,707,963,555]","[7458000,1534000,2089000,2787000,1630000]",2452,15498000,15
25,24,5,"[1107,1229,1708,471,853]","[3027000,3730000,5185000,1335000,2465000]",1708,15742000,19
25,25,5,"[1017,906,544,1308,2179]","[2844000,2595000,1576000,3739000,6185000]",2179,16939000,29
25,26,5,"[405,1736,1330,382,2093]","[1197000,4949000,3865000,1091000,5794000]",2093,16896000,9
25,27,5,"[1876,900,653,1241,645]","[5654000,2565000,1881000,3655000,1877000]",1876,15632000,19
25,28,5,"[932,331,1396,764,2125]","[2639000,907000,4046000,2091000,6412000]",2125,16095000,21
25,29,5,"[402,482,911,2260,1505]","[1134000,1349000,2578000,6827000,4237000]",2260,16125000,13
25,30,5,"[1952,1079,913,492,1216]","[5863000,3154000,2576000,1383000,3344000]",1952,16320000,19
25,31,5,"[1376,1662,630,644,1240]","[4049000,4984000,1846000,1798000,3434000]",1662,16111000,19
25,32,5,"[420,688,1129,2321,783]","[1230000,1952000,3278000,7026000,2208000]",2321,15694000,35
25,33,5,"[1597,545,1120,1890,471]","[4406000,1536000,3206000,5728000,1363000]",1890,16239000,29
25,34,5,"[1450,1054,816,994,1435]","[4307000,3062000,2292000,2797000,4044000]",1450,16502000,15
25,35,5,"[686,1477,1928,565,909]","[2047000,4058000,5849000,1612000,2589000]",1928,16155000,13
25,36,5,"[988,857,854,2035,769]","[2771000,2463000,2415000,6145000,2236000]",2035,16030000,19
25,37,5,"[843,2079,1901,617,502]","[2388000,5891000,5406000,1771000,1445000]",2079,16901000,21
25,38,5,"[1532,980,889,1542,379]","[4556000,2866000,2572000,4569000,1101000]",1542,15664000,21
25,39,5,"[1450,1525,940,1162,950]","[4149000,4335000,2647000,3260000,2674000]",1525,17065000,29
25,40,5,"[1387,1068,781,1090,1092]","[4138000,3164000,2261000,3092000,3185000]",1387,15840000,31
26,1,5,"[725,1413,1611,469,1707]","[2134000,3911000,4583000,1403000,4855000]",1707,16886000,29
26,2,5,"[1200,1286,1308,1151,506]","[3527000,3775000,3880000,3326000,1431000]",1308,15939000,13
26,3,5,"[1175,588,1769,1152,1008]","[3234000,1737000,5297000,3228000,2876000]",1769,16372000,17
26,4,5,"[1337,980,598,1165,1523]","[3758000,2764000,1712000,3437000,4515000]",1523,16186000,17
26,5,5,"[576,1150,2524,637,896]","[1592000,3379000,7151000,1844000,2604000]",2524,16570000,23
26,6,5,"[1271,1376,2023,244,508]","[3616000,4024000,6110000,679000,1411000]",2023,15840000,15
26,7,5,"[663,966,1781,1880,584]","[1827000,2797000,5047000,5367000,1723000]",1880,16761000,23
26,8,5,"[2403,897,759,787,470]","[7260000,2557000,2223000,2226000,1342000]",2403,15608000,37
26,9,5,"[760,466,1535,942,1745]","[2167000,1301000,4546000,2703000,5164000]",1745,15881000,35
26,10,5,"[1595,711,1154,380,1471]","[4717000,2025000,3376000,1078000,4434000]",1595,15630000,29
26,11,5,"[1054,474,1198,1813,886]","[2953000,1380000,3398000,5441000,2671000]",1813,15843000,21
26,12,5,"[896,1614,1664,1166,401]","[2577000,4745000,4745000,3200000,1171000]",1664,16438000,23
26,13,5,"[929,1202,1182,1198,891]","[2683000,3522000,3498000,3554000,2585000]",1202,15842000,37
26,14,5,"[1279,1095,969,700,2309]","[3593000,2986000,2649000,1919000,6571000]",2309,17718000,15
26,15,5,"[1306,1240,713,659,1663]","[3765000,3457000,1997000,1975000,4975000]",1663,16169000,7
26,16,5,"[990,959,1159,1120,1602]","[2719000,2753000,3338000,3113000,4737000]",1602,16660000,11
26,17,5,"[802,313,468,785,2736]","[2437000,863000,1344000,2248000,8326000]",2736,15218000,41
26,18,5,"[1107,735,961,1344,1891]","[3152000,2095000,2629000,3865000,5332000]",1891,17073000,25
26,19,5,"[2705,443,1574,672,632]","[7604000,1250000,4481000,1887000,1807000]",2705,17029000,25
26,20,5,"[880,2376,908,633,540]","[2420000,7236000,2623000,1831000,1550000]",2376,15660000,33
26,21,5,"[837,702,596,749,2447]","[2436000,1967000,1723000,2036000,7493000]",2447,15655000,11
26,22,5,"[2428,1435,784,892,411]","[6899000,4094000,2219000,2543000,1174000]",2428,16929000,33
26,23,5,"[1909,769,503,1186,879]","[5823000,2309000,1449000,3286000,2596000]",1909,15463000,33
26,24,5,"[735,1740,874,924,1523]","[2007000,5195000,2471000,2638000,4288000]",1740,16599000,17
26,25,5,"[709,567,2771,1029,680]","[2037000,1622000,7855000,2990000,2002000]",2771,16506000,27
26,26,5,"[1569,746,1569,897,1130]","[4441000,2086000,4422000,2644000,3212000]",1569,16805000,13
26,27,5,"[523,1376,1019,1447,1041]","[1461000,4056000,3049000,4240000,3042000]",1447,15848000,35
26,28,5,"[999,641,1587,1509,1008]","[2823000,1905000,4397000,4503000,2864000]",1587,16492000,11
26,29,5,"[1083,593,1473,1596,739]","[3117000,1691000,4273000,4728000,2140000]",1596,15949000,13
26,30,5,"[466,920,1981,1032,1141]","[1328000,2569000,5966000,2932000,3288000]",1981,16083000,17
26,31,5,"[821,1120,474,964,2061]","[2378000,3150000,1346000,2803000,6207000]",2061,15884000,41
26,32,5,"[1533,1764,375,1424,591]","[4383000,5256000,1059000,3975000,1701000]",1764,16374000,31
26,33,5,"[787,1599,1351,1592,503]","[2201000,4530000,3981000,4547000,1398000]",1599,16657000,35
26,34,5,"[632,714,832,1083,2623]","[1798000,2031000,2396000,3081000,7459000]",2623,16765000,17
26,35,5,"[633,2170,404,950,1229]","[1848000,6548000,1176000,2693000,3487000]",2170,15752000,23
26,36,5,"[1758,1018,911,664,1246]","[5337000,2907000,2601000,1894000,3429000]",1758,16168000,33
26,37,5,"[2652,1301,617,373,337]","[8058000,3686000,1732000,1124000,953000]",2652,15553000,17
26,38,5,"[1974,648,738,1271,1033]","[5550000,1895000,2150000,3729000,3035000]",1974,16359000,23
26,39,5,"[1648,1097,402,565,1695]","[4924000,3103000,1139000,1622000,5046000]",1695,15834000,31
26,40,5,"[515,315,870,2004,1968]","[1431000,902000,2436000,6023000,5532000]",2004,16324000,13
27,1,5,"[1626,1189,575,868,1573]","[4689000,3291000,1672000,2471000,4494000]",1626,16617000,9
27,2,5,"[366,1945,1148,737,1135]","[1074000,5849000,3373000,2140000,3193000]",1945,15629000,19
27,3,5,"[873,1415,548,2058,394]","[2460000,4229000,1507000,6150000,1190000]",2058,15536000,9
27,4,5,"[2259,458,967,1123,1193]","[6351000,1288000,2761000,3131000,3424000]",2259,16955000,31
27,5,5,"[1297,1984,511,715,751]","[3896000,5951000,1368000,2125000,2103000]",1984,15443000,23
27,6,5,"[1084,652,1232,2149,377]","[3089000,1790000,3455000,6485000,1126000]",2149,15945000,25
27,7,5,"[419,372,2725,1240,477]","[1139000,1065000,8357000,3511000,1344000]",2725,15416000,21
27,8,5,"[1490,605,1066,1267,1444]","[4324000,1725000,3022000,3547000,4068000]",1490,16686000,11
27,9,5,"[666,721,831,2905,580]","[1896000,2121000,2400000,8262000,1679000]",2905,16358000,27
27,10,5,"[1347,1303,1272,745,868]","[3990000,3817000,3755000,2118000,2378000]",1347,16058000,27
27,11,5,"[1281,780,1590,1430,746]","[3660000,2244000,4565000,4018000,2130000]",1590,16617000,15
27,12,5,"[579,248,1871,1339,1468]","[1630000,657000,5633000,3912000,4115000]",1871,15947000,23
27,13,5,"[905,995,1344,830,1231]","[2681000,2859000,4039000,2350000,3659000]",1344,15588000,29
27,14,5,"[697,2798,362,427,963]","[1966000,8593000,958000,1244000,2684000]",2798,15445000,37
27,15,5,"[2198,457,598,831,1497]","[6160000,1349000,1712000,2435000,4460000]",2198,16116000,21
27,16,5,"[1456,932,933,1193,1168]","[4300000,2599000,2736000,3318000,3365000]",1456,16318000,7
27,17,5,"[1607,1629,1126,315,721]","[4771000,4893000,3157000,894000,2035000]",1629,15750000,17
27,18,5,"[391,780,1026,1147,2003]","[1166000,2206000,2933000,3334000,5998000]",2003,15637000,19
27,19,5,"[1233,1769,1726,408,794]","[3548000,5045000,4801000,1155000,2265000]",1769,16814000,15
27,20,5,"[492,2363,490,662,1176]","[1434000,7144000,1466000,1855000,3418000]",2363,15317000,41
27,21,5,"[1245,437,903,861,1976]","[3616000,1216000,2526000,2502000,5937000]",1976,15797000,21
27,22,5,"[1011,454,1814,1764,927]","[2754000,1265000,5140000,5125000,2619000]",1814,16903000,23
27,23,5,"[2111,497,1348,924,505]","[6310000,1480000,3785000,2656000,1484000]",2111,15715000,29
27,24,5,"[2072,931,1674,653,422]","[5800000,2581000,4888000,1956000,1213000]",2072,16438000,35
27,25,5,"[947,1719,461,584,1681]","[2735000,4941000,1332000,1665000,5048000]",1719,15721000,23
27,26,5,"[1147,1222,1268,566,1215]","[3220000,3668000,3760000,1567000,3635000]",1268,15850000,27
27,27,5,"[786,1710,1120,662,1722]","[2229000,4811000,3195000,1909000,4795000]",1722,16939000,43
27,28,5,"[615,381,602,2950,471]","[1754000,1086000,1777000,9015000,1368000]",2950,15000000,35
27,29,5,"[525,1828,767,1144,988]","[1524000,5513000,2256000,3247000,2937000]",1828,15477000,35
27,30,5,"[2929,591,634,1402,428]","[8305000,1566000,1823000,3974000,1243000]",2929,16911000,17
27,31,5,"[914,721,733,1270,2090]","[2609000,2112000,2102000,3824000,5768000]",2090,16415000,37
27,32,5,"[610,2322,738,1558,562]","[1789000,6633000,2064000,4469000,1577000]",2322,16532000,9
27,33,5,"[364,862,1985,1339,1058]","[1055000,2379000,6016000,3748000,2962000]",1985,16160000,17
27,34,5,"[717,918,965,1619,1209]","[2038000,2595000,2759000,4848000,3597000]",1619,15837000,37
27,35,5,"[2561,707,819,558,582]","[7753000,2002000,2362000,1578000,1706000]",2561,15401000,35
27,36,5,"[1213,775,409,2249,443]","[3554000,2249000,1157000,6801000,1376000]",2249,15137000,39
27,37,5,"[1153,1777,1313,799,695]","[3342000,4971000,3801000,2269000,2046000]",1777,16429000,13
27,38,5,"[2174,526,1320,718,1297]","[6116000,1515000,3741000,2018000,3656000]",2174,17046000,15
27,39,5,"[388,682,1605,1615,1472]","[1118000,1912000,4626000,4631000,4183000]",1615,16470000,19
27,40,5,"[1342,814,961,1179,1309]","[3944000,2259000,2814000,3339000,3829000]",1342,16185000,27
28,1,5,"[834,441,1562,576,2118]","[2372000,1270000,4420000,1595000,6339000]",2118,15996000,41
28,2,5,"[527,1665,825,961,1609]","[1460000,4684000,2427000,2753000,4797000]",1665,16121000,19
28,3,5,"[1174,1567,688,1043,1212]","[3323000,4646000,1955000,2920000,3501000]",1567,16345000,29
28,4,5,"[1101,1763,728,1451,328]","[3198000,5313000,2092000,4221000,893000]",1763,15717000,47
28,5,5,"[946,562,955,626,2257]","[2629000,1615000,2753000,1828000,6813000]",2257,15638000,13
28,6,5,"[792,1085,528,2934,482]","[2286000,3244000,1497000,8208000,1369000]",2934,16604000,19
28,7,5,"[2295,301,996,1402,1066]","[6447000,858000,2814000,4004000,2957000]",2295,17080000,35
28,8,5,"[849,814,522,1731,1676]","[2499000,2342000,1503000,4809000,5011000]",1731,16164000,13
28,9,5,"[361,632,1723,1051,1621]","[1019000,1779000,5130000,2966000,4846000]",1723,15740000,21
28,10,5,"[419,577,1024,1565,1779]","[1222000,1631000,2932000,4574000,5334000]",1779,15693000,29
28,11,5,"[2077,894,793,534,1237]","[6225000,2517000,2369000,1461000,3458000]",2077,16030000,27
28,12,5,"[1099,1271,878,1293,1312]","[3121000,3650000,2536000,3647000,3712000]",1312,16666000,17
28,13,5,"[461,1114,1592,1176,1078]","[1387000,3250000,4690000,3389000,3066000]",1592,15782000,25
28,14,5,"[731,883,517,1937,1784]","[2059000,2441000,1405000,5464000,5334000]",1937,16703000,11
28,15,5,"[1857,1392,984,597,1047]","[5252000,3918000,2845000,1728000,2976000]",1857,16719000,13
28,16,5,"[928,759,1796,578,1475]","[2687000,2173000,5297000,1614000,4260000]",1796,16031000,19
28,17,5,"[401,1723,941,604,1601]","[1148000,5125000,2770000,1658000,4797000]",1723,15498000,15
28,18,5,"[1866,924,911,1350,322]","[5601000,2755000,2617000,3790000,929000]",1866,15692000,15
28,19,5,"[2119,1572,729,1104,326]","[6005000,4436000,2022000,3271000,938000]",2119,16672000,9
28,20,5,"[1097,777,1910,933,843]","[3137000,2214000,5664000,2658000,2393000]",1910,16066000,15
28,21,5,"[1800,663,439,1645,839]","[5359000,1812000,1256000,4878000,2418000]",1800,15723000,23
28,22,5,"[2050,1531,461,365,983]","[6149000,4442000,1345000,1031000,2764000]",2050,15731000,21
28,23,5,"[759,322,1646,402,2041]","[2229000,914000,4847000,1149000,6151000]",2041,15290000,53
28,24,5,"[800,484,1443,1521,1312]","[2277000,1347000,4248000,4491000,3723000]",1521,16086000,13
28,25,5,"[1817,1335,956,410,882]","[5395000,3965000,2704000,1206000,2520000]",1817,15790000,19
28,26,5,"[1618,1468,482,1549,513]","[4538000,4369000,1411000,4426000,1467000]",1618,16211000,29
28,27,5,"[491,1256,1136,526,1968]","[1399000,3544000,3275000,1553000,5938000]",1968,15709000,23
28,28,5,"[1852,556,975,1667,438]","[5567000,1597000,2902000,4637000,1253000]",1852,15956000,25
28,29,5,"[1419,898,1632,548,875]","[4161000,2558000,4783000,1562000,2633000]",1632,15697000,19
28,30,5,"[811,1308,575,1394,1546]","[2358000,3805000,1594000,3952000,4517000]",1546,16226000,15
28,31,5,"[1100,3549,447,391,412]","[3150000,9966000,1302000,1100000,1240000]",3549,16758000,21
28,32,5,"[1727,356,1067,1487,638]","[5171000,964000,3159000,4369000,1861000]",1727,15524000,25
28,33,5,"[1146,312,1890,1795,380]","[3218000,894000,5635000,5067000,1154000]",1890,15968000,31
28,34,5,"[1505,337,1098,1830,758]","[4536000,992000,3105000,5133000,2240000]",1830,16006000,39
28,35,5,"[2655,1138,438,482,1149]","[7501000,3197000,1221000,1384000,3371000]",2655,16674000,15
28,36,5,"[1737,1654,900,630,675]","[4908000,5019000,2553000,1780000,1956000]",1737,16216000,41
28,37,5,"[697,2907,511,525,432]","[2051000,8903000,1406000,1521000,1203000]",2907,15084000,35
28,38,5,"[612,583,1490,671,1915]","[1718000,1673000,4398000,2025000,5673000]",1915,15487000,19
28,39,5,"[1361,282,1808,537,1613]","[3946000,780000,5349000,1554000,4531000]",1808,16160000,13
28,40,5,"[1652,942,949,735,1213]","[4908000,2667000,2785000,2085000,3480000]",1652,15925000,23
29,1,5,"[380,677,909,863,2416]","[1074000,1978000,2622000,2500000,7328000]",2416,15502000,19
29,2,5,"[2600,1190,664,577,383]","[7911000,3298000,1844000,1694000,1102000]",2600,15849000,21
29,3,5,"[959,633,639,3051,511]","[2800000,1770000,1899000,8655000,1469000]",3051,16593000,27
29,4,5,"[890,1988,546,969,1001]","[2521000,6052000,1572000,2744000,2905000]",1988,15794000,19
29,5,5,"[1286,1714,1112,1008,594]","[3645000,4955000,3124000,2980000,1739000]",1714,16443000,11
29,6,5,"[507,1745,675,1262,1258]","[1394000,5234000,1950000,3544000,3811000]",1745,15933000,23
29,7,5,"[1544,565,719,1275,1919]","[4399000,1664000,2029000,3572000,5383000]",1919,17047000,9
29,8,5,"[844,1841,835,1097,1050]","[2323000,5488000,2458000,3102000,2983000]",1841,16354000,15
29,9,5,"[1788,958,469,661,1981]","[5126000,2656000,1391000,1891000,5672000]",1981,16736000,33
29,10,5,"[1257,1530,293,557,2192]","[3777000,4282000,856000,1664000,6112000]",2192,16691000,29
29,11,5,"[1252,347,386,3259,631]","[3510000,1018000,1153000,9335000,1742000]",3259,16758000,19
29,12,5,"[664,1559,871,1575,806]","[1892000,4581000,2528000,4628000,2341000]",1575,15970000,39
29,13,5,"[1289,1351,1318,1086,845]","[3776000,3788000,3842000,3030000,2358000]",1351,16794000,13
29,14,5,"[453,1440,997,1380,1207]","[1299000,4249000,2852000,4056000,3539000]",1440,15995000,25
29,15,5,"[455,1515,653,590,2834]","[1285000,4299000,1882000,1766000,7887000]",2834,17119000,29
29,16,5,"[1171,1777,508,1277,1101]","[3296000,5075000,1444000,3588000,3273000]",1777,16676000,23
29,17,5,"[1920,1308,588,585,1235]","[5784000,3639000,1677000,1606000,3587000]",1920,16293000,15
29,18,5,"[476,1035,2070,1160,1301]","[1309000,2854000,5865000,3329000,3740000]",2070,17097000,13
29,19,5,"[1268,527,1366,815,1521]","[3763000,1546000,3938000,2253000,4525000]",1521,16025000,17
29,20,5,"[850,686,358,1692,1630]","[2426000,2019000,1033000,5062000,4904000]",1692,15444000,41
29,21,5,"[1223,1310,786,1331,896]","[3425000,3860000,2277000,3924000,2626000]",1331,16112000,33
29,22,5,"[1309,837,1271,781,1446]","[3832000,2420000,3598000,2215000,4242000]",1446,16307000,35
29,23,5,"[1422,522,1433,839,1564]","[3998000,1494000,4039000,2384000,4653000]",1564,16568000,13
29,24,5,"[1098,1395,791,1340,1199]","[3126000,4128000,2248000,3790000,3368000]",1395,16660000,13
29,25,5,"[1148,356,2752,1251,377]","[3301000,1018000,7798000,3591000,1078000]",2752,16786000,27
29,26,5,"[1862,569,714,1401,903]","[5576000,1657000,2040000,4030000,2601000]",1862,15904000,43
29,27,5,"[1051,976,733,530,2230]","[2942000,2765000,2133000,1518000,6701000]",2230,16059000,13
29,28,5,"[1956,685,470,1615,794]","[5925000,1931000,1401000,4556000,2243000]",1956,16056000,19
29,29,5,"[1894,1575,568,1036,913]","[5366000,4528000,1665000,2891000,2561000]",1894,17011000,19
29,30,5,"[389,516,611,518,2925]","[1135000,1577000,1742000,1489000,8982000]",2925,14925000,29
29,31,5,"[1853,723,552,956,1389]","[5579000,2022000,1621000,2746000,3991000]",1853,15959000,35
29,32,5,"[718,1860,314,1637,1117]","[2062000,5544000,898000,4648000,3143000]",1860,16295000,19
29,33,5,"[1435,765,1395,1320,706]","[4246000,2243000,3924000,3834000,2024000]",1435,16271000,25
29,34,5,"[1848,1089,604,700,1644]","[5228000,3072000,1676000,2050000,4736000]",1848,16762000,17
29,35,5,"[747,1247,1495,1525,481]","[2138000,3655000,4441000,4346000,1445000]",1525,16025000,27
29,36,5,"[563,633,2573,694,559]","[1674000,1749000,7831000,2101000,1703000]",2573,15058000,39
29,37,5,"[1586,1490,629,562,1124]","[4741000,4402000,1829000,1620000,3192000]",1586,15784000,33
29,38,5,"[1704,679,1789,361,785]","[5125000,1963000,5410000,980000,2181000]",1789,15659000,29
29,39,5,"[879,1042,2288,409,716]","[2573000,2963000,6916000,1162000,2055000]",2288,15669000,21
29,40,5,"[2096,538,1152,1012,574]","[6346000,1484000,3423000,2915000,1625000]",2096,15793000,33
30,1,5,"[539,298,539,1960,2260]","[1538000,805000,1507000,5468000,6865000]",2260,16183000,13
30,2,5,"[754,1856,1343,928,469]","[2232000,5569000,3909000,2682000,1387000]",1856,15779000,35
30,3,5,"[1081,1285,877,1319,1256]","[3109000,3792000,2461000,3713000,3550000]",1319,16625000,17
30,4,5,"[1123,596,924,1681,957]","[3233000,1726000,2708000,5014000,2893000]",1681,15574000,39
30,5,5,"[1566,792,415,1432,1592]","[4516000,2208000,1151000,4034000,4679000]",1592,16588000,19
30,6,5,"[415,2225,536,1168,1116]","[1196000,6697000,1566000,3227000,3226000]",2225,15912000,15
30,7,5,"[1696,1526,660,1151,540]","[5078000,4273000,1836000,3380000,1589000]",1696,16156000,41
30,8,5,"[1124,1626,931,1495,814]","[3207000,4633000,2670000,4221000,2255000]",1626,16986000,27
30,9,5,"[1457,570,1923,427,1453]","[4066000,1655000,5763000,1187000,3991000]",1923,16662000,9
30,10,5,"[1775,375,636,1418,1385]","[5284000,1029000,1887000,4056000,3901000]",1775,16157000,11
30,11,5,"[517,740,485,1262,2378]","[1517000,2109000,1432000,3567000,7160000]",2378,15785000,23
30,12,5,"[2533,1009,1757,419,356]","[7119000,2929000,4923000,1185000,1009000]",2533,17165000,15
30,13,5,"[981,950,499,1684,1852]","[2696000,2635000,1358000,4941000,5309000]",1852,16939000,17
30,14,5,"[748,785,1497,1739,795]","[2206000,2240000,4167000,5262000,2280000]",1739,16155000,11
30,15,5,"[465,1922,651,1405,927]","[1365000,5770000,1927000,4139000,2556000]",1922,15757000,27
30,16,5,"[1680,709,1418,673,1027]","[4730000,2129000,4201000,1984000,2959000]",1680,16003000,15
30,17,5,"[845,383,567,2839,1287]","[2425000,1153000,1617000,8027000,3614000]",2839,16836000,27
30,18,5,"[770,1823,462,1095,1226]","[2278000,5501000,1306000,3156000,3513000]",1823,15754000,35
30,19,5,"[896,483,406,2284,1160]","[2630000,1374000,1145000,6885000,3430000]",2284,15464000,23
30,20,5,"[951,527,527,926,2339]","[2759000,1510000,1532000,2694000,7024000]",2339,15519000,39
30,21,5,"[1442,1735,727,533,1729]","[4156000,4803000,2109000,1496000,4799000]",1735,17363000,19
30,22,5,"[2830,460,908,623,1114]","[7833000,1326000,2616000,1893000,3221000]",2830,16889000,21
30,23,5,"[1354,420,1317,1453,1422]","[3860000,1250000,3723000,4062000,4056000]",1453,16951000,29
30,24,5,"[384,802,3623,349,744]","[1062000,2293000,10301000,1022000,2142000]",3623,16820000,33
30,25,5,"[1526,869,520,1227,1370]","[4534000,2547000,1468000,3427000,4040000]",1526,16016000,37
30,26,5,"[937,1517,481,445,2219]","[2720000,4205000,1381000,1205000,6682000]",2219,16193000,37
30,27,5,"[1268,2167,1091,492,1004]","[3516000,6135000,3052000,1435000,2914000]",2167,17052000,21
30,28,5,"[945,1038,1536,1076,1155]","[2751000,2889000,4512000,3052000,3294000]",1536,16498000,17
30,29,5,"[587,693,868,1634,1589]","[1686000,1958000,2484000,4898000,4764000]",1634,15790000,31
30,30,5,"[778,835,2038,997,839]","[2194000,2345000,6109000,2968000,2357000]",2038,15973000,49
30,31,5,"[994,872,1452,1423,694]","[2851000,2452000,4287000,4302000,1966000]",1452,15858000,23
30,32,5,"[948,1088,1097,1633,735]","[2747000,3140000,3103000,4832000,2176000]",1633,15998000,15
30,33,5,"[1193,394,1917,433,1508]","[3322000,1125000,5729000,1208000,4501000]",1917,15885000,13
30,34,5,"[752,558,532,1013,2395]","[2174000,1692000,1484000,2909000,7227000]",2395,15486000,33
30,35,5,"[1645,1298,1541,701,509]","[4747000,3812000,4351000,2010000,1456000]",1645,16376000,27
30,36,5,"[569,972,885,989,1995]","[1660000,2862000,2529000,2803000,5988000]",1995,15842000,25
30,37,5,"[1518,1439,531,659,1443]","[4464000,4300000,1549000,1915000,3989000]",1518,16217000,37
30,38,5,"[1051,998,360,1123,2062]","[3022000,2762000,1014000,3227000,6188000]",2062,16213000,21
30,39,5,"[2794,667,1231,595,647]","[7983000,1895000,3488000,1655000,1861000]",2794,16882000,35
30,40,5,"[790,725,2717,533,1161]","[2237000,2032000,7705000,1470000,3398000]",2717,16842000,43
