iteration_id,solution_id,agv_count,running_times_seconds,energy_consumptions_joules,max_running_time_seconds,total_energy_consumption_joules,source_auxiliary_value
1,1,10,"[386,376,645,319,464,546,954,576,1188,553]","[1119000,1085000,1806000,903000,1315000,1578000,2686000,1571000,3376000,1579000]",1188,17018000,19
1,2,10,"[713,493,664,604,624,587,560,680,306,707]","[2042000,1425000,1877000,1681000,1777000,1650000,1587000,1943000,829000,2038000]",713,16849000,23
1,3,10,"[511,532,610,527,478,506,1044,691,627,523]","[1379000,1505000,1656000,1495000,1339000,1491000,3030000,1927000,1809000,1436000]",1044,17067000,15
1,4,10,"[340,1030,452,325,880,319,254,1753,164,438]","[1001000,2939000,1303000,840000,2496000,925000,758000,4904000,466000,1246000]",1753,16878000,17
1,5,10,"[492,272,455,493,367,823,842,314,864,848]","[1431000,808000,1252000,1460000,1097000,2248000,2422000,869000,2498000,2420000]",864,16505000,15
1,6,10,"[646,838,752,453,546,720,289,368,839,529]","[1803000,2352000,2233000,1275000,1500000,2011000,777000,1041000,2416000,1534000]",839,16942000,15
1,7,10,"[326,1265,974,501,411,310,726,528,355,325]","[922000,3806000,2777000,1424000,1140000,869000,1996000,1559000,984000,904000]",1265,16381000,21
1,8,10,"[263,632,569,1104,579,502,270,963,547,569]","[715000,1713000,1582000,3229000,1674000,1376000,777000,2776000,1612000,1564000]",1104,17018000,11
1,9,10,"[1398,308,873,644,649,550,400,526,590,248]","[3957000,829000,2502000,1840000,1799000,1489000,1050000,1492000,1678000,703000]",1398,17339000,13
1,10,10,"[316,1462,264,293,1073,282,419,715,616,381]","[911000,4166000,768000,846000,3033000,837000,1129000,2045000,1770000,1082000]",1462,16587000,17
1,11,10,"[656,979,745,268,300,1143,630,356,267,543]","[1832000,2826000,2085000,774000,876000,3240000,1833000,1033000,749000,1512000]",1143,16760000,11
1,12,10,"[379,600,476,461,684,350,756,732,767,712]","[1050000,1686000,1333000,1249000,1926000,1027000,2182000,2074000,2209000,2052000]",767,16788000,9
1,13,10,"[858,340,477,411,1255,1119,306,407,265,742]","[2407000,949000,1332000,1100000,3493000,3154000,804000,1225000,752000,2086000]",1255,17302000,13
1,14,10,"[489,188,388,393,408,566,803,906,631,1254]","[1319000,508000,1098000,1111000,1158000,1605000,2347000,2530000,1838000,3528000]",1254,17042000,15
1,15,10,"[671,550,896,380,384,1029,236,532,786,668]","[1831000,1440000,2605000,1021000,1085000,2914000,682000,1517000,2196000,1908000]",1029,17199000,15
1,16,10,"[914,780,505,268,308,236,1176,854,257,461]","[2599000,2178000,1426000,752000,886000,677000,3454000,2500000,694000,1296000]",1176,16462000,19
1,17,10,"[229,766,638,373,223,719,804,646,344,1006]","[647000,2198000,1821000,1075000,641000,2058000,2328000,1793000,1003000,2957000]",1006,16521000,21
1,18,10,"[697,526,489,345,1177,330,1092,240,995,308]","[1981000,1494000,1323000,981000,3248000,933000,3029000,645000,2776000,931000]",1177,17341000,11
1,19,10,"[1339,1173,286,441,564,476,339,306,351,554]","[3775000,3285000,800000,1359000,1556000,1336000,962000,867000,1032000,1621000]",1339,16593000,13
1,20,10,"[490,327,471,386,773,726,982,385,960,270]","[1454000,916000,1335000,1131000,2138000,2136000,2805000,1129000,2793000,738000]",982,16575000,21
1,21,10,"[310,1314,1342,270,333,285,370,991,340,289]","[884000,3886000,3734000,750000,999000,837000,1040000,2792000,930000,804000]",1342,16656000,19
1,22,10,"[369,1021,229,749,200,637,409,729,849,692]","[1055000,2984000,638000,2118000,563000,1831000,1145000,2076000,2413000,1939000]",1021,16762000,19
1,23,10,"[382,486,310,1584,402,983,310,512,428,537]","[1089000,1359000,817000,4657000,1157000,2801000,881000,1411000,1177000,1503000]",1584,16852000,19
1,24,10,"[590,352,635,486,337,445,487,1281,677,533]","[1700000,1026000,1762000,1329000,965000,1288000,1445000,3623000,1905000,1549000]",1281,16592000,17
1,25,10,"[278,275,1017,1426,520,809,200,525,723,347]","[773000,793000,2879000,4011000,1446000,2354000,581000,1420000,2003000,964000]",1426,17224000,11
1,26,10,"[655,782,682,418,264,599,425,483,762,811]","[1859000,2216000,1953000,1209000,762000,1726000,1201000,1352000,2236000,2235000]",811,16749000,15
1,27,10,"[704,330,317,1440,413,858,211,430,273,695]","[2002000,911000,883000,4212000,1186000,2478000,626000,1220000,774000,2013000]",1440,16305000,19
1,28,10,"[320,1730,229,687,460,456,253,503,316,386]","[934000,5131000,618000,2039000,1407000,1309000,755000,1445000,890000,1111000]",1730,15639000,17
1,29,10,"[463,392,354,627,518,479,1049,278,257,1027]","[1355000,1101000,1026000,1846000,1493000,1379000,3131000,805000,726000,2965000]",1049,15827000,15
1,30,10,"[539,473,553,346,681,520,952,362,291,1093]","[1583000,1351000,1553000,923000,1922000,1523000,2657000,1027000,822000,3266000]",1093,16627000,21
1,31,10,"[650,708,485,603,501,405,344,264,802,928]","[1802000,2038000,1437000,1689000,1482000,1202000,991000,771000,2219000,2784000]",928,16415000,19
1,32,10,"[214,615,1094,354,687,557,208,619,447,872]","[593000,1772000,3208000,998000,1942000,1625000,608000,1760000,1214000,2563000]",1094,16283000,23
1,33,10,"[265,154,337,375,340,952,628,1047,717,1137]","[770000,429000,967000,1069000,919000,2698000,1830000,2907000,2087000,3200000]",1137,16876000,13
1,34,10,"[285,366,711,257,228,456,616,227,1289,1267]","[784000,1040000,1929000,700000,627000,1302000,1788000,636000,3873000,3692000]",1289,16371000,21
1,35,10,"[461,311,302,329,257,255,1631,395,373,1511]","[1398000,858000,887000,937000,700000,692000,4648000,1080000,1033000,4340000]",1631,16573000,15
1,36,10,"[490,358,776,211,533,720,1046,231,632,1013]","[1340000,1021000,2149000,605000,1516000,2048000,2875000,636000,1804000,2986000]",1046,16980000,9
1,37,10,"[769,1268,1159,349,175,757,443,255,415,412]","[2183000,3679000,3251000,1006000,476000,2083000,1219000,720000,1163000,1200000]",1268,16980000,7
1,38,10,"[261,557,1106,674,594,501,550,931,622,224]","[714000,1611000,3183000,1861000,1659000,1395000,1501000,2716000,1715000,625000]",1106,16980000,13
1,39,10,"[547,264,1051,426,574,336,904,504,518,839]","[1558000,720000,3127000,1193000,1616000,933000,2518000,1407000,1447000,2406000]",1051,16925000,27
1,40,10,"[455,268,1229,353,539,411,466,399,1026,617]","[1315000,767000,3635000,992000,1501000,1145000,1291000,1132000,2931000,1774000]",1229,16483000,15
2,1,10,"[576,240,540,1098,646,1134,398,470,479,356]","[1617000,678000,1459000,3175000,1787000,3300000,1135000,1319000,1320000,1001000]",1134,16791000,13
2,2,10,"[342,784,806,315,557,574,600,519,473,610]","[957000,2360000,2398000,866000,1558000,1684000,1722000,1563000,1294000,1751000]",806,16153000,29
2,3,10,"[203,495,1281,302,529,370,348,244,349,2066]","[574000,1339000,3614000,844000,1508000,1038000,941000,725000,1031000,5715000]",2066,17329000,17
2,4,10,"[856,897,723,689,654,427,248,425,323,522]","[2516000,2529000,2045000,1990000,1899000,1212000,706000,1223000,929000,1449000]",897,16498000,15
2,5,10,"[993,217,530,823,425,575,714,1064,241,338]","[2664000,617000,1542000,2382000,1239000,1659000,2049000,2974000,664000,988000]",1064,16778000,17
2,6,10,"[761,627,530,538,775,280,524,634,370,682]","[2199000,1792000,1561000,1580000,2161000,789000,1475000,1771000,1030000,2029000]",775,16387000,19
2,7,10,"[784,615,449,1146,287,247,648,531,411,440]","[2273000,1794000,1309000,3389000,868000,693000,1817000,1486000,1181000,1233000]",1146,16043000,23
2,8,10,"[1373,589,729,635,373,593,438,424,298,514]","[3865000,1668000,2055000,1792000,1096000,1651000,1215000,1199000,837000,1499000]",1373,16877000,15
2,9,10,"[646,510,926,192,584,803,300,287,570,950]","[1816000,1463000,2707000,521000,1643000,2282000,864000,798000,1695000,2693000]",950,16482000,29
2,10,10,"[512,437,632,482,524,817,666,546,730,426]","[1438000,1243000,1778000,1378000,1537000,2255000,1966000,1567000,2213000,1162000]",817,16537000,19
2,11,10,"[523,240,657,644,1093,1109,257,252,426,525]","[1557000,690000,1856000,1799000,3187000,3175000,741000,666000,1176000,1535000]",1109,16382000,19
2,12,10,"[398,1123,407,353,543,397,347,319,1175,552]","[1081000,3309000,1158000,1051000,1561000,1100000,1000000,900000,3472000,1558000]",1175,16190000,25
2,13,10,"[268,1042,994,255,830,189,460,304,902,618]","[791000,2951000,2855000,750000,2356000,531000,1256000,840000,2600000,1754000]",1042,16684000,19
2,14,10,"[1186,577,616,229,723,574,264,1014,516,284]","[3442000,1628000,1766000,602000,2070000,1648000,780000,2888000,1358000,787000]",1186,16969000,21
2,15,10,"[447,519,2539,420,182,263,393,299,422,255]","[1312000,1502000,7298000,1218000,493000,742000,1116000,838000,1171000,714000]",2539,16404000,27
2,16,10,"[942,803,758,452,208,861,643,226,441,715]","[2652000,2230000,2162000,1275000,614000,2430000,1717000,656000,1248000,2025000]",942,17009000,15
2,17,10,"[445,387,430,1329,381,208,912,425,700,445]","[1298000,1090000,1239000,3944000,1068000,574000,2658000,1174000,1961000,1263000]",1329,16269000,19
2,18,10,"[335,850,781,807,505,488,818,693,302,457]","[927000,2447000,2194000,2268000,1362000,1390000,2309000,1953000,832000,1326000]",850,17008000,11
2,19,10,"[554,590,342,366,695,186,700,794,1096,633]","[1510000,1696000,1005000,1027000,1972000,519000,1956000,2279000,3127000,1769000]",1096,16860000,19
2,20,10,"[480,555,461,1160,542,333,880,444,633,539]","[1426000,1560000,1265000,3291000,1552000,905000,2494000,1220000,1860000,1456000]",1160,17029000,15
2,21,10,"[557,779,412,301,668,1836,509,340,271,282]","[1589000,2181000,1107000,825000,1906000,5230000,1453000,998000,739000,798000]",1836,16826000,15
2,22,10,"[1063,288,508,391,867,598,970,193,562,421]","[3041000,775000,1464000,1097000,2520000,1691000,2768000,533000,1610000,1196000]",1063,16695000,17
2,23,10,"[641,552,320,367,540,636,827,968,382,605]","[1836000,1626000,904000,993000,1591000,1804000,2375000,2712000,1095000,1716000]",968,16652000,17
2,24,10,"[256,296,344,1136,322,409,1314,659,584,281]","[704000,833000,1030000,3262000,887000,1173000,3921000,1870000,1651000,841000]",1314,16172000,11
2,25,10,"[618,451,504,615,369,938,406,507,662,975]","[1731000,1265000,1437000,1729000,993000,2565000,1205000,1488000,1814000,2772000]",975,16999000,13
2,26,10,"[439,929,615,205,421,961,452,1001,347,517]","[1261000,2668000,1724000,593000,1161000,2723000,1270000,2817000,980000,1484000]",1001,16681000,7
2,27,10,"[359,1329,264,366,293,619,687,525,339,899]","[1033000,3966000,729000,1050000,874000,1720000,1939000,1501000,955000,2528000]",1329,16295000,21
2,28,10,"[648,304,475,451,715,179,343,925,1226,413]","[1899000,827000,1337000,1257000,2108000,517000,995000,2602000,3633000,1132000]",1226,16307000,13
2,29,10,"[778,677,323,650,675,688,306,700,773,341]","[2180000,1891000,940000,1865000,1944000,1934000,855000,1902000,2271000,993000]",778,16775000,15
2,30,10,"[887,475,346,688,1306,824,291,262,668,369]","[2473000,1348000,935000,1900000,3761000,2284000,813000,713000,1918000,1038000]",1306,17183000,7
2,31,10,"[515,383,623,514,293,347,952,377,606,1156]","[1471000,1074000,1751000,1517000,832000,988000,2646000,1034000,1684000,3446000]",1156,16443000,15
2,32,10,"[564,450,954,585,798,414,501,502,850,206]","[1662000,1294000,2759000,1650000,2217000,1143000,1389000,1437000,2535000,556000]",954,16642000,17
2,33,10,"[817,392,576,652,631,459,549,829,353,491]","[2269000,1146000,1608000,1838000,1772000,1296000,1542000,2426000,1004000,1521000]",829,16422000,15
2,34,10,"[700,677,344,755,395,253,526,238,925,856]","[2002000,1975000,1014000,2203000,1129000,711000,1480000,678000,2588000,2470000]",925,16250000,19
2,35,10,"[732,185,643,420,486,246,347,906,391,1513]","[2115000,513000,1820000,1188000,1323000,652000,994000,2543000,1079000,4472000]",1513,16699000,15
2,36,10,"[1100,371,319,448,322,725,309,795,365,1073]","[3112000,1027000,953000,1320000,887000,2050000,860000,2271000,1001000,3139000]",1100,16620000,13
2,37,10,"[564,1573,750,235,532,914,709,187,229,388]","[1632000,4447000,2078000,641000,1447000,2543000,2009000,517000,692000,1079000]",1573,17085000,23
2,38,10,"[846,545,748,704,710,630,307,502,354,300]","[2465000,1492000,2177000,1973000,2064000,1841000,855000,1446000,1002000,876000]",846,16191000,13
2,39,10,"[335,231,882,746,344,508,440,887,603,823]","[928000,621000,2535000,2065000,1004000,1496000,1222000,2567000,1737000,2372000]",887,16547000,19
2,40,10,"[1773,385,331,476,617,258,794,415,674,224]","[4940000,1100000,942000,1327000,1855000,726000,2221000,1171000,1925000,649000]",1773,16856000,9
3,1,10,"[339,392,254,1729,581,226,265,506,588,1192]","[937000,1024000,718000,4985000,1688000,631000,779000,1424000,1645000,3326000]",1729,17157000,15
3,2,10,"[332,526,535,286,1084,187,740,1209,298,759]","[922000,1433000,1528000,840000,3059000,482000,2117000,3555000,845000,2152000]",1209,16933000,23
3,3,10,"[1539,524,354,427,553,722,413,321,199,518]","[4607000,1486000,1012000,1199000,1568000,2102000,1146000,917000,569000,1542000]",1539,16148000,19
3,4,10,"[914,614,694,320,522,219,742,474,712,712]","[2647000,1789000,1922000,870000,1506000,612000,2075000,1328000,2037000,2104000]",914,16890000,15
3,5,10,"[444,476,385,596,350,876,1695,430,381,329]","[1341000,1374000,1115000,1652000,1003000,2499000,4735000,1196000,1098000,922000]",1695,16935000,31
3,6,10,"[1461,471,357,420,399,333,406,892,627,233]","[4332000,1336000,965000,1167000,1167000,929000,1181000,2585000,1810000,721000]",1461,16193000,21
3,7,10,"[412,457,338,1001,275,786,565,1327,240,556]","[1166000,1326000,914000,2742000,787000,2238000,1634000,3897000,666000,1575000]",1327,16945000,9
3,8,10,"[399,571,744,590,1089,958,618,312,398,420]","[1140000,1649000,2081000,1654000,3173000,2705000,1689000,806000,1139000,1163000]",1089,17199000,19
3,9,10,"[267,683,776,297,306,912,595,1442,383,370]","[703000,1978000,2163000,807000,843000,2638000,1742000,4048000,1117000,1061000]",1442,17100000,17
3,10,10,"[503,722,731,312,585,475,648,704,600,530]","[1430000,2116000,2068000,842000,1692000,1317000,1887000,2113000,1664000,1517000]",731,16646000,15
3,11,10,"[489,958,710,306,254,1057,756,480,386,641]","[1409000,2723000,2101000,883000,724000,2990000,2101000,1392000,1026000,1787000]",1057,17136000,17
3,12,10,"[619,509,994,692,912,366,376,588,397,576]","[1691000,1489000,2853000,1972000,2586000,1031000,1061000,1638000,1093000,1650000]",994,17064000,11
3,13,10,"[517,298,780,665,420,1229,766,668,427,284]","[1435000,834000,2266000,1886000,1189000,3463000,2138000,1923000,1229000,780000]",1229,17143000,19
3,14,10,"[1075,329,228,257,946,1012,435,511,741,619]","[3014000,916000,636000,684000,2631000,2937000,1206000,1469000,2080000,1769000]",1075,17342000,19
3,15,10,"[1320,576,318,484,978,439,475,203,820,498]","[3807000,1666000,864000,1422000,2752000,1204000,1351000,586000,2297000,1332000]",1320,17281000,13
3,16,10,"[1120,418,542,296,450,948,576,963,233,372]","[3237000,1191000,1566000,850000,1279000,2645000,1572000,2808000,645000,1068000]",1120,16861000,15
3,17,10,"[570,531,777,663,846,319,317,503,663,642]","[1647000,1508000,2259000,1822000,2563000,881000,867000,1421000,1916000,1861000]",846,16745000,15
3,18,10,"[441,1047,1070,584,757,401,450,474,230,489]","[1287000,2979000,3035000,1696000,2145000,1139000,1255000,1328000,652000,1386000]",1070,16902000,17
3,19,10,"[581,323,857,720,407,498,370,440,854,911]","[1663000,982000,2449000,2157000,1134000,1371000,1067000,1228000,2345000,2573000]",911,16969000,13
3,20,10,"[357,296,1040,369,480,663,911,570,598,743]","[1038000,862000,2963000,1009000,1368000,1875000,2539000,1627000,1692000,2147000]",1040,17120000,15
3,21,10,"[467,287,220,527,1082,1322,642,764,322,240]","[1306000,853000,584000,1507000,3185000,3696000,1836000,2182000,937000,708000]",1322,16794000,19
3,22,10,"[756,280,839,282,878,376,846,772,737,199]","[2214000,749000,2355000,790000,2466000,1061000,2495000,2241000,2016000,566000]",878,16953000,17
3,23,10,"[431,374,1404,265,530,437,1184,598,298,319]","[1216000,1054000,3895000,755000,1556000,1226000,3413000,1744000,896000,950000]",1404,16705000,15
3,24,10,"[459,1166,1163,827,462,440,489,338,237,377]","[1284000,3432000,3375000,2276000,1267000,1278000,1344000,935000,691000,1030000]",1166,16912000,21
3,25,10,"[432,512,890,338,456,733,579,504,537,778]","[1231000,1456000,2616000,958000,1269000,2066000,1686000,1446000,1582000,2274000]",890,16584000,17
3,26,10,"[426,374,1917,499,375,548,238,581,326,672]","[1225000,1050000,5391000,1411000,1068000,1585000,609000,1658000,970000,1925000]",1917,16892000,13
3,27,10,"[738,971,291,220,497,773,425,863,558,712]","[2041000,2817000,775000,632000,1406000,2206000,1213000,2390000,1527000,2117000]",971,17124000,15
3,28,10,"[538,1680,509,669,444,356,285,515,622,416]","[1508000,4760000,1477000,1881000,1205000,1026000,837000,1429000,1772000,1190000]",1680,17085000,17
3,29,10,"[875,1079,382,295,415,648,519,365,953,641]","[2421000,3114000,1040000,866000,1193000,1812000,1456000,1038000,2652000,1776000]",1079,17368000,9
3,30,10,"[813,722,248,909,505,319,514,211,1347,276]","[2306000,2078000,688000,2565000,1441000,944000,1406000,555000,3984000,786000]",1347,16753000,21
3,31,10,"[500,567,744,697,1233,351,584,763,165,489]","[1398000,1566000,2088000,1979000,3471000,944000,1678000,2186000,443000,1427000]",1233,17180000,15
3,32,10,"[936,343,415,1105,379,570,708,313,323,978]","[2602000,959000,1187000,3109000,1046000,1650000,2035000,857000,928000,2834000]",1105,17207000,13
3,33,10,"[759,855,462,777,496,710,412,609,357,380]","[2251000,2484000,1319000,2219000,1426000,2019000,1169000,1716000,979000,1094000]",855,16676000,17
3,34,10,"[701,317,683,585,469,966,324,589,910,519]","[1921000,867000,1941000,1739000,1301000,2760000,907000,1735000,2507000,1502000]",966,17180000,19
3,35,10,"[510,550,536,648,866,389,459,425,715,724]","[1418000,1600000,1518000,1854000,2494000,1154000,1317000,1230000,2043000,2036000]",866,16664000,19
3,36,10,"[875,696,558,742,806,752,253,330,409,649]","[2622000,1977000,1541000,2036000,2186000,2128000,695000,921000,1175000,1899000]",875,17180000,13
3,37,10,"[505,734,1012,251,445,981,469,684,489,493]","[1469000,2009000,2873000,691000,1237000,2724000,1303000,1959000,1424000,1433000]",1012,17122000,11
3,38,10,"[696,283,796,770,216,740,807,356,823,395]","[1992000,771000,2294000,2204000,633000,2235000,2291000,979000,2357000,1040000]",823,16796000,13
3,39,10,"[740,944,397,567,518,402,481,1022,649,321]","[2078000,2650000,1094000,1583000,1519000,1143000,1351000,2937000,1830000,933000]",1022,17118000,13
3,40,10,"[730,688,426,455,524,339,1117,638,523,435]","[2008000,1928000,1239000,1298000,1465000,990000,3255000,1829000,1496000,1254000]",1117,16762000,17
4,1,10,"[822,637,452,333,535,542,321,1316,670,523]","[2333000,1768000,1291000,901000,1488000,1541000,863000,3646000,1934000,1494000]",1316,17259000,15
4,2,10,"[523,571,450,516,1197,353,643,474,652,467]","[1470000,1600000,1287000,1534000,3541000,1052000,1811000,1251000,1885000,1328000]",1197,16759000,15
4,3,10,"[434,459,504,1043,283,535,938,782,371,409]","[1228000,1333000,1384000,3058000,779000,1520000,2753000,2225000,1057000,1195000]",1043,16532000,25
4,4,10,"[757,764,862,875,338,418,526,314,569,594]","[2147000,2089000,2455000,2547000,961000,1195000,1474000,855000,1585000,1720000]",875,17028000,21
4,5,10,"[770,487,483,932,800,783,213,575,345,646]","[2224000,1380000,1383000,2737000,2272000,2162000,588000,1585000,981000,1815000]",932,17127000,23
4,6,10,"[640,1024,372,547,454,320,563,503,858,459]","[1756000,3098000,1051000,1510000,1345000,927000,1645000,1360000,2439000,1344000]",1024,16475000,15
4,7,10,"[240,245,705,825,409,213,507,1161,868,805]","[684000,670000,1987000,2350000,1119000,576000,1483000,3392000,2461000,2291000]",1161,17013000,11
4,8,10,"[401,1217,313,377,346,635,702,665,1047,440]","[1114000,3419000,854000,1073000,961000,1810000,1978000,1899000,2959000,1233000]",1217,17300000,11
4,9,10,"[353,308,314,558,273,252,787,324,1314,1664]","[1037000,913000,887000,1569000,749000,698000,2228000,934000,3648000,4668000]",1664,17331000,11
4,10,10,"[481,544,618,417,213,1086,565,693,582,542]","[1348000,1585000,1757000,1180000,608000,3223000,1599000,1930000,1696000,1528000]",1086,16454000,15
4,11,10,"[889,517,577,274,850,647,321,364,494,935]","[2635000,1430000,1649000,775000,2356000,1928000,905000,1035000,1391000,2666000]",935,16770000,17
4,12,10,"[348,713,370,866,360,516,644,779,814,382]","[980000,2101000,1040000,2484000,1074000,1426000,1840000,2275000,2336000,1097000]",866,16653000,21
4,13,10,"[646,532,556,801,569,863,415,514,274,827]","[1811000,1507000,1547000,2289000,1634000,2443000,1172000,1516000,779000,2386000]",863,17084000,11
4,14,10,"[815,407,657,218,1219,1299,546,388,169,386]","[2278000,1169000,1866000,631000,3431000,3624000,1527000,1140000,491000,1096000]",1299,17253000,19
4,15,10,"[288,407,568,607,277,436,321,1287,1052,673]","[789000,1201000,1624000,1739000,788000,1226000,893000,3617000,3058000,1937000]",1287,16872000,17
4,16,10,"[1015,372,378,337,1020,473,200,1098,355,698]","[3023000,1068000,1099000,942000,2827000,1300000,577000,3067000,1039000,2001000]",1098,16943000,11
4,17,10,"[416,414,375,609,266,1146,777,398,929,505]","[1180000,1167000,1080000,1708000,750000,3342000,2125000,1135000,2655000,1490000]",1146,16632000,23
4,18,10,"[361,990,875,375,382,337,324,395,1020,650]","[1037000,2895000,2489000,1053000,1101000,956000,900000,1150000,2964000,1913000]",1020,16458000,17
4,19,10,"[503,261,390,257,740,422,306,884,1256,706]","[1419000,711000,1059000,691000,2167000,1211000,865000,2488000,3788000,2069000]",1256,16468000,21
4,20,10,"[635,410,258,1007,842,270,1010,388,716,335]","[1793000,1117000,711000,2942000,2374000,759000,2912000,1187000,2051000,907000]",1010,16753000,11
4,21,10,"[583,559,311,408,681,454,548,650,797,827]","[1728000,1658000,917000,1098000,1881000,1334000,1577000,1891000,2228000,2399000]",827,16711000,23
4,22,10,"[672,704,822,956,412,293,916,540,459,219]","[1881000,1949000,2262000,2842000,1175000,828000,2678000,1483000,1315000,601000]",956,17014000,17
4,23,10,"[1271,306,437,359,393,859,760,418,762,395]","[3742000,882000,1198000,1014000,1124000,2456000,2196000,1111000,2127000,1162000]",1271,17012000,11
4,24,10,"[583,503,1242,406,1059,492,489,473,319,218]","[1685000,1432000,3515000,1168000,3177000,1401000,1395000,1329000,905000,599000]",1242,16606000,15
4,25,10,"[1455,378,235,472,1159,552,680,214,253,566]","[4149000,1059000,668000,1377000,3206000,1605000,1907000,597000,716000,1638000]",1455,16922000,15
4,26,10,"[784,390,597,284,475,404,1451,788,466,499]","[2212000,1090000,1659000,839000,1321000,1134000,4171000,2139000,1310000,1453000]",1451,17328000,15
4,27,10,"[230,931,1045,374,821,748,355,580,266,472]","[676000,2647000,3128000,1074000,2293000,2052000,1035000,1693000,718000,1335000]",1045,16651000,17
4,28,10,"[399,520,920,523,802,440,868,235,797,457]","[1119000,1518000,2554000,1463000,2268000,1225000,2521000,655000,2340000,1276000]",920,16939000,17
4,29,10,"[1289,385,423,353,423,1106,491,317,415,700]","[3673000,1073000,1274000,1016000,1218000,3136000,1398000,920000,1127000,2029000]",1289,16864000,17
4,30,10,"[283,902,901,333,512,1045,507,309,648,631]","[814000,2542000,2581000,925000,1425000,2936000,1449000,861000,1761000,1899000]",1045,17193000,13
4,31,10,"[708,240,241,798,352,701,936,679,502,931]","[2034000,673000,689000,2264000,968000,2012000,2593000,1901000,1401000,2642000]",936,17177000,19
4,32,10,"[535,1481,387,1056,540,455,341,325,208,305]","[1491000,4463000,1188000,3013000,1563000,1288000,977000,866000,576000,891000]",1481,16316000,11
4,33,10,"[513,901,972,751,387,231,900,496,251,493]","[1393000,2610000,2655000,2090000,1158000,686000,2656000,1448000,751000,1373000]",972,16820000,17
4,34,10,"[1331,454,377,223,417,540,303,764,624,787]","[3886000,1265000,1059000,647000,1149000,1506000,885000,2188000,1799000,2285000]",1331,16669000,21
4,35,10,"[471,373,527,615,555,965,361,178,803,923]","[1374000,1082000,1507000,1743000,1606000,2779000,1055000,499000,2332000,2582000]",965,16559000,19
4,36,10,"[486,273,296,295,552,1018,910,1088,246,915]","[1332000,762000,829000,823000,1583000,2945000,2549000,3148000,663000,2538000]",1088,17172000,13
4,37,10,"[1097,1106,324,491,837,353,545,380,207,621]","[3094000,3217000,888000,1405000,2434000,961000,1596000,1039000,579000,1739000]",1106,16952000,17
4,38,10,"[520,1163,760,493,408,339,491,860,210,794]","[1441000,3429000,2177000,1357000,1155000,956000,1384000,2434000,564000,2239000]",1163,17136000,17
4,39,10,"[650,515,497,546,331,149,290,723,392,1617]","[1857000,1460000,1378000,1539000,900000,439000,827000,2127000,1055000,4843000]",1617,16425000,19
4,40,10,"[894,1202,409,477,377,493,701,322,807,342]","[2581000,3484000,1169000,1381000,1050000,1377000,2006000,869000,2181000,966000]",1202,17064000,9
5,1,10,"[283,395,1076,584,369,313,481,338,755,1433]","[785000,1134000,2971000,1650000,1038000,876000,1353000,938000,2081000,4078000]",1433,16904000,17
5,2,10,"[621,575,745,660,385,893,366,396,365,626]","[1712000,1645000,2108000,1908000,1141000,2611000,1029000,1143000,1067000,1779000]",893,16143000,21
5,3,10,"[891,474,357,848,289,467,858,371,438,847]","[2463000,1366000,1002000,2466000,805000,1341000,2440000,993000,1235000,2465000]",891,16576000,19
5,4,10,"[568,1201,287,235,1044,480,212,514,401,938]","[1577000,3495000,806000,633000,2912000,1370000,616000,1425000,1144000,2703000]",1201,16681000,17
5,5,10,"[255,341,801,1437,339,497,317,173,917,781]","[724000,959000,2307000,4070000,939000,1383000,841000,482000,2572000,2297000]",1437,16574000,17
5,6,10,"[307,262,570,676,554,492,858,1029,257,679]","[826000,719000,1593000,1892000,1586000,1347000,2483000,3094000,703000,1973000]",1029,16216000,15
5,7,10,"[389,209,619,639,1556,819,337,318,555,408]","[1158000,583000,1766000,1782000,4354000,2352000,999000,885000,1557000,1151000]",1556,16587000,17
5,8,10,"[303,506,1466,770,568,469,215,256,1177,252]","[828000,1383000,4258000,2138000,1652000,1300000,595000,720000,3215000,771000]",1466,16860000,15
5,9,10,"[301,1274,228,743,216,519,634,925,502,288]","[894000,3793000,629000,2137000,611000,1438000,1815000,2567000,1424000,837000]",1274,16145000,23
5,10,10,"[435,965,312,405,492,940,388,421,469,918]","[1213000,2818000,862000,1212000,1340000,2690000,1085000,1140000,1376000,2668000]",965,16404000,19
5,11,10,"[617,431,686,413,790,263,1093,637,467,351]","[1773000,1168000,1960000,1207000,2240000,700000,3242000,1819000,1308000,986000]",1093,16403000,17
5,12,10,"[1049,543,249,478,344,599,237,1107,994,464]","[2863000,1524000,705000,1370000,991000,1671000,660000,3059000,2786000,1393000]",1107,17022000,21
5,13,10,"[518,466,718,514,472,948,499,301,523,623]","[1490000,1376000,2032000,1461000,1376000,2750000,1441000,873000,1504000,1796000]",948,16099000,35
5,14,10,"[534,328,410,459,677,1449,264,686,828,240]","[1509000,944000,1123000,1327000,1933000,4065000,738000,1938000,2418000,657000]",1449,16652000,25
5,15,10,"[775,548,646,445,743,278,678,670,708,370]","[2173000,1549000,1910000,1273000,2134000,799000,1824000,1875000,2007000,1055000]",775,16599000,9
5,16,10,"[763,472,449,329,793,736,537,684,495,352]","[2154000,1294000,1284000,905000,2270000,2209000,1531000,1982000,1513000,1007000]",793,16149000,19
5,17,10,"[740,380,269,331,495,426,1048,1107,290,818]","[2062000,1063000,781000,944000,1382000,1260000,3004000,3115000,796000,2259000]",1107,16666000,17
5,18,10,"[544,344,269,907,824,322,858,354,844,356]","[1532000,943000,739000,2606000,2416000,912000,2481000,1021000,2473000,1043000]",907,16166000,15
5,19,10,"[386,981,383,764,452,636,313,628,729,450]","[1120000,2807000,1091000,2175000,1314000,1818000,894000,1821000,2041000,1239000]",981,16320000,17
5,20,10,"[342,420,278,1632,247,366,972,399,930,358]","[954000,1173000,823000,4581000,668000,1041000,2768000,1115000,2670000,980000]",1632,16773000,15
5,21,10,"[229,759,532,549,281,646,597,289,809,920]","[617000,2193000,1551000,1575000,829000,1898000,1700000,786000,2356000,2654000]",920,16159000,19
5,22,10,"[497,998,307,546,295,265,981,1003,376,369]","[1405000,2857000,861000,1578000,839000,761000,2808000,2954000,1041000,1051000]",1003,16155000,15
5,23,10,"[388,371,873,726,267,489,948,913,592,284]","[1112000,1074000,2486000,2007000,742000,1500000,2754000,2514000,1598000,808000]",948,16595000,13
5,24,10,"[440,637,405,434,564,456,720,693,703,863]","[1279000,1859000,1156000,1179000,1519000,1317000,1991000,2002000,1946000,2480000]",863,16728000,15
5,25,10,"[1258,261,484,278,349,357,925,488,924,289]","[3701000,726000,1307000,755000,943000,978000,2809000,1399000,2697000,815000]",1258,16130000,23
5,26,10,"[452,1109,1051,480,191,379,258,537,291,1101]","[1277000,3212000,2906000,1383000,537000,1121000,695000,1560000,807000,3114000]",1109,16612000,19
5,27,10,"[357,632,1147,284,197,859,857,325,907,236]","[1027000,1730000,3419000,850000,540000,2467000,2362000,888000,2552000,656000]",1147,16491000,11
5,28,10,"[497,443,250,627,792,351,339,1177,720,597]","[1402000,1261000,666000,1751000,2194000,981000,942000,3374000,2090000,1800000]",1177,16461000,19
5,29,10,"[488,303,671,408,377,632,1145,464,822,692]","[1385000,808000,1927000,1137000,1035000,1761000,3324000,1337000,2274000,1867000]",1145,16855000,15
5,30,10,"[276,343,620,319,262,789,493,263,199,2496]","[789000,936000,1779000,915000,697000,2244000,1385000,766000,564000,6952000]",2496,17027000,21
5,31,10,"[1347,782,237,227,781,565,642,459,647,304]","[3826000,2188000,663000,659000,2179000,1544000,1806000,1326000,1842000,839000]",1347,16872000,21
5,32,10,"[823,567,734,777,653,357,486,450,232,795]","[2210000,1588000,2031000,2348000,1880000,978000,1320000,1350000,667000,2286000]",823,16658000,15
5,33,10,"[728,605,689,500,414,399,856,519,725,318]","[2138000,1740000,1962000,1417000,1179000,1178000,2353000,1485000,2052000,888000]",856,16392000,21
5,34,10,"[959,353,311,328,739,973,394,358,1055,265]","[2697000,1003000,868000,856000,2045000,2879000,1102000,984000,3154000,792000]",1055,16380000,17
5,35,10,"[498,685,1402,224,493,504,364,1014,577,382]","[1386000,1900000,3873000,643000,1413000,1422000,997000,2869000,1600000,1085000]",1402,17188000,17
5,36,10,"[558,542,356,326,1124,474,596,815,282,675]","[1594000,1490000,968000,997000,3202000,1353000,1726000,2349000,762000,1950000]",1124,16391000,17
5,37,10,"[514,685,815,393,394,780,691,277,615,519]","[1473000,2039000,2380000,1104000,1087000,2295000,1950000,785000,1708000,1470000]",815,16291000,11
5,38,10,"[691,642,613,224,346,344,974,299,1306,318]","[1954000,1863000,1760000,609000,974000,1018000,2746000,864000,3739000,858000]",1306,16385000,21
5,39,10,"[1017,430,1191,326,542,428,424,505,608,499]","[2835000,1237000,3342000,937000,1540000,1130000,1219000,1421000,1733000,1446000]",1191,16840000,19
5,40,10,"[661,750,634,541,276,583,537,763,374,710]","[1798000,2186000,1760000,1508000,798000,1608000,1531000,2209000,1081000,2079000]",763,16558000,17
6,1,10,"[344,429,984,594,1167,260,344,349,323,1254]","[966000,1230000,2850000,1671000,3205000,756000,994000,956000,891000,3606000]",1254,17125000,17
6,2,10,"[683,586,546,948,579,1106,220,316,557,512]","[1961000,1608000,1522000,2692000,1596000,3215000,608000,907000,1510000,1534000]",1106,17153000,9
6,3,10,"[949,317,571,392,968,535,379,1133,573,370]","[2597000,891000,1591000,1096000,2721000,1502000,1043000,3234000,1704000,1069000]",1133,17448000,13
6,4,10,"[460,277,1349,405,700,460,424,347,1243,273]","[1316000,777000,3763000,1125000,1983000,1334000,1152000,1017000,3617000,825000]",1349,16909000,27
6,5,10,"[395,1092,191,635,335,245,629,939,245,1157]","[1122000,3216000,514000,1782000,961000,667000,1801000,2715000,663000,3361000]",1157,16802000,23
6,6,10,"[1084,665,904,323,227,657,436,278,1247,558]","[3051000,1879000,2574000,904000,598000,1781000,1196000,726000,3577000,1541000]",1247,17827000,19
6,7,10,"[856,520,442,299,297,457,741,441,1556,388]","[2372000,1437000,1247000,856000,829000,1322000,2055000,1299000,4613000,1071000]",1556,17101000,13
6,8,10,"[354,768,816,1385,439,208,163,1149,303,328]","[1011000,2133000,2316000,4011000,1204000,578000,454000,3332000,858000,974000]",1385,16871000,25
6,9,10,"[646,347,285,582,324,330,841,295,1553,696]","[1851000,991000,833000,1699000,895000,951000,2328000,815000,4536000,1971000]",1553,16870000,11
6,10,10,"[1096,284,275,342,1080,301,300,700,1226,606]","[3243000,783000,769000,921000,2987000,821000,859000,1970000,3439000,1725000]",1226,17517000,11
6,11,10,"[463,619,326,504,923,286,445,972,818,530]","[1291000,1810000,929000,1440000,2592000,830000,1278000,2852000,2272000,1526000]",972,16820000,19
6,12,10,"[632,1079,697,354,375,653,561,212,1073,383]","[1760000,3136000,1994000,990000,1074000,1824000,1567000,576000,3158000,1067000]",1079,17146000,19
6,13,10,"[1453,249,730,455,200,772,423,266,709,470]","[4319000,693000,1997000,1327000,550000,2135000,1212000,766000,2144000,1363000]",1453,16506000,19
6,14,10,"[1579,266,330,539,268,906,610,485,457,515]","[4460000,772000,904000,1561000,722000,2608000,1662000,1458000,1312000,1529000]",1579,16988000,15
6,15,10,"[563,248,507,549,924,425,394,1203,846,524]","[1562000,694000,1498000,1529000,2610000,1251000,1095000,3342000,2380000,1420000]",1203,17381000,15
6,16,10,"[448,407,955,294,339,431,649,1343,414,736]","[1263000,1125000,2735000,807000,966000,1249000,1885000,3902000,1143000,1991000]",1343,17066000,11
6,17,10,"[256,274,239,516,1025,277,1126,620,1024,659]","[735000,755000,685000,1455000,2894000,781000,3227000,1708000,2926000,1889000]",1126,17055000,15
6,18,10,"[374,381,403,1119,292,353,1148,434,513,1027]","[1102000,1098000,1176000,3200000,823000,988000,3169000,1198000,1488000,2917000]",1148,17159000,11
6,19,10,"[329,509,441,307,446,286,1650,544,672,566]","[926000,1402000,1271000,846000,1252000,833000,4920000,1547000,1935000,1618000]",1650,16550000,25
6,20,10,"[459,326,965,433,788,305,521,371,1061,989]","[1311000,907000,2668000,1199000,2244000,850000,1452000,1064000,3030000,2723000]",1061,17448000,17
6,21,10,"[1322,709,673,434,478,513,544,489,311,468]","[3897000,1992000,1866000,1302000,1324000,1462000,1519000,1307000,896000,1362000]",1322,16927000,15
6,22,10,"[319,544,511,663,656,394,219,508,982,1033]","[898000,1517000,1489000,1900000,1885000,1112000,627000,1409000,2862000,3028000]",1033,16727000,21
6,23,10,"[418,619,270,1508,825,537,273,367,795,235]","[1200000,1840000,735000,4337000,2264000,1502000,801000,1070000,2334000,647000]",1508,16730000,21
6,24,10,"[202,598,632,765,1086,420,411,1043,345,416]","[572000,1721000,1856000,2130000,3150000,1268000,1172000,2914000,987000,1168000]",1086,16938000,17
6,25,10,"[493,813,435,893,653,456,227,338,849,821]","[1368000,2337000,1205000,2617000,1852000,1298000,640000,934000,2387000,2383000]",893,17021000,19
6,26,10,"[1007,440,538,261,383,1050,409,255,1498,301]","[2854000,1196000,1522000,759000,1080000,2954000,1142000,714000,4289000,821000]",1498,17331000,19
6,27,10,"[626,408,745,360,1225,444,265,461,1196,266]","[1732000,1185000,2078000,1008000,3472000,1202000,797000,1290000,3472000,805000]",1225,17041000,9
6,28,10,"[303,1016,247,348,681,297,1003,437,808,941]","[858000,2851000,700000,912000,2088000,822000,2775000,1209000,2323000,2645000]",1016,17183000,15
6,29,10,"[308,549,269,1536,654,743,601,809,201,317]","[897000,1540000,760000,4508000,1806000,2079000,1684000,2264000,579000,886000]",1536,17003000,25
6,30,10,"[308,317,999,370,684,758,262,671,299,1301]","[862000,909000,2874000,1103000,1992000,2110000,728000,1906000,865000,3688000]",1301,17037000,17
6,31,10,"[659,417,492,442,367,880,469,1334,586,472]","[1811000,1195000,1423000,1257000,1047000,2489000,1327000,3743000,1631000,1326000]",1334,17249000,17
6,32,10,"[263,298,365,431,455,517,264,1797,772,723]","[754000,827000,1051000,1219000,1291000,1464000,725000,5345000,2162000,1969000]",1797,16807000,17
6,33,10,"[1451,451,417,482,517,436,451,1116,396,213]","[4336000,1280000,1163000,1350000,1439000,1236000,1275000,3101000,1139000,592000]",1451,16911000,29
6,34,10,"[370,280,374,938,1228,659,530,558,225,785]","[1073000,794000,1063000,2644000,3431000,1880000,1550000,1630000,667000,2170000]",1228,16902000,21
6,35,10,"[1044,512,324,409,689,982,415,1107,335,273]","[2902000,1492000,896000,1159000,1909000,2831000,1232000,3108000,943000,758000]",1107,17230000,15
6,36,10,"[826,447,567,716,284,509,344,975,557,708]","[2432000,1239000,1623000,1947000,826000,1501000,958000,2821000,1540000,2008000]",975,16895000,15
6,37,10,"[726,415,856,414,404,339,222,1793,213,323]","[2059000,1210000,2384000,1170000,1113000,951000,603000,5370000,626000,951000]",1793,16437000,21
6,38,10,"[500,831,263,657,1520,908,470,341,298,555]","[1357000,2360000,712000,1863000,4262000,2544000,1381000,952000,802000,1503000]",1520,17736000,11
6,39,10,"[536,1389,658,289,564,536,278,264,1269,446]","[1573000,3961000,1787000,810000,1523000,1564000,759000,699000,3545000,1283000]",1389,17504000,19
6,40,10,"[776,460,281,885,626,348,922,443,934,288]","[2213000,1313000,820000,2451000,1813000,1022000,2678000,1264000,2603000,831000]",934,17008000,13
7,1,10,"[788,1070,911,169,304,746,429,710,416,549]","[2182000,3032000,2557000,485000,821000,2153000,1251000,2003000,1193000,1539000]",1070,17216000,15
7,2,10,"[823,527,348,551,1548,254,873,219,328,263]","[2376000,1544000,966000,1501000,4565000,727000,2501000,570000,924000,715000]",1548,16389000,25
7,3,10,"[774,1233,540,289,359,412,695,305,890,796]","[2171000,3465000,1536000,803000,1037000,1162000,1917000,856000,2481000,2184000]",1233,17612000,15
7,4,10,"[168,849,222,1345,891,448,304,321,763,298]","[463000,2432000,609000,3975000,2556000,1342000,873000,907000,2192000,854000]",1345,16203000,19
7,5,10,"[729,553,245,506,297,921,475,355,920,805]","[2127000,1556000,673000,1413000,827000,2681000,1354000,991000,2687000,2279000]",921,16588000,19
7,6,10,"[312,1130,173,434,714,1176,290,594,545,446]","[878000,3293000,453000,1234000,1978000,3392000,852000,1745000,1555000,1246000]",1176,16626000,13
7,7,10,"[526,340,1327,654,803,551,313,478,527,526]","[1403000,956000,3931000,1847000,2279000,1549000,869000,1351000,1471000,1459000]",1327,17115000,21
7,8,10,"[626,494,565,281,373,865,523,601,736,896]","[1757000,1370000,1591000,805000,1112000,2531000,1447000,1668000,2036000,2595000]",896,16912000,19
7,9,10,"[344,444,523,562,436,531,655,560,1308,748]","[983000,1250000,1472000,1601000,1183000,1482000,1844000,1651000,3698000,2075000]",1308,17239000,17
7,10,10,"[253,613,406,356,235,208,771,821,1358,848]","[716000,1779000,1133000,982000,655000,560000,2166000,2356000,3997000,2382000]",1358,16726000,15
7,11,10,"[422,882,373,285,546,355,1126,288,740,1083]","[1156000,2538000,1055000,807000,1540000,968000,3209000,798000,2042000,3096000]",1126,17209000,7
7,12,10,"[1004,351,644,455,950,244,262,422,1003,668]","[2915000,1034000,1837000,1258000,2580000,713000,745000,1203000,2853000,1868000]",1004,17006000,17
7,13,10,"[1147,204,386,1848,237,356,273,230,327,612]","[3254000,582000,1078000,5524000,690000,997000,738000,633000,972000,1776000]",1848,16244000,11
7,14,10,"[355,235,520,1322,430,365,312,466,826,573]","[967000,681000,1478000,3927000,1240000,1057000,944000,1337000,2488000,1658000]",1322,15777000,21
7,15,10,"[423,441,467,531,725,348,438,327,886,1285]","[1236000,1173000,1391000,1560000,2032000,1000000,1245000,924000,2505000,3672000]",1285,16738000,17
7,16,10,"[705,232,791,832,772,478,640,653,410,581]","[1950000,653000,2233000,2333000,2193000,1355000,1810000,1779000,1192000,1625000]",832,17123000,13
7,17,10,"[592,802,382,358,1304,348,586,400,495,528]","[1638000,2294000,1031000,975000,3880000,1020000,1754000,1120000,1376000,1492000]",1304,16580000,15
7,18,10,"[1031,271,721,1050,473,360,1173,353,223,240]","[3011000,786000,2003000,2976000,1289000,1012000,3427000,1003000,611000,642000]",1173,16760000,7
7,19,10,"[892,464,984,645,688,227,914,450,359,437]","[2563000,1288000,2742000,1851000,1949000,611000,2578000,1284000,990000,1246000]",984,17102000,15
7,20,10,"[1346,428,278,396,409,735,858,516,311,550]","[3947000,1247000,756000,1097000,1168000,2073000,2458000,1397000,919000,1572000]",1346,16634000,15
7,21,10,"[780,413,589,273,247,390,709,1083,680,536]","[2238000,1192000,1677000,750000,685000,1073000,1979000,3196000,1964000,1598000]",1083,16352000,17
7,22,10,"[317,446,861,481,445,1083,630,509,666,415]","[866000,1282000,2528000,1338000,1192000,3198000,1792000,1413000,1907000,1161000]",1083,16677000,21
7,23,10,"[678,850,356,596,1120,353,892,260,431,285]","[1931000,2360000,997000,1643000,3224000,1032000,2665000,727000,1238000,801000]",1120,16618000,19
7,24,10,"[861,253,228,688,556,316,843,1097,639,441]","[2336000,738000,654000,1917000,1545000,920000,2421000,3283000,1806000,1224000]",1097,16844000,15
7,25,10,"[361,606,366,590,525,790,503,890,1135,175]","[962000,1713000,1036000,1656000,1407000,2354000,1442000,2526000,3280000,477000]",1135,16853000,15
7,26,10,"[1007,805,618,1108,448,191,678,445,524,272]","[2907000,2182000,1725000,3154000,1275000,523000,1905000,1245000,1477000,754000]",1108,17147000,7
7,27,10,"[683,704,353,572,426,253,1273,929,390,319]","[1958000,1943000,1015000,1723000,1246000,722000,3565000,2569000,1170000,896000]",1273,16807000,11
7,28,10,"[705,1516,322,510,876,315,553,352,330,521]","[1933000,4302000,870000,1422000,2510000,903000,1567000,988000,1011000,1456000]",1516,16962000,15
7,29,10,"[1200,201,322,631,719,443,549,569,348,751]","[3591000,556000,971000,1806000,2058000,1229000,1500000,1651000,959000,2151000]",1200,16472000,21
7,30,10,"[917,339,569,810,240,411,361,429,684,1101]","[2656000,984000,1588000,2297000,640000,1197000,986000,1219000,1898000,3250000]",1101,16715000,21
7,31,10,"[327,303,1532,427,1583,675,294,376,403,194]","[925000,843000,4296000,1243000,4443000,1878000,840000,1046000,1159000,541000]",1583,17214000,17
7,32,10,"[200,324,529,682,479,417,356,1251,1109,268]","[578000,919000,1542000,1906000,1389000,1185000,973000,3723000,3224000,766000]",1251,16205000,17
7,33,10,"[383,694,884,847,624,226,1068,357,313,498]","[1108000,1950000,2669000,2363000,1841000,604000,2977000,1008000,899000,1329000]",1068,16748000,13
7,34,10,"[399,233,1015,584,342,921,631,865,760,361]","[1086000,652000,2942000,1602000,975000,2512000,1789000,2479000,2127000,1022000]",1015,17186000,17
7,35,10,"[395,763,501,380,200,398,320,889,985,1095]","[1105000,2137000,1346000,1085000,538000,1120000,940000,2525000,2830000,3228000]",1095,16854000,17
7,36,10,"[167,968,554,781,682,464,516,559,302,745]","[447000,2938000,1551000,2299000,1975000,1288000,1501000,1546000,850000,2132000]",968,16527000,13
7,37,10,"[552,1563,304,686,349,526,831,358,245,533]","[1577000,4431000,866000,1877000,968000,1495000,2363000,1050000,712000,1556000]",1563,16895000,15
7,38,10,"[516,286,753,576,560,222,674,415,798,1106]","[1488000,757000,2173000,1602000,1568000,627000,1906000,1184000,2319000,3159000]",1106,16783000,15
7,39,10,"[838,311,594,374,381,579,283,761,852,777]","[2453000,891000,1706000,1078000,1107000,1657000,800000,2091000,2400000,2279000]",852,16462000,21
7,40,10,"[590,681,415,274,895,883,890,574,226,511]","[1650000,1856000,1153000,776000,2532000,2563000,2533000,1628000,664000,1506000]",895,16861000,11
8,1,10,"[477,1060,1066,300,418,497,210,625,548,483]","[1335000,3159000,3123000,831000,1165000,1336000,618000,1756000,1588000,1413000]",1066,16324000,23
8,2,10,"[500,1027,514,356,233,658,240,1181,508,539]","[1398000,2921000,1516000,997000,652000,1890000,644000,3424000,1526000,1516000]",1181,16484000,11
8,3,10,"[421,413,312,371,550,576,962,943,470,799]","[1196000,1213000,895000,1040000,1504000,1663000,2752000,2745000,1315000,2291000]",962,16614000,25
8,4,10,"[777,663,502,895,413,236,641,1109,410,383]","[2247000,1914000,1418000,2465000,1230000,665000,1776000,3092000,1148000,1060000]",1109,17015000,19
8,5,10,"[292,1081,324,441,655,1156,681,420,307,503]","[815000,3190000,872000,1314000,1816000,3230000,1903000,1194000,914000,1434000]",1156,16682000,17
8,6,10,"[658,708,612,560,641,578,522,175,648,729]","[1850000,2025000,1710000,1602000,1816000,1624000,1521000,473000,1931000,2081000]",729,16633000,11
8,7,10,"[918,269,521,806,715,905,256,1027,319,302]","[2673000,751000,1490000,2242000,1955000,2498000,722000,2916000,932000,862000]",1027,17041000,15
8,8,10,"[273,437,448,369,391,1095,1014,502,278,967]","[756000,1226000,1262000,1047000,1112000,3048000,2976000,1453000,782000,2830000]",1095,16492000,17
8,9,10,"[792,403,691,541,920,484,371,937,620,240]","[2251000,1196000,1917000,1538000,2682000,1364000,1041000,2590000,1740000,632000]",937,16951000,19
8,10,10,"[404,907,860,564,357,728,452,743,552,490]","[1125000,2621000,2526000,1607000,951000,2014000,1270000,2014000,1597000,1350000]",907,17075000,15
8,11,10,"[611,234,1036,749,675,789,633,357,362,258]","[1705000,635000,2921000,2281000,1898000,2265000,1784000,1037000,1043000,750000]",1036,16319000,19
8,12,10,"[615,1193,324,869,1162,510,340,319,364,274]","[1680000,3295000,945000,2457000,3367000,1393000,1001000,963000,1025000,763000]",1193,16889000,19
8,13,10,"[189,955,690,581,904,625,654,461,365,463]","[530000,2819000,1947000,1611000,2672000,1726000,1870000,1223000,979000,1343000]",955,16720000,13
8,14,10,"[1187,426,282,405,1187,634,579,212,281,685]","[3483000,1172000,753000,1130000,3303000,1883000,1666000,614000,817000,1894000]",1187,16715000,13
8,15,10,"[1218,491,1099,648,395,296,625,252,299,680]","[3551000,1355000,3042000,1767000,1124000,791000,1768000,702000,853000,1998000]",1218,16951000,23
8,16,10,"[320,274,762,463,760,505,399,1040,1159,287]","[956000,776000,2106000,1322000,2167000,1422000,1086000,2971000,3280000,776000]",1159,16862000,11
8,17,10,"[602,595,288,308,219,687,890,412,754,1111]","[1748000,1653000,854000,831000,588000,2013000,2533000,1154000,2057000,3268000]",1111,16699000,19
8,18,10,"[714,469,512,290,643,697,504,1033,709,468]","[2058000,1355000,1455000,838000,1775000,1919000,1371000,2934000,2048000,1330000]",1033,17083000,21
8,19,10,"[771,747,785,714,804,443,448,441,315,500]","[2238000,2129000,2205000,2027000,2253000,1257000,1289000,1218000,832000,1442000]",804,16890000,23
8,20,10,"[461,651,387,202,736,426,770,729,732,781]","[1309000,1924000,1091000,563000,1993000,1196000,2110000,2169000,2171000,2226000]",781,16752000,19
8,21,10,"[407,835,142,328,640,384,496,778,840,829]","[1153000,2432000,384000,948000,1808000,1034000,1458000,2269000,2372000,2435000]",840,16293000,23
8,22,10,"[1602,457,277,370,462,409,362,1089,330,352]","[4743000,1262000,774000,1080000,1340000,1175000,1061000,3005000,906000,1019000]",1602,16365000,17
8,23,10,"[771,360,446,323,346,1143,351,1043,592,280]","[2229000,1005000,1330000,941000,1043000,3249000,1012000,2935000,1748000,793000]",1143,16285000,13
8,24,10,"[361,250,755,578,325,409,947,625,685,1062]","[995000,701000,2122000,1632000,882000,1145000,2774000,1793000,1935000,2985000]",1062,16964000,15
8,25,10,"[777,853,684,568,779,679,663,377,400,282]","[2122000,2485000,1963000,1616000,2169000,1945000,1836000,1041000,1120000,776000]",853,17073000,11
8,26,10,"[475,1208,321,407,314,1236,400,411,869,219]","[1380000,3471000,927000,1149000,919000,3462000,1075000,1175000,2488000,621000]",1236,16667000,13
8,27,10,"[512,1187,1114,373,436,297,832,400,304,577]","[1459000,3453000,3040000,1024000,1224000,837000,2308000,1119000,880000,1627000]",1187,16971000,9
8,28,10,"[826,495,837,263,587,1117,439,509,312,377]","[2381000,1375000,2472000,724000,1617000,3242000,1259000,1474000,891000,1036000]",1117,16471000,15
8,29,10,"[174,588,571,345,422,627,506,1511,436,597]","[465000,1741000,1621000,957000,1225000,1751000,1377000,4414000,1289000,1647000]",1511,16487000,23
8,30,10,"[380,637,685,1023,670,452,582,463,356,433]","[1041000,1865000,1931000,3043000,1925000,1246000,1677000,1272000,1043000,1250000]",1023,16293000,23
8,31,10,"[571,469,214,292,616,256,990,946,711,750]","[1690000,1303000,599000,795000,1822000,766000,2785000,2635000,2004000,2147000]",990,16546000,17
8,32,10,"[470,565,926,418,283,884,390,649,623,391]","[1376000,1645000,2679000,1167000,832000,2565000,1126000,1782000,1835000,1148000]",926,16155000,29
8,33,10,"[270,677,567,842,560,776,619,371,627,512]","[766000,1919000,1542000,2428000,1607000,2271000,1802000,1115000,1717000,1432000]",842,16599000,21
8,34,10,"[811,457,252,340,393,885,935,450,928,467]","[2251000,1313000,720000,998000,1106000,2509000,2660000,1380000,2580000,1339000]",935,16856000,13
8,35,10,"[712,300,412,364,733,397,832,1273,444,497]","[2010000,814000,1178000,1013000,2062000,1115000,2365000,3701000,1228000,1401000]",1273,16887000,17
8,36,10,"[421,490,692,862,530,542,843,1079,287,240]","[1217000,1475000,1879000,2396000,1448000,1605000,2344000,3059000,819000,663000]",1079,16905000,11
8,37,10,"[932,787,431,603,389,210,665,495,936,534]","[2662000,2238000,1212000,1719000,1067000,585000,1935000,1401000,2646000,1466000]",936,16931000,9
8,38,10,"[775,1144,342,515,669,323,473,124,1140,424]","[2150000,3384000,960000,1397000,1890000,904000,1328000,341000,3270000,1190000]",1144,16814000,15
8,39,10,"[410,619,487,799,409,306,448,652,494,1281]","[1122000,1741000,1344000,2273000,1148000,871000,1274000,1799000,1467000,3741000]",1281,16780000,15
8,40,10,"[1199,842,388,469,237,726,228,1111,327,367]","[3445000,2469000,1115000,1346000,654000,2055000,639000,3153000,926000,981000]",1199,16783000,21
9,1,10,"[390,451,498,823,1339,380,598,349,519,463]","[1152000,1322000,1371000,2267000,3933000,1063000,1646000,1039000,1423000,1304000]",1339,16520000,17
9,2,10,"[455,534,386,921,680,1018,635,352,597,350]","[1249000,1442000,1060000,2562000,1963000,2977000,1827000,1022000,1630000,1063000]",1018,16795000,11
9,3,10,"[667,471,517,948,447,190,195,359,910,1013]","[1926000,1293000,1425000,2799000,1341000,566000,551000,1020000,2499000,2962000]",1013,16382000,29
9,4,10,"[608,362,1253,1161,537,653,252,249,371,527]","[1651000,1045000,3565000,3270000,1503000,1895000,705000,703000,1020000,1523000]",1253,16880000,13
9,5,10,"[372,417,636,400,791,292,728,744,949,610]","[1054000,1164000,1782000,1165000,2233000,870000,2024000,2136000,2651000,1752000]",949,16831000,11
9,6,10,"[355,375,788,443,445,369,973,940,900,300]","[989000,1083000,2279000,1258000,1274000,1083000,2758000,2678000,2505000,799000]",973,16706000,15
9,7,10,"[339,789,439,378,381,311,1114,718,1226,345]","[886000,2167000,1223000,1093000,1102000,898000,3150000,2044000,3533000,913000]",1226,17009000,13
9,8,10,"[615,840,641,362,364,235,595,425,654,1341]","[1733000,2343000,1822000,1060000,1076000,679000,1619000,1183000,1859000,3705000]",1341,17079000,17
9,9,10,"[1009,285,899,405,413,335,1055,349,489,1041]","[2802000,837000,2475000,1085000,1159000,924000,2973000,980000,1324000,2958000]",1055,17517000,13
9,10,10,"[225,753,234,449,342,1197,1230,384,302,957]","[633000,2201000,656000,1247000,944000,3456000,3332000,1086000,859000,2671000]",1230,17085000,9
9,11,10,"[382,664,598,1167,384,287,422,450,949,555]","[1163000,1839000,1689000,3391000,1132000,796000,1159000,1296000,2667000,1518000]",1167,16650000,13
9,12,10,"[328,602,960,991,488,215,571,271,1027,445]","[926000,1652000,2729000,2934000,1429000,604000,1646000,766000,2913000,1193000]",1027,16792000,25
9,13,10,"[1170,358,516,529,488,353,567,521,895,503]","[3422000,1004000,1425000,1505000,1364000,1027000,1560000,1473000,2517000,1408000]",1170,16705000,9
9,14,10,"[314,293,548,639,280,626,1758,429,451,691]","[904000,853000,1511000,1790000,778000,1767000,4902000,1216000,1318000,1964000]",1758,17003000,9
9,15,10,"[1114,478,482,479,295,1111,208,1098,359,342]","[3089000,1319000,1443000,1367000,845000,3148000,566000,3090000,1030000,974000]",1114,16871000,13
9,16,10,"[197,1028,1290,238,381,417,455,921,535,438]","[557000,2954000,3667000,630000,1127000,1136000,1289000,2663000,1517000,1168000]",1290,16708000,13
9,17,10,"[907,646,479,359,339,496,1240,479,671,432]","[2558000,1817000,1321000,1011000,969000,1421000,3525000,1320000,1865000,1218000]",1240,17025000,11
9,18,10,"[1101,282,595,767,366,590,456,217,1130,169]","[3167000,820000,1711000,2304000,975000,1709000,1344000,607000,3199000,466000]",1130,16302000,23
9,19,10,"[589,184,382,252,1079,361,214,716,1014,920]","[1649000,512000,1061000,756000,3094000,1039000,632000,1973000,2914000,2676000]",1079,16306000,23
9,20,10,"[633,561,122,302,641,221,1156,1694,281,432]","[1740000,1651000,316000,837000,1885000,556000,3223000,4855000,798000,1183000]",1694,17044000,7
9,21,10,"[859,319,903,743,509,311,528,809,530,577]","[2457000,938000,2550000,2017000,1486000,856000,1470000,2279000,1480000,1611000]",903,17144000,13
9,22,10,"[1904,324,336,924,472,347,300,503,298,555]","[5398000,920000,950000,2605000,1325000,936000,830000,1486000,817000,1581000]",1904,16848000,7
9,23,10,"[372,1085,302,184,690,593,1141,366,374,743]","[1044000,3167000,855000,500000,2019000,1668000,3330000,996000,1042000,2026000]",1141,16647000,17
9,24,10,"[285,744,598,385,1366,1120,424,259,338,387]","[773000,2163000,1646000,1065000,4014000,3079000,1223000,758000,916000,1143000]",1366,16780000,19
9,25,10,"[165,1230,963,557,300,282,669,381,444,800]","[474000,3628000,2751000,1524000,804000,777000,1939000,1080000,1256000,2273000]",1230,16506000,17
9,26,10,"[737,683,488,247,670,331,558,788,731,614]","[2073000,1943000,1357000,716000,1996000,899000,1633000,2264000,2061000,1682000]",788,16624000,7
9,27,10,"[922,661,210,640,881,1030,223,573,317,486]","[2630000,1840000,557000,1883000,2463000,2891000,594000,1661000,901000,1395000]",1030,16815000,15
9,28,10,"[591,439,634,283,931,537,433,576,530,871]","[1728000,1259000,1764000,786000,2672000,1584000,1198000,1638000,1496000,2471000]",931,16596000,21
9,29,10,"[455,1399,511,504,164,441,503,314,401,1321]","[1247000,4013000,1438000,1423000,423000,1295000,1420000,863000,1132000,3704000]",1399,16958000,9
9,30,10,"[958,812,929,298,355,409,423,1133,549,253]","[2700000,2270000,2574000,867000,1041000,1178000,1161000,3177000,1555000,684000]",1133,17207000,9
9,31,10,"[1270,412,216,261,1321,587,260,476,874,360]","[3503000,1217000,642000,698000,3649000,1680000,751000,1402000,2451000,1005000]",1321,16998000,17
9,32,10,"[270,441,980,901,1483,310,310,301,788,259]","[773000,1302000,2737000,2529000,4165000,825000,838000,869000,2164000,770000]",1483,16972000,17
9,33,10,"[439,255,412,744,1134,645,314,526,275,904]","[1192000,690000,1175000,2151000,3388000,1897000,964000,1547000,750000,2513000]",1134,16267000,25
9,34,10,"[717,481,392,376,820,726,274,463,201,1365]","[2044000,1357000,1078000,1019000,2370000,2067000,824000,1300000,610000,3924000]",1365,16593000,19
9,35,10,"[467,485,656,388,348,665,509,169,678,1554]","[1285000,1390000,1890000,1109000,1029000,1864000,1438000,428000,1959000,4358000]",1554,16750000,13
9,36,10,"[350,379,245,1105,682,613,224,306,690,1357]","[964000,1040000,668000,3140000,1887000,1747000,649000,806000,1986000,3956000]",1357,16843000,11
9,37,10,"[266,566,639,252,454,2110,485,560,260,570]","[712000,1627000,1752000,704000,1289000,5816000,1315000,1756000,708000,1559000]",2110,17238000,13
9,38,10,"[970,438,665,510,1377,542,171,533,275,533]","[2765000,1244000,1847000,1428000,4038000,1522000,447000,1474000,802000,1477000]",1377,17044000,13
9,39,10,"[411,1036,341,763,972,548,969,381,259,371]","[1107000,2942000,961000,2184000,2739000,1498000,2780000,1019000,725000,1069000]",1036,17024000,9
9,40,10,"[949,1076,444,416,739,347,564,733,419,323]","[2642000,3031000,1314000,1131000,2105000,1003000,1538000,2057000,1202000,943000]",1076,16966000,9
10,1,10,"[581,336,604,801,796,293,505,1168,204,685]","[1655000,979000,1711000,2241000,2290000,856000,1378000,3413000,591000,1886000]",1168,17000000,17
10,2,10,"[212,631,249,1240,700,535,595,1217,217,400]","[571000,1821000,687000,3452000,1983000,1490000,1730000,3601000,568000,1145000]",1240,17048000,19
10,3,10,"[1233,456,601,269,405,397,394,764,1065,506]","[3485000,1317000,1658000,754000,1183000,1165000,1074000,2195000,2956000,1431000]",1233,17218000,17
10,4,10,"[1184,690,388,702,265,762,200,453,265,849]","[3463000,1947000,1068000,2106000,707000,2144000,545000,1310000,736000,2512000]",1184,16538000,11
10,5,10,"[621,313,447,614,353,1557,336,877,294,331]","[1767000,896000,1244000,1737000,979000,4659000,975000,2512000,840000,953000]",1557,16562000,23
10,6,10,"[376,676,756,577,776,688,967,361,490,585]","[1073000,1904000,2096000,1679000,2167000,1923000,2720000,1005000,1358000,1611000]",967,17536000,13
10,7,10,"[345,438,226,883,744,831,307,1070,685,219]","[1004000,1222000,614000,2596000,2082000,2343000,827000,3189000,2032000,633000]",1070,16542000,21
10,8,10,"[1504,225,543,818,364,576,162,207,260,1084]","[4506000,627000,1553000,2389000,1001000,1608000,450000,564000,724000,3136000]",1504,16558000,13
10,9,10,"[367,320,407,363,1052,326,1610,353,254,816]","[1135000,931000,1177000,998000,3043000,922000,4521000,1000000,742000,2315000]",1610,16784000,23
10,10,10,"[584,320,300,299,1843,427,321,552,344,560]","[1663000,915000,834000,847000,5506000,1214000,899000,1608000,980000,1622000]",1843,16088000,17
10,11,10,"[362,446,1267,260,343,280,1038,829,480,598]","[998000,1224000,3732000,784000,975000,798000,2930000,2410000,1335000,1668000]",1267,16854000,23
10,12,10,"[239,630,357,296,325,988,261,466,1424,887]","[697000,1830000,1014000,826000,891000,2806000,709000,1370000,4039000,2574000]",1424,16756000,17
10,13,10,"[426,535,816,315,348,1004,1083,591,762,344]","[1195000,1520000,2337000,912000,984000,2905000,3061000,1588000,2059000,963000]",1083,17524000,15
10,14,10,"[504,402,1134,590,361,649,576,732,233,861]","[1404000,1161000,3300000,1621000,1031000,1906000,1611000,2102000,631000,2366000]",1134,17133000,17
10,15,10,"[847,1333,414,330,670,813,384,426,252,441]","[2349000,3976000,1152000,909000,1921000,2342000,1069000,1214000,684000,1263000]",1333,16879000,13
10,16,10,"[1038,547,938,358,251,1112,333,367,694,295]","[3018000,1539000,2615000,1070000,682000,3175000,960000,1026000,1985000,827000]",1112,16897000,19
10,17,10,"[842,481,381,213,147,671,772,488,575,1259]","[2401000,1400000,1054000,596000,426000,1960000,2208000,1406000,1610000,3619000]",1259,16680000,23
10,18,10,"[1105,395,313,426,612,1099,438,461,411,730]","[3135000,1096000,886000,1203000,1680000,3116000,1290000,1329000,1164000,2114000]",1105,17013000,15
10,19,10,"[712,337,272,378,682,218,772,1332,486,428]","[2012000,944000,770000,1098000,1920000,598000,2330000,3975000,1391000,1241000]",1332,16279000,27
10,20,10,"[1015,432,270,427,568,453,859,516,275,890]","[3026000,1255000,763000,1198000,1522000,1283000,2519000,1464000,832000,2584000]",1015,16446000,13
10,21,10,"[448,434,747,453,288,1096,755,371,258,968]","[1325000,1185000,2122000,1254000,802000,3260000,2214000,1086000,698000,2733000]",1096,16679000,19
10,22,10,"[645,303,612,267,1027,555,244,800,1002,332]","[1867000,849000,1660000,747000,3157000,1531000,728000,2270000,2842000,955000]",1027,16606000,17
10,23,10,"[238,687,470,680,682,1695,399,310,579,274]","[647000,1945000,1345000,1923000,1885000,4836000,1187000,841000,1686000,758000]",1695,17053000,13
10,24,10,"[727,475,348,576,942,368,460,740,317,1106]","[2068000,1325000,1013000,1637000,2659000,1042000,1303000,2096000,859000,3172000]",1106,17174000,15
10,25,10,"[926,420,801,354,609,308,220,473,244,1517]","[2608000,1200000,2269000,964000,1745000,894000,629000,1378000,658000,4432000]",1517,16777000,19
10,26,10,"[412,414,282,1202,809,633,225,876,625,380]","[1145000,1209000,825000,3493000,2287000,1821000,631000,2431000,1825000,1100000]",1202,16767000,19
10,27,10,"[289,669,994,699,436,634,388,355,804,330]","[833000,2017000,2936000,2013000,1232000,1852000,1132000,991000,2313000,938000]",994,16257000,27
10,28,10,"[396,525,238,507,285,765,1410,682,390,548]","[1111000,1563000,650000,1419000,800000,2179000,4137000,1936000,1189000,1581000]",1410,16565000,21
10,29,10,"[772,371,345,890,381,671,944,478,396,488]","[2270000,1065000,1046000,2598000,1092000,1863000,2698000,1358000,1140000,1359000]",944,16489000,19
10,30,10,"[644,911,497,250,185,594,995,413,740,578]","[1862000,2659000,1344000,706000,526000,1674000,2878000,1159000,2127000,1688000]",995,16623000,15
10,31,10,"[836,360,584,832,847,847,253,389,423,625]","[2449000,1034000,1594000,2354000,2432000,2424000,710000,1094000,1194000,1727000]",847,17012000,19
10,32,10,"[235,269,269,395,421,903,993,825,809,585]","[676000,740000,772000,1121000,1214000,2557000,2896000,2379000,2375000,1692000]",993,16422000,17
10,33,10,"[402,599,547,819,647,687,593,801,367,509]","[1199000,1698000,1482000,2397000,1777000,1940000,1729000,2307000,990000,1435000]",819,16954000,17
10,34,10,"[505,457,725,826,608,442,485,604,641,443]","[1576000,1247000,2154000,2421000,1740000,1226000,1387000,1699000,1774000,1283000]",826,16507000,25
10,35,10,"[480,277,2357,532,450,263,481,276,306,532]","[1343000,779000,6682000,1529000,1296000,764000,1369000,747000,896000,1530000]",2357,16935000,19
10,36,10,"[449,351,577,831,505,873,1201,298,255,416]","[1258000,986000,1570000,2470000,1432000,2589000,3546000,848000,685000,1174000]",1201,16558000,17
10,37,10,"[367,879,270,586,324,392,762,870,392,850]","[983000,2595000,786000,1676000,912000,1159000,2186000,2599000,1092000,2424000]",879,16412000,23
10,38,10,"[347,402,558,536,818,841,818,770,572,249]","[955000,1167000,1627000,1507000,2426000,2369000,2281000,2220000,1661000,705000]",841,16918000,11
10,39,10,"[747,285,366,672,678,573,643,1128,377,230]","[2113000,785000,1026000,1962000,1925000,1676000,1853000,3404000,1041000,684000]",1128,16469000,17
10,40,10,"[1362,214,1398,715,343,173,265,577,374,287]","[4013000,578000,4153000,2043000,932000,499000,746000,1615000,1015000,824000]",1398,16418000,21
11,1,10,"[396,574,244,1139,290,1866,287,249,419,333]","[1095000,1648000,686000,3184000,841000,5362000,832000,750000,1213000,987000]",1866,16598000,25
11,2,10,"[382,274,519,772,664,510,282,640,843,977]","[1126000,758000,1441000,2233000,1913000,1461000,767000,1831000,2433000,2758000]",977,16721000,17
11,3,10,"[364,573,1049,812,324,460,986,477,230,694]","[1043000,1576000,3038000,2356000,901000,1279000,2791000,1306000,660000,1987000]",1049,16937000,15
11,4,10,"[423,965,294,1025,681,297,366,226,1026,652]","[1193000,2650000,858000,3010000,1918000,812000,1032000,620000,2974000,1848000]",1026,16915000,15
11,5,10,"[997,1081,254,686,308,738,304,410,723,360]","[2879000,3115000,737000,1922000,870000,2197000,836000,1122000,2028000,1026000]",1081,16732000,15
11,6,10,"[633,1025,306,316,333,430,1091,775,205,547]","[1868000,3018000,897000,911000,953000,1235000,3126000,2228000,621000,1500000]",1091,16357000,19
11,7,10,"[1222,544,512,627,411,349,422,1011,394,616]","[3420000,1520000,1443000,1724000,1202000,951000,1240000,2880000,1124000,1716000]",1222,17220000,13
11,8,10,"[738,817,749,250,1330,450,520,402,325,315]","[2214000,2315000,2104000,686000,3834000,1335000,1443000,1074000,911000,873000]",1330,16789000,11
11,9,10,"[236,469,765,1267,677,587,594,516,352,619]","[673000,1349000,2112000,3541000,1907000,1666000,1670000,1446000,1031000,1727000]",1267,17122000,13
11,10,10,"[858,871,759,393,541,326,571,572,563,313]","[2382000,2495000,2223000,1176000,1661000,950000,1552000,1591000,1578000,902000]",871,16510000,21
11,11,10,"[714,477,745,530,669,371,688,304,291,831]","[2109000,1310000,2234000,1518000,1878000,1039000,2043000,881000,823000,2419000]",831,16254000,19
11,12,10,"[683,442,157,1015,563,791,443,398,1074,197]","[1902000,1257000,452000,2954000,1531000,2245000,1254000,1167000,3160000,547000]",1074,16469000,15
11,13,10,"[185,333,803,762,773,470,1233,360,689,234]","[508000,984000,2244000,2143000,2150000,1300000,3585000,1056000,2018000,662000]",1233,16650000,19
11,14,10,"[231,866,906,1043,217,319,874,675,326,569]","[621000,2373000,2574000,2968000,617000,909000,2535000,1939000,907000,1596000]",1043,17039000,21
11,15,10,"[1049,990,525,720,344,999,343,217,414,652]","[2899000,2758000,1478000,2012000,958000,2829000,935000,638000,1146000,1861000]",1049,17514000,11
11,16,10,"[735,1034,345,310,670,936,621,706,416,249]","[2201000,2935000,969000,833000,1898000,2618000,1772000,1942000,1222000,677000]",1034,17067000,11
11,17,10,"[589,224,446,399,525,970,784,1074,441,293]","[1679000,643000,1225000,1114000,1457000,2737000,2285000,3128000,1323000,878000]",1074,16469000,15
11,18,10,"[593,504,161,458,517,762,834,888,863,527]","[1662000,1401000,420000,1255000,1503000,2133000,2388000,2441000,2495000,1513000]",888,17211000,17
11,19,10,"[1243,921,292,438,553,616,709,434,201,530]","[3468000,2592000,815000,1239000,1649000,1815000,1984000,1249000,525000,1537000]",1243,16873000,19
11,20,10,"[448,659,710,590,392,418,301,799,836,680]","[1229000,1903000,2057000,1780000,1090000,1205000,788000,2348000,2399000,1885000]",836,16684000,17
11,21,10,"[629,300,522,1146,444,599,491,383,362,722]","[1877000,828000,1502000,3456000,1284000,1687000,1411000,1148000,1066000,1924000]",1146,16183000,15
11,22,10,"[293,575,1012,795,422,427,516,497,1090,235]","[855000,1618000,2780000,2271000,1201000,1199000,1581000,1421000,3098000,662000]",1090,16686000,21
11,23,10,"[461,391,395,395,537,843,757,250,1215,497]","[1310000,1139000,1119000,1117000,1557000,2376000,2168000,701000,3561000,1397000]",1215,16445000,19
11,24,10,"[587,499,634,714,759,568,393,625,420,766]","[1659000,1427000,1766000,1948000,2220000,1591000,1111000,1829000,1212000,2146000]",766,16909000,21
11,25,10,"[939,449,220,649,442,477,556,662,391,883]","[2719000,1251000,565000,1840000,1281000,1389000,1580000,1898000,1185000,2608000]",939,16316000,19
11,26,10,"[320,1430,545,395,630,537,597,904,255,293]","[913000,3985000,1537000,1088000,1858000,1571000,1707000,2595000,723000,826000]",1430,16803000,21
11,27,10,"[642,362,706,387,697,530,692,573,641,604]","[1789000,1036000,2061000,1121000,1997000,1599000,1970000,1582000,1779000,1707000]",706,16641000,13
11,28,10,"[231,1318,469,541,334,578,344,266,785,1182]","[637000,3781000,1430000,1514000,907000,1639000,979000,718000,2161000,3302000]",1318,17068000,13
11,29,10,"[300,496,1269,255,416,475,648,915,587,341]","[849000,1359000,3618000,686000,1182000,1397000,1868000,2625000,1786000,1025000]",1269,16395000,23
11,30,10,"[353,375,375,304,359,223,390,267,2673,459]","[991000,1047000,1079000,890000,1006000,643000,1076000,769000,7695000,1312000]",2673,16508000,25
11,31,10,"[956,964,954,273,267,337,554,606,571,527]","[2802000,2756000,2573000,746000,741000,972000,1556000,1704000,1606000,1554000]",964,17010000,11
11,32,10,"[346,380,115,501,645,1274,368,468,497,1100]","[945000,1111000,332000,1440000,1881000,3815000,1042000,1245000,1447000,3130000]",1274,16388000,17
11,33,10,"[780,242,281,1065,516,294,611,1119,273,915]","[2226000,673000,726000,3069000,1449000,864000,1692000,3207000,744000,2559000]",1119,17209000,13
11,34,10,"[928,630,475,593,250,488,634,966,465,374]","[2676000,1824000,1371000,1705000,719000,1378000,1783000,2763000,1382000,1036000]",966,16637000,25
11,35,10,"[529,360,303,377,813,789,379,921,692,806]","[1481000,1017000,828000,1029000,2273000,2373000,1090000,2514000,1945000,2362000]",921,16912000,17
11,36,10,"[822,250,528,817,760,699,488,346,892,407]","[2283000,755000,1447000,2417000,2091000,2063000,1360000,949000,2549000,1114000]",892,17028000,25
11,37,10,"[251,414,614,610,497,164,354,671,571,1551]","[760000,1125000,1698000,1742000,1446000,442000,996000,1911000,1550000,4688000]",1551,16358000,19
11,38,10,"[333,306,782,514,1312,461,558,364,637,379]","[902000,928000,2256000,1460000,3824000,1330000,1597000,1027000,1827000,1129000]",1312,16280000,23
11,39,10,"[516,616,539,287,1546,216,706,422,417,323]","[1482000,1753000,1506000,843000,4613000,582000,2041000,1201000,1168000,967000]",1546,16156000,17
11,40,10,"[781,952,444,453,437,296,419,1219,697,366]","[2138000,2731000,1227000,1279000,1213000,868000,1150000,3536000,1979000,1013000]",1219,17134000,15
12,1,10,"[926,481,1198,583,521,527,528,218,573,419]","[2638000,1340000,3464000,1551000,1499000,1541000,1480000,603000,1563000,1177000]",1198,16856000,17
12,2,10,"[164,951,319,267,549,821,1319,747,469,291]","[430000,2582000,925000,737000,1561000,2388000,3768000,2148000,1293000,849000]",1319,16681000,13
12,3,10,"[575,441,406,728,474,1118,673,459,410,613]","[1646000,1251000,1112000,2077000,1423000,3150000,1929000,1259000,1184000,1696000]",1118,16727000,13
12,4,10,"[1768,258,298,1160,215,364,547,267,532,322]","[5255000,738000,845000,3312000,614000,1008000,1521000,713000,1483000,886000]",1768,16375000,11
12,5,10,"[395,335,516,189,466,1231,1069,349,1232,246]","[1087000,908000,1428000,513000,1310000,3570000,3027000,962000,3456000,709000]",1232,16970000,11
12,6,10,"[407,520,328,962,373,462,682,861,524,691]","[1163000,1437000,899000,2780000,1011000,1317000,1913000,2465000,1492000,2046000]",962,16523000,19
12,7,10,"[378,456,437,295,577,852,224,479,1305,911]","[1143000,1237000,1173000,812000,1624000,2425000,618000,1386000,3773000,2529000]",1305,16720000,11
12,8,10,"[443,218,394,591,798,218,1258,1112,413,504]","[1309000,589000,1139000,1686000,2308000,617000,3520000,3100000,1210000,1350000]",1258,16828000,11
12,9,10,"[714,414,607,564,532,243,1147,310,307,1186]","[2052000,1203000,1687000,1579000,1417000,699000,3266000,867000,854000,3362000]",1186,16986000,13
12,10,10,"[460,735,224,1405,520,253,815,339,497,485]","[1326000,2140000,630000,4091000,1436000,705000,2324000,985000,1416000,1327000]",1405,16380000,9
12,11,10,"[609,166,1230,203,1163,892,544,686,259,259]","[1662000,454000,3391000,579000,3328000,2559000,1515000,1968000,743000,713000]",1230,16912000,19
12,12,10,"[468,466,297,1211,1080,1272,390,257,466,306]","[1308000,1298000,837000,3376000,2954000,3528000,1127000,715000,1362000,864000]",1272,17369000,19
12,13,10,"[638,222,972,247,605,317,400,1150,867,580]","[1847000,615000,2785000,692000,1694000,879000,1132000,3179000,2490000,1610000]",1150,16923000,13
12,14,10,"[505,1287,510,628,620,1257,231,323,256,247]","[1460000,3765000,1390000,1757000,1765000,3555000,651000,922000,716000,699000]",1287,16680000,9
12,15,10,"[348,620,429,908,481,397,497,1485,254,351]","[1008000,1713000,1167000,2499000,1333000,1103000,1428000,4365000,737000,1050000]",1485,16403000,23
12,16,10,"[253,823,234,800,455,1057,650,293,677,460]","[683000,2421000,660000,2345000,1318000,3083000,1777000,808000,1951000,1317000]",1057,16363000,27
12,17,10,"[790,486,1240,465,638,235,659,336,668,414]","[2312000,1408000,3491000,1275000,1795000,665000,1839000,956000,1856000,1167000]",1240,16764000,21
12,18,10,"[1492,521,296,242,519,267,593,766,715,294]","[4433000,1511000,846000,649000,1422000,726000,1727000,2186000,2044000,837000]",1492,16381000,15
12,19,10,"[298,658,662,602,509,380,1273,216,917,379]","[822000,1796000,1927000,1677000,1509000,1048000,3608000,590000,2621000,1144000]",1273,16742000,13
12,20,10,"[381,433,458,1098,645,1149,373,431,389,424]","[1098000,1244000,1255000,3179000,1913000,3188000,1094000,1242000,1078000,1164000]",1149,16455000,19
12,21,10,"[476,388,767,490,503,537,385,700,783,834]","[1369000,1136000,2224000,1379000,1386000,1555000,1111000,2032000,2210000,2286000]",834,16688000,13
12,22,10,"[840,824,432,593,346,187,589,268,1010,809]","[2357000,2347000,1185000,1728000,1004000,495000,1680000,682000,2911000,2329000]",1010,16718000,11
12,23,10,"[263,993,949,680,1334,429,287,261,259,333]","[755000,2779000,2633000,1940000,3960000,1188000,820000,744000,746000,915000]",1334,16480000,15
12,24,10,"[328,633,938,820,910,330,404,237,833,426]","[895000,1775000,2487000,2325000,2660000,894000,1189000,670000,2518000,1256000]",938,16669000,11
12,25,10,"[325,529,229,1015,807,266,783,194,1351,318]","[954000,1523000,648000,2885000,2217000,757000,2224000,521000,3937000,883000]",1351,16549000,15
12,26,10,"[298,615,1430,283,659,816,639,272,666,222]","[833000,1719000,4000000,797000,1960000,2399000,1772000,775000,1828000,603000]",1430,16686000,17
12,27,10,"[744,426,673,648,463,659,532,241,699,660]","[2148000,1251000,1994000,1790000,1305000,1805000,1537000,677000,2033000,1889000]",744,16429000,25
12,28,10,"[663,861,952,884,399,203,456,444,471,441]","[1908000,2399000,2759000,2533000,1163000,556000,1281000,1266000,1293000,1302000]",952,16460000,15
12,29,10,"[415,712,883,323,378,882,452,842,636,481]","[1178000,1994000,2510000,892000,1061000,2482000,1333000,2381000,1750000,1347000]",883,16928000,15
12,30,10,"[696,431,951,500,238,979,357,803,342,570]","[2062000,1200000,2685000,1423000,637000,2793000,984000,2297000,999000,1553000]",979,16633000,13
12,31,10,"[932,858,393,431,957,363,566,414,689,389]","[2652000,2424000,1098000,1186000,2703000,1007000,1589000,1186000,1933000,1135000]",957,16913000,17
12,32,10,"[1033,326,211,713,335,404,646,565,941,704]","[2954000,931000,575000,1995000,952000,1164000,1816000,1630000,2647000,1978000]",1033,16642000,17
12,33,10,"[424,714,489,601,488,1016,611,432,631,357]","[1230000,1932000,1363000,1748000,1437000,2969000,1783000,1242000,1744000,993000]",1016,16441000,15
12,34,10,"[754,698,345,705,321,250,503,312,1607,304]","[2012000,1989000,964000,2034000,912000,704000,1395000,852000,4786000,825000]",1607,16473000,11
12,35,10,"[232,548,370,1763,226,700,357,1321,359,223]","[662000,1447000,1035000,4959000,632000,2030000,1037000,3701000,1000000,599000]",1763,17102000,21
12,36,10,"[359,1110,841,995,178,412,466,385,528,392]","[1018000,3249000,2459000,2927000,490000,1181000,1241000,1106000,1393000,1186000]",1110,16250000,17
12,37,10,"[1324,316,832,493,347,733,474,354,280,710]","[3889000,846000,2326000,1346000,984000,2099000,1345000,1010000,791000,1989000]",1324,16625000,17
12,38,10,"[1111,893,560,220,707,315,513,226,460,758]","[3164000,2579000,1635000,649000,1960000,904000,1437000,622000,1285000,2173000]",1111,16408000,9
12,39,10,"[487,347,447,261,1114,1229,318,403,783,248]","[1426000,1003000,1204000,767000,3163000,3560000,852000,1217000,2259000,730000]",1229,16181000,21
12,40,10,"[400,867,629,841,306,464,779,468,715,404]","[1137000,2410000,1806000,2374000,852000,1309000,2253000,1382000,2019000,1113000]",867,16655000,21
13,1,10,"[186,271,582,1138,533,242,1698,368,519,294]","[519000,738000,1668000,3296000,1568000,685000,4773000,1104000,1509000,811000]",1698,16671000,13
13,2,10,"[461,443,687,828,898,863,526,339,333,779]","[1338000,1278000,1953000,2331000,2550000,2417000,1478000,912000,925000,2127000]",898,17309000,13
13,3,10,"[328,253,324,1118,405,283,776,1604,337,427]","[908000,698000,893000,3061000,1140000,789000,2274000,4742000,974000,1202000]",1604,16681000,21
13,4,10,"[756,310,228,947,459,850,602,996,575,350]","[2160000,859000,663000,2652000,1333000,2402000,1711000,2783000,1597000,982000]",996,17142000,19
13,5,10,"[923,1114,182,404,1107,403,464,258,362,825]","[2656000,3132000,505000,1133000,3129000,1121000,1292000,777000,977000,2361000]",1114,17083000,9
13,6,10,"[620,969,446,1294,536,260,531,184,754,394]","[1788000,2816000,1196000,3677000,1456000,781000,1500000,509000,2156000,1148000]",1294,17027000,19
13,7,10,"[258,379,370,1068,834,597,513,822,667,365]","[753000,1095000,1065000,3063000,2393000,1679000,1432000,2378000,1850000,1060000]",1068,16768000,15
13,8,10,"[495,1313,490,536,309,353,1001,294,770,549]","[1360000,3763000,1327000,1505000,825000,1012000,2841000,837000,2224000,1534000]",1313,17228000,13
13,9,10,"[282,506,628,537,1225,352,1138,365,641,273]","[798000,1476000,1740000,1526000,3572000,981000,3141000,1078000,1767000,825000]",1225,16904000,19
13,10,10,"[485,453,650,310,638,605,867,434,846,816]","[1331000,1279000,1869000,885000,1697000,1714000,2447000,1200000,2435000,2333000]",867,17190000,9
13,11,10,"[1335,304,675,618,480,275,300,1148,483,350]","[3743000,881000,1953000,1770000,1368000,767000,815000,3279000,1369000,948000]",1335,16893000,21
13,12,10,"[407,361,686,693,425,154,406,373,1380,945]","[1207000,1064000,1923000,1966000,1185000,398000,1100000,1064000,4171000,2584000]",1380,16662000,15
13,13,10,"[426,398,411,442,723,364,1397,838,321,286]","[1225000,1249000,1169000,1266000,2107000,995000,4106000,2337000,942000,821000]",1397,16217000,17
13,14,10,"[1137,283,618,397,866,241,330,542,722,943]","[3225000,807000,1773000,1105000,2420000,662000,923000,1552000,2037000,2639000]",1137,17143000,17
13,15,10,"[341,664,328,372,817,858,858,442,585,912]","[1021000,1837000,929000,1008000,2240000,2489000,2416000,1222000,1642000,2568000]",912,17372000,7
13,16,10,"[453,765,312,428,1401,513,614,273,635,489]","[1331000,2122000,855000,1243000,4004000,1484000,1849000,743000,1770000,1408000]",1401,16809000,15
13,17,10,"[509,515,739,226,1187,571,829,573,273,477]","[1467000,1416000,2042000,634000,3532000,1614000,2330000,1671000,769000,1339000]",1187,16814000,11
13,18,10,"[486,650,554,785,1051,307,595,688,348,572]","[1397000,1847000,1485000,2179000,3011000,853000,1615000,1965000,1002000,1697000]",1051,17051000,13
13,19,10,"[328,452,259,813,468,822,944,1080,491,273]","[911000,1246000,704000,2353000,1306000,2372000,2641000,3165000,1358000,772000]",1080,16828000,17
13,20,10,"[468,739,533,209,513,736,796,354,1619,204]","[1320000,2003000,1521000,583000,1470000,2152000,2224000,975000,4530000,567000]",1619,17345000,21
13,21,10,"[392,804,832,487,691,687,245,788,493,622]","[1100000,2348000,2352000,1405000,1926000,1927000,685000,2200000,1375000,1758000]",832,17076000,19
13,22,10,"[435,518,838,394,752,757,470,631,768,384]","[1194000,1465000,2439000,1109000,2112000,2155000,1319000,1805000,2169000,1143000]",838,16910000,21
13,23,10,"[330,343,649,327,658,1008,323,390,1025,1047]","[966000,969000,1801000,882000,1844000,2811000,919000,1132000,2921000,2964000]",1047,17209000,9
13,24,10,"[520,460,622,765,519,424,1049,462,1073,260]","[1469000,1235000,1736000,2127000,1509000,1169000,3003000,1340000,2983000,715000]",1073,17286000,11
13,25,10,"[802,411,304,305,561,1475,399,528,344,794]","[2303000,1193000,896000,877000,1599000,4135000,1173000,1449000,1008000,2211000]",1475,16844000,11
13,26,10,"[277,350,464,1041,701,370,343,353,769,1534]","[761000,1020000,1282000,2895000,1930000,1044000,929000,1021000,2211000,4316000]",1534,17409000,15
13,27,10,"[405,804,801,682,548,284,782,316,439,755]","[1202000,2342000,2291000,1991000,1565000,781000,2244000,898000,1253000,2065000]",804,16632000,19
13,28,10,"[553,269,733,325,377,565,187,740,527,2035]","[1521000,769000,2038000,920000,1036000,1556000,504000,2071000,1486000,5707000]",2035,17608000,13
13,29,10,"[326,847,333,385,311,260,287,403,557,1886]","[979000,2438000,954000,1047000,852000,713000,799000,1145000,1636000,5620000]",1886,16183000,17
13,30,10,"[445,595,590,897,890,334,521,888,406,516]","[1278000,1628000,1629000,2525000,2536000,962000,1453000,2543000,1154000,1485000]",897,17193000,17
13,31,10,"[761,904,481,673,491,791,315,951,341,290]","[2115000,2535000,1330000,1916000,1453000,2252000,917000,2718000,958000,799000]",951,16993000,13
13,32,10,"[387,394,1167,404,433,530,1127,320,768,312]","[1115000,1112000,3183000,1171000,1242000,1561000,3295000,933000,2190000,873000]",1167,16675000,19
13,33,10,"[1488,593,705,605,380,564,347,607,364,395]","[4254000,1626000,2008000,1701000,1097000,1590000,967000,1685000,1043000,1119000]",1488,17090000,37
13,34,10,"[642,247,691,739,1003,585,806,321,418,362]","[1879000,701000,1991000,2055000,2856000,1668000,2262000,936000,1256000,1033000]",1003,16637000,13
13,35,10,"[212,386,227,224,355,762,408,1280,1381,801]","[570000,1112000,634000,609000,946000,2176000,1164000,3611000,3946000,2274000]",1381,17042000,27
13,36,10,"[502,855,670,722,488,739,527,560,449,431]","[1457000,2471000,1914000,1999000,1427000,2034000,1515000,1506000,1324000,1231000]",855,16878000,15
13,37,10,"[204,338,689,650,393,828,521,350,567,1088]","[582000,953000,2078000,1818000,1106000,2424000,1560000,994000,1623000,3130000]",1088,16268000,35
13,38,10,"[932,285,944,410,462,1231,841,303,430,237]","[2599000,773000,2670000,1222000,1320000,3446000,2429000,843000,1217000,637000]",1231,17156000,15
13,39,10,"[1044,566,699,363,1017,348,291,770,407,386]","[2893000,1633000,2019000,1064000,2886000,1064000,775000,2202000,1172000,1100000]",1044,16808000,25
13,40,10,"[1163,496,544,643,395,284,267,359,733,1143]","[3218000,1409000,1555000,1780000,1104000,790000,751000,989000,2119000,3369000]",1163,17084000,17
14,1,10,"[503,534,360,427,598,718,611,691,700,712]","[1410000,1549000,1021000,1218000,1694000,2049000,1745000,1957000,1992000,2038000]",718,16673000,19
14,2,10,"[859,843,895,608,436,807,549,364,487,259]","[2486000,2321000,2502000,1652000,1217000,2425000,1544000,1037000,1373000,662000]",895,17219000,11
14,3,10,"[785,587,349,334,1334,321,1329,294,489,258]","[2212000,1713000,962000,924000,3694000,905000,3810000,857000,1409000,709000]",1334,17195000,11
14,4,10,"[1040,441,646,323,400,294,434,870,1040,353]","[2957000,1281000,1823000,930000,1139000,827000,1271000,2442000,3023000,1024000]",1040,16717000,15
14,5,10,"[847,555,364,276,517,603,277,339,524,1407]","[2367000,1604000,1065000,793000,1490000,1730000,746000,964000,1453000,4187000]",1407,16399000,19
14,6,10,"[1080,266,440,1181,529,648,312,315,507,613]","[3040000,736000,1227000,3534000,1442000,1806000,885000,849000,1524000,1766000]",1181,16809000,17
14,7,10,"[317,349,279,369,974,398,358,995,360,1295]","[907000,991000,764000,1051000,2797000,1117000,1041000,2871000,991000,3844000]",1295,16374000,21
14,8,10,"[649,827,227,984,914,542,506,311,611,528]","[1810000,2374000,625000,2687000,2683000,1544000,1417000,848000,1657000,1497000]",984,17142000,11
14,9,10,"[453,795,902,585,592,635,544,244,860,351]","[1275000,2262000,2601000,1636000,1730000,1804000,1550000,740000,2364000,975000]",902,16937000,21
14,10,10,"[342,374,167,655,1397,397,541,469,201,1435]","[966000,1079000,461000,1892000,3982000,1116000,1540000,1319000,537000,4022000]",1435,16914000,11
14,11,10,"[565,550,1271,906,415,286,897,303,227,270]","[1621000,1568000,3709000,2654000,1208000,802000,2539000,840000,652000,777000]",1271,16370000,19
14,12,10,"[398,982,278,920,244,1070,588,261,479,622]","[1126000,2797000,803000,2584000,677000,3233000,1641000,729000,1341000,1766000]",1070,16697000,19
14,13,10,"[802,559,251,263,200,962,768,768,734,595]","[2358000,1516000,708000,739000,574000,2775000,2083000,2244000,2119000,1690000]",962,16806000,21
14,14,10,"[1120,391,620,515,925,334,245,229,1143,370]","[3152000,1172000,1739000,1453000,2632000,961000,639000,662000,3357000,1039000]",1143,16806000,25
14,15,10,"[887,318,528,213,360,1008,600,766,391,973]","[2493000,903000,1454000,568000,1105000,2898000,1673000,2143000,1072000,2831000]",1008,17140000,17
14,16,10,"[902,464,1038,274,678,604,538,1051,292,257]","[2675000,1318000,2945000,780000,1924000,1705000,1513000,2857000,819000,730000]",1051,17266000,9
14,17,10,"[590,232,1218,802,329,533,344,369,662,984]","[1669000,630000,3487000,2314000,930000,1495000,931000,1040000,1874000,2747000]",1218,17117000,9
14,18,10,"[1397,191,279,717,241,256,374,524,1498,628]","[3905000,505000,789000,1963000,633000,746000,1033000,1543000,4334000,1758000]",1498,17209000,13
14,19,10,"[599,367,547,388,1288,387,542,588,428,768]","[1632000,1086000,1565000,1059000,3671000,1114000,1570000,1725000,1251000,2153000]",1288,16826000,15
14,20,10,"[373,251,266,2307,300,442,313,229,257,612]","[1090000,732000,760000,7027000,864000,1274000,896000,673000,709000,1734000]",2307,15759000,19
14,21,10,"[459,314,226,1030,237,604,1054,436,893,746]","[1254000,916000,619000,3070000,669000,1675000,3014000,1247000,2469000,2086000]",1054,17019000,11
14,22,10,"[284,1096,279,521,1174,194,1256,445,397,252]","[787000,3159000,786000,1450000,3414000,542000,3531000,1300000,1092000,720000]",1256,16781000,15
14,23,10,"[434,871,955,506,399,320,864,652,334,420]","[1261000,2589000,2689000,1450000,1146000,881000,2496000,1909000,975000,1154000]",955,16550000,21
14,24,10,"[736,199,789,1110,679,473,253,577,1046,309]","[2062000,554000,2215000,3152000,1909000,1287000,694000,1718000,2896000,873000]",1110,17360000,19
14,25,10,"[1118,578,1181,624,649,480,334,217,226,593]","[3091000,1740000,3436000,1742000,1767000,1400000,947000,621000,593000,1648000]",1181,16985000,21
14,26,10,"[276,1113,526,1083,598,744,578,275,350,281]","[814000,3251000,1432000,3105000,1691000,2124000,1675000,777000,945000,814000]",1113,16628000,11
14,27,10,"[365,624,1129,321,1112,275,628,402,698,396]","[1018000,1775000,3323000,846000,3230000,733000,1833000,1136000,1960000,1081000]",1129,16935000,21
14,28,10,"[357,582,1181,268,342,421,1738,371,222,332]","[1017000,1725000,3298000,764000,951000,1229000,4973000,1063000,635000,969000]",1738,16624000,35
14,29,10,"[697,458,716,617,513,855,243,1089,393,405]","[1910000,1322000,1985000,1706000,1524000,2493000,696000,3114000,1125000,1144000]",1089,17019000,17
14,30,10,"[487,266,615,1041,610,596,747,330,411,800]","[1337000,764000,1699000,2996000,1700000,1774000,2222000,885000,1167000,2292000]",1041,16836000,11
14,31,10,"[526,347,527,523,1248,735,473,320,526,563]","[1574000,978000,1459000,1475000,3675000,2074000,1337000,890000,1556000,1570000]",1248,16588000,17
14,32,10,"[304,192,419,480,179,1203,749,911,526,933]","[842000,534000,1230000,1335000,486000,3368000,2094000,2695000,1541000,2674000]",1203,16799000,15
14,33,10,"[779,466,1047,470,550,280,258,624,256,1170]","[2184000,1398000,2972000,1343000,1580000,782000,741000,1724000,720000,3395000]",1170,16839000,17
14,34,10,"[498,383,548,457,1466,305,362,615,601,810]","[1446000,1072000,1512000,1301000,4090000,856000,1015000,1716000,1836000,2280000]",1466,17124000,17
14,35,10,"[1005,1001,363,562,370,347,982,487,297,294]","[2802000,2814000,1070000,1639000,1118000,1025000,2877000,1422000,829000,827000]",1005,16423000,23
14,36,10,"[431,397,316,185,771,329,886,1156,539,1043]","[1214000,1076000,857000,514000,2193000,907000,2568000,3422000,1549000,2805000]",1156,17105000,15
14,37,10,"[416,996,383,577,744,322,315,225,1030,557]","[1192000,2817000,1099000,1717000,2148000,904000,876000,647000,3061000,1647000]",1030,16108000,25
14,38,10,"[458,1024,524,334,1161,258,380,702,260,934]","[1260000,2916000,1487000,928000,3385000,724000,1042000,2017000,715000,2588000]",1161,17062000,11
14,39,10,"[618,312,360,667,551,389,689,809,715,572]","[1728000,876000,1051000,1878000,1609000,1138000,2005000,2288000,2107000,1696000]",809,16376000,19
14,40,10,"[1077,309,745,730,819,230,739,500,471,354]","[3050000,851000,2081000,2095000,2427000,643000,2003000,1414000,1360000,1065000]",1077,16989000,17
15,1,10,"[717,602,496,173,213,313,750,906,490,1331]","[2028000,1692000,1366000,467000,585000,932000,2166000,2574000,1406000,3679000]",1331,16895000,21
15,2,10,"[225,621,587,600,333,1031,390,1082,635,510]","[651000,1714000,1667000,1613000,999000,2902000,1092000,2987000,1798000,1503000]",1082,16926000,21
15,3,10,"[342,521,559,329,351,365,1049,904,882,452]","[951000,1462000,1565000,930000,1061000,1038000,2988000,2611000,2539000,1253000]",1049,16398000,17
15,4,10,"[758,261,649,432,260,1079,1103,562,531,388]","[2119000,748000,1836000,1254000,718000,3033000,3141000,1572000,1473000,1071000]",1103,16965000,15
15,5,10,"[866,360,687,557,692,868,782,378,405,328]","[2466000,1007000,1920000,1570000,1894000,2439000,2294000,1023000,1193000,947000]",868,16753000,13
15,6,10,"[849,270,302,888,415,492,449,878,611,618]","[2400000,781000,873000,2591000,1159000,1448000,1256000,2464000,1729000,1788000]",888,16489000,15
15,7,10,"[412,964,360,446,209,1333,706,310,327,599]","[1129000,2714000,983000,1270000,587000,4019000,2062000,857000,923000,1711000]",1333,16255000,19
15,8,10,"[842,716,215,572,856,575,464,284,305,880]","[2475000,2103000,622000,1561000,2439000,1517000,1363000,817000,867000,2573000]",880,16337000,13
15,9,10,"[620,817,1243,490,303,353,762,373,219,621]","[1716000,2285000,3618000,1410000,857000,1009000,2160000,1051000,648000,1726000]",1243,16480000,17
15,10,10,"[374,390,956,1106,598,313,411,523,1102,254]","[1141000,1056000,2710000,3052000,1756000,857000,1109000,1509000,3069000,698000]",1106,16957000,17
15,11,10,"[348,713,402,492,438,466,539,172,715,1342]","[981000,2009000,1123000,1434000,1231000,1328000,1488000,512000,1998000,4020000]",1342,16124000,13
15,12,10,"[473,402,336,1009,271,662,309,998,448,787]","[1317000,1155000,945000,2966000,735000,1822000,888000,2859000,1332000,2273000]",1009,16292000,21
15,13,10,"[742,388,801,439,710,451,1019,265,645,306]","[2081000,1113000,2313000,1265000,2096000,1234000,2937000,779000,1756000,825000]",1019,16399000,23
15,14,10,"[1519,968,255,242,763,302,321,366,1007,262]","[4295000,2686000,753000,667000,2092000,859000,933000,1112000,2789000,752000]",1519,16938000,17
15,15,10,"[602,469,320,371,513,469,238,655,1566,750]","[1624000,1306000,889000,1048000,1482000,1349000,674000,1949000,4392000,2112000]",1566,16825000,25
15,16,10,"[255,778,404,2186,575,425,348,539,367,230]","[720000,2223000,1141000,6077000,1633000,1192000,951000,1507000,1034000,656000]",2186,17134000,15
15,17,10,"[1019,326,460,1197,145,359,381,563,224,1071]","[2920000,945000,1283000,3517000,434000,1002000,1029000,1585000,625000,3055000]",1197,16395000,17
15,18,10,"[192,682,399,465,745,676,1139,586,176,618]","[525000,1954000,1168000,1294000,2174000,1922000,3336000,1663000,511000,1731000]",1139,16278000,19
15,19,10,"[378,772,287,995,550,357,404,1034,513,585]","[1052000,2115000,767000,2795000,1574000,1065000,1156000,2956000,1497000,1677000]",1034,16654000,13
15,20,10,"[279,164,313,221,790,992,1006,936,748,413]","[786000,415000,893000,590000,2245000,2859000,2846000,2744000,2123000,1105000]",1006,16606000,15
15,21,10,"[761,258,444,559,528,431,1028,633,372,797]","[2117000,668000,1317000,1599000,1491000,1249000,3003000,1727000,1074000,2271000]",1028,16516000,13
15,22,10,"[370,369,1092,394,1092,289,566,873,609,388]","[1039000,1018000,2997000,1163000,3156000,818000,1606000,2387000,1699000,1085000]",1092,16968000,17
15,23,10,"[470,385,674,768,393,744,595,545,659,566]","[1305000,1060000,1968000,2302000,1116000,2031000,1705000,1576000,1870000,1593000]",768,16526000,13
15,24,10,"[780,530,653,663,757,648,350,659,228,718]","[2186000,1474000,1865000,1855000,2117000,1859000,1015000,1880000,651000,2004000]",780,16906000,11
15,25,10,"[1019,317,467,923,351,348,656,269,492,864]","[3028000,952000,1249000,2642000,1059000,993000,1837000,757000,1350000,2441000]",1019,16308000,15
15,26,10,"[474,639,1023,1182,781,597,360,192,368,251]","[1359000,1799000,3048000,3312000,2274000,1679000,972000,500000,1018000,714000]",1182,16675000,13
15,27,10,"[354,772,124,394,982,433,694,921,240,938]","[1014000,2231000,350000,1142000,2754000,1245000,1972000,2625000,690000,2632000]",982,16655000,13
15,28,10,"[458,310,254,460,1053,502,317,718,1004,791]","[1276000,916000,721000,1276000,3088000,1437000,934000,1978000,2746000,2294000]",1053,16666000,21
15,29,10,"[206,733,272,441,1265,191,859,285,435,988]","[583000,2251000,769000,1302000,3678000,532000,2364000,766000,1170000,2816000]",1265,16231000,17
15,30,10,"[573,339,402,564,1094,959,190,1136,478,316]","[1608000,999000,1167000,1592000,3081000,2693000,509000,3170000,1358000,850000]",1136,17027000,13
15,31,10,"[337,377,496,524,305,458,270,1215,1264,563]","[932000,1095000,1400000,1471000,853000,1300000,774000,3445000,3674000,1594000]",1264,16538000,21
15,32,10,"[765,1523,202,494,318,430,622,300,711,385]","[2169000,4273000,560000,1318000,959000,1308000,1769000,849000,2117000,1119000]",1523,16441000,23
15,33,10,"[353,2286,218,1127,484,309,300,307,544,256]","[1018000,6438000,598000,3128000,1334000,798000,850000,846000,1539000,713000]",2286,17262000,21
15,34,10,"[337,506,1473,507,1085,479,507,207,332,381]","[1021000,1455000,4380000,1376000,3090000,1314000,1398000,591000,904000,1062000]",1473,16591000,19
15,35,10,"[402,698,340,787,496,928,609,348,927,470]","[1103000,1979000,935000,2255000,1432000,2529000,1746000,966000,2626000,1352000]",928,16923000,17
15,36,10,"[565,896,1084,473,644,501,645,530,400,383]","[1538000,2534000,2980000,1323000,1804000,1399000,1849000,1477000,1187000,1096000]",1084,17187000,19
15,37,10,"[615,684,385,580,557,393,612,527,572,1025]","[1775000,1977000,1072000,1667000,1551000,1092000,1807000,1461000,1612000,2830000]",1025,16844000,21
15,38,10,"[364,619,553,896,348,704,228,545,955,551]","[1124000,1727000,1563000,2541000,946000,1990000,619000,1531000,2763000,1615000]",955,16419000,15
15,39,10,"[723,704,787,351,277,292,350,672,517,1219]","[1994000,2052000,2194000,1041000,776000,809000,1035000,1954000,1412000,3401000]",1219,16668000,19
15,40,10,"[660,1089,815,308,788,434,410,155,480,727]","[1855000,3161000,2343000,865000,2212000,1264000,1143000,442000,1324000,2000000]",1089,16609000,9
16,1,10,"[1126,357,391,692,598,838,276,240,982,542]","[3220000,1015000,1131000,1928000,1714000,2366000,759000,670000,2770000,1556000]",1126,17129000,15
16,2,10,"[324,1211,209,719,623,863,850,455,267,496]","[903000,3541000,551000,2061000,1697000,2520000,2460000,1248000,703000,1372000]",1211,17056000,17
16,3,10,"[612,847,348,366,982,486,481,474,1101,400]","[1711000,2387000,956000,1001000,2821000,1399000,1355000,1272000,3177000,1158000]",1101,17237000,11
16,4,10,"[387,225,425,781,413,1718,206,457,509,632]","[1152000,626000,1218000,2202000,1165000,5093000,565000,1297000,1429000,1807000]",1718,16554000,17
16,5,10,"[414,270,1513,576,463,517,1074,738,151,245]","[1128000,754000,4271000,1636000,1279000,1490000,3168000,2108000,436000,712000]",1513,16982000,23
16,6,10,"[1020,392,263,950,709,303,584,1017,472,278]","[2872000,1139000,712000,2643000,1992000,905000,1724000,2870000,1409000,729000]",1020,16995000,23
16,7,10,"[286,980,438,361,1084,254,325,413,1084,818]","[795000,2712000,1304000,1051000,3038000,697000,941000,1203000,3041000,2330000]",1084,17112000,23
16,8,10,"[426,281,250,394,728,393,712,424,1182,1282]","[1226000,836000,710000,1067000,2016000,1091000,2064000,1217000,3280000,3665000]",1282,17172000,15
16,9,10,"[311,362,613,242,554,1067,841,1158,279,459]","[887000,961000,1762000,667000,1603000,3070000,2341000,3432000,779000,1304000]",1158,16806000,19
16,10,10,"[1088,1285,547,804,325,371,641,351,286,422]","[3063000,3758000,1520000,2250000,884000,1052000,1774000,981000,827000,1161000]",1285,17270000,17
16,11,10,"[553,973,448,273,388,970,855,237,479,800]","[1627000,2862000,1225000,758000,1076000,2757000,2392000,645000,1410000,2233000]",973,16985000,17
16,12,10,"[770,489,399,489,715,222,948,685,962,319]","[2234000,1394000,1068000,1438000,2056000,609000,2724000,1927000,2667000,921000]",962,17038000,11
16,13,10,"[303,576,342,629,1144,541,321,840,377,928]","[852000,1584000,1008000,1736000,3358000,1514000,883000,2328000,1082000,2677000]",1144,17022000,13
16,14,10,"[1302,1212,224,340,313,374,320,841,635,186]","[3908000,3435000,631000,979000,857000,1049000,920000,2396000,1837000,514000]",1302,16526000,17
16,15,10,"[382,897,280,823,333,640,706,823,493,665]","[1103000,2535000,812000,2293000,999000,1797000,2038000,2316000,1372000,1852000]",897,17117000,9
16,16,10,"[803,428,642,417,815,447,366,820,927,306]","[2335000,1185000,1838000,1219000,2277000,1321000,997000,2388000,2620000,846000]",927,17026000,23
16,17,10,"[475,403,449,448,469,599,485,231,489,1808]","[1346000,1143000,1264000,1250000,1286000,1675000,1391000,657000,1355000,5374000]",1808,16741000,13
16,18,10,"[591,849,558,367,725,493,993,226,342,987]","[1561000,2372000,1604000,1016000,2081000,1388000,2861000,623000,969000,2846000]",993,17321000,13
16,19,10,"[1057,277,294,204,688,379,654,655,981,885]","[2968000,815000,813000,603000,1974000,1062000,1902000,1808000,2768000,2553000]",1057,17266000,15
16,20,10,"[224,319,354,1195,238,419,1160,425,779,791]","[631000,899000,999000,3353000,654000,1207000,3379000,1251000,2194000,2311000]",1195,16878000,19
16,21,10,"[660,655,894,526,666,883,553,689,369,157]","[1917000,1841000,2528000,1488000,1912000,2507000,1495000,1980000,1063000,434000]",894,17165000,13
16,22,10,"[315,639,498,599,565,312,1148,513,729,475]","[874000,1810000,1435000,1717000,1650000,930000,3322000,1441000,2094000,1367000]",1148,16640000,17
16,23,10,"[1002,262,563,885,1128,451,571,379,368,449]","[2939000,721000,1558000,2515000,3114000,1263000,1700000,1094000,1037000,1264000]",1128,17205000,15
16,24,10,"[496,660,451,350,1152,911,758,325,336,377]","[1462000,1883000,1342000,967000,3397000,2631000,2117000,910000,928000,1039000]",1152,16676000,21
16,25,10,"[566,301,541,457,734,886,430,920,627,489]","[1644000,820000,1568000,1291000,2069000,2460000,1217000,2648000,1814000,1364000]",920,16895000,21
16,26,10,"[254,1043,323,608,1431,657,345,399,760,243]","[695000,2984000,910000,1722000,4042000,1879000,923000,1081000,2216000,702000]",1431,17154000,21
16,27,10,"[829,439,670,488,292,392,724,888,428,732]","[2485000,1245000,1889000,1438000,818000,1152000,2029000,2534000,1208000,2062000]",888,16860000,19
16,28,10,"[1333,823,288,649,536,1401,399,228,297,297]","[3707000,2273000,789000,1876000,1515000,4012000,1075000,597000,833000,855000]",1401,17532000,15
16,29,10,"[304,363,1557,319,492,167,890,538,1081,454]","[824000,1031000,4447000,890000,1458000,465000,2423000,1490000,3051000,1265000]",1557,17344000,17
16,30,10,"[916,645,555,278,677,270,887,279,931,552]","[2615000,1787000,1584000,766000,1930000,731000,2493000,803000,2710000,1570000]",931,16989000,17
16,31,10,"[237,466,320,413,889,547,492,406,1207,1003]","[651000,1268000,912000,1146000,2503000,1516000,1440000,1151000,3490000,2886000]",1207,16963000,13
16,32,10,"[818,929,685,542,335,290,609,388,299,997]","[2353000,2671000,1940000,1450000,952000,847000,1727000,1103000,831000,2949000]",997,16823000,25
16,33,10,"[320,572,293,292,337,2092,389,515,657,398]","[917000,1625000,832000,791000,988000,5869000,1129000,1505000,1960000,1141000]",2092,16757000,17
16,34,10,"[659,483,1361,333,1001,296,263,378,878,244]","[1863000,1375000,4015000,932000,2845000,823000,743000,1047000,2506000,663000]",1361,16812000,15
16,35,10,"[619,420,682,940,617,313,307,559,745,907]","[1700000,1169000,1921000,2632000,1790000,897000,862000,1561000,2057000,2598000]",940,17187000,13
16,36,10,"[286,606,238,240,1324,1274,482,398,972,402]","[779000,1692000,650000,702000,3714000,3568000,1369000,1121000,2839000,1091000]",1324,17525000,9
16,37,10,"[396,603,216,403,533,679,583,349,531,1433]","[1134000,1764000,655000,1113000,1460000,1890000,1653000,1000000,1509000,4304000]",1433,16482000,15
16,38,10,"[494,292,533,752,742,578,517,757,838,574]","[1395000,821000,1549000,2207000,2114000,1560000,1423000,2111000,2393000,1612000]",838,17185000,15
16,39,10,"[781,748,282,522,258,656,1322,267,720,310]","[2159000,2078000,784000,1557000,696000,1895000,3942000,747000,2008000,872000]",1322,16738000,27
16,40,10,"[676,248,326,401,583,344,646,1465,1066,379]","[1915000,664000,924000,1119000,1628000,967000,1836000,4169000,3065000,1076000]",1465,17363000,13
17,1,10,"[547,236,1796,360,236,201,538,930,360,823]","[1517000,641000,5039000,1035000,680000,576000,1514000,2659000,994000,2401000]",1796,17056000,19
17,2,10,"[639,684,282,1097,443,576,590,406,728,312]","[1840000,2009000,837000,3215000,1281000,1600000,1672000,1135000,1983000,900000]",1097,16472000,21
17,3,10,"[542,475,686,748,590,391,296,1215,565,308]","[1552000,1344000,1898000,2091000,1753000,1150000,856000,3453000,1652000,850000]",1215,16599000,21
17,4,10,"[722,474,348,306,445,529,393,562,1445,604]","[2082000,1374000,951000,888000,1307000,1549000,1074000,1653000,4051000,1715000]",1445,16644000,15
17,5,10,"[336,315,306,963,443,392,573,720,634,1017]","[1033000,854000,877000,2840000,1228000,1124000,1669000,2111000,1761000,2817000]",1017,16314000,19
17,6,10,"[1026,620,581,376,308,379,403,300,351,1402]","[2883000,1754000,1680000,1068000,904000,1055000,1113000,784000,984000,4196000]",1402,16421000,19
17,7,10,"[1106,287,923,251,1100,278,342,370,1101,388]","[3177000,761000,2561000,706000,2986000,769000,990000,1056000,3162000,1073000]",1106,17241000,13
17,8,10,"[889,369,712,436,570,1288,250,407,597,275]","[2576000,1074000,2012000,1317000,1620000,3653000,661000,1156000,1667000,815000]",1288,16551000,17
17,9,10,"[585,394,760,568,384,238,206,315,1368,1116]","[1691000,1100000,2068000,1688000,1081000,661000,606000,878000,3786000,3257000]",1368,16816000,17
17,10,10,"[317,383,667,765,300,1082,492,405,698,656]","[861000,1095000,1940000,2160000,864000,3207000,1398000,1190000,1970000,1855000]",1082,16540000,19
17,11,10,"[324,533,952,474,986,1348,293,293,189,347]","[907000,1481000,2704000,1372000,2883000,3918000,843000,841000,488000,1016000]",1348,16453000,27
17,12,10,"[682,613,349,926,930,565,414,369,676,306]","[2023000,1780000,949000,2656000,2659000,1581000,1165000,1027000,1941000,843000]",930,16624000,19
17,13,10,"[259,373,985,795,374,718,515,763,633,282]","[698000,1064000,2929000,2358000,1093000,1979000,1522000,2176000,1722000,840000]",985,16381000,15
17,14,10,"[534,741,571,533,406,290,1733,576,284,464]","[1504000,2043000,1621000,1474000,1169000,809000,4905000,1591000,799000,1299000]",1733,17214000,17
17,15,10,"[820,910,479,546,363,511,1335,281,272,418]","[2267000,2504000,1373000,1554000,1065000,1448000,3808000,820000,796000,1210000]",1335,16845000,15
17,16,10,"[305,475,568,621,594,748,383,563,1257,376]","[835000,1260000,1606000,1724000,1756000,2106000,1081000,1614000,3710000,1073000]",1257,16765000,13
17,17,10,"[1358,484,257,398,411,475,383,554,470,1010]","[3769000,1404000,722000,1129000,1158000,1415000,1105000,1610000,1328000,2975000]",1358,16615000,23
17,18,10,"[1001,383,258,368,243,1762,354,392,254,972]","[2848000,1090000,705000,1050000,691000,5072000,984000,1087000,667000,2753000]",1762,16947000,13
17,19,10,"[725,445,1582,329,400,559,369,304,730,322]","[2098000,1235000,4710000,933000,1088000,1577000,1062000,784000,2089000,918000]",1582,16494000,13
17,20,10,"[720,494,706,358,602,744,269,1019,575,374]","[2013000,1373000,2015000,996000,1691000,2121000,797000,2928000,1656000,1108000]",1019,16698000,15
17,21,10,"[846,320,747,963,388,476,344,1012,588,319]","[2403000,919000,2182000,2736000,1086000,1299000,984000,2781000,1692000,905000]",1012,16987000,13
17,22,10,"[489,253,1218,694,395,1202,544,359,285,387]","[1334000,727000,3624000,1904000,1090000,3488000,1537000,1012000,780000,1105000]",1218,16601000,19
17,23,10,"[239,391,896,264,1337,284,1044,339,769,529]","[629000,1134000,2537000,715000,3799000,835000,2882000,918000,2179000,1481000]",1337,17109000,11
17,24,10,"[422,582,1205,1114,736,232,418,348,460,610]","[1156000,1677000,3409000,3110000,2105000,623000,1169000,993000,1345000,1659000]",1205,17246000,15
17,25,10,"[299,550,277,1048,1225,486,255,790,612,328]","[862000,1614000,764000,2942000,3599000,1348000,728000,2214000,1684000,954000]",1225,16709000,11
17,26,10,"[402,342,885,638,254,1181,276,551,762,746]","[1162000,972000,2533000,1771000,745000,3263000,771000,1612000,2140000,2046000]",1181,17015000,9
17,27,10,"[440,609,690,267,922,1410,341,478,285,281]","[1267000,1729000,2007000,744000,2689000,4179000,925000,1334000,801000,753000]",1410,16428000,21
17,28,10,"[1186,299,742,279,714,184,481,367,264,1140]","[3429000,829000,2134000,801000,2031000,503000,1436000,1066000,753000,3312000]",1186,16294000,9
17,29,10,"[263,1123,508,656,243,379,538,325,769,1126]","[720000,3302000,1421000,1857000,702000,1052000,1472000,894000,2161000,3255000]",1126,16836000,19
17,30,10,"[721,474,269,690,1571,350,304,457,565,274]","[2063000,1399000,718000,1934000,4667000,1027000,824000,1409000,1525000,781000]",1571,16347000,13
17,31,10,"[813,766,396,921,300,398,932,283,300,814]","[2328000,2188000,1179000,2619000,834000,1106000,2623000,785000,840000,2337000]",932,16839000,17
17,32,10,"[1132,205,285,536,305,683,375,563,1219,284]","[3225000,587000,821000,1564000,871000,1939000,1065000,1626000,3642000,780000]",1219,16120000,21
17,33,10,"[531,534,910,350,237,665,634,1503,325,328]","[1566000,1496000,2525000,1015000,663000,1846000,1806000,4209000,959000,923000]",1503,17008000,15
17,34,10,"[526,661,806,954,367,662,489,240,464,690]","[1420000,1850000,2273000,2700000,1069000,1923000,1409000,717000,1375000,1928000]",954,16664000,13
17,35,10,"[297,378,1168,404,1033,732,616,509,430,480]","[836000,1058000,3353000,1120000,2885000,2141000,1740000,1482000,1124000,1348000]",1168,17087000,11
17,36,10,"[386,233,425,884,833,449,741,351,317,1117]","[1098000,676000,1267000,2491000,2392000,1254000,2085000,984000,889000,3279000]",1117,16415000,9
17,37,10,"[475,377,589,499,399,429,1037,409,396,1011]","[1388000,1056000,1640000,1409000,1133000,1269000,2976000,1131000,1221000,2979000]",1037,16202000,19
17,38,10,"[292,1481,352,280,346,361,956,493,340,884]","[803000,4340000,1004000,795000,928000,1022000,2737000,1412000,963000,2508000]",1481,16512000,17
17,39,10,"[311,549,1126,139,195,400,399,1064,823,926]","[848000,1499000,3161000,398000,531000,1127000,1173000,3015000,2369000,2717000]",1126,16838000,15
17,40,10,"[536,544,250,644,724,647,738,385,552,726]","[1489000,1517000,704000,1887000,2059000,1888000,2181000,1075000,1552000,2106000]",738,16458000,13
18,1,10,"[518,532,393,302,216,1092,859,767,701,494]","[1546000,1456000,1114000,828000,584000,3060000,2475000,2177000,2033000,1360000]",1092,16633000,23
18,2,10,"[614,1590,711,281,259,517,611,421,433,294]","[1675000,4773000,1986000,778000,734000,1441000,1720000,1234000,1196000,826000]",1590,16363000,19
18,3,10,"[473,996,608,1000,254,580,290,514,689,286]","[1368000,2847000,1784000,2906000,700000,1615000,830000,1540000,1906000,808000]",1000,16304000,25
18,4,10,"[965,259,680,626,461,337,354,936,384,1030]","[2716000,718000,1918000,1801000,1279000,947000,1041000,2589000,1090000,2882000]",1030,16981000,15
18,5,10,"[440,532,296,294,294,349,1176,583,1244,669]","[1231000,1547000,818000,816000,789000,1010000,3296000,1660000,3562000,1939000]",1244,16668000,15
18,6,10,"[735,406,326,297,1034,1013,279,411,167,829]","[2139000,1139000,940000,880000,2997000,2972000,765000,1217000,464000,2430000]",1034,15943000,23
18,7,10,"[427,854,304,975,1299,290,549,509,283,446]","[1182000,2406000,833000,2727000,3814000,805000,1539000,1450000,774000,1262000]",1299,16792000,17
18,8,10,"[286,547,565,367,886,1404,287,229,219,627]","[824000,1541000,1601000,1056000,2611000,4194000,795000,650000,627000,1856000]",1404,15755000,21
18,9,10,"[515,866,421,357,986,493,530,220,896,889]","[1421000,2461000,1154000,1008000,2848000,1358000,1464000,611000,2480000,2477000]",986,17282000,19
18,10,10,"[509,600,970,353,872,256,302,401,1268,226]","[1396000,1716000,2672000,1015000,2494000,740000,829000,1164000,3746000,625000]",1268,16397000,17
18,11,10,"[1553,190,372,464,650,229,845,577,547,554]","[4384000,530000,1078000,1325000,1858000,644000,2393000,1571000,1547000,1570000]",1553,16900000,9
18,12,10,"[746,455,928,381,713,871,573,400,795,262]","[2098000,1273000,2594000,1069000,1993000,2464000,1632000,1111000,2213000,713000]",928,17160000,9
18,13,10,"[550,365,526,309,804,644,503,732,294,860]","[1583000,1049000,1481000,872000,2306000,1796000,1462000,2108000,855000,2579000]",860,16091000,13
18,14,10,"[349,378,554,594,289,241,411,748,1191,1098]","[975000,1062000,1570000,1699000,809000,642000,1150000,2127000,3366000,3199000]",1191,16599000,19
18,15,10,"[735,941,473,863,671,306,343,429,957,297]","[2014000,2687000,1318000,2411000,1855000,922000,1010000,1269000,2658000,837000]",957,16981000,15
18,16,10,"[311,237,302,1351,176,1256,433,491,734,741]","[835000,668000,877000,4007000,472000,3527000,1147000,1356000,2072000,2067000]",1351,17028000,11
18,17,10,"[420,253,423,1498,530,561,387,296,620,671]","[1201000,707000,1206000,4413000,1489000,1622000,1116000,844000,1771000,1896000]",1498,16265000,21
18,18,10,"[508,882,876,285,356,762,1045,774,255,252]","[1430000,2570000,2416000,799000,973000,2086000,3047000,2173000,693000,690000]",1045,16877000,13
18,19,10,"[182,286,565,475,1275,862,794,976,335,305]","[526000,803000,1565000,1308000,3607000,2387000,2230000,2770000,919000,896000]",1275,17011000,11
18,20,10,"[275,260,593,1352,351,293,323,821,467,995]","[748000,700000,1678000,3992000,977000,809000,943000,2268000,1423000,2841000]",1352,16379000,15
18,21,10,"[365,871,722,402,863,247,646,628,281,697]","[1000000,2582000,2057000,1133000,2534000,686000,1889000,1752000,797000,1957000]",871,16387000,13
18,22,10,"[671,763,1036,360,210,1428,392,389,341,334]","[1906000,2093000,3035000,1041000,603000,3950000,1141000,1061000,985000,934000]",1428,16749000,15
18,23,10,"[241,674,424,815,726,777,670,833,306,415]","[683000,1914000,1224000,2381000,2056000,2206000,1872000,2311000,864000,1146000]",833,16657000,11
18,24,10,"[1019,587,676,1054,337,411,586,542,321,502]","[2808000,1679000,1924000,2942000,999000,1206000,1685000,1520000,899000,1348000]",1054,17010000,37
18,25,10,"[585,258,384,1352,293,477,206,959,824,436]","[1691000,694000,1077000,3864000,853000,1365000,601000,2743000,2380000,1192000]",1352,16460000,15
18,26,10,"[356,839,842,488,840,320,314,678,820,424]","[1046000,2313000,2348000,1374000,2471000,846000,892000,1854000,2378000,1244000]",842,16766000,17
18,27,10,"[572,758,470,484,397,1092,374,589,601,862]","[1555000,2182000,1298000,1365000,1112000,3042000,1048000,1610000,1783000,2378000]",1092,17373000,39
18,28,10,"[234,737,297,352,1708,597,316,896,254,533]","[677000,2146000,835000,1043000,4840000,1656000,884000,2562000,706000,1466000]",1708,16815000,15
18,29,10,"[497,1046,399,772,674,394,1155,372,360,355]","[1425000,2905000,1054000,2182000,1879000,1087000,3420000,1022000,984000,991000]",1155,16949000,9
18,30,10,"[1388,437,275,342,511,760,323,313,332,1145]","[4103000,1252000,748000,954000,1429000,2150000,937000,877000,884000,3223000]",1388,16557000,9
18,31,10,"[593,671,247,453,845,606,252,601,507,1052]","[1640000,1897000,648000,1278000,2407000,1689000,691000,1701000,1448000,3139000]",1052,16538000,13
18,32,10,"[325,317,1229,402,309,423,943,191,367,1378]","[939000,949000,3475000,1165000,880000,1163000,2624000,502000,1037000,3938000]",1378,16672000,21
18,33,10,"[436,599,287,547,606,247,944,348,1281,671]","[1280000,1680000,805000,1564000,1755000,646000,2575000,954000,3648000,1917000]",1281,16824000,17
18,34,10,"[523,275,1597,264,373,1163,313,418,295,395]","[1550000,772000,4749000,734000,1040000,3276000,865000,1171000,817000,1186000]",1597,16160000,21
18,35,10,"[427,890,524,262,703,835,583,853,398,437]","[1197000,2471000,1523000,716000,1999000,2430000,1694000,2407000,1140000,1184000]",890,16761000,17
18,36,10,"[576,246,284,698,712,422,914,572,888,461]","[1622000,685000,809000,1950000,2033000,1174000,2650000,1672000,2580000,1305000]",914,16480000,13
18,37,10,"[1104,594,378,228,405,897,685,485,389,896]","[3149000,1746000,1045000,644000,1102000,2499000,1946000,1327000,1138000,2455000]",1104,17051000,15
18,38,10,"[419,417,585,772,385,325,1074,358,813,437]","[1197000,1218000,1641000,2223000,1109000,905000,3216000,999000,2325000,1285000]",1074,16118000,23
18,39,10,"[930,626,581,716,328,666,716,257,347,658]","[2758000,1753000,1677000,2009000,902000,1875000,2030000,736000,982000,1904000]",930,16626000,15
18,40,10,"[1246,429,246,555,544,398,439,842,585,644]","[3662000,1233000,675000,1517000,1511000,1153000,1232000,2423000,1632000,1751000]",1246,16789000,19
19,1,10,"[281,896,253,532,378,367,843,506,474,1027]","[820000,2479000,741000,1550000,1097000,989000,2407000,1420000,1425000,3076000]",1027,16004000,15
19,2,10,"[485,739,397,206,572,850,652,310,1063,420]","[1410000,2061000,1106000,581000,1619000,2333000,1987000,862000,3102000,1200000]",1063,16261000,9
19,3,10,"[676,667,456,366,436,844,688,870,535,405]","[1880000,1822000,1254000,1041000,1180000,2362000,1914000,2579000,1535000,1185000]",870,16752000,19
19,4,10,"[401,1124,501,510,375,777,358,337,142,1404]","[1096000,3183000,1434000,1443000,1029000,2220000,1006000,974000,395000,3936000]",1404,16716000,15
19,5,10,"[948,362,1643,265,700,329,332,202,185,881]","[2667000,1045000,4639000,752000,1967000,925000,948000,590000,507000,2518000]",1643,16558000,17
19,6,10,"[672,645,578,625,1228,419,392,644,288,252]","[1889000,1899000,1624000,1835000,3521000,1217000,1049000,1825000,796000,718000]",1228,16373000,11
19,7,10,"[993,230,471,817,391,375,306,415,945,706]","[2950000,607000,1354000,2344000,1043000,1042000,930000,1167000,2724000,2071000]",993,16232000,17
19,8,10,"[292,562,863,869,295,551,1255,315,551,276]","[860000,1551000,2494000,2514000,854000,1509000,3606000,889000,1522000,756000]",1255,16555000,15
19,9,10,"[413,405,767,431,1157,359,727,246,312,1175]","[1149000,1141000,2225000,1236000,3239000,1041000,1992000,675000,933000,3251000]",1175,16882000,19
19,10,10,"[601,425,496,503,1772,276,517,620,523,364]","[1648000,1213000,1391000,1414000,4984000,738000,1462000,1722000,1477000,1085000]",1772,17134000,15
19,11,10,"[390,718,453,616,336,331,753,414,1016,719]","[1133000,2003000,1273000,1742000,942000,925000,2187000,1210000,2964000,1983000]",1016,16362000,19
19,12,10,"[572,699,742,699,435,946,669,379,274,463]","[1718000,1895000,2031000,1914000,1259000,2716000,1919000,1064000,797000,1330000]",946,16643000,13
19,13,10,"[829,889,425,540,298,513,417,886,562,662]","[2326000,2482000,1193000,1534000,817000,1460000,1197000,2504000,1579000,1845000]",889,16937000,11
19,14,10,"[392,289,465,843,660,259,214,1904,684,321]","[1096000,840000,1289000,2393000,1816000,734000,582000,5377000,1922000,889000]",1904,16938000,13
19,15,10,"[1651,669,260,338,737,434,342,286,496,324]","[4904000,1851000,775000,927000,2059000,1258000,1004000,814000,1469000,903000]",1651,15964000,17
19,16,10,"[941,760,335,312,305,1029,373,932,335,295]","[2694000,2170000,928000,846000,883000,3006000,1086000,2733000,938000,824000]",1029,16108000,25
19,17,10,"[641,512,696,361,386,786,677,421,876,445]","[1780000,1474000,2007000,1040000,1078000,2184000,1949000,1161000,2535000,1275000]",876,16483000,21
19,18,10,"[338,879,308,763,918,1100,359,259,252,744]","[968000,2517000,904000,2136000,2520000,3099000,988000,710000,725000,2153000]",1100,16720000,13
19,19,10,"[760,487,837,388,196,809,720,412,778,392]","[2177000,1302000,2445000,1121000,538000,2329000,2000000,1159000,2255000,1132000]",837,16458000,15
19,20,10,"[233,1340,333,246,271,454,340,1163,249,1028]","[649000,3852000,935000,682000,812000,1319000,965000,3250000,717000,3032000]",1340,16213000,19
19,21,10,"[734,267,382,985,267,1035,361,481,950,374]","[2054000,758000,1109000,2772000,789000,2968000,1002000,1322000,2645000,1108000]",1035,16527000,19
19,22,10,"[885,349,1173,397,421,646,578,248,799,532]","[2477000,965000,3274000,1197000,1193000,1758000,1642000,700000,2208000,1517000]",1173,16931000,13
19,23,10,"[300,535,434,1603,645,786,535,219,307,315]","[822000,1565000,1185000,4817000,1764000,2229000,1526000,621000,839000,933000]",1603,16301000,17
19,24,10,"[515,578,812,289,172,922,1256,554,298,565]","[1452000,1657000,2337000,779000,461000,2603000,3539000,1498000,890000,1589000]",1256,16805000,13
19,25,10,"[1198,759,1066,219,830,480,397,232,289,447]","[3273000,2125000,3069000,588000,2362000,1294000,1199000,670000,800000,1291000]",1198,16671000,15
19,26,10,"[312,232,897,250,881,1138,656,526,413,643]","[858000,677000,2513000,674000,2421000,3189000,1927000,1536000,1124000,1859000]",1138,16778000,23
19,27,10,"[880,673,345,358,663,375,426,699,371,844]","[2529000,1951000,966000,1025000,1860000,1114000,1158000,2035000,1058000,2496000]",880,16192000,15
19,28,10,"[1697,370,755,343,460,444,305,604,392,382]","[4854000,1050000,2208000,940000,1324000,1290000,874000,1716000,1095000,1061000]",1697,16412000,15
19,29,10,"[574,593,187,692,1091,472,384,1131,403,454]","[1620000,1665000,514000,1939000,3027000,1439000,1131000,3141000,1135000,1245000]",1131,16856000,17
19,30,10,"[661,460,417,240,821,962,480,769,744,235]","[1824000,1319000,1198000,678000,2239000,2787000,1367000,2241000,2155000,680000]",962,16488000,17
19,31,10,"[403,842,286,1447,464,468,502,303,611,462]","[1141000,2380000,827000,4052000,1414000,1323000,1443000,885000,1659000,1324000]",1447,16448000,19
19,32,10,"[1054,462,485,207,371,599,310,1189,268,835]","[3056000,1223000,1349000,576000,1015000,1698000,909000,3461000,731000,2411000]",1189,16429000,11
19,33,10,"[861,593,489,245,672,720,507,220,786,864]","[2421000,1617000,1394000,664000,1917000,1997000,1439000,618000,2320000,2415000]",864,16802000,11
19,34,10,"[456,498,830,1209,332,488,749,746,317,296]","[1265000,1429000,2357000,3354000,952000,1398000,2072000,2151000,927000,813000]",1209,16718000,15
19,35,10,"[383,217,395,505,807,604,1075,654,534,597]","[1090000,580000,1109000,1478000,2298000,1664000,3133000,1821000,1556000,1717000]",1075,16446000,17
19,36,10,"[391,461,568,1458,585,258,310,373,857,295]","[1081000,1349000,1531000,4302000,1649000,685000,885000,1110000,2564000,823000]",1458,15979000,27
19,37,10,"[1318,394,323,374,421,452,298,1027,317,485]","[3926000,1125000,883000,1051000,1254000,1318000,835000,3035000,907000,1411000]",1318,15745000,41
19,38,10,"[436,270,902,912,584,305,1378,374,632,342]","[1238000,744000,2473000,2499000,1621000,838000,3897000,1057000,1801000,1011000]",1378,17179000,13
19,39,10,"[288,574,625,811,229,594,561,383,642,1182]","[825000,1571000,1696000,2246000,625000,1690000,1597000,1056000,1886000,3513000]",1182,16705000,15
19,40,10,"[499,239,1446,328,259,393,310,1116,650,484]","[1457000,649000,4255000,903000,722000,1077000,869000,3189000,1778000,1437000]",1446,16336000,19
20,1,10,"[795,909,835,416,502,578,378,720,439,416]","[2163000,2556000,2419000,1152000,1421000,1684000,1089000,2133000,1221000,1202000]",909,17040000,15
20,2,10,"[320,570,801,906,706,527,250,793,829,379]","[895000,1548000,2217000,2583000,2024000,1512000,695000,2282000,2451000,1025000]",906,17232000,23
20,3,10,"[679,980,343,349,380,1548,520,307,827,199]","[1995000,2686000,959000,975000,1091000,4318000,1471000,877000,2379000,528000]",1548,17279000,17
20,4,10,"[834,608,192,940,821,290,473,332,958,592]","[2469000,1697000,522000,2702000,2281000,810000,1274000,924000,2714000,1742000]",958,17135000,15
20,5,10,"[837,284,855,851,431,508,386,226,648,894]","[2418000,819000,2504000,2399000,1267000,1403000,1082000,617000,1869000,2504000]",894,16882000,15
20,6,10,"[279,289,706,1674,732,398,450,125,359,991]","[755000,833000,1982000,4777000,2115000,1146000,1289000,361000,1061000,2733000]",1674,17052000,17
20,7,10,"[1019,366,598,627,425,566,546,259,1043,710]","[2904000,1023000,1649000,1824000,1168000,1579000,1531000,704000,2985000,1983000]",1043,17350000,11
20,8,10,"[709,198,373,944,486,592,566,462,1196,745]","[1952000,560000,1005000,2677000,1377000,1685000,1545000,1295000,3443000,2057000]",1196,17596000,11
20,9,10,"[436,445,1331,276,250,539,372,380,521,1363]","[1250000,1244000,3786000,801000,681000,1501000,1018000,1089000,1472000,4046000]",1363,16888000,19
20,10,10,"[275,406,499,606,998,483,960,605,914,228]","[763000,1133000,1371000,1704000,2856000,1446000,2761000,1739000,2591000,645000]",998,17009000,15
20,11,10,"[383,636,269,443,999,1036,788,299,324,575]","[1093000,1784000,735000,1221000,2949000,2997000,2331000,850000,944000,1613000]",1036,16517000,31
20,12,10,"[909,821,519,732,357,520,555,658,522,447]","[2532000,2298000,1513000,2093000,1008000,1497000,1584000,1844000,1524000,1202000]",909,17095000,17
20,13,10,"[529,801,789,331,897,292,550,284,867,815]","[1468000,2233000,2207000,953000,2564000,862000,1544000,804000,2414000,2310000]",897,17359000,7
20,14,10,"[903,942,586,674,496,539,404,263,469,817]","[2615000,2766000,1646000,1895000,1348000,1531000,1081000,749000,1299000,2329000]",942,17259000,15
20,15,10,"[369,835,290,257,1024,912,614,398,866,530]","[1056000,2381000,766000,718000,2989000,2574000,1678000,1102000,2449000,1512000]",1024,17225000,21
20,16,10,"[300,742,435,581,313,855,366,388,1435,480]","[873000,2106000,1246000,1694000,896000,2374000,1058000,1085000,4076000,1413000]",1435,16821000,17
20,17,10,"[305,404,1290,640,618,476,746,279,688,404]","[901000,1129000,3783000,1819000,1740000,1379000,2058000,786000,1948000,1207000]",1290,16750000,15
20,18,10,"[570,564,325,435,431,401,489,382,1838,575]","[1593000,1621000,889000,1242000,1264000,1152000,1347000,1108000,5250000,1594000]",1838,17060000,11
20,19,10,"[691,725,304,550,803,418,359,217,283,1556]","[2042000,2074000,833000,1556000,2248000,1192000,1010000,629000,834000,4447000]",1556,16865000,21
20,20,10,"[304,425,305,275,743,560,775,1343,900,170]","[845000,1225000,882000,784000,2175000,1625000,2198000,3967000,2461000,450000]",1343,16612000,13
20,21,10,"[992,325,390,858,933,479,373,305,993,324]","[2874000,892000,1155000,2402000,2697000,1309000,1010000,862000,2868000,921000]",993,16990000,13
20,22,10,"[406,799,543,337,1934,730,214,359,445,243]","[1134000,2217000,1618000,992000,5464000,2099000,605000,977000,1244000,684000]",1934,17034000,17
20,23,10,"[1597,344,737,698,343,318,517,480,478,351]","[4625000,963000,2054000,1902000,1022000,896000,1489000,1400000,1396000,1024000]",1597,16771000,17
20,24,10,"[776,553,340,205,366,444,1415,326,956,449]","[2167000,1583000,980000,560000,1038000,1332000,4028000,923000,2834000,1247000]",1415,16692000,23
20,25,10,"[409,286,403,339,490,270,699,1197,642,1170]","[1149000,815000,1107000,948000,1406000,781000,1974000,3493000,1872000,3322000]",1197,16867000,13
20,26,10,"[1236,492,290,691,515,770,576,1141,207,299]","[3454000,1342000,766000,1943000,1432000,2199000,1685000,3264000,584000,863000]",1236,17532000,15
20,27,10,"[527,507,577,207,280,485,842,911,567,1029]","[1483000,1430000,1555000,596000,834000,1347000,2416000,2586000,1659000,2965000]",1029,16871000,25
20,28,10,"[388,535,270,231,311,773,1220,427,1263,259]","[1141000,1538000,762000,640000,907000,2192000,3525000,1268000,3672000,740000]",1263,16385000,27
20,29,10,"[718,733,239,533,1117,672,567,620,354,598]","[2088000,2081000,656000,1502000,3070000,1911000,1588000,1793000,992000,1641000]",1117,17322000,17
20,30,10,"[987,499,528,333,267,262,653,1120,568,912]","[2734000,1401000,1523000,930000,711000,762000,1843000,3182000,1635000,2557000]",1120,17278000,13
20,31,10,"[420,947,706,491,501,193,547,510,1011,472]","[1181000,2719000,1997000,1384000,1446000,510000,1584000,1442000,3027000,1358000]",1011,16648000,17
20,32,10,"[257,370,275,375,202,1312,1095,1434,258,358]","[688000,1068000,732000,1022000,575000,3920000,3128000,4080000,704000,1008000]",1434,16925000,15
20,33,10,"[517,694,597,636,1038,658,709,508,276,318]","[1508000,1957000,1699000,1769000,3035000,1829000,1994000,1422000,777000,920000]",1038,16910000,17
20,34,10,"[910,839,324,329,442,321,681,515,747,718]","[2629000,2399000,929000,955000,1220000,901000,1972000,1455000,2121000,2142000]",910,16723000,19
20,35,10,"[683,420,1187,708,295,338,446,759,825,338]","[1966000,1221000,3264000,2029000,828000,933000,1249000,2207000,2424000,928000]",1187,17049000,17
20,36,10,"[550,439,496,1866,628,508,287,315,478,353]","[1584000,1314000,1356000,5227000,1850000,1456000,865000,875000,1365000,1024000]",1866,16916000,15
20,37,10,"[520,394,417,824,545,893,325,416,958,895]","[1480000,1196000,1137000,2294000,1524000,2511000,847000,1203000,2699000,2533000]",958,17424000,11
20,38,10,"[993,308,1070,697,482,342,372,693,342,465]","[2802000,874000,3123000,2052000,1380000,960000,1051000,1951000,999000,1364000]",1070,16556000,15
20,39,10,"[362,502,777,321,692,462,868,863,806,366]","[993000,1442000,2202000,891000,1956000,1298000,2395000,2572000,2231000,1083000]",868,17063000,19
20,40,10,"[1054,741,301,447,249,716,511,748,161,1065]","[2849000,2084000,875000,1262000,747000,2036000,1451000,2128000,448000,3146000]",1065,17026000,13
21,1,10,"[1778,422,461,321,635,232,353,729,207,352]","[5311000,1294000,1311000,912000,1849000,641000,1038000,2058000,576000,1033000]",1778,16023000,15
21,2,10,"[621,367,317,249,951,872,467,1335,281,295]","[1773000,1079000,880000,732000,2804000,2428000,1344000,3928000,796000,824000]",1335,16588000,17
21,3,10,"[329,316,245,307,1751,276,311,361,1296,503]","[947000,932000,688000,866000,5233000,765000,833000,1019000,3733000,1381000]",1751,16397000,17
21,4,10,"[547,1035,276,793,461,306,552,251,373,1688]","[1541000,2917000,761000,2219000,1340000,831000,1513000,706000,1049000,4711000]",1688,17588000,15
21,5,10,"[794,555,677,530,340,874,888,396,687,269]","[2180000,1572000,1833000,1474000,947000,2609000,2604000,1122000,1933000,766000]",888,17040000,17
21,6,10,"[293,393,203,320,652,1620,397,301,392,1164]","[845000,1137000,550000,853000,1834000,4860000,1084000,842000,1108000,3375000]",1620,16488000,15
21,7,10,"[453,738,360,938,237,543,350,418,611,1053]","[1321000,2108000,1035000,2812000,654000,1539000,1027000,1151000,1712000,3085000]",1053,16444000,15
21,8,10,"[510,557,582,779,813,287,433,485,1119,469]","[1378000,1608000,1625000,2200000,2326000,783000,1276000,1389000,3117000,1382000]",1119,17084000,13
21,9,10,"[391,1554,595,357,504,729,415,641,409,374]","[1151000,4626000,1624000,1011000,1401000,2010000,1142000,1797000,1150000,1032000]",1554,16944000,17
21,10,10,"[528,428,393,846,854,454,638,765,785,320]","[1494000,1240000,1137000,2362000,2316000,1275000,1922000,2110000,2254000,919000]",854,17029000,17
21,11,10,"[236,331,1334,795,416,445,285,411,680,869]","[619000,926000,3933000,2319000,1190000,1274000,816000,1194000,1917000,2434000]",1334,16622000,15
21,12,10,"[1144,415,663,625,486,700,317,525,625,363]","[3323000,1188000,1875000,1800000,1468000,1958000,922000,1420000,1725000,1057000]",1144,16736000,19
21,13,10,"[630,1141,276,619,544,334,540,849,313,800]","[1742000,3260000,778000,1789000,1589000,939000,1543000,2426000,864000,2176000]",1141,17106000,13
21,14,10,"[437,405,412,1256,200,1371,607,451,499,405]","[1309000,1155000,1166000,3610000,544000,3822000,1753000,1250000,1406000,1170000]",1371,17185000,15
21,15,10,"[354,247,491,764,1106,799,793,829,275,414]","[1051000,680000,1432000,2109000,3135000,2303000,2194000,2366000,754000,1146000]",1106,17170000,15
21,16,10,"[833,614,796,763,502,326,319,831,403,411]","[2407000,1702000,2346000,2264000,1413000,922000,895000,2397000,1120000,1142000]",833,16608000,19
21,17,10,"[776,1009,231,745,232,1056,354,1017,422,162]","[2124000,2900000,690000,2045000,599000,3102000,1002000,2946000,1195000,453000]",1056,17056000,11
21,18,10,"[448,307,379,589,656,1282,401,935,397,698]","[1202000,863000,1085000,1628000,1858000,3598000,1225000,2660000,1073000,2010000]",1282,17202000,13
21,19,10,"[827,958,425,283,631,1281,272,694,309,288]","[2293000,2726000,1255000,749000,1795000,3723000,755000,1948000,887000,813000]",1281,16944000,17
21,20,10,"[283,825,620,517,401,738,618,925,897,331]","[830000,2370000,1746000,1408000,1126000,2112000,1767000,2549000,2541000,929000]",925,17378000,11
21,21,10,"[316,536,1029,569,240,855,999,328,377,602]","[854000,1506000,3101000,1611000,681000,2388000,2861000,926000,1045000,1740000]",1029,16713000,9
21,22,10,"[469,425,1034,351,376,905,325,298,511,1017]","[1378000,1227000,3063000,1000000,1058000,2592000,917000,842000,1471000,2893000]",1034,16441000,19
21,23,10,"[406,372,141,1051,213,500,1235,214,1153,568]","[1178000,1095000,374000,2999000,594000,1405000,3477000,595000,3373000,1619000]",1235,16709000,13
21,24,10,"[1070,320,350,1339,529,560,539,382,280,290]","[3022000,912000,969000,3962000,1592000,1630000,1542000,1089000,791000,847000]",1339,16356000,15
21,25,10,"[328,979,1240,1134,297,316,572,443,269,350]","[974000,2911000,3383000,3385000,829000,859000,1576000,1253000,764000,952000]",1240,16886000,15
21,26,10,"[378,608,266,467,868,829,814,264,735,527]","[1079000,1714000,765000,1337000,2478000,2411000,2360000,752000,1990000,1628000]",868,16514000,23
21,27,10,"[492,310,965,916,176,253,1006,434,451,889]","[1419000,861000,2806000,2696000,496000,720000,2813000,1192000,1233000,2630000]",1006,16866000,19
21,28,10,"[258,1437,1079,363,238,193,311,341,343,1258]","[707000,4271000,3003000,1035000,670000,545000,904000,944000,974000,3588000]",1437,16641000,19
21,29,10,"[741,637,334,615,660,261,295,976,501,882]","[2087000,1826000,975000,1740000,1938000,723000,866000,2726000,1455000,2512000]",976,16848000,29
21,30,10,"[724,611,347,797,557,848,634,609,293,538]","[2071000,1724000,1027000,2299000,1584000,2449000,1845000,1677000,829000,1496000]",848,17001000,21
21,31,10,"[391,506,799,350,370,827,755,584,369,971]","[1138000,1467000,2274000,1060000,1007000,2347000,2141000,1702000,1056000,2707000]",971,16899000,23
21,32,10,"[341,1056,788,1062,163,357,719,898,272,206]","[971000,3081000,2266000,3044000,452000,1026000,2027000,2504000,802000,592000]",1062,16765000,21
21,33,10,"[714,643,194,428,436,334,726,1169,360,783]","[2089000,1837000,535000,1160000,1264000,965000,2065000,3514000,1045000,2154000]",1169,16628000,13
21,34,10,"[351,360,458,1291,324,557,1062,384,539,700]","[966000,1017000,1286000,3623000,918000,1600000,3043000,1108000,1515000,1993000]",1291,17069000,11
21,35,10,"[585,742,348,270,656,514,1605,237,172,489]","[1650000,2107000,972000,762000,1942000,1481000,4836000,675000,464000,1381000]",1605,16270000,15
21,36,10,"[492,333,434,325,386,896,614,986,631,741]","[1406000,972000,1159000,908000,1070000,2626000,1795000,2821000,1799000,2152000]",986,16708000,27
21,37,10,"[1127,708,796,1028,220,207,404,312,891,432]","[3159000,2067000,2264000,2779000,638000,585000,1132000,885000,2568000,1200000]",1127,17277000,13
21,38,10,"[591,952,463,539,1241,493,218,378,448,707]","[1766000,2668000,1303000,1537000,3505000,1361000,613000,1076000,1260000,1968000]",1241,17057000,13
21,39,10,"[749,338,203,658,575,1275,210,416,587,858]","[2063000,946000,535000,1863000,1655000,3678000,579000,1164000,1690000,2578000]",1275,16751000,25
21,40,10,"[643,346,622,801,373,835,580,433,568,775]","[1818000,1004000,1720000,2286000,1037000,2382000,1607000,1260000,1595000,2281000]",835,16990000,17
22,1,10,"[676,475,786,725,468,297,831,331,439,857]","[1884000,1348000,2154000,2230000,1369000,840000,2346000,935000,1242000,2454000]",857,16802000,11
22,2,10,"[562,438,282,267,407,619,299,942,1549,444]","[1590000,1313000,780000,747000,1180000,1700000,887000,2727000,4421000,1274000]",1549,16619000,23
22,3,10,"[579,483,897,528,236,494,421,928,633,1066]","[1623000,1329000,2538000,1498000,664000,1362000,1170000,2621000,1735000,3023000]",1066,17563000,9
22,4,10,"[776,304,828,732,647,373,273,555,839,589]","[2220000,833000,2385000,2020000,1844000,1103000,774000,1549000,2424000,1660000]",839,16812000,17
22,5,10,"[300,337,998,495,514,738,1006,682,643,304]","[837000,955000,2935000,1380000,1420000,1987000,2844000,1990000,1735000,915000]",1006,16998000,19
22,6,10,"[726,443,769,1014,286,291,277,736,278,1113]","[2036000,1234000,2185000,2838000,850000,891000,773000,2052000,791000,3256000]",1113,16906000,11
22,7,10,"[781,1220,289,428,199,784,374,359,498,890]","[2274000,3545000,854000,1195000,551000,2159000,998000,1046000,1458000,2571000]",1220,16651000,17
22,8,10,"[623,1047,985,859,151,364,421,621,553,388]","[1761000,3048000,2723000,2473000,428000,1005000,1223000,1752000,1499000,1132000]",1047,17044000,19
22,9,10,"[1117,761,336,324,698,910,358,150,294,829]","[3314000,2215000,951000,912000,1942000,2560000,1010000,399000,849000,2378000]",1117,16530000,13
22,10,10,"[695,683,322,1681,378,460,293,646,195,583]","[1963000,1989000,916000,4737000,1079000,1267000,850000,1838000,547000,1656000]",1681,16842000,17
22,11,10,"[686,1241,850,306,526,1008,209,406,385,262]","[1931000,3655000,2374000,837000,1520000,2937000,571000,1142000,1094000,719000]",1241,16780000,15
22,12,10,"[435,973,425,460,899,184,737,974,359,416]","[1216000,2887000,1212000,1289000,2532000,485000,2096000,2797000,1015000,1154000]",974,16683000,17
22,13,10,"[1342,199,456,180,255,260,299,446,1286,1109]","[3902000,562000,1266000,487000,690000,745000,833000,1354000,3769000,3062000]",1342,16670000,21
22,14,10,"[309,1087,374,656,274,903,1053,899,376,254]","[874000,3008000,1048000,1807000,768000,2544000,3072000,2492000,1059000,704000]",1087,17376000,9
22,15,10,"[503,769,578,360,380,304,815,712,205,1007]","[1386000,2222000,1746000,1086000,1072000,861000,2272000,2061000,604000,2988000]",1007,16298000,17
22,16,10,"[296,255,1335,433,526,523,870,1102,327,269]","[844000,721000,3729000,1274000,1491000,1498000,2496000,3176000,923000,736000]",1335,16888000,27
22,17,10,"[769,289,446,1003,275,865,362,460,716,469]","[2264000,831000,1280000,2960000,765000,2386000,1073000,1344000,2089000,1325000]",1003,16317000,17
22,18,10,"[1198,668,457,587,556,417,757,820,283,244]","[3469000,1873000,1287000,1678000,1575000,1173000,2136000,2306000,801000,674000]",1198,16972000,11
22,19,10,"[372,740,453,685,743,535,520,661,510,750]","[1026000,2078000,1292000,2019000,2110000,1508000,1484000,1899000,1444000,2092000]",750,16952000,13
22,20,10,"[868,685,386,293,787,327,1386,685,402,326]","[2426000,1907000,1062000,822000,2271000,970000,3908000,1915000,1063000,919000]",1386,17263000,17
22,21,10,"[587,678,696,845,531,303,813,810,286,668]","[1653000,1842000,1932000,2397000,1429000,870000,2369000,2199000,834000,1855000]",845,17380000,9
22,22,10,"[291,423,411,365,648,239,1026,1296,954,299]","[776000,1197000,1174000,1062000,1885000,685000,2884000,3632000,2710000,877000]",1296,16882000,17
22,23,10,"[783,477,527,369,566,417,359,1122,378,795]","[2267000,1386000,1420000,1095000,1595000,1204000,1019000,3144000,1136000,2325000]",1122,16591000,21
22,24,10,"[259,371,419,1241,311,398,320,443,463,1814]","[752000,1031000,1189000,3534000,952000,1087000,915000,1246000,1281000,5106000]",1814,17093000,13
22,25,10,"[568,502,703,359,423,1143,473,319,481,1118]","[1574000,1468000,1964000,979000,1179000,3266000,1337000,888000,1408000,3134000]",1143,17197000,11
22,26,10,"[572,1193,820,637,540,826,564,513,233,296]","[1629000,3371000,2346000,1751000,1518000,2329000,1587000,1374000,658000,844000]",1193,17407000,11
22,27,10,"[746,261,1366,400,540,399,876,273,425,736]","[2045000,720000,4050000,1107000,1523000,1106000,2397000,762000,1214000,2073000]",1366,16997000,13
22,28,10,"[368,811,1159,313,1112,551,303,381,392,520]","[1051000,2275000,3468000,898000,3225000,1489000,843000,1082000,1057000,1456000]",1159,16844000,15
22,29,10,"[623,1397,240,635,502,302,403,320,295,1420]","[1737000,3958000,663000,1803000,1418000,829000,1100000,882000,812000,4082000]",1420,17284000,9
22,30,10,"[1163,416,223,272,575,891,657,719,394,508]","[3367000,1168000,611000,748000,1664000,2544000,1849000,2065000,1130000,1479000]",1163,16625000,15
22,31,10,"[791,750,608,166,531,795,407,411,1087,279]","[2214000,2061000,1758000,446000,1431000,2311000,1179000,1215000,3199000,833000]",1087,16647000,21
22,32,10,"[516,308,1076,532,272,602,855,609,591,438]","[1411000,871000,3271000,1497000,778000,1710000,2423000,1730000,1669000,1281000]",1076,16641000,27
22,33,10,"[690,453,886,733,336,332,298,809,539,769]","[1967000,1303000,2534000,2123000,962000,928000,864000,2318000,1510000,2228000]",886,16737000,17
22,34,10,"[426,1006,1226,566,186,250,469,618,402,488]","[1206000,2951000,3642000,1636000,509000,716000,1355000,1725000,1175000,1358000]",1226,16273000,23
22,35,10,"[641,542,546,558,280,523,849,553,770,464]","[1896000,1621000,1615000,1584000,794000,1486000,2379000,1533000,2266000,1273000]",849,16447000,27
22,36,10,"[665,694,315,791,387,653,352,758,764,292]","[1962000,1995000,915000,2277000,1152000,1874000,1022000,2166000,2183000,799000]",791,16345000,23
22,37,10,"[273,1083,513,575,484,791,187,466,602,905]","[759000,3237000,1460000,1674000,1391000,2141000,534000,1311000,1654000,2589000]",1083,16750000,13
22,38,10,"[876,260,673,411,502,425,563,1434,292,313]","[2433000,712000,1850000,1219000,1471000,1213000,1628000,4263000,817000,906000]",1434,16512000,17
22,39,10,"[719,807,311,1401,403,381,627,318,374,336]","[2058000,2274000,886000,4196000,1124000,1109000,1681000,930000,1106000,996000]",1401,16360000,21
22,40,10,"[327,408,1085,530,495,795,285,1508,410,280]","[891000,1206000,3073000,1457000,1410000,2238000,828000,4150000,1172000,842000]",1508,17267000,19
23,1,10,"[511,595,726,832,547,341,825,705,383,662]","[1429000,1688000,1986000,2436000,1559000,957000,2305000,1985000,1020000,1907000]",832,17272000,9
23,2,10,"[339,699,1045,426,776,992,409,688,296,452]","[940000,1983000,2907000,1218000,2197000,2850000,1112000,1901000,853000,1282000]",1045,17243000,15
23,3,10,"[858,186,445,379,821,485,393,1105,337,650]","[2442000,510000,1257000,1096000,2388000,1402000,1140000,3179000,986000,1918000]",1105,16318000,15
23,4,10,"[364,676,959,514,390,628,422,876,551,667]","[997000,1950000,2719000,1513000,1057000,1774000,1230000,2431000,1528000,1844000]",959,17043000,13
23,5,10,"[568,561,664,695,251,901,935,671,349,427]","[1611000,1581000,1910000,1860000,704000,2567000,2676000,1848000,1032000,1225000]",935,17014000,15
23,6,10,"[231,292,188,602,1030,1663,382,644,316,512]","[631000,832000,494000,1687000,2859000,4970000,1088000,1783000,887000,1472000]",1663,16703000,9
23,7,10,"[291,409,684,301,1464,386,433,964,507,690]","[807000,1119000,1946000,817000,4116000,1082000,1196000,2801000,1416000,1967000]",1464,17267000,19
23,8,10,"[1722,244,271,293,875,721,903,560,392,284]","[4826000,719000,743000,781000,2405000,2063000,2471000,1559000,1130000,832000]",1722,17529000,21
23,9,10,"[556,303,402,1150,278,521,1195,558,504,396]","[1528000,839000,1129000,3433000,784000,1426000,3502000,1551000,1403000,1123000]",1195,16718000,29
23,10,10,"[425,1310,599,376,445,866,1011,391,360,379]","[1163000,3673000,1720000,1050000,1263000,2448000,2805000,1088000,972000,1081000]",1310,17263000,17
23,11,10,"[332,367,1540,496,156,455,767,533,338,1023]","[978000,1060000,4227000,1403000,423000,1284000,2119000,1528000,934000,3076000]",1540,17032000,11
23,12,10,"[343,597,471,772,355,860,571,424,685,757]","[925000,1701000,1386000,2134000,982000,2533000,1709000,1201000,1919000,2218000]",860,16708000,15
23,13,10,"[1133,305,698,453,289,1435,551,379,307,366]","[3403000,874000,1972000,1368000,748000,4037000,1537000,1029000,833000,1014000]",1435,16815000,13
23,14,10,"[431,414,381,634,590,306,1013,433,1221,342]","[1235000,1203000,1122000,1803000,1651000,813000,2880000,1256000,3560000,946000]",1221,16469000,17
23,15,10,"[420,288,310,704,242,1208,418,1222,395,763]","[1153000,822000,845000,1977000,682000,3315000,1225000,3452000,1105000,2362000]",1222,16938000,13
23,16,10,"[681,644,331,997,462,944,524,276,373,620]","[1914000,1812000,977000,2866000,1307000,2717000,1491000,772000,1116000,1756000]",997,16728000,17
23,17,10,"[1153,1153,510,481,383,469,506,354,323,330]","[3344000,3365000,1444000,1478000,1089000,1333000,1445000,988000,885000,960000]",1153,16331000,17
23,18,10,"[479,249,875,574,392,509,1561,615,309,442]","[1339000,680000,2506000,1599000,1111000,1408000,4437000,1823000,880000,1217000]",1561,17000000,17
23,19,10,"[820,621,417,530,234,599,712,514,1090,526]","[2267000,1770000,1152000,1523000,632000,1639000,2003000,1434000,3143000,1531000]",1090,17094000,11
23,20,10,"[211,337,311,222,194,514,1984,701,604,923]","[577000,938000,886000,627000,550000,1454000,5677000,1930000,1682000,2648000]",1984,16969000,15
23,21,10,"[566,398,708,1090,743,571,909,282,311,257]","[1622000,1126000,2059000,3110000,2066000,1553000,2681000,805000,910000,733000]",1090,16665000,21
23,22,10,"[239,363,909,216,210,841,1140,840,376,650]","[658000,990000,2688000,594000,601000,2446000,3331000,2375000,1053000,1798000]",1140,16534000,13
23,23,10,"[1336,821,741,210,428,689,443,592,189,330]","[3909000,2278000,2050000,595000,1223000,1976000,1302000,1697000,564000,949000]",1336,16543000,19
23,24,10,"[864,536,690,227,593,1328,265,412,623,274]","[2545000,1547000,1970000,632000,1695000,3676000,764000,1175000,1759000,816000]",1328,16579000,19
23,25,10,"[268,898,574,781,628,479,384,203,967,1035]","[742000,2518000,1570000,2157000,1686000,1348000,1089000,592000,2757000,2941000]",1035,17400000,13
23,26,10,"[520,712,464,223,1124,465,232,298,977,861]","[1470000,2078000,1345000,629000,3310000,1304000,660000,836000,2735000,2352000]",1124,16719000,17
23,27,10,"[261,256,170,948,637,437,917,419,789,1010]","[720000,695000,457000,2669000,1774000,1286000,2636000,1237000,2286000,2917000]",1010,16677000,21
23,28,10,"[1207,500,1234,575,620,334,360,611,304,296]","[3378000,1475000,3434000,1612000,1790000,964000,1041000,1716000,853000,847000]",1234,17110000,13
23,29,10,"[578,439,908,764,472,344,618,1005,357,430]","[1617000,1247000,2600000,2114000,1370000,928000,1779000,2956000,990000,1236000]",1005,16837000,21
23,30,10,"[466,661,492,1450,373,344,293,989,553,497]","[1278000,1832000,1368000,4166000,1057000,925000,818000,2789000,1586000,1390000]",1450,17209000,9
23,31,10,"[473,1060,396,415,358,352,752,548,1175,333]","[1301000,2975000,1107000,1189000,997000,972000,2218000,1530000,3469000,950000]",1175,16708000,17
23,32,10,"[618,299,251,346,1004,342,1133,1020,366,472]","[1746000,861000,754000,1000000,2795000,956000,3326000,2854000,1011000,1403000]",1133,16706000,15
23,33,10,"[840,736,1275,282,544,705,328,412,335,409]","[2368000,2093000,3780000,821000,1510000,1982000,910000,1129000,949000,1177000]",1275,16719000,19
23,34,10,"[233,997,270,325,655,406,437,1033,850,564]","[676000,2892000,731000,902000,1940000,1151000,1261000,2932000,2432000,1627000]",1033,16544000,15
23,35,10,"[470,824,664,280,1283,440,144,372,952,200]","[1297000,2363000,1885000,771000,3767000,1272000,432000,1127000,2723000,601000]",1283,16238000,27
23,36,10,"[858,386,682,604,1042,698,315,392,330,668]","[2465000,1105000,1901000,1692000,2971000,2035000,855000,1094000,955000,1856000]",1042,16929000,15
23,37,10,"[739,675,265,197,923,684,539,1016,325,847]","[2075000,1881000,722000,546000,2520000,1925000,1476000,2902000,929000,2420000]",1016,17396000,13
23,38,10,"[541,762,351,478,1393,520,291,288,854,522]","[1497000,2147000,987000,1316000,4149000,1385000,833000,833000,2367000,1448000]",1393,16962000,15
23,39,10,"[403,314,964,453,211,393,1270,881,393,735]","[1134000,845000,2853000,1232000,629000,1131000,3580000,2486000,1122000,2033000]",1270,17045000,13
23,40,10,"[652,358,737,329,432,320,898,303,1555,330]","[1954000,986000,2044000,955000,1248000,884000,2537000,832000,4478000,891000]",1555,16809000,9
24,1,10,"[805,651,559,715,346,552,444,753,764,247]","[2369000,1768000,1616000,1994000,977000,1541000,1259000,2196000,2080000,695000]",805,16495000,19
24,2,10,"[242,609,505,906,1118,279,566,408,820,367]","[676000,1718000,1382000,2553000,3271000,802000,1580000,1134000,2277000,1061000]",1118,16454000,9
24,3,10,"[737,639,829,643,349,335,894,585,520,291]","[2037000,1848000,2299000,1871000,985000,932000,2599000,1644000,1418000,822000]",894,16455000,17
24,4,10,"[549,1195,395,658,569,259,643,235,277,686]","[1572000,3461000,1081000,1910000,1662000,764000,1985000,668000,767000,1912000]",1195,15782000,23
24,5,10,"[880,360,569,1044,271,382,994,407,611,602]","[2461000,970000,1589000,2892000,742000,1073000,2740000,1180000,1699000,1697000]",1044,17043000,13
24,6,10,"[722,1020,349,1038,337,568,359,201,421,814]","[2005000,3000000,959000,2999000,986000,1597000,950000,545000,1196000,2237000]",1038,16474000,13
24,7,10,"[823,264,450,786,913,356,691,842,156,570]","[2324000,765000,1248000,2213000,2607000,1000000,1939000,2391000,404000,1623000]",913,16514000,9
24,8,10,"[962,719,345,759,947,759,304,472,313,170]","[2759000,2040000,936000,2159000,2753000,2112000,832000,1349000,908000,487000]",962,16335000,9
24,9,10,"[425,323,828,730,208,1064,787,848,277,231]","[1204000,877000,2380000,2055000,573000,3084000,2248000,2404000,764000,674000]",1064,16263000,15
24,10,10,"[626,358,310,401,387,896,322,481,455,1373]","[1824000,987000,867000,1144000,1069000,2587000,929000,1374000,1231000,4039000]",1373,16051000,21
24,11,10,"[404,320,248,766,280,247,817,1240,496,709]","[1177000,922000,688000,2209000,790000,672000,2298000,3665000,1434000,2031000]",1240,15886000,25
24,12,10,"[722,299,547,905,465,342,882,589,742,317]","[2051000,857000,1532000,2657000,1326000,972000,2399000,1714000,2093000,865000]",905,16466000,15
24,13,10,"[836,708,915,894,504,288,451,683,342,429]","[2285000,1933000,2508000,2506000,1462000,797000,1299000,1912000,1002000,1245000]",915,16949000,11
24,14,10,"[480,281,631,1073,647,387,459,840,476,353]","[1356000,788000,1820000,3176000,1879000,1029000,1264000,2481000,1336000,975000]",1073,16104000,19
24,15,10,"[930,429,877,899,928,360,266,530,303,362]","[2622000,1225000,2406000,2549000,2613000,1016000,721000,1557000,828000,1033000]",930,16570000,13
24,16,10,"[220,294,635,1203,831,529,238,1195,298,291]","[590000,780000,1879000,3538000,2359000,1492000,689000,3366000,796000,820000]",1203,16309000,9
24,17,10,"[600,557,744,295,1116,159,437,506,1079,375]","[1685000,1611000,2139000,804000,3165000,429000,1260000,1399000,3047000,1054000]",1116,16593000,15
24,18,10,"[492,1095,276,281,692,621,310,731,779,385]","[1412000,3204000,774000,762000,1966000,1793000,848000,2080000,2197000,1112000]",1095,16148000,27
24,19,10,"[441,722,915,1008,543,157,277,332,615,732]","[1242000,1976000,2652000,2909000,1508000,422000,751000,937000,1831000,2079000]",1008,16307000,19
24,20,10,"[1114,302,335,495,767,496,542,700,568,451]","[3308000,868000,972000,1467000,2209000,1369000,1465000,1949000,1561000,1213000]",1114,16381000,23
24,21,10,"[322,967,197,479,424,312,897,566,843,753]","[968000,2677000,564000,1326000,1195000,889000,2544000,1585000,2460000,2164000]",967,16372000,17
24,22,10,"[861,295,321,857,636,262,924,330,518,734]","[2416000,836000,854000,2570000,1791000,733000,2635000,927000,1460000,2078000]",924,16300000,11
24,23,10,"[1147,275,361,222,280,1117,362,306,996,804]","[3257000,758000,1025000,651000,752000,3167000,1025000,857000,2731000,2355000]",1147,16578000,15
24,24,10,"[419,466,548,645,637,259,652,202,648,1314]","[1176000,1304000,1553000,1787000,1811000,739000,1748000,585000,1884000,3810000]",1314,16397000,23
24,25,10,"[684,539,363,934,382,1403,315,265,319,336]","[1952000,1564000,971000,2637000,1100000,4138000,954000,798000,863000,918000]",1403,15895000,13
24,26,10,"[476,377,420,815,372,1055,515,348,641,746]","[1393000,1073000,1188000,2368000,1070000,2929000,1463000,969000,1814000,2108000]",1055,16375000,11
24,27,10,"[948,1017,825,1371,254,333,271,224,258,441]","[2718000,2868000,2296000,3891000,715000,939000,734000,582000,744000,1234000]",1371,16721000,19
24,28,10,"[409,629,633,1075,296,440,310,587,1068,241]","[1193000,1772000,1830000,3132000,879000,1246000,861000,1609000,3006000,647000]",1075,16175000,17
24,29,10,"[565,626,590,655,877,515,494,283,488,558]","[1604000,1762000,1753000,1885000,2499000,1463000,1404000,818000,1397000,1549000]",877,16134000,17
24,30,10,"[375,493,926,292,392,191,313,943,279,1321]","[1112000,1348000,2597000,781000,1114000,550000,882000,2769000,789000,3907000]",1321,15849000,17
24,31,10,"[301,303,997,726,640,218,498,243,130,1414]","[824000,859000,2885000,2025000,1890000,631000,1400000,663000,380000,4183000]",1414,15740000,27
24,32,10,"[699,204,644,358,342,1734,956,334,332,205]","[1980000,598000,1810000,1025000,990000,4929000,2715000,938000,949000,563000]",1734,16497000,23
24,33,10,"[251,427,904,943,360,342,557,504,992,575]","[685000,1197000,2504000,2784000,1014000,997000,1589000,1467000,2725000,1609000]",992,16571000,13
24,34,10,"[852,317,565,550,494,782,579,550,349,626]","[2455000,927000,1634000,1564000,1417000,2195000,1635000,1544000,987000,1787000]",852,16145000,13
24,35,10,"[685,512,456,1011,655,595,428,315,584,483]","[1934000,1445000,1274000,2817000,1955000,1656000,1274000,872000,1695000,1368000]",1011,16290000,11
24,36,10,"[392,835,658,1035,1040,259,305,244,469,537]","[1069000,2316000,1852000,2963000,2943000,692000,867000,722000,1355000,1572000]",1040,16351000,21
24,37,10,"[493,414,586,557,268,1525,495,565,568,443]","[1379000,1128000,1658000,1621000,725000,4211000,1384000,1594000,1689000,1234000]",1525,16623000,19
24,38,10,"[677,597,508,753,1166,474,645,517,207,364]","[1878000,1622000,1440000,2137000,3377000,1321000,1845000,1427000,573000,980000]",1166,16600000,15
24,39,10,"[330,1159,456,395,275,1057,268,427,756,705]","[902000,3356000,1238000,1135000,775000,2948000,815000,1217000,2204000,1932000]",1159,16522000,15
24,40,10,"[769,540,964,568,216,342,400,960,368,558]","[2159000,1567000,2809000,1597000,598000,963000,1121000,2743000,1054000,1609000]",964,16220000,31
25,1,10,"[817,653,877,422,666,377,842,273,818,219]","[2332000,1809000,2515000,1201000,1872000,1059000,2386000,796000,2327000,621000]",877,16918000,15
25,2,10,"[447,332,354,860,732,949,969,454,446,554]","[1258000,943000,995000,2402000,1976000,2650000,2800000,1298000,1234000,1608000]",969,17164000,17
25,3,10,"[399,1215,384,193,139,364,299,725,1456,516]","[1130000,3545000,1054000,548000,386000,1010000,850000,2058000,4297000,1411000]",1456,16289000,13
25,4,10,"[316,476,272,464,322,431,449,773,404,1637]","[911000,1372000,766000,1336000,871000,1253000,1250000,2257000,1120000,4904000]",1637,16040000,15
25,5,10,"[341,445,726,1256,451,380,567,188,445,1276]","[930000,1235000,2032000,3517000,1324000,1081000,1654000,529000,1216000,3551000]",1276,17069000,9
25,6,10,"[262,467,637,484,910,696,363,448,267,1352]","[725000,1318000,1775000,1340000,2624000,1992000,978000,1295000,798000,3844000]",1352,16689000,17
25,7,10,"[355,427,254,1157,254,328,513,779,317,1798]","[1045000,1216000,682000,3289000,694000,896000,1433000,2192000,858000,4999000]",1798,17304000,13
25,8,10,"[1183,855,499,867,767,286,265,221,306,602]","[3316000,2482000,1370000,2570000,2152000,799000,782000,589000,865000,1684000]",1183,16609000,17
25,9,10,"[586,920,914,393,668,803,490,533,446,240]","[1673000,2624000,2542000,1055000,1900000,2242000,1363000,1538000,1334000,675000]",920,16946000,15
25,10,10,"[260,1032,1175,268,486,808,328,517,321,573]","[751000,2898000,3439000,751000,1404000,2306000,937000,1531000,897000,1569000]",1175,16483000,15
25,11,10,"[861,851,419,1079,823,499,258,243,587,302]","[2488000,2416000,1151000,3102000,2292000,1383000,721000,648000,1684000,880000]",1079,16765000,17
25,12,10,"[269,616,294,343,697,299,221,2044,567,637]","[751000,1776000,819000,928000,1994000,817000,617000,5790000,1575000,1817000]",2044,16884000,23
25,13,10,"[229,1083,987,475,478,338,719,440,381,727]","[695000,3006000,2740000,1292000,1341000,970000,2128000,1248000,1071000,2126000]",1083,16617000,15
25,14,10,"[900,408,419,323,691,661,297,353,1448,397]","[2586000,1203000,1198000,908000,1921000,1871000,819000,988000,4114000,1152000]",1448,16760000,17
25,15,10,"[1774,249,508,955,311,217,207,535,402,832]","[5102000,675000,1403000,2633000,887000,614000,565000,1516000,1146000,2363000]",1774,16904000,25
25,16,10,"[749,403,518,861,487,935,533,570,605,351]","[2066000,1136000,1418000,2397000,1366000,2737000,1512000,1677000,1674000,987000]",935,16970000,15
25,17,10,"[280,162,471,828,610,535,954,194,1287,432]","[801000,452000,1304000,2412000,1660000,1477000,2818000,511000,3780000,1228000]",1287,16443000,17
25,18,10,"[917,406,297,269,898,536,399,859,575,532]","[2661000,1127000,813000,712000,2699000,1602000,1142000,2478000,1638000,1469000]",917,16341000,17
25,19,10,"[295,333,1001,595,1051,625,442,752,331,700]","[829000,948000,2791000,1643000,2907000,1746000,1268000,2089000,946000,2005000]",1051,17172000,15
25,20,10,"[544,364,293,939,467,818,1057,248,844,714]","[1513000,968000,775000,2619000,1291000,2302000,2918000,662000,2407000,2047000]",1057,17502000,13
25,21,10,"[489,463,883,904,596,565,467,719,549,457]","[1402000,1229000,2572000,2532000,1687000,1571000,1315000,2028000,1528000,1274000]",904,17138000,15
25,22,10,"[348,510,1014,305,983,321,364,442,609,810]","[1044000,1423000,2963000,852000,2842000,936000,1031000,1307000,1719000,2253000]",1014,16370000,21
25,23,10,"[556,471,318,807,523,668,872,417,648,687]","[1630000,1307000,888000,2327000,1436000,1913000,2468000,1119000,1872000,1936000]",872,16896000,13
25,24,10,"[533,201,633,949,883,296,715,282,931,461]","[1490000,578000,1831000,2773000,2471000,811000,2002000,754000,2771000,1257000]",949,16738000,23
25,25,10,"[769,537,817,551,417,421,829,266,521,782]","[2234000,1503000,2353000,1526000,1120000,1228000,2396000,724000,1456000,2234000]",829,16774000,15
25,26,10,"[756,407,722,1428,490,415,452,671,269,261]","[2105000,1151000,2056000,4153000,1407000,1179000,1291000,1825000,799000,705000]",1428,16671000,13
25,27,10,"[692,555,268,775,837,431,516,393,698,773]","[1975000,1569000,734000,2187000,2367000,1213000,1503000,1107000,1975000,2253000]",837,16883000,15
25,28,10,"[1107,554,1089,293,496,473,595,330,532,325]","[3249000,1515000,3054000,838000,1430000,1329000,1653000,941000,1546000,973000]",1107,16528000,11
25,29,10,"[735,482,271,382,848,521,758,706,974,382]","[2057000,1384000,752000,1064000,2356000,1482000,2111000,2036000,2777000,1043000]",974,17062000,15
25,30,10,"[572,470,324,952,2046,285,279,483,217,443]","[1630000,1327000,976000,2723000,5717000,792000,756000,1344000,593000,1241000]",2046,17099000,19
25,31,10,"[327,676,1393,557,247,535,932,470,344,189]","[921000,1970000,4107000,1560000,705000,1486000,2675000,1314000,994000,537000]",1393,16269000,15
25,32,10,"[473,559,696,588,743,1121,429,580,233,560]","[1271000,1547000,1922000,1638000,2089000,3307000,1259000,1629000,655000,1607000]",1121,16924000,13
25,33,10,"[196,446,239,726,494,482,1026,541,797,980]","[575000,1293000,648000,2094000,1372000,1363000,2894000,1565000,2252000,2755000]",1026,16811000,21
25,34,10,"[630,390,1426,401,284,1214,675,361,236,499]","[1740000,1127000,4073000,1126000,808000,3436000,1891000,986000,648000,1340000]",1426,17175000,23
25,35,10,"[872,872,816,715,420,442,633,320,502,505]","[2458000,2453000,2267000,1977000,1204000,1220000,1773000,926000,1372000,1433000]",872,17083000,13
25,36,10,"[861,417,1008,1010,293,261,295,236,890,380]","[2441000,1185000,2921000,2935000,835000,789000,820000,624000,2615000,1050000]",1010,16215000,17
25,37,10,"[227,703,241,508,235,227,440,1423,529,1166]","[641000,1952000,663000,1487000,624000,598000,1250000,4254000,1467000,3403000]",1423,16339000,17
25,38,10,"[289,415,1530,754,243,388,699,313,560,490]","[819000,1223000,4540000,2156000,714000,1106000,1884000,858000,1603000,1383000]",1530,16286000,17
25,39,10,"[213,409,462,265,480,1465,237,777,651,1005]","[603000,1122000,1274000,721000,1464000,4163000,645000,2198000,1772000,2880000]",1465,16842000,13
25,40,10,"[419,429,525,901,927,286,618,830,560,501]","[1113000,1235000,1500000,2634000,2577000,809000,1752000,2330000,1584000,1413000]",927,16947000,21
26,1,10,"[277,131,283,527,953,594,351,406,575,1967]","[813000,357000,755000,1469000,2704000,1699000,1071000,1153000,1588000,5553000]",1967,17162000,13
26,2,10,"[304,376,290,953,1041,286,951,594,445,865]","[857000,1067000,799000,2718000,2924000,776000,2651000,1653000,1277000,2521000]",1041,17243000,17
26,3,10,"[1200,241,475,199,688,441,302,926,701,503]","[3494000,670000,1391000,529000,1974000,1254000,856000,2674000,2029000,1524000]",1200,16395000,15
26,4,10,"[1091,653,500,279,1035,412,208,382,588,754]","[3082000,1924000,1383000,814000,3064000,1158000,554000,1075000,1608000,2152000]",1091,16814000,19
26,5,10,"[1247,420,220,337,681,240,1006,811,675,462]","[3621000,1190000,601000,944000,1946000,624000,2876000,2271000,1877000,1311000]",1247,17261000,13
26,6,10,"[454,803,335,532,678,610,733,588,273,770]","[1266000,2337000,982000,1520000,1910000,1700000,2133000,1657000,782000,2253000]",803,16540000,19
26,7,10,"[300,379,1686,762,661,687,334,271,742,342]","[856000,1027000,4757000,2109000,1859000,1965000,927000,775000,2089000,975000]",1686,17339000,15
26,8,10,"[576,671,937,366,1259,306,522,321,718,370]","[1611000,1870000,2693000,1067000,3603000,877000,1443000,873000,1955000,1103000]",1259,17095000,19
26,9,10,"[338,276,475,403,563,279,253,1706,1179,411]","[967000,783000,1412000,1096000,1560000,796000,680000,4903000,3367000,1195000]",1706,16759000,25
26,10,10,"[336,663,273,923,791,634,1278,435,331,376]","[921000,1864000,748000,2670000,2272000,1799000,3686000,1212000,916000,1046000]",1278,17134000,19
26,11,10,"[517,522,637,400,647,1190,293,350,852,260]","[1491000,1430000,1843000,1168000,1852000,3543000,880000,1015000,2408000,723000]",1190,16353000,15
26,12,10,"[974,247,556,610,447,255,411,315,638,1358]","[2734000,677000,1620000,1843000,1293000,761000,1112000,890000,1849000,3874000]",1358,16653000,13
26,13,10,"[344,413,340,1072,721,679,988,852,324,479]","[1007000,1170000,958000,2960000,1948000,1936000,2786000,2433000,909000,1319000]",1072,17426000,17
26,14,10,"[599,599,182,357,671,964,733,481,707,643]","[1675000,1726000,523000,1066000,2017000,2657000,2038000,1357000,1956000,1852000]",964,16867000,13
26,15,10,"[713,606,777,284,323,349,962,446,265,1228]","[2087000,1738000,2247000,805000,887000,986000,2737000,1259000,790000,3430000]",1228,16966000,15
26,16,10,"[581,516,392,336,407,217,902,1191,337,1209]","[1666000,1434000,1135000,912000,1204000,605000,2522000,3319000,926000,3498000]",1209,17221000,17
26,17,10,"[324,780,739,783,436,428,425,318,401,1260]","[904000,2211000,2144000,2204000,1265000,1183000,1224000,873000,1136000,3693000]",1260,16837000,17
26,18,10,"[284,1064,1021,555,488,1018,442,249,497,206]","[762000,2942000,2900000,1550000,1427000,3002000,1285000,723000,1464000,592000]",1064,16647000,13
26,19,10,"[558,263,335,366,544,890,287,1199,484,858]","[1551000,725000,910000,986000,1556000,2549000,880000,3574000,1391000,2452000]",1199,16574000,13
26,20,10,"[1124,447,313,463,352,1025,808,410,545,446]","[3241000,1261000,883000,1251000,1077000,3002000,2241000,1213000,1525000,1249000]",1124,16943000,19
26,21,10,"[660,489,676,432,973,551,600,313,192,824]","[1902000,1378000,1934000,1267000,2807000,1603000,1743000,896000,576000,2328000]",973,16434000,17
26,22,10,"[1792,318,334,886,322,264,381,277,384,907]","[5133000,915000,916000,2603000,897000,736000,1081000,817000,1098000,2578000]",1792,16774000,11
26,23,10,"[356,1004,1025,637,225,296,708,891,305,400]","[1018000,2838000,2982000,1796000,608000,830000,2097000,2586000,847000,1142000]",1025,16744000,23
26,24,10,"[349,790,317,325,521,695,248,333,916,1428]","[1010000,2219000,854000,926000,1510000,1953000,689000,958000,2486000,4258000]",1428,16863000,21
26,25,10,"[250,240,875,298,591,358,862,905,577,579]","[719000,685000,2562000,841000,1689000,1018000,2537000,2717000,1695000,1692000]",905,16155000,19
26,26,10,"[243,597,448,465,801,499,453,947,783,721]","[657000,1703000,1226000,1282000,2386000,1407000,1257000,2677000,2250000,2078000]",947,16923000,17
26,27,10,"[444,931,919,432,436,541,540,319,720,601]","[1209000,2655000,2636000,1245000,1271000,1526000,1597000,893000,1983000,1746000]",931,16761000,17
26,28,10,"[631,305,456,392,357,485,398,883,1359,817]","[1809000,862000,1319000,1133000,986000,1350000,1106000,2484000,3834000,2300000]",1359,17183000,9
26,29,10,"[336,395,1119,212,933,499,399,397,452,1027]","[959000,1174000,3220000,581000,2654000,1417000,1144000,1127000,1296000,3008000]",1119,16580000,15
26,30,10,"[725,270,522,748,564,1069,490,530,526,415]","[2104000,753000,1444000,2096000,1665000,3186000,1395000,1472000,1487000,1181000]",1069,16783000,11
26,31,10,"[590,815,911,460,360,328,738,827,335,692]","[1656000,2209000,2629000,1297000,1016000,934000,2113000,2228000,980000,2048000]",911,17110000,13
26,32,10,"[1086,282,332,621,432,323,257,767,1118,724]","[3086000,783000,924000,1733000,1224000,919000,698000,2240000,3170000,2083000]",1118,16860000,15
26,33,10,"[485,883,274,1942,371,349,379,235,346,761]","[1396000,2447000,795000,5557000,998000,962000,1047000,666000,963000,2263000]",1942,17094000,17
26,34,10,"[578,945,533,791,514,1248,374,408,365,427]","[1615000,2616000,1464000,2164000,1472000,3579000,1055000,1170000,1038000,1231000]",1248,17404000,13
26,35,10,"[318,731,1178,307,461,1027,387,472,498,280]","[905000,2112000,3463000,848000,1350000,2882000,1106000,1448000,1408000,812000]",1178,16334000,11
26,36,10,"[336,730,307,278,600,378,1910,366,441,573]","[981000,2031000,817000,744000,1817000,1027000,5452000,1036000,1308000,1644000]",1910,16857000,19
26,37,10,"[493,660,229,525,644,399,1527,413,580,252]","[1433000,1823000,632000,1560000,1807000,1122000,4537000,1216000,1618000,692000]",1527,16440000,21
26,38,10,"[1132,407,804,935,457,297,238,371,672,661]","[3222000,1172000,2277000,2709000,1313000,833000,665000,1036000,1945000,1807000]",1132,16979000,11
26,39,10,"[819,503,489,801,365,397,886,887,694,208]","[2252000,1448000,1397000,2359000,1012000,1155000,2497000,2470000,1952000,584000]",887,17126000,17
26,40,10,"[523,1022,361,255,313,386,668,957,574,828]","[1536000,2915000,1028000,690000,914000,1042000,1915000,2686000,1681000,2413000]",1022,16820000,17
27,1,10,"[667,362,702,565,1002,297,296,589,675,423]","[1941000,1001000,2088000,1586000,2894000,840000,838000,1748000,1947000,1185000]",1002,16068000,23
27,2,10,"[198,1034,686,242,935,921,690,307,555,381]","[555000,2938000,2009000,673000,2582000,2606000,1935000,870000,1584000,1076000]",1034,16828000,17
27,3,10,"[457,332,406,963,602,611,964,211,850,571]","[1250000,1010000,1157000,2736000,1718000,1696000,2744000,617000,2360000,1598000]",964,16886000,13
27,4,10,"[616,739,675,482,409,612,586,1025,294,564]","[1811000,2026000,1836000,1380000,1123000,1680000,1629000,3016000,858000,1544000]",1025,16903000,15
27,5,10,"[1298,565,274,612,463,1018,796,251,246,540]","[3615000,1581000,755000,1788000,1330000,2854000,2221000,721000,636000,1529000]",1298,17030000,15
27,6,10,"[485,751,400,677,1250,363,506,425,486,345]","[1346000,2180000,1211000,1912000,3558000,1017000,1459000,1192000,1387000,1001000]",1250,16263000,23
27,7,10,"[542,439,472,614,460,278,522,1399,704,335]","[1573000,1234000,1403000,1703000,1284000,777000,1508000,4010000,1976000,932000]",1399,16400000,15
27,8,10,"[1109,675,655,587,582,669,606,282,371,336]","[3235000,1898000,1870000,1572000,1628000,1888000,1746000,812000,1063000,948000]",1109,16660000,15
27,9,10,"[316,301,220,385,412,677,680,800,865,1137]","[881000,908000,612000,1105000,1154000,1882000,1884000,2282000,2411000,3346000]",1137,16465000,21
27,10,10,"[450,484,415,673,684,285,595,262,938,1066]","[1296000,1385000,1200000,1875000,1968000,798000,1718000,701000,2609000,3030000]",1066,16580000,21
27,11,10,"[237,431,836,254,548,245,414,817,592,1482]","[680000,1203000,2396000,730000,1582000,645000,1179000,2327000,1639000,4191000]",1482,16572000,17
27,12,10,"[305,391,463,415,328,880,599,352,1337,831]","[860000,1092000,1316000,1149000,905000,2434000,1718000,1051000,3840000,2302000]",1337,16667000,23
27,13,10,"[443,587,486,721,562,711,640,569,427,719]","[1191000,1696000,1325000,2046000,1515000,2092000,1895000,1653000,1238000,2048000]",721,16699000,19
27,14,10,"[684,348,895,359,226,869,775,359,475,802]","[2050000,965000,2462000,1045000,670000,2437000,2258000,1009000,1349000,2272000]",895,16517000,15
27,15,10,"[573,552,395,430,565,933,388,179,539,1154]","[1664000,1538000,1216000,1211000,1579000,2637000,1112000,491000,1548000,3328000]",1154,16324000,15
27,16,10,"[460,321,756,310,821,679,488,401,508,939]","[1329000,907000,2059000,866000,2393000,1953000,1382000,1159000,1544000,2676000]",939,16268000,17
27,17,10,"[1355,302,437,241,979,368,388,763,364,758]","[3842000,824000,1222000,704000,2825000,1027000,1134000,2184000,995000,2090000]",1355,16847000,17
27,18,10,"[362,934,978,390,546,1067,461,313,337,375]","[1043000,2646000,2756000,1126000,1595000,3074000,1277000,916000,932000,1059000]",1067,16424000,13
27,19,10,"[578,1187,670,919,373,367,506,424,497,325]","[1660000,3367000,1856000,2627000,1022000,1104000,1434000,1202000,1375000,961000]",1187,16608000,11
27,20,10,"[639,565,670,656,467,251,1057,433,426,702]","[1807000,1571000,1939000,1889000,1324000,702000,3050000,1204000,1175000,2024000]",1057,16685000,13
27,21,10,"[1524,471,268,271,353,307,1469,526,381,341]","[4193000,1389000,752000,776000,988000,841000,4346000,1394000,1029000,984000]",1524,16692000,19
27,22,10,"[479,386,791,670,708,601,995,385,468,284]","[1356000,1072000,2212000,1917000,2076000,1685000,2965000,1120000,1284000,799000]",995,16486000,15
27,23,10,"[388,377,1026,251,508,397,882,686,353,902]","[1071000,1063000,2824000,706000,1441000,1163000,2635000,1985000,976000,2589000]",1026,16453000,11
27,24,10,"[338,598,167,542,1028,310,1068,198,363,1052]","[981000,1782000,457000,1498000,2883000,903000,3165000,530000,1011000,3016000]",1068,16226000,13
27,25,10,"[571,256,208,580,577,339,341,918,1551,344]","[1649000,727000,563000,1569000,1643000,959000,993000,2600000,4614000,958000]",1551,16275000,17
27,26,10,"[662,897,879,253,319,807,195,961,323,384]","[1959000,2538000,2493000,719000,917000,2298000,528000,2832000,898000,1095000]",961,16277000,19
27,27,10,"[1018,311,359,418,297,757,427,512,1283,456]","[2909000,870000,1041000,1118000,809000,2121000,1199000,1474000,3751000,1266000]",1283,16558000,13
27,28,10,"[510,417,882,688,298,1277,202,438,494,467]","[1497000,1143000,2530000,1941000,869000,3719000,565000,1257000,1384000,1365000]",1277,16270000,19
27,29,10,"[561,506,384,256,581,458,425,587,1003,688]","[1570000,1431000,1149000,711000,1696000,1312000,1207000,1715000,3019000,1993000]",1003,15803000,27
27,30,10,"[676,312,620,507,209,1466,448,341,464,835]","[1924000,894000,1741000,1443000,590000,4204000,1271000,976000,1315000,2333000]",1466,16691000,13
27,31,10,"[498,352,638,786,1098,444,1037,448,431,319]","[1452000,988000,1830000,2140000,3045000,1273000,2923000,1304000,1207000,888000]",1098,17050000,19
27,32,10,"[814,425,297,662,442,541,1182,280,327,915]","[2272000,1178000,827000,1883000,1195000,1493000,3449000,793000,942000,2655000]",1182,16687000,21
27,33,10,"[1199,513,597,949,567,296,267,479,535,640]","[3412000,1412000,1746000,2600000,1569000,762000,747000,1390000,1512000,1843000]",1199,16993000,11
27,34,10,"[851,264,499,1113,263,339,1359,401,317,438]","[2485000,734000,1369000,3194000,763000,902000,3800000,1132000,949000,1232000]",1359,16560000,9
27,35,10,"[330,316,1132,300,548,376,393,902,1162,561]","[894000,869000,3220000,870000,1561000,1065000,1113000,2546000,3246000,1578000]",1162,16962000,11
27,36,10,"[255,716,576,540,771,389,582,690,642,546]","[685000,1980000,1646000,1560000,2189000,1132000,1656000,1986000,1876000,1665000]",771,16375000,31
27,37,10,"[639,640,867,809,363,592,265,542,843,229]","[1841000,1781000,2448000,2313000,1065000,1655000,767000,1541000,2448000,667000]",867,16526000,15
27,38,10,"[627,261,273,677,201,1057,414,392,569,1608]","[1766000,759000,748000,1874000,548000,2990000,1244000,1072000,1589000,4472000]",1608,17062000,19
27,39,10,"[343,232,1056,405,760,483,401,239,559,1236]","[986000,670000,2931000,1171000,2245000,1368000,1125000,629000,1591000,3620000]",1236,16336000,15
27,40,10,"[252,721,227,603,940,476,209,742,852,1001]","[708000,2019000,613000,1660000,2646000,1280000,577000,2132000,2384000,2938000]",1001,16957000,17
28,1,10,"[460,441,1097,884,280,475,739,907,310,400]","[1277000,1236000,3040000,2475000,806000,1432000,2162000,2568000,890000,1107000]",1097,16993000,21
28,2,10,"[534,1731,263,340,162,400,528,319,716,585]","[1545000,5205000,769000,989000,445000,1140000,1492000,920000,2054000,1597000]",1731,16156000,19
28,3,10,"[294,204,369,343,282,536,2241,426,597,720]","[787000,618000,1029000,1011000,763000,1534000,6291000,1196000,1732000,2079000]",2241,17040000,25
28,4,10,"[354,989,274,231,760,990,694,986,410,407]","[987000,2808000,791000,651000,2109000,2895000,1919000,2721000,1169000,1105000]",990,17155000,11
28,5,10,"[325,940,846,598,323,844,396,339,680,677]","[896000,2615000,2452000,1693000,922000,2354000,1128000,975000,1990000,1885000]",940,16910000,15
28,6,10,"[532,803,363,820,251,565,939,472,492,543]","[1532000,2250000,1057000,2481000,721000,1533000,2751000,1325000,1333000,1609000]",939,16592000,13
28,7,10,"[985,330,433,404,595,1131,570,359,818,306]","[2795000,942000,1224000,1158000,1672000,3238000,1567000,1059000,2377000,827000]",1131,16859000,7
28,8,10,"[557,328,437,512,493,539,738,459,775,1049]","[1572000,908000,1201000,1460000,1399000,1532000,2191000,1332000,2178000,3050000]",1049,16823000,15
28,9,10,"[315,597,606,600,421,326,1493,807,452,302]","[909000,1734000,1725000,1701000,1174000,885000,4354000,2307000,1231000,842000]",1493,16862000,9
28,10,10,"[506,343,228,446,1464,1401,345,324,222,688]","[1435000,1013000,601000,1288000,4071000,4083000,953000,889000,654000,1973000]",1464,16960000,19
28,11,10,"[1264,517,207,452,521,604,336,1146,393,295]","[3784000,1473000,576000,1331000,1452000,1679000,955000,3255000,1136000,842000]",1264,16483000,15
28,12,10,"[609,768,984,636,429,788,315,630,400,294]","[1778000,2209000,2755000,1804000,1210000,2259000,860000,1849000,1124000,837000]",984,16685000,11
28,13,10,"[397,371,960,960,446,527,391,428,926,455]","[1178000,1060000,2703000,2730000,1303000,1506000,1115000,1211000,2670000,1278000]",960,16754000,19
28,14,10,"[614,432,574,989,529,260,478,1295,596,471]","[1756000,1192000,1693000,2748000,1460000,685000,1295000,3640000,1631000,1408000]",1295,17508000,15
28,15,10,"[611,322,1053,218,425,752,943,868,569,267]","[1700000,902000,3060000,625000,1204000,2127000,2691000,2415000,1607000,766000]",1053,17097000,11
28,16,10,"[343,542,1789,727,269,327,533,313,279,499]","[994000,1555000,5312000,2054000,753000,952000,1549000,881000,792000,1392000]",1789,16234000,15
28,17,10,"[358,398,788,686,719,272,298,1092,957,284]","[998000,1126000,2248000,1947000,2041000,805000,833000,3141000,2812000,789000]",1092,16740000,21
28,18,10,"[1383,1301,659,427,344,416,200,147,767,396]","[3950000,3677000,1832000,1154000,976000,1246000,541000,405000,2188000,1120000]",1383,17089000,11
28,19,10,"[230,541,305,678,588,298,941,574,834,1146]","[653000,1463000,898000,1888000,1674000,784000,2695000,1575000,2374000,3330000]",1146,17334000,15
28,20,10,"[838,227,358,1097,1121,661,395,339,576,347]","[2514000,628000,967000,3180000,3106000,1898000,1126000,900000,1658000,976000]",1121,16953000,15
28,21,10,"[932,462,653,457,311,310,317,1086,1129,504]","[2608000,1290000,1847000,1273000,883000,895000,832000,3075000,3180000,1440000]",1129,17323000,19
28,22,10,"[343,307,302,523,382,279,426,1011,1756,248]","[989000,846000,814000,1511000,1079000,786000,1197000,2991000,5219000,718000]",1756,16150000,19
28,23,10,"[284,1005,422,571,1006,603,443,329,466,984]","[820000,2930000,1159000,1559000,2856000,1703000,1252000,907000,1293000,2748000]",1006,17227000,7
28,24,10,"[2086,281,394,376,234,612,981,300,290,556]","[5786000,808000,1132000,1097000,636000,1744000,2768000,842000,808000,1609000]",2086,17230000,17
28,25,10,"[430,921,621,326,212,613,1408,813,361,339]","[1214000,2580000,1734000,880000,601000,1727000,4212000,2206000,979000,997000]",1408,17130000,23
28,26,10,"[421,373,815,301,933,619,183,819,1204,301]","[1183000,1040000,2341000,817000,2723000,1724000,504000,2298000,3523000,839000]",1204,16992000,17
28,27,10,"[484,327,1072,623,551,877,392,483,531,635]","[1335000,939000,3179000,1765000,1610000,2453000,1111000,1364000,1460000,1736000]",1072,16952000,27
28,28,10,"[554,649,476,758,452,654,1099,242,969,256]","[1510000,1747000,1354000,2075000,1275000,1891000,3248000,658000,2721000,761000]",1099,17240000,15
28,29,10,"[672,289,643,1028,592,984,555,541,276,597]","[1859000,809000,1798000,2874000,1641000,2904000,1578000,1473000,789000,1681000]",1028,17406000,11
28,30,10,"[1589,540,462,627,307,777,564,333,252,396]","[4654000,1521000,1279000,1760000,896000,2241000,1608000,938000,710000,1110000]",1589,16717000,19
28,31,10,"[329,331,1504,521,819,265,474,1007,318,390]","[906000,947000,4354000,1511000,2328000,749000,1386000,2843000,882000,1035000]",1504,16941000,11
28,32,10,"[330,300,1381,894,331,737,322,423,534,853]","[937000,822000,3886000,2493000,915000,2118000,917000,1194000,1536000,2426000]",1381,17244000,17
28,33,10,"[331,257,519,629,1169,206,839,311,1176,410]","[889000,721000,1430000,1690000,3407000,606000,2495000,878000,3444000,1111000]",1176,16671000,25
28,34,10,"[722,437,638,1170,1168,405,265,645,201,431]","[2054000,1237000,1821000,3279000,3326000,1122000,800000,1749000,588000,1210000]",1170,17186000,11
28,35,10,"[582,436,290,479,362,655,524,1053,1184,226]","[1677000,1238000,847000,1362000,1015000,1829000,1573000,3070000,3382000,660000]",1184,16653000,21
28,36,10,"[831,739,348,338,449,710,804,215,787,613]","[2412000,2042000,1002000,952000,1291000,2077000,2295000,619000,2182000,1805000]",831,16677000,19
28,37,10,"[456,850,215,377,425,299,318,612,460,1992]","[1265000,2377000,673000,1105000,1238000,824000,879000,1740000,1301000,5622000]",1992,17024000,23
28,38,10,"[564,853,428,748,674,333,419,1149,415,471]","[1607000,2361000,1186000,2078000,1943000,959000,1252000,3199000,1162000,1343000]",1149,17090000,9
28,39,10,"[760,773,450,391,421,450,251,829,864,849]","[2073000,2188000,1187000,1147000,1214000,1285000,727000,2357000,2491000,2463000]",864,17132000,13
28,40,10,"[264,1410,221,614,577,736,326,1046,534,307]","[750000,3972000,595000,1737000,1649000,2127000,928000,2944000,1548000,848000]",1410,17098000,19
29,1,10,"[340,897,470,426,771,897,244,501,882,421]","[986000,2584000,1354000,1239000,2142000,2531000,643000,1428000,2526000,1153000]",897,16586000,21
29,2,10,"[280,276,963,647,1236,457,1006,412,435,183]","[746000,783000,2725000,1785000,3516000,1315000,2877000,1116000,1248000,507000]",1236,16618000,17
29,3,10,"[348,951,967,711,692,330,643,290,351,368]","[993000,2651000,2738000,2006000,1963000,955000,1967000,852000,1023000,1048000]",967,16196000,21
29,4,10,"[747,261,497,1086,687,258,621,436,1127,349]","[2072000,739000,1383000,3048000,1842000,694000,1767000,1236000,3249000,966000]",1127,16996000,17
29,5,10,"[665,253,907,401,280,332,313,420,811,1233]","[1869000,687000,2611000,1171000,821000,909000,896000,1165000,2316000,3648000]",1233,16093000,21
29,6,10,"[336,651,336,303,294,294,1160,1177,578,491]","[978000,1826000,978000,874000,826000,851000,3389000,3286000,1682000,1399000]",1177,16089000,23
29,7,10,"[512,1033,753,782,658,237,605,744,372,283]","[1476000,2947000,2137000,2236000,1802000,684000,1672000,2102000,1013000,708000]",1033,16777000,11
29,8,10,"[941,629,555,359,508,935,601,588,496,205]","[2707000,1774000,1612000,1042000,1442000,2578000,1644000,1634000,1511000,584000]",941,16528000,15
29,9,10,"[988,277,373,751,325,523,777,926,527,304]","[2849000,805000,1047000,2155000,896000,1505000,2145000,2685000,1471000,857000]",988,16415000,21
29,10,10,"[521,232,387,438,305,830,672,582,945,762]","[1456000,691000,1093000,1271000,881000,2349000,2008000,1624000,2715000,2140000]",945,16228000,15
29,11,10,"[316,697,1164,367,551,889,455,492,323,393]","[873000,2015000,3379000,1031000,1593000,2509000,1276000,1431000,872000,1144000]",1164,16123000,23
29,12,10,"[409,1218,247,417,316,754,293,1113,512,640]","[1144000,3559000,680000,1176000,869000,2129000,785000,3048000,1482000,1803000]",1218,16675000,25
29,13,10,"[582,717,355,691,271,198,962,934,963,279]","[1609000,1971000,979000,1954000,806000,534000,2668000,2721000,2709000,834000]",963,16785000,13
29,14,10,"[206,1300,369,418,1034,619,417,890,467,207]","[556000,3822000,974000,1194000,2848000,1719000,1176000,2495000,1328000,606000]",1300,16718000,15
29,15,10,"[348,556,1105,508,251,396,311,879,788,535]","[972000,1555000,3122000,1437000,683000,1117000,910000,2598000,2269000,1530000]",1105,16193000,21
29,16,10,"[494,384,292,281,549,246,1593,722,403,326]","[1386000,1096000,826000,832000,1639000,720000,4763000,2032000,1220000,904000]",1593,15418000,19
29,17,10,"[366,378,886,691,1306,611,405,652,77,393]","[1068000,1065000,2528000,1975000,3662000,1767000,1153000,1871000,217000,1080000]",1306,16386000,17
29,18,10,"[379,701,357,579,358,668,673,1067,464,335]","[1067000,2052000,1035000,1664000,1066000,1887000,1929000,3072000,1316000,937000]",1067,16025000,17
29,19,10,"[325,1151,753,355,276,1102,652,328,522,540]","[879000,3181000,2111000,1070000,787000,3071000,1845000,932000,1477000,1510000]",1151,16863000,11
29,20,10,"[579,951,421,485,537,600,811,515,394,386]","[1639000,2777000,1215000,1357000,1528000,1770000,2335000,1506000,1051000,1041000]",951,16219000,15
29,21,10,"[911,709,291,966,349,1294,379,413,417,270]","[2572000,1994000,795000,2748000,1016000,3538000,1075000,1140000,1182000,786000]",1294,16846000,15
29,22,10,"[244,1421,371,822,394,469,260,610,670,757]","[659000,3996000,1081000,2303000,1100000,1321000,775000,1705000,1821000,2110000]",1421,16871000,13
29,23,10,"[617,457,579,595,698,1084,211,645,478,375]","[1725000,1283000,1640000,1682000,1999000,3212000,584000,1800000,1363000,1047000]",1084,16335000,29
29,24,10,"[486,620,584,899,725,421,300,1182,396,310]","[1445000,1698000,1616000,2538000,2047000,1221000,843000,3309000,1078000,888000]",1182,16683000,11
29,25,10,"[1073,968,414,415,294,281,444,1032,830,369]","[2997000,2683000,1220000,1152000,861000,791000,1206000,2877000,2320000,989000]",1073,17096000,13
29,26,10,"[460,608,753,1029,394,770,361,501,568,415]","[1308000,1654000,2084000,2990000,1113000,2186000,1040000,1434000,1602000,1154000]",1029,16565000,17
29,27,10,"[335,266,597,423,385,715,227,1546,344,504]","[970000,730000,1645000,1197000,1111000,2082000,638000,4686000,1009000,1469000]",1546,15537000,23
29,28,10,"[629,1090,635,690,315,399,732,394,482,650]","[1719000,3059000,1799000,1946000,912000,1080000,2186000,1079000,1321000,1807000]",1090,16908000,9
29,29,10,"[482,330,442,376,862,408,876,422,759,726]","[1336000,910000,1247000,1085000,2427000,1222000,2545000,1174000,2223000,2050000]",876,16219000,13
29,30,10,"[1136,620,395,1472,248,346,303,622,455,410]","[3243000,1735000,1056000,4109000,667000,947000,898000,1760000,1253000,1177000]",1472,16845000,13
29,31,10,"[625,489,505,674,1136,302,861,373,482,399]","[1812000,1331000,1424000,1905000,3214000,877000,2439000,1063000,1370000,1097000]",1136,16532000,17
29,32,10,"[443,691,190,975,785,310,299,647,1002,701]","[1276000,1913000,545000,2756000,2143000,847000,856000,1848000,2869000,1913000]",1002,16966000,17
29,33,10,"[559,475,577,581,997,490,460,717,392,535]","[1609000,1313000,1674000,1716000,2892000,1353000,1278000,2007000,1056000,1523000]",997,16421000,17
29,34,10,"[319,270,959,916,530,845,529,366,660,446]","[898000,759000,2704000,2586000,1548000,2372000,1566000,996000,1845000,1306000]",959,16580000,9
29,35,10,"[703,798,884,294,1198,447,307,392,268,701]","[2021000,2275000,2455000,797000,3418000,1261000,848000,1077000,740000,1939000]",1198,16831000,21
29,36,10,"[279,550,1069,612,1202,446,274,503,511,361]","[756000,1535000,3095000,1752000,3322000,1263000,758000,1468000,1497000,1052000]",1202,16498000,15
29,37,10,"[1200,402,405,293,304,544,408,684,833,650]","[3437000,1099000,1096000,832000,907000,1556000,1187000,1968000,2383000,1816000]",1200,16281000,15
29,38,10,"[1134,614,205,595,719,245,347,211,500,1101]","[3224000,1767000,575000,1611000,2145000,672000,982000,601000,1397000,3231000]",1134,16205000,21
29,39,10,"[279,673,488,312,382,1060,992,790,622,342]","[766000,1920000,1358000,857000,1067000,3090000,2827000,2147000,1795000,936000]",1060,16763000,19
29,40,10,"[593,413,501,504,385,341,1153,785,568,492]","[1635000,1214000,1376000,1372000,1123000,947000,3391000,2222000,1619000,1410000]",1153,16309000,17
30,1,10,"[767,817,197,192,590,320,292,300,1500,688]","[2243000,2426000,565000,498000,1714000,883000,830000,863000,4404000,1960000]",1500,16386000,17
30,2,10,"[1053,1024,193,564,477,496,702,733,418,317]","[3073000,2909000,521000,1591000,1302000,1438000,2026000,2022000,1208000,893000]",1053,16983000,19
30,3,10,"[363,663,419,1108,309,206,423,1219,471,440]","[1074000,1945000,1217000,3103000,936000,603000,1185000,3612000,1324000,1278000]",1219,16277000,19
30,4,10,"[496,612,942,356,549,276,393,974,152,969]","[1472000,1802000,2744000,1003000,1535000,795000,1071000,2774000,430000,2837000]",974,16463000,13
30,5,10,"[453,482,541,508,1007,865,345,519,550,429]","[1393000,1412000,1505000,1474000,2954000,2366000,999000,1450000,1571000,1317000]",1007,16441000,15
30,6,10,"[660,1744,567,348,730,832,184,226,264,298]","[1894000,4961000,1746000,1005000,2045000,2384000,512000,624000,711000,887000]",1744,16769000,23
30,7,10,"[559,1178,198,696,341,712,900,517,664,152]","[1585000,3491000,516000,1963000,1021000,1995000,2524000,1409000,1908000,430000]",1178,16842000,21
30,8,10,"[325,558,387,614,861,399,416,464,871,960]","[899000,1599000,1065000,1735000,2406000,1104000,1199000,1316000,2501000,2913000]",960,16737000,13
30,9,10,"[314,484,537,739,1483,461,593,399,544,273]","[905000,1297000,1486000,2164000,4376000,1288000,1704000,1141000,1570000,778000]",1483,16709000,19
30,10,10,"[310,697,713,1038,648,378,618,411,875,260]","[872000,2009000,1942000,2849000,1824000,1064000,1814000,1237000,2584000,754000]",1038,16949000,13
30,11,10,"[287,387,1642,442,598,302,322,1267,274,371]","[826000,1085000,4589000,1264000,1814000,901000,1001000,3536000,770000,1033000]",1642,16819000,15
30,12,10,"[483,945,656,878,478,388,385,446,1120,414]","[1341000,2771000,1846000,2425000,1342000,1064000,1049000,1240000,3239000,1122000]",1120,17439000,13
30,13,10,"[555,871,332,728,662,292,665,1382,308,431]","[1588000,2450000,891000,2094000,1860000,800000,1854000,3894000,862000,1189000]",1382,17482000,17
30,14,10,"[643,657,373,395,719,522,1245,477,486,192]","[1864000,1845000,1077000,1168000,2011000,1510000,3644000,1393000,1424000,549000]",1245,16485000,17
30,15,10,"[309,281,1258,484,341,787,1173,298,635,328]","[902000,815000,3506000,1411000,943000,2244000,3408000,863000,1822000,919000]",1258,16833000,19
30,16,10,"[948,937,327,316,543,638,515,185,545,832]","[2754000,2695000,949000,917000,1572000,1842000,1452000,503000,1604000,2358000]",948,16646000,15
30,17,10,"[1458,234,940,334,553,254,468,433,588,705]","[4050000,638000,2672000,980000,1570000,724000,1368000,1215000,1692000,2037000]",1458,16946000,19
30,18,10,"[226,613,609,929,1068,402,406,514,541,801]","[617000,1790000,1713000,2564000,3078000,1170000,1109000,1454000,1523000,2268000]",1068,17286000,15
30,19,10,"[581,959,752,744,589,451,344,351,483,666]","[1668000,2839000,2130000,2068000,1630000,1298000,980000,988000,1396000,1864000]",959,16861000,15
30,20,10,"[340,846,279,914,279,238,914,424,833,842]","[937000,2344000,822000,2689000,812000,655000,2571000,1205000,2365000,2476000]",914,16876000,13
30,21,10,"[909,376,855,633,517,515,489,917,492,415]","[2505000,1064000,2488000,1803000,1431000,1498000,1400000,2573000,1400000,1190000]",917,17352000,21
30,22,10,"[1088,796,374,290,236,657,816,432,783,291]","[3206000,2330000,1078000,811000,671000,1857000,2301000,1310000,2193000,810000]",1088,16567000,19
30,23,10,"[326,294,218,856,245,956,461,960,666,731]","[910000,838000,605000,2358000,682000,2867000,1274000,2946000,1911000,2092000]",960,16483000,19
30,24,10,"[368,669,534,786,279,676,215,227,1655,373]","[1078000,1902000,1539000,2244000,816000,1972000,607000,602000,4741000,1054000]",1655,16555000,13
30,25,10,"[624,591,682,414,510,594,638,1015,483,372]","[1782000,1719000,1976000,1198000,1473000,1643000,1816000,2876000,1378000,1048000]",1015,16909000,9
30,26,10,"[401,555,312,1093,524,611,803,203,974,344]","[1129000,1538000,867000,3240000,1526000,1774000,2359000,583000,2725000,971000]",1093,16712000,19
30,27,10,"[307,903,350,1516,442,345,700,989,288,163]","[872000,2502000,994000,4315000,1269000,1052000,2009000,2850000,786000,452000]",1516,17101000,25
30,28,10,"[864,854,438,380,903,342,905,265,431,632]","[2461000,2297000,1224000,1094000,2568000,975000,2619000,709000,1240000,1870000]",905,17057000,19
30,29,10,"[449,1022,453,793,462,693,690,358,504,408]","[1272000,3030000,1302000,2239000,1297000,1983000,1891000,1050000,1441000,1176000]",1022,16681000,13
30,30,10,"[508,391,568,279,562,898,350,673,929,930]","[1473000,1106000,1562000,768000,1538000,2513000,951000,1910000,2701000,2698000]",930,17220000,13
30,31,10,"[357,310,332,499,760,1233,445,514,708,822]","[1010000,858000,978000,1425000,2174000,3564000,1237000,1415000,2043000,2343000]",1233,17047000,15
30,32,10,"[442,444,913,245,187,953,1069,762,587,331]","[1261000,1211000,2588000,728000,527000,2749000,3130000,2143000,1614000,950000]",1069,16901000,21
30,33,10,"[1011,902,300,234,485,309,569,709,624,546]","[2959000,2507000,885000,618000,1424000,911000,1648000,2069000,1764000,1641000]",1011,16426000,19
30,34,10,"[692,525,689,254,913,275,311,989,345,959]","[1893000,1521000,2005000,729000,2676000,782000,851000,2774000,1002000,2706000]",989,16939000,23
30,35,10,"[443,884,260,758,347,944,491,963,294,534]","[1268000,2576000,757000,2200000,1008000,2606000,1400000,2783000,830000,1437000]",963,16865000,15
30,36,10,"[526,852,263,938,497,950,536,307,411,653]","[1508000,2457000,736000,2772000,1409000,2698000,1522000,851000,1129000,1873000]",950,16955000,15
30,37,10,"[1107,789,485,376,263,331,517,571,1122,487]","[3122000,2190000,1327000,1072000,742000,923000,1455000,1625000,3272000,1409000]",1122,17137000,15
30,38,10,"[778,181,902,265,412,783,827,227,551,913]","[2219000,487000,2572000,740000,1184000,2292000,2348000,646000,1582000,2689000]",913,16759000,17
30,39,10,"[439,414,650,750,915,937,499,231,910,242]","[1235000,1139000,1885000,2043000,2604000,2762000,1398000,654000,2618000,688000]",937,17026000,13
30,40,10,"[675,213,736,714,211,691,969,836,373,672]","[1883000,597000,2093000,1985000,569000,1887000,2893000,2379000,1020000,1941000]",969,17247000,19
